ARM GAS  /var/folders/98/ctz5mtps7w71v8dr53cf5qg40000gn/T//ccxHhGaC.s 			page 1


   1              		.cpu cortex-m4
   2              		.arch armv7e-m
   3              		.fpu fpv4-sp-d16
   4              		.eabi_attribute 27, 1
   5              		.eabi_attribute 28, 1
   6              		.eabi_attribute 20, 1
   7              		.eabi_attribute 21, 1
   8              		.eabi_attribute 23, 3
   9              		.eabi_attribute 24, 1
  10              		.eabi_attribute 25, 1
  11              		.eabi_attribute 26, 1
  12              		.eabi_attribute 30, 1
  13              		.eabi_attribute 34, 1
  14              		.eabi_attribute 18, 4
  15              		.file	"main.c"
  16              		.text
  17              	.Ltext0:
  18              		.cfi_sections	.debug_frame
  19              		.file 1 "Core/Src/main.c"
  20              		.section	.text.MX_GPIO_Init,"ax",%progbits
  21              		.align	1
  22              		.syntax unified
  23              		.thumb
  24              		.thumb_func
  26              	MX_GPIO_Init:
  27              	.LFB964:
   1:Core/Src/main.c **** 
   2:Core/Src/main.c **** #include "main.h"
   3:Core/Src/main.c **** #include "cmsis_os.h"
   4:Core/Src/main.c **** #include "FreeRTOS.h"
   5:Core/Src/main.c **** #include "task.h"
   6:Core/Src/main.c **** 
   7:Core/Src/main.c **** 
   8:Core/Src/main.c **** 
   9:Core/Src/main.c **** /* Private variables ---------------------------------------------------------*/
  10:Core/Src/main.c **** I2C_HandleTypeDef hi2c1;
  11:Core/Src/main.c **** 
  12:Core/Src/main.c **** IPCC_HandleTypeDef hipcc;
  13:Core/Src/main.c **** 
  14:Core/Src/main.c **** SPI_HandleTypeDef hspi1;
  15:Core/Src/main.c **** 
  16:Core/Src/main.c **** TIM_HandleTypeDef htim1;
  17:Core/Src/main.c **** TIM_HandleTypeDef htim2;
  18:Core/Src/main.c **** 
  19:Core/Src/main.c **** UART_HandleTypeDef huart1;
  20:Core/Src/main.c **** 
  21:Core/Src/main.c **** 
  22:Core/Src/main.c **** 
  23:Core/Src/main.c **** /* Private function prototypes -----------------------------------------------*/
  24:Core/Src/main.c **** void SystemClock_Config(void);
  25:Core/Src/main.c **** void PeriphCommonClock_Config(void);
  26:Core/Src/main.c **** static void MX_GPIO_Init(void);
  27:Core/Src/main.c **** static void MX_I2C1_Init(void);
  28:Core/Src/main.c **** static void MX_IPCC_Init(void);
  29:Core/Src/main.c **** static void MX_SPI1_Init(void);
  30:Core/Src/main.c **** static void MX_TIM1_Init(void);
  31:Core/Src/main.c **** static void MX_TIM2_Init(void);
ARM GAS  /var/folders/98/ctz5mtps7w71v8dr53cf5qg40000gn/T//ccxHhGaC.s 			page 2


  32:Core/Src/main.c **** static void MX_USART1_UART_Init(void);
  33:Core/Src/main.c **** static void MX_RF_Init(void);
  34:Core/Src/main.c **** void StartDefaultTask(void *argument);
  35:Core/Src/main.c **** 
  36:Core/Src/main.c **** 
  37:Core/Src/main.c **** 
  38:Core/Src/main.c **** void BlinkTask(void *pvParameters);
  39:Core/Src/main.c **** 
  40:Core/Src/main.c **** 
  41:Core/Src/main.c **** 
  42:Core/Src/main.c **** 
  43:Core/Src/main.c **** int main(void)
  44:Core/Src/main.c **** {
  45:Core/Src/main.c **** 
  46:Core/Src/main.c ****   
  47:Core/Src/main.c **** 
  48:Core/Src/main.c ****   /* MCU Configuration--------------------------------------------------------*/
  49:Core/Src/main.c **** 
  50:Core/Src/main.c ****   /* Reset of all peripherals, Initializes the Flash interface and the Systick. */
  51:Core/Src/main.c ****   HAL_Init();
  52:Core/Src/main.c **** 
  53:Core/Src/main.c ****   
  54:Core/Src/main.c ****   /* Configure the system clock */
  55:Core/Src/main.c ****   SystemClock_Config();
  56:Core/Src/main.c **** 
  57:Core/Src/main.c ****   /* Configure the peripherals common clocks */
  58:Core/Src/main.c ****   PeriphCommonClock_Config();
  59:Core/Src/main.c **** 
  60:Core/Src/main.c ****   /* IPCC initialisation */
  61:Core/Src/main.c ****   MX_IPCC_Init();
  62:Core/Src/main.c **** 
  63:Core/Src/main.c **** 
  64:Core/Src/main.c ****   /* Initialize all configured peripherals */
  65:Core/Src/main.c ****   MX_GPIO_Init();
  66:Core/Src/main.c ****   MX_I2C1_Init();
  67:Core/Src/main.c ****   MX_SPI1_Init();
  68:Core/Src/main.c ****   MX_TIM1_Init();
  69:Core/Src/main.c ****   MX_TIM2_Init();
  70:Core/Src/main.c ****   MX_USART1_UART_Init();
  71:Core/Src/main.c ****   MX_RF_Init();
  72:Core/Src/main.c ****  
  73:Core/Src/main.c **** 
  74:Core/Src/main.c ****   xTaskCreate(BlinkTask, "Blink", 128, NULL, 1, NULL);
  75:Core/Src/main.c **** 
  76:Core/Src/main.c **** 
  77:Core/Src/main.c **** 
  78:Core/Src/main.c ****   /* Init scheduler */
  79:Core/Src/main.c ****   vTaskStartScheduler();
  80:Core/Src/main.c ****  
  81:Core/Src/main.c ****   
  82:Core/Src/main.c ****   while (1)
  83:Core/Src/main.c ****   {
  84:Core/Src/main.c ****     
  85:Core/Src/main.c ****   }
  86:Core/Src/main.c ****   
  87:Core/Src/main.c **** }
  88:Core/Src/main.c **** 
ARM GAS  /var/folders/98/ctz5mtps7w71v8dr53cf5qg40000gn/T//ccxHhGaC.s 			page 3


  89:Core/Src/main.c **** 
  90:Core/Src/main.c **** 
  91:Core/Src/main.c **** void BlinkTask(void *pvParameters)
  92:Core/Src/main.c **** {
  93:Core/Src/main.c ****   (void) pvParameters;  // unused
  94:Core/Src/main.c **** 
  95:Core/Src/main.c ****   while (1)
  96:Core/Src/main.c ****   {
  97:Core/Src/main.c ****     HAL_GPIO_TogglePin(GPIOB, GPIO_PIN_5);
  98:Core/Src/main.c ****     vTaskDelay(pdMS_TO_TICKS(500)); // задержка 500 мс
  99:Core/Src/main.c ****   }
 100:Core/Src/main.c **** }
 101:Core/Src/main.c **** 
 102:Core/Src/main.c **** 
 103:Core/Src/main.c **** 
 104:Core/Src/main.c **** 
 105:Core/Src/main.c **** 
 106:Core/Src/main.c **** void PeriphCommonClock_Config(void)
 107:Core/Src/main.c **** {
 108:Core/Src/main.c ****   RCC_PeriphCLKInitTypeDef PeriphClkInitStruct = {0};
 109:Core/Src/main.c **** 
 110:Core/Src/main.c ****   /** Initializes the peripherals clock
 111:Core/Src/main.c ****   */
 112:Core/Src/main.c ****   PeriphClkInitStruct.PeriphClockSelection = RCC_PERIPHCLK_SMPS|RCC_PERIPHCLK_RFWAKEUP;
 113:Core/Src/main.c ****   PeriphClkInitStruct.RFWakeUpClockSelection = RCC_RFWKPCLKSOURCE_HSE_DIV1024;
 114:Core/Src/main.c ****   PeriphClkInitStruct.SmpsClockSelection = RCC_SMPSCLKSOURCE_HSI;
 115:Core/Src/main.c ****   PeriphClkInitStruct.SmpsDivSelection = RCC_SMPSCLKDIV_RANGE1;
 116:Core/Src/main.c **** 
 117:Core/Src/main.c ****   if (HAL_RCCEx_PeriphCLKConfig(&PeriphClkInitStruct) != HAL_OK)
 118:Core/Src/main.c ****   {
 119:Core/Src/main.c ****     Error_Handler();
 120:Core/Src/main.c ****   }
 121:Core/Src/main.c **** 
 122:Core/Src/main.c **** }
 123:Core/Src/main.c **** 
 124:Core/Src/main.c **** 
 125:Core/Src/main.c **** static void MX_I2C1_Init(void)
 126:Core/Src/main.c **** {
 127:Core/Src/main.c **** 
 128:Core/Src/main.c ****   
 129:Core/Src/main.c ****   hi2c1.Instance = I2C1;
 130:Core/Src/main.c ****   hi2c1.Init.Timing = 0x00B07CB4;
 131:Core/Src/main.c ****   hi2c1.Init.OwnAddress1 = 0;
 132:Core/Src/main.c ****   hi2c1.Init.AddressingMode = I2C_ADDRESSINGMODE_7BIT;
 133:Core/Src/main.c ****   hi2c1.Init.DualAddressMode = I2C_DUALADDRESS_DISABLE;
 134:Core/Src/main.c ****   hi2c1.Init.OwnAddress2 = 0;
 135:Core/Src/main.c ****   hi2c1.Init.OwnAddress2Masks = I2C_OA2_NOMASK;
 136:Core/Src/main.c ****   hi2c1.Init.GeneralCallMode = I2C_GENERALCALL_DISABLE;
 137:Core/Src/main.c ****   hi2c1.Init.NoStretchMode = I2C_NOSTRETCH_DISABLE;
 138:Core/Src/main.c ****   if (HAL_I2C_Init(&hi2c1) != HAL_OK)
 139:Core/Src/main.c ****   {
 140:Core/Src/main.c ****     Error_Handler();
 141:Core/Src/main.c ****   }
 142:Core/Src/main.c **** 
 143:Core/Src/main.c ****   /** Configure Analogue filter
 144:Core/Src/main.c ****   */
 145:Core/Src/main.c ****   if (HAL_I2CEx_ConfigAnalogFilter(&hi2c1, I2C_ANALOGFILTER_ENABLE) != HAL_OK)
ARM GAS  /var/folders/98/ctz5mtps7w71v8dr53cf5qg40000gn/T//ccxHhGaC.s 			page 4


 146:Core/Src/main.c ****   {
 147:Core/Src/main.c ****     Error_Handler();
 148:Core/Src/main.c ****   }
 149:Core/Src/main.c **** 
 150:Core/Src/main.c ****   /** Configure Digital filter
 151:Core/Src/main.c ****   */
 152:Core/Src/main.c ****   if (HAL_I2CEx_ConfigDigitalFilter(&hi2c1, 0) != HAL_OK)
 153:Core/Src/main.c ****   {
 154:Core/Src/main.c ****     Error_Handler();
 155:Core/Src/main.c ****   }
 156:Core/Src/main.c ****  
 157:Core/Src/main.c **** 
 158:Core/Src/main.c **** }
 159:Core/Src/main.c **** 
 160:Core/Src/main.c **** /**
 161:Core/Src/main.c ****   * @brief IPCC Initialization Function
 162:Core/Src/main.c ****   * @param None
 163:Core/Src/main.c ****   * @retval None
 164:Core/Src/main.c ****   */
 165:Core/Src/main.c **** static void MX_IPCC_Init(void)
 166:Core/Src/main.c **** {
 167:Core/Src/main.c **** 
 168:Core/Src/main.c ****  
 169:Core/Src/main.c ****   hipcc.Instance = IPCC;
 170:Core/Src/main.c ****   if (HAL_IPCC_Init(&hipcc) != HAL_OK)
 171:Core/Src/main.c ****   {
 172:Core/Src/main.c ****     Error_Handler();
 173:Core/Src/main.c ****   }
 174:Core/Src/main.c ****  
 175:Core/Src/main.c **** 
 176:Core/Src/main.c **** }
 177:Core/Src/main.c **** 
 178:Core/Src/main.c **** /**
 179:Core/Src/main.c ****   * @brief RF Initialization Function
 180:Core/Src/main.c ****   * @param None
 181:Core/Src/main.c ****   * @retval None
 182:Core/Src/main.c ****   */
 183:Core/Src/main.c **** static void MX_RF_Init(void)
 184:Core/Src/main.c **** {
 185:Core/Src/main.c **** 
 186:Core/Src/main.c ****   
 187:Core/Src/main.c **** 
 188:Core/Src/main.c **** }
 189:Core/Src/main.c **** 
 190:Core/Src/main.c **** /**
 191:Core/Src/main.c ****   * @brief SPI1 Initialization Function
 192:Core/Src/main.c ****   * @param None
 193:Core/Src/main.c ****   * @retval None
 194:Core/Src/main.c ****   */
 195:Core/Src/main.c **** static void MX_SPI1_Init(void)
 196:Core/Src/main.c **** {
 197:Core/Src/main.c **** 
 198:Core/Src/main.c ****   
 199:Core/Src/main.c ****   /* SPI1 parameter configuration*/
 200:Core/Src/main.c ****   hspi1.Instance = SPI1;
 201:Core/Src/main.c ****   hspi1.Init.Mode = SPI_MODE_MASTER;
 202:Core/Src/main.c ****   hspi1.Init.Direction = SPI_DIRECTION_2LINES;
ARM GAS  /var/folders/98/ctz5mtps7w71v8dr53cf5qg40000gn/T//ccxHhGaC.s 			page 5


 203:Core/Src/main.c ****   hspi1.Init.DataSize = SPI_DATASIZE_4BIT;
 204:Core/Src/main.c ****   hspi1.Init.CLKPolarity = SPI_POLARITY_LOW;
 205:Core/Src/main.c ****   hspi1.Init.CLKPhase = SPI_PHASE_1EDGE;
 206:Core/Src/main.c ****   hspi1.Init.NSS = SPI_NSS_SOFT;
 207:Core/Src/main.c ****   hspi1.Init.BaudRatePrescaler = SPI_BAUDRATEPRESCALER_2;
 208:Core/Src/main.c ****   hspi1.Init.FirstBit = SPI_FIRSTBIT_MSB;
 209:Core/Src/main.c ****   hspi1.Init.TIMode = SPI_TIMODE_DISABLE;
 210:Core/Src/main.c ****   hspi1.Init.CRCCalculation = SPI_CRCCALCULATION_DISABLE;
 211:Core/Src/main.c ****   hspi1.Init.CRCPolynomial = 7;
 212:Core/Src/main.c ****   hspi1.Init.CRCLength = SPI_CRC_LENGTH_DATASIZE;
 213:Core/Src/main.c ****   hspi1.Init.NSSPMode = SPI_NSS_PULSE_ENABLE;
 214:Core/Src/main.c ****   if (HAL_SPI_Init(&hspi1) != HAL_OK)
 215:Core/Src/main.c ****   {
 216:Core/Src/main.c ****     Error_Handler();
 217:Core/Src/main.c ****   }
 218:Core/Src/main.c **** 
 219:Core/Src/main.c **** }
 220:Core/Src/main.c **** 
 221:Core/Src/main.c **** /**
 222:Core/Src/main.c ****   * @brief TIM1 Initialization Function
 223:Core/Src/main.c ****   * @param None
 224:Core/Src/main.c ****   * @retval None
 225:Core/Src/main.c ****   */
 226:Core/Src/main.c **** static void MX_TIM1_Init(void)
 227:Core/Src/main.c **** {
 228:Core/Src/main.c **** 
 229:Core/Src/main.c ****  
 230:Core/Src/main.c ****   TIM_MasterConfigTypeDef sMasterConfig = {0};
 231:Core/Src/main.c ****   TIM_OC_InitTypeDef sConfigOC = {0};
 232:Core/Src/main.c ****   TIM_BreakDeadTimeConfigTypeDef sBreakDeadTimeConfig = {0};
 233:Core/Src/main.c **** 
 234:Core/Src/main.c ****   htim1.Instance = TIM1;
 235:Core/Src/main.c ****   htim1.Init.Prescaler = 0;
 236:Core/Src/main.c ****   htim1.Init.CounterMode = TIM_COUNTERMODE_UP;
 237:Core/Src/main.c ****   htim1.Init.Period = 65535;
 238:Core/Src/main.c ****   htim1.Init.ClockDivision = TIM_CLOCKDIVISION_DIV1;
 239:Core/Src/main.c ****   htim1.Init.RepetitionCounter = 0;
 240:Core/Src/main.c ****   htim1.Init.AutoReloadPreload = TIM_AUTORELOAD_PRELOAD_DISABLE;
 241:Core/Src/main.c ****   if (HAL_TIM_PWM_Init(&htim1) != HAL_OK)
 242:Core/Src/main.c ****   {
 243:Core/Src/main.c ****     Error_Handler();
 244:Core/Src/main.c ****   }
 245:Core/Src/main.c ****   sMasterConfig.MasterOutputTrigger = TIM_TRGO_RESET;
 246:Core/Src/main.c ****   sMasterConfig.MasterOutputTrigger2 = TIM_TRGO2_RESET;
 247:Core/Src/main.c ****   sMasterConfig.MasterSlaveMode = TIM_MASTERSLAVEMODE_DISABLE;
 248:Core/Src/main.c ****   if (HAL_TIMEx_MasterConfigSynchronization(&htim1, &sMasterConfig) != HAL_OK)
 249:Core/Src/main.c ****   {
 250:Core/Src/main.c ****     Error_Handler();
 251:Core/Src/main.c ****   }
 252:Core/Src/main.c ****   sConfigOC.OCMode = TIM_OCMODE_PWM1;
 253:Core/Src/main.c ****   sConfigOC.Pulse = 0;
 254:Core/Src/main.c ****   sConfigOC.OCPolarity = TIM_OCPOLARITY_HIGH;
 255:Core/Src/main.c ****   sConfigOC.OCNPolarity = TIM_OCNPOLARITY_HIGH;
 256:Core/Src/main.c ****   sConfigOC.OCFastMode = TIM_OCFAST_DISABLE;
 257:Core/Src/main.c ****   sConfigOC.OCIdleState = TIM_OCIDLESTATE_RESET;
 258:Core/Src/main.c ****   sConfigOC.OCNIdleState = TIM_OCNIDLESTATE_RESET;
 259:Core/Src/main.c ****   if (HAL_TIM_PWM_ConfigChannel(&htim1, &sConfigOC, TIM_CHANNEL_1) != HAL_OK)
ARM GAS  /var/folders/98/ctz5mtps7w71v8dr53cf5qg40000gn/T//ccxHhGaC.s 			page 6


 260:Core/Src/main.c ****   {
 261:Core/Src/main.c ****     Error_Handler();
 262:Core/Src/main.c ****   }
 263:Core/Src/main.c ****   if (HAL_TIM_PWM_ConfigChannel(&htim1, &sConfigOC, TIM_CHANNEL_2) != HAL_OK)
 264:Core/Src/main.c ****   {
 265:Core/Src/main.c ****     Error_Handler();
 266:Core/Src/main.c ****   }
 267:Core/Src/main.c ****   if (HAL_TIM_PWM_ConfigChannel(&htim1, &sConfigOC, TIM_CHANNEL_3) != HAL_OK)
 268:Core/Src/main.c ****   {
 269:Core/Src/main.c ****     Error_Handler();
 270:Core/Src/main.c ****   }
 271:Core/Src/main.c ****   if (HAL_TIM_PWM_ConfigChannel(&htim1, &sConfigOC, TIM_CHANNEL_4) != HAL_OK)
 272:Core/Src/main.c ****   {
 273:Core/Src/main.c ****     Error_Handler();
 274:Core/Src/main.c ****   }
 275:Core/Src/main.c ****   sBreakDeadTimeConfig.OffStateRunMode = TIM_OSSR_DISABLE;
 276:Core/Src/main.c ****   sBreakDeadTimeConfig.OffStateIDLEMode = TIM_OSSI_DISABLE;
 277:Core/Src/main.c ****   sBreakDeadTimeConfig.LockLevel = TIM_LOCKLEVEL_OFF;
 278:Core/Src/main.c ****   sBreakDeadTimeConfig.DeadTime = 0;
 279:Core/Src/main.c ****   sBreakDeadTimeConfig.BreakState = TIM_BREAK_DISABLE;
 280:Core/Src/main.c ****   sBreakDeadTimeConfig.BreakPolarity = TIM_BREAKPOLARITY_HIGH;
 281:Core/Src/main.c ****   sBreakDeadTimeConfig.BreakFilter = 0;
 282:Core/Src/main.c ****   sBreakDeadTimeConfig.BreakAFMode = TIM_BREAK_AFMODE_INPUT;
 283:Core/Src/main.c ****   sBreakDeadTimeConfig.Break2State = TIM_BREAK2_DISABLE;
 284:Core/Src/main.c ****   sBreakDeadTimeConfig.Break2Polarity = TIM_BREAK2POLARITY_HIGH;
 285:Core/Src/main.c ****   sBreakDeadTimeConfig.Break2Filter = 0;
 286:Core/Src/main.c ****   sBreakDeadTimeConfig.Break2AFMode = TIM_BREAK_AFMODE_INPUT;
 287:Core/Src/main.c ****   sBreakDeadTimeConfig.AutomaticOutput = TIM_AUTOMATICOUTPUT_DISABLE;
 288:Core/Src/main.c ****   if (HAL_TIMEx_ConfigBreakDeadTime(&htim1, &sBreakDeadTimeConfig) != HAL_OK)
 289:Core/Src/main.c ****   {
 290:Core/Src/main.c ****     Error_Handler();
 291:Core/Src/main.c ****   }
 292:Core/Src/main.c ****   
 293:Core/Src/main.c ****   HAL_TIM_MspPostInit(&htim1);
 294:Core/Src/main.c **** 
 295:Core/Src/main.c **** }
 296:Core/Src/main.c **** 
 297:Core/Src/main.c **** /**
 298:Core/Src/main.c ****   * @brief TIM2 Initialization Function
 299:Core/Src/main.c ****   * @param None
 300:Core/Src/main.c ****   * @retval None
 301:Core/Src/main.c ****   */
 302:Core/Src/main.c **** static void MX_TIM2_Init(void)
 303:Core/Src/main.c **** {
 304:Core/Src/main.c **** 
 305:Core/Src/main.c **** 
 306:Core/Src/main.c **** 
 307:Core/Src/main.c ****   TIM_MasterConfigTypeDef sMasterConfig = {0};
 308:Core/Src/main.c ****   TIM_OC_InitTypeDef sConfigOC = {0};
 309:Core/Src/main.c **** 
 310:Core/Src/main.c ****  
 311:Core/Src/main.c ****   htim2.Instance = TIM2;
 312:Core/Src/main.c ****   htim2.Init.Prescaler = 0;
 313:Core/Src/main.c ****   htim2.Init.CounterMode = TIM_COUNTERMODE_UP;
 314:Core/Src/main.c ****   htim2.Init.Period = 4294967295;
 315:Core/Src/main.c ****   htim2.Init.ClockDivision = TIM_CLOCKDIVISION_DIV1;
 316:Core/Src/main.c ****   htim2.Init.AutoReloadPreload = TIM_AUTORELOAD_PRELOAD_DISABLE;
ARM GAS  /var/folders/98/ctz5mtps7w71v8dr53cf5qg40000gn/T//ccxHhGaC.s 			page 7


 317:Core/Src/main.c ****   if (HAL_TIM_PWM_Init(&htim2) != HAL_OK)
 318:Core/Src/main.c ****   {
 319:Core/Src/main.c ****     Error_Handler();
 320:Core/Src/main.c ****   }
 321:Core/Src/main.c ****   sMasterConfig.MasterOutputTrigger = TIM_TRGO_RESET;
 322:Core/Src/main.c ****   sMasterConfig.MasterSlaveMode = TIM_MASTERSLAVEMODE_DISABLE;
 323:Core/Src/main.c ****   if (HAL_TIMEx_MasterConfigSynchronization(&htim2, &sMasterConfig) != HAL_OK)
 324:Core/Src/main.c ****   {
 325:Core/Src/main.c ****     Error_Handler();
 326:Core/Src/main.c ****   }
 327:Core/Src/main.c ****   sConfigOC.OCMode = TIM_OCMODE_PWM1;
 328:Core/Src/main.c ****   sConfigOC.Pulse = 0;
 329:Core/Src/main.c ****   sConfigOC.OCPolarity = TIM_OCPOLARITY_HIGH;
 330:Core/Src/main.c ****   sConfigOC.OCFastMode = TIM_OCFAST_DISABLE;
 331:Core/Src/main.c ****   if (HAL_TIM_PWM_ConfigChannel(&htim2, &sConfigOC, TIM_CHANNEL_1) != HAL_OK)
 332:Core/Src/main.c ****   {
 333:Core/Src/main.c ****     Error_Handler();
 334:Core/Src/main.c ****   }
 335:Core/Src/main.c ****   if (HAL_TIM_PWM_ConfigChannel(&htim2, &sConfigOC, TIM_CHANNEL_2) != HAL_OK)
 336:Core/Src/main.c ****   {
 337:Core/Src/main.c ****     Error_Handler();
 338:Core/Src/main.c ****   }
 339:Core/Src/main.c ****   if (HAL_TIM_PWM_ConfigChannel(&htim2, &sConfigOC, TIM_CHANNEL_3) != HAL_OK)
 340:Core/Src/main.c ****   {
 341:Core/Src/main.c ****     Error_Handler();
 342:Core/Src/main.c ****   }
 343:Core/Src/main.c ****   if (HAL_TIM_PWM_ConfigChannel(&htim2, &sConfigOC, TIM_CHANNEL_4) != HAL_OK)
 344:Core/Src/main.c ****   {
 345:Core/Src/main.c ****     Error_Handler();
 346:Core/Src/main.c ****   }
 347:Core/Src/main.c ****   
 348:Core/Src/main.c ****   HAL_TIM_MspPostInit(&htim2);
 349:Core/Src/main.c **** 
 350:Core/Src/main.c **** }
 351:Core/Src/main.c **** 
 352:Core/Src/main.c **** 
 353:Core/Src/main.c **** static void MX_USART1_UART_Init(void)
 354:Core/Src/main.c **** {
 355:Core/Src/main.c **** 
 356:Core/Src/main.c ****   
 357:Core/Src/main.c ****   huart1.Instance = USART1;
 358:Core/Src/main.c ****   huart1.Init.BaudRate = 115200;
 359:Core/Src/main.c ****   huart1.Init.WordLength = UART_WORDLENGTH_8B;
 360:Core/Src/main.c ****   huart1.Init.StopBits = UART_STOPBITS_1;
 361:Core/Src/main.c ****   huart1.Init.Parity = UART_PARITY_NONE;
 362:Core/Src/main.c ****   huart1.Init.Mode = UART_MODE_TX_RX;
 363:Core/Src/main.c ****   huart1.Init.HwFlowCtl = UART_HWCONTROL_NONE;
 364:Core/Src/main.c ****   huart1.Init.OverSampling = UART_OVERSAMPLING_16;
 365:Core/Src/main.c ****   huart1.Init.OneBitSampling = UART_ONE_BIT_SAMPLE_DISABLE;
 366:Core/Src/main.c ****   huart1.Init.ClockPrescaler = UART_PRESCALER_DIV1;
 367:Core/Src/main.c ****   huart1.AdvancedInit.AdvFeatureInit = UART_ADVFEATURE_NO_INIT;
 368:Core/Src/main.c ****   if (HAL_UART_Init(&huart1) != HAL_OK)
 369:Core/Src/main.c ****   {
 370:Core/Src/main.c ****     Error_Handler();
 371:Core/Src/main.c ****   }
 372:Core/Src/main.c ****   if (HAL_UARTEx_SetTxFifoThreshold(&huart1, UART_TXFIFO_THRESHOLD_1_8) != HAL_OK)
 373:Core/Src/main.c ****   {
ARM GAS  /var/folders/98/ctz5mtps7w71v8dr53cf5qg40000gn/T//ccxHhGaC.s 			page 8


 374:Core/Src/main.c ****     Error_Handler();
 375:Core/Src/main.c ****   }
 376:Core/Src/main.c ****   if (HAL_UARTEx_SetRxFifoThreshold(&huart1, UART_RXFIFO_THRESHOLD_1_8) != HAL_OK)
 377:Core/Src/main.c ****   {
 378:Core/Src/main.c ****     Error_Handler();
 379:Core/Src/main.c ****   }
 380:Core/Src/main.c ****   if (HAL_UARTEx_DisableFifoMode(&huart1) != HAL_OK)
 381:Core/Src/main.c ****   {
 382:Core/Src/main.c ****     Error_Handler();
 383:Core/Src/main.c ****   }
 384:Core/Src/main.c **** 
 385:Core/Src/main.c **** 
 386:Core/Src/main.c **** }
 387:Core/Src/main.c **** 
 388:Core/Src/main.c **** /**
 389:Core/Src/main.c ****   * @brief GPIO Initialization Function
 390:Core/Src/main.c ****   * @param None
 391:Core/Src/main.c ****   * @retval None
 392:Core/Src/main.c ****   */
 393:Core/Src/main.c **** static void MX_GPIO_Init(void)
 394:Core/Src/main.c **** {
  28              		.loc 1 394 1 view -0
  29              		.cfi_startproc
  30              		@ args = 0, pretend = 0, frame = 40
  31              		@ frame_needed = 0, uses_anonymous_args = 0
  32 0000 2DE9F041 		push	{r4, r5, r6, r7, r8, lr}
  33              	.LCFI0:
  34              		.cfi_def_cfa_offset 24
  35              		.cfi_offset 4, -24
  36              		.cfi_offset 5, -20
  37              		.cfi_offset 6, -16
  38              		.cfi_offset 7, -12
  39              		.cfi_offset 8, -8
  40              		.cfi_offset 14, -4
  41 0004 8AB0     		sub	sp, sp, #40
  42              	.LCFI1:
  43              		.cfi_def_cfa_offset 64
 395:Core/Src/main.c ****   GPIO_InitTypeDef GPIO_InitStruct = {0};
  44              		.loc 1 395 3 view .LVU1
  45              		.loc 1 395 20 is_stmt 0 view .LVU2
  46 0006 05AD     		add	r5, sp, #20
  47 0008 0024     		movs	r4, #0
  48 000a 0594     		str	r4, [sp, #20]
  49 000c 0694     		str	r4, [sp, #24]
  50 000e 0794     		str	r4, [sp, #28]
  51 0010 0894     		str	r4, [sp, #32]
  52 0012 0994     		str	r4, [sp, #36]
 396:Core/Src/main.c ****  
 397:Core/Src/main.c **** 
 398:Core/Src/main.c ****   /* GPIO Ports Clock Enable */
 399:Core/Src/main.c ****   __HAL_RCC_GPIOC_CLK_ENABLE();
  53              		.loc 1 399 3 is_stmt 1 view .LVU3
  54              	.LVL0:
  55              	.LBB12:
  56              	.LBI12:
  57              		.file 2 "Drivers/STM32WBxx_HAL_Driver/Inc/stm32wbxx_ll_bus.h"
   1:Drivers/STM32WBxx_HAL_Driver/Inc/stm32wbxx_ll_bus.h **** /**
ARM GAS  /var/folders/98/ctz5mtps7w71v8dr53cf5qg40000gn/T//ccxHhGaC.s 			page 9


   2:Drivers/STM32WBxx_HAL_Driver/Inc/stm32wbxx_ll_bus.h ****   ******************************************************************************
   3:Drivers/STM32WBxx_HAL_Driver/Inc/stm32wbxx_ll_bus.h ****   * @file    stm32wbxx_ll_bus.h
   4:Drivers/STM32WBxx_HAL_Driver/Inc/stm32wbxx_ll_bus.h ****   * @author  MCD Application Team
   5:Drivers/STM32WBxx_HAL_Driver/Inc/stm32wbxx_ll_bus.h ****   * @brief   Header file of BUS LL module.
   6:Drivers/STM32WBxx_HAL_Driver/Inc/stm32wbxx_ll_bus.h ****   ******************************************************************************
   7:Drivers/STM32WBxx_HAL_Driver/Inc/stm32wbxx_ll_bus.h ****   * @attention
   8:Drivers/STM32WBxx_HAL_Driver/Inc/stm32wbxx_ll_bus.h ****   *
   9:Drivers/STM32WBxx_HAL_Driver/Inc/stm32wbxx_ll_bus.h ****   * Copyright (c) 2019 STMicroelectronics.
  10:Drivers/STM32WBxx_HAL_Driver/Inc/stm32wbxx_ll_bus.h ****   * All rights reserved.
  11:Drivers/STM32WBxx_HAL_Driver/Inc/stm32wbxx_ll_bus.h ****   *
  12:Drivers/STM32WBxx_HAL_Driver/Inc/stm32wbxx_ll_bus.h ****   * This software is licensed under terms that can be found in the LICENSE file
  13:Drivers/STM32WBxx_HAL_Driver/Inc/stm32wbxx_ll_bus.h ****   * in the root directory of this software component.
  14:Drivers/STM32WBxx_HAL_Driver/Inc/stm32wbxx_ll_bus.h ****   * If no LICENSE file comes with this software, it is provided AS-IS.
  15:Drivers/STM32WBxx_HAL_Driver/Inc/stm32wbxx_ll_bus.h ****   *
  16:Drivers/STM32WBxx_HAL_Driver/Inc/stm32wbxx_ll_bus.h ****   ******************************************************************************
  17:Drivers/STM32WBxx_HAL_Driver/Inc/stm32wbxx_ll_bus.h ****   @verbatim
  18:Drivers/STM32WBxx_HAL_Driver/Inc/stm32wbxx_ll_bus.h ****                       ##### RCC Limitations #####
  19:Drivers/STM32WBxx_HAL_Driver/Inc/stm32wbxx_ll_bus.h ****   ==============================================================================
  20:Drivers/STM32WBxx_HAL_Driver/Inc/stm32wbxx_ll_bus.h ****     [..]
  21:Drivers/STM32WBxx_HAL_Driver/Inc/stm32wbxx_ll_bus.h ****       A delay between an RCC peripheral clock enable and the effective peripheral
  22:Drivers/STM32WBxx_HAL_Driver/Inc/stm32wbxx_ll_bus.h ****       enabling should be taken into account in order to manage the peripheral read/write
  23:Drivers/STM32WBxx_HAL_Driver/Inc/stm32wbxx_ll_bus.h ****       from/to registers.
  24:Drivers/STM32WBxx_HAL_Driver/Inc/stm32wbxx_ll_bus.h ****       (+) This delay depends on the peripheral mapping.
  25:Drivers/STM32WBxx_HAL_Driver/Inc/stm32wbxx_ll_bus.h ****         (++) AHB & APB peripherals, 1 dummy read is necessary
  26:Drivers/STM32WBxx_HAL_Driver/Inc/stm32wbxx_ll_bus.h **** 
  27:Drivers/STM32WBxx_HAL_Driver/Inc/stm32wbxx_ll_bus.h ****     [..]
  28:Drivers/STM32WBxx_HAL_Driver/Inc/stm32wbxx_ll_bus.h ****       Workarounds:
  29:Drivers/STM32WBxx_HAL_Driver/Inc/stm32wbxx_ll_bus.h ****       (#) For AHB & APB peripherals, a dummy read to the peripheral register has been
  30:Drivers/STM32WBxx_HAL_Driver/Inc/stm32wbxx_ll_bus.h ****           inserted in each LL_{BUS}_GRP{x}_EnableClock() function.
  31:Drivers/STM32WBxx_HAL_Driver/Inc/stm32wbxx_ll_bus.h **** 
  32:Drivers/STM32WBxx_HAL_Driver/Inc/stm32wbxx_ll_bus.h ****   @endverbatim
  33:Drivers/STM32WBxx_HAL_Driver/Inc/stm32wbxx_ll_bus.h ****   ******************************************************************************
  34:Drivers/STM32WBxx_HAL_Driver/Inc/stm32wbxx_ll_bus.h ****   */
  35:Drivers/STM32WBxx_HAL_Driver/Inc/stm32wbxx_ll_bus.h **** 
  36:Drivers/STM32WBxx_HAL_Driver/Inc/stm32wbxx_ll_bus.h **** /* Define to prevent recursive inclusion -------------------------------------*/
  37:Drivers/STM32WBxx_HAL_Driver/Inc/stm32wbxx_ll_bus.h **** #ifndef STM32WBxx_LL_BUS_H
  38:Drivers/STM32WBxx_HAL_Driver/Inc/stm32wbxx_ll_bus.h **** #define STM32WBxx_LL_BUS_H
  39:Drivers/STM32WBxx_HAL_Driver/Inc/stm32wbxx_ll_bus.h **** 
  40:Drivers/STM32WBxx_HAL_Driver/Inc/stm32wbxx_ll_bus.h **** #ifdef __cplusplus
  41:Drivers/STM32WBxx_HAL_Driver/Inc/stm32wbxx_ll_bus.h **** extern "C" {
  42:Drivers/STM32WBxx_HAL_Driver/Inc/stm32wbxx_ll_bus.h **** #endif
  43:Drivers/STM32WBxx_HAL_Driver/Inc/stm32wbxx_ll_bus.h **** 
  44:Drivers/STM32WBxx_HAL_Driver/Inc/stm32wbxx_ll_bus.h **** /* Includes ------------------------------------------------------------------*/
  45:Drivers/STM32WBxx_HAL_Driver/Inc/stm32wbxx_ll_bus.h **** #include "stm32wbxx.h"
  46:Drivers/STM32WBxx_HAL_Driver/Inc/stm32wbxx_ll_bus.h **** 
  47:Drivers/STM32WBxx_HAL_Driver/Inc/stm32wbxx_ll_bus.h **** /** @addtogroup STM32WBxx_LL_Driver
  48:Drivers/STM32WBxx_HAL_Driver/Inc/stm32wbxx_ll_bus.h ****   * @{
  49:Drivers/STM32WBxx_HAL_Driver/Inc/stm32wbxx_ll_bus.h ****   */
  50:Drivers/STM32WBxx_HAL_Driver/Inc/stm32wbxx_ll_bus.h **** 
  51:Drivers/STM32WBxx_HAL_Driver/Inc/stm32wbxx_ll_bus.h **** #if defined(RCC)
  52:Drivers/STM32WBxx_HAL_Driver/Inc/stm32wbxx_ll_bus.h **** 
  53:Drivers/STM32WBxx_HAL_Driver/Inc/stm32wbxx_ll_bus.h **** /** @defgroup BUS_LL BUS
  54:Drivers/STM32WBxx_HAL_Driver/Inc/stm32wbxx_ll_bus.h ****   * @{
  55:Drivers/STM32WBxx_HAL_Driver/Inc/stm32wbxx_ll_bus.h ****   */
  56:Drivers/STM32WBxx_HAL_Driver/Inc/stm32wbxx_ll_bus.h **** 
  57:Drivers/STM32WBxx_HAL_Driver/Inc/stm32wbxx_ll_bus.h **** /* Private types -------------------------------------------------------------*/
  58:Drivers/STM32WBxx_HAL_Driver/Inc/stm32wbxx_ll_bus.h **** /* Private variables ---------------------------------------------------------*/
ARM GAS  /var/folders/98/ctz5mtps7w71v8dr53cf5qg40000gn/T//ccxHhGaC.s 			page 10


  59:Drivers/STM32WBxx_HAL_Driver/Inc/stm32wbxx_ll_bus.h **** 
  60:Drivers/STM32WBxx_HAL_Driver/Inc/stm32wbxx_ll_bus.h **** /* Private constants ---------------------------------------------------------*/
  61:Drivers/STM32WBxx_HAL_Driver/Inc/stm32wbxx_ll_bus.h **** 
  62:Drivers/STM32WBxx_HAL_Driver/Inc/stm32wbxx_ll_bus.h **** /* Private macros ------------------------------------------------------------*/
  63:Drivers/STM32WBxx_HAL_Driver/Inc/stm32wbxx_ll_bus.h **** 
  64:Drivers/STM32WBxx_HAL_Driver/Inc/stm32wbxx_ll_bus.h **** /* Exported types ------------------------------------------------------------*/
  65:Drivers/STM32WBxx_HAL_Driver/Inc/stm32wbxx_ll_bus.h **** 
  66:Drivers/STM32WBxx_HAL_Driver/Inc/stm32wbxx_ll_bus.h **** /* Exported constants --------------------------------------------------------*/
  67:Drivers/STM32WBxx_HAL_Driver/Inc/stm32wbxx_ll_bus.h **** /** @defgroup BUS_LL_Exported_Constants BUS Exported Constants
  68:Drivers/STM32WBxx_HAL_Driver/Inc/stm32wbxx_ll_bus.h ****   * @{
  69:Drivers/STM32WBxx_HAL_Driver/Inc/stm32wbxx_ll_bus.h ****   */
  70:Drivers/STM32WBxx_HAL_Driver/Inc/stm32wbxx_ll_bus.h **** 
  71:Drivers/STM32WBxx_HAL_Driver/Inc/stm32wbxx_ll_bus.h **** /** @defgroup BUS_LL_EC_AHB1_GRP1_PERIPH  AHB1 GRP1 PERIPH
  72:Drivers/STM32WBxx_HAL_Driver/Inc/stm32wbxx_ll_bus.h ****   * @{
  73:Drivers/STM32WBxx_HAL_Driver/Inc/stm32wbxx_ll_bus.h ****   */
  74:Drivers/STM32WBxx_HAL_Driver/Inc/stm32wbxx_ll_bus.h **** #define LL_AHB1_GRP1_PERIPH_ALL            (0xFFFFFFFFU)
  75:Drivers/STM32WBxx_HAL_Driver/Inc/stm32wbxx_ll_bus.h **** 
  76:Drivers/STM32WBxx_HAL_Driver/Inc/stm32wbxx_ll_bus.h **** #define LL_AHB1_GRP1_PERIPH_DMA1           RCC_AHB1ENR_DMA1EN
  77:Drivers/STM32WBxx_HAL_Driver/Inc/stm32wbxx_ll_bus.h **** #if defined(DMA2)
  78:Drivers/STM32WBxx_HAL_Driver/Inc/stm32wbxx_ll_bus.h **** #define LL_AHB1_GRP1_PERIPH_DMA2           RCC_AHB1ENR_DMA2EN
  79:Drivers/STM32WBxx_HAL_Driver/Inc/stm32wbxx_ll_bus.h **** #endif /* DMA2 */
  80:Drivers/STM32WBxx_HAL_Driver/Inc/stm32wbxx_ll_bus.h **** #define LL_AHB1_GRP1_PERIPH_DMAMUX1        RCC_AHB1ENR_DMAMUX1EN
  81:Drivers/STM32WBxx_HAL_Driver/Inc/stm32wbxx_ll_bus.h **** #define LL_AHB1_GRP1_PERIPH_SRAM1          RCC_AHB1SMENR_SRAM1SMEN
  82:Drivers/STM32WBxx_HAL_Driver/Inc/stm32wbxx_ll_bus.h **** #define LL_AHB1_GRP1_PERIPH_CRC            RCC_AHB1ENR_CRCEN
  83:Drivers/STM32WBxx_HAL_Driver/Inc/stm32wbxx_ll_bus.h **** #if defined(TSC)
  84:Drivers/STM32WBxx_HAL_Driver/Inc/stm32wbxx_ll_bus.h **** #define LL_AHB1_GRP1_PERIPH_TSC            RCC_AHB1ENR_TSCEN
  85:Drivers/STM32WBxx_HAL_Driver/Inc/stm32wbxx_ll_bus.h **** #endif /* TSC */
  86:Drivers/STM32WBxx_HAL_Driver/Inc/stm32wbxx_ll_bus.h **** /**
  87:Drivers/STM32WBxx_HAL_Driver/Inc/stm32wbxx_ll_bus.h ****   * @}
  88:Drivers/STM32WBxx_HAL_Driver/Inc/stm32wbxx_ll_bus.h ****   */
  89:Drivers/STM32WBxx_HAL_Driver/Inc/stm32wbxx_ll_bus.h **** 
  90:Drivers/STM32WBxx_HAL_Driver/Inc/stm32wbxx_ll_bus.h **** /** @defgroup BUS_LL_EC_AHB2_GRP1_PERIPH  AHB2 GRP1 PERIPH
  91:Drivers/STM32WBxx_HAL_Driver/Inc/stm32wbxx_ll_bus.h ****   * @{
  92:Drivers/STM32WBxx_HAL_Driver/Inc/stm32wbxx_ll_bus.h ****   */
  93:Drivers/STM32WBxx_HAL_Driver/Inc/stm32wbxx_ll_bus.h **** #define LL_AHB2_GRP1_PERIPH_ALL            (0xFFFFFFFFU)
  94:Drivers/STM32WBxx_HAL_Driver/Inc/stm32wbxx_ll_bus.h **** 
  95:Drivers/STM32WBxx_HAL_Driver/Inc/stm32wbxx_ll_bus.h **** #define LL_AHB2_GRP1_PERIPH_GPIOA          RCC_AHB2ENR_GPIOAEN
  96:Drivers/STM32WBxx_HAL_Driver/Inc/stm32wbxx_ll_bus.h **** #define LL_AHB2_GRP1_PERIPH_GPIOB          RCC_AHB2ENR_GPIOBEN
  97:Drivers/STM32WBxx_HAL_Driver/Inc/stm32wbxx_ll_bus.h **** #define LL_AHB2_GRP1_PERIPH_GPIOC          RCC_AHB2ENR_GPIOCEN
  98:Drivers/STM32WBxx_HAL_Driver/Inc/stm32wbxx_ll_bus.h **** #if defined(GPIOD)
  99:Drivers/STM32WBxx_HAL_Driver/Inc/stm32wbxx_ll_bus.h **** #define LL_AHB2_GRP1_PERIPH_GPIOD          RCC_AHB2ENR_GPIODEN
 100:Drivers/STM32WBxx_HAL_Driver/Inc/stm32wbxx_ll_bus.h **** #endif /* GPIOD */
 101:Drivers/STM32WBxx_HAL_Driver/Inc/stm32wbxx_ll_bus.h **** #define LL_AHB2_GRP1_PERIPH_GPIOE          RCC_AHB2ENR_GPIOEEN
 102:Drivers/STM32WBxx_HAL_Driver/Inc/stm32wbxx_ll_bus.h **** #define LL_AHB2_GRP1_PERIPH_GPIOH          RCC_AHB2ENR_GPIOHEN
 103:Drivers/STM32WBxx_HAL_Driver/Inc/stm32wbxx_ll_bus.h **** #if defined(ADC_SUPPORT_5_MSPS)
 104:Drivers/STM32WBxx_HAL_Driver/Inc/stm32wbxx_ll_bus.h **** #define LL_AHB2_GRP1_PERIPH_ADC            RCC_AHB2ENR_ADCEN
 105:Drivers/STM32WBxx_HAL_Driver/Inc/stm32wbxx_ll_bus.h **** #endif /* ADC_SUPPORT_5_MSPS */
 106:Drivers/STM32WBxx_HAL_Driver/Inc/stm32wbxx_ll_bus.h **** #if defined(AES1)
 107:Drivers/STM32WBxx_HAL_Driver/Inc/stm32wbxx_ll_bus.h **** #define LL_AHB2_GRP1_PERIPH_AES1           RCC_AHB2ENR_AES1EN
 108:Drivers/STM32WBxx_HAL_Driver/Inc/stm32wbxx_ll_bus.h **** #endif /* AES1 */
 109:Drivers/STM32WBxx_HAL_Driver/Inc/stm32wbxx_ll_bus.h **** /**
 110:Drivers/STM32WBxx_HAL_Driver/Inc/stm32wbxx_ll_bus.h ****   * @}
 111:Drivers/STM32WBxx_HAL_Driver/Inc/stm32wbxx_ll_bus.h ****   */
 112:Drivers/STM32WBxx_HAL_Driver/Inc/stm32wbxx_ll_bus.h **** 
 113:Drivers/STM32WBxx_HAL_Driver/Inc/stm32wbxx_ll_bus.h **** /** @defgroup BUS_LL_EC_AHB3_GRP1_PERIPH  AHB3 GRP1 PERIPH
 114:Drivers/STM32WBxx_HAL_Driver/Inc/stm32wbxx_ll_bus.h ****   * @{
 115:Drivers/STM32WBxx_HAL_Driver/Inc/stm32wbxx_ll_bus.h ****   */
ARM GAS  /var/folders/98/ctz5mtps7w71v8dr53cf5qg40000gn/T//ccxHhGaC.s 			page 11


 116:Drivers/STM32WBxx_HAL_Driver/Inc/stm32wbxx_ll_bus.h **** #define LL_AHB3_GRP1_PERIPH_ALL            (0xFFFFFFFFU)
 117:Drivers/STM32WBxx_HAL_Driver/Inc/stm32wbxx_ll_bus.h **** #if defined(QUADSPI)
 118:Drivers/STM32WBxx_HAL_Driver/Inc/stm32wbxx_ll_bus.h **** #define LL_AHB3_GRP1_PERIPH_QUADSPI        RCC_AHB3ENR_QUADSPIEN
 119:Drivers/STM32WBxx_HAL_Driver/Inc/stm32wbxx_ll_bus.h **** #endif /* QUADSPI */
 120:Drivers/STM32WBxx_HAL_Driver/Inc/stm32wbxx_ll_bus.h **** #define LL_AHB3_GRP1_PERIPH_PKA            RCC_AHB3ENR_PKAEN
 121:Drivers/STM32WBxx_HAL_Driver/Inc/stm32wbxx_ll_bus.h **** #define LL_AHB3_GRP1_PERIPH_AES2           RCC_AHB3ENR_AES2EN
 122:Drivers/STM32WBxx_HAL_Driver/Inc/stm32wbxx_ll_bus.h **** #define LL_AHB3_GRP1_PERIPH_RNG            RCC_AHB3ENR_RNGEN
 123:Drivers/STM32WBxx_HAL_Driver/Inc/stm32wbxx_ll_bus.h **** #define LL_AHB3_GRP1_PERIPH_HSEM           RCC_AHB3ENR_HSEMEN
 124:Drivers/STM32WBxx_HAL_Driver/Inc/stm32wbxx_ll_bus.h **** #define LL_AHB3_GRP1_PERIPH_IPCC           RCC_AHB3ENR_IPCCEN
 125:Drivers/STM32WBxx_HAL_Driver/Inc/stm32wbxx_ll_bus.h **** #define LL_AHB3_GRP1_PERIPH_SRAM2          RCC_AHB3SMENR_SRAM2SMEN
 126:Drivers/STM32WBxx_HAL_Driver/Inc/stm32wbxx_ll_bus.h **** #define LL_AHB3_GRP1_PERIPH_FLASH          RCC_AHB3ENR_FLASHEN
 127:Drivers/STM32WBxx_HAL_Driver/Inc/stm32wbxx_ll_bus.h **** /**
 128:Drivers/STM32WBxx_HAL_Driver/Inc/stm32wbxx_ll_bus.h ****   * @}
 129:Drivers/STM32WBxx_HAL_Driver/Inc/stm32wbxx_ll_bus.h ****   */
 130:Drivers/STM32WBxx_HAL_Driver/Inc/stm32wbxx_ll_bus.h **** 
 131:Drivers/STM32WBxx_HAL_Driver/Inc/stm32wbxx_ll_bus.h **** /** @defgroup BUS_LL_EC_APB1_GRP1_PERIPH  APB1 GRP1 PERIPH
 132:Drivers/STM32WBxx_HAL_Driver/Inc/stm32wbxx_ll_bus.h ****   * @{
 133:Drivers/STM32WBxx_HAL_Driver/Inc/stm32wbxx_ll_bus.h ****   */
 134:Drivers/STM32WBxx_HAL_Driver/Inc/stm32wbxx_ll_bus.h **** #define LL_APB1_GRP1_PERIPH_ALL            (0xFFFFFFFFU)
 135:Drivers/STM32WBxx_HAL_Driver/Inc/stm32wbxx_ll_bus.h **** #define LL_APB1_GRP1_PERIPH_TIM2           RCC_APB1ENR1_TIM2EN
 136:Drivers/STM32WBxx_HAL_Driver/Inc/stm32wbxx_ll_bus.h **** #if defined(LCD)
 137:Drivers/STM32WBxx_HAL_Driver/Inc/stm32wbxx_ll_bus.h **** #define LL_APB1_GRP1_PERIPH_LCD            RCC_APB1ENR1_LCDEN
 138:Drivers/STM32WBxx_HAL_Driver/Inc/stm32wbxx_ll_bus.h **** #endif /* LCD */
 139:Drivers/STM32WBxx_HAL_Driver/Inc/stm32wbxx_ll_bus.h **** #define LL_APB1_GRP1_PERIPH_RTCAPB         RCC_APB1ENR1_RTCAPBEN
 140:Drivers/STM32WBxx_HAL_Driver/Inc/stm32wbxx_ll_bus.h **** #define LL_APB1_GRP1_PERIPH_WWDG           RCC_APB1ENR1_WWDGEN
 141:Drivers/STM32WBxx_HAL_Driver/Inc/stm32wbxx_ll_bus.h **** #if defined(SPI2)
 142:Drivers/STM32WBxx_HAL_Driver/Inc/stm32wbxx_ll_bus.h **** #define LL_APB1_GRP1_PERIPH_SPI2           RCC_APB1ENR1_SPI2EN
 143:Drivers/STM32WBxx_HAL_Driver/Inc/stm32wbxx_ll_bus.h **** #endif /* SPI2 */
 144:Drivers/STM32WBxx_HAL_Driver/Inc/stm32wbxx_ll_bus.h **** #define LL_APB1_GRP1_PERIPH_I2C1           RCC_APB1ENR1_I2C1EN
 145:Drivers/STM32WBxx_HAL_Driver/Inc/stm32wbxx_ll_bus.h **** #if defined(I2C3)
 146:Drivers/STM32WBxx_HAL_Driver/Inc/stm32wbxx_ll_bus.h **** #define LL_APB1_GRP1_PERIPH_I2C3           RCC_APB1ENR1_I2C3EN
 147:Drivers/STM32WBxx_HAL_Driver/Inc/stm32wbxx_ll_bus.h **** #endif /* I2C3 */
 148:Drivers/STM32WBxx_HAL_Driver/Inc/stm32wbxx_ll_bus.h **** #if defined(CRS)
 149:Drivers/STM32WBxx_HAL_Driver/Inc/stm32wbxx_ll_bus.h **** #define LL_APB1_GRP1_PERIPH_CRS            RCC_APB1ENR1_CRSEN
 150:Drivers/STM32WBxx_HAL_Driver/Inc/stm32wbxx_ll_bus.h **** #endif /* CRS */
 151:Drivers/STM32WBxx_HAL_Driver/Inc/stm32wbxx_ll_bus.h **** #if defined(USB)
 152:Drivers/STM32WBxx_HAL_Driver/Inc/stm32wbxx_ll_bus.h **** #define LL_APB1_GRP1_PERIPH_USB            RCC_APB1ENR1_USBEN
 153:Drivers/STM32WBxx_HAL_Driver/Inc/stm32wbxx_ll_bus.h **** #endif /* USB */
 154:Drivers/STM32WBxx_HAL_Driver/Inc/stm32wbxx_ll_bus.h **** #define LL_APB1_GRP1_PERIPH_LPTIM1         RCC_APB1ENR1_LPTIM1EN
 155:Drivers/STM32WBxx_HAL_Driver/Inc/stm32wbxx_ll_bus.h **** /**
 156:Drivers/STM32WBxx_HAL_Driver/Inc/stm32wbxx_ll_bus.h ****   * @}
 157:Drivers/STM32WBxx_HAL_Driver/Inc/stm32wbxx_ll_bus.h ****   */
 158:Drivers/STM32WBxx_HAL_Driver/Inc/stm32wbxx_ll_bus.h **** 
 159:Drivers/STM32WBxx_HAL_Driver/Inc/stm32wbxx_ll_bus.h **** 
 160:Drivers/STM32WBxx_HAL_Driver/Inc/stm32wbxx_ll_bus.h **** /** @defgroup BUS_LL_EC_APB1_GRP2_PERIPH  APB1 GRP2 PERIPH
 161:Drivers/STM32WBxx_HAL_Driver/Inc/stm32wbxx_ll_bus.h ****   * @{
 162:Drivers/STM32WBxx_HAL_Driver/Inc/stm32wbxx_ll_bus.h ****   */
 163:Drivers/STM32WBxx_HAL_Driver/Inc/stm32wbxx_ll_bus.h **** #define LL_APB1_GRP2_PERIPH_ALL            (0xFFFFFFFFU)
 164:Drivers/STM32WBxx_HAL_Driver/Inc/stm32wbxx_ll_bus.h **** 
 165:Drivers/STM32WBxx_HAL_Driver/Inc/stm32wbxx_ll_bus.h **** #if defined(LPUART1)
 166:Drivers/STM32WBxx_HAL_Driver/Inc/stm32wbxx_ll_bus.h **** #define LL_APB1_GRP2_PERIPH_LPUART1        RCC_APB1ENR2_LPUART1EN
 167:Drivers/STM32WBxx_HAL_Driver/Inc/stm32wbxx_ll_bus.h **** #endif /* LPUART1 */
 168:Drivers/STM32WBxx_HAL_Driver/Inc/stm32wbxx_ll_bus.h **** #define LL_APB1_GRP2_PERIPH_LPTIM2         RCC_APB1ENR2_LPTIM2EN
 169:Drivers/STM32WBxx_HAL_Driver/Inc/stm32wbxx_ll_bus.h **** /**
 170:Drivers/STM32WBxx_HAL_Driver/Inc/stm32wbxx_ll_bus.h ****   * @}
 171:Drivers/STM32WBxx_HAL_Driver/Inc/stm32wbxx_ll_bus.h ****   */
 172:Drivers/STM32WBxx_HAL_Driver/Inc/stm32wbxx_ll_bus.h **** 
ARM GAS  /var/folders/98/ctz5mtps7w71v8dr53cf5qg40000gn/T//ccxHhGaC.s 			page 12


 173:Drivers/STM32WBxx_HAL_Driver/Inc/stm32wbxx_ll_bus.h **** /** @defgroup BUS_LL_EC_APB2_GRP1_PERIPH  APB2 GRP1 PERIPH
 174:Drivers/STM32WBxx_HAL_Driver/Inc/stm32wbxx_ll_bus.h ****   * @{
 175:Drivers/STM32WBxx_HAL_Driver/Inc/stm32wbxx_ll_bus.h ****   */
 176:Drivers/STM32WBxx_HAL_Driver/Inc/stm32wbxx_ll_bus.h **** #define LL_APB2_GRP1_PERIPH_ALL            (0xFFFFFFFFU)
 177:Drivers/STM32WBxx_HAL_Driver/Inc/stm32wbxx_ll_bus.h **** 
 178:Drivers/STM32WBxx_HAL_Driver/Inc/stm32wbxx_ll_bus.h **** #if defined(ADC_SUPPORT_2_5_MSPS)
 179:Drivers/STM32WBxx_HAL_Driver/Inc/stm32wbxx_ll_bus.h **** #define LL_APB2_GRP1_PERIPH_ADC            RCC_APB2ENR_ADCEN
 180:Drivers/STM32WBxx_HAL_Driver/Inc/stm32wbxx_ll_bus.h **** #endif /* ADC_SUPPORT_2_5_MSPS */
 181:Drivers/STM32WBxx_HAL_Driver/Inc/stm32wbxx_ll_bus.h **** #define LL_APB2_GRP1_PERIPH_TIM1           RCC_APB2ENR_TIM1EN
 182:Drivers/STM32WBxx_HAL_Driver/Inc/stm32wbxx_ll_bus.h **** #define LL_APB2_GRP1_PERIPH_SPI1           RCC_APB2ENR_SPI1EN
 183:Drivers/STM32WBxx_HAL_Driver/Inc/stm32wbxx_ll_bus.h **** #define LL_APB2_GRP1_PERIPH_USART1         RCC_APB2ENR_USART1EN
 184:Drivers/STM32WBxx_HAL_Driver/Inc/stm32wbxx_ll_bus.h **** #if defined(TIM16)
 185:Drivers/STM32WBxx_HAL_Driver/Inc/stm32wbxx_ll_bus.h **** #define LL_APB2_GRP1_PERIPH_TIM16          RCC_APB2ENR_TIM16EN
 186:Drivers/STM32WBxx_HAL_Driver/Inc/stm32wbxx_ll_bus.h **** #endif /* TIM16 */
 187:Drivers/STM32WBxx_HAL_Driver/Inc/stm32wbxx_ll_bus.h **** #if defined(TIM17)
 188:Drivers/STM32WBxx_HAL_Driver/Inc/stm32wbxx_ll_bus.h **** #define LL_APB2_GRP1_PERIPH_TIM17          RCC_APB2ENR_TIM17EN
 189:Drivers/STM32WBxx_HAL_Driver/Inc/stm32wbxx_ll_bus.h **** #endif /* TIM17 */
 190:Drivers/STM32WBxx_HAL_Driver/Inc/stm32wbxx_ll_bus.h **** #if defined(SAI1)
 191:Drivers/STM32WBxx_HAL_Driver/Inc/stm32wbxx_ll_bus.h **** #define LL_APB2_GRP1_PERIPH_SAI1           RCC_APB2ENR_SAI1EN
 192:Drivers/STM32WBxx_HAL_Driver/Inc/stm32wbxx_ll_bus.h **** #endif /* SAI1 */
 193:Drivers/STM32WBxx_HAL_Driver/Inc/stm32wbxx_ll_bus.h **** /**
 194:Drivers/STM32WBxx_HAL_Driver/Inc/stm32wbxx_ll_bus.h ****   * @}
 195:Drivers/STM32WBxx_HAL_Driver/Inc/stm32wbxx_ll_bus.h ****   */
 196:Drivers/STM32WBxx_HAL_Driver/Inc/stm32wbxx_ll_bus.h **** 
 197:Drivers/STM32WBxx_HAL_Driver/Inc/stm32wbxx_ll_bus.h **** /** @defgroup BUS_LL_EC_APB3_GRP1_PERIPH  APB3 GRP1 PERIPH
 198:Drivers/STM32WBxx_HAL_Driver/Inc/stm32wbxx_ll_bus.h ****   * @{
 199:Drivers/STM32WBxx_HAL_Driver/Inc/stm32wbxx_ll_bus.h ****   */
 200:Drivers/STM32WBxx_HAL_Driver/Inc/stm32wbxx_ll_bus.h **** #define LL_APB3_GRP1_PERIPH_ALL            (0xFFFFFFFFU)
 201:Drivers/STM32WBxx_HAL_Driver/Inc/stm32wbxx_ll_bus.h **** #define LL_APB3_GRP1_PERIPH_RF             RCC_APB3RSTR_RFRST
 202:Drivers/STM32WBxx_HAL_Driver/Inc/stm32wbxx_ll_bus.h **** /**
 203:Drivers/STM32WBxx_HAL_Driver/Inc/stm32wbxx_ll_bus.h ****   * @}
 204:Drivers/STM32WBxx_HAL_Driver/Inc/stm32wbxx_ll_bus.h ****   */
 205:Drivers/STM32WBxx_HAL_Driver/Inc/stm32wbxx_ll_bus.h **** 
 206:Drivers/STM32WBxx_HAL_Driver/Inc/stm32wbxx_ll_bus.h **** 
 207:Drivers/STM32WBxx_HAL_Driver/Inc/stm32wbxx_ll_bus.h **** /** @defgroup BUS_LL_EC_C2_AHB1_GRP1_PERIPH  C2 AHB1 GRP1 PERIPH
 208:Drivers/STM32WBxx_HAL_Driver/Inc/stm32wbxx_ll_bus.h ****   * @{
 209:Drivers/STM32WBxx_HAL_Driver/Inc/stm32wbxx_ll_bus.h ****   */
 210:Drivers/STM32WBxx_HAL_Driver/Inc/stm32wbxx_ll_bus.h **** #define LL_C2_AHB1_GRP1_PERIPH_DMA1         RCC_C2AHB1ENR_DMA1EN
 211:Drivers/STM32WBxx_HAL_Driver/Inc/stm32wbxx_ll_bus.h **** #if defined(DMA2)
 212:Drivers/STM32WBxx_HAL_Driver/Inc/stm32wbxx_ll_bus.h **** #define LL_C2_AHB1_GRP1_PERIPH_DMA2         RCC_C2AHB1ENR_DMA2EN
 213:Drivers/STM32WBxx_HAL_Driver/Inc/stm32wbxx_ll_bus.h **** #endif /* DMA2 */
 214:Drivers/STM32WBxx_HAL_Driver/Inc/stm32wbxx_ll_bus.h **** #define LL_C2_AHB1_GRP1_PERIPH_DMAMUX1      RCC_C2AHB1ENR_DMAMUX1EN
 215:Drivers/STM32WBxx_HAL_Driver/Inc/stm32wbxx_ll_bus.h **** #define LL_C2_AHB1_GRP1_PERIPH_SRAM1        RCC_C2AHB1ENR_SRAM1EN
 216:Drivers/STM32WBxx_HAL_Driver/Inc/stm32wbxx_ll_bus.h **** #define LL_C2_AHB1_GRP1_PERIPH_CRC          RCC_C2AHB1ENR_CRCEN
 217:Drivers/STM32WBxx_HAL_Driver/Inc/stm32wbxx_ll_bus.h **** #if defined(TSC)
 218:Drivers/STM32WBxx_HAL_Driver/Inc/stm32wbxx_ll_bus.h **** #define LL_C2_AHB1_GRP1_PERIPH_TSC          RCC_C2AHB1ENR_TSCEN
 219:Drivers/STM32WBxx_HAL_Driver/Inc/stm32wbxx_ll_bus.h **** #endif /* TSC */
 220:Drivers/STM32WBxx_HAL_Driver/Inc/stm32wbxx_ll_bus.h **** /**
 221:Drivers/STM32WBxx_HAL_Driver/Inc/stm32wbxx_ll_bus.h ****   * @}
 222:Drivers/STM32WBxx_HAL_Driver/Inc/stm32wbxx_ll_bus.h ****   */
 223:Drivers/STM32WBxx_HAL_Driver/Inc/stm32wbxx_ll_bus.h **** 
 224:Drivers/STM32WBxx_HAL_Driver/Inc/stm32wbxx_ll_bus.h **** 
 225:Drivers/STM32WBxx_HAL_Driver/Inc/stm32wbxx_ll_bus.h **** /** @defgroup BUS_LL_EC_C2_AHB2_GRP1_PERIPH  C2 AHB2 GRP1 PERIPH
 226:Drivers/STM32WBxx_HAL_Driver/Inc/stm32wbxx_ll_bus.h ****   * @{
 227:Drivers/STM32WBxx_HAL_Driver/Inc/stm32wbxx_ll_bus.h ****   */
 228:Drivers/STM32WBxx_HAL_Driver/Inc/stm32wbxx_ll_bus.h **** #define LL_C2_AHB2_GRP1_PERIPH_GPIOA        RCC_C2AHB2ENR_GPIOAEN
 229:Drivers/STM32WBxx_HAL_Driver/Inc/stm32wbxx_ll_bus.h **** #define LL_C2_AHB2_GRP1_PERIPH_GPIOB        RCC_C2AHB2ENR_GPIOBEN
ARM GAS  /var/folders/98/ctz5mtps7w71v8dr53cf5qg40000gn/T//ccxHhGaC.s 			page 13


 230:Drivers/STM32WBxx_HAL_Driver/Inc/stm32wbxx_ll_bus.h **** #define LL_C2_AHB2_GRP1_PERIPH_GPIOC        RCC_C2AHB2ENR_GPIOCEN
 231:Drivers/STM32WBxx_HAL_Driver/Inc/stm32wbxx_ll_bus.h **** #if defined(GPIOD)
 232:Drivers/STM32WBxx_HAL_Driver/Inc/stm32wbxx_ll_bus.h **** #define LL_C2_AHB2_GRP1_PERIPH_GPIOD        RCC_C2AHB2ENR_GPIODEN
 233:Drivers/STM32WBxx_HAL_Driver/Inc/stm32wbxx_ll_bus.h **** #endif /* GPIOD */
 234:Drivers/STM32WBxx_HAL_Driver/Inc/stm32wbxx_ll_bus.h **** #define LL_C2_AHB2_GRP1_PERIPH_GPIOE        RCC_C2AHB2ENR_GPIOEEN
 235:Drivers/STM32WBxx_HAL_Driver/Inc/stm32wbxx_ll_bus.h **** #define LL_C2_AHB2_GRP1_PERIPH_GPIOH        RCC_C2AHB2ENR_GPIOHEN
 236:Drivers/STM32WBxx_HAL_Driver/Inc/stm32wbxx_ll_bus.h **** #if defined(ADC_SUPPORT_5_MSPS)
 237:Drivers/STM32WBxx_HAL_Driver/Inc/stm32wbxx_ll_bus.h **** #define LL_C2_AHB2_GRP1_PERIPH_ADC          RCC_C2AHB2ENR_ADCEN
 238:Drivers/STM32WBxx_HAL_Driver/Inc/stm32wbxx_ll_bus.h **** #endif /* ADC_SUPPORT_5_MSPS */
 239:Drivers/STM32WBxx_HAL_Driver/Inc/stm32wbxx_ll_bus.h **** #if defined(AES1)
 240:Drivers/STM32WBxx_HAL_Driver/Inc/stm32wbxx_ll_bus.h **** #define LL_C2_AHB2_GRP1_PERIPH_AES1         RCC_C2AHB2ENR_AES1EN
 241:Drivers/STM32WBxx_HAL_Driver/Inc/stm32wbxx_ll_bus.h **** #endif /* AES1 */
 242:Drivers/STM32WBxx_HAL_Driver/Inc/stm32wbxx_ll_bus.h **** /**
 243:Drivers/STM32WBxx_HAL_Driver/Inc/stm32wbxx_ll_bus.h ****   * @}
 244:Drivers/STM32WBxx_HAL_Driver/Inc/stm32wbxx_ll_bus.h ****   */
 245:Drivers/STM32WBxx_HAL_Driver/Inc/stm32wbxx_ll_bus.h **** 
 246:Drivers/STM32WBxx_HAL_Driver/Inc/stm32wbxx_ll_bus.h **** 
 247:Drivers/STM32WBxx_HAL_Driver/Inc/stm32wbxx_ll_bus.h **** /** @defgroup BUS_LL_EC_C2_AHB3_GRP1_PERIPH  C2 AHB3 GRP1 PERIPH
 248:Drivers/STM32WBxx_HAL_Driver/Inc/stm32wbxx_ll_bus.h ****   * @{
 249:Drivers/STM32WBxx_HAL_Driver/Inc/stm32wbxx_ll_bus.h ****   */
 250:Drivers/STM32WBxx_HAL_Driver/Inc/stm32wbxx_ll_bus.h **** #define LL_C2_AHB3_GRP1_PERIPH_PKA          RCC_C2AHB3ENR_PKAEN
 251:Drivers/STM32WBxx_HAL_Driver/Inc/stm32wbxx_ll_bus.h **** #define LL_C2_AHB3_GRP1_PERIPH_AES2         RCC_C2AHB3ENR_AES2EN
 252:Drivers/STM32WBxx_HAL_Driver/Inc/stm32wbxx_ll_bus.h **** #define LL_C2_AHB3_GRP1_PERIPH_RNG          RCC_C2AHB3ENR_RNGEN
 253:Drivers/STM32WBxx_HAL_Driver/Inc/stm32wbxx_ll_bus.h **** #define LL_C2_AHB3_GRP1_PERIPH_HSEM         RCC_C2AHB3ENR_HSEMEN
 254:Drivers/STM32WBxx_HAL_Driver/Inc/stm32wbxx_ll_bus.h **** #define LL_C2_AHB3_GRP1_PERIPH_IPCC         RCC_C2AHB3ENR_IPCCEN
 255:Drivers/STM32WBxx_HAL_Driver/Inc/stm32wbxx_ll_bus.h **** #define LL_C2_AHB3_GRP1_PERIPH_FLASH        RCC_C2AHB3ENR_FLASHEN
 256:Drivers/STM32WBxx_HAL_Driver/Inc/stm32wbxx_ll_bus.h **** #define LL_C2_AHB3_GRP1_PERIPH_SRAM2        RCC_C2AHB3SMENR_SRAM2SMEN
 257:Drivers/STM32WBxx_HAL_Driver/Inc/stm32wbxx_ll_bus.h **** /**
 258:Drivers/STM32WBxx_HAL_Driver/Inc/stm32wbxx_ll_bus.h ****   * @}
 259:Drivers/STM32WBxx_HAL_Driver/Inc/stm32wbxx_ll_bus.h ****   */
 260:Drivers/STM32WBxx_HAL_Driver/Inc/stm32wbxx_ll_bus.h **** 
 261:Drivers/STM32WBxx_HAL_Driver/Inc/stm32wbxx_ll_bus.h **** 
 262:Drivers/STM32WBxx_HAL_Driver/Inc/stm32wbxx_ll_bus.h **** /** @defgroup BUS_LL_EC_C2_APB1_GRP1_PERIPH  C2 APB1 GRP1 PERIPH
 263:Drivers/STM32WBxx_HAL_Driver/Inc/stm32wbxx_ll_bus.h ****   * @{
 264:Drivers/STM32WBxx_HAL_Driver/Inc/stm32wbxx_ll_bus.h ****   */
 265:Drivers/STM32WBxx_HAL_Driver/Inc/stm32wbxx_ll_bus.h **** #define LL_C2_APB1_GRP1_PERIPH_TIM2         RCC_C2APB1ENR1_TIM2EN
 266:Drivers/STM32WBxx_HAL_Driver/Inc/stm32wbxx_ll_bus.h **** #if defined(LCD)
 267:Drivers/STM32WBxx_HAL_Driver/Inc/stm32wbxx_ll_bus.h **** #define LL_C2_APB1_GRP1_PERIPH_LCD          RCC_C2APB1ENR1_LCDEN
 268:Drivers/STM32WBxx_HAL_Driver/Inc/stm32wbxx_ll_bus.h **** #endif /* LCD */
 269:Drivers/STM32WBxx_HAL_Driver/Inc/stm32wbxx_ll_bus.h **** #define LL_C2_APB1_GRP1_PERIPH_RTCAPB       RCC_C2APB1ENR1_RTCAPBEN
 270:Drivers/STM32WBxx_HAL_Driver/Inc/stm32wbxx_ll_bus.h **** #if defined(SPI2)
 271:Drivers/STM32WBxx_HAL_Driver/Inc/stm32wbxx_ll_bus.h **** #define LL_C2_APB1_GRP1_PERIPH_SPI2         RCC_C2APB1ENR1_SPI2EN
 272:Drivers/STM32WBxx_HAL_Driver/Inc/stm32wbxx_ll_bus.h **** #endif /* SPI2 */
 273:Drivers/STM32WBxx_HAL_Driver/Inc/stm32wbxx_ll_bus.h **** #define LL_C2_APB1_GRP1_PERIPH_I2C1         RCC_C2APB1ENR1_I2C1EN
 274:Drivers/STM32WBxx_HAL_Driver/Inc/stm32wbxx_ll_bus.h **** #if defined(I2C3)
 275:Drivers/STM32WBxx_HAL_Driver/Inc/stm32wbxx_ll_bus.h **** #define LL_C2_APB1_GRP1_PERIPH_I2C3         RCC_C2APB1ENR1_I2C3EN
 276:Drivers/STM32WBxx_HAL_Driver/Inc/stm32wbxx_ll_bus.h **** #define LL_C2_APB1_GRP1_PERIPH_CRS          RCC_C2APB1ENR1_CRSEN
 277:Drivers/STM32WBxx_HAL_Driver/Inc/stm32wbxx_ll_bus.h **** #define LL_C2_APB1_GRP1_PERIPH_USB          RCC_C2APB1ENR1_USBEN
 278:Drivers/STM32WBxx_HAL_Driver/Inc/stm32wbxx_ll_bus.h **** #endif /* I2C3 */
 279:Drivers/STM32WBxx_HAL_Driver/Inc/stm32wbxx_ll_bus.h **** #define LL_C2_APB1_GRP1_PERIPH_LPTIM1       RCC_C2APB1ENR1_LPTIM1EN
 280:Drivers/STM32WBxx_HAL_Driver/Inc/stm32wbxx_ll_bus.h **** /**
 281:Drivers/STM32WBxx_HAL_Driver/Inc/stm32wbxx_ll_bus.h ****   * @}
 282:Drivers/STM32WBxx_HAL_Driver/Inc/stm32wbxx_ll_bus.h ****   */
 283:Drivers/STM32WBxx_HAL_Driver/Inc/stm32wbxx_ll_bus.h **** 
 284:Drivers/STM32WBxx_HAL_Driver/Inc/stm32wbxx_ll_bus.h **** 
 285:Drivers/STM32WBxx_HAL_Driver/Inc/stm32wbxx_ll_bus.h **** /** @defgroup BUS_LL_EC_C2_APB1_GRP2_PERIPH  C2 APB1 GRP2 PERIPH
 286:Drivers/STM32WBxx_HAL_Driver/Inc/stm32wbxx_ll_bus.h ****   * @{
ARM GAS  /var/folders/98/ctz5mtps7w71v8dr53cf5qg40000gn/T//ccxHhGaC.s 			page 14


 287:Drivers/STM32WBxx_HAL_Driver/Inc/stm32wbxx_ll_bus.h ****   */
 288:Drivers/STM32WBxx_HAL_Driver/Inc/stm32wbxx_ll_bus.h **** #if defined(LPUART1)
 289:Drivers/STM32WBxx_HAL_Driver/Inc/stm32wbxx_ll_bus.h **** #define LL_C2_APB1_GRP2_PERIPH_LPUART1      RCC_C2APB1ENR2_LPUART1EN
 290:Drivers/STM32WBxx_HAL_Driver/Inc/stm32wbxx_ll_bus.h **** #endif /* LPUART1 */
 291:Drivers/STM32WBxx_HAL_Driver/Inc/stm32wbxx_ll_bus.h **** #define LL_C2_APB1_GRP2_PERIPH_LPTIM2       RCC_C2APB1ENR2_LPTIM2EN
 292:Drivers/STM32WBxx_HAL_Driver/Inc/stm32wbxx_ll_bus.h **** /**
 293:Drivers/STM32WBxx_HAL_Driver/Inc/stm32wbxx_ll_bus.h ****   * @}
 294:Drivers/STM32WBxx_HAL_Driver/Inc/stm32wbxx_ll_bus.h ****   */
 295:Drivers/STM32WBxx_HAL_Driver/Inc/stm32wbxx_ll_bus.h **** 
 296:Drivers/STM32WBxx_HAL_Driver/Inc/stm32wbxx_ll_bus.h **** 
 297:Drivers/STM32WBxx_HAL_Driver/Inc/stm32wbxx_ll_bus.h **** /** @defgroup BUS_LL_EC_C2_APB2_GRP1_PERIPH  C2 APB2 GRP1 PERIPH
 298:Drivers/STM32WBxx_HAL_Driver/Inc/stm32wbxx_ll_bus.h ****   * @{
 299:Drivers/STM32WBxx_HAL_Driver/Inc/stm32wbxx_ll_bus.h ****   */
 300:Drivers/STM32WBxx_HAL_Driver/Inc/stm32wbxx_ll_bus.h **** #if defined(ADC_SUPPORT_2_5_MSPS)
 301:Drivers/STM32WBxx_HAL_Driver/Inc/stm32wbxx_ll_bus.h **** #define LL_C2_APB2_GRP1_PERIPH_ADC          RCC_C2APB2ENR_ADCEN
 302:Drivers/STM32WBxx_HAL_Driver/Inc/stm32wbxx_ll_bus.h **** #endif /* ADC_SUPPORT_5_MSPS */
 303:Drivers/STM32WBxx_HAL_Driver/Inc/stm32wbxx_ll_bus.h **** #define LL_C2_APB2_GRP1_PERIPH_TIM1         RCC_C2APB2ENR_TIM1EN
 304:Drivers/STM32WBxx_HAL_Driver/Inc/stm32wbxx_ll_bus.h **** #define LL_C2_APB2_GRP1_PERIPH_SPI1         RCC_C2APB2ENR_SPI1EN
 305:Drivers/STM32WBxx_HAL_Driver/Inc/stm32wbxx_ll_bus.h **** #define LL_C2_APB2_GRP1_PERIPH_USART1       RCC_C2APB2ENR_USART1EN
 306:Drivers/STM32WBxx_HAL_Driver/Inc/stm32wbxx_ll_bus.h **** #if defined(TIM16)
 307:Drivers/STM32WBxx_HAL_Driver/Inc/stm32wbxx_ll_bus.h **** #define LL_C2_APB2_GRP1_PERIPH_TIM16        RCC_C2APB2ENR_TIM16EN
 308:Drivers/STM32WBxx_HAL_Driver/Inc/stm32wbxx_ll_bus.h **** #endif /* TIM16 */
 309:Drivers/STM32WBxx_HAL_Driver/Inc/stm32wbxx_ll_bus.h **** #if defined(TIM17)
 310:Drivers/STM32WBxx_HAL_Driver/Inc/stm32wbxx_ll_bus.h **** #define LL_C2_APB2_GRP1_PERIPH_TIM17        RCC_C2APB2ENR_TIM17EN
 311:Drivers/STM32WBxx_HAL_Driver/Inc/stm32wbxx_ll_bus.h **** #endif /* TIM17 */
 312:Drivers/STM32WBxx_HAL_Driver/Inc/stm32wbxx_ll_bus.h **** #if defined(SAI1)
 313:Drivers/STM32WBxx_HAL_Driver/Inc/stm32wbxx_ll_bus.h **** #define LL_C2_APB2_GRP1_PERIPH_SAI1         RCC_C2APB2ENR_SAI1EN
 314:Drivers/STM32WBxx_HAL_Driver/Inc/stm32wbxx_ll_bus.h **** #endif /* SAI1 */
 315:Drivers/STM32WBxx_HAL_Driver/Inc/stm32wbxx_ll_bus.h **** /**
 316:Drivers/STM32WBxx_HAL_Driver/Inc/stm32wbxx_ll_bus.h ****   * @}
 317:Drivers/STM32WBxx_HAL_Driver/Inc/stm32wbxx_ll_bus.h ****   */
 318:Drivers/STM32WBxx_HAL_Driver/Inc/stm32wbxx_ll_bus.h **** 
 319:Drivers/STM32WBxx_HAL_Driver/Inc/stm32wbxx_ll_bus.h **** 
 320:Drivers/STM32WBxx_HAL_Driver/Inc/stm32wbxx_ll_bus.h **** /** @defgroup BUS_LL_EC_C2_APB3_GRP1_PERIPH  C2 APB3 GRP1 PERIPH
 321:Drivers/STM32WBxx_HAL_Driver/Inc/stm32wbxx_ll_bus.h ****   * @{
 322:Drivers/STM32WBxx_HAL_Driver/Inc/stm32wbxx_ll_bus.h ****   */
 323:Drivers/STM32WBxx_HAL_Driver/Inc/stm32wbxx_ll_bus.h **** #define LL_C2_APB3_GRP1_PERIPH_BLE          RCC_C2APB3ENR_BLEEN
 324:Drivers/STM32WBxx_HAL_Driver/Inc/stm32wbxx_ll_bus.h **** #if defined(RCC_802_SUPPORT)
 325:Drivers/STM32WBxx_HAL_Driver/Inc/stm32wbxx_ll_bus.h **** #define LL_C2_APB3_GRP1_PERIPH_802          RCC_C2APB3ENR_802EN
 326:Drivers/STM32WBxx_HAL_Driver/Inc/stm32wbxx_ll_bus.h **** #endif /* RCC_802_SUPPORT */
 327:Drivers/STM32WBxx_HAL_Driver/Inc/stm32wbxx_ll_bus.h **** /**
 328:Drivers/STM32WBxx_HAL_Driver/Inc/stm32wbxx_ll_bus.h ****   * @}
 329:Drivers/STM32WBxx_HAL_Driver/Inc/stm32wbxx_ll_bus.h ****   */
 330:Drivers/STM32WBxx_HAL_Driver/Inc/stm32wbxx_ll_bus.h **** 
 331:Drivers/STM32WBxx_HAL_Driver/Inc/stm32wbxx_ll_bus.h **** 
 332:Drivers/STM32WBxx_HAL_Driver/Inc/stm32wbxx_ll_bus.h **** /**
 333:Drivers/STM32WBxx_HAL_Driver/Inc/stm32wbxx_ll_bus.h ****   * @}
 334:Drivers/STM32WBxx_HAL_Driver/Inc/stm32wbxx_ll_bus.h ****   */
 335:Drivers/STM32WBxx_HAL_Driver/Inc/stm32wbxx_ll_bus.h **** 
 336:Drivers/STM32WBxx_HAL_Driver/Inc/stm32wbxx_ll_bus.h **** /* Exported macro ------------------------------------------------------------*/
 337:Drivers/STM32WBxx_HAL_Driver/Inc/stm32wbxx_ll_bus.h **** 
 338:Drivers/STM32WBxx_HAL_Driver/Inc/stm32wbxx_ll_bus.h **** /* Exported functions --------------------------------------------------------*/
 339:Drivers/STM32WBxx_HAL_Driver/Inc/stm32wbxx_ll_bus.h **** 
 340:Drivers/STM32WBxx_HAL_Driver/Inc/stm32wbxx_ll_bus.h **** /** @defgroup BUS_LL_Exported_Functions BUS Exported Functions
 341:Drivers/STM32WBxx_HAL_Driver/Inc/stm32wbxx_ll_bus.h ****   * @{
 342:Drivers/STM32WBxx_HAL_Driver/Inc/stm32wbxx_ll_bus.h ****   */
 343:Drivers/STM32WBxx_HAL_Driver/Inc/stm32wbxx_ll_bus.h **** 
ARM GAS  /var/folders/98/ctz5mtps7w71v8dr53cf5qg40000gn/T//ccxHhGaC.s 			page 15


 344:Drivers/STM32WBxx_HAL_Driver/Inc/stm32wbxx_ll_bus.h **** /** @defgroup BUS_LL_EF_AHB1 AHB1
 345:Drivers/STM32WBxx_HAL_Driver/Inc/stm32wbxx_ll_bus.h ****   * @{
 346:Drivers/STM32WBxx_HAL_Driver/Inc/stm32wbxx_ll_bus.h ****   */
 347:Drivers/STM32WBxx_HAL_Driver/Inc/stm32wbxx_ll_bus.h **** 
 348:Drivers/STM32WBxx_HAL_Driver/Inc/stm32wbxx_ll_bus.h **** /**
 349:Drivers/STM32WBxx_HAL_Driver/Inc/stm32wbxx_ll_bus.h ****   * @brief  Enable AHB1 peripherals clock.
 350:Drivers/STM32WBxx_HAL_Driver/Inc/stm32wbxx_ll_bus.h ****   * @rmtoll AHB1ENR      DMA1EN        LL_AHB1_GRP1_EnableClock\n
 351:Drivers/STM32WBxx_HAL_Driver/Inc/stm32wbxx_ll_bus.h ****   *         AHB1ENR      DMA2EN        LL_AHB1_GRP1_EnableClock\n
 352:Drivers/STM32WBxx_HAL_Driver/Inc/stm32wbxx_ll_bus.h ****   *         AHB1ENR      DMAMUX1EN      LL_AHB1_GRP1_EnableClock\n
 353:Drivers/STM32WBxx_HAL_Driver/Inc/stm32wbxx_ll_bus.h ****   *         AHB1ENR      CRCEN         LL_AHB1_GRP1_EnableClock\n
 354:Drivers/STM32WBxx_HAL_Driver/Inc/stm32wbxx_ll_bus.h ****   *         AHB1ENR      TSCEN         LL_AHB1_GRP1_EnableClock
 355:Drivers/STM32WBxx_HAL_Driver/Inc/stm32wbxx_ll_bus.h ****   * @param  Periphs This parameter can be a combination of the following values:
 356:Drivers/STM32WBxx_HAL_Driver/Inc/stm32wbxx_ll_bus.h ****   *         @arg @ref LL_AHB1_GRP1_PERIPH_DMA1
 357:Drivers/STM32WBxx_HAL_Driver/Inc/stm32wbxx_ll_bus.h ****   *         @arg @ref LL_AHB1_GRP1_PERIPH_DMA2 (*)
 358:Drivers/STM32WBxx_HAL_Driver/Inc/stm32wbxx_ll_bus.h ****   *         @arg @ref LL_AHB1_GRP1_PERIPH_DMAMUX1
 359:Drivers/STM32WBxx_HAL_Driver/Inc/stm32wbxx_ll_bus.h ****   *         @arg @ref LL_AHB1_GRP1_PERIPH_CRC
 360:Drivers/STM32WBxx_HAL_Driver/Inc/stm32wbxx_ll_bus.h ****   *         @arg @ref LL_AHB1_GRP1_PERIPH_TSC
 361:Drivers/STM32WBxx_HAL_Driver/Inc/stm32wbxx_ll_bus.h ****   * @note  (*) Not supported by all the devices
 362:Drivers/STM32WBxx_HAL_Driver/Inc/stm32wbxx_ll_bus.h ****   * @retval None
 363:Drivers/STM32WBxx_HAL_Driver/Inc/stm32wbxx_ll_bus.h ****   */
 364:Drivers/STM32WBxx_HAL_Driver/Inc/stm32wbxx_ll_bus.h **** __STATIC_INLINE void LL_AHB1_GRP1_EnableClock(uint32_t Periphs)
 365:Drivers/STM32WBxx_HAL_Driver/Inc/stm32wbxx_ll_bus.h **** {
 366:Drivers/STM32WBxx_HAL_Driver/Inc/stm32wbxx_ll_bus.h ****   __IO uint32_t tmpreg;
 367:Drivers/STM32WBxx_HAL_Driver/Inc/stm32wbxx_ll_bus.h ****   SET_BIT(RCC->AHB1ENR, Periphs);
 368:Drivers/STM32WBxx_HAL_Driver/Inc/stm32wbxx_ll_bus.h ****   /* Delay after an RCC peripheral clock enabling */
 369:Drivers/STM32WBxx_HAL_Driver/Inc/stm32wbxx_ll_bus.h ****   tmpreg = READ_BIT(RCC->AHB1ENR, Periphs);
 370:Drivers/STM32WBxx_HAL_Driver/Inc/stm32wbxx_ll_bus.h ****   (void)tmpreg;
 371:Drivers/STM32WBxx_HAL_Driver/Inc/stm32wbxx_ll_bus.h **** }
 372:Drivers/STM32WBxx_HAL_Driver/Inc/stm32wbxx_ll_bus.h **** 
 373:Drivers/STM32WBxx_HAL_Driver/Inc/stm32wbxx_ll_bus.h **** /**
 374:Drivers/STM32WBxx_HAL_Driver/Inc/stm32wbxx_ll_bus.h ****   * @brief  Check if AHB1 peripheral clock is enabled or not
 375:Drivers/STM32WBxx_HAL_Driver/Inc/stm32wbxx_ll_bus.h ****   * @rmtoll AHB1ENR      DMA1EN        LL_AHB1_GRP1_IsEnabledClock\n
 376:Drivers/STM32WBxx_HAL_Driver/Inc/stm32wbxx_ll_bus.h ****   *         AHB1ENR      DMA2EN        LL_AHB1_GRP1_IsEnabledClock\n
 377:Drivers/STM32WBxx_HAL_Driver/Inc/stm32wbxx_ll_bus.h ****   *         AHB1ENR      DMAMUX1EN      LL_AHB1_GRP1_IsEnabledClock\n
 378:Drivers/STM32WBxx_HAL_Driver/Inc/stm32wbxx_ll_bus.h ****   *         AHB1ENR      CRCEN         LL_AHB1_GRP1_IsEnabledClock\n
 379:Drivers/STM32WBxx_HAL_Driver/Inc/stm32wbxx_ll_bus.h ****   *         AHB1ENR      TSCEN         LL_AHB1_GRP1_IsEnabledClock
 380:Drivers/STM32WBxx_HAL_Driver/Inc/stm32wbxx_ll_bus.h ****   * @param  Periphs This parameter can be a combination of the following values:
 381:Drivers/STM32WBxx_HAL_Driver/Inc/stm32wbxx_ll_bus.h ****   *         @arg @ref LL_AHB1_GRP1_PERIPH_DMA1
 382:Drivers/STM32WBxx_HAL_Driver/Inc/stm32wbxx_ll_bus.h ****   *         @arg @ref LL_AHB1_GRP1_PERIPH_DMA2 (*)
 383:Drivers/STM32WBxx_HAL_Driver/Inc/stm32wbxx_ll_bus.h ****   *         @arg @ref LL_AHB1_GRP1_PERIPH_DMAMUX1
 384:Drivers/STM32WBxx_HAL_Driver/Inc/stm32wbxx_ll_bus.h ****   *         @arg @ref LL_AHB1_GRP1_PERIPH_CRC
 385:Drivers/STM32WBxx_HAL_Driver/Inc/stm32wbxx_ll_bus.h ****   *         @arg @ref LL_AHB1_GRP1_PERIPH_TSC
 386:Drivers/STM32WBxx_HAL_Driver/Inc/stm32wbxx_ll_bus.h ****   * @note  (*) Not supported by all the devices
 387:Drivers/STM32WBxx_HAL_Driver/Inc/stm32wbxx_ll_bus.h ****   * @retval uint32_t
 388:Drivers/STM32WBxx_HAL_Driver/Inc/stm32wbxx_ll_bus.h ****   */
 389:Drivers/STM32WBxx_HAL_Driver/Inc/stm32wbxx_ll_bus.h **** __STATIC_INLINE uint32_t LL_AHB1_GRP1_IsEnabledClock(uint32_t Periphs)
 390:Drivers/STM32WBxx_HAL_Driver/Inc/stm32wbxx_ll_bus.h **** {
 391:Drivers/STM32WBxx_HAL_Driver/Inc/stm32wbxx_ll_bus.h ****   return ((READ_BIT(RCC->AHB1ENR, Periphs) == (Periphs)) ? 1UL : 0UL);
 392:Drivers/STM32WBxx_HAL_Driver/Inc/stm32wbxx_ll_bus.h **** }
 393:Drivers/STM32WBxx_HAL_Driver/Inc/stm32wbxx_ll_bus.h **** 
 394:Drivers/STM32WBxx_HAL_Driver/Inc/stm32wbxx_ll_bus.h **** /**
 395:Drivers/STM32WBxx_HAL_Driver/Inc/stm32wbxx_ll_bus.h ****   * @brief  Disable AHB1 peripherals clock.
 396:Drivers/STM32WBxx_HAL_Driver/Inc/stm32wbxx_ll_bus.h ****   * @rmtoll AHB1ENR      DMA1EN        LL_AHB1_GRP1_DisableClock\n
 397:Drivers/STM32WBxx_HAL_Driver/Inc/stm32wbxx_ll_bus.h ****   *         AHB1ENR      DMA2EN        LL_AHB1_GRP1_DisableClock\n
 398:Drivers/STM32WBxx_HAL_Driver/Inc/stm32wbxx_ll_bus.h ****   *         AHB1ENR      DMAMUX1EN      LL_AHB1_GRP1_DisableClock\n
 399:Drivers/STM32WBxx_HAL_Driver/Inc/stm32wbxx_ll_bus.h ****   *         AHB1ENR      CRCEN         LL_AHB1_GRP1_DisableClock\n
 400:Drivers/STM32WBxx_HAL_Driver/Inc/stm32wbxx_ll_bus.h ****   *         AHB1ENR      TSCEN         LL_AHB1_GRP1_DisableClock
ARM GAS  /var/folders/98/ctz5mtps7w71v8dr53cf5qg40000gn/T//ccxHhGaC.s 			page 16


 401:Drivers/STM32WBxx_HAL_Driver/Inc/stm32wbxx_ll_bus.h ****   * @param  Periphs This parameter can be a combination of the following values:
 402:Drivers/STM32WBxx_HAL_Driver/Inc/stm32wbxx_ll_bus.h ****   *         @arg @ref LL_AHB1_GRP1_PERIPH_DMA1
 403:Drivers/STM32WBxx_HAL_Driver/Inc/stm32wbxx_ll_bus.h ****   *         @arg @ref LL_AHB1_GRP1_PERIPH_DMA2 (*)
 404:Drivers/STM32WBxx_HAL_Driver/Inc/stm32wbxx_ll_bus.h ****   *         @arg @ref LL_AHB1_GRP1_PERIPH_DMAMUX1
 405:Drivers/STM32WBxx_HAL_Driver/Inc/stm32wbxx_ll_bus.h ****   *         @arg @ref LL_AHB1_GRP1_PERIPH_CRC
 406:Drivers/STM32WBxx_HAL_Driver/Inc/stm32wbxx_ll_bus.h ****   *         @arg @ref LL_AHB1_GRP1_PERIPH_TSC
 407:Drivers/STM32WBxx_HAL_Driver/Inc/stm32wbxx_ll_bus.h ****   * @note  (*) Not supported by all the devices
 408:Drivers/STM32WBxx_HAL_Driver/Inc/stm32wbxx_ll_bus.h ****   * @retval None
 409:Drivers/STM32WBxx_HAL_Driver/Inc/stm32wbxx_ll_bus.h ****   */
 410:Drivers/STM32WBxx_HAL_Driver/Inc/stm32wbxx_ll_bus.h **** __STATIC_INLINE void LL_AHB1_GRP1_DisableClock(uint32_t Periphs)
 411:Drivers/STM32WBxx_HAL_Driver/Inc/stm32wbxx_ll_bus.h **** {
 412:Drivers/STM32WBxx_HAL_Driver/Inc/stm32wbxx_ll_bus.h ****   CLEAR_BIT(RCC->AHB1ENR, Periphs);
 413:Drivers/STM32WBxx_HAL_Driver/Inc/stm32wbxx_ll_bus.h **** }
 414:Drivers/STM32WBxx_HAL_Driver/Inc/stm32wbxx_ll_bus.h **** 
 415:Drivers/STM32WBxx_HAL_Driver/Inc/stm32wbxx_ll_bus.h **** /**
 416:Drivers/STM32WBxx_HAL_Driver/Inc/stm32wbxx_ll_bus.h ****   * @brief  Force AHB1 peripherals reset.
 417:Drivers/STM32WBxx_HAL_Driver/Inc/stm32wbxx_ll_bus.h ****   * @rmtoll AHB1RSTR     DMA1RST       LL_AHB1_GRP1_ForceReset\n
 418:Drivers/STM32WBxx_HAL_Driver/Inc/stm32wbxx_ll_bus.h ****   *         AHB1RSTR     DMA2RST       LL_AHB1_GRP1_ForceReset\n
 419:Drivers/STM32WBxx_HAL_Driver/Inc/stm32wbxx_ll_bus.h ****   *         AHB1RSTR     DMAMUX1RST     LL_AHB1_GRP1_ForceReset\n
 420:Drivers/STM32WBxx_HAL_Driver/Inc/stm32wbxx_ll_bus.h ****   *         AHB1RSTR     CRCRST        LL_AHB1_GRP1_ForceReset\n
 421:Drivers/STM32WBxx_HAL_Driver/Inc/stm32wbxx_ll_bus.h ****   *         AHB1RSTR     TSCRST        LL_AHB1_GRP1_ForceReset
 422:Drivers/STM32WBxx_HAL_Driver/Inc/stm32wbxx_ll_bus.h ****   * @param  Periphs This parameter can be a combination of the following values:
 423:Drivers/STM32WBxx_HAL_Driver/Inc/stm32wbxx_ll_bus.h ****   *         @arg @ref LL_AHB1_GRP1_PERIPH_ALL
 424:Drivers/STM32WBxx_HAL_Driver/Inc/stm32wbxx_ll_bus.h ****   *         @arg @ref LL_AHB1_GRP1_PERIPH_DMA1
 425:Drivers/STM32WBxx_HAL_Driver/Inc/stm32wbxx_ll_bus.h ****   *         @arg @ref LL_AHB1_GRP1_PERIPH_DMA2 (*)
 426:Drivers/STM32WBxx_HAL_Driver/Inc/stm32wbxx_ll_bus.h ****   *         @arg @ref LL_AHB1_GRP1_PERIPH_DMAMUX1
 427:Drivers/STM32WBxx_HAL_Driver/Inc/stm32wbxx_ll_bus.h ****   *         @arg @ref LL_AHB1_GRP1_PERIPH_CRC
 428:Drivers/STM32WBxx_HAL_Driver/Inc/stm32wbxx_ll_bus.h ****   *         @arg @ref LL_AHB1_GRP1_PERIPH_TSC
 429:Drivers/STM32WBxx_HAL_Driver/Inc/stm32wbxx_ll_bus.h ****   * @note  (*) Not supported by all the devices
 430:Drivers/STM32WBxx_HAL_Driver/Inc/stm32wbxx_ll_bus.h ****   * @retval None
 431:Drivers/STM32WBxx_HAL_Driver/Inc/stm32wbxx_ll_bus.h ****   */
 432:Drivers/STM32WBxx_HAL_Driver/Inc/stm32wbxx_ll_bus.h **** __STATIC_INLINE void LL_AHB1_GRP1_ForceReset(uint32_t Periphs)
 433:Drivers/STM32WBxx_HAL_Driver/Inc/stm32wbxx_ll_bus.h **** {
 434:Drivers/STM32WBxx_HAL_Driver/Inc/stm32wbxx_ll_bus.h ****   SET_BIT(RCC->AHB1RSTR, Periphs);
 435:Drivers/STM32WBxx_HAL_Driver/Inc/stm32wbxx_ll_bus.h **** }
 436:Drivers/STM32WBxx_HAL_Driver/Inc/stm32wbxx_ll_bus.h **** 
 437:Drivers/STM32WBxx_HAL_Driver/Inc/stm32wbxx_ll_bus.h **** /**
 438:Drivers/STM32WBxx_HAL_Driver/Inc/stm32wbxx_ll_bus.h ****   * @brief  Release AHB1 peripherals reset.
 439:Drivers/STM32WBxx_HAL_Driver/Inc/stm32wbxx_ll_bus.h ****   * @rmtoll AHB1RSTR     DMA1RST       LL_AHB1_GRP1_ReleaseReset\n
 440:Drivers/STM32WBxx_HAL_Driver/Inc/stm32wbxx_ll_bus.h ****   *         AHB1RSTR     DMA2RST       LL_AHB1_GRP1_ReleaseReset\n
 441:Drivers/STM32WBxx_HAL_Driver/Inc/stm32wbxx_ll_bus.h ****   *         AHB1RSTR     DMAMUX1RST     LL_AHB1_GRP1_ReleaseReset\n
 442:Drivers/STM32WBxx_HAL_Driver/Inc/stm32wbxx_ll_bus.h ****   *         AHB1RSTR     CRCRST        LL_AHB1_GRP1_ReleaseReset\n
 443:Drivers/STM32WBxx_HAL_Driver/Inc/stm32wbxx_ll_bus.h ****   *         AHB1RSTR     TSCRST        LL_AHB1_GRP1_ReleaseReset
 444:Drivers/STM32WBxx_HAL_Driver/Inc/stm32wbxx_ll_bus.h ****   * @param  Periphs This parameter can be a combination of the following values:
 445:Drivers/STM32WBxx_HAL_Driver/Inc/stm32wbxx_ll_bus.h ****   *         @arg @ref LL_AHB1_GRP1_PERIPH_ALL
 446:Drivers/STM32WBxx_HAL_Driver/Inc/stm32wbxx_ll_bus.h ****   *         @arg @ref LL_AHB1_GRP1_PERIPH_DMA1
 447:Drivers/STM32WBxx_HAL_Driver/Inc/stm32wbxx_ll_bus.h ****   *         @arg @ref LL_AHB1_GRP1_PERIPH_DMA2 (*)
 448:Drivers/STM32WBxx_HAL_Driver/Inc/stm32wbxx_ll_bus.h ****   *         @arg @ref LL_AHB1_GRP1_PERIPH_DMAMUX1
 449:Drivers/STM32WBxx_HAL_Driver/Inc/stm32wbxx_ll_bus.h ****   *         @arg @ref LL_AHB1_GRP1_PERIPH_CRC
 450:Drivers/STM32WBxx_HAL_Driver/Inc/stm32wbxx_ll_bus.h ****   *         @arg @ref LL_AHB1_GRP1_PERIPH_TSC
 451:Drivers/STM32WBxx_HAL_Driver/Inc/stm32wbxx_ll_bus.h ****   * @note  (*) Not supported by all the devices
 452:Drivers/STM32WBxx_HAL_Driver/Inc/stm32wbxx_ll_bus.h ****   * @retval None
 453:Drivers/STM32WBxx_HAL_Driver/Inc/stm32wbxx_ll_bus.h ****   */
 454:Drivers/STM32WBxx_HAL_Driver/Inc/stm32wbxx_ll_bus.h **** __STATIC_INLINE void LL_AHB1_GRP1_ReleaseReset(uint32_t Periphs)
 455:Drivers/STM32WBxx_HAL_Driver/Inc/stm32wbxx_ll_bus.h **** {
 456:Drivers/STM32WBxx_HAL_Driver/Inc/stm32wbxx_ll_bus.h ****   CLEAR_BIT(RCC->AHB1RSTR, Periphs);
 457:Drivers/STM32WBxx_HAL_Driver/Inc/stm32wbxx_ll_bus.h **** }
ARM GAS  /var/folders/98/ctz5mtps7w71v8dr53cf5qg40000gn/T//ccxHhGaC.s 			page 17


 458:Drivers/STM32WBxx_HAL_Driver/Inc/stm32wbxx_ll_bus.h **** 
 459:Drivers/STM32WBxx_HAL_Driver/Inc/stm32wbxx_ll_bus.h **** /**
 460:Drivers/STM32WBxx_HAL_Driver/Inc/stm32wbxx_ll_bus.h ****   * @brief  Enable AHB1 peripherals clock during Low Power (Sleep) mode.
 461:Drivers/STM32WBxx_HAL_Driver/Inc/stm32wbxx_ll_bus.h ****   * @rmtoll AHB1SMENR    DMA1SMEN      LL_AHB1_GRP1_EnableClockSleep\n
 462:Drivers/STM32WBxx_HAL_Driver/Inc/stm32wbxx_ll_bus.h ****   *         AHB1SMENR    DMA2SMEN      LL_AHB1_GRP1_EnableClockSleep\n
 463:Drivers/STM32WBxx_HAL_Driver/Inc/stm32wbxx_ll_bus.h ****   *         AHB1SMENR    DMAMUX1SMEN    LL_AHB1_GRP1_EnableClockSleep\n
 464:Drivers/STM32WBxx_HAL_Driver/Inc/stm32wbxx_ll_bus.h ****   *         AHB1SMENR    SRAM1SMEN     LL_AHB1_GRP1_EnableClockSleep\n
 465:Drivers/STM32WBxx_HAL_Driver/Inc/stm32wbxx_ll_bus.h ****   *         AHB1SMENR    CRCSMEN       LL_AHB1_GRP1_EnableClockSleep\n
 466:Drivers/STM32WBxx_HAL_Driver/Inc/stm32wbxx_ll_bus.h ****   *         AHB1SMENR    TSCSMEN       LL_AHB1_GRP1_EnableClockSleep
 467:Drivers/STM32WBxx_HAL_Driver/Inc/stm32wbxx_ll_bus.h ****   * @param  Periphs This parameter can be a combination of the following values:
 468:Drivers/STM32WBxx_HAL_Driver/Inc/stm32wbxx_ll_bus.h ****   *         @arg @ref LL_AHB1_GRP1_PERIPH_DMA1
 469:Drivers/STM32WBxx_HAL_Driver/Inc/stm32wbxx_ll_bus.h ****   *         @arg @ref LL_AHB1_GRP1_PERIPH_DMA2 (*)
 470:Drivers/STM32WBxx_HAL_Driver/Inc/stm32wbxx_ll_bus.h ****   *         @arg @ref LL_AHB1_GRP1_PERIPH_DMAMUX1
 471:Drivers/STM32WBxx_HAL_Driver/Inc/stm32wbxx_ll_bus.h ****   *         @arg @ref LL_AHB1_GRP1_PERIPH_SRAM1
 472:Drivers/STM32WBxx_HAL_Driver/Inc/stm32wbxx_ll_bus.h ****   *         @arg @ref LL_AHB1_GRP1_PERIPH_CRC
 473:Drivers/STM32WBxx_HAL_Driver/Inc/stm32wbxx_ll_bus.h ****   *         @arg @ref LL_AHB1_GRP1_PERIPH_TSC
 474:Drivers/STM32WBxx_HAL_Driver/Inc/stm32wbxx_ll_bus.h ****   * @note  (*) Not supported by all the devices
 475:Drivers/STM32WBxx_HAL_Driver/Inc/stm32wbxx_ll_bus.h ****   * @retval None
 476:Drivers/STM32WBxx_HAL_Driver/Inc/stm32wbxx_ll_bus.h ****   */
 477:Drivers/STM32WBxx_HAL_Driver/Inc/stm32wbxx_ll_bus.h **** __STATIC_INLINE void LL_AHB1_GRP1_EnableClockSleep(uint32_t Periphs)
 478:Drivers/STM32WBxx_HAL_Driver/Inc/stm32wbxx_ll_bus.h **** {
 479:Drivers/STM32WBxx_HAL_Driver/Inc/stm32wbxx_ll_bus.h ****   __IO uint32_t tmpreg;
 480:Drivers/STM32WBxx_HAL_Driver/Inc/stm32wbxx_ll_bus.h ****   SET_BIT(RCC->AHB1SMENR, Periphs);
 481:Drivers/STM32WBxx_HAL_Driver/Inc/stm32wbxx_ll_bus.h ****   /* Delay after an RCC peripheral clock enabling */
 482:Drivers/STM32WBxx_HAL_Driver/Inc/stm32wbxx_ll_bus.h ****   tmpreg = READ_BIT(RCC->AHB1SMENR, Periphs);
 483:Drivers/STM32WBxx_HAL_Driver/Inc/stm32wbxx_ll_bus.h ****   (void)tmpreg;
 484:Drivers/STM32WBxx_HAL_Driver/Inc/stm32wbxx_ll_bus.h **** }
 485:Drivers/STM32WBxx_HAL_Driver/Inc/stm32wbxx_ll_bus.h **** 
 486:Drivers/STM32WBxx_HAL_Driver/Inc/stm32wbxx_ll_bus.h **** /**
 487:Drivers/STM32WBxx_HAL_Driver/Inc/stm32wbxx_ll_bus.h ****   * @brief  Disable AHB1 peripherals clock during Low Power (Sleep) mode.
 488:Drivers/STM32WBxx_HAL_Driver/Inc/stm32wbxx_ll_bus.h ****   * @rmtoll AHB1SMENR    DMA1SMEN      LL_AHB1_GRP1_DisableClockSleep\n
 489:Drivers/STM32WBxx_HAL_Driver/Inc/stm32wbxx_ll_bus.h ****   *         AHB1SMENR    DMA2SMEN      LL_AHB1_GRP1_DisableClockSleep\n
 490:Drivers/STM32WBxx_HAL_Driver/Inc/stm32wbxx_ll_bus.h ****   *         AHB1SMENR    DMAMUX1SMEN    LL_AHB1_GRP1_DisableClockSleep\n
 491:Drivers/STM32WBxx_HAL_Driver/Inc/stm32wbxx_ll_bus.h ****   *         AHB1SMENR    SRAM1SMEN     LL_AHB1_GRP1_DisableClockSleep\n
 492:Drivers/STM32WBxx_HAL_Driver/Inc/stm32wbxx_ll_bus.h ****   *         AHB1SMENR    CRCSMEN       LL_AHB1_GRP1_DisableClockSleep\n
 493:Drivers/STM32WBxx_HAL_Driver/Inc/stm32wbxx_ll_bus.h ****   *         AHB1SMENR    TSCSMEN       LL_AHB1_GRP1_DisableClockSleep
 494:Drivers/STM32WBxx_HAL_Driver/Inc/stm32wbxx_ll_bus.h ****   * @param  Periphs This parameter can be a combination of the following values:
 495:Drivers/STM32WBxx_HAL_Driver/Inc/stm32wbxx_ll_bus.h ****   *         @arg @ref LL_AHB1_GRP1_PERIPH_DMA1
 496:Drivers/STM32WBxx_HAL_Driver/Inc/stm32wbxx_ll_bus.h ****   *         @arg @ref LL_AHB1_GRP1_PERIPH_DMA2 (*)
 497:Drivers/STM32WBxx_HAL_Driver/Inc/stm32wbxx_ll_bus.h ****   *         @arg @ref LL_AHB1_GRP1_PERIPH_DMAMUX1
 498:Drivers/STM32WBxx_HAL_Driver/Inc/stm32wbxx_ll_bus.h ****   *         @arg @ref LL_AHB1_GRP1_PERIPH_SRAM1
 499:Drivers/STM32WBxx_HAL_Driver/Inc/stm32wbxx_ll_bus.h ****   *         @arg @ref LL_AHB1_GRP1_PERIPH_CRC
 500:Drivers/STM32WBxx_HAL_Driver/Inc/stm32wbxx_ll_bus.h ****   *         @arg @ref LL_AHB1_GRP1_PERIPH_TSC
 501:Drivers/STM32WBxx_HAL_Driver/Inc/stm32wbxx_ll_bus.h ****   * @note  (*) Not supported by all the devices
 502:Drivers/STM32WBxx_HAL_Driver/Inc/stm32wbxx_ll_bus.h ****   * @retval None
 503:Drivers/STM32WBxx_HAL_Driver/Inc/stm32wbxx_ll_bus.h ****   */
 504:Drivers/STM32WBxx_HAL_Driver/Inc/stm32wbxx_ll_bus.h **** __STATIC_INLINE void LL_AHB1_GRP1_DisableClockSleep(uint32_t Periphs)
 505:Drivers/STM32WBxx_HAL_Driver/Inc/stm32wbxx_ll_bus.h **** {
 506:Drivers/STM32WBxx_HAL_Driver/Inc/stm32wbxx_ll_bus.h ****   CLEAR_BIT(RCC->AHB1SMENR, Periphs);
 507:Drivers/STM32WBxx_HAL_Driver/Inc/stm32wbxx_ll_bus.h **** }
 508:Drivers/STM32WBxx_HAL_Driver/Inc/stm32wbxx_ll_bus.h **** 
 509:Drivers/STM32WBxx_HAL_Driver/Inc/stm32wbxx_ll_bus.h **** /**
 510:Drivers/STM32WBxx_HAL_Driver/Inc/stm32wbxx_ll_bus.h ****   * @}
 511:Drivers/STM32WBxx_HAL_Driver/Inc/stm32wbxx_ll_bus.h ****   */
 512:Drivers/STM32WBxx_HAL_Driver/Inc/stm32wbxx_ll_bus.h **** 
 513:Drivers/STM32WBxx_HAL_Driver/Inc/stm32wbxx_ll_bus.h **** /** @defgroup BUS_LL_EF_AHB2 AHB2
 514:Drivers/STM32WBxx_HAL_Driver/Inc/stm32wbxx_ll_bus.h ****   * @{
ARM GAS  /var/folders/98/ctz5mtps7w71v8dr53cf5qg40000gn/T//ccxHhGaC.s 			page 18


 515:Drivers/STM32WBxx_HAL_Driver/Inc/stm32wbxx_ll_bus.h ****   */
 516:Drivers/STM32WBxx_HAL_Driver/Inc/stm32wbxx_ll_bus.h **** 
 517:Drivers/STM32WBxx_HAL_Driver/Inc/stm32wbxx_ll_bus.h **** /**
 518:Drivers/STM32WBxx_HAL_Driver/Inc/stm32wbxx_ll_bus.h ****   * @brief  Enable AHB2 peripherals clock.
 519:Drivers/STM32WBxx_HAL_Driver/Inc/stm32wbxx_ll_bus.h ****   * @rmtoll AHB2ENR      GPIOAEN       LL_AHB2_GRP1_EnableClock\n
 520:Drivers/STM32WBxx_HAL_Driver/Inc/stm32wbxx_ll_bus.h ****   *         AHB2ENR      GPIOBEN       LL_AHB2_GRP1_EnableClock\n
 521:Drivers/STM32WBxx_HAL_Driver/Inc/stm32wbxx_ll_bus.h ****   *         AHB2ENR      GPIOCEN       LL_AHB2_GRP1_EnableClock\n
 522:Drivers/STM32WBxx_HAL_Driver/Inc/stm32wbxx_ll_bus.h ****   *         AHB2ENR      GPIODEN       LL_AHB2_GRP1_EnableClock\n
 523:Drivers/STM32WBxx_HAL_Driver/Inc/stm32wbxx_ll_bus.h ****   *         AHB2ENR      GPIOEEN       LL_AHB2_GRP1_EnableClock\n
 524:Drivers/STM32WBxx_HAL_Driver/Inc/stm32wbxx_ll_bus.h ****   *         AHB2ENR      GPIOHEN       LL_AHB2_GRP1_EnableClock\n
 525:Drivers/STM32WBxx_HAL_Driver/Inc/stm32wbxx_ll_bus.h ****   *         AHB2ENR      ADCEN         LL_AHB2_GRP1_EnableClock\n
 526:Drivers/STM32WBxx_HAL_Driver/Inc/stm32wbxx_ll_bus.h ****   *         AHB2ENR      AES1EN        LL_AHB2_GRP1_EnableClock
 527:Drivers/STM32WBxx_HAL_Driver/Inc/stm32wbxx_ll_bus.h ****   * @param  Periphs This parameter can be a combination of the following values:
 528:Drivers/STM32WBxx_HAL_Driver/Inc/stm32wbxx_ll_bus.h ****   *         @arg @ref LL_AHB2_GRP1_PERIPH_GPIOA
 529:Drivers/STM32WBxx_HAL_Driver/Inc/stm32wbxx_ll_bus.h ****   *         @arg @ref LL_AHB2_GRP1_PERIPH_GPIOB
 530:Drivers/STM32WBxx_HAL_Driver/Inc/stm32wbxx_ll_bus.h ****   *         @arg @ref LL_AHB2_GRP1_PERIPH_GPIOC
 531:Drivers/STM32WBxx_HAL_Driver/Inc/stm32wbxx_ll_bus.h ****   *         @arg @ref LL_AHB2_GRP1_PERIPH_GPIOD (*)
 532:Drivers/STM32WBxx_HAL_Driver/Inc/stm32wbxx_ll_bus.h ****   *         @arg @ref LL_AHB2_GRP1_PERIPH_GPIOE
 533:Drivers/STM32WBxx_HAL_Driver/Inc/stm32wbxx_ll_bus.h ****   *         @arg @ref LL_AHB2_GRP1_PERIPH_GPIOH
 534:Drivers/STM32WBxx_HAL_Driver/Inc/stm32wbxx_ll_bus.h ****   *         @arg @ref LL_AHB2_GRP1_PERIPH_ADC (*)
 535:Drivers/STM32WBxx_HAL_Driver/Inc/stm32wbxx_ll_bus.h ****   *         @arg @ref LL_AHB2_GRP1_PERIPH_AES1 (*)
 536:Drivers/STM32WBxx_HAL_Driver/Inc/stm32wbxx_ll_bus.h ****   * @note  (*) Not supported by all the devices
 537:Drivers/STM32WBxx_HAL_Driver/Inc/stm32wbxx_ll_bus.h ****   * @retval None
 538:Drivers/STM32WBxx_HAL_Driver/Inc/stm32wbxx_ll_bus.h ****   */
 539:Drivers/STM32WBxx_HAL_Driver/Inc/stm32wbxx_ll_bus.h **** __STATIC_INLINE void LL_AHB2_GRP1_EnableClock(uint32_t Periphs)
  58              		.loc 2 539 22 view .LVU4
  59              	.LBB13:
 540:Drivers/STM32WBxx_HAL_Driver/Inc/stm32wbxx_ll_bus.h **** {
 541:Drivers/STM32WBxx_HAL_Driver/Inc/stm32wbxx_ll_bus.h ****   __IO uint32_t tmpreg;
  60              		.loc 2 541 3 view .LVU5
 542:Drivers/STM32WBxx_HAL_Driver/Inc/stm32wbxx_ll_bus.h ****   SET_BIT(RCC->AHB2ENR, Periphs);
  61              		.loc 2 542 3 view .LVU6
  62 0014 4FF0B043 		mov	r3, #1476395008
  63 0018 DA6C     		ldr	r2, [r3, #76]
  64 001a 42F00402 		orr	r2, r2, #4
  65 001e DA64     		str	r2, [r3, #76]
 543:Drivers/STM32WBxx_HAL_Driver/Inc/stm32wbxx_ll_bus.h ****   /* Delay after an RCC peripheral clock enabling */
 544:Drivers/STM32WBxx_HAL_Driver/Inc/stm32wbxx_ll_bus.h ****   tmpreg = READ_BIT(RCC->AHB2ENR, Periphs);
  66              		.loc 2 544 3 view .LVU7
  67              		.loc 2 544 12 is_stmt 0 view .LVU8
  68 0020 DA6C     		ldr	r2, [r3, #76]
  69 0022 02F00402 		and	r2, r2, #4
  70              		.loc 2 544 10 view .LVU9
  71 0026 0492     		str	r2, [sp, #16]
 545:Drivers/STM32WBxx_HAL_Driver/Inc/stm32wbxx_ll_bus.h ****   (void)tmpreg;
  72              		.loc 2 545 3 is_stmt 1 view .LVU10
  73 0028 049A     		ldr	r2, [sp, #16]
  74              	.LVL1:
  75              		.loc 2 545 3 is_stmt 0 view .LVU11
  76              	.LBE13:
  77              	.LBE12:
 400:Core/Src/main.c ****   __HAL_RCC_GPIOB_CLK_ENABLE();
  78              		.loc 1 400 3 is_stmt 1 view .LVU12
  79              	.LBB14:
  80              	.LBI14:
 539:Drivers/STM32WBxx_HAL_Driver/Inc/stm32wbxx_ll_bus.h **** {
  81              		.loc 2 539 22 view .LVU13
ARM GAS  /var/folders/98/ctz5mtps7w71v8dr53cf5qg40000gn/T//ccxHhGaC.s 			page 19


  82              	.LBB15:
 541:Drivers/STM32WBxx_HAL_Driver/Inc/stm32wbxx_ll_bus.h ****   SET_BIT(RCC->AHB2ENR, Periphs);
  83              		.loc 2 541 3 view .LVU14
 542:Drivers/STM32WBxx_HAL_Driver/Inc/stm32wbxx_ll_bus.h ****   /* Delay after an RCC peripheral clock enabling */
  84              		.loc 2 542 3 view .LVU15
  85 002a DA6C     		ldr	r2, [r3, #76]
  86 002c 42F00202 		orr	r2, r2, #2
  87 0030 DA64     		str	r2, [r3, #76]
 544:Drivers/STM32WBxx_HAL_Driver/Inc/stm32wbxx_ll_bus.h ****   (void)tmpreg;
  88              		.loc 2 544 3 view .LVU16
 544:Drivers/STM32WBxx_HAL_Driver/Inc/stm32wbxx_ll_bus.h ****   (void)tmpreg;
  89              		.loc 2 544 12 is_stmt 0 view .LVU17
  90 0032 DA6C     		ldr	r2, [r3, #76]
  91 0034 02F00202 		and	r2, r2, #2
 544:Drivers/STM32WBxx_HAL_Driver/Inc/stm32wbxx_ll_bus.h ****   (void)tmpreg;
  92              		.loc 2 544 10 view .LVU18
  93 0038 0392     		str	r2, [sp, #12]
  94              		.loc 2 545 3 is_stmt 1 view .LVU19
  95 003a 039A     		ldr	r2, [sp, #12]
  96              	.LVL2:
  97              		.loc 2 545 3 is_stmt 0 view .LVU20
  98              	.LBE15:
  99              	.LBE14:
 401:Core/Src/main.c ****   __HAL_RCC_GPIOA_CLK_ENABLE();
 100              		.loc 1 401 3 is_stmt 1 view .LVU21
 101              	.LBB16:
 102              	.LBI16:
 539:Drivers/STM32WBxx_HAL_Driver/Inc/stm32wbxx_ll_bus.h **** {
 103              		.loc 2 539 22 view .LVU22
 104              	.LBB17:
 541:Drivers/STM32WBxx_HAL_Driver/Inc/stm32wbxx_ll_bus.h ****   SET_BIT(RCC->AHB2ENR, Periphs);
 105              		.loc 2 541 3 view .LVU23
 542:Drivers/STM32WBxx_HAL_Driver/Inc/stm32wbxx_ll_bus.h ****   /* Delay after an RCC peripheral clock enabling */
 106              		.loc 2 542 3 view .LVU24
 107 003c DA6C     		ldr	r2, [r3, #76]
 108 003e 42F00102 		orr	r2, r2, #1
 109 0042 DA64     		str	r2, [r3, #76]
 544:Drivers/STM32WBxx_HAL_Driver/Inc/stm32wbxx_ll_bus.h ****   (void)tmpreg;
 110              		.loc 2 544 3 view .LVU25
 544:Drivers/STM32WBxx_HAL_Driver/Inc/stm32wbxx_ll_bus.h ****   (void)tmpreg;
 111              		.loc 2 544 12 is_stmt 0 view .LVU26
 112 0044 DA6C     		ldr	r2, [r3, #76]
 113 0046 02F00102 		and	r2, r2, #1
 544:Drivers/STM32WBxx_HAL_Driver/Inc/stm32wbxx_ll_bus.h ****   (void)tmpreg;
 114              		.loc 2 544 10 view .LVU27
 115 004a 0292     		str	r2, [sp, #8]
 116              		.loc 2 545 3 is_stmt 1 view .LVU28
 117 004c 029A     		ldr	r2, [sp, #8]
 118              	.LVL3:
 119              		.loc 2 545 3 is_stmt 0 view .LVU29
 120              	.LBE17:
 121              	.LBE16:
 402:Core/Src/main.c ****   __HAL_RCC_GPIOE_CLK_ENABLE();
 122              		.loc 1 402 3 is_stmt 1 view .LVU30
 123              	.LBB18:
 124              	.LBI18:
 539:Drivers/STM32WBxx_HAL_Driver/Inc/stm32wbxx_ll_bus.h **** {
ARM GAS  /var/folders/98/ctz5mtps7w71v8dr53cf5qg40000gn/T//ccxHhGaC.s 			page 20


 125              		.loc 2 539 22 view .LVU31
 126              	.LBB19:
 541:Drivers/STM32WBxx_HAL_Driver/Inc/stm32wbxx_ll_bus.h ****   SET_BIT(RCC->AHB2ENR, Periphs);
 127              		.loc 2 541 3 view .LVU32
 542:Drivers/STM32WBxx_HAL_Driver/Inc/stm32wbxx_ll_bus.h ****   /* Delay after an RCC peripheral clock enabling */
 128              		.loc 2 542 3 view .LVU33
 129 004e DA6C     		ldr	r2, [r3, #76]
 130 0050 42F01002 		orr	r2, r2, #16
 131 0054 DA64     		str	r2, [r3, #76]
 544:Drivers/STM32WBxx_HAL_Driver/Inc/stm32wbxx_ll_bus.h ****   (void)tmpreg;
 132              		.loc 2 544 3 view .LVU34
 544:Drivers/STM32WBxx_HAL_Driver/Inc/stm32wbxx_ll_bus.h ****   (void)tmpreg;
 133              		.loc 2 544 12 is_stmt 0 view .LVU35
 134 0056 DB6C     		ldr	r3, [r3, #76]
 135 0058 03F01003 		and	r3, r3, #16
 544:Drivers/STM32WBxx_HAL_Driver/Inc/stm32wbxx_ll_bus.h ****   (void)tmpreg;
 136              		.loc 2 544 10 view .LVU36
 137 005c 0193     		str	r3, [sp, #4]
 138              		.loc 2 545 3 is_stmt 1 view .LVU37
 139 005e 019B     		ldr	r3, [sp, #4]
 140              	.LVL4:
 141              		.loc 2 545 3 is_stmt 0 view .LVU38
 142              	.LBE19:
 143              	.LBE18:
 403:Core/Src/main.c **** 
 404:Core/Src/main.c ****   /*Configure GPIO pin Output Level */
 405:Core/Src/main.c ****   HAL_GPIO_WritePin(GPIOE, GPIO_PIN_4, GPIO_PIN_RESET);
 144              		.loc 1 405 3 is_stmt 1 view .LVU39
 145 0060 DFF85880 		ldr	r8, .L3+4
 146 0064 2246     		mov	r2, r4
 147 0066 1021     		movs	r1, #16
 148 0068 4046     		mov	r0, r8
 149 006a FFF7FEFF 		bl	HAL_GPIO_WritePin
 150              	.LVL5:
 406:Core/Src/main.c **** 
 407:Core/Src/main.c ****   /*Configure GPIO pin Output Level */
 408:Core/Src/main.c ****   HAL_GPIO_WritePin(GPIOB, GPIO_PIN_4|GPIO_PIN_5, GPIO_PIN_RESET);
 151              		.loc 1 408 3 view .LVU40
 152 006e 124E     		ldr	r6, .L3
 153 0070 2246     		mov	r2, r4
 154 0072 3021     		movs	r1, #48
 155 0074 3046     		mov	r0, r6
 156 0076 FFF7FEFF 		bl	HAL_GPIO_WritePin
 157              	.LVL6:
 409:Core/Src/main.c **** 
 410:Core/Src/main.c ****   /*Configure GPIO pin : PE4 */
 411:Core/Src/main.c ****   GPIO_InitStruct.Pin = GPIO_PIN_4;
 158              		.loc 1 411 3 view .LVU41
 159              		.loc 1 411 23 is_stmt 0 view .LVU42
 160 007a 1023     		movs	r3, #16
 161 007c 0593     		str	r3, [sp, #20]
 412:Core/Src/main.c ****   GPIO_InitStruct.Mode = GPIO_MODE_OUTPUT_PP;
 162              		.loc 1 412 3 is_stmt 1 view .LVU43
 163              		.loc 1 412 24 is_stmt 0 view .LVU44
 164 007e 0127     		movs	r7, #1
 165 0080 0697     		str	r7, [sp, #24]
 413:Core/Src/main.c ****   GPIO_InitStruct.Pull = GPIO_NOPULL;
ARM GAS  /var/folders/98/ctz5mtps7w71v8dr53cf5qg40000gn/T//ccxHhGaC.s 			page 21


 166              		.loc 1 413 3 is_stmt 1 view .LVU45
 167              		.loc 1 413 24 is_stmt 0 view .LVU46
 168 0082 0794     		str	r4, [sp, #28]
 414:Core/Src/main.c ****   GPIO_InitStruct.Speed = GPIO_SPEED_FREQ_LOW;
 169              		.loc 1 414 3 is_stmt 1 view .LVU47
 170              		.loc 1 414 25 is_stmt 0 view .LVU48
 171 0084 0894     		str	r4, [sp, #32]
 415:Core/Src/main.c ****   HAL_GPIO_Init(GPIOE, &GPIO_InitStruct);
 172              		.loc 1 415 3 is_stmt 1 view .LVU49
 173 0086 2946     		mov	r1, r5
 174 0088 4046     		mov	r0, r8
 175 008a FFF7FEFF 		bl	HAL_GPIO_Init
 176              	.LVL7:
 416:Core/Src/main.c **** 
 417:Core/Src/main.c ****   /*Configure GPIO pin : PB3 */
 418:Core/Src/main.c ****   GPIO_InitStruct.Pin = GPIO_PIN_3;
 177              		.loc 1 418 3 view .LVU50
 178              		.loc 1 418 23 is_stmt 0 view .LVU51
 179 008e 0823     		movs	r3, #8
 180 0090 0593     		str	r3, [sp, #20]
 419:Core/Src/main.c ****   GPIO_InitStruct.Mode = GPIO_MODE_INPUT;
 181              		.loc 1 419 3 is_stmt 1 view .LVU52
 182              		.loc 1 419 24 is_stmt 0 view .LVU53
 183 0092 0694     		str	r4, [sp, #24]
 420:Core/Src/main.c ****   GPIO_InitStruct.Pull = GPIO_NOPULL;
 184              		.loc 1 420 3 is_stmt 1 view .LVU54
 185              		.loc 1 420 24 is_stmt 0 view .LVU55
 186 0094 0794     		str	r4, [sp, #28]
 421:Core/Src/main.c ****   HAL_GPIO_Init(GPIOB, &GPIO_InitStruct);
 187              		.loc 1 421 3 is_stmt 1 view .LVU56
 188 0096 2946     		mov	r1, r5
 189 0098 3046     		mov	r0, r6
 190 009a FFF7FEFF 		bl	HAL_GPIO_Init
 191              	.LVL8:
 422:Core/Src/main.c **** 
 423:Core/Src/main.c ****   /*Configure GPIO pins : PB4 PB5 */
 424:Core/Src/main.c ****   GPIO_InitStruct.Pin = GPIO_PIN_4|GPIO_PIN_5;
 192              		.loc 1 424 3 view .LVU57
 193              		.loc 1 424 23 is_stmt 0 view .LVU58
 194 009e 3023     		movs	r3, #48
 195 00a0 0593     		str	r3, [sp, #20]
 425:Core/Src/main.c ****   GPIO_InitStruct.Mode = GPIO_MODE_OUTPUT_PP;
 196              		.loc 1 425 3 is_stmt 1 view .LVU59
 197              		.loc 1 425 24 is_stmt 0 view .LVU60
 198 00a2 0697     		str	r7, [sp, #24]
 426:Core/Src/main.c ****   GPIO_InitStruct.Pull = GPIO_NOPULL;
 199              		.loc 1 426 3 is_stmt 1 view .LVU61
 200              		.loc 1 426 24 is_stmt 0 view .LVU62
 201 00a4 0794     		str	r4, [sp, #28]
 427:Core/Src/main.c ****   GPIO_InitStruct.Speed = GPIO_SPEED_FREQ_LOW;
 202              		.loc 1 427 3 is_stmt 1 view .LVU63
 203              		.loc 1 427 25 is_stmt 0 view .LVU64
 204 00a6 0894     		str	r4, [sp, #32]
 428:Core/Src/main.c ****   HAL_GPIO_Init(GPIOB, &GPIO_InitStruct);
 205              		.loc 1 428 3 is_stmt 1 view .LVU65
 206 00a8 2946     		mov	r1, r5
 207 00aa 3046     		mov	r0, r6
ARM GAS  /var/folders/98/ctz5mtps7w71v8dr53cf5qg40000gn/T//ccxHhGaC.s 			page 22


 208 00ac FFF7FEFF 		bl	HAL_GPIO_Init
 209              	.LVL9:
 429:Core/Src/main.c **** 
 430:Core/Src/main.c **** 
 431:Core/Src/main.c **** }
 210              		.loc 1 431 1 is_stmt 0 view .LVU66
 211 00b0 0AB0     		add	sp, sp, #40
 212              	.LCFI2:
 213              		.cfi_def_cfa_offset 24
 214              		@ sp needed
 215 00b2 BDE8F081 		pop	{r4, r5, r6, r7, r8, pc}
 216              	.L4:
 217 00b6 00BF     		.align	2
 218              	.L3:
 219 00b8 00040048 		.word	1207960576
 220 00bc 00100048 		.word	1207963648
 221              		.cfi_endproc
 222              	.LFE964:
 224              		.section	.text.BlinkTask,"ax",%progbits
 225              		.align	1
 226              		.global	BlinkTask
 227              		.syntax unified
 228              		.thumb
 229              		.thumb_func
 231              	BlinkTask:
 232              	.LFB955:
  92:Core/Src/main.c ****   (void) pvParameters;  // unused
 233              		.loc 1 92 1 is_stmt 1 view -0
 234              		.cfi_startproc
 235              		@ Volatile: function does not return.
 236              		@ args = 0, pretend = 0, frame = 0
 237              		@ frame_needed = 0, uses_anonymous_args = 0
 238              	.LVL10:
  92:Core/Src/main.c ****   (void) pvParameters;  // unused
 239              		.loc 1 92 1 is_stmt 0 view .LVU68
 240 0000 08B5     		push	{r3, lr}
 241              	.LCFI3:
 242              		.cfi_def_cfa_offset 8
 243              		.cfi_offset 3, -8
 244              		.cfi_offset 14, -4
 245              	.LVL11:
 246              	.L6:
  93:Core/Src/main.c **** 
 247              		.loc 1 93 3 is_stmt 1 view .LVU69
  95:Core/Src/main.c ****   {
 248              		.loc 1 95 3 view .LVU70
  97:Core/Src/main.c ****     vTaskDelay(pdMS_TO_TICKS(500)); // задержка 500 мс
 249              		.loc 1 97 5 view .LVU71
 250 0002 2021     		movs	r1, #32
 251 0004 0348     		ldr	r0, .L8
 252 0006 FFF7FEFF 		bl	HAL_GPIO_TogglePin
 253              	.LVL12:
  98:Core/Src/main.c ****   }
 254              		.loc 1 98 5 discriminator 1 view .LVU72
 255 000a 4FF4FA70 		mov	r0, #500
 256 000e FFF7FEFF 		bl	vTaskDelay
 257              	.LVL13:
ARM GAS  /var/folders/98/ctz5mtps7w71v8dr53cf5qg40000gn/T//ccxHhGaC.s 			page 23


  95:Core/Src/main.c ****   {
 258              		.loc 1 95 9 view .LVU73
 259 0012 F6E7     		b	.L6
 260              	.L9:
 261              		.align	2
 262              	.L8:
 263 0014 00040048 		.word	1207960576
 264              		.cfi_endproc
 265              	.LFE955:
 267              		.section	.text.HAL_TIM_PeriodElapsedCallback,"ax",%progbits
 268              		.align	1
 269              		.global	HAL_TIM_PeriodElapsedCallback
 270              		.syntax unified
 271              		.thumb
 272              		.thumb_func
 274              	HAL_TIM_PeriodElapsedCallback:
 275              	.LVL14:
 276              	.LFB965:
 432:Core/Src/main.c **** 
 433:Core/Src/main.c **** 
 434:Core/Src/main.c **** 
 435:Core/Src/main.c **** /* USER CODE BEGIN Header_StartDefaultTask */
 436:Core/Src/main.c **** /**
 437:Core/Src/main.c ****   * @brief  Function implementing the defaultTask thread.
 438:Core/Src/main.c ****   * @param  argument: Not used
 439:Core/Src/main.c ****   * @retval None
 440:Core/Src/main.c ****   */
 441:Core/Src/main.c **** /* USER CODE END Header_StartDefaultTask */
 442:Core/Src/main.c **** 
 443:Core/Src/main.c **** 
 444:Core/Src/main.c **** /**
 445:Core/Src/main.c ****   * @brief  Period elapsed callback in non blocking mode
 446:Core/Src/main.c ****   * @note   This function is called  when TIM16 interrupt took place, inside
 447:Core/Src/main.c ****   * HAL_TIM_IRQHandler(). It makes a direct call to HAL_IncTick() to increment
 448:Core/Src/main.c ****   * a global variable "uwTick" used as application time base.
 449:Core/Src/main.c ****   * @param  htim : TIM handle
 450:Core/Src/main.c ****   * @retval None
 451:Core/Src/main.c ****   */
 452:Core/Src/main.c **** void HAL_TIM_PeriodElapsedCallback(TIM_HandleTypeDef *htim)
 453:Core/Src/main.c **** {
 277              		.loc 1 453 1 view -0
 278              		.cfi_startproc
 279              		@ args = 0, pretend = 0, frame = 0
 280              		@ frame_needed = 0, uses_anonymous_args = 0
 281              		.loc 1 453 1 is_stmt 0 view .LVU75
 282 0000 08B5     		push	{r3, lr}
 283              	.LCFI4:
 284              		.cfi_def_cfa_offset 8
 285              		.cfi_offset 3, -8
 286              		.cfi_offset 14, -4
 454:Core/Src/main.c ****   
 455:Core/Src/main.c ****   if (htim->Instance == TIM16)
 287              		.loc 1 455 3 is_stmt 1 view .LVU76
 288              		.loc 1 455 11 is_stmt 0 view .LVU77
 289 0002 0268     		ldr	r2, [r0]
 290              		.loc 1 455 6 view .LVU78
 291 0004 034B     		ldr	r3, .L14
ARM GAS  /var/folders/98/ctz5mtps7w71v8dr53cf5qg40000gn/T//ccxHhGaC.s 			page 24


 292 0006 9A42     		cmp	r2, r3
 293 0008 00D0     		beq	.L13
 294              	.LVL15:
 295              	.L10:
 456:Core/Src/main.c ****   {
 457:Core/Src/main.c ****     HAL_IncTick();
 458:Core/Src/main.c ****   }
 459:Core/Src/main.c ****   
 460:Core/Src/main.c **** }
 296              		.loc 1 460 1 view .LVU79
 297 000a 08BD     		pop	{r3, pc}
 298              	.LVL16:
 299              	.L13:
 457:Core/Src/main.c ****   }
 300              		.loc 1 457 5 is_stmt 1 view .LVU80
 301 000c FFF7FEFF 		bl	HAL_IncTick
 302              	.LVL17:
 303              		.loc 1 460 1 is_stmt 0 view .LVU81
 304 0010 FBE7     		b	.L10
 305              	.L15:
 306 0012 00BF     		.align	2
 307              	.L14:
 308 0014 00440140 		.word	1073824768
 309              		.cfi_endproc
 310              	.LFE965:
 312              		.section	.text.Error_Handler,"ax",%progbits
 313              		.align	1
 314              		.global	Error_Handler
 315              		.syntax unified
 316              		.thumb
 317              		.thumb_func
 319              	Error_Handler:
 320              	.LFB966:
 461:Core/Src/main.c **** 
 462:Core/Src/main.c **** /**
 463:Core/Src/main.c ****   * @brief  This function is executed in case of error occurrence.
 464:Core/Src/main.c ****   * @retval None
 465:Core/Src/main.c ****   */
 466:Core/Src/main.c **** void Error_Handler(void)
 467:Core/Src/main.c **** {
 321              		.loc 1 467 1 is_stmt 1 view -0
 322              		.cfi_startproc
 323              		@ Volatile: function does not return.
 324              		@ args = 0, pretend = 0, frame = 0
 325              		@ frame_needed = 0, uses_anonymous_args = 0
 326              		@ link register save eliminated.
 468:Core/Src/main.c ****   /* USER CODE BEGIN Error_Handler_Debug */
 469:Core/Src/main.c ****   /* User can add his own implementation to report the HAL error return state */
 470:Core/Src/main.c ****   __disable_irq();
 327              		.loc 1 470 3 view .LVU83
 328              	.LBB20:
 329              	.LBI20:
 330              		.file 3 "Drivers/CMSIS/Include/cmsis_gcc.h"
   1:Drivers/CMSIS/Include/cmsis_gcc.h **** /**************************************************************************//**
   2:Drivers/CMSIS/Include/cmsis_gcc.h ****  * @file     cmsis_gcc.h
   3:Drivers/CMSIS/Include/cmsis_gcc.h ****  * @brief    CMSIS compiler GCC header file
   4:Drivers/CMSIS/Include/cmsis_gcc.h ****  * @version  V5.2.0
ARM GAS  /var/folders/98/ctz5mtps7w71v8dr53cf5qg40000gn/T//ccxHhGaC.s 			page 25


   5:Drivers/CMSIS/Include/cmsis_gcc.h ****  * @date     08. May 2019
   6:Drivers/CMSIS/Include/cmsis_gcc.h ****  ******************************************************************************/
   7:Drivers/CMSIS/Include/cmsis_gcc.h **** /*
   8:Drivers/CMSIS/Include/cmsis_gcc.h ****  * Copyright (c) 2009-2019 Arm Limited. All rights reserved.
   9:Drivers/CMSIS/Include/cmsis_gcc.h ****  *
  10:Drivers/CMSIS/Include/cmsis_gcc.h ****  * SPDX-License-Identifier: Apache-2.0
  11:Drivers/CMSIS/Include/cmsis_gcc.h ****  *
  12:Drivers/CMSIS/Include/cmsis_gcc.h ****  * Licensed under the Apache License, Version 2.0 (the License); you may
  13:Drivers/CMSIS/Include/cmsis_gcc.h ****  * not use this file except in compliance with the License.
  14:Drivers/CMSIS/Include/cmsis_gcc.h ****  * You may obtain a copy of the License at
  15:Drivers/CMSIS/Include/cmsis_gcc.h ****  *
  16:Drivers/CMSIS/Include/cmsis_gcc.h ****  * www.apache.org/licenses/LICENSE-2.0
  17:Drivers/CMSIS/Include/cmsis_gcc.h ****  *
  18:Drivers/CMSIS/Include/cmsis_gcc.h ****  * Unless required by applicable law or agreed to in writing, software
  19:Drivers/CMSIS/Include/cmsis_gcc.h ****  * distributed under the License is distributed on an AS IS BASIS, WITHOUT
  20:Drivers/CMSIS/Include/cmsis_gcc.h ****  * WARRANTIES OR CONDITIONS OF ANY KIND, either express or implied.
  21:Drivers/CMSIS/Include/cmsis_gcc.h ****  * See the License for the specific language governing permissions and
  22:Drivers/CMSIS/Include/cmsis_gcc.h ****  * limitations under the License.
  23:Drivers/CMSIS/Include/cmsis_gcc.h ****  */
  24:Drivers/CMSIS/Include/cmsis_gcc.h **** 
  25:Drivers/CMSIS/Include/cmsis_gcc.h **** #ifndef __CMSIS_GCC_H
  26:Drivers/CMSIS/Include/cmsis_gcc.h **** #define __CMSIS_GCC_H
  27:Drivers/CMSIS/Include/cmsis_gcc.h **** 
  28:Drivers/CMSIS/Include/cmsis_gcc.h **** /* ignore some GCC warnings */
  29:Drivers/CMSIS/Include/cmsis_gcc.h **** #pragma GCC diagnostic push
  30:Drivers/CMSIS/Include/cmsis_gcc.h **** #pragma GCC diagnostic ignored "-Wsign-conversion"
  31:Drivers/CMSIS/Include/cmsis_gcc.h **** #pragma GCC diagnostic ignored "-Wconversion"
  32:Drivers/CMSIS/Include/cmsis_gcc.h **** #pragma GCC diagnostic ignored "-Wunused-parameter"
  33:Drivers/CMSIS/Include/cmsis_gcc.h **** 
  34:Drivers/CMSIS/Include/cmsis_gcc.h **** /* Fallback for __has_builtin */
  35:Drivers/CMSIS/Include/cmsis_gcc.h **** #ifndef __has_builtin
  36:Drivers/CMSIS/Include/cmsis_gcc.h ****   #define __has_builtin(x) (0)
  37:Drivers/CMSIS/Include/cmsis_gcc.h **** #endif
  38:Drivers/CMSIS/Include/cmsis_gcc.h **** 
  39:Drivers/CMSIS/Include/cmsis_gcc.h **** /* CMSIS compiler specific defines */
  40:Drivers/CMSIS/Include/cmsis_gcc.h **** #ifndef   __ASM
  41:Drivers/CMSIS/Include/cmsis_gcc.h ****   #define __ASM                                  __asm
  42:Drivers/CMSIS/Include/cmsis_gcc.h **** #endif
  43:Drivers/CMSIS/Include/cmsis_gcc.h **** #ifndef   __INLINE
  44:Drivers/CMSIS/Include/cmsis_gcc.h ****   #define __INLINE                               inline
  45:Drivers/CMSIS/Include/cmsis_gcc.h **** #endif
  46:Drivers/CMSIS/Include/cmsis_gcc.h **** #ifndef   __STATIC_INLINE
  47:Drivers/CMSIS/Include/cmsis_gcc.h ****   #define __STATIC_INLINE                        static inline
  48:Drivers/CMSIS/Include/cmsis_gcc.h **** #endif
  49:Drivers/CMSIS/Include/cmsis_gcc.h **** #ifndef   __STATIC_FORCEINLINE                 
  50:Drivers/CMSIS/Include/cmsis_gcc.h ****   #define __STATIC_FORCEINLINE                   __attribute__((always_inline)) static inline
  51:Drivers/CMSIS/Include/cmsis_gcc.h **** #endif                                           
  52:Drivers/CMSIS/Include/cmsis_gcc.h **** #ifndef   __NO_RETURN
  53:Drivers/CMSIS/Include/cmsis_gcc.h ****   #define __NO_RETURN                            __attribute__((__noreturn__))
  54:Drivers/CMSIS/Include/cmsis_gcc.h **** #endif
  55:Drivers/CMSIS/Include/cmsis_gcc.h **** #ifndef   __USED
  56:Drivers/CMSIS/Include/cmsis_gcc.h ****   #define __USED                                 __attribute__((used))
  57:Drivers/CMSIS/Include/cmsis_gcc.h **** #endif
  58:Drivers/CMSIS/Include/cmsis_gcc.h **** #ifndef   __WEAK
  59:Drivers/CMSIS/Include/cmsis_gcc.h ****   #define __WEAK                                 __attribute__((weak))
  60:Drivers/CMSIS/Include/cmsis_gcc.h **** #endif
  61:Drivers/CMSIS/Include/cmsis_gcc.h **** #ifndef   __PACKED
ARM GAS  /var/folders/98/ctz5mtps7w71v8dr53cf5qg40000gn/T//ccxHhGaC.s 			page 26


  62:Drivers/CMSIS/Include/cmsis_gcc.h ****   #define __PACKED                               __attribute__((packed, aligned(1)))
  63:Drivers/CMSIS/Include/cmsis_gcc.h **** #endif
  64:Drivers/CMSIS/Include/cmsis_gcc.h **** #ifndef   __PACKED_STRUCT
  65:Drivers/CMSIS/Include/cmsis_gcc.h ****   #define __PACKED_STRUCT                        struct __attribute__((packed, aligned(1)))
  66:Drivers/CMSIS/Include/cmsis_gcc.h **** #endif
  67:Drivers/CMSIS/Include/cmsis_gcc.h **** #ifndef   __PACKED_UNION
  68:Drivers/CMSIS/Include/cmsis_gcc.h ****   #define __PACKED_UNION                         union __attribute__((packed, aligned(1)))
  69:Drivers/CMSIS/Include/cmsis_gcc.h **** #endif
  70:Drivers/CMSIS/Include/cmsis_gcc.h **** #ifndef   __UNALIGNED_UINT32        /* deprecated */
  71:Drivers/CMSIS/Include/cmsis_gcc.h ****   #pragma GCC diagnostic push
  72:Drivers/CMSIS/Include/cmsis_gcc.h ****   #pragma GCC diagnostic ignored "-Wpacked"
  73:Drivers/CMSIS/Include/cmsis_gcc.h ****   #pragma GCC diagnostic ignored "-Wattributes"
  74:Drivers/CMSIS/Include/cmsis_gcc.h ****   struct __attribute__((packed)) T_UINT32 { uint32_t v; };
  75:Drivers/CMSIS/Include/cmsis_gcc.h ****   #pragma GCC diagnostic pop
  76:Drivers/CMSIS/Include/cmsis_gcc.h ****   #define __UNALIGNED_UINT32(x)                  (((struct T_UINT32 *)(x))->v)
  77:Drivers/CMSIS/Include/cmsis_gcc.h **** #endif
  78:Drivers/CMSIS/Include/cmsis_gcc.h **** #ifndef   __UNALIGNED_UINT16_WRITE
  79:Drivers/CMSIS/Include/cmsis_gcc.h ****   #pragma GCC diagnostic push
  80:Drivers/CMSIS/Include/cmsis_gcc.h ****   #pragma GCC diagnostic ignored "-Wpacked"
  81:Drivers/CMSIS/Include/cmsis_gcc.h ****   #pragma GCC diagnostic ignored "-Wattributes"
  82:Drivers/CMSIS/Include/cmsis_gcc.h ****   __PACKED_STRUCT T_UINT16_WRITE { uint16_t v; };
  83:Drivers/CMSIS/Include/cmsis_gcc.h ****   #pragma GCC diagnostic pop
  84:Drivers/CMSIS/Include/cmsis_gcc.h ****   #define __UNALIGNED_UINT16_WRITE(addr, val)    (void)((((struct T_UINT16_WRITE *)(void *)(addr))-
  85:Drivers/CMSIS/Include/cmsis_gcc.h **** #endif
  86:Drivers/CMSIS/Include/cmsis_gcc.h **** #ifndef   __UNALIGNED_UINT16_READ
  87:Drivers/CMSIS/Include/cmsis_gcc.h ****   #pragma GCC diagnostic push
  88:Drivers/CMSIS/Include/cmsis_gcc.h ****   #pragma GCC diagnostic ignored "-Wpacked"
  89:Drivers/CMSIS/Include/cmsis_gcc.h ****   #pragma GCC diagnostic ignored "-Wattributes"
  90:Drivers/CMSIS/Include/cmsis_gcc.h ****   __PACKED_STRUCT T_UINT16_READ { uint16_t v; };
  91:Drivers/CMSIS/Include/cmsis_gcc.h ****   #pragma GCC diagnostic pop
  92:Drivers/CMSIS/Include/cmsis_gcc.h ****   #define __UNALIGNED_UINT16_READ(addr)          (((const struct T_UINT16_READ *)(const void *)(add
  93:Drivers/CMSIS/Include/cmsis_gcc.h **** #endif
  94:Drivers/CMSIS/Include/cmsis_gcc.h **** #ifndef   __UNALIGNED_UINT32_WRITE
  95:Drivers/CMSIS/Include/cmsis_gcc.h ****   #pragma GCC diagnostic push
  96:Drivers/CMSIS/Include/cmsis_gcc.h ****   #pragma GCC diagnostic ignored "-Wpacked"
  97:Drivers/CMSIS/Include/cmsis_gcc.h ****   #pragma GCC diagnostic ignored "-Wattributes"
  98:Drivers/CMSIS/Include/cmsis_gcc.h ****   __PACKED_STRUCT T_UINT32_WRITE { uint32_t v; };
  99:Drivers/CMSIS/Include/cmsis_gcc.h ****   #pragma GCC diagnostic pop
 100:Drivers/CMSIS/Include/cmsis_gcc.h ****   #define __UNALIGNED_UINT32_WRITE(addr, val)    (void)((((struct T_UINT32_WRITE *)(void *)(addr))-
 101:Drivers/CMSIS/Include/cmsis_gcc.h **** #endif
 102:Drivers/CMSIS/Include/cmsis_gcc.h **** #ifndef   __UNALIGNED_UINT32_READ
 103:Drivers/CMSIS/Include/cmsis_gcc.h ****   #pragma GCC diagnostic push
 104:Drivers/CMSIS/Include/cmsis_gcc.h ****   #pragma GCC diagnostic ignored "-Wpacked"
 105:Drivers/CMSIS/Include/cmsis_gcc.h ****   #pragma GCC diagnostic ignored "-Wattributes"
 106:Drivers/CMSIS/Include/cmsis_gcc.h ****   __PACKED_STRUCT T_UINT32_READ { uint32_t v; };
 107:Drivers/CMSIS/Include/cmsis_gcc.h ****   #pragma GCC diagnostic pop
 108:Drivers/CMSIS/Include/cmsis_gcc.h ****   #define __UNALIGNED_UINT32_READ(addr)          (((const struct T_UINT32_READ *)(const void *)(add
 109:Drivers/CMSIS/Include/cmsis_gcc.h **** #endif
 110:Drivers/CMSIS/Include/cmsis_gcc.h **** #ifndef   __ALIGNED
 111:Drivers/CMSIS/Include/cmsis_gcc.h ****   #define __ALIGNED(x)                           __attribute__((aligned(x)))
 112:Drivers/CMSIS/Include/cmsis_gcc.h **** #endif
 113:Drivers/CMSIS/Include/cmsis_gcc.h **** #ifndef   __RESTRICT
 114:Drivers/CMSIS/Include/cmsis_gcc.h ****   #define __RESTRICT                             __restrict
 115:Drivers/CMSIS/Include/cmsis_gcc.h **** #endif
 116:Drivers/CMSIS/Include/cmsis_gcc.h **** #ifndef   __COMPILER_BARRIER
 117:Drivers/CMSIS/Include/cmsis_gcc.h ****   #define __COMPILER_BARRIER()                   __ASM volatile("":::"memory")
 118:Drivers/CMSIS/Include/cmsis_gcc.h **** #endif
ARM GAS  /var/folders/98/ctz5mtps7w71v8dr53cf5qg40000gn/T//ccxHhGaC.s 			page 27


 119:Drivers/CMSIS/Include/cmsis_gcc.h **** 
 120:Drivers/CMSIS/Include/cmsis_gcc.h **** /* #########################  Startup and Lowlevel Init  ######################## */
 121:Drivers/CMSIS/Include/cmsis_gcc.h **** 
 122:Drivers/CMSIS/Include/cmsis_gcc.h **** #ifndef __PROGRAM_START
 123:Drivers/CMSIS/Include/cmsis_gcc.h **** 
 124:Drivers/CMSIS/Include/cmsis_gcc.h **** /**
 125:Drivers/CMSIS/Include/cmsis_gcc.h ****   \brief   Initializes data and bss sections
 126:Drivers/CMSIS/Include/cmsis_gcc.h ****   \details This default implementations initialized all data and additional bss
 127:Drivers/CMSIS/Include/cmsis_gcc.h ****            sections relying on .copy.table and .zero.table specified properly
 128:Drivers/CMSIS/Include/cmsis_gcc.h ****            in the used linker script.
 129:Drivers/CMSIS/Include/cmsis_gcc.h ****   
 130:Drivers/CMSIS/Include/cmsis_gcc.h ****  */
 131:Drivers/CMSIS/Include/cmsis_gcc.h **** __STATIC_FORCEINLINE __NO_RETURN void __cmsis_start(void)
 132:Drivers/CMSIS/Include/cmsis_gcc.h **** {
 133:Drivers/CMSIS/Include/cmsis_gcc.h ****   extern void _start(void) __NO_RETURN;
 134:Drivers/CMSIS/Include/cmsis_gcc.h ****   
 135:Drivers/CMSIS/Include/cmsis_gcc.h ****   typedef struct {
 136:Drivers/CMSIS/Include/cmsis_gcc.h ****     uint32_t const* src;
 137:Drivers/CMSIS/Include/cmsis_gcc.h ****     uint32_t* dest;
 138:Drivers/CMSIS/Include/cmsis_gcc.h ****     uint32_t  wlen;
 139:Drivers/CMSIS/Include/cmsis_gcc.h ****   } __copy_table_t;
 140:Drivers/CMSIS/Include/cmsis_gcc.h ****   
 141:Drivers/CMSIS/Include/cmsis_gcc.h ****   typedef struct {
 142:Drivers/CMSIS/Include/cmsis_gcc.h ****     uint32_t* dest;
 143:Drivers/CMSIS/Include/cmsis_gcc.h ****     uint32_t  wlen;
 144:Drivers/CMSIS/Include/cmsis_gcc.h ****   } __zero_table_t;
 145:Drivers/CMSIS/Include/cmsis_gcc.h ****   
 146:Drivers/CMSIS/Include/cmsis_gcc.h ****   extern const __copy_table_t __copy_table_start__;
 147:Drivers/CMSIS/Include/cmsis_gcc.h ****   extern const __copy_table_t __copy_table_end__;
 148:Drivers/CMSIS/Include/cmsis_gcc.h ****   extern const __zero_table_t __zero_table_start__;
 149:Drivers/CMSIS/Include/cmsis_gcc.h ****   extern const __zero_table_t __zero_table_end__;
 150:Drivers/CMSIS/Include/cmsis_gcc.h **** 
 151:Drivers/CMSIS/Include/cmsis_gcc.h ****   for (__copy_table_t const* pTable = &__copy_table_start__; pTable < &__copy_table_end__; ++pTable
 152:Drivers/CMSIS/Include/cmsis_gcc.h ****     for(uint32_t i=0u; i<pTable->wlen; ++i) {
 153:Drivers/CMSIS/Include/cmsis_gcc.h ****       pTable->dest[i] = pTable->src[i];
 154:Drivers/CMSIS/Include/cmsis_gcc.h ****     }
 155:Drivers/CMSIS/Include/cmsis_gcc.h ****   }
 156:Drivers/CMSIS/Include/cmsis_gcc.h ****  
 157:Drivers/CMSIS/Include/cmsis_gcc.h ****   for (__zero_table_t const* pTable = &__zero_table_start__; pTable < &__zero_table_end__; ++pTable
 158:Drivers/CMSIS/Include/cmsis_gcc.h ****     for(uint32_t i=0u; i<pTable->wlen; ++i) {
 159:Drivers/CMSIS/Include/cmsis_gcc.h ****       pTable->dest[i] = 0u;
 160:Drivers/CMSIS/Include/cmsis_gcc.h ****     }
 161:Drivers/CMSIS/Include/cmsis_gcc.h ****   }
 162:Drivers/CMSIS/Include/cmsis_gcc.h ****  
 163:Drivers/CMSIS/Include/cmsis_gcc.h ****   _start();
 164:Drivers/CMSIS/Include/cmsis_gcc.h **** }
 165:Drivers/CMSIS/Include/cmsis_gcc.h ****   
 166:Drivers/CMSIS/Include/cmsis_gcc.h **** #define __PROGRAM_START           __cmsis_start
 167:Drivers/CMSIS/Include/cmsis_gcc.h **** #endif
 168:Drivers/CMSIS/Include/cmsis_gcc.h **** 
 169:Drivers/CMSIS/Include/cmsis_gcc.h **** #ifndef __INITIAL_SP
 170:Drivers/CMSIS/Include/cmsis_gcc.h **** #define __INITIAL_SP              __StackTop
 171:Drivers/CMSIS/Include/cmsis_gcc.h **** #endif
 172:Drivers/CMSIS/Include/cmsis_gcc.h **** 
 173:Drivers/CMSIS/Include/cmsis_gcc.h **** #ifndef __STACK_LIMIT
 174:Drivers/CMSIS/Include/cmsis_gcc.h **** #define __STACK_LIMIT             __StackLimit
 175:Drivers/CMSIS/Include/cmsis_gcc.h **** #endif
ARM GAS  /var/folders/98/ctz5mtps7w71v8dr53cf5qg40000gn/T//ccxHhGaC.s 			page 28


 176:Drivers/CMSIS/Include/cmsis_gcc.h **** 
 177:Drivers/CMSIS/Include/cmsis_gcc.h **** #ifndef __VECTOR_TABLE
 178:Drivers/CMSIS/Include/cmsis_gcc.h **** #define __VECTOR_TABLE            __Vectors
 179:Drivers/CMSIS/Include/cmsis_gcc.h **** #endif
 180:Drivers/CMSIS/Include/cmsis_gcc.h **** 
 181:Drivers/CMSIS/Include/cmsis_gcc.h **** #ifndef __VECTOR_TABLE_ATTRIBUTE
 182:Drivers/CMSIS/Include/cmsis_gcc.h **** #define __VECTOR_TABLE_ATTRIBUTE  __attribute((used, section(".vectors")))
 183:Drivers/CMSIS/Include/cmsis_gcc.h **** #endif
 184:Drivers/CMSIS/Include/cmsis_gcc.h **** 
 185:Drivers/CMSIS/Include/cmsis_gcc.h **** /* ###########################  Core Function Access  ########################### */
 186:Drivers/CMSIS/Include/cmsis_gcc.h **** /** \ingroup  CMSIS_Core_FunctionInterface
 187:Drivers/CMSIS/Include/cmsis_gcc.h ****     \defgroup CMSIS_Core_RegAccFunctions CMSIS Core Register Access Functions
 188:Drivers/CMSIS/Include/cmsis_gcc.h ****   @{
 189:Drivers/CMSIS/Include/cmsis_gcc.h ****  */
 190:Drivers/CMSIS/Include/cmsis_gcc.h **** 
 191:Drivers/CMSIS/Include/cmsis_gcc.h **** /**
 192:Drivers/CMSIS/Include/cmsis_gcc.h ****   \brief   Enable IRQ Interrupts
 193:Drivers/CMSIS/Include/cmsis_gcc.h ****   \details Enables IRQ interrupts by clearing the I-bit in the CPSR.
 194:Drivers/CMSIS/Include/cmsis_gcc.h ****            Can only be executed in Privileged modes.
 195:Drivers/CMSIS/Include/cmsis_gcc.h ****  */
 196:Drivers/CMSIS/Include/cmsis_gcc.h **** __STATIC_FORCEINLINE void __enable_irq(void)
 197:Drivers/CMSIS/Include/cmsis_gcc.h **** {
 198:Drivers/CMSIS/Include/cmsis_gcc.h ****   __ASM volatile ("cpsie i" : : : "memory");
 199:Drivers/CMSIS/Include/cmsis_gcc.h **** }
 200:Drivers/CMSIS/Include/cmsis_gcc.h **** 
 201:Drivers/CMSIS/Include/cmsis_gcc.h **** 
 202:Drivers/CMSIS/Include/cmsis_gcc.h **** /**
 203:Drivers/CMSIS/Include/cmsis_gcc.h ****   \brief   Disable IRQ Interrupts
 204:Drivers/CMSIS/Include/cmsis_gcc.h ****   \details Disables IRQ interrupts by setting the I-bit in the CPSR.
 205:Drivers/CMSIS/Include/cmsis_gcc.h ****            Can only be executed in Privileged modes.
 206:Drivers/CMSIS/Include/cmsis_gcc.h ****  */
 207:Drivers/CMSIS/Include/cmsis_gcc.h **** __STATIC_FORCEINLINE void __disable_irq(void)
 331              		.loc 3 207 27 view .LVU84
 332              	.LBB21:
 208:Drivers/CMSIS/Include/cmsis_gcc.h **** {
 209:Drivers/CMSIS/Include/cmsis_gcc.h ****   __ASM volatile ("cpsid i" : : : "memory");
 333              		.loc 3 209 3 view .LVU85
 334              		.syntax unified
 335              	@ 209 "Drivers/CMSIS/Include/cmsis_gcc.h" 1
 336 0000 72B6     		cpsid i
 337              	@ 0 "" 2
 338              		.thumb
 339              		.syntax unified
 340              	.L17:
 341              	.LBE21:
 342              	.LBE20:
 471:Core/Src/main.c ****   while (1)
 343              		.loc 1 471 3 view .LVU86
 472:Core/Src/main.c ****   {
 473:Core/Src/main.c ****   }
 344              		.loc 1 473 3 view .LVU87
 471:Core/Src/main.c ****   while (1)
 345              		.loc 1 471 9 view .LVU88
 346 0002 FEE7     		b	.L17
 347              		.cfi_endproc
 348              	.LFE966:
 350              		.section	.text.MX_IPCC_Init,"ax",%progbits
ARM GAS  /var/folders/98/ctz5mtps7w71v8dr53cf5qg40000gn/T//ccxHhGaC.s 			page 29


 351              		.align	1
 352              		.syntax unified
 353              		.thumb
 354              		.thumb_func
 356              	MX_IPCC_Init:
 357              	.LFB958:
 166:Core/Src/main.c **** 
 358              		.loc 1 166 1 view -0
 359              		.cfi_startproc
 360              		@ args = 0, pretend = 0, frame = 0
 361              		@ frame_needed = 0, uses_anonymous_args = 0
 362 0000 08B5     		push	{r3, lr}
 363              	.LCFI5:
 364              		.cfi_def_cfa_offset 8
 365              		.cfi_offset 3, -8
 366              		.cfi_offset 14, -4
 169:Core/Src/main.c ****   if (HAL_IPCC_Init(&hipcc) != HAL_OK)
 367              		.loc 1 169 3 view .LVU90
 169:Core/Src/main.c ****   if (HAL_IPCC_Init(&hipcc) != HAL_OK)
 368              		.loc 1 169 18 is_stmt 0 view .LVU91
 369 0002 0448     		ldr	r0, .L22
 370 0004 044B     		ldr	r3, .L22+4
 371 0006 0360     		str	r3, [r0]
 170:Core/Src/main.c ****   {
 372              		.loc 1 170 3 is_stmt 1 view .LVU92
 170:Core/Src/main.c ****   {
 373              		.loc 1 170 7 is_stmt 0 view .LVU93
 374 0008 FFF7FEFF 		bl	HAL_IPCC_Init
 375              	.LVL18:
 170:Core/Src/main.c ****   {
 376              		.loc 1 170 6 discriminator 1 view .LVU94
 377 000c 00B9     		cbnz	r0, .L21
 176:Core/Src/main.c **** 
 378              		.loc 1 176 1 view .LVU95
 379 000e 08BD     		pop	{r3, pc}
 380              	.L21:
 172:Core/Src/main.c ****   }
 381              		.loc 1 172 5 is_stmt 1 view .LVU96
 382 0010 FFF7FEFF 		bl	Error_Handler
 383              	.LVL19:
 384              	.L23:
 385              		.align	2
 386              	.L22:
 387 0014 00000000 		.word	hipcc
 388 0018 000C0058 		.word	1476398080
 389              		.cfi_endproc
 390              	.LFE958:
 392              		.section	.text.MX_I2C1_Init,"ax",%progbits
 393              		.align	1
 394              		.syntax unified
 395              		.thumb
 396              		.thumb_func
 398              	MX_I2C1_Init:
 399              	.LFB957:
 126:Core/Src/main.c **** 
 400              		.loc 1 126 1 view -0
 401              		.cfi_startproc
ARM GAS  /var/folders/98/ctz5mtps7w71v8dr53cf5qg40000gn/T//ccxHhGaC.s 			page 30


 402              		@ args = 0, pretend = 0, frame = 0
 403              		@ frame_needed = 0, uses_anonymous_args = 0
 404 0000 08B5     		push	{r3, lr}
 405              	.LCFI6:
 406              		.cfi_def_cfa_offset 8
 407              		.cfi_offset 3, -8
 408              		.cfi_offset 14, -4
 129:Core/Src/main.c ****   hi2c1.Init.Timing = 0x00B07CB4;
 409              		.loc 1 129 3 view .LVU98
 129:Core/Src/main.c ****   hi2c1.Init.Timing = 0x00B07CB4;
 410              		.loc 1 129 18 is_stmt 0 view .LVU99
 411 0002 1148     		ldr	r0, .L32
 412 0004 114B     		ldr	r3, .L32+4
 413 0006 0360     		str	r3, [r0]
 130:Core/Src/main.c ****   hi2c1.Init.OwnAddress1 = 0;
 414              		.loc 1 130 3 is_stmt 1 view .LVU100
 130:Core/Src/main.c ****   hi2c1.Init.OwnAddress1 = 0;
 415              		.loc 1 130 21 is_stmt 0 view .LVU101
 416 0008 114B     		ldr	r3, .L32+8
 417 000a 4360     		str	r3, [r0, #4]
 131:Core/Src/main.c ****   hi2c1.Init.AddressingMode = I2C_ADDRESSINGMODE_7BIT;
 418              		.loc 1 131 3 is_stmt 1 view .LVU102
 131:Core/Src/main.c ****   hi2c1.Init.AddressingMode = I2C_ADDRESSINGMODE_7BIT;
 419              		.loc 1 131 26 is_stmt 0 view .LVU103
 420 000c 0023     		movs	r3, #0
 421 000e 8360     		str	r3, [r0, #8]
 132:Core/Src/main.c ****   hi2c1.Init.DualAddressMode = I2C_DUALADDRESS_DISABLE;
 422              		.loc 1 132 3 is_stmt 1 view .LVU104
 132:Core/Src/main.c ****   hi2c1.Init.DualAddressMode = I2C_DUALADDRESS_DISABLE;
 423              		.loc 1 132 29 is_stmt 0 view .LVU105
 424 0010 0122     		movs	r2, #1
 425 0012 C260     		str	r2, [r0, #12]
 133:Core/Src/main.c ****   hi2c1.Init.OwnAddress2 = 0;
 426              		.loc 1 133 3 is_stmt 1 view .LVU106
 133:Core/Src/main.c ****   hi2c1.Init.OwnAddress2 = 0;
 427              		.loc 1 133 30 is_stmt 0 view .LVU107
 428 0014 0361     		str	r3, [r0, #16]
 134:Core/Src/main.c ****   hi2c1.Init.OwnAddress2Masks = I2C_OA2_NOMASK;
 429              		.loc 1 134 3 is_stmt 1 view .LVU108
 134:Core/Src/main.c ****   hi2c1.Init.OwnAddress2Masks = I2C_OA2_NOMASK;
 430              		.loc 1 134 26 is_stmt 0 view .LVU109
 431 0016 4361     		str	r3, [r0, #20]
 135:Core/Src/main.c ****   hi2c1.Init.GeneralCallMode = I2C_GENERALCALL_DISABLE;
 432              		.loc 1 135 3 is_stmt 1 view .LVU110
 135:Core/Src/main.c ****   hi2c1.Init.GeneralCallMode = I2C_GENERALCALL_DISABLE;
 433              		.loc 1 135 31 is_stmt 0 view .LVU111
 434 0018 8361     		str	r3, [r0, #24]
 136:Core/Src/main.c ****   hi2c1.Init.NoStretchMode = I2C_NOSTRETCH_DISABLE;
 435              		.loc 1 136 3 is_stmt 1 view .LVU112
 136:Core/Src/main.c ****   hi2c1.Init.NoStretchMode = I2C_NOSTRETCH_DISABLE;
 436              		.loc 1 136 30 is_stmt 0 view .LVU113
 437 001a C361     		str	r3, [r0, #28]
 137:Core/Src/main.c ****   if (HAL_I2C_Init(&hi2c1) != HAL_OK)
 438              		.loc 1 137 3 is_stmt 1 view .LVU114
 137:Core/Src/main.c ****   if (HAL_I2C_Init(&hi2c1) != HAL_OK)
 439              		.loc 1 137 28 is_stmt 0 view .LVU115
 440 001c 0362     		str	r3, [r0, #32]
ARM GAS  /var/folders/98/ctz5mtps7w71v8dr53cf5qg40000gn/T//ccxHhGaC.s 			page 31


 138:Core/Src/main.c ****   {
 441              		.loc 1 138 3 is_stmt 1 view .LVU116
 138:Core/Src/main.c ****   {
 442              		.loc 1 138 7 is_stmt 0 view .LVU117
 443 001e FFF7FEFF 		bl	HAL_I2C_Init
 444              	.LVL20:
 138:Core/Src/main.c ****   {
 445              		.loc 1 138 6 discriminator 1 view .LVU118
 446 0022 50B9     		cbnz	r0, .L29
 145:Core/Src/main.c ****   {
 447              		.loc 1 145 3 is_stmt 1 view .LVU119
 145:Core/Src/main.c ****   {
 448              		.loc 1 145 7 is_stmt 0 view .LVU120
 449 0024 0021     		movs	r1, #0
 450 0026 0848     		ldr	r0, .L32
 451 0028 FFF7FEFF 		bl	HAL_I2CEx_ConfigAnalogFilter
 452              	.LVL21:
 145:Core/Src/main.c ****   {
 453              		.loc 1 145 6 discriminator 1 view .LVU121
 454 002c 38B9     		cbnz	r0, .L30
 152:Core/Src/main.c ****   {
 455              		.loc 1 152 3 is_stmt 1 view .LVU122
 152:Core/Src/main.c ****   {
 456              		.loc 1 152 7 is_stmt 0 view .LVU123
 457 002e 0021     		movs	r1, #0
 458 0030 0548     		ldr	r0, .L32
 459 0032 FFF7FEFF 		bl	HAL_I2CEx_ConfigDigitalFilter
 460              	.LVL22:
 152:Core/Src/main.c ****   {
 461              		.loc 1 152 6 discriminator 1 view .LVU124
 462 0036 20B9     		cbnz	r0, .L31
 158:Core/Src/main.c **** 
 463              		.loc 1 158 1 view .LVU125
 464 0038 08BD     		pop	{r3, pc}
 465              	.L29:
 140:Core/Src/main.c ****   }
 466              		.loc 1 140 5 is_stmt 1 view .LVU126
 467 003a FFF7FEFF 		bl	Error_Handler
 468              	.LVL23:
 469              	.L30:
 147:Core/Src/main.c ****   }
 470              		.loc 1 147 5 view .LVU127
 471 003e FFF7FEFF 		bl	Error_Handler
 472              	.LVL24:
 473              	.L31:
 154:Core/Src/main.c ****   }
 474              		.loc 1 154 5 view .LVU128
 475 0042 FFF7FEFF 		bl	Error_Handler
 476              	.LVL25:
 477              	.L33:
 478 0046 00BF     		.align	2
 479              	.L32:
 480 0048 00000000 		.word	hi2c1
 481 004c 00540040 		.word	1073763328
 482 0050 B47CB000 		.word	11566260
 483              		.cfi_endproc
 484              	.LFE957:
ARM GAS  /var/folders/98/ctz5mtps7w71v8dr53cf5qg40000gn/T//ccxHhGaC.s 			page 32


 486              		.section	.text.MX_SPI1_Init,"ax",%progbits
 487              		.align	1
 488              		.syntax unified
 489              		.thumb
 490              		.thumb_func
 492              	MX_SPI1_Init:
 493              	.LFB960:
 196:Core/Src/main.c **** 
 494              		.loc 1 196 1 view -0
 495              		.cfi_startproc
 496              		@ args = 0, pretend = 0, frame = 0
 497              		@ frame_needed = 0, uses_anonymous_args = 0
 498 0000 08B5     		push	{r3, lr}
 499              	.LCFI7:
 500              		.cfi_def_cfa_offset 8
 501              		.cfi_offset 3, -8
 502              		.cfi_offset 14, -4
 200:Core/Src/main.c ****   hspi1.Init.Mode = SPI_MODE_MASTER;
 503              		.loc 1 200 3 view .LVU130
 200:Core/Src/main.c ****   hspi1.Init.Mode = SPI_MODE_MASTER;
 504              		.loc 1 200 18 is_stmt 0 view .LVU131
 505 0002 0F48     		ldr	r0, .L38
 506 0004 0F4B     		ldr	r3, .L38+4
 507 0006 0360     		str	r3, [r0]
 201:Core/Src/main.c ****   hspi1.Init.Direction = SPI_DIRECTION_2LINES;
 508              		.loc 1 201 3 is_stmt 1 view .LVU132
 201:Core/Src/main.c ****   hspi1.Init.Direction = SPI_DIRECTION_2LINES;
 509              		.loc 1 201 19 is_stmt 0 view .LVU133
 510 0008 4FF48273 		mov	r3, #260
 511 000c 4360     		str	r3, [r0, #4]
 202:Core/Src/main.c ****   hspi1.Init.DataSize = SPI_DATASIZE_4BIT;
 512              		.loc 1 202 3 is_stmt 1 view .LVU134
 202:Core/Src/main.c ****   hspi1.Init.DataSize = SPI_DATASIZE_4BIT;
 513              		.loc 1 202 24 is_stmt 0 view .LVU135
 514 000e 0023     		movs	r3, #0
 515 0010 8360     		str	r3, [r0, #8]
 203:Core/Src/main.c ****   hspi1.Init.CLKPolarity = SPI_POLARITY_LOW;
 516              		.loc 1 203 3 is_stmt 1 view .LVU136
 203:Core/Src/main.c ****   hspi1.Init.CLKPolarity = SPI_POLARITY_LOW;
 517              		.loc 1 203 23 is_stmt 0 view .LVU137
 518 0012 4FF44072 		mov	r2, #768
 519 0016 C260     		str	r2, [r0, #12]
 204:Core/Src/main.c ****   hspi1.Init.CLKPhase = SPI_PHASE_1EDGE;
 520              		.loc 1 204 3 is_stmt 1 view .LVU138
 204:Core/Src/main.c ****   hspi1.Init.CLKPhase = SPI_PHASE_1EDGE;
 521              		.loc 1 204 26 is_stmt 0 view .LVU139
 522 0018 0361     		str	r3, [r0, #16]
 205:Core/Src/main.c ****   hspi1.Init.NSS = SPI_NSS_SOFT;
 523              		.loc 1 205 3 is_stmt 1 view .LVU140
 205:Core/Src/main.c ****   hspi1.Init.NSS = SPI_NSS_SOFT;
 524              		.loc 1 205 23 is_stmt 0 view .LVU141
 525 001a 4361     		str	r3, [r0, #20]
 206:Core/Src/main.c ****   hspi1.Init.BaudRatePrescaler = SPI_BAUDRATEPRESCALER_2;
 526              		.loc 1 206 3 is_stmt 1 view .LVU142
 206:Core/Src/main.c ****   hspi1.Init.BaudRatePrescaler = SPI_BAUDRATEPRESCALER_2;
 527              		.loc 1 206 18 is_stmt 0 view .LVU143
 528 001c 4FF40072 		mov	r2, #512
ARM GAS  /var/folders/98/ctz5mtps7w71v8dr53cf5qg40000gn/T//ccxHhGaC.s 			page 33


 529 0020 8261     		str	r2, [r0, #24]
 207:Core/Src/main.c ****   hspi1.Init.FirstBit = SPI_FIRSTBIT_MSB;
 530              		.loc 1 207 3 is_stmt 1 view .LVU144
 207:Core/Src/main.c ****   hspi1.Init.FirstBit = SPI_FIRSTBIT_MSB;
 531              		.loc 1 207 32 is_stmt 0 view .LVU145
 532 0022 C361     		str	r3, [r0, #28]
 208:Core/Src/main.c ****   hspi1.Init.TIMode = SPI_TIMODE_DISABLE;
 533              		.loc 1 208 3 is_stmt 1 view .LVU146
 208:Core/Src/main.c ****   hspi1.Init.TIMode = SPI_TIMODE_DISABLE;
 534              		.loc 1 208 23 is_stmt 0 view .LVU147
 535 0024 0362     		str	r3, [r0, #32]
 209:Core/Src/main.c ****   hspi1.Init.CRCCalculation = SPI_CRCCALCULATION_DISABLE;
 536              		.loc 1 209 3 is_stmt 1 view .LVU148
 209:Core/Src/main.c ****   hspi1.Init.CRCCalculation = SPI_CRCCALCULATION_DISABLE;
 537              		.loc 1 209 21 is_stmt 0 view .LVU149
 538 0026 4362     		str	r3, [r0, #36]
 210:Core/Src/main.c ****   hspi1.Init.CRCPolynomial = 7;
 539              		.loc 1 210 3 is_stmt 1 view .LVU150
 210:Core/Src/main.c ****   hspi1.Init.CRCPolynomial = 7;
 540              		.loc 1 210 29 is_stmt 0 view .LVU151
 541 0028 8362     		str	r3, [r0, #40]
 211:Core/Src/main.c ****   hspi1.Init.CRCLength = SPI_CRC_LENGTH_DATASIZE;
 542              		.loc 1 211 3 is_stmt 1 view .LVU152
 211:Core/Src/main.c ****   hspi1.Init.CRCLength = SPI_CRC_LENGTH_DATASIZE;
 543              		.loc 1 211 28 is_stmt 0 view .LVU153
 544 002a 0722     		movs	r2, #7
 545 002c C262     		str	r2, [r0, #44]
 212:Core/Src/main.c ****   hspi1.Init.NSSPMode = SPI_NSS_PULSE_ENABLE;
 546              		.loc 1 212 3 is_stmt 1 view .LVU154
 212:Core/Src/main.c ****   hspi1.Init.NSSPMode = SPI_NSS_PULSE_ENABLE;
 547              		.loc 1 212 24 is_stmt 0 view .LVU155
 548 002e 0363     		str	r3, [r0, #48]
 213:Core/Src/main.c ****   if (HAL_SPI_Init(&hspi1) != HAL_OK)
 549              		.loc 1 213 3 is_stmt 1 view .LVU156
 213:Core/Src/main.c ****   if (HAL_SPI_Init(&hspi1) != HAL_OK)
 550              		.loc 1 213 23 is_stmt 0 view .LVU157
 551 0030 0823     		movs	r3, #8
 552 0032 4363     		str	r3, [r0, #52]
 214:Core/Src/main.c ****   {
 553              		.loc 1 214 3 is_stmt 1 view .LVU158
 214:Core/Src/main.c ****   {
 554              		.loc 1 214 7 is_stmt 0 view .LVU159
 555 0034 FFF7FEFF 		bl	HAL_SPI_Init
 556              	.LVL26:
 214:Core/Src/main.c ****   {
 557              		.loc 1 214 6 discriminator 1 view .LVU160
 558 0038 00B9     		cbnz	r0, .L37
 219:Core/Src/main.c **** 
 559              		.loc 1 219 1 view .LVU161
 560 003a 08BD     		pop	{r3, pc}
 561              	.L37:
 216:Core/Src/main.c ****   }
 562              		.loc 1 216 5 is_stmt 1 view .LVU162
 563 003c FFF7FEFF 		bl	Error_Handler
 564              	.LVL27:
 565              	.L39:
 566              		.align	2
ARM GAS  /var/folders/98/ctz5mtps7w71v8dr53cf5qg40000gn/T//ccxHhGaC.s 			page 34


 567              	.L38:
 568 0040 00000000 		.word	hspi1
 569 0044 00300140 		.word	1073819648
 570              		.cfi_endproc
 571              	.LFE960:
 573              		.section	.text.MX_TIM1_Init,"ax",%progbits
 574              		.align	1
 575              		.syntax unified
 576              		.thumb
 577              		.thumb_func
 579              	MX_TIM1_Init:
 580              	.LFB961:
 227:Core/Src/main.c **** 
 581              		.loc 1 227 1 view -0
 582              		.cfi_startproc
 583              		@ args = 0, pretend = 0, frame = 96
 584              		@ frame_needed = 0, uses_anonymous_args = 0
 585 0000 10B5     		push	{r4, lr}
 586              	.LCFI8:
 587              		.cfi_def_cfa_offset 8
 588              		.cfi_offset 4, -8
 589              		.cfi_offset 14, -4
 590 0002 98B0     		sub	sp, sp, #96
 591              	.LCFI9:
 592              		.cfi_def_cfa_offset 104
 230:Core/Src/main.c ****   TIM_OC_InitTypeDef sConfigOC = {0};
 593              		.loc 1 230 3 view .LVU164
 230:Core/Src/main.c ****   TIM_OC_InitTypeDef sConfigOC = {0};
 594              		.loc 1 230 27 is_stmt 0 view .LVU165
 595 0004 0024     		movs	r4, #0
 596 0006 1594     		str	r4, [sp, #84]
 597 0008 1694     		str	r4, [sp, #88]
 598 000a 1794     		str	r4, [sp, #92]
 231:Core/Src/main.c ****   TIM_BreakDeadTimeConfigTypeDef sBreakDeadTimeConfig = {0};
 599              		.loc 1 231 3 is_stmt 1 view .LVU166
 231:Core/Src/main.c ****   TIM_BreakDeadTimeConfigTypeDef sBreakDeadTimeConfig = {0};
 600              		.loc 1 231 22 is_stmt 0 view .LVU167
 601 000c 0E94     		str	r4, [sp, #56]
 602 000e 0F94     		str	r4, [sp, #60]
 603 0010 1094     		str	r4, [sp, #64]
 604 0012 1194     		str	r4, [sp, #68]
 605 0014 1294     		str	r4, [sp, #72]
 606 0016 1394     		str	r4, [sp, #76]
 607 0018 1494     		str	r4, [sp, #80]
 232:Core/Src/main.c **** 
 608              		.loc 1 232 3 is_stmt 1 view .LVU168
 232:Core/Src/main.c **** 
 609              		.loc 1 232 34 is_stmt 0 view .LVU169
 610 001a 3422     		movs	r2, #52
 611 001c 2146     		mov	r1, r4
 612 001e 01A8     		add	r0, sp, #4
 613 0020 FFF7FEFF 		bl	memset
 614              	.LVL28:
 234:Core/Src/main.c ****   htim1.Init.Prescaler = 0;
 615              		.loc 1 234 3 is_stmt 1 view .LVU170
 234:Core/Src/main.c ****   htim1.Init.Prescaler = 0;
 616              		.loc 1 234 18 is_stmt 0 view .LVU171
ARM GAS  /var/folders/98/ctz5mtps7w71v8dr53cf5qg40000gn/T//ccxHhGaC.s 			page 35


 617 0024 3248     		ldr	r0, .L56
 618 0026 334B     		ldr	r3, .L56+4
 619 0028 0360     		str	r3, [r0]
 235:Core/Src/main.c ****   htim1.Init.CounterMode = TIM_COUNTERMODE_UP;
 620              		.loc 1 235 3 is_stmt 1 view .LVU172
 235:Core/Src/main.c ****   htim1.Init.CounterMode = TIM_COUNTERMODE_UP;
 621              		.loc 1 235 24 is_stmt 0 view .LVU173
 622 002a 4460     		str	r4, [r0, #4]
 236:Core/Src/main.c ****   htim1.Init.Period = 65535;
 623              		.loc 1 236 3 is_stmt 1 view .LVU174
 236:Core/Src/main.c ****   htim1.Init.Period = 65535;
 624              		.loc 1 236 26 is_stmt 0 view .LVU175
 625 002c 8460     		str	r4, [r0, #8]
 237:Core/Src/main.c ****   htim1.Init.ClockDivision = TIM_CLOCKDIVISION_DIV1;
 626              		.loc 1 237 3 is_stmt 1 view .LVU176
 237:Core/Src/main.c ****   htim1.Init.ClockDivision = TIM_CLOCKDIVISION_DIV1;
 627              		.loc 1 237 21 is_stmt 0 view .LVU177
 628 002e 4FF6FF73 		movw	r3, #65535
 629 0032 C360     		str	r3, [r0, #12]
 238:Core/Src/main.c ****   htim1.Init.RepetitionCounter = 0;
 630              		.loc 1 238 3 is_stmt 1 view .LVU178
 238:Core/Src/main.c ****   htim1.Init.RepetitionCounter = 0;
 631              		.loc 1 238 28 is_stmt 0 view .LVU179
 632 0034 0461     		str	r4, [r0, #16]
 239:Core/Src/main.c ****   htim1.Init.AutoReloadPreload = TIM_AUTORELOAD_PRELOAD_DISABLE;
 633              		.loc 1 239 3 is_stmt 1 view .LVU180
 239:Core/Src/main.c ****   htim1.Init.AutoReloadPreload = TIM_AUTORELOAD_PRELOAD_DISABLE;
 634              		.loc 1 239 32 is_stmt 0 view .LVU181
 635 0036 4461     		str	r4, [r0, #20]
 240:Core/Src/main.c ****   if (HAL_TIM_PWM_Init(&htim1) != HAL_OK)
 636              		.loc 1 240 3 is_stmt 1 view .LVU182
 240:Core/Src/main.c ****   if (HAL_TIM_PWM_Init(&htim1) != HAL_OK)
 637              		.loc 1 240 32 is_stmt 0 view .LVU183
 638 0038 8461     		str	r4, [r0, #24]
 241:Core/Src/main.c ****   {
 639              		.loc 1 241 3 is_stmt 1 view .LVU184
 241:Core/Src/main.c ****   {
 640              		.loc 1 241 7 is_stmt 0 view .LVU185
 641 003a FFF7FEFF 		bl	HAL_TIM_PWM_Init
 642              	.LVL29:
 241:Core/Src/main.c ****   {
 643              		.loc 1 241 6 discriminator 1 view .LVU186
 644 003e 0028     		cmp	r0, #0
 645 0040 47D1     		bne	.L49
 245:Core/Src/main.c ****   sMasterConfig.MasterOutputTrigger2 = TIM_TRGO2_RESET;
 646              		.loc 1 245 3 is_stmt 1 view .LVU187
 245:Core/Src/main.c ****   sMasterConfig.MasterOutputTrigger2 = TIM_TRGO2_RESET;
 647              		.loc 1 245 37 is_stmt 0 view .LVU188
 648 0042 0023     		movs	r3, #0
 649 0044 1593     		str	r3, [sp, #84]
 246:Core/Src/main.c ****   sMasterConfig.MasterSlaveMode = TIM_MASTERSLAVEMODE_DISABLE;
 650              		.loc 1 246 3 is_stmt 1 view .LVU189
 246:Core/Src/main.c ****   sMasterConfig.MasterSlaveMode = TIM_MASTERSLAVEMODE_DISABLE;
 651              		.loc 1 246 38 is_stmt 0 view .LVU190
 652 0046 1693     		str	r3, [sp, #88]
 247:Core/Src/main.c ****   if (HAL_TIMEx_MasterConfigSynchronization(&htim1, &sMasterConfig) != HAL_OK)
 653              		.loc 1 247 3 is_stmt 1 view .LVU191
ARM GAS  /var/folders/98/ctz5mtps7w71v8dr53cf5qg40000gn/T//ccxHhGaC.s 			page 36


 247:Core/Src/main.c ****   if (HAL_TIMEx_MasterConfigSynchronization(&htim1, &sMasterConfig) != HAL_OK)
 654              		.loc 1 247 33 is_stmt 0 view .LVU192
 655 0048 1793     		str	r3, [sp, #92]
 248:Core/Src/main.c ****   {
 656              		.loc 1 248 3 is_stmt 1 view .LVU193
 248:Core/Src/main.c ****   {
 657              		.loc 1 248 7 is_stmt 0 view .LVU194
 658 004a 15A9     		add	r1, sp, #84
 659 004c 2848     		ldr	r0, .L56
 660 004e FFF7FEFF 		bl	HAL_TIMEx_MasterConfigSynchronization
 661              	.LVL30:
 248:Core/Src/main.c ****   {
 662              		.loc 1 248 6 discriminator 1 view .LVU195
 663 0052 0028     		cmp	r0, #0
 664 0054 3FD1     		bne	.L50
 252:Core/Src/main.c ****   sConfigOC.Pulse = 0;
 665              		.loc 1 252 3 is_stmt 1 view .LVU196
 252:Core/Src/main.c ****   sConfigOC.Pulse = 0;
 666              		.loc 1 252 20 is_stmt 0 view .LVU197
 667 0056 6023     		movs	r3, #96
 668 0058 0E93     		str	r3, [sp, #56]
 253:Core/Src/main.c ****   sConfigOC.OCPolarity = TIM_OCPOLARITY_HIGH;
 669              		.loc 1 253 3 is_stmt 1 view .LVU198
 253:Core/Src/main.c ****   sConfigOC.OCPolarity = TIM_OCPOLARITY_HIGH;
 670              		.loc 1 253 19 is_stmt 0 view .LVU199
 671 005a 0022     		movs	r2, #0
 672 005c 0F92     		str	r2, [sp, #60]
 254:Core/Src/main.c ****   sConfigOC.OCNPolarity = TIM_OCNPOLARITY_HIGH;
 673              		.loc 1 254 3 is_stmt 1 view .LVU200
 254:Core/Src/main.c ****   sConfigOC.OCNPolarity = TIM_OCNPOLARITY_HIGH;
 674              		.loc 1 254 24 is_stmt 0 view .LVU201
 675 005e 1092     		str	r2, [sp, #64]
 255:Core/Src/main.c ****   sConfigOC.OCFastMode = TIM_OCFAST_DISABLE;
 676              		.loc 1 255 3 is_stmt 1 view .LVU202
 255:Core/Src/main.c ****   sConfigOC.OCFastMode = TIM_OCFAST_DISABLE;
 677              		.loc 1 255 25 is_stmt 0 view .LVU203
 678 0060 1192     		str	r2, [sp, #68]
 256:Core/Src/main.c ****   sConfigOC.OCIdleState = TIM_OCIDLESTATE_RESET;
 679              		.loc 1 256 3 is_stmt 1 view .LVU204
 256:Core/Src/main.c ****   sConfigOC.OCIdleState = TIM_OCIDLESTATE_RESET;
 680              		.loc 1 256 24 is_stmt 0 view .LVU205
 681 0062 1292     		str	r2, [sp, #72]
 257:Core/Src/main.c ****   sConfigOC.OCNIdleState = TIM_OCNIDLESTATE_RESET;
 682              		.loc 1 257 3 is_stmt 1 view .LVU206
 257:Core/Src/main.c ****   sConfigOC.OCNIdleState = TIM_OCNIDLESTATE_RESET;
 683              		.loc 1 257 25 is_stmt 0 view .LVU207
 684 0064 1392     		str	r2, [sp, #76]
 258:Core/Src/main.c ****   if (HAL_TIM_PWM_ConfigChannel(&htim1, &sConfigOC, TIM_CHANNEL_1) != HAL_OK)
 685              		.loc 1 258 3 is_stmt 1 view .LVU208
 258:Core/Src/main.c ****   if (HAL_TIM_PWM_ConfigChannel(&htim1, &sConfigOC, TIM_CHANNEL_1) != HAL_OK)
 686              		.loc 1 258 26 is_stmt 0 view .LVU209
 687 0066 1492     		str	r2, [sp, #80]
 259:Core/Src/main.c ****   {
 688              		.loc 1 259 3 is_stmt 1 view .LVU210
 259:Core/Src/main.c ****   {
 689              		.loc 1 259 7 is_stmt 0 view .LVU211
 690 0068 0EA9     		add	r1, sp, #56
ARM GAS  /var/folders/98/ctz5mtps7w71v8dr53cf5qg40000gn/T//ccxHhGaC.s 			page 37


 691 006a 2148     		ldr	r0, .L56
 692 006c FFF7FEFF 		bl	HAL_TIM_PWM_ConfigChannel
 693              	.LVL31:
 259:Core/Src/main.c ****   {
 694              		.loc 1 259 6 discriminator 1 view .LVU212
 695 0070 0028     		cmp	r0, #0
 696 0072 32D1     		bne	.L51
 263:Core/Src/main.c ****   {
 697              		.loc 1 263 3 is_stmt 1 view .LVU213
 263:Core/Src/main.c ****   {
 698              		.loc 1 263 7 is_stmt 0 view .LVU214
 699 0074 0422     		movs	r2, #4
 700 0076 0EA9     		add	r1, sp, #56
 701 0078 1D48     		ldr	r0, .L56
 702 007a FFF7FEFF 		bl	HAL_TIM_PWM_ConfigChannel
 703              	.LVL32:
 263:Core/Src/main.c ****   {
 704              		.loc 1 263 6 discriminator 1 view .LVU215
 705 007e 0028     		cmp	r0, #0
 706 0080 2DD1     		bne	.L52
 267:Core/Src/main.c ****   {
 707              		.loc 1 267 3 is_stmt 1 view .LVU216
 267:Core/Src/main.c ****   {
 708              		.loc 1 267 7 is_stmt 0 view .LVU217
 709 0082 0822     		movs	r2, #8
 710 0084 0EA9     		add	r1, sp, #56
 711 0086 1A48     		ldr	r0, .L56
 712 0088 FFF7FEFF 		bl	HAL_TIM_PWM_ConfigChannel
 713              	.LVL33:
 267:Core/Src/main.c ****   {
 714              		.loc 1 267 6 discriminator 1 view .LVU218
 715 008c 48BB     		cbnz	r0, .L53
 271:Core/Src/main.c ****   {
 716              		.loc 1 271 3 is_stmt 1 view .LVU219
 271:Core/Src/main.c ****   {
 717              		.loc 1 271 7 is_stmt 0 view .LVU220
 718 008e 0C22     		movs	r2, #12
 719 0090 0EA9     		add	r1, sp, #56
 720 0092 1748     		ldr	r0, .L56
 721 0094 FFF7FEFF 		bl	HAL_TIM_PWM_ConfigChannel
 722              	.LVL34:
 271:Core/Src/main.c ****   {
 723              		.loc 1 271 6 discriminator 1 view .LVU221
 724 0098 28BB     		cbnz	r0, .L54
 275:Core/Src/main.c ****   sBreakDeadTimeConfig.OffStateIDLEMode = TIM_OSSI_DISABLE;
 725              		.loc 1 275 3 is_stmt 1 view .LVU222
 275:Core/Src/main.c ****   sBreakDeadTimeConfig.OffStateIDLEMode = TIM_OSSI_DISABLE;
 726              		.loc 1 275 40 is_stmt 0 view .LVU223
 727 009a 0023     		movs	r3, #0
 728 009c 0193     		str	r3, [sp, #4]
 276:Core/Src/main.c ****   sBreakDeadTimeConfig.LockLevel = TIM_LOCKLEVEL_OFF;
 729              		.loc 1 276 3 is_stmt 1 view .LVU224
 276:Core/Src/main.c ****   sBreakDeadTimeConfig.LockLevel = TIM_LOCKLEVEL_OFF;
 730              		.loc 1 276 41 is_stmt 0 view .LVU225
 731 009e 0293     		str	r3, [sp, #8]
 277:Core/Src/main.c ****   sBreakDeadTimeConfig.DeadTime = 0;
 732              		.loc 1 277 3 is_stmt 1 view .LVU226
ARM GAS  /var/folders/98/ctz5mtps7w71v8dr53cf5qg40000gn/T//ccxHhGaC.s 			page 38


 277:Core/Src/main.c ****   sBreakDeadTimeConfig.DeadTime = 0;
 733              		.loc 1 277 34 is_stmt 0 view .LVU227
 734 00a0 0393     		str	r3, [sp, #12]
 278:Core/Src/main.c ****   sBreakDeadTimeConfig.BreakState = TIM_BREAK_DISABLE;
 735              		.loc 1 278 3 is_stmt 1 view .LVU228
 278:Core/Src/main.c ****   sBreakDeadTimeConfig.BreakState = TIM_BREAK_DISABLE;
 736              		.loc 1 278 33 is_stmt 0 view .LVU229
 737 00a2 0493     		str	r3, [sp, #16]
 279:Core/Src/main.c ****   sBreakDeadTimeConfig.BreakPolarity = TIM_BREAKPOLARITY_HIGH;
 738              		.loc 1 279 3 is_stmt 1 view .LVU230
 279:Core/Src/main.c ****   sBreakDeadTimeConfig.BreakPolarity = TIM_BREAKPOLARITY_HIGH;
 739              		.loc 1 279 35 is_stmt 0 view .LVU231
 740 00a4 0593     		str	r3, [sp, #20]
 280:Core/Src/main.c ****   sBreakDeadTimeConfig.BreakFilter = 0;
 741              		.loc 1 280 3 is_stmt 1 view .LVU232
 280:Core/Src/main.c ****   sBreakDeadTimeConfig.BreakFilter = 0;
 742              		.loc 1 280 38 is_stmt 0 view .LVU233
 743 00a6 4FF40052 		mov	r2, #8192
 744 00aa 0692     		str	r2, [sp, #24]
 281:Core/Src/main.c ****   sBreakDeadTimeConfig.BreakAFMode = TIM_BREAK_AFMODE_INPUT;
 745              		.loc 1 281 3 is_stmt 1 view .LVU234
 281:Core/Src/main.c ****   sBreakDeadTimeConfig.BreakAFMode = TIM_BREAK_AFMODE_INPUT;
 746              		.loc 1 281 36 is_stmt 0 view .LVU235
 747 00ac 0793     		str	r3, [sp, #28]
 282:Core/Src/main.c ****   sBreakDeadTimeConfig.Break2State = TIM_BREAK2_DISABLE;
 748              		.loc 1 282 3 is_stmt 1 view .LVU236
 282:Core/Src/main.c ****   sBreakDeadTimeConfig.Break2State = TIM_BREAK2_DISABLE;
 749              		.loc 1 282 36 is_stmt 0 view .LVU237
 750 00ae 0893     		str	r3, [sp, #32]
 283:Core/Src/main.c ****   sBreakDeadTimeConfig.Break2Polarity = TIM_BREAK2POLARITY_HIGH;
 751              		.loc 1 283 3 is_stmt 1 view .LVU238
 283:Core/Src/main.c ****   sBreakDeadTimeConfig.Break2Polarity = TIM_BREAK2POLARITY_HIGH;
 752              		.loc 1 283 36 is_stmt 0 view .LVU239
 753 00b0 0993     		str	r3, [sp, #36]
 284:Core/Src/main.c ****   sBreakDeadTimeConfig.Break2Filter = 0;
 754              		.loc 1 284 3 is_stmt 1 view .LVU240
 284:Core/Src/main.c ****   sBreakDeadTimeConfig.Break2Filter = 0;
 755              		.loc 1 284 39 is_stmt 0 view .LVU241
 756 00b2 4FF00072 		mov	r2, #33554432
 757 00b6 0A92     		str	r2, [sp, #40]
 285:Core/Src/main.c ****   sBreakDeadTimeConfig.Break2AFMode = TIM_BREAK_AFMODE_INPUT;
 758              		.loc 1 285 3 is_stmt 1 view .LVU242
 285:Core/Src/main.c ****   sBreakDeadTimeConfig.Break2AFMode = TIM_BREAK_AFMODE_INPUT;
 759              		.loc 1 285 37 is_stmt 0 view .LVU243
 760 00b8 0B93     		str	r3, [sp, #44]
 286:Core/Src/main.c ****   sBreakDeadTimeConfig.AutomaticOutput = TIM_AUTOMATICOUTPUT_DISABLE;
 761              		.loc 1 286 3 is_stmt 1 view .LVU244
 286:Core/Src/main.c ****   sBreakDeadTimeConfig.AutomaticOutput = TIM_AUTOMATICOUTPUT_DISABLE;
 762              		.loc 1 286 37 is_stmt 0 view .LVU245
 763 00ba 0C93     		str	r3, [sp, #48]
 287:Core/Src/main.c ****   if (HAL_TIMEx_ConfigBreakDeadTime(&htim1, &sBreakDeadTimeConfig) != HAL_OK)
 764              		.loc 1 287 3 is_stmt 1 view .LVU246
 287:Core/Src/main.c ****   if (HAL_TIMEx_ConfigBreakDeadTime(&htim1, &sBreakDeadTimeConfig) != HAL_OK)
 765              		.loc 1 287 40 is_stmt 0 view .LVU247
 766 00bc 0D93     		str	r3, [sp, #52]
 288:Core/Src/main.c ****   {
 767              		.loc 1 288 3 is_stmt 1 view .LVU248
ARM GAS  /var/folders/98/ctz5mtps7w71v8dr53cf5qg40000gn/T//ccxHhGaC.s 			page 39


 288:Core/Src/main.c ****   {
 768              		.loc 1 288 7 is_stmt 0 view .LVU249
 769 00be 01A9     		add	r1, sp, #4
 770 00c0 0B48     		ldr	r0, .L56
 771 00c2 FFF7FEFF 		bl	HAL_TIMEx_ConfigBreakDeadTime
 772              	.LVL35:
 288:Core/Src/main.c ****   {
 773              		.loc 1 288 6 discriminator 1 view .LVU250
 774 00c6 80B9     		cbnz	r0, .L55
 293:Core/Src/main.c **** 
 775              		.loc 1 293 3 is_stmt 1 view .LVU251
 776 00c8 0948     		ldr	r0, .L56
 777 00ca FFF7FEFF 		bl	HAL_TIM_MspPostInit
 778              	.LVL36:
 295:Core/Src/main.c **** 
 779              		.loc 1 295 1 is_stmt 0 view .LVU252
 780 00ce 18B0     		add	sp, sp, #96
 781              	.LCFI10:
 782              		.cfi_remember_state
 783              		.cfi_def_cfa_offset 8
 784              		@ sp needed
 785 00d0 10BD     		pop	{r4, pc}
 786              	.L49:
 787              	.LCFI11:
 788              		.cfi_restore_state
 243:Core/Src/main.c ****   }
 789              		.loc 1 243 5 is_stmt 1 view .LVU253
 790 00d2 FFF7FEFF 		bl	Error_Handler
 791              	.LVL37:
 792              	.L50:
 250:Core/Src/main.c ****   }
 793              		.loc 1 250 5 view .LVU254
 794 00d6 FFF7FEFF 		bl	Error_Handler
 795              	.LVL38:
 796              	.L51:
 261:Core/Src/main.c ****   }
 797              		.loc 1 261 5 view .LVU255
 798 00da FFF7FEFF 		bl	Error_Handler
 799              	.LVL39:
 800              	.L52:
 265:Core/Src/main.c ****   }
 801              		.loc 1 265 5 view .LVU256
 802 00de FFF7FEFF 		bl	Error_Handler
 803              	.LVL40:
 804              	.L53:
 269:Core/Src/main.c ****   }
 805              		.loc 1 269 5 view .LVU257
 806 00e2 FFF7FEFF 		bl	Error_Handler
 807              	.LVL41:
 808              	.L54:
 273:Core/Src/main.c ****   }
 809              		.loc 1 273 5 view .LVU258
 810 00e6 FFF7FEFF 		bl	Error_Handler
 811              	.LVL42:
 812              	.L55:
 290:Core/Src/main.c ****   }
 813              		.loc 1 290 5 view .LVU259
ARM GAS  /var/folders/98/ctz5mtps7w71v8dr53cf5qg40000gn/T//ccxHhGaC.s 			page 40


 814 00ea FFF7FEFF 		bl	Error_Handler
 815              	.LVL43:
 816              	.L57:
 817 00ee 00BF     		.align	2
 818              	.L56:
 819 00f0 00000000 		.word	htim1
 820 00f4 002C0140 		.word	1073818624
 821              		.cfi_endproc
 822              	.LFE961:
 824              		.section	.text.MX_TIM2_Init,"ax",%progbits
 825              		.align	1
 826              		.syntax unified
 827              		.thumb
 828              		.thumb_func
 830              	MX_TIM2_Init:
 831              	.LFB962:
 303:Core/Src/main.c **** 
 832              		.loc 1 303 1 view -0
 833              		.cfi_startproc
 834              		@ args = 0, pretend = 0, frame = 40
 835              		@ frame_needed = 0, uses_anonymous_args = 0
 836 0000 00B5     		push	{lr}
 837              	.LCFI12:
 838              		.cfi_def_cfa_offset 4
 839              		.cfi_offset 14, -4
 840 0002 8BB0     		sub	sp, sp, #44
 841              	.LCFI13:
 842              		.cfi_def_cfa_offset 48
 307:Core/Src/main.c ****   TIM_OC_InitTypeDef sConfigOC = {0};
 843              		.loc 1 307 3 view .LVU261
 307:Core/Src/main.c ****   TIM_OC_InitTypeDef sConfigOC = {0};
 844              		.loc 1 307 27 is_stmt 0 view .LVU262
 845 0004 0023     		movs	r3, #0
 846 0006 0793     		str	r3, [sp, #28]
 847 0008 0893     		str	r3, [sp, #32]
 848 000a 0993     		str	r3, [sp, #36]
 308:Core/Src/main.c **** 
 849              		.loc 1 308 3 is_stmt 1 view .LVU263
 308:Core/Src/main.c **** 
 850              		.loc 1 308 22 is_stmt 0 view .LVU264
 851 000c 0093     		str	r3, [sp]
 852 000e 0193     		str	r3, [sp, #4]
 853 0010 0293     		str	r3, [sp, #8]
 854 0012 0393     		str	r3, [sp, #12]
 855 0014 0493     		str	r3, [sp, #16]
 856 0016 0593     		str	r3, [sp, #20]
 857 0018 0693     		str	r3, [sp, #24]
 311:Core/Src/main.c ****   htim2.Init.Prescaler = 0;
 858              		.loc 1 311 3 is_stmt 1 view .LVU265
 311:Core/Src/main.c ****   htim2.Init.Prescaler = 0;
 859              		.loc 1 311 18 is_stmt 0 view .LVU266
 860 001a 2248     		ldr	r0, .L72
 861 001c 4FF08042 		mov	r2, #1073741824
 862 0020 0260     		str	r2, [r0]
 312:Core/Src/main.c ****   htim2.Init.CounterMode = TIM_COUNTERMODE_UP;
 863              		.loc 1 312 3 is_stmt 1 view .LVU267
 312:Core/Src/main.c ****   htim2.Init.CounterMode = TIM_COUNTERMODE_UP;
ARM GAS  /var/folders/98/ctz5mtps7w71v8dr53cf5qg40000gn/T//ccxHhGaC.s 			page 41


 864              		.loc 1 312 24 is_stmt 0 view .LVU268
 865 0022 4360     		str	r3, [r0, #4]
 313:Core/Src/main.c ****   htim2.Init.Period = 4294967295;
 866              		.loc 1 313 3 is_stmt 1 view .LVU269
 313:Core/Src/main.c ****   htim2.Init.Period = 4294967295;
 867              		.loc 1 313 26 is_stmt 0 view .LVU270
 868 0024 8360     		str	r3, [r0, #8]
 314:Core/Src/main.c ****   htim2.Init.ClockDivision = TIM_CLOCKDIVISION_DIV1;
 869              		.loc 1 314 3 is_stmt 1 view .LVU271
 314:Core/Src/main.c ****   htim2.Init.ClockDivision = TIM_CLOCKDIVISION_DIV1;
 870              		.loc 1 314 21 is_stmt 0 view .LVU272
 871 0026 4FF0FF32 		mov	r2, #-1
 872 002a C260     		str	r2, [r0, #12]
 315:Core/Src/main.c ****   htim2.Init.AutoReloadPreload = TIM_AUTORELOAD_PRELOAD_DISABLE;
 873              		.loc 1 315 3 is_stmt 1 view .LVU273
 315:Core/Src/main.c ****   htim2.Init.AutoReloadPreload = TIM_AUTORELOAD_PRELOAD_DISABLE;
 874              		.loc 1 315 28 is_stmt 0 view .LVU274
 875 002c 0361     		str	r3, [r0, #16]
 316:Core/Src/main.c ****   if (HAL_TIM_PWM_Init(&htim2) != HAL_OK)
 876              		.loc 1 316 3 is_stmt 1 view .LVU275
 316:Core/Src/main.c ****   if (HAL_TIM_PWM_Init(&htim2) != HAL_OK)
 877              		.loc 1 316 32 is_stmt 0 view .LVU276
 878 002e 8361     		str	r3, [r0, #24]
 317:Core/Src/main.c ****   {
 879              		.loc 1 317 3 is_stmt 1 view .LVU277
 317:Core/Src/main.c ****   {
 880              		.loc 1 317 7 is_stmt 0 view .LVU278
 881 0030 FFF7FEFF 		bl	HAL_TIM_PWM_Init
 882              	.LVL44:
 317:Core/Src/main.c ****   {
 883              		.loc 1 317 6 discriminator 1 view .LVU279
 884 0034 50BB     		cbnz	r0, .L66
 321:Core/Src/main.c ****   sMasterConfig.MasterSlaveMode = TIM_MASTERSLAVEMODE_DISABLE;
 885              		.loc 1 321 3 is_stmt 1 view .LVU280
 321:Core/Src/main.c ****   sMasterConfig.MasterSlaveMode = TIM_MASTERSLAVEMODE_DISABLE;
 886              		.loc 1 321 37 is_stmt 0 view .LVU281
 887 0036 0023     		movs	r3, #0
 888 0038 0793     		str	r3, [sp, #28]
 322:Core/Src/main.c ****   if (HAL_TIMEx_MasterConfigSynchronization(&htim2, &sMasterConfig) != HAL_OK)
 889              		.loc 1 322 3 is_stmt 1 view .LVU282
 322:Core/Src/main.c ****   if (HAL_TIMEx_MasterConfigSynchronization(&htim2, &sMasterConfig) != HAL_OK)
 890              		.loc 1 322 33 is_stmt 0 view .LVU283
 891 003a 0993     		str	r3, [sp, #36]
 323:Core/Src/main.c ****   {
 892              		.loc 1 323 3 is_stmt 1 view .LVU284
 323:Core/Src/main.c ****   {
 893              		.loc 1 323 7 is_stmt 0 view .LVU285
 894 003c 07A9     		add	r1, sp, #28
 895 003e 1948     		ldr	r0, .L72
 896 0040 FFF7FEFF 		bl	HAL_TIMEx_MasterConfigSynchronization
 897              	.LVL45:
 323:Core/Src/main.c ****   {
 898              		.loc 1 323 6 discriminator 1 view .LVU286
 899 0044 20BB     		cbnz	r0, .L67
 327:Core/Src/main.c ****   sConfigOC.Pulse = 0;
 900              		.loc 1 327 3 is_stmt 1 view .LVU287
 327:Core/Src/main.c ****   sConfigOC.Pulse = 0;
ARM GAS  /var/folders/98/ctz5mtps7w71v8dr53cf5qg40000gn/T//ccxHhGaC.s 			page 42


 901              		.loc 1 327 20 is_stmt 0 view .LVU288
 902 0046 6023     		movs	r3, #96
 903 0048 0093     		str	r3, [sp]
 328:Core/Src/main.c ****   sConfigOC.OCPolarity = TIM_OCPOLARITY_HIGH;
 904              		.loc 1 328 3 is_stmt 1 view .LVU289
 328:Core/Src/main.c ****   sConfigOC.OCPolarity = TIM_OCPOLARITY_HIGH;
 905              		.loc 1 328 19 is_stmt 0 view .LVU290
 906 004a 0022     		movs	r2, #0
 907 004c 0192     		str	r2, [sp, #4]
 329:Core/Src/main.c ****   sConfigOC.OCFastMode = TIM_OCFAST_DISABLE;
 908              		.loc 1 329 3 is_stmt 1 view .LVU291
 329:Core/Src/main.c ****   sConfigOC.OCFastMode = TIM_OCFAST_DISABLE;
 909              		.loc 1 329 24 is_stmt 0 view .LVU292
 910 004e 0292     		str	r2, [sp, #8]
 330:Core/Src/main.c ****   if (HAL_TIM_PWM_ConfigChannel(&htim2, &sConfigOC, TIM_CHANNEL_1) != HAL_OK)
 911              		.loc 1 330 3 is_stmt 1 view .LVU293
 330:Core/Src/main.c ****   if (HAL_TIM_PWM_ConfigChannel(&htim2, &sConfigOC, TIM_CHANNEL_1) != HAL_OK)
 912              		.loc 1 330 24 is_stmt 0 view .LVU294
 913 0050 0492     		str	r2, [sp, #16]
 331:Core/Src/main.c ****   {
 914              		.loc 1 331 3 is_stmt 1 view .LVU295
 331:Core/Src/main.c ****   {
 915              		.loc 1 331 7 is_stmt 0 view .LVU296
 916 0052 6946     		mov	r1, sp
 917 0054 1348     		ldr	r0, .L72
 918 0056 FFF7FEFF 		bl	HAL_TIM_PWM_ConfigChannel
 919              	.LVL46:
 331:Core/Src/main.c ****   {
 920              		.loc 1 331 6 discriminator 1 view .LVU297
 921 005a D8B9     		cbnz	r0, .L68
 335:Core/Src/main.c ****   {
 922              		.loc 1 335 3 is_stmt 1 view .LVU298
 335:Core/Src/main.c ****   {
 923              		.loc 1 335 7 is_stmt 0 view .LVU299
 924 005c 0422     		movs	r2, #4
 925 005e 6946     		mov	r1, sp
 926 0060 1048     		ldr	r0, .L72
 927 0062 FFF7FEFF 		bl	HAL_TIM_PWM_ConfigChannel
 928              	.LVL47:
 335:Core/Src/main.c ****   {
 929              		.loc 1 335 6 discriminator 1 view .LVU300
 930 0066 B8B9     		cbnz	r0, .L69
 339:Core/Src/main.c ****   {
 931              		.loc 1 339 3 is_stmt 1 view .LVU301
 339:Core/Src/main.c ****   {
 932              		.loc 1 339 7 is_stmt 0 view .LVU302
 933 0068 0822     		movs	r2, #8
 934 006a 6946     		mov	r1, sp
 935 006c 0D48     		ldr	r0, .L72
 936 006e FFF7FEFF 		bl	HAL_TIM_PWM_ConfigChannel
 937              	.LVL48:
 339:Core/Src/main.c ****   {
 938              		.loc 1 339 6 discriminator 1 view .LVU303
 939 0072 98B9     		cbnz	r0, .L70
 343:Core/Src/main.c ****   {
 940              		.loc 1 343 3 is_stmt 1 view .LVU304
 343:Core/Src/main.c ****   {
ARM GAS  /var/folders/98/ctz5mtps7w71v8dr53cf5qg40000gn/T//ccxHhGaC.s 			page 43


 941              		.loc 1 343 7 is_stmt 0 view .LVU305
 942 0074 0C22     		movs	r2, #12
 943 0076 6946     		mov	r1, sp
 944 0078 0A48     		ldr	r0, .L72
 945 007a FFF7FEFF 		bl	HAL_TIM_PWM_ConfigChannel
 946              	.LVL49:
 343:Core/Src/main.c ****   {
 947              		.loc 1 343 6 discriminator 1 view .LVU306
 948 007e 78B9     		cbnz	r0, .L71
 348:Core/Src/main.c **** 
 949              		.loc 1 348 3 is_stmt 1 view .LVU307
 950 0080 0848     		ldr	r0, .L72
 951 0082 FFF7FEFF 		bl	HAL_TIM_MspPostInit
 952              	.LVL50:
 350:Core/Src/main.c **** 
 953              		.loc 1 350 1 is_stmt 0 view .LVU308
 954 0086 0BB0     		add	sp, sp, #44
 955              	.LCFI14:
 956              		.cfi_remember_state
 957              		.cfi_def_cfa_offset 4
 958              		@ sp needed
 959 0088 5DF804FB 		ldr	pc, [sp], #4
 960              	.L66:
 961              	.LCFI15:
 962              		.cfi_restore_state
 319:Core/Src/main.c ****   }
 963              		.loc 1 319 5 is_stmt 1 view .LVU309
 964 008c FFF7FEFF 		bl	Error_Handler
 965              	.LVL51:
 966              	.L67:
 325:Core/Src/main.c ****   }
 967              		.loc 1 325 5 view .LVU310
 968 0090 FFF7FEFF 		bl	Error_Handler
 969              	.LVL52:
 970              	.L68:
 333:Core/Src/main.c ****   }
 971              		.loc 1 333 5 view .LVU311
 972 0094 FFF7FEFF 		bl	Error_Handler
 973              	.LVL53:
 974              	.L69:
 337:Core/Src/main.c ****   }
 975              		.loc 1 337 5 view .LVU312
 976 0098 FFF7FEFF 		bl	Error_Handler
 977              	.LVL54:
 978              	.L70:
 341:Core/Src/main.c ****   }
 979              		.loc 1 341 5 view .LVU313
 980 009c FFF7FEFF 		bl	Error_Handler
 981              	.LVL55:
 982              	.L71:
 345:Core/Src/main.c ****   }
 983              		.loc 1 345 5 view .LVU314
 984 00a0 FFF7FEFF 		bl	Error_Handler
 985              	.LVL56:
 986              	.L73:
 987              		.align	2
 988              	.L72:
ARM GAS  /var/folders/98/ctz5mtps7w71v8dr53cf5qg40000gn/T//ccxHhGaC.s 			page 44


 989 00a4 00000000 		.word	htim2
 990              		.cfi_endproc
 991              	.LFE962:
 993              		.section	.text.MX_USART1_UART_Init,"ax",%progbits
 994              		.align	1
 995              		.syntax unified
 996              		.thumb
 997              		.thumb_func
 999              	MX_USART1_UART_Init:
 1000              	.LFB963:
 354:Core/Src/main.c **** 
 1001              		.loc 1 354 1 view -0
 1002              		.cfi_startproc
 1003              		@ args = 0, pretend = 0, frame = 0
 1004              		@ frame_needed = 0, uses_anonymous_args = 0
 1005 0000 08B5     		push	{r3, lr}
 1006              	.LCFI16:
 1007              		.cfi_def_cfa_offset 8
 1008              		.cfi_offset 3, -8
 1009              		.cfi_offset 14, -4
 357:Core/Src/main.c ****   huart1.Init.BaudRate = 115200;
 1010              		.loc 1 357 3 view .LVU316
 357:Core/Src/main.c ****   huart1.Init.BaudRate = 115200;
 1011              		.loc 1 357 19 is_stmt 0 view .LVU317
 1012 0002 1548     		ldr	r0, .L84
 1013 0004 154B     		ldr	r3, .L84+4
 1014 0006 0360     		str	r3, [r0]
 358:Core/Src/main.c ****   huart1.Init.WordLength = UART_WORDLENGTH_8B;
 1015              		.loc 1 358 3 is_stmt 1 view .LVU318
 358:Core/Src/main.c ****   huart1.Init.WordLength = UART_WORDLENGTH_8B;
 1016              		.loc 1 358 24 is_stmt 0 view .LVU319
 1017 0008 4FF4E133 		mov	r3, #115200
 1018 000c 4360     		str	r3, [r0, #4]
 359:Core/Src/main.c ****   huart1.Init.StopBits = UART_STOPBITS_1;
 1019              		.loc 1 359 3 is_stmt 1 view .LVU320
 359:Core/Src/main.c ****   huart1.Init.StopBits = UART_STOPBITS_1;
 1020              		.loc 1 359 26 is_stmt 0 view .LVU321
 1021 000e 0023     		movs	r3, #0
 1022 0010 8360     		str	r3, [r0, #8]
 360:Core/Src/main.c ****   huart1.Init.Parity = UART_PARITY_NONE;
 1023              		.loc 1 360 3 is_stmt 1 view .LVU322
 360:Core/Src/main.c ****   huart1.Init.Parity = UART_PARITY_NONE;
 1024              		.loc 1 360 24 is_stmt 0 view .LVU323
 1025 0012 C360     		str	r3, [r0, #12]
 361:Core/Src/main.c ****   huart1.Init.Mode = UART_MODE_TX_RX;
 1026              		.loc 1 361 3 is_stmt 1 view .LVU324
 361:Core/Src/main.c ****   huart1.Init.Mode = UART_MODE_TX_RX;
 1027              		.loc 1 361 22 is_stmt 0 view .LVU325
 1028 0014 0361     		str	r3, [r0, #16]
 362:Core/Src/main.c ****   huart1.Init.HwFlowCtl = UART_HWCONTROL_NONE;
 1029              		.loc 1 362 3 is_stmt 1 view .LVU326
 362:Core/Src/main.c ****   huart1.Init.HwFlowCtl = UART_HWCONTROL_NONE;
 1030              		.loc 1 362 20 is_stmt 0 view .LVU327
 1031 0016 0C22     		movs	r2, #12
 1032 0018 4261     		str	r2, [r0, #20]
 363:Core/Src/main.c ****   huart1.Init.OverSampling = UART_OVERSAMPLING_16;
 1033              		.loc 1 363 3 is_stmt 1 view .LVU328
ARM GAS  /var/folders/98/ctz5mtps7w71v8dr53cf5qg40000gn/T//ccxHhGaC.s 			page 45


 363:Core/Src/main.c ****   huart1.Init.OverSampling = UART_OVERSAMPLING_16;
 1034              		.loc 1 363 25 is_stmt 0 view .LVU329
 1035 001a 8361     		str	r3, [r0, #24]
 364:Core/Src/main.c ****   huart1.Init.OneBitSampling = UART_ONE_BIT_SAMPLE_DISABLE;
 1036              		.loc 1 364 3 is_stmt 1 view .LVU330
 364:Core/Src/main.c ****   huart1.Init.OneBitSampling = UART_ONE_BIT_SAMPLE_DISABLE;
 1037              		.loc 1 364 28 is_stmt 0 view .LVU331
 1038 001c C361     		str	r3, [r0, #28]
 365:Core/Src/main.c ****   huart1.Init.ClockPrescaler = UART_PRESCALER_DIV1;
 1039              		.loc 1 365 3 is_stmt 1 view .LVU332
 365:Core/Src/main.c ****   huart1.Init.ClockPrescaler = UART_PRESCALER_DIV1;
 1040              		.loc 1 365 30 is_stmt 0 view .LVU333
 1041 001e 0362     		str	r3, [r0, #32]
 366:Core/Src/main.c ****   huart1.AdvancedInit.AdvFeatureInit = UART_ADVFEATURE_NO_INIT;
 1042              		.loc 1 366 3 is_stmt 1 view .LVU334
 366:Core/Src/main.c ****   huart1.AdvancedInit.AdvFeatureInit = UART_ADVFEATURE_NO_INIT;
 1043              		.loc 1 366 30 is_stmt 0 view .LVU335
 1044 0020 4362     		str	r3, [r0, #36]
 367:Core/Src/main.c ****   if (HAL_UART_Init(&huart1) != HAL_OK)
 1045              		.loc 1 367 3 is_stmt 1 view .LVU336
 367:Core/Src/main.c ****   if (HAL_UART_Init(&huart1) != HAL_OK)
 1046              		.loc 1 367 38 is_stmt 0 view .LVU337
 1047 0022 8362     		str	r3, [r0, #40]
 368:Core/Src/main.c ****   {
 1048              		.loc 1 368 3 is_stmt 1 view .LVU338
 368:Core/Src/main.c ****   {
 1049              		.loc 1 368 7 is_stmt 0 view .LVU339
 1050 0024 FFF7FEFF 		bl	HAL_UART_Init
 1051              	.LVL57:
 368:Core/Src/main.c ****   {
 1052              		.loc 1 368 6 discriminator 1 view .LVU340
 1053 0028 70B9     		cbnz	r0, .L80
 372:Core/Src/main.c ****   {
 1054              		.loc 1 372 3 is_stmt 1 view .LVU341
 372:Core/Src/main.c ****   {
 1055              		.loc 1 372 7 is_stmt 0 view .LVU342
 1056 002a 0021     		movs	r1, #0
 1057 002c 0A48     		ldr	r0, .L84
 1058 002e FFF7FEFF 		bl	HAL_UARTEx_SetTxFifoThreshold
 1059              	.LVL58:
 372:Core/Src/main.c ****   {
 1060              		.loc 1 372 6 discriminator 1 view .LVU343
 1061 0032 58B9     		cbnz	r0, .L81
 376:Core/Src/main.c ****   {
 1062              		.loc 1 376 3 is_stmt 1 view .LVU344
 376:Core/Src/main.c ****   {
 1063              		.loc 1 376 7 is_stmt 0 view .LVU345
 1064 0034 0021     		movs	r1, #0
 1065 0036 0848     		ldr	r0, .L84
 1066 0038 FFF7FEFF 		bl	HAL_UARTEx_SetRxFifoThreshold
 1067              	.LVL59:
 376:Core/Src/main.c ****   {
 1068              		.loc 1 376 6 discriminator 1 view .LVU346
 1069 003c 40B9     		cbnz	r0, .L82
 380:Core/Src/main.c ****   {
 1070              		.loc 1 380 3 is_stmt 1 view .LVU347
 380:Core/Src/main.c ****   {
ARM GAS  /var/folders/98/ctz5mtps7w71v8dr53cf5qg40000gn/T//ccxHhGaC.s 			page 46


 1071              		.loc 1 380 7 is_stmt 0 view .LVU348
 1072 003e 0648     		ldr	r0, .L84
 1073 0040 FFF7FEFF 		bl	HAL_UARTEx_DisableFifoMode
 1074              	.LVL60:
 380:Core/Src/main.c ****   {
 1075              		.loc 1 380 6 discriminator 1 view .LVU349
 1076 0044 30B9     		cbnz	r0, .L83
 386:Core/Src/main.c **** 
 1077              		.loc 1 386 1 view .LVU350
 1078 0046 08BD     		pop	{r3, pc}
 1079              	.L80:
 370:Core/Src/main.c ****   }
 1080              		.loc 1 370 5 is_stmt 1 view .LVU351
 1081 0048 FFF7FEFF 		bl	Error_Handler
 1082              	.LVL61:
 1083              	.L81:
 374:Core/Src/main.c ****   }
 1084              		.loc 1 374 5 view .LVU352
 1085 004c FFF7FEFF 		bl	Error_Handler
 1086              	.LVL62:
 1087              	.L82:
 378:Core/Src/main.c ****   }
 1088              		.loc 1 378 5 view .LVU353
 1089 0050 FFF7FEFF 		bl	Error_Handler
 1090              	.LVL63:
 1091              	.L83:
 382:Core/Src/main.c ****   }
 1092              		.loc 1 382 5 view .LVU354
 1093 0054 FFF7FEFF 		bl	Error_Handler
 1094              	.LVL64:
 1095              	.L85:
 1096              		.align	2
 1097              	.L84:
 1098 0058 00000000 		.word	huart1
 1099 005c 00380140 		.word	1073821696
 1100              		.cfi_endproc
 1101              	.LFE963:
 1103              		.section	.text.PeriphCommonClock_Config,"ax",%progbits
 1104              		.align	1
 1105              		.global	PeriphCommonClock_Config
 1106              		.syntax unified
 1107              		.thumb
 1108              		.thumb_func
 1110              	PeriphCommonClock_Config:
 1111              	.LFB956:
 107:Core/Src/main.c ****   RCC_PeriphCLKInitTypeDef PeriphClkInitStruct = {0};
 1112              		.loc 1 107 1 view -0
 1113              		.cfi_startproc
 1114              		@ args = 0, pretend = 0, frame = 80
 1115              		@ frame_needed = 0, uses_anonymous_args = 0
 1116 0000 10B5     		push	{r4, lr}
 1117              	.LCFI17:
 1118              		.cfi_def_cfa_offset 8
 1119              		.cfi_offset 4, -8
 1120              		.cfi_offset 14, -4
 1121 0002 94B0     		sub	sp, sp, #80
 1122              	.LCFI18:
ARM GAS  /var/folders/98/ctz5mtps7w71v8dr53cf5qg40000gn/T//ccxHhGaC.s 			page 47


 1123              		.cfi_def_cfa_offset 88
 108:Core/Src/main.c **** 
 1124              		.loc 1 108 3 view .LVU356
 108:Core/Src/main.c **** 
 1125              		.loc 1 108 28 is_stmt 0 view .LVU357
 1126 0004 5022     		movs	r2, #80
 1127 0006 0021     		movs	r1, #0
 1128 0008 6846     		mov	r0, sp
 1129 000a FFF7FEFF 		bl	memset
 1130              	.LVL65:
 112:Core/Src/main.c ****   PeriphClkInitStruct.RFWakeUpClockSelection = RCC_RFWKPCLKSOURCE_HSE_DIV1024;
 1131              		.loc 1 112 3 is_stmt 1 view .LVU358
 112:Core/Src/main.c ****   PeriphClkInitStruct.RFWakeUpClockSelection = RCC_RFWKPCLKSOURCE_HSE_DIV1024;
 1132              		.loc 1 112 44 is_stmt 0 view .LVU359
 1133 000e 4FF44053 		mov	r3, #12288
 1134 0012 0093     		str	r3, [sp]
 113:Core/Src/main.c ****   PeriphClkInitStruct.SmpsClockSelection = RCC_SMPSCLKSOURCE_HSI;
 1135              		.loc 1 113 3 is_stmt 1 view .LVU360
 113:Core/Src/main.c ****   PeriphClkInitStruct.SmpsClockSelection = RCC_SMPSCLKSOURCE_HSI;
 1136              		.loc 1 113 46 is_stmt 0 view .LVU361
 1137 0014 4FF44043 		mov	r3, #49152
 1138 0018 1193     		str	r3, [sp, #68]
 114:Core/Src/main.c ****   PeriphClkInitStruct.SmpsDivSelection = RCC_SMPSCLKDIV_RANGE1;
 1139              		.loc 1 114 3 is_stmt 1 view .LVU362
 115:Core/Src/main.c **** 
 1140              		.loc 1 115 3 view .LVU363
 115:Core/Src/main.c **** 
 1141              		.loc 1 115 40 is_stmt 0 view .LVU364
 1142 001a 1023     		movs	r3, #16
 1143 001c 1393     		str	r3, [sp, #76]
 117:Core/Src/main.c ****   {
 1144              		.loc 1 117 3 is_stmt 1 view .LVU365
 117:Core/Src/main.c ****   {
 1145              		.loc 1 117 7 is_stmt 0 view .LVU366
 1146 001e 6846     		mov	r0, sp
 1147 0020 FFF7FEFF 		bl	HAL_RCCEx_PeriphCLKConfig
 1148              	.LVL66:
 117:Core/Src/main.c ****   {
 1149              		.loc 1 117 6 discriminator 1 view .LVU367
 1150 0024 08B9     		cbnz	r0, .L89
 122:Core/Src/main.c **** 
 1151              		.loc 1 122 1 view .LVU368
 1152 0026 14B0     		add	sp, sp, #80
 1153              	.LCFI19:
 1154              		.cfi_remember_state
 1155              		.cfi_def_cfa_offset 8
 1156              		@ sp needed
 1157 0028 10BD     		pop	{r4, pc}
 1158              	.L89:
 1159              	.LCFI20:
 1160              		.cfi_restore_state
 119:Core/Src/main.c ****   }
 1161              		.loc 1 119 5 is_stmt 1 view .LVU369
 1162 002a FFF7FEFF 		bl	Error_Handler
 1163              	.LVL67:
 1164              		.cfi_endproc
 1165              	.LFE956:
ARM GAS  /var/folders/98/ctz5mtps7w71v8dr53cf5qg40000gn/T//ccxHhGaC.s 			page 48


 1167              		.section	.rodata.main.str1.4,"aMS",%progbits,1
 1168              		.align	2
 1169              	.LC0:
 1170 0000 426C696E 		.ascii	"Blink\000"
 1170      6B00
 1171              		.section	.text.main,"ax",%progbits
 1172              		.align	1
 1173              		.global	main
 1174              		.syntax unified
 1175              		.thumb
 1176              		.thumb_func
 1178              	main:
 1179              	.LFB954:
  44:Core/Src/main.c **** 
 1180              		.loc 1 44 1 view -0
 1181              		.cfi_startproc
 1182              		@ Volatile: function does not return.
 1183              		@ args = 0, pretend = 0, frame = 0
 1184              		@ frame_needed = 0, uses_anonymous_args = 0
 1185 0000 00B5     		push	{lr}
 1186              	.LCFI21:
 1187              		.cfi_def_cfa_offset 4
 1188              		.cfi_offset 14, -4
 1189 0002 83B0     		sub	sp, sp, #12
 1190              	.LCFI22:
 1191              		.cfi_def_cfa_offset 16
  51:Core/Src/main.c **** 
 1192              		.loc 1 51 3 view .LVU371
 1193 0004 FFF7FEFF 		bl	HAL_Init
 1194              	.LVL68:
  55:Core/Src/main.c **** 
 1195              		.loc 1 55 3 view .LVU372
 1196 0008 FFF7FEFF 		bl	SystemClock_Config
 1197              	.LVL69:
  58:Core/Src/main.c **** 
 1198              		.loc 1 58 3 view .LVU373
 1199 000c FFF7FEFF 		bl	PeriphCommonClock_Config
 1200              	.LVL70:
  61:Core/Src/main.c **** 
 1201              		.loc 1 61 3 view .LVU374
 1202 0010 FFF7FEFF 		bl	MX_IPCC_Init
 1203              	.LVL71:
  65:Core/Src/main.c ****   MX_I2C1_Init();
 1204              		.loc 1 65 3 view .LVU375
 1205 0014 FFF7FEFF 		bl	MX_GPIO_Init
 1206              	.LVL72:
  66:Core/Src/main.c ****   MX_SPI1_Init();
 1207              		.loc 1 66 3 view .LVU376
 1208 0018 FFF7FEFF 		bl	MX_I2C1_Init
 1209              	.LVL73:
  67:Core/Src/main.c ****   MX_TIM1_Init();
 1210              		.loc 1 67 3 view .LVU377
 1211 001c FFF7FEFF 		bl	MX_SPI1_Init
 1212              	.LVL74:
  68:Core/Src/main.c ****   MX_TIM2_Init();
 1213              		.loc 1 68 3 view .LVU378
 1214 0020 FFF7FEFF 		bl	MX_TIM1_Init
ARM GAS  /var/folders/98/ctz5mtps7w71v8dr53cf5qg40000gn/T//ccxHhGaC.s 			page 49


 1215              	.LVL75:
  69:Core/Src/main.c ****   MX_USART1_UART_Init();
 1216              		.loc 1 69 3 view .LVU379
 1217 0024 FFF7FEFF 		bl	MX_TIM2_Init
 1218              	.LVL76:
  70:Core/Src/main.c ****   MX_RF_Init();
 1219              		.loc 1 70 3 view .LVU380
 1220 0028 FFF7FEFF 		bl	MX_USART1_UART_Init
 1221              	.LVL77:
  71:Core/Src/main.c ****  
 1222              		.loc 1 71 3 view .LVU381
  74:Core/Src/main.c **** 
 1223              		.loc 1 74 3 view .LVU382
 1224 002c 0023     		movs	r3, #0
 1225 002e 0193     		str	r3, [sp, #4]
 1226 0030 0122     		movs	r2, #1
 1227 0032 0092     		str	r2, [sp]
 1228 0034 8022     		movs	r2, #128
 1229 0036 0349     		ldr	r1, .L93
 1230 0038 0348     		ldr	r0, .L93+4
 1231 003a FFF7FEFF 		bl	xTaskCreate
 1232              	.LVL78:
  79:Core/Src/main.c ****  
 1233              		.loc 1 79 3 view .LVU383
 1234 003e FFF7FEFF 		bl	vTaskStartScheduler
 1235              	.LVL79:
 1236              	.L91:
  82:Core/Src/main.c ****   {
 1237              		.loc 1 82 3 view .LVU384
  85:Core/Src/main.c ****   
 1238              		.loc 1 85 3 view .LVU385
  82:Core/Src/main.c ****   {
 1239              		.loc 1 82 9 view .LVU386
 1240 0042 FEE7     		b	.L91
 1241              	.L94:
 1242              		.align	2
 1243              	.L93:
 1244 0044 00000000 		.word	.LC0
 1245 0048 00000000 		.word	BlinkTask
 1246              		.cfi_endproc
 1247              	.LFE954:
 1249              		.global	huart1
 1250              		.section	.bss.huart1,"aw",%nobits
 1251              		.align	2
 1254              	huart1:
 1255 0000 00000000 		.space	148
 1255      00000000 
 1255      00000000 
 1255      00000000 
 1255      00000000 
 1256              		.global	htim2
 1257              		.section	.bss.htim2,"aw",%nobits
 1258              		.align	2
 1261              	htim2:
 1262 0000 00000000 		.space	76
 1262      00000000 
 1262      00000000 
ARM GAS  /var/folders/98/ctz5mtps7w71v8dr53cf5qg40000gn/T//ccxHhGaC.s 			page 50


 1262      00000000 
 1262      00000000 
 1263              		.global	htim1
 1264              		.section	.bss.htim1,"aw",%nobits
 1265              		.align	2
 1268              	htim1:
 1269 0000 00000000 		.space	76
 1269      00000000 
 1269      00000000 
 1269      00000000 
 1269      00000000 
 1270              		.global	hspi1
 1271              		.section	.bss.hspi1,"aw",%nobits
 1272              		.align	2
 1275              	hspi1:
 1276 0000 00000000 		.space	100
 1276      00000000 
 1276      00000000 
 1276      00000000 
 1276      00000000 
 1277              		.global	hipcc
 1278              		.section	.bss.hipcc,"aw",%nobits
 1279              		.align	2
 1282              	hipcc:
 1283 0000 00000000 		.space	60
 1283      00000000 
 1283      00000000 
 1283      00000000 
 1283      00000000 
 1284              		.global	hi2c1
 1285              		.section	.bss.hi2c1,"aw",%nobits
 1286              		.align	2
 1289              	hi2c1:
 1290 0000 00000000 		.space	84
 1290      00000000 
 1290      00000000 
 1290      00000000 
 1290      00000000 
 1291              		.text
 1292              	.Letext0:
 1293              		.file 4 "/Users/yevhenvazhynskyi/Drivers/arm-gnu-toolchain-14.2.rel1-darwin-arm64-arm-none-eabi/ar
 1294              		.file 5 "/Users/yevhenvazhynskyi/Drivers/arm-gnu-toolchain-14.2.rel1-darwin-arm64-arm-none-eabi/ar
 1295              		.file 6 "Drivers/CMSIS/Device/ST/STM32WBxx/Include/stm32wb55xx.h"
 1296              		.file 7 "Drivers/STM32WBxx_HAL_Driver/Inc/stm32wbxx_hal_def.h"
 1297              		.file 8 "Drivers/STM32WBxx_HAL_Driver/Inc/stm32wbxx_hal_dma.h"
 1298              		.file 9 "Drivers/STM32WBxx_HAL_Driver/Inc/stm32wbxx_hal_gpio.h"
 1299              		.file 10 "Drivers/STM32WBxx_HAL_Driver/Inc/stm32wbxx_hal_i2c.h"
 1300              		.file 11 "Drivers/STM32WBxx_HAL_Driver/Inc/stm32wbxx_hal_ipcc.h"
 1301              		.file 12 "Drivers/STM32WBxx_HAL_Driver/Inc/stm32wbxx_hal_rcc_ex.h"
 1302              		.file 13 "Drivers/STM32WBxx_HAL_Driver/Inc/stm32wbxx_hal_spi.h"
 1303              		.file 14 "Drivers/STM32WBxx_HAL_Driver/Inc/stm32wbxx_hal_tim.h"
 1304              		.file 15 "Drivers/STM32WBxx_HAL_Driver/Inc/stm32wbxx_hal_uart.h"
 1305              		.file 16 "Middlewares/Third_Party/FreeRTOS/Source/include/projdefs.h"
 1306              		.file 17 "Middlewares/Third_Party/FreeRTOS/Source/portable/GCC/ARM_CM4F/portmacro.h"
 1307              		.file 18 "Middlewares/Third_Party/FreeRTOS/Source/include/task.h"
 1308              		.file 19 "Drivers/STM32WBxx_HAL_Driver/Inc/stm32wbxx_hal_uart_ex.h"
 1309              		.file 20 "Core/Inc/main.h"
ARM GAS  /var/folders/98/ctz5mtps7w71v8dr53cf5qg40000gn/T//ccxHhGaC.s 			page 51


 1310              		.file 21 "Drivers/STM32WBxx_HAL_Driver/Inc/stm32wbxx_hal_tim_ex.h"
 1311              		.file 22 "Drivers/STM32WBxx_HAL_Driver/Inc/stm32wbxx_hal_i2c_ex.h"
 1312              		.file 23 "Drivers/STM32WBxx_HAL_Driver/Inc/stm32wbxx_hal.h"
 1313              		.file 24 "<built-in>"
ARM GAS  /var/folders/98/ctz5mtps7w71v8dr53cf5qg40000gn/T//ccxHhGaC.s 			page 52


DEFINED SYMBOLS
                            *ABS*:00000000 main.c
/var/folders/98/ctz5mtps7w71v8dr53cf5qg40000gn/T//ccxHhGaC.s:21     .text.MX_GPIO_Init:00000000 $t
/var/folders/98/ctz5mtps7w71v8dr53cf5qg40000gn/T//ccxHhGaC.s:26     .text.MX_GPIO_Init:00000000 MX_GPIO_Init
/var/folders/98/ctz5mtps7w71v8dr53cf5qg40000gn/T//ccxHhGaC.s:219    .text.MX_GPIO_Init:000000b8 $d
/var/folders/98/ctz5mtps7w71v8dr53cf5qg40000gn/T//ccxHhGaC.s:225    .text.BlinkTask:00000000 $t
/var/folders/98/ctz5mtps7w71v8dr53cf5qg40000gn/T//ccxHhGaC.s:231    .text.BlinkTask:00000000 BlinkTask
/var/folders/98/ctz5mtps7w71v8dr53cf5qg40000gn/T//ccxHhGaC.s:263    .text.BlinkTask:00000014 $d
/var/folders/98/ctz5mtps7w71v8dr53cf5qg40000gn/T//ccxHhGaC.s:268    .text.HAL_TIM_PeriodElapsedCallback:00000000 $t
/var/folders/98/ctz5mtps7w71v8dr53cf5qg40000gn/T//ccxHhGaC.s:274    .text.HAL_TIM_PeriodElapsedCallback:00000000 HAL_TIM_PeriodElapsedCallback
/var/folders/98/ctz5mtps7w71v8dr53cf5qg40000gn/T//ccxHhGaC.s:308    .text.HAL_TIM_PeriodElapsedCallback:00000014 $d
/var/folders/98/ctz5mtps7w71v8dr53cf5qg40000gn/T//ccxHhGaC.s:313    .text.Error_Handler:00000000 $t
/var/folders/98/ctz5mtps7w71v8dr53cf5qg40000gn/T//ccxHhGaC.s:319    .text.Error_Handler:00000000 Error_Handler
/var/folders/98/ctz5mtps7w71v8dr53cf5qg40000gn/T//ccxHhGaC.s:351    .text.MX_IPCC_Init:00000000 $t
/var/folders/98/ctz5mtps7w71v8dr53cf5qg40000gn/T//ccxHhGaC.s:356    .text.MX_IPCC_Init:00000000 MX_IPCC_Init
/var/folders/98/ctz5mtps7w71v8dr53cf5qg40000gn/T//ccxHhGaC.s:387    .text.MX_IPCC_Init:00000014 $d
/var/folders/98/ctz5mtps7w71v8dr53cf5qg40000gn/T//ccxHhGaC.s:1282   .bss.hipcc:00000000 hipcc
/var/folders/98/ctz5mtps7w71v8dr53cf5qg40000gn/T//ccxHhGaC.s:393    .text.MX_I2C1_Init:00000000 $t
/var/folders/98/ctz5mtps7w71v8dr53cf5qg40000gn/T//ccxHhGaC.s:398    .text.MX_I2C1_Init:00000000 MX_I2C1_Init
/var/folders/98/ctz5mtps7w71v8dr53cf5qg40000gn/T//ccxHhGaC.s:480    .text.MX_I2C1_Init:00000048 $d
/var/folders/98/ctz5mtps7w71v8dr53cf5qg40000gn/T//ccxHhGaC.s:1289   .bss.hi2c1:00000000 hi2c1
/var/folders/98/ctz5mtps7w71v8dr53cf5qg40000gn/T//ccxHhGaC.s:487    .text.MX_SPI1_Init:00000000 $t
/var/folders/98/ctz5mtps7w71v8dr53cf5qg40000gn/T//ccxHhGaC.s:492    .text.MX_SPI1_Init:00000000 MX_SPI1_Init
/var/folders/98/ctz5mtps7w71v8dr53cf5qg40000gn/T//ccxHhGaC.s:568    .text.MX_SPI1_Init:00000040 $d
/var/folders/98/ctz5mtps7w71v8dr53cf5qg40000gn/T//ccxHhGaC.s:1275   .bss.hspi1:00000000 hspi1
/var/folders/98/ctz5mtps7w71v8dr53cf5qg40000gn/T//ccxHhGaC.s:574    .text.MX_TIM1_Init:00000000 $t
/var/folders/98/ctz5mtps7w71v8dr53cf5qg40000gn/T//ccxHhGaC.s:579    .text.MX_TIM1_Init:00000000 MX_TIM1_Init
/var/folders/98/ctz5mtps7w71v8dr53cf5qg40000gn/T//ccxHhGaC.s:819    .text.MX_TIM1_Init:000000f0 $d
/var/folders/98/ctz5mtps7w71v8dr53cf5qg40000gn/T//ccxHhGaC.s:1268   .bss.htim1:00000000 htim1
/var/folders/98/ctz5mtps7w71v8dr53cf5qg40000gn/T//ccxHhGaC.s:825    .text.MX_TIM2_Init:00000000 $t
/var/folders/98/ctz5mtps7w71v8dr53cf5qg40000gn/T//ccxHhGaC.s:830    .text.MX_TIM2_Init:00000000 MX_TIM2_Init
/var/folders/98/ctz5mtps7w71v8dr53cf5qg40000gn/T//ccxHhGaC.s:989    .text.MX_TIM2_Init:000000a4 $d
/var/folders/98/ctz5mtps7w71v8dr53cf5qg40000gn/T//ccxHhGaC.s:1261   .bss.htim2:00000000 htim2
/var/folders/98/ctz5mtps7w71v8dr53cf5qg40000gn/T//ccxHhGaC.s:994    .text.MX_USART1_UART_Init:00000000 $t
/var/folders/98/ctz5mtps7w71v8dr53cf5qg40000gn/T//ccxHhGaC.s:999    .text.MX_USART1_UART_Init:00000000 MX_USART1_UART_Init
/var/folders/98/ctz5mtps7w71v8dr53cf5qg40000gn/T//ccxHhGaC.s:1098   .text.MX_USART1_UART_Init:00000058 $d
/var/folders/98/ctz5mtps7w71v8dr53cf5qg40000gn/T//ccxHhGaC.s:1254   .bss.huart1:00000000 huart1
/var/folders/98/ctz5mtps7w71v8dr53cf5qg40000gn/T//ccxHhGaC.s:1104   .text.PeriphCommonClock_Config:00000000 $t
/var/folders/98/ctz5mtps7w71v8dr53cf5qg40000gn/T//ccxHhGaC.s:1110   .text.PeriphCommonClock_Config:00000000 PeriphCommonClock_Config
/var/folders/98/ctz5mtps7w71v8dr53cf5qg40000gn/T//ccxHhGaC.s:1168   .rodata.main.str1.4:00000000 $d
/var/folders/98/ctz5mtps7w71v8dr53cf5qg40000gn/T//ccxHhGaC.s:1172   .text.main:00000000 $t
/var/folders/98/ctz5mtps7w71v8dr53cf5qg40000gn/T//ccxHhGaC.s:1178   .text.main:00000000 main
/var/folders/98/ctz5mtps7w71v8dr53cf5qg40000gn/T//ccxHhGaC.s:1244   .text.main:00000044 $d
/var/folders/98/ctz5mtps7w71v8dr53cf5qg40000gn/T//ccxHhGaC.s:1251   .bss.huart1:00000000 $d
/var/folders/98/ctz5mtps7w71v8dr53cf5qg40000gn/T//ccxHhGaC.s:1258   .bss.htim2:00000000 $d
/var/folders/98/ctz5mtps7w71v8dr53cf5qg40000gn/T//ccxHhGaC.s:1265   .bss.htim1:00000000 $d
/var/folders/98/ctz5mtps7w71v8dr53cf5qg40000gn/T//ccxHhGaC.s:1272   .bss.hspi1:00000000 $d
/var/folders/98/ctz5mtps7w71v8dr53cf5qg40000gn/T//ccxHhGaC.s:1279   .bss.hipcc:00000000 $d
/var/folders/98/ctz5mtps7w71v8dr53cf5qg40000gn/T//ccxHhGaC.s:1286   .bss.hi2c1:00000000 $d

UNDEFINED SYMBOLS
HAL_GPIO_WritePin
HAL_GPIO_Init
HAL_GPIO_TogglePin
vTaskDelay
HAL_IncTick
HAL_IPCC_Init
ARM GAS  /var/folders/98/ctz5mtps7w71v8dr53cf5qg40000gn/T//ccxHhGaC.s 			page 53


HAL_I2C_Init
HAL_I2CEx_ConfigAnalogFilter
HAL_I2CEx_ConfigDigitalFilter
HAL_SPI_Init
memset
HAL_TIM_PWM_Init
HAL_TIMEx_MasterConfigSynchronization
HAL_TIM_PWM_ConfigChannel
HAL_TIMEx_ConfigBreakDeadTime
HAL_TIM_MspPostInit
HAL_UART_Init
HAL_UARTEx_SetTxFifoThreshold
HAL_UARTEx_SetRxFifoThreshold
HAL_UARTEx_DisableFifoMode
HAL_RCCEx_PeriphCLKConfig
HAL_Init
SystemClock_Config
xTaskCreate
vTaskStartScheduler
