ARM GAS  /var/folders/98/ctz5mtps7w71v8dr53cf5qg40000gn/T//ccR9nXxY.s 			page 1


   1              		.cpu cortex-m4
   2              		.arch armv7e-m
   3              		.fpu fpv4-sp-d16
   4              		.eabi_attribute 27, 1
   5              		.eabi_attribute 28, 1
   6              		.eabi_attribute 20, 1
   7              		.eabi_attribute 21, 1
   8              		.eabi_attribute 23, 3
   9              		.eabi_attribute 24, 1
  10              		.eabi_attribute 25, 1
  11              		.eabi_attribute 26, 1
  12              		.eabi_attribute 30, 1
  13              		.eabi_attribute 34, 1
  14              		.eabi_attribute 18, 4
  15              		.file	"stm32wbxx_hal_flash.c"
  16              		.text
  17              	.Ltext0:
  18              		.cfi_sections	.debug_frame
  19              		.file 1 "Drivers/STM32WBxx_HAL_Driver/Src/stm32wbxx_hal_flash.c"
  20              		.section	.text.FLASH_Program_DoubleWord,"ax",%progbits
  21              		.align	1
  22              		.syntax unified
  23              		.thumb
  24              		.thumb_func
  26              	FLASH_Program_DoubleWord:
  27              	.LVL0:
  28              	.LFB962:
   1:Drivers/STM32WBxx_HAL_Driver/Src/stm32wbxx_hal_flash.c **** /**
   2:Drivers/STM32WBxx_HAL_Driver/Src/stm32wbxx_hal_flash.c ****   ******************************************************************************
   3:Drivers/STM32WBxx_HAL_Driver/Src/stm32wbxx_hal_flash.c ****   * @file    stm32wbxx_hal_flash.c
   4:Drivers/STM32WBxx_HAL_Driver/Src/stm32wbxx_hal_flash.c ****   * @author  MCD Application Team
   5:Drivers/STM32WBxx_HAL_Driver/Src/stm32wbxx_hal_flash.c ****   * @brief   FLASH HAL module driver.
   6:Drivers/STM32WBxx_HAL_Driver/Src/stm32wbxx_hal_flash.c ****   *          This file provides firmware functions to manage the following
   7:Drivers/STM32WBxx_HAL_Driver/Src/stm32wbxx_hal_flash.c ****   *          functionalities of the internal FLASH memory:
   8:Drivers/STM32WBxx_HAL_Driver/Src/stm32wbxx_hal_flash.c ****   *           + Program operations functions
   9:Drivers/STM32WBxx_HAL_Driver/Src/stm32wbxx_hal_flash.c ****   *           + Memory Control functions
  10:Drivers/STM32WBxx_HAL_Driver/Src/stm32wbxx_hal_flash.c ****   *           + Peripheral Errors functions
  11:Drivers/STM32WBxx_HAL_Driver/Src/stm32wbxx_hal_flash.c ****   ******************************************************************************
  12:Drivers/STM32WBxx_HAL_Driver/Src/stm32wbxx_hal_flash.c ****   * @attention
  13:Drivers/STM32WBxx_HAL_Driver/Src/stm32wbxx_hal_flash.c ****   *
  14:Drivers/STM32WBxx_HAL_Driver/Src/stm32wbxx_hal_flash.c ****   * Copyright (c) 2019 STMicroelectronics.
  15:Drivers/STM32WBxx_HAL_Driver/Src/stm32wbxx_hal_flash.c ****   * All rights reserved.
  16:Drivers/STM32WBxx_HAL_Driver/Src/stm32wbxx_hal_flash.c ****   *
  17:Drivers/STM32WBxx_HAL_Driver/Src/stm32wbxx_hal_flash.c ****   * This software is licensed under terms that can be found in the LICENSE file
  18:Drivers/STM32WBxx_HAL_Driver/Src/stm32wbxx_hal_flash.c ****   * in the root directory of this software component.
  19:Drivers/STM32WBxx_HAL_Driver/Src/stm32wbxx_hal_flash.c ****   * If no LICENSE file comes with this software, it is provided AS-IS.
  20:Drivers/STM32WBxx_HAL_Driver/Src/stm32wbxx_hal_flash.c ****   *
  21:Drivers/STM32WBxx_HAL_Driver/Src/stm32wbxx_hal_flash.c ****   ******************************************************************************
  22:Drivers/STM32WBxx_HAL_Driver/Src/stm32wbxx_hal_flash.c ****  @verbatim
  23:Drivers/STM32WBxx_HAL_Driver/Src/stm32wbxx_hal_flash.c ****   ==============================================================================
  24:Drivers/STM32WBxx_HAL_Driver/Src/stm32wbxx_hal_flash.c ****                         ##### FLASH peripheral features #####
  25:Drivers/STM32WBxx_HAL_Driver/Src/stm32wbxx_hal_flash.c ****   ==============================================================================
  26:Drivers/STM32WBxx_HAL_Driver/Src/stm32wbxx_hal_flash.c **** 
  27:Drivers/STM32WBxx_HAL_Driver/Src/stm32wbxx_hal_flash.c ****   [..] The Flash memory interface manages CPU AHB I-Code and D-Code accesses
  28:Drivers/STM32WBxx_HAL_Driver/Src/stm32wbxx_hal_flash.c ****        to the Flash memory. It implements the erase and program Flash memory operations
  29:Drivers/STM32WBxx_HAL_Driver/Src/stm32wbxx_hal_flash.c ****        and the read and write protection mechanisms.
  30:Drivers/STM32WBxx_HAL_Driver/Src/stm32wbxx_hal_flash.c **** 
ARM GAS  /var/folders/98/ctz5mtps7w71v8dr53cf5qg40000gn/T//ccR9nXxY.s 			page 2


  31:Drivers/STM32WBxx_HAL_Driver/Src/stm32wbxx_hal_flash.c ****   [..] The Flash memory interface accelerates code execution with a system of instruction
  32:Drivers/STM32WBxx_HAL_Driver/Src/stm32wbxx_hal_flash.c ****        prefetch and cache lines.
  33:Drivers/STM32WBxx_HAL_Driver/Src/stm32wbxx_hal_flash.c **** 
  34:Drivers/STM32WBxx_HAL_Driver/Src/stm32wbxx_hal_flash.c ****   [..] The FLASH main features are:
  35:Drivers/STM32WBxx_HAL_Driver/Src/stm32wbxx_hal_flash.c ****       (+) Flash memory read operations
  36:Drivers/STM32WBxx_HAL_Driver/Src/stm32wbxx_hal_flash.c ****       (+) Flash memory program/erase operations
  37:Drivers/STM32WBxx_HAL_Driver/Src/stm32wbxx_hal_flash.c ****       (+) Program and Erase suspension
  38:Drivers/STM32WBxx_HAL_Driver/Src/stm32wbxx_hal_flash.c ****       (+) Read / write protections (2 areas per features)
  39:Drivers/STM32WBxx_HAL_Driver/Src/stm32wbxx_hal_flash.c ****       (+) CPU2 Security area
  40:Drivers/STM32WBxx_HAL_Driver/Src/stm32wbxx_hal_flash.c ****       (+) Option bytes programming
  41:Drivers/STM32WBxx_HAL_Driver/Src/stm32wbxx_hal_flash.c ****       (+) Prefetch on CPU1 I-Code and CPU2 S-bus
  42:Drivers/STM32WBxx_HAL_Driver/Src/stm32wbxx_hal_flash.c ****       (+) 32 instruction cache lines of 4*64 bits on I-Code for CPU1
  43:Drivers/STM32WBxx_HAL_Driver/Src/stm32wbxx_hal_flash.c ****       (+) 8 data cache lines of 4*64 bits on D-Code for CPU1
  44:Drivers/STM32WBxx_HAL_Driver/Src/stm32wbxx_hal_flash.c ****       (+) 4 instruction cache lines of 1*64 bits on S-bus for CPU2
  45:Drivers/STM32WBxx_HAL_Driver/Src/stm32wbxx_hal_flash.c ****       (+) 4 data cache lines of 1*64 bits on S-Bus for CPU2
  46:Drivers/STM32WBxx_HAL_Driver/Src/stm32wbxx_hal_flash.c ****       (+) Error code correction (ECC) : Data in flash are 72-bits word
  47:Drivers/STM32WBxx_HAL_Driver/Src/stm32wbxx_hal_flash.c ****           (8 bits added per double word)
  48:Drivers/STM32WBxx_HAL_Driver/Src/stm32wbxx_hal_flash.c **** 
  49:Drivers/STM32WBxx_HAL_Driver/Src/stm32wbxx_hal_flash.c ****                         ##### How to use this driver #####
  50:Drivers/STM32WBxx_HAL_Driver/Src/stm32wbxx_hal_flash.c ****  ==============================================================================
  51:Drivers/STM32WBxx_HAL_Driver/Src/stm32wbxx_hal_flash.c ****     [..]
  52:Drivers/STM32WBxx_HAL_Driver/Src/stm32wbxx_hal_flash.c ****       This driver provides functions and macros to configure and program the FLASH
  53:Drivers/STM32WBxx_HAL_Driver/Src/stm32wbxx_hal_flash.c ****       memory of all STM32WBxx devices.
  54:Drivers/STM32WBxx_HAL_Driver/Src/stm32wbxx_hal_flash.c **** 
  55:Drivers/STM32WBxx_HAL_Driver/Src/stm32wbxx_hal_flash.c ****       (#) Flash Memory IO Programming functions:
  56:Drivers/STM32WBxx_HAL_Driver/Src/stm32wbxx_hal_flash.c ****            (++) Lock and Unlock the FLASH interface using HAL_FLASH_Unlock() and
  57:Drivers/STM32WBxx_HAL_Driver/Src/stm32wbxx_hal_flash.c ****                 HAL_FLASH_Lock() functions
  58:Drivers/STM32WBxx_HAL_Driver/Src/stm32wbxx_hal_flash.c ****            (++) Program functions: double word and fast program (full row programming)
  59:Drivers/STM32WBxx_HAL_Driver/Src/stm32wbxx_hal_flash.c ****            (++) There are two modes of programming:
  60:Drivers/STM32WBxx_HAL_Driver/Src/stm32wbxx_hal_flash.c ****             (+++) Polling mode using HAL_FLASH_Program() function
  61:Drivers/STM32WBxx_HAL_Driver/Src/stm32wbxx_hal_flash.c ****             (+++) Interrupt mode using HAL_FLASH_Program_IT() function
  62:Drivers/STM32WBxx_HAL_Driver/Src/stm32wbxx_hal_flash.c **** 
  63:Drivers/STM32WBxx_HAL_Driver/Src/stm32wbxx_hal_flash.c ****       (#) Interrupts and flags management functions:
  64:Drivers/STM32WBxx_HAL_Driver/Src/stm32wbxx_hal_flash.c ****            (++) Handle FLASH interrupts by calling HAL_FLASH_IRQHandler()
  65:Drivers/STM32WBxx_HAL_Driver/Src/stm32wbxx_hal_flash.c ****            (++) Callback functions are called when the flash operations are finished :
  66:Drivers/STM32WBxx_HAL_Driver/Src/stm32wbxx_hal_flash.c ****                 HAL_FLASH_EndOfOperationCallback() when everything is ok, otherwise
  67:Drivers/STM32WBxx_HAL_Driver/Src/stm32wbxx_hal_flash.c ****                 HAL_FLASH_OperationErrorCallback()
  68:Drivers/STM32WBxx_HAL_Driver/Src/stm32wbxx_hal_flash.c ****            (++) Get error flag status by calling HAL_GetError()
  69:Drivers/STM32WBxx_HAL_Driver/Src/stm32wbxx_hal_flash.c **** 
  70:Drivers/STM32WBxx_HAL_Driver/Src/stm32wbxx_hal_flash.c ****       (#) Option bytes management functions :
  71:Drivers/STM32WBxx_HAL_Driver/Src/stm32wbxx_hal_flash.c ****            (++) Lock and Unlock the option bytes using HAL_FLASH_OB_Unlock() and
  72:Drivers/STM32WBxx_HAL_Driver/Src/stm32wbxx_hal_flash.c ****                 HAL_FLASH_OB_Lock() functions
  73:Drivers/STM32WBxx_HAL_Driver/Src/stm32wbxx_hal_flash.c ****            (++) Launch the reload of the option bytes using HAL_FLASH_OB_Launch() function.
  74:Drivers/STM32WBxx_HAL_Driver/Src/stm32wbxx_hal_flash.c ****                 In this case, a reset is generated
  75:Drivers/STM32WBxx_HAL_Driver/Src/stm32wbxx_hal_flash.c **** 
  76:Drivers/STM32WBxx_HAL_Driver/Src/stm32wbxx_hal_flash.c ****     [..]
  77:Drivers/STM32WBxx_HAL_Driver/Src/stm32wbxx_hal_flash.c ****       In addition to these functions, this driver includes a set of macros allowing
  78:Drivers/STM32WBxx_HAL_Driver/Src/stm32wbxx_hal_flash.c ****       to handle the following operations:
  79:Drivers/STM32WBxx_HAL_Driver/Src/stm32wbxx_hal_flash.c ****        (+) Set the latency
  80:Drivers/STM32WBxx_HAL_Driver/Src/stm32wbxx_hal_flash.c ****        (+) Enable/Disable the prefetch buffer
  81:Drivers/STM32WBxx_HAL_Driver/Src/stm32wbxx_hal_flash.c ****        (+) Enable/Disable the suspend program or erase request
  82:Drivers/STM32WBxx_HAL_Driver/Src/stm32wbxx_hal_flash.c ****        (+) Enable/Disable the Instruction cache and the Data cache
  83:Drivers/STM32WBxx_HAL_Driver/Src/stm32wbxx_hal_flash.c ****        (+) Reset the Instruction cache and the Data cache
  84:Drivers/STM32WBxx_HAL_Driver/Src/stm32wbxx_hal_flash.c ****        (+) Enable/Disable the Flash interrupts
  85:Drivers/STM32WBxx_HAL_Driver/Src/stm32wbxx_hal_flash.c ****        (+) Monitor the Flash flags status
  86:Drivers/STM32WBxx_HAL_Driver/Src/stm32wbxx_hal_flash.c **** 
  87:Drivers/STM32WBxx_HAL_Driver/Src/stm32wbxx_hal_flash.c ****  @endverbatim
ARM GAS  /var/folders/98/ctz5mtps7w71v8dr53cf5qg40000gn/T//ccR9nXxY.s 			page 3


  88:Drivers/STM32WBxx_HAL_Driver/Src/stm32wbxx_hal_flash.c ****   ******************************************************************************
  89:Drivers/STM32WBxx_HAL_Driver/Src/stm32wbxx_hal_flash.c ****   */
  90:Drivers/STM32WBxx_HAL_Driver/Src/stm32wbxx_hal_flash.c **** 
  91:Drivers/STM32WBxx_HAL_Driver/Src/stm32wbxx_hal_flash.c **** /* Includes ------------------------------------------------------------------*/
  92:Drivers/STM32WBxx_HAL_Driver/Src/stm32wbxx_hal_flash.c **** #include "stm32wbxx_hal.h"
  93:Drivers/STM32WBxx_HAL_Driver/Src/stm32wbxx_hal_flash.c **** 
  94:Drivers/STM32WBxx_HAL_Driver/Src/stm32wbxx_hal_flash.c **** /** @addtogroup STM32WBxx_HAL_Driver
  95:Drivers/STM32WBxx_HAL_Driver/Src/stm32wbxx_hal_flash.c ****   * @{
  96:Drivers/STM32WBxx_HAL_Driver/Src/stm32wbxx_hal_flash.c ****   */
  97:Drivers/STM32WBxx_HAL_Driver/Src/stm32wbxx_hal_flash.c **** 
  98:Drivers/STM32WBxx_HAL_Driver/Src/stm32wbxx_hal_flash.c **** /** @defgroup FLASH FLASH
  99:Drivers/STM32WBxx_HAL_Driver/Src/stm32wbxx_hal_flash.c ****   * @brief FLASH HAL module driver
 100:Drivers/STM32WBxx_HAL_Driver/Src/stm32wbxx_hal_flash.c ****   * @{
 101:Drivers/STM32WBxx_HAL_Driver/Src/stm32wbxx_hal_flash.c ****   */
 102:Drivers/STM32WBxx_HAL_Driver/Src/stm32wbxx_hal_flash.c **** 
 103:Drivers/STM32WBxx_HAL_Driver/Src/stm32wbxx_hal_flash.c **** #ifdef HAL_FLASH_MODULE_ENABLED
 104:Drivers/STM32WBxx_HAL_Driver/Src/stm32wbxx_hal_flash.c **** 
 105:Drivers/STM32WBxx_HAL_Driver/Src/stm32wbxx_hal_flash.c **** /* Private typedef -----------------------------------------------------------*/
 106:Drivers/STM32WBxx_HAL_Driver/Src/stm32wbxx_hal_flash.c **** /* Private defines -----------------------------------------------------------*/
 107:Drivers/STM32WBxx_HAL_Driver/Src/stm32wbxx_hal_flash.c **** /** @addtogroup FLASH_Private_Constants
 108:Drivers/STM32WBxx_HAL_Driver/Src/stm32wbxx_hal_flash.c ****   * @{
 109:Drivers/STM32WBxx_HAL_Driver/Src/stm32wbxx_hal_flash.c ****   */
 110:Drivers/STM32WBxx_HAL_Driver/Src/stm32wbxx_hal_flash.c **** #define FLASH_NB_DOUBLE_WORDS_IN_ROW  64
 111:Drivers/STM32WBxx_HAL_Driver/Src/stm32wbxx_hal_flash.c **** /**
 112:Drivers/STM32WBxx_HAL_Driver/Src/stm32wbxx_hal_flash.c ****   * @}
 113:Drivers/STM32WBxx_HAL_Driver/Src/stm32wbxx_hal_flash.c ****   */
 114:Drivers/STM32WBxx_HAL_Driver/Src/stm32wbxx_hal_flash.c **** 
 115:Drivers/STM32WBxx_HAL_Driver/Src/stm32wbxx_hal_flash.c **** /* Private macros ------------------------------------------------------------*/
 116:Drivers/STM32WBxx_HAL_Driver/Src/stm32wbxx_hal_flash.c **** /* Private variables ---------------------------------------------------------*/
 117:Drivers/STM32WBxx_HAL_Driver/Src/stm32wbxx_hal_flash.c **** /** @defgroup FLASH_Private_Variables FLASH Private Variables
 118:Drivers/STM32WBxx_HAL_Driver/Src/stm32wbxx_hal_flash.c ****   * @{
 119:Drivers/STM32WBxx_HAL_Driver/Src/stm32wbxx_hal_flash.c ****   */
 120:Drivers/STM32WBxx_HAL_Driver/Src/stm32wbxx_hal_flash.c **** /**
 121:Drivers/STM32WBxx_HAL_Driver/Src/stm32wbxx_hal_flash.c ****   * @brief  Variable used for Program/Erase sectors under interruption
 122:Drivers/STM32WBxx_HAL_Driver/Src/stm32wbxx_hal_flash.c ****   */
 123:Drivers/STM32WBxx_HAL_Driver/Src/stm32wbxx_hal_flash.c **** FLASH_ProcessTypeDef pFlash = {.Lock = HAL_UNLOCKED, \
 124:Drivers/STM32WBxx_HAL_Driver/Src/stm32wbxx_hal_flash.c ****                                .ErrorCode = HAL_FLASH_ERROR_NONE, \
 125:Drivers/STM32WBxx_HAL_Driver/Src/stm32wbxx_hal_flash.c ****                                .ProcedureOnGoing = 0U, \
 126:Drivers/STM32WBxx_HAL_Driver/Src/stm32wbxx_hal_flash.c ****                                .Address = 0U, \
 127:Drivers/STM32WBxx_HAL_Driver/Src/stm32wbxx_hal_flash.c ****                                .Page = 0U, \
 128:Drivers/STM32WBxx_HAL_Driver/Src/stm32wbxx_hal_flash.c ****                                .NbPagesToErase = 0U
 129:Drivers/STM32WBxx_HAL_Driver/Src/stm32wbxx_hal_flash.c ****                               };
 130:Drivers/STM32WBxx_HAL_Driver/Src/stm32wbxx_hal_flash.c **** /**
 131:Drivers/STM32WBxx_HAL_Driver/Src/stm32wbxx_hal_flash.c ****   * @}
 132:Drivers/STM32WBxx_HAL_Driver/Src/stm32wbxx_hal_flash.c ****   */
 133:Drivers/STM32WBxx_HAL_Driver/Src/stm32wbxx_hal_flash.c **** 
 134:Drivers/STM32WBxx_HAL_Driver/Src/stm32wbxx_hal_flash.c **** /* Private function prototypes -----------------------------------------------*/
 135:Drivers/STM32WBxx_HAL_Driver/Src/stm32wbxx_hal_flash.c **** /** @defgroup FLASH_Private_Functions FLASH Private Functions
 136:Drivers/STM32WBxx_HAL_Driver/Src/stm32wbxx_hal_flash.c ****   * @{
 137:Drivers/STM32WBxx_HAL_Driver/Src/stm32wbxx_hal_flash.c ****   */
 138:Drivers/STM32WBxx_HAL_Driver/Src/stm32wbxx_hal_flash.c **** static void          FLASH_Program_DoubleWord(uint32_t Address, uint64_t Data);
 139:Drivers/STM32WBxx_HAL_Driver/Src/stm32wbxx_hal_flash.c **** static void          FLASH_Program_Fast(uint32_t Address, uint32_t DataAddress);
 140:Drivers/STM32WBxx_HAL_Driver/Src/stm32wbxx_hal_flash.c **** /**
 141:Drivers/STM32WBxx_HAL_Driver/Src/stm32wbxx_hal_flash.c ****   * @}
 142:Drivers/STM32WBxx_HAL_Driver/Src/stm32wbxx_hal_flash.c ****   */
 143:Drivers/STM32WBxx_HAL_Driver/Src/stm32wbxx_hal_flash.c **** 
 144:Drivers/STM32WBxx_HAL_Driver/Src/stm32wbxx_hal_flash.c **** /* Exported functions --------------------------------------------------------*/
ARM GAS  /var/folders/98/ctz5mtps7w71v8dr53cf5qg40000gn/T//ccR9nXxY.s 			page 4


 145:Drivers/STM32WBxx_HAL_Driver/Src/stm32wbxx_hal_flash.c **** /** @defgroup FLASH_Exported_Functions FLASH Exported Functions
 146:Drivers/STM32WBxx_HAL_Driver/Src/stm32wbxx_hal_flash.c ****   * @{
 147:Drivers/STM32WBxx_HAL_Driver/Src/stm32wbxx_hal_flash.c ****   */
 148:Drivers/STM32WBxx_HAL_Driver/Src/stm32wbxx_hal_flash.c **** 
 149:Drivers/STM32WBxx_HAL_Driver/Src/stm32wbxx_hal_flash.c **** /** @defgroup FLASH_Exported_Functions_Group1 Programming operation functions
 150:Drivers/STM32WBxx_HAL_Driver/Src/stm32wbxx_hal_flash.c ****   *  @brief   Programming operation functions
 151:Drivers/STM32WBxx_HAL_Driver/Src/stm32wbxx_hal_flash.c ****   *
 152:Drivers/STM32WBxx_HAL_Driver/Src/stm32wbxx_hal_flash.c **** @verbatim
 153:Drivers/STM32WBxx_HAL_Driver/Src/stm32wbxx_hal_flash.c ****  ===============================================================================
 154:Drivers/STM32WBxx_HAL_Driver/Src/stm32wbxx_hal_flash.c ****                   ##### Programming operation functions #####
 155:Drivers/STM32WBxx_HAL_Driver/Src/stm32wbxx_hal_flash.c ****  ===============================================================================
 156:Drivers/STM32WBxx_HAL_Driver/Src/stm32wbxx_hal_flash.c ****     [..]
 157:Drivers/STM32WBxx_HAL_Driver/Src/stm32wbxx_hal_flash.c ****     This subsection provides a set of functions allowing to manage the FLASH
 158:Drivers/STM32WBxx_HAL_Driver/Src/stm32wbxx_hal_flash.c ****     program operations.
 159:Drivers/STM32WBxx_HAL_Driver/Src/stm32wbxx_hal_flash.c **** 
 160:Drivers/STM32WBxx_HAL_Driver/Src/stm32wbxx_hal_flash.c **** @endverbatim
 161:Drivers/STM32WBxx_HAL_Driver/Src/stm32wbxx_hal_flash.c ****   * @{
 162:Drivers/STM32WBxx_HAL_Driver/Src/stm32wbxx_hal_flash.c ****   */
 163:Drivers/STM32WBxx_HAL_Driver/Src/stm32wbxx_hal_flash.c **** 
 164:Drivers/STM32WBxx_HAL_Driver/Src/stm32wbxx_hal_flash.c **** /**
 165:Drivers/STM32WBxx_HAL_Driver/Src/stm32wbxx_hal_flash.c ****   * @brief  Program double word or fast program of a row at a specified address.
 166:Drivers/STM32WBxx_HAL_Driver/Src/stm32wbxx_hal_flash.c ****   * @note   Before any operation, it is possible to check there is no operation suspended
 167:Drivers/STM32WBxx_HAL_Driver/Src/stm32wbxx_hal_flash.c ****   *         by call HAL_FLASHEx_IsOperationSuspended()
 168:Drivers/STM32WBxx_HAL_Driver/Src/stm32wbxx_hal_flash.c ****   * @param  TypeProgram Indicate the way to program at a specified address
 169:Drivers/STM32WBxx_HAL_Driver/Src/stm32wbxx_hal_flash.c ****   *                       This parameter can be a value of @ref FLASH_TYPE_PROGRAM
 170:Drivers/STM32WBxx_HAL_Driver/Src/stm32wbxx_hal_flash.c ****   * @param  Address Specifies the address to be programmed.
 171:Drivers/STM32WBxx_HAL_Driver/Src/stm32wbxx_hal_flash.c ****   * @param  Data Specifies the data to be programmed
 172:Drivers/STM32WBxx_HAL_Driver/Src/stm32wbxx_hal_flash.c ****   *                This parameter is the data for the double word program and the address where
 173:Drivers/STM32WBxx_HAL_Driver/Src/stm32wbxx_hal_flash.c ****   *                are stored the data for the row fast program.
 174:Drivers/STM32WBxx_HAL_Driver/Src/stm32wbxx_hal_flash.c ****   *
 175:Drivers/STM32WBxx_HAL_Driver/Src/stm32wbxx_hal_flash.c ****   * @retval HAL_StatusTypeDef HAL Status
 176:Drivers/STM32WBxx_HAL_Driver/Src/stm32wbxx_hal_flash.c ****   */
 177:Drivers/STM32WBxx_HAL_Driver/Src/stm32wbxx_hal_flash.c **** HAL_StatusTypeDef HAL_FLASH_Program(uint32_t TypeProgram, uint32_t Address, uint64_t Data)
 178:Drivers/STM32WBxx_HAL_Driver/Src/stm32wbxx_hal_flash.c **** {
 179:Drivers/STM32WBxx_HAL_Driver/Src/stm32wbxx_hal_flash.c ****   HAL_StatusTypeDef status;
 180:Drivers/STM32WBxx_HAL_Driver/Src/stm32wbxx_hal_flash.c **** 
 181:Drivers/STM32WBxx_HAL_Driver/Src/stm32wbxx_hal_flash.c ****   /* Check the parameters */
 182:Drivers/STM32WBxx_HAL_Driver/Src/stm32wbxx_hal_flash.c ****   assert_param(IS_FLASH_TYPEPROGRAM(TypeProgram));
 183:Drivers/STM32WBxx_HAL_Driver/Src/stm32wbxx_hal_flash.c ****   assert_param(IS_ADDR_ALIGNED_64BITS(Address));
 184:Drivers/STM32WBxx_HAL_Driver/Src/stm32wbxx_hal_flash.c ****   assert_param(IS_FLASH_PROGRAM_ADDRESS(Address));
 185:Drivers/STM32WBxx_HAL_Driver/Src/stm32wbxx_hal_flash.c **** 
 186:Drivers/STM32WBxx_HAL_Driver/Src/stm32wbxx_hal_flash.c ****   /* Process Locked */
 187:Drivers/STM32WBxx_HAL_Driver/Src/stm32wbxx_hal_flash.c ****   __HAL_LOCK(&pFlash);
 188:Drivers/STM32WBxx_HAL_Driver/Src/stm32wbxx_hal_flash.c **** 
 189:Drivers/STM32WBxx_HAL_Driver/Src/stm32wbxx_hal_flash.c ****   /* Reset error code */
 190:Drivers/STM32WBxx_HAL_Driver/Src/stm32wbxx_hal_flash.c ****   pFlash.ErrorCode = HAL_FLASH_ERROR_NONE;
 191:Drivers/STM32WBxx_HAL_Driver/Src/stm32wbxx_hal_flash.c **** 
 192:Drivers/STM32WBxx_HAL_Driver/Src/stm32wbxx_hal_flash.c ****   /* Verify that next operation can be proceed */
 193:Drivers/STM32WBxx_HAL_Driver/Src/stm32wbxx_hal_flash.c ****   status = FLASH_WaitForLastOperation(FLASH_TIMEOUT_VALUE);
 194:Drivers/STM32WBxx_HAL_Driver/Src/stm32wbxx_hal_flash.c **** 
 195:Drivers/STM32WBxx_HAL_Driver/Src/stm32wbxx_hal_flash.c ****   if (status == HAL_OK)
 196:Drivers/STM32WBxx_HAL_Driver/Src/stm32wbxx_hal_flash.c ****   {
 197:Drivers/STM32WBxx_HAL_Driver/Src/stm32wbxx_hal_flash.c ****     if (TypeProgram == FLASH_TYPEPROGRAM_DOUBLEWORD)
 198:Drivers/STM32WBxx_HAL_Driver/Src/stm32wbxx_hal_flash.c ****     {
 199:Drivers/STM32WBxx_HAL_Driver/Src/stm32wbxx_hal_flash.c ****       /* Check the parameters */
 200:Drivers/STM32WBxx_HAL_Driver/Src/stm32wbxx_hal_flash.c ****       assert_param(IS_FLASH_PROGRAM_ADDRESS(Address));
 201:Drivers/STM32WBxx_HAL_Driver/Src/stm32wbxx_hal_flash.c **** 
ARM GAS  /var/folders/98/ctz5mtps7w71v8dr53cf5qg40000gn/T//ccR9nXxY.s 			page 5


 202:Drivers/STM32WBxx_HAL_Driver/Src/stm32wbxx_hal_flash.c ****       /* Program double-word (64-bit) at a specified address */
 203:Drivers/STM32WBxx_HAL_Driver/Src/stm32wbxx_hal_flash.c ****       FLASH_Program_DoubleWord(Address, Data);
 204:Drivers/STM32WBxx_HAL_Driver/Src/stm32wbxx_hal_flash.c ****     }
 205:Drivers/STM32WBxx_HAL_Driver/Src/stm32wbxx_hal_flash.c ****     else
 206:Drivers/STM32WBxx_HAL_Driver/Src/stm32wbxx_hal_flash.c ****     {
 207:Drivers/STM32WBxx_HAL_Driver/Src/stm32wbxx_hal_flash.c ****       /* Check the parameters */
 208:Drivers/STM32WBxx_HAL_Driver/Src/stm32wbxx_hal_flash.c ****       assert_param(IS_FLASH_FAST_PROGRAM_ADDRESS(Address));
 209:Drivers/STM32WBxx_HAL_Driver/Src/stm32wbxx_hal_flash.c **** 
 210:Drivers/STM32WBxx_HAL_Driver/Src/stm32wbxx_hal_flash.c ****       /* Fast program a 64 row double-word (64-bit) at a specified address */
 211:Drivers/STM32WBxx_HAL_Driver/Src/stm32wbxx_hal_flash.c ****       FLASH_Program_Fast(Address, (uint32_t)Data);
 212:Drivers/STM32WBxx_HAL_Driver/Src/stm32wbxx_hal_flash.c ****     }
 213:Drivers/STM32WBxx_HAL_Driver/Src/stm32wbxx_hal_flash.c **** 
 214:Drivers/STM32WBxx_HAL_Driver/Src/stm32wbxx_hal_flash.c ****     /* Wait for last operation to be completed */
 215:Drivers/STM32WBxx_HAL_Driver/Src/stm32wbxx_hal_flash.c ****     status = FLASH_WaitForLastOperation(FLASH_TIMEOUT_VALUE);
 216:Drivers/STM32WBxx_HAL_Driver/Src/stm32wbxx_hal_flash.c **** 
 217:Drivers/STM32WBxx_HAL_Driver/Src/stm32wbxx_hal_flash.c ****     /* If the program operation is completed, disable the PG or FSTPG Bit */
 218:Drivers/STM32WBxx_HAL_Driver/Src/stm32wbxx_hal_flash.c ****     CLEAR_BIT(FLASH->CR, TypeProgram);
 219:Drivers/STM32WBxx_HAL_Driver/Src/stm32wbxx_hal_flash.c ****   }
 220:Drivers/STM32WBxx_HAL_Driver/Src/stm32wbxx_hal_flash.c **** 
 221:Drivers/STM32WBxx_HAL_Driver/Src/stm32wbxx_hal_flash.c ****   /* Process Unlocked */
 222:Drivers/STM32WBxx_HAL_Driver/Src/stm32wbxx_hal_flash.c ****   __HAL_UNLOCK(&pFlash);
 223:Drivers/STM32WBxx_HAL_Driver/Src/stm32wbxx_hal_flash.c **** 
 224:Drivers/STM32WBxx_HAL_Driver/Src/stm32wbxx_hal_flash.c ****   /* return status */
 225:Drivers/STM32WBxx_HAL_Driver/Src/stm32wbxx_hal_flash.c ****   return status;
 226:Drivers/STM32WBxx_HAL_Driver/Src/stm32wbxx_hal_flash.c **** }
 227:Drivers/STM32WBxx_HAL_Driver/Src/stm32wbxx_hal_flash.c **** 
 228:Drivers/STM32WBxx_HAL_Driver/Src/stm32wbxx_hal_flash.c **** /**
 229:Drivers/STM32WBxx_HAL_Driver/Src/stm32wbxx_hal_flash.c ****   * @brief  Program double word or fast program of a row at a specified address with interrupt enab
 230:Drivers/STM32WBxx_HAL_Driver/Src/stm32wbxx_hal_flash.c ****   * @note   Before any operation, it is possible to check there is no operation suspended
 231:Drivers/STM32WBxx_HAL_Driver/Src/stm32wbxx_hal_flash.c ****   *         by call HAL_FLASHEx_IsOperationSuspended()
 232:Drivers/STM32WBxx_HAL_Driver/Src/stm32wbxx_hal_flash.c ****   * @param  TypeProgram Indicate the way to program at a specified address.
 233:Drivers/STM32WBxx_HAL_Driver/Src/stm32wbxx_hal_flash.c ****   *                           This parameter can be a value of @ref FLASH_TYPE_PROGRAM
 234:Drivers/STM32WBxx_HAL_Driver/Src/stm32wbxx_hal_flash.c ****   * @param  Address Specifies the address to be programmed.
 235:Drivers/STM32WBxx_HAL_Driver/Src/stm32wbxx_hal_flash.c ****   * @param  Data Specifies the data to be programmed
 236:Drivers/STM32WBxx_HAL_Driver/Src/stm32wbxx_hal_flash.c ****   *                This parameter is the data for the double word program and the address where
 237:Drivers/STM32WBxx_HAL_Driver/Src/stm32wbxx_hal_flash.c ****   *                are stored the data for the row fast program.
 238:Drivers/STM32WBxx_HAL_Driver/Src/stm32wbxx_hal_flash.c ****   *
 239:Drivers/STM32WBxx_HAL_Driver/Src/stm32wbxx_hal_flash.c ****   * @retval HAL Status
 240:Drivers/STM32WBxx_HAL_Driver/Src/stm32wbxx_hal_flash.c ****   */
 241:Drivers/STM32WBxx_HAL_Driver/Src/stm32wbxx_hal_flash.c **** HAL_StatusTypeDef HAL_FLASH_Program_IT(uint32_t TypeProgram, uint32_t Address, uint64_t Data)
 242:Drivers/STM32WBxx_HAL_Driver/Src/stm32wbxx_hal_flash.c **** {
 243:Drivers/STM32WBxx_HAL_Driver/Src/stm32wbxx_hal_flash.c ****   HAL_StatusTypeDef status;
 244:Drivers/STM32WBxx_HAL_Driver/Src/stm32wbxx_hal_flash.c **** 
 245:Drivers/STM32WBxx_HAL_Driver/Src/stm32wbxx_hal_flash.c ****   /* Check the parameters */
 246:Drivers/STM32WBxx_HAL_Driver/Src/stm32wbxx_hal_flash.c ****   assert_param(IS_FLASH_TYPEPROGRAM(TypeProgram));
 247:Drivers/STM32WBxx_HAL_Driver/Src/stm32wbxx_hal_flash.c ****   assert_param(IS_ADDR_ALIGNED_64BITS(Address));
 248:Drivers/STM32WBxx_HAL_Driver/Src/stm32wbxx_hal_flash.c ****   assert_param(IS_FLASH_PROGRAM_ADDRESS(Address));
 249:Drivers/STM32WBxx_HAL_Driver/Src/stm32wbxx_hal_flash.c **** 
 250:Drivers/STM32WBxx_HAL_Driver/Src/stm32wbxx_hal_flash.c ****   /* Process Locked */
 251:Drivers/STM32WBxx_HAL_Driver/Src/stm32wbxx_hal_flash.c ****   __HAL_LOCK(&pFlash);
 252:Drivers/STM32WBxx_HAL_Driver/Src/stm32wbxx_hal_flash.c **** 
 253:Drivers/STM32WBxx_HAL_Driver/Src/stm32wbxx_hal_flash.c ****   /* Reset error code */
 254:Drivers/STM32WBxx_HAL_Driver/Src/stm32wbxx_hal_flash.c ****   pFlash.ErrorCode = HAL_FLASH_ERROR_NONE;
 255:Drivers/STM32WBxx_HAL_Driver/Src/stm32wbxx_hal_flash.c **** 
 256:Drivers/STM32WBxx_HAL_Driver/Src/stm32wbxx_hal_flash.c ****   /* Verify that next operation can be proceed */
 257:Drivers/STM32WBxx_HAL_Driver/Src/stm32wbxx_hal_flash.c ****   status = FLASH_WaitForLastOperation(FLASH_TIMEOUT_VALUE);
 258:Drivers/STM32WBxx_HAL_Driver/Src/stm32wbxx_hal_flash.c **** 
ARM GAS  /var/folders/98/ctz5mtps7w71v8dr53cf5qg40000gn/T//ccR9nXxY.s 			page 6


 259:Drivers/STM32WBxx_HAL_Driver/Src/stm32wbxx_hal_flash.c ****   if (status != HAL_OK)
 260:Drivers/STM32WBxx_HAL_Driver/Src/stm32wbxx_hal_flash.c ****   {
 261:Drivers/STM32WBxx_HAL_Driver/Src/stm32wbxx_hal_flash.c ****     /* Process Unlocked */
 262:Drivers/STM32WBxx_HAL_Driver/Src/stm32wbxx_hal_flash.c ****     __HAL_UNLOCK(&pFlash);
 263:Drivers/STM32WBxx_HAL_Driver/Src/stm32wbxx_hal_flash.c ****   }
 264:Drivers/STM32WBxx_HAL_Driver/Src/stm32wbxx_hal_flash.c ****   else
 265:Drivers/STM32WBxx_HAL_Driver/Src/stm32wbxx_hal_flash.c ****   {
 266:Drivers/STM32WBxx_HAL_Driver/Src/stm32wbxx_hal_flash.c ****     /* Set internal variables used by the IRQ handler */
 267:Drivers/STM32WBxx_HAL_Driver/Src/stm32wbxx_hal_flash.c ****     pFlash.ProcedureOnGoing = TypeProgram;
 268:Drivers/STM32WBxx_HAL_Driver/Src/stm32wbxx_hal_flash.c ****     pFlash.Address = Address;
 269:Drivers/STM32WBxx_HAL_Driver/Src/stm32wbxx_hal_flash.c **** 
 270:Drivers/STM32WBxx_HAL_Driver/Src/stm32wbxx_hal_flash.c ****     /* Enable End of Operation and Error interrupts */
 271:Drivers/STM32WBxx_HAL_Driver/Src/stm32wbxx_hal_flash.c ****     __HAL_FLASH_ENABLE_IT(FLASH_IT_EOP | FLASH_IT_OPERR);
 272:Drivers/STM32WBxx_HAL_Driver/Src/stm32wbxx_hal_flash.c **** 
 273:Drivers/STM32WBxx_HAL_Driver/Src/stm32wbxx_hal_flash.c ****     if (TypeProgram == FLASH_TYPEPROGRAM_DOUBLEWORD)
 274:Drivers/STM32WBxx_HAL_Driver/Src/stm32wbxx_hal_flash.c ****     {
 275:Drivers/STM32WBxx_HAL_Driver/Src/stm32wbxx_hal_flash.c ****       /* Check the parameters */
 276:Drivers/STM32WBxx_HAL_Driver/Src/stm32wbxx_hal_flash.c ****       assert_param(IS_FLASH_PROGRAM_ADDRESS(Address));
 277:Drivers/STM32WBxx_HAL_Driver/Src/stm32wbxx_hal_flash.c **** 
 278:Drivers/STM32WBxx_HAL_Driver/Src/stm32wbxx_hal_flash.c ****       /* Program double-word (64-bit) at a specified address */
 279:Drivers/STM32WBxx_HAL_Driver/Src/stm32wbxx_hal_flash.c ****       FLASH_Program_DoubleWord(Address, Data);
 280:Drivers/STM32WBxx_HAL_Driver/Src/stm32wbxx_hal_flash.c ****     }
 281:Drivers/STM32WBxx_HAL_Driver/Src/stm32wbxx_hal_flash.c ****     else
 282:Drivers/STM32WBxx_HAL_Driver/Src/stm32wbxx_hal_flash.c ****     {
 283:Drivers/STM32WBxx_HAL_Driver/Src/stm32wbxx_hal_flash.c ****       /* Check the parameters */
 284:Drivers/STM32WBxx_HAL_Driver/Src/stm32wbxx_hal_flash.c ****       assert_param(IS_FLASH_FAST_PROGRAM_ADDRESS(Address));
 285:Drivers/STM32WBxx_HAL_Driver/Src/stm32wbxx_hal_flash.c **** 
 286:Drivers/STM32WBxx_HAL_Driver/Src/stm32wbxx_hal_flash.c ****       /* Fast program a 64 row double-word (64-bit) at a specified address */
 287:Drivers/STM32WBxx_HAL_Driver/Src/stm32wbxx_hal_flash.c ****       FLASH_Program_Fast(Address, (uint32_t)Data);
 288:Drivers/STM32WBxx_HAL_Driver/Src/stm32wbxx_hal_flash.c ****     }
 289:Drivers/STM32WBxx_HAL_Driver/Src/stm32wbxx_hal_flash.c ****   }
 290:Drivers/STM32WBxx_HAL_Driver/Src/stm32wbxx_hal_flash.c **** 
 291:Drivers/STM32WBxx_HAL_Driver/Src/stm32wbxx_hal_flash.c ****   /* return status */
 292:Drivers/STM32WBxx_HAL_Driver/Src/stm32wbxx_hal_flash.c ****   return status;
 293:Drivers/STM32WBxx_HAL_Driver/Src/stm32wbxx_hal_flash.c **** }
 294:Drivers/STM32WBxx_HAL_Driver/Src/stm32wbxx_hal_flash.c **** 
 295:Drivers/STM32WBxx_HAL_Driver/Src/stm32wbxx_hal_flash.c **** /**
 296:Drivers/STM32WBxx_HAL_Driver/Src/stm32wbxx_hal_flash.c ****   * @brief Handle FLASH interrupt request.
 297:Drivers/STM32WBxx_HAL_Driver/Src/stm32wbxx_hal_flash.c ****   * @retval None
 298:Drivers/STM32WBxx_HAL_Driver/Src/stm32wbxx_hal_flash.c ****   */
 299:Drivers/STM32WBxx_HAL_Driver/Src/stm32wbxx_hal_flash.c **** void HAL_FLASH_IRQHandler(void)
 300:Drivers/STM32WBxx_HAL_Driver/Src/stm32wbxx_hal_flash.c **** {
 301:Drivers/STM32WBxx_HAL_Driver/Src/stm32wbxx_hal_flash.c ****   uint32_t param = 0xFFFFFFFFU;
 302:Drivers/STM32WBxx_HAL_Driver/Src/stm32wbxx_hal_flash.c ****   uint32_t error;
 303:Drivers/STM32WBxx_HAL_Driver/Src/stm32wbxx_hal_flash.c **** 
 304:Drivers/STM32WBxx_HAL_Driver/Src/stm32wbxx_hal_flash.c ****   /* Check FLASH operation error flags */
 305:Drivers/STM32WBxx_HAL_Driver/Src/stm32wbxx_hal_flash.c ****   error = (FLASH->SR & FLASH_FLAG_SR_ERRORS);
 306:Drivers/STM32WBxx_HAL_Driver/Src/stm32wbxx_hal_flash.c **** 
 307:Drivers/STM32WBxx_HAL_Driver/Src/stm32wbxx_hal_flash.c ****   /* Clear Current operation */
 308:Drivers/STM32WBxx_HAL_Driver/Src/stm32wbxx_hal_flash.c ****   CLEAR_BIT(FLASH->CR, pFlash.ProcedureOnGoing);
 309:Drivers/STM32WBxx_HAL_Driver/Src/stm32wbxx_hal_flash.c **** 
 310:Drivers/STM32WBxx_HAL_Driver/Src/stm32wbxx_hal_flash.c ****   /* A] Set parameter for user or error callbacks */
 311:Drivers/STM32WBxx_HAL_Driver/Src/stm32wbxx_hal_flash.c ****   /* check operation was a program or erase */
 312:Drivers/STM32WBxx_HAL_Driver/Src/stm32wbxx_hal_flash.c ****   if ((pFlash.ProcedureOnGoing & (FLASH_TYPEPROGRAM_DOUBLEWORD | FLASH_TYPEPROGRAM_FAST)) != 0U)
 313:Drivers/STM32WBxx_HAL_Driver/Src/stm32wbxx_hal_flash.c ****   {
 314:Drivers/STM32WBxx_HAL_Driver/Src/stm32wbxx_hal_flash.c ****     /* return address being programmed */
 315:Drivers/STM32WBxx_HAL_Driver/Src/stm32wbxx_hal_flash.c ****     param = pFlash.Address;
ARM GAS  /var/folders/98/ctz5mtps7w71v8dr53cf5qg40000gn/T//ccR9nXxY.s 			page 7


 316:Drivers/STM32WBxx_HAL_Driver/Src/stm32wbxx_hal_flash.c ****   }
 317:Drivers/STM32WBxx_HAL_Driver/Src/stm32wbxx_hal_flash.c ****   else if ((pFlash.ProcedureOnGoing & (FLASH_TYPEERASE_PAGES)) != 0U)
 318:Drivers/STM32WBxx_HAL_Driver/Src/stm32wbxx_hal_flash.c ****   {
 319:Drivers/STM32WBxx_HAL_Driver/Src/stm32wbxx_hal_flash.c ****     /* return page number being erased */
 320:Drivers/STM32WBxx_HAL_Driver/Src/stm32wbxx_hal_flash.c ****     param = pFlash.Page;
 321:Drivers/STM32WBxx_HAL_Driver/Src/stm32wbxx_hal_flash.c ****   }
 322:Drivers/STM32WBxx_HAL_Driver/Src/stm32wbxx_hal_flash.c ****   else
 323:Drivers/STM32WBxx_HAL_Driver/Src/stm32wbxx_hal_flash.c ****   {
 324:Drivers/STM32WBxx_HAL_Driver/Src/stm32wbxx_hal_flash.c ****     /* No Procedure on-going */
 325:Drivers/STM32WBxx_HAL_Driver/Src/stm32wbxx_hal_flash.c ****     /* Nothing to do, but check error if any */
 326:Drivers/STM32WBxx_HAL_Driver/Src/stm32wbxx_hal_flash.c ****   }
 327:Drivers/STM32WBxx_HAL_Driver/Src/stm32wbxx_hal_flash.c **** 
 328:Drivers/STM32WBxx_HAL_Driver/Src/stm32wbxx_hal_flash.c ****   /* B] Check errors */
 329:Drivers/STM32WBxx_HAL_Driver/Src/stm32wbxx_hal_flash.c ****   if (error != 0U)
 330:Drivers/STM32WBxx_HAL_Driver/Src/stm32wbxx_hal_flash.c ****   {
 331:Drivers/STM32WBxx_HAL_Driver/Src/stm32wbxx_hal_flash.c ****     /*Save the error code*/
 332:Drivers/STM32WBxx_HAL_Driver/Src/stm32wbxx_hal_flash.c ****     pFlash.ErrorCode |= error;
 333:Drivers/STM32WBxx_HAL_Driver/Src/stm32wbxx_hal_flash.c **** 
 334:Drivers/STM32WBxx_HAL_Driver/Src/stm32wbxx_hal_flash.c ****     /* clear error flags */
 335:Drivers/STM32WBxx_HAL_Driver/Src/stm32wbxx_hal_flash.c ****     __HAL_FLASH_CLEAR_FLAG(error);
 336:Drivers/STM32WBxx_HAL_Driver/Src/stm32wbxx_hal_flash.c **** 
 337:Drivers/STM32WBxx_HAL_Driver/Src/stm32wbxx_hal_flash.c ****     /*Stop the procedure ongoing*/
 338:Drivers/STM32WBxx_HAL_Driver/Src/stm32wbxx_hal_flash.c ****     pFlash.ProcedureOnGoing = FLASH_TYPENONE;
 339:Drivers/STM32WBxx_HAL_Driver/Src/stm32wbxx_hal_flash.c **** 
 340:Drivers/STM32WBxx_HAL_Driver/Src/stm32wbxx_hal_flash.c ****     /* Error callback */
 341:Drivers/STM32WBxx_HAL_Driver/Src/stm32wbxx_hal_flash.c ****     HAL_FLASH_OperationErrorCallback(param);
 342:Drivers/STM32WBxx_HAL_Driver/Src/stm32wbxx_hal_flash.c ****   }
 343:Drivers/STM32WBxx_HAL_Driver/Src/stm32wbxx_hal_flash.c **** 
 344:Drivers/STM32WBxx_HAL_Driver/Src/stm32wbxx_hal_flash.c ****   /* C] Check FLASH End of Operation flag */
 345:Drivers/STM32WBxx_HAL_Driver/Src/stm32wbxx_hal_flash.c ****   if (__HAL_FLASH_GET_FLAG(FLASH_FLAG_EOP))
 346:Drivers/STM32WBxx_HAL_Driver/Src/stm32wbxx_hal_flash.c ****   {
 347:Drivers/STM32WBxx_HAL_Driver/Src/stm32wbxx_hal_flash.c ****     /* Clear FLASH End of Operation pending bit */
 348:Drivers/STM32WBxx_HAL_Driver/Src/stm32wbxx_hal_flash.c ****     __HAL_FLASH_CLEAR_FLAG(FLASH_FLAG_EOP);
 349:Drivers/STM32WBxx_HAL_Driver/Src/stm32wbxx_hal_flash.c **** 
 350:Drivers/STM32WBxx_HAL_Driver/Src/stm32wbxx_hal_flash.c ****     if (pFlash.ProcedureOnGoing == FLASH_TYPEERASE_PAGES)
 351:Drivers/STM32WBxx_HAL_Driver/Src/stm32wbxx_hal_flash.c ****     {
 352:Drivers/STM32WBxx_HAL_Driver/Src/stm32wbxx_hal_flash.c ****       /* Nb of pages to erased can be decreased */
 353:Drivers/STM32WBxx_HAL_Driver/Src/stm32wbxx_hal_flash.c ****       pFlash.NbPagesToErase--;
 354:Drivers/STM32WBxx_HAL_Driver/Src/stm32wbxx_hal_flash.c **** 
 355:Drivers/STM32WBxx_HAL_Driver/Src/stm32wbxx_hal_flash.c ****       /* Check if there are still pages to erase*/
 356:Drivers/STM32WBxx_HAL_Driver/Src/stm32wbxx_hal_flash.c ****       if (pFlash.NbPagesToErase != 0U)
 357:Drivers/STM32WBxx_HAL_Driver/Src/stm32wbxx_hal_flash.c ****       {
 358:Drivers/STM32WBxx_HAL_Driver/Src/stm32wbxx_hal_flash.c ****         /* Increment page number */
 359:Drivers/STM32WBxx_HAL_Driver/Src/stm32wbxx_hal_flash.c ****         pFlash.Page++;
 360:Drivers/STM32WBxx_HAL_Driver/Src/stm32wbxx_hal_flash.c ****         FLASH_PageErase(pFlash.Page);
 361:Drivers/STM32WBxx_HAL_Driver/Src/stm32wbxx_hal_flash.c ****       }
 362:Drivers/STM32WBxx_HAL_Driver/Src/stm32wbxx_hal_flash.c ****       else
 363:Drivers/STM32WBxx_HAL_Driver/Src/stm32wbxx_hal_flash.c ****       {
 364:Drivers/STM32WBxx_HAL_Driver/Src/stm32wbxx_hal_flash.c ****         /* No more pages to erase: stop erase pages procedure */
 365:Drivers/STM32WBxx_HAL_Driver/Src/stm32wbxx_hal_flash.c ****         pFlash.ProcedureOnGoing = FLASH_TYPENONE;
 366:Drivers/STM32WBxx_HAL_Driver/Src/stm32wbxx_hal_flash.c ****       }
 367:Drivers/STM32WBxx_HAL_Driver/Src/stm32wbxx_hal_flash.c ****     }
 368:Drivers/STM32WBxx_HAL_Driver/Src/stm32wbxx_hal_flash.c ****     else
 369:Drivers/STM32WBxx_HAL_Driver/Src/stm32wbxx_hal_flash.c ****     {
 370:Drivers/STM32WBxx_HAL_Driver/Src/stm32wbxx_hal_flash.c ****       /*Stop the ongoing procedure */
 371:Drivers/STM32WBxx_HAL_Driver/Src/stm32wbxx_hal_flash.c ****       pFlash.ProcedureOnGoing = FLASH_TYPENONE;
 372:Drivers/STM32WBxx_HAL_Driver/Src/stm32wbxx_hal_flash.c ****     }
ARM GAS  /var/folders/98/ctz5mtps7w71v8dr53cf5qg40000gn/T//ccR9nXxY.s 			page 8


 373:Drivers/STM32WBxx_HAL_Driver/Src/stm32wbxx_hal_flash.c **** 
 374:Drivers/STM32WBxx_HAL_Driver/Src/stm32wbxx_hal_flash.c ****     /* User callback */
 375:Drivers/STM32WBxx_HAL_Driver/Src/stm32wbxx_hal_flash.c ****     HAL_FLASH_EndOfOperationCallback(param);
 376:Drivers/STM32WBxx_HAL_Driver/Src/stm32wbxx_hal_flash.c ****   }
 377:Drivers/STM32WBxx_HAL_Driver/Src/stm32wbxx_hal_flash.c **** 
 378:Drivers/STM32WBxx_HAL_Driver/Src/stm32wbxx_hal_flash.c ****   if (pFlash.ProcedureOnGoing == FLASH_TYPENONE)
 379:Drivers/STM32WBxx_HAL_Driver/Src/stm32wbxx_hal_flash.c ****   {
 380:Drivers/STM32WBxx_HAL_Driver/Src/stm32wbxx_hal_flash.c ****     /* Disable End of Operation and Error interrupts */
 381:Drivers/STM32WBxx_HAL_Driver/Src/stm32wbxx_hal_flash.c ****     __HAL_FLASH_DISABLE_IT(FLASH_IT_EOP | FLASH_IT_OPERR);
 382:Drivers/STM32WBxx_HAL_Driver/Src/stm32wbxx_hal_flash.c **** 
 383:Drivers/STM32WBxx_HAL_Driver/Src/stm32wbxx_hal_flash.c ****     /* Process Unlocked */
 384:Drivers/STM32WBxx_HAL_Driver/Src/stm32wbxx_hal_flash.c ****     __HAL_UNLOCK(&pFlash);
 385:Drivers/STM32WBxx_HAL_Driver/Src/stm32wbxx_hal_flash.c ****   }
 386:Drivers/STM32WBxx_HAL_Driver/Src/stm32wbxx_hal_flash.c **** }
 387:Drivers/STM32WBxx_HAL_Driver/Src/stm32wbxx_hal_flash.c **** 
 388:Drivers/STM32WBxx_HAL_Driver/Src/stm32wbxx_hal_flash.c **** /**
 389:Drivers/STM32WBxx_HAL_Driver/Src/stm32wbxx_hal_flash.c ****   * @brief  FLASH end of operation interrupt callback.
 390:Drivers/STM32WBxx_HAL_Driver/Src/stm32wbxx_hal_flash.c ****   * @param  ReturnValue The value saved in this parameter depends on the ongoing procedure
 391:Drivers/STM32WBxx_HAL_Driver/Src/stm32wbxx_hal_flash.c ****   *                  Page Erase: Page which has been erased
 392:Drivers/STM32WBxx_HAL_Driver/Src/stm32wbxx_hal_flash.c ****   *                  Program: Address which was selected for data program
 393:Drivers/STM32WBxx_HAL_Driver/Src/stm32wbxx_hal_flash.c ****   * @retval None
 394:Drivers/STM32WBxx_HAL_Driver/Src/stm32wbxx_hal_flash.c ****   */
 395:Drivers/STM32WBxx_HAL_Driver/Src/stm32wbxx_hal_flash.c **** __weak void HAL_FLASH_EndOfOperationCallback(uint32_t ReturnValue)
 396:Drivers/STM32WBxx_HAL_Driver/Src/stm32wbxx_hal_flash.c **** {
 397:Drivers/STM32WBxx_HAL_Driver/Src/stm32wbxx_hal_flash.c ****   /* Prevent unused argument(s) compilation warning */
 398:Drivers/STM32WBxx_HAL_Driver/Src/stm32wbxx_hal_flash.c ****   UNUSED(ReturnValue);
 399:Drivers/STM32WBxx_HAL_Driver/Src/stm32wbxx_hal_flash.c **** 
 400:Drivers/STM32WBxx_HAL_Driver/Src/stm32wbxx_hal_flash.c ****   /* NOTE : This function should not be modified, when the callback is needed,
 401:Drivers/STM32WBxx_HAL_Driver/Src/stm32wbxx_hal_flash.c ****             the HAL_FLASH_EndOfOperationCallback could be implemented in the user file
 402:Drivers/STM32WBxx_HAL_Driver/Src/stm32wbxx_hal_flash.c ****    */
 403:Drivers/STM32WBxx_HAL_Driver/Src/stm32wbxx_hal_flash.c **** }
 404:Drivers/STM32WBxx_HAL_Driver/Src/stm32wbxx_hal_flash.c **** 
 405:Drivers/STM32WBxx_HAL_Driver/Src/stm32wbxx_hal_flash.c **** /**
 406:Drivers/STM32WBxx_HAL_Driver/Src/stm32wbxx_hal_flash.c ****   * @brief  FLASH operation error interrupt callback.
 407:Drivers/STM32WBxx_HAL_Driver/Src/stm32wbxx_hal_flash.c ****   * @param  ReturnValue The value saved in this parameter depends on the ongoing procedure
 408:Drivers/STM32WBxx_HAL_Driver/Src/stm32wbxx_hal_flash.c ****   *                 Page Erase: Page number which returned an error
 409:Drivers/STM32WBxx_HAL_Driver/Src/stm32wbxx_hal_flash.c ****   *                 Program: Address which was selected for data program
 410:Drivers/STM32WBxx_HAL_Driver/Src/stm32wbxx_hal_flash.c ****   * @retval None
 411:Drivers/STM32WBxx_HAL_Driver/Src/stm32wbxx_hal_flash.c ****   */
 412:Drivers/STM32WBxx_HAL_Driver/Src/stm32wbxx_hal_flash.c **** __weak void HAL_FLASH_OperationErrorCallback(uint32_t ReturnValue)
 413:Drivers/STM32WBxx_HAL_Driver/Src/stm32wbxx_hal_flash.c **** {
 414:Drivers/STM32WBxx_HAL_Driver/Src/stm32wbxx_hal_flash.c ****   /* Prevent unused argument(s) compilation warning */
 415:Drivers/STM32WBxx_HAL_Driver/Src/stm32wbxx_hal_flash.c ****   UNUSED(ReturnValue);
 416:Drivers/STM32WBxx_HAL_Driver/Src/stm32wbxx_hal_flash.c **** 
 417:Drivers/STM32WBxx_HAL_Driver/Src/stm32wbxx_hal_flash.c ****   /* NOTE : This function should not be modified, when the callback is needed,
 418:Drivers/STM32WBxx_HAL_Driver/Src/stm32wbxx_hal_flash.c ****             the HAL_FLASH_OperationErrorCallback could be implemented in the user file
 419:Drivers/STM32WBxx_HAL_Driver/Src/stm32wbxx_hal_flash.c ****    */
 420:Drivers/STM32WBxx_HAL_Driver/Src/stm32wbxx_hal_flash.c **** }
 421:Drivers/STM32WBxx_HAL_Driver/Src/stm32wbxx_hal_flash.c **** 
 422:Drivers/STM32WBxx_HAL_Driver/Src/stm32wbxx_hal_flash.c **** /**
 423:Drivers/STM32WBxx_HAL_Driver/Src/stm32wbxx_hal_flash.c ****   * @}
 424:Drivers/STM32WBxx_HAL_Driver/Src/stm32wbxx_hal_flash.c ****   */
 425:Drivers/STM32WBxx_HAL_Driver/Src/stm32wbxx_hal_flash.c **** 
 426:Drivers/STM32WBxx_HAL_Driver/Src/stm32wbxx_hal_flash.c **** /** @defgroup FLASH_Exported_Functions_Group2 Peripheral Control functions
 427:Drivers/STM32WBxx_HAL_Driver/Src/stm32wbxx_hal_flash.c ****   *  @brief   Management functions
 428:Drivers/STM32WBxx_HAL_Driver/Src/stm32wbxx_hal_flash.c ****   *
 429:Drivers/STM32WBxx_HAL_Driver/Src/stm32wbxx_hal_flash.c **** @verbatim
ARM GAS  /var/folders/98/ctz5mtps7w71v8dr53cf5qg40000gn/T//ccR9nXxY.s 			page 9


 430:Drivers/STM32WBxx_HAL_Driver/Src/stm32wbxx_hal_flash.c ****  ===============================================================================
 431:Drivers/STM32WBxx_HAL_Driver/Src/stm32wbxx_hal_flash.c ****                       ##### Peripheral Control functions #####
 432:Drivers/STM32WBxx_HAL_Driver/Src/stm32wbxx_hal_flash.c ****  ===============================================================================
 433:Drivers/STM32WBxx_HAL_Driver/Src/stm32wbxx_hal_flash.c ****     [..]
 434:Drivers/STM32WBxx_HAL_Driver/Src/stm32wbxx_hal_flash.c ****     This subsection provides a set of functions allowing to control the FLASH
 435:Drivers/STM32WBxx_HAL_Driver/Src/stm32wbxx_hal_flash.c ****     memory operations.
 436:Drivers/STM32WBxx_HAL_Driver/Src/stm32wbxx_hal_flash.c **** 
 437:Drivers/STM32WBxx_HAL_Driver/Src/stm32wbxx_hal_flash.c **** @endverbatim
 438:Drivers/STM32WBxx_HAL_Driver/Src/stm32wbxx_hal_flash.c ****   * @{
 439:Drivers/STM32WBxx_HAL_Driver/Src/stm32wbxx_hal_flash.c ****   */
 440:Drivers/STM32WBxx_HAL_Driver/Src/stm32wbxx_hal_flash.c **** 
 441:Drivers/STM32WBxx_HAL_Driver/Src/stm32wbxx_hal_flash.c **** /**
 442:Drivers/STM32WBxx_HAL_Driver/Src/stm32wbxx_hal_flash.c ****   * @brief  Unlock the FLASH control register access.
 443:Drivers/STM32WBxx_HAL_Driver/Src/stm32wbxx_hal_flash.c ****   * @retval HAL Status
 444:Drivers/STM32WBxx_HAL_Driver/Src/stm32wbxx_hal_flash.c ****   */
 445:Drivers/STM32WBxx_HAL_Driver/Src/stm32wbxx_hal_flash.c **** HAL_StatusTypeDef HAL_FLASH_Unlock(void)
 446:Drivers/STM32WBxx_HAL_Driver/Src/stm32wbxx_hal_flash.c **** {
 447:Drivers/STM32WBxx_HAL_Driver/Src/stm32wbxx_hal_flash.c ****   HAL_StatusTypeDef status = HAL_OK;
 448:Drivers/STM32WBxx_HAL_Driver/Src/stm32wbxx_hal_flash.c **** 
 449:Drivers/STM32WBxx_HAL_Driver/Src/stm32wbxx_hal_flash.c ****   if (READ_BIT(FLASH->CR, FLASH_CR_LOCK) != 0U)
 450:Drivers/STM32WBxx_HAL_Driver/Src/stm32wbxx_hal_flash.c ****   {
 451:Drivers/STM32WBxx_HAL_Driver/Src/stm32wbxx_hal_flash.c ****     /* Authorize the FLASH Registers access */
 452:Drivers/STM32WBxx_HAL_Driver/Src/stm32wbxx_hal_flash.c ****     WRITE_REG(FLASH->KEYR, FLASH_KEY1);
 453:Drivers/STM32WBxx_HAL_Driver/Src/stm32wbxx_hal_flash.c ****     WRITE_REG(FLASH->KEYR, FLASH_KEY2);
 454:Drivers/STM32WBxx_HAL_Driver/Src/stm32wbxx_hal_flash.c **** 
 455:Drivers/STM32WBxx_HAL_Driver/Src/stm32wbxx_hal_flash.c ****     /* verify Flash is unlock */
 456:Drivers/STM32WBxx_HAL_Driver/Src/stm32wbxx_hal_flash.c ****     if (READ_BIT(FLASH->CR, FLASH_CR_LOCK) != 0U)
 457:Drivers/STM32WBxx_HAL_Driver/Src/stm32wbxx_hal_flash.c ****     {
 458:Drivers/STM32WBxx_HAL_Driver/Src/stm32wbxx_hal_flash.c ****       status = HAL_ERROR;
 459:Drivers/STM32WBxx_HAL_Driver/Src/stm32wbxx_hal_flash.c ****     }
 460:Drivers/STM32WBxx_HAL_Driver/Src/stm32wbxx_hal_flash.c ****   }
 461:Drivers/STM32WBxx_HAL_Driver/Src/stm32wbxx_hal_flash.c **** 
 462:Drivers/STM32WBxx_HAL_Driver/Src/stm32wbxx_hal_flash.c ****   return status;
 463:Drivers/STM32WBxx_HAL_Driver/Src/stm32wbxx_hal_flash.c **** }
 464:Drivers/STM32WBxx_HAL_Driver/Src/stm32wbxx_hal_flash.c **** 
 465:Drivers/STM32WBxx_HAL_Driver/Src/stm32wbxx_hal_flash.c **** /**
 466:Drivers/STM32WBxx_HAL_Driver/Src/stm32wbxx_hal_flash.c ****   * @brief  Lock the FLASH control register access.
 467:Drivers/STM32WBxx_HAL_Driver/Src/stm32wbxx_hal_flash.c ****   * @retval HAL Status
 468:Drivers/STM32WBxx_HAL_Driver/Src/stm32wbxx_hal_flash.c ****   */
 469:Drivers/STM32WBxx_HAL_Driver/Src/stm32wbxx_hal_flash.c **** HAL_StatusTypeDef HAL_FLASH_Lock(void)
 470:Drivers/STM32WBxx_HAL_Driver/Src/stm32wbxx_hal_flash.c **** {
 471:Drivers/STM32WBxx_HAL_Driver/Src/stm32wbxx_hal_flash.c ****   HAL_StatusTypeDef status = HAL_OK;
 472:Drivers/STM32WBxx_HAL_Driver/Src/stm32wbxx_hal_flash.c **** 
 473:Drivers/STM32WBxx_HAL_Driver/Src/stm32wbxx_hal_flash.c ****   /* Set the LOCK Bit to lock the FLASH Registers access */
 474:Drivers/STM32WBxx_HAL_Driver/Src/stm32wbxx_hal_flash.c ****   /* @Note  The lock and unlock procedure is done only using CR registers even from CPU2 */
 475:Drivers/STM32WBxx_HAL_Driver/Src/stm32wbxx_hal_flash.c ****   SET_BIT(FLASH->CR, FLASH_CR_LOCK);
 476:Drivers/STM32WBxx_HAL_Driver/Src/stm32wbxx_hal_flash.c **** 
 477:Drivers/STM32WBxx_HAL_Driver/Src/stm32wbxx_hal_flash.c ****   /* verify Flash is locked */
 478:Drivers/STM32WBxx_HAL_Driver/Src/stm32wbxx_hal_flash.c ****   if (READ_BIT(FLASH->CR, FLASH_CR_LOCK) == 0U)
 479:Drivers/STM32WBxx_HAL_Driver/Src/stm32wbxx_hal_flash.c ****   {
 480:Drivers/STM32WBxx_HAL_Driver/Src/stm32wbxx_hal_flash.c ****     status = HAL_ERROR;
 481:Drivers/STM32WBxx_HAL_Driver/Src/stm32wbxx_hal_flash.c ****   }
 482:Drivers/STM32WBxx_HAL_Driver/Src/stm32wbxx_hal_flash.c **** 
 483:Drivers/STM32WBxx_HAL_Driver/Src/stm32wbxx_hal_flash.c ****   return status;
 484:Drivers/STM32WBxx_HAL_Driver/Src/stm32wbxx_hal_flash.c **** }
 485:Drivers/STM32WBxx_HAL_Driver/Src/stm32wbxx_hal_flash.c **** 
 486:Drivers/STM32WBxx_HAL_Driver/Src/stm32wbxx_hal_flash.c **** /**
ARM GAS  /var/folders/98/ctz5mtps7w71v8dr53cf5qg40000gn/T//ccR9nXxY.s 			page 10


 487:Drivers/STM32WBxx_HAL_Driver/Src/stm32wbxx_hal_flash.c ****   * @brief  Unlock the FLASH Option Bytes Registers access.
 488:Drivers/STM32WBxx_HAL_Driver/Src/stm32wbxx_hal_flash.c ****   * @retval HAL Status
 489:Drivers/STM32WBxx_HAL_Driver/Src/stm32wbxx_hal_flash.c ****   */
 490:Drivers/STM32WBxx_HAL_Driver/Src/stm32wbxx_hal_flash.c **** HAL_StatusTypeDef HAL_FLASH_OB_Unlock(void)
 491:Drivers/STM32WBxx_HAL_Driver/Src/stm32wbxx_hal_flash.c **** {
 492:Drivers/STM32WBxx_HAL_Driver/Src/stm32wbxx_hal_flash.c ****   HAL_StatusTypeDef status = HAL_ERROR;
 493:Drivers/STM32WBxx_HAL_Driver/Src/stm32wbxx_hal_flash.c **** 
 494:Drivers/STM32WBxx_HAL_Driver/Src/stm32wbxx_hal_flash.c ****   /* @Note The lock and unlock procedure is done only using CR registers even from CPU2 */
 495:Drivers/STM32WBxx_HAL_Driver/Src/stm32wbxx_hal_flash.c ****   if (READ_BIT(FLASH->CR, FLASH_CR_OPTLOCK) != 0U)
 496:Drivers/STM32WBxx_HAL_Driver/Src/stm32wbxx_hal_flash.c ****   {
 497:Drivers/STM32WBxx_HAL_Driver/Src/stm32wbxx_hal_flash.c ****     /* Authorizes the Option Byte register programming */
 498:Drivers/STM32WBxx_HAL_Driver/Src/stm32wbxx_hal_flash.c ****     WRITE_REG(FLASH->OPTKEYR, FLASH_OPTKEY1);
 499:Drivers/STM32WBxx_HAL_Driver/Src/stm32wbxx_hal_flash.c ****     WRITE_REG(FLASH->OPTKEYR, FLASH_OPTKEY2);
 500:Drivers/STM32WBxx_HAL_Driver/Src/stm32wbxx_hal_flash.c **** 
 501:Drivers/STM32WBxx_HAL_Driver/Src/stm32wbxx_hal_flash.c ****     /* verify option bytes are unlocked */
 502:Drivers/STM32WBxx_HAL_Driver/Src/stm32wbxx_hal_flash.c ****     if (READ_BIT(FLASH->CR, FLASH_CR_OPTLOCK) == 0U)
 503:Drivers/STM32WBxx_HAL_Driver/Src/stm32wbxx_hal_flash.c ****     {
 504:Drivers/STM32WBxx_HAL_Driver/Src/stm32wbxx_hal_flash.c ****       status = HAL_OK;
 505:Drivers/STM32WBxx_HAL_Driver/Src/stm32wbxx_hal_flash.c ****     }
 506:Drivers/STM32WBxx_HAL_Driver/Src/stm32wbxx_hal_flash.c ****   }
 507:Drivers/STM32WBxx_HAL_Driver/Src/stm32wbxx_hal_flash.c **** 
 508:Drivers/STM32WBxx_HAL_Driver/Src/stm32wbxx_hal_flash.c ****   return status;
 509:Drivers/STM32WBxx_HAL_Driver/Src/stm32wbxx_hal_flash.c **** }
 510:Drivers/STM32WBxx_HAL_Driver/Src/stm32wbxx_hal_flash.c **** 
 511:Drivers/STM32WBxx_HAL_Driver/Src/stm32wbxx_hal_flash.c **** /**
 512:Drivers/STM32WBxx_HAL_Driver/Src/stm32wbxx_hal_flash.c ****   * @brief  Lock the FLASH Option Bytes Registers access.
 513:Drivers/STM32WBxx_HAL_Driver/Src/stm32wbxx_hal_flash.c ****   * @retval HAL Status
 514:Drivers/STM32WBxx_HAL_Driver/Src/stm32wbxx_hal_flash.c ****   */
 515:Drivers/STM32WBxx_HAL_Driver/Src/stm32wbxx_hal_flash.c **** HAL_StatusTypeDef HAL_FLASH_OB_Lock(void)
 516:Drivers/STM32WBxx_HAL_Driver/Src/stm32wbxx_hal_flash.c **** {
 517:Drivers/STM32WBxx_HAL_Driver/Src/stm32wbxx_hal_flash.c ****   HAL_StatusTypeDef status = HAL_OK;
 518:Drivers/STM32WBxx_HAL_Driver/Src/stm32wbxx_hal_flash.c **** 
 519:Drivers/STM32WBxx_HAL_Driver/Src/stm32wbxx_hal_flash.c ****   /* Set the OPTLOCK Bit to lock the FLASH Option Byte Registers access */
 520:Drivers/STM32WBxx_HAL_Driver/Src/stm32wbxx_hal_flash.c ****   /* @Note The lock and unlock procedure is done only using CR registers even from CPU2 */
 521:Drivers/STM32WBxx_HAL_Driver/Src/stm32wbxx_hal_flash.c ****   SET_BIT(FLASH->CR, FLASH_CR_OPTLOCK);
 522:Drivers/STM32WBxx_HAL_Driver/Src/stm32wbxx_hal_flash.c **** 
 523:Drivers/STM32WBxx_HAL_Driver/Src/stm32wbxx_hal_flash.c ****   /* verify option bytes are lock */
 524:Drivers/STM32WBxx_HAL_Driver/Src/stm32wbxx_hal_flash.c ****   if (READ_BIT(FLASH->CR, FLASH_CR_OPTLOCK) == 0U)
 525:Drivers/STM32WBxx_HAL_Driver/Src/stm32wbxx_hal_flash.c ****   {
 526:Drivers/STM32WBxx_HAL_Driver/Src/stm32wbxx_hal_flash.c ****     status = HAL_ERROR;
 527:Drivers/STM32WBxx_HAL_Driver/Src/stm32wbxx_hal_flash.c ****   }
 528:Drivers/STM32WBxx_HAL_Driver/Src/stm32wbxx_hal_flash.c **** 
 529:Drivers/STM32WBxx_HAL_Driver/Src/stm32wbxx_hal_flash.c ****   return status;
 530:Drivers/STM32WBxx_HAL_Driver/Src/stm32wbxx_hal_flash.c **** }
 531:Drivers/STM32WBxx_HAL_Driver/Src/stm32wbxx_hal_flash.c **** 
 532:Drivers/STM32WBxx_HAL_Driver/Src/stm32wbxx_hal_flash.c **** /**
 533:Drivers/STM32WBxx_HAL_Driver/Src/stm32wbxx_hal_flash.c ****   * @brief  Launch the option byte loading.
 534:Drivers/STM32WBxx_HAL_Driver/Src/stm32wbxx_hal_flash.c ****   * @retval HAL Status
 535:Drivers/STM32WBxx_HAL_Driver/Src/stm32wbxx_hal_flash.c ****   */
 536:Drivers/STM32WBxx_HAL_Driver/Src/stm32wbxx_hal_flash.c **** HAL_StatusTypeDef HAL_FLASH_OB_Launch(void)
 537:Drivers/STM32WBxx_HAL_Driver/Src/stm32wbxx_hal_flash.c **** {
 538:Drivers/STM32WBxx_HAL_Driver/Src/stm32wbxx_hal_flash.c ****   /* Set the bit to force the option byte reloading */
 539:Drivers/STM32WBxx_HAL_Driver/Src/stm32wbxx_hal_flash.c ****   /* The OB launch is done from the same register either from CPU1 or CPU2 */
 540:Drivers/STM32WBxx_HAL_Driver/Src/stm32wbxx_hal_flash.c ****   SET_BIT(FLASH->CR, FLASH_CR_OBL_LAUNCH);
 541:Drivers/STM32WBxx_HAL_Driver/Src/stm32wbxx_hal_flash.c **** 
 542:Drivers/STM32WBxx_HAL_Driver/Src/stm32wbxx_hal_flash.c ****   /* We should not reach here : Option byte launch generates Option byte reset
 543:Drivers/STM32WBxx_HAL_Driver/Src/stm32wbxx_hal_flash.c ****      so return error */
ARM GAS  /var/folders/98/ctz5mtps7w71v8dr53cf5qg40000gn/T//ccR9nXxY.s 			page 11


 544:Drivers/STM32WBxx_HAL_Driver/Src/stm32wbxx_hal_flash.c ****   return HAL_ERROR;
 545:Drivers/STM32WBxx_HAL_Driver/Src/stm32wbxx_hal_flash.c **** }
 546:Drivers/STM32WBxx_HAL_Driver/Src/stm32wbxx_hal_flash.c **** 
 547:Drivers/STM32WBxx_HAL_Driver/Src/stm32wbxx_hal_flash.c **** /**
 548:Drivers/STM32WBxx_HAL_Driver/Src/stm32wbxx_hal_flash.c ****   * @}
 549:Drivers/STM32WBxx_HAL_Driver/Src/stm32wbxx_hal_flash.c ****   */
 550:Drivers/STM32WBxx_HAL_Driver/Src/stm32wbxx_hal_flash.c **** 
 551:Drivers/STM32WBxx_HAL_Driver/Src/stm32wbxx_hal_flash.c **** /** @defgroup FLASH_Exported_Functions_Group3 Peripheral State and Errors functions
 552:Drivers/STM32WBxx_HAL_Driver/Src/stm32wbxx_hal_flash.c ****   *  @brief   Peripheral Errors functions
 553:Drivers/STM32WBxx_HAL_Driver/Src/stm32wbxx_hal_flash.c ****   *
 554:Drivers/STM32WBxx_HAL_Driver/Src/stm32wbxx_hal_flash.c **** @verbatim
 555:Drivers/STM32WBxx_HAL_Driver/Src/stm32wbxx_hal_flash.c ****  ===============================================================================
 556:Drivers/STM32WBxx_HAL_Driver/Src/stm32wbxx_hal_flash.c ****                 ##### Peripheral Errors functions #####
 557:Drivers/STM32WBxx_HAL_Driver/Src/stm32wbxx_hal_flash.c ****  ===============================================================================
 558:Drivers/STM32WBxx_HAL_Driver/Src/stm32wbxx_hal_flash.c ****     [..]
 559:Drivers/STM32WBxx_HAL_Driver/Src/stm32wbxx_hal_flash.c ****     This subsection permits to get in run-time Errors of the FLASH peripheral.
 560:Drivers/STM32WBxx_HAL_Driver/Src/stm32wbxx_hal_flash.c **** 
 561:Drivers/STM32WBxx_HAL_Driver/Src/stm32wbxx_hal_flash.c **** @endverbatim
 562:Drivers/STM32WBxx_HAL_Driver/Src/stm32wbxx_hal_flash.c ****   * @{
 563:Drivers/STM32WBxx_HAL_Driver/Src/stm32wbxx_hal_flash.c ****   */
 564:Drivers/STM32WBxx_HAL_Driver/Src/stm32wbxx_hal_flash.c **** 
 565:Drivers/STM32WBxx_HAL_Driver/Src/stm32wbxx_hal_flash.c **** /**
 566:Drivers/STM32WBxx_HAL_Driver/Src/stm32wbxx_hal_flash.c ****   * @brief  Get the specific FLASH error flag.
 567:Drivers/STM32WBxx_HAL_Driver/Src/stm32wbxx_hal_flash.c ****   * @retval FLASH_ErrorCode The returned value can be
 568:Drivers/STM32WBxx_HAL_Driver/Src/stm32wbxx_hal_flash.c ****   *            @arg @ref HAL_FLASH_ERROR_NONE No error set
 569:Drivers/STM32WBxx_HAL_Driver/Src/stm32wbxx_hal_flash.c ****   *            @arg @ref HAL_FLASH_ERROR_OP FLASH Operation error
 570:Drivers/STM32WBxx_HAL_Driver/Src/stm32wbxx_hal_flash.c ****   *            @arg @ref HAL_FLASH_ERROR_PROG FLASH Programming error
 571:Drivers/STM32WBxx_HAL_Driver/Src/stm32wbxx_hal_flash.c ****   *            @arg @ref HAL_FLASH_ERROR_WRP FLASH Write protection error
 572:Drivers/STM32WBxx_HAL_Driver/Src/stm32wbxx_hal_flash.c ****   *            @arg @ref HAL_FLASH_ERROR_PGA FLASH Programming alignment error
 573:Drivers/STM32WBxx_HAL_Driver/Src/stm32wbxx_hal_flash.c ****   *            @arg @ref HAL_FLASH_ERROR_SIZ FLASH Size error
 574:Drivers/STM32WBxx_HAL_Driver/Src/stm32wbxx_hal_flash.c ****   *            @arg @ref HAL_FLASH_ERROR_PGS FLASH Programming sequence error
 575:Drivers/STM32WBxx_HAL_Driver/Src/stm32wbxx_hal_flash.c ****   *            @arg @ref HAL_FLASH_ERROR_MIS FLASH Fast programming data miss error
 576:Drivers/STM32WBxx_HAL_Driver/Src/stm32wbxx_hal_flash.c ****   *            @arg @ref HAL_FLASH_ERROR_FAST FLASH Fast programming error
 577:Drivers/STM32WBxx_HAL_Driver/Src/stm32wbxx_hal_flash.c ****   *            @arg @ref HAL_FLASH_ERROR_RD FLASH Read Protection error (PCROP)
 578:Drivers/STM32WBxx_HAL_Driver/Src/stm32wbxx_hal_flash.c ****   *            @arg @ref HAL_FLASH_ERROR_OPTV FLASH Option validity error
 579:Drivers/STM32WBxx_HAL_Driver/Src/stm32wbxx_hal_flash.c ****   */
 580:Drivers/STM32WBxx_HAL_Driver/Src/stm32wbxx_hal_flash.c **** uint32_t HAL_FLASH_GetError(void)
 581:Drivers/STM32WBxx_HAL_Driver/Src/stm32wbxx_hal_flash.c **** {
 582:Drivers/STM32WBxx_HAL_Driver/Src/stm32wbxx_hal_flash.c ****   return pFlash.ErrorCode;
 583:Drivers/STM32WBxx_HAL_Driver/Src/stm32wbxx_hal_flash.c **** }
 584:Drivers/STM32WBxx_HAL_Driver/Src/stm32wbxx_hal_flash.c **** 
 585:Drivers/STM32WBxx_HAL_Driver/Src/stm32wbxx_hal_flash.c **** /**
 586:Drivers/STM32WBxx_HAL_Driver/Src/stm32wbxx_hal_flash.c ****   * @}
 587:Drivers/STM32WBxx_HAL_Driver/Src/stm32wbxx_hal_flash.c ****   */
 588:Drivers/STM32WBxx_HAL_Driver/Src/stm32wbxx_hal_flash.c **** 
 589:Drivers/STM32WBxx_HAL_Driver/Src/stm32wbxx_hal_flash.c **** /**
 590:Drivers/STM32WBxx_HAL_Driver/Src/stm32wbxx_hal_flash.c ****   * @}
 591:Drivers/STM32WBxx_HAL_Driver/Src/stm32wbxx_hal_flash.c ****   */
 592:Drivers/STM32WBxx_HAL_Driver/Src/stm32wbxx_hal_flash.c **** 
 593:Drivers/STM32WBxx_HAL_Driver/Src/stm32wbxx_hal_flash.c **** /* Private functions ---------------------------------------------------------*/
 594:Drivers/STM32WBxx_HAL_Driver/Src/stm32wbxx_hal_flash.c **** 
 595:Drivers/STM32WBxx_HAL_Driver/Src/stm32wbxx_hal_flash.c **** /** @addtogroup FLASH_Private_Functions
 596:Drivers/STM32WBxx_HAL_Driver/Src/stm32wbxx_hal_flash.c ****   * @{
 597:Drivers/STM32WBxx_HAL_Driver/Src/stm32wbxx_hal_flash.c ****   */
 598:Drivers/STM32WBxx_HAL_Driver/Src/stm32wbxx_hal_flash.c **** 
 599:Drivers/STM32WBxx_HAL_Driver/Src/stm32wbxx_hal_flash.c **** /**
 600:Drivers/STM32WBxx_HAL_Driver/Src/stm32wbxx_hal_flash.c ****   * @brief  Wait for a FLASH operation to complete.
ARM GAS  /var/folders/98/ctz5mtps7w71v8dr53cf5qg40000gn/T//ccR9nXxY.s 			page 12


 601:Drivers/STM32WBxx_HAL_Driver/Src/stm32wbxx_hal_flash.c ****   * @param  Timeout Maximum flash operation timeout
 602:Drivers/STM32WBxx_HAL_Driver/Src/stm32wbxx_hal_flash.c ****   * @retval HAL_StatusTypeDef HAL Status
 603:Drivers/STM32WBxx_HAL_Driver/Src/stm32wbxx_hal_flash.c ****   */
 604:Drivers/STM32WBxx_HAL_Driver/Src/stm32wbxx_hal_flash.c **** HAL_StatusTypeDef FLASH_WaitForLastOperation(uint32_t Timeout)
 605:Drivers/STM32WBxx_HAL_Driver/Src/stm32wbxx_hal_flash.c **** {
 606:Drivers/STM32WBxx_HAL_Driver/Src/stm32wbxx_hal_flash.c ****   uint32_t error;
 607:Drivers/STM32WBxx_HAL_Driver/Src/stm32wbxx_hal_flash.c ****   uint32_t tickstart = HAL_GetTick();
 608:Drivers/STM32WBxx_HAL_Driver/Src/stm32wbxx_hal_flash.c **** 
 609:Drivers/STM32WBxx_HAL_Driver/Src/stm32wbxx_hal_flash.c ****   /* Wait for the FLASH operation to complete by polling on BUSY flag to be reset.
 610:Drivers/STM32WBxx_HAL_Driver/Src/stm32wbxx_hal_flash.c ****      Even if the FLASH operation fails, the BUSY flag will be reset and an error
 611:Drivers/STM32WBxx_HAL_Driver/Src/stm32wbxx_hal_flash.c ****      flag will be set */
 612:Drivers/STM32WBxx_HAL_Driver/Src/stm32wbxx_hal_flash.c ****   while (__HAL_FLASH_GET_FLAG(FLASH_FLAG_BSY))
 613:Drivers/STM32WBxx_HAL_Driver/Src/stm32wbxx_hal_flash.c ****   {
 614:Drivers/STM32WBxx_HAL_Driver/Src/stm32wbxx_hal_flash.c ****     if ((HAL_GetTick() - tickstart) >= Timeout)
 615:Drivers/STM32WBxx_HAL_Driver/Src/stm32wbxx_hal_flash.c ****     {
 616:Drivers/STM32WBxx_HAL_Driver/Src/stm32wbxx_hal_flash.c ****       return HAL_TIMEOUT;
 617:Drivers/STM32WBxx_HAL_Driver/Src/stm32wbxx_hal_flash.c ****     }
 618:Drivers/STM32WBxx_HAL_Driver/Src/stm32wbxx_hal_flash.c ****   }
 619:Drivers/STM32WBxx_HAL_Driver/Src/stm32wbxx_hal_flash.c **** 
 620:Drivers/STM32WBxx_HAL_Driver/Src/stm32wbxx_hal_flash.c ****   /* Check FLASH operation error flags */
 621:Drivers/STM32WBxx_HAL_Driver/Src/stm32wbxx_hal_flash.c ****   error = FLASH->SR;
 622:Drivers/STM32WBxx_HAL_Driver/Src/stm32wbxx_hal_flash.c **** 
 623:Drivers/STM32WBxx_HAL_Driver/Src/stm32wbxx_hal_flash.c ****   /* Check FLASH End of Operation flag */
 624:Drivers/STM32WBxx_HAL_Driver/Src/stm32wbxx_hal_flash.c ****   if ((error & FLASH_FLAG_EOP) != 0U)
 625:Drivers/STM32WBxx_HAL_Driver/Src/stm32wbxx_hal_flash.c ****   {
 626:Drivers/STM32WBxx_HAL_Driver/Src/stm32wbxx_hal_flash.c ****     /* Clear FLASH End of Operation pending bit */
 627:Drivers/STM32WBxx_HAL_Driver/Src/stm32wbxx_hal_flash.c ****     __HAL_FLASH_CLEAR_FLAG(FLASH_FLAG_EOP);
 628:Drivers/STM32WBxx_HAL_Driver/Src/stm32wbxx_hal_flash.c ****   }
 629:Drivers/STM32WBxx_HAL_Driver/Src/stm32wbxx_hal_flash.c **** 
 630:Drivers/STM32WBxx_HAL_Driver/Src/stm32wbxx_hal_flash.c ****   /* Workaround for BZ 70309 :
 631:Drivers/STM32WBxx_HAL_Driver/Src/stm32wbxx_hal_flash.c ****      - OPTVERR is always set at power-up due to failure of engi bytes checking
 632:Drivers/STM32WBxx_HAL_Driver/Src/stm32wbxx_hal_flash.c ****      - FLASH_WaitForLastOperation() is called at the beginning of erase or program
 633:Drivers/STM32WBxx_HAL_Driver/Src/stm32wbxx_hal_flash.c ****        operations, so the bit will be clear when performing first operation */
 634:Drivers/STM32WBxx_HAL_Driver/Src/stm32wbxx_hal_flash.c ****   if ((error & FLASH_FLAG_OPTVERR) != 0U)
 635:Drivers/STM32WBxx_HAL_Driver/Src/stm32wbxx_hal_flash.c ****   {
 636:Drivers/STM32WBxx_HAL_Driver/Src/stm32wbxx_hal_flash.c ****     /* Clear FLASH OPTVERR bit */
 637:Drivers/STM32WBxx_HAL_Driver/Src/stm32wbxx_hal_flash.c ****     __HAL_FLASH_CLEAR_FLAG(FLASH_FLAG_OPTVERR);
 638:Drivers/STM32WBxx_HAL_Driver/Src/stm32wbxx_hal_flash.c **** 
 639:Drivers/STM32WBxx_HAL_Driver/Src/stm32wbxx_hal_flash.c ****     /* Clear OPTVERR bit in "error" variable to not treat it as error */
 640:Drivers/STM32WBxx_HAL_Driver/Src/stm32wbxx_hal_flash.c ****     error &= ~FLASH_FLAG_OPTVERR;
 641:Drivers/STM32WBxx_HAL_Driver/Src/stm32wbxx_hal_flash.c ****   }
 642:Drivers/STM32WBxx_HAL_Driver/Src/stm32wbxx_hal_flash.c **** 
 643:Drivers/STM32WBxx_HAL_Driver/Src/stm32wbxx_hal_flash.c ****   /* Now update error variable to only error value */
 644:Drivers/STM32WBxx_HAL_Driver/Src/stm32wbxx_hal_flash.c ****   error &= FLASH_FLAG_SR_ERRORS;
 645:Drivers/STM32WBxx_HAL_Driver/Src/stm32wbxx_hal_flash.c **** 
 646:Drivers/STM32WBxx_HAL_Driver/Src/stm32wbxx_hal_flash.c ****   /* clear error flags */
 647:Drivers/STM32WBxx_HAL_Driver/Src/stm32wbxx_hal_flash.c ****   __HAL_FLASH_CLEAR_FLAG(error);
 648:Drivers/STM32WBxx_HAL_Driver/Src/stm32wbxx_hal_flash.c **** 
 649:Drivers/STM32WBxx_HAL_Driver/Src/stm32wbxx_hal_flash.c ****   if (error != 0U)
 650:Drivers/STM32WBxx_HAL_Driver/Src/stm32wbxx_hal_flash.c ****   {
 651:Drivers/STM32WBxx_HAL_Driver/Src/stm32wbxx_hal_flash.c ****     /*Save the error code*/
 652:Drivers/STM32WBxx_HAL_Driver/Src/stm32wbxx_hal_flash.c ****     pFlash.ErrorCode = error;
 653:Drivers/STM32WBxx_HAL_Driver/Src/stm32wbxx_hal_flash.c **** 
 654:Drivers/STM32WBxx_HAL_Driver/Src/stm32wbxx_hal_flash.c ****     return HAL_ERROR;
 655:Drivers/STM32WBxx_HAL_Driver/Src/stm32wbxx_hal_flash.c ****   }
 656:Drivers/STM32WBxx_HAL_Driver/Src/stm32wbxx_hal_flash.c **** 
 657:Drivers/STM32WBxx_HAL_Driver/Src/stm32wbxx_hal_flash.c ****   /* Wait for control register to be written */
ARM GAS  /var/folders/98/ctz5mtps7w71v8dr53cf5qg40000gn/T//ccR9nXxY.s 			page 13


 658:Drivers/STM32WBxx_HAL_Driver/Src/stm32wbxx_hal_flash.c ****   while (__HAL_FLASH_GET_FLAG(FLASH_FLAG_CFGBSY))
 659:Drivers/STM32WBxx_HAL_Driver/Src/stm32wbxx_hal_flash.c ****   {
 660:Drivers/STM32WBxx_HAL_Driver/Src/stm32wbxx_hal_flash.c ****     if ((HAL_GetTick() - tickstart) >= Timeout)
 661:Drivers/STM32WBxx_HAL_Driver/Src/stm32wbxx_hal_flash.c ****     {
 662:Drivers/STM32WBxx_HAL_Driver/Src/stm32wbxx_hal_flash.c ****       return HAL_TIMEOUT;
 663:Drivers/STM32WBxx_HAL_Driver/Src/stm32wbxx_hal_flash.c ****     }
 664:Drivers/STM32WBxx_HAL_Driver/Src/stm32wbxx_hal_flash.c ****   }
 665:Drivers/STM32WBxx_HAL_Driver/Src/stm32wbxx_hal_flash.c **** 
 666:Drivers/STM32WBxx_HAL_Driver/Src/stm32wbxx_hal_flash.c ****   return HAL_OK;
 667:Drivers/STM32WBxx_HAL_Driver/Src/stm32wbxx_hal_flash.c **** }
 668:Drivers/STM32WBxx_HAL_Driver/Src/stm32wbxx_hal_flash.c **** 
 669:Drivers/STM32WBxx_HAL_Driver/Src/stm32wbxx_hal_flash.c **** /**
 670:Drivers/STM32WBxx_HAL_Driver/Src/stm32wbxx_hal_flash.c ****   * @brief  Program double-word (64-bit) at a specified address.
 671:Drivers/STM32WBxx_HAL_Driver/Src/stm32wbxx_hal_flash.c ****   * @param  Address Specifies the address to be programmed.
 672:Drivers/STM32WBxx_HAL_Driver/Src/stm32wbxx_hal_flash.c ****   * @param  Data Specifies the data to be programmed.
 673:Drivers/STM32WBxx_HAL_Driver/Src/stm32wbxx_hal_flash.c ****   * @retval None
 674:Drivers/STM32WBxx_HAL_Driver/Src/stm32wbxx_hal_flash.c ****   */
 675:Drivers/STM32WBxx_HAL_Driver/Src/stm32wbxx_hal_flash.c **** static void FLASH_Program_DoubleWord(uint32_t Address, uint64_t Data)
 676:Drivers/STM32WBxx_HAL_Driver/Src/stm32wbxx_hal_flash.c **** {
  29              		.loc 1 676 1 view -0
  30              		.cfi_startproc
  31              		@ args = 0, pretend = 0, frame = 0
  32              		@ frame_needed = 0, uses_anonymous_args = 0
  33              		@ link register save eliminated.
  34              		.loc 1 676 1 is_stmt 0 view .LVU1
  35 0000 10B4     		push	{r4}
  36              	.LCFI0:
  37              		.cfi_def_cfa_offset 4
  38              		.cfi_offset 4, -4
 677:Drivers/STM32WBxx_HAL_Driver/Src/stm32wbxx_hal_flash.c ****   /* Set PG bit */
 678:Drivers/STM32WBxx_HAL_Driver/Src/stm32wbxx_hal_flash.c ****   SET_BIT(FLASH->CR, FLASH_CR_PG);
  39              		.loc 1 678 3 is_stmt 1 view .LVU2
  40 0002 064C     		ldr	r4, .L3
  41 0004 6169     		ldr	r1, [r4, #20]
  42 0006 41F00101 		orr	r1, r1, #1
  43 000a 6161     		str	r1, [r4, #20]
 679:Drivers/STM32WBxx_HAL_Driver/Src/stm32wbxx_hal_flash.c **** 
 680:Drivers/STM32WBxx_HAL_Driver/Src/stm32wbxx_hal_flash.c ****   /* Program first word */
 681:Drivers/STM32WBxx_HAL_Driver/Src/stm32wbxx_hal_flash.c ****   *(uint32_t *)Address = (uint32_t)Data;
  44              		.loc 1 681 3 view .LVU3
  45              		.loc 1 681 24 is_stmt 0 view .LVU4
  46 000c 0260     		str	r2, [r0]
 682:Drivers/STM32WBxx_HAL_Driver/Src/stm32wbxx_hal_flash.c **** 
 683:Drivers/STM32WBxx_HAL_Driver/Src/stm32wbxx_hal_flash.c ****   /* Barrier to ensure programming is performed in 2 steps, in right order
 684:Drivers/STM32WBxx_HAL_Driver/Src/stm32wbxx_hal_flash.c ****     (independently of compiler optimization behavior) */
 685:Drivers/STM32WBxx_HAL_Driver/Src/stm32wbxx_hal_flash.c ****   __ISB();
  47              		.loc 1 685 3 is_stmt 1 view .LVU5
  48              	.LBB10:
  49              	.LBI10:
  50              		.file 2 "Drivers/CMSIS/Include/cmsis_gcc.h"
   1:Drivers/CMSIS/Include/cmsis_gcc.h **** /**************************************************************************//**
   2:Drivers/CMSIS/Include/cmsis_gcc.h ****  * @file     cmsis_gcc.h
   3:Drivers/CMSIS/Include/cmsis_gcc.h ****  * @brief    CMSIS compiler GCC header file
   4:Drivers/CMSIS/Include/cmsis_gcc.h ****  * @version  V5.2.0
   5:Drivers/CMSIS/Include/cmsis_gcc.h ****  * @date     08. May 2019
   6:Drivers/CMSIS/Include/cmsis_gcc.h ****  ******************************************************************************/
   7:Drivers/CMSIS/Include/cmsis_gcc.h **** /*
ARM GAS  /var/folders/98/ctz5mtps7w71v8dr53cf5qg40000gn/T//ccR9nXxY.s 			page 14


   8:Drivers/CMSIS/Include/cmsis_gcc.h ****  * Copyright (c) 2009-2019 Arm Limited. All rights reserved.
   9:Drivers/CMSIS/Include/cmsis_gcc.h ****  *
  10:Drivers/CMSIS/Include/cmsis_gcc.h ****  * SPDX-License-Identifier: Apache-2.0
  11:Drivers/CMSIS/Include/cmsis_gcc.h ****  *
  12:Drivers/CMSIS/Include/cmsis_gcc.h ****  * Licensed under the Apache License, Version 2.0 (the License); you may
  13:Drivers/CMSIS/Include/cmsis_gcc.h ****  * not use this file except in compliance with the License.
  14:Drivers/CMSIS/Include/cmsis_gcc.h ****  * You may obtain a copy of the License at
  15:Drivers/CMSIS/Include/cmsis_gcc.h ****  *
  16:Drivers/CMSIS/Include/cmsis_gcc.h ****  * www.apache.org/licenses/LICENSE-2.0
  17:Drivers/CMSIS/Include/cmsis_gcc.h ****  *
  18:Drivers/CMSIS/Include/cmsis_gcc.h ****  * Unless required by applicable law or agreed to in writing, software
  19:Drivers/CMSIS/Include/cmsis_gcc.h ****  * distributed under the License is distributed on an AS IS BASIS, WITHOUT
  20:Drivers/CMSIS/Include/cmsis_gcc.h ****  * WARRANTIES OR CONDITIONS OF ANY KIND, either express or implied.
  21:Drivers/CMSIS/Include/cmsis_gcc.h ****  * See the License for the specific language governing permissions and
  22:Drivers/CMSIS/Include/cmsis_gcc.h ****  * limitations under the License.
  23:Drivers/CMSIS/Include/cmsis_gcc.h ****  */
  24:Drivers/CMSIS/Include/cmsis_gcc.h **** 
  25:Drivers/CMSIS/Include/cmsis_gcc.h **** #ifndef __CMSIS_GCC_H
  26:Drivers/CMSIS/Include/cmsis_gcc.h **** #define __CMSIS_GCC_H
  27:Drivers/CMSIS/Include/cmsis_gcc.h **** 
  28:Drivers/CMSIS/Include/cmsis_gcc.h **** /* ignore some GCC warnings */
  29:Drivers/CMSIS/Include/cmsis_gcc.h **** #pragma GCC diagnostic push
  30:Drivers/CMSIS/Include/cmsis_gcc.h **** #pragma GCC diagnostic ignored "-Wsign-conversion"
  31:Drivers/CMSIS/Include/cmsis_gcc.h **** #pragma GCC diagnostic ignored "-Wconversion"
  32:Drivers/CMSIS/Include/cmsis_gcc.h **** #pragma GCC diagnostic ignored "-Wunused-parameter"
  33:Drivers/CMSIS/Include/cmsis_gcc.h **** 
  34:Drivers/CMSIS/Include/cmsis_gcc.h **** /* Fallback for __has_builtin */
  35:Drivers/CMSIS/Include/cmsis_gcc.h **** #ifndef __has_builtin
  36:Drivers/CMSIS/Include/cmsis_gcc.h ****   #define __has_builtin(x) (0)
  37:Drivers/CMSIS/Include/cmsis_gcc.h **** #endif
  38:Drivers/CMSIS/Include/cmsis_gcc.h **** 
  39:Drivers/CMSIS/Include/cmsis_gcc.h **** /* CMSIS compiler specific defines */
  40:Drivers/CMSIS/Include/cmsis_gcc.h **** #ifndef   __ASM
  41:Drivers/CMSIS/Include/cmsis_gcc.h ****   #define __ASM                                  __asm
  42:Drivers/CMSIS/Include/cmsis_gcc.h **** #endif
  43:Drivers/CMSIS/Include/cmsis_gcc.h **** #ifndef   __INLINE
  44:Drivers/CMSIS/Include/cmsis_gcc.h ****   #define __INLINE                               inline
  45:Drivers/CMSIS/Include/cmsis_gcc.h **** #endif
  46:Drivers/CMSIS/Include/cmsis_gcc.h **** #ifndef   __STATIC_INLINE
  47:Drivers/CMSIS/Include/cmsis_gcc.h ****   #define __STATIC_INLINE                        static inline
  48:Drivers/CMSIS/Include/cmsis_gcc.h **** #endif
  49:Drivers/CMSIS/Include/cmsis_gcc.h **** #ifndef   __STATIC_FORCEINLINE                 
  50:Drivers/CMSIS/Include/cmsis_gcc.h ****   #define __STATIC_FORCEINLINE                   __attribute__((always_inline)) static inline
  51:Drivers/CMSIS/Include/cmsis_gcc.h **** #endif                                           
  52:Drivers/CMSIS/Include/cmsis_gcc.h **** #ifndef   __NO_RETURN
  53:Drivers/CMSIS/Include/cmsis_gcc.h ****   #define __NO_RETURN                            __attribute__((__noreturn__))
  54:Drivers/CMSIS/Include/cmsis_gcc.h **** #endif
  55:Drivers/CMSIS/Include/cmsis_gcc.h **** #ifndef   __USED
  56:Drivers/CMSIS/Include/cmsis_gcc.h ****   #define __USED                                 __attribute__((used))
  57:Drivers/CMSIS/Include/cmsis_gcc.h **** #endif
  58:Drivers/CMSIS/Include/cmsis_gcc.h **** #ifndef   __WEAK
  59:Drivers/CMSIS/Include/cmsis_gcc.h ****   #define __WEAK                                 __attribute__((weak))
  60:Drivers/CMSIS/Include/cmsis_gcc.h **** #endif
  61:Drivers/CMSIS/Include/cmsis_gcc.h **** #ifndef   __PACKED
  62:Drivers/CMSIS/Include/cmsis_gcc.h ****   #define __PACKED                               __attribute__((packed, aligned(1)))
  63:Drivers/CMSIS/Include/cmsis_gcc.h **** #endif
  64:Drivers/CMSIS/Include/cmsis_gcc.h **** #ifndef   __PACKED_STRUCT
ARM GAS  /var/folders/98/ctz5mtps7w71v8dr53cf5qg40000gn/T//ccR9nXxY.s 			page 15


  65:Drivers/CMSIS/Include/cmsis_gcc.h ****   #define __PACKED_STRUCT                        struct __attribute__((packed, aligned(1)))
  66:Drivers/CMSIS/Include/cmsis_gcc.h **** #endif
  67:Drivers/CMSIS/Include/cmsis_gcc.h **** #ifndef   __PACKED_UNION
  68:Drivers/CMSIS/Include/cmsis_gcc.h ****   #define __PACKED_UNION                         union __attribute__((packed, aligned(1)))
  69:Drivers/CMSIS/Include/cmsis_gcc.h **** #endif
  70:Drivers/CMSIS/Include/cmsis_gcc.h **** #ifndef   __UNALIGNED_UINT32        /* deprecated */
  71:Drivers/CMSIS/Include/cmsis_gcc.h ****   #pragma GCC diagnostic push
  72:Drivers/CMSIS/Include/cmsis_gcc.h ****   #pragma GCC diagnostic ignored "-Wpacked"
  73:Drivers/CMSIS/Include/cmsis_gcc.h ****   #pragma GCC diagnostic ignored "-Wattributes"
  74:Drivers/CMSIS/Include/cmsis_gcc.h ****   struct __attribute__((packed)) T_UINT32 { uint32_t v; };
  75:Drivers/CMSIS/Include/cmsis_gcc.h ****   #pragma GCC diagnostic pop
  76:Drivers/CMSIS/Include/cmsis_gcc.h ****   #define __UNALIGNED_UINT32(x)                  (((struct T_UINT32 *)(x))->v)
  77:Drivers/CMSIS/Include/cmsis_gcc.h **** #endif
  78:Drivers/CMSIS/Include/cmsis_gcc.h **** #ifndef   __UNALIGNED_UINT16_WRITE
  79:Drivers/CMSIS/Include/cmsis_gcc.h ****   #pragma GCC diagnostic push
  80:Drivers/CMSIS/Include/cmsis_gcc.h ****   #pragma GCC diagnostic ignored "-Wpacked"
  81:Drivers/CMSIS/Include/cmsis_gcc.h ****   #pragma GCC diagnostic ignored "-Wattributes"
  82:Drivers/CMSIS/Include/cmsis_gcc.h ****   __PACKED_STRUCT T_UINT16_WRITE { uint16_t v; };
  83:Drivers/CMSIS/Include/cmsis_gcc.h ****   #pragma GCC diagnostic pop
  84:Drivers/CMSIS/Include/cmsis_gcc.h ****   #define __UNALIGNED_UINT16_WRITE(addr, val)    (void)((((struct T_UINT16_WRITE *)(void *)(addr))-
  85:Drivers/CMSIS/Include/cmsis_gcc.h **** #endif
  86:Drivers/CMSIS/Include/cmsis_gcc.h **** #ifndef   __UNALIGNED_UINT16_READ
  87:Drivers/CMSIS/Include/cmsis_gcc.h ****   #pragma GCC diagnostic push
  88:Drivers/CMSIS/Include/cmsis_gcc.h ****   #pragma GCC diagnostic ignored "-Wpacked"
  89:Drivers/CMSIS/Include/cmsis_gcc.h ****   #pragma GCC diagnostic ignored "-Wattributes"
  90:Drivers/CMSIS/Include/cmsis_gcc.h ****   __PACKED_STRUCT T_UINT16_READ { uint16_t v; };
  91:Drivers/CMSIS/Include/cmsis_gcc.h ****   #pragma GCC diagnostic pop
  92:Drivers/CMSIS/Include/cmsis_gcc.h ****   #define __UNALIGNED_UINT16_READ(addr)          (((const struct T_UINT16_READ *)(const void *)(add
  93:Drivers/CMSIS/Include/cmsis_gcc.h **** #endif
  94:Drivers/CMSIS/Include/cmsis_gcc.h **** #ifndef   __UNALIGNED_UINT32_WRITE
  95:Drivers/CMSIS/Include/cmsis_gcc.h ****   #pragma GCC diagnostic push
  96:Drivers/CMSIS/Include/cmsis_gcc.h ****   #pragma GCC diagnostic ignored "-Wpacked"
  97:Drivers/CMSIS/Include/cmsis_gcc.h ****   #pragma GCC diagnostic ignored "-Wattributes"
  98:Drivers/CMSIS/Include/cmsis_gcc.h ****   __PACKED_STRUCT T_UINT32_WRITE { uint32_t v; };
  99:Drivers/CMSIS/Include/cmsis_gcc.h ****   #pragma GCC diagnostic pop
 100:Drivers/CMSIS/Include/cmsis_gcc.h ****   #define __UNALIGNED_UINT32_WRITE(addr, val)    (void)((((struct T_UINT32_WRITE *)(void *)(addr))-
 101:Drivers/CMSIS/Include/cmsis_gcc.h **** #endif
 102:Drivers/CMSIS/Include/cmsis_gcc.h **** #ifndef   __UNALIGNED_UINT32_READ
 103:Drivers/CMSIS/Include/cmsis_gcc.h ****   #pragma GCC diagnostic push
 104:Drivers/CMSIS/Include/cmsis_gcc.h ****   #pragma GCC diagnostic ignored "-Wpacked"
 105:Drivers/CMSIS/Include/cmsis_gcc.h ****   #pragma GCC diagnostic ignored "-Wattributes"
 106:Drivers/CMSIS/Include/cmsis_gcc.h ****   __PACKED_STRUCT T_UINT32_READ { uint32_t v; };
 107:Drivers/CMSIS/Include/cmsis_gcc.h ****   #pragma GCC diagnostic pop
 108:Drivers/CMSIS/Include/cmsis_gcc.h ****   #define __UNALIGNED_UINT32_READ(addr)          (((const struct T_UINT32_READ *)(const void *)(add
 109:Drivers/CMSIS/Include/cmsis_gcc.h **** #endif
 110:Drivers/CMSIS/Include/cmsis_gcc.h **** #ifndef   __ALIGNED
 111:Drivers/CMSIS/Include/cmsis_gcc.h ****   #define __ALIGNED(x)                           __attribute__((aligned(x)))
 112:Drivers/CMSIS/Include/cmsis_gcc.h **** #endif
 113:Drivers/CMSIS/Include/cmsis_gcc.h **** #ifndef   __RESTRICT
 114:Drivers/CMSIS/Include/cmsis_gcc.h ****   #define __RESTRICT                             __restrict
 115:Drivers/CMSIS/Include/cmsis_gcc.h **** #endif
 116:Drivers/CMSIS/Include/cmsis_gcc.h **** #ifndef   __COMPILER_BARRIER
 117:Drivers/CMSIS/Include/cmsis_gcc.h ****   #define __COMPILER_BARRIER()                   __ASM volatile("":::"memory")
 118:Drivers/CMSIS/Include/cmsis_gcc.h **** #endif
 119:Drivers/CMSIS/Include/cmsis_gcc.h **** 
 120:Drivers/CMSIS/Include/cmsis_gcc.h **** /* #########################  Startup and Lowlevel Init  ######################## */
 121:Drivers/CMSIS/Include/cmsis_gcc.h **** 
ARM GAS  /var/folders/98/ctz5mtps7w71v8dr53cf5qg40000gn/T//ccR9nXxY.s 			page 16


 122:Drivers/CMSIS/Include/cmsis_gcc.h **** #ifndef __PROGRAM_START
 123:Drivers/CMSIS/Include/cmsis_gcc.h **** 
 124:Drivers/CMSIS/Include/cmsis_gcc.h **** /**
 125:Drivers/CMSIS/Include/cmsis_gcc.h ****   \brief   Initializes data and bss sections
 126:Drivers/CMSIS/Include/cmsis_gcc.h ****   \details This default implementations initialized all data and additional bss
 127:Drivers/CMSIS/Include/cmsis_gcc.h ****            sections relying on .copy.table and .zero.table specified properly
 128:Drivers/CMSIS/Include/cmsis_gcc.h ****            in the used linker script.
 129:Drivers/CMSIS/Include/cmsis_gcc.h ****   
 130:Drivers/CMSIS/Include/cmsis_gcc.h ****  */
 131:Drivers/CMSIS/Include/cmsis_gcc.h **** __STATIC_FORCEINLINE __NO_RETURN void __cmsis_start(void)
 132:Drivers/CMSIS/Include/cmsis_gcc.h **** {
 133:Drivers/CMSIS/Include/cmsis_gcc.h ****   extern void _start(void) __NO_RETURN;
 134:Drivers/CMSIS/Include/cmsis_gcc.h ****   
 135:Drivers/CMSIS/Include/cmsis_gcc.h ****   typedef struct {
 136:Drivers/CMSIS/Include/cmsis_gcc.h ****     uint32_t const* src;
 137:Drivers/CMSIS/Include/cmsis_gcc.h ****     uint32_t* dest;
 138:Drivers/CMSIS/Include/cmsis_gcc.h ****     uint32_t  wlen;
 139:Drivers/CMSIS/Include/cmsis_gcc.h ****   } __copy_table_t;
 140:Drivers/CMSIS/Include/cmsis_gcc.h ****   
 141:Drivers/CMSIS/Include/cmsis_gcc.h ****   typedef struct {
 142:Drivers/CMSIS/Include/cmsis_gcc.h ****     uint32_t* dest;
 143:Drivers/CMSIS/Include/cmsis_gcc.h ****     uint32_t  wlen;
 144:Drivers/CMSIS/Include/cmsis_gcc.h ****   } __zero_table_t;
 145:Drivers/CMSIS/Include/cmsis_gcc.h ****   
 146:Drivers/CMSIS/Include/cmsis_gcc.h ****   extern const __copy_table_t __copy_table_start__;
 147:Drivers/CMSIS/Include/cmsis_gcc.h ****   extern const __copy_table_t __copy_table_end__;
 148:Drivers/CMSIS/Include/cmsis_gcc.h ****   extern const __zero_table_t __zero_table_start__;
 149:Drivers/CMSIS/Include/cmsis_gcc.h ****   extern const __zero_table_t __zero_table_end__;
 150:Drivers/CMSIS/Include/cmsis_gcc.h **** 
 151:Drivers/CMSIS/Include/cmsis_gcc.h ****   for (__copy_table_t const* pTable = &__copy_table_start__; pTable < &__copy_table_end__; ++pTable
 152:Drivers/CMSIS/Include/cmsis_gcc.h ****     for(uint32_t i=0u; i<pTable->wlen; ++i) {
 153:Drivers/CMSIS/Include/cmsis_gcc.h ****       pTable->dest[i] = pTable->src[i];
 154:Drivers/CMSIS/Include/cmsis_gcc.h ****     }
 155:Drivers/CMSIS/Include/cmsis_gcc.h ****   }
 156:Drivers/CMSIS/Include/cmsis_gcc.h ****  
 157:Drivers/CMSIS/Include/cmsis_gcc.h ****   for (__zero_table_t const* pTable = &__zero_table_start__; pTable < &__zero_table_end__; ++pTable
 158:Drivers/CMSIS/Include/cmsis_gcc.h ****     for(uint32_t i=0u; i<pTable->wlen; ++i) {
 159:Drivers/CMSIS/Include/cmsis_gcc.h ****       pTable->dest[i] = 0u;
 160:Drivers/CMSIS/Include/cmsis_gcc.h ****     }
 161:Drivers/CMSIS/Include/cmsis_gcc.h ****   }
 162:Drivers/CMSIS/Include/cmsis_gcc.h ****  
 163:Drivers/CMSIS/Include/cmsis_gcc.h ****   _start();
 164:Drivers/CMSIS/Include/cmsis_gcc.h **** }
 165:Drivers/CMSIS/Include/cmsis_gcc.h ****   
 166:Drivers/CMSIS/Include/cmsis_gcc.h **** #define __PROGRAM_START           __cmsis_start
 167:Drivers/CMSIS/Include/cmsis_gcc.h **** #endif
 168:Drivers/CMSIS/Include/cmsis_gcc.h **** 
 169:Drivers/CMSIS/Include/cmsis_gcc.h **** #ifndef __INITIAL_SP
 170:Drivers/CMSIS/Include/cmsis_gcc.h **** #define __INITIAL_SP              __StackTop
 171:Drivers/CMSIS/Include/cmsis_gcc.h **** #endif
 172:Drivers/CMSIS/Include/cmsis_gcc.h **** 
 173:Drivers/CMSIS/Include/cmsis_gcc.h **** #ifndef __STACK_LIMIT
 174:Drivers/CMSIS/Include/cmsis_gcc.h **** #define __STACK_LIMIT             __StackLimit
 175:Drivers/CMSIS/Include/cmsis_gcc.h **** #endif
 176:Drivers/CMSIS/Include/cmsis_gcc.h **** 
 177:Drivers/CMSIS/Include/cmsis_gcc.h **** #ifndef __VECTOR_TABLE
 178:Drivers/CMSIS/Include/cmsis_gcc.h **** #define __VECTOR_TABLE            __Vectors
ARM GAS  /var/folders/98/ctz5mtps7w71v8dr53cf5qg40000gn/T//ccR9nXxY.s 			page 17


 179:Drivers/CMSIS/Include/cmsis_gcc.h **** #endif
 180:Drivers/CMSIS/Include/cmsis_gcc.h **** 
 181:Drivers/CMSIS/Include/cmsis_gcc.h **** #ifndef __VECTOR_TABLE_ATTRIBUTE
 182:Drivers/CMSIS/Include/cmsis_gcc.h **** #define __VECTOR_TABLE_ATTRIBUTE  __attribute((used, section(".vectors")))
 183:Drivers/CMSIS/Include/cmsis_gcc.h **** #endif
 184:Drivers/CMSIS/Include/cmsis_gcc.h **** 
 185:Drivers/CMSIS/Include/cmsis_gcc.h **** /* ###########################  Core Function Access  ########################### */
 186:Drivers/CMSIS/Include/cmsis_gcc.h **** /** \ingroup  CMSIS_Core_FunctionInterface
 187:Drivers/CMSIS/Include/cmsis_gcc.h ****     \defgroup CMSIS_Core_RegAccFunctions CMSIS Core Register Access Functions
 188:Drivers/CMSIS/Include/cmsis_gcc.h ****   @{
 189:Drivers/CMSIS/Include/cmsis_gcc.h ****  */
 190:Drivers/CMSIS/Include/cmsis_gcc.h **** 
 191:Drivers/CMSIS/Include/cmsis_gcc.h **** /**
 192:Drivers/CMSIS/Include/cmsis_gcc.h ****   \brief   Enable IRQ Interrupts
 193:Drivers/CMSIS/Include/cmsis_gcc.h ****   \details Enables IRQ interrupts by clearing the I-bit in the CPSR.
 194:Drivers/CMSIS/Include/cmsis_gcc.h ****            Can only be executed in Privileged modes.
 195:Drivers/CMSIS/Include/cmsis_gcc.h ****  */
 196:Drivers/CMSIS/Include/cmsis_gcc.h **** __STATIC_FORCEINLINE void __enable_irq(void)
 197:Drivers/CMSIS/Include/cmsis_gcc.h **** {
 198:Drivers/CMSIS/Include/cmsis_gcc.h ****   __ASM volatile ("cpsie i" : : : "memory");
 199:Drivers/CMSIS/Include/cmsis_gcc.h **** }
 200:Drivers/CMSIS/Include/cmsis_gcc.h **** 
 201:Drivers/CMSIS/Include/cmsis_gcc.h **** 
 202:Drivers/CMSIS/Include/cmsis_gcc.h **** /**
 203:Drivers/CMSIS/Include/cmsis_gcc.h ****   \brief   Disable IRQ Interrupts
 204:Drivers/CMSIS/Include/cmsis_gcc.h ****   \details Disables IRQ interrupts by setting the I-bit in the CPSR.
 205:Drivers/CMSIS/Include/cmsis_gcc.h ****            Can only be executed in Privileged modes.
 206:Drivers/CMSIS/Include/cmsis_gcc.h ****  */
 207:Drivers/CMSIS/Include/cmsis_gcc.h **** __STATIC_FORCEINLINE void __disable_irq(void)
 208:Drivers/CMSIS/Include/cmsis_gcc.h **** {
 209:Drivers/CMSIS/Include/cmsis_gcc.h ****   __ASM volatile ("cpsid i" : : : "memory");
 210:Drivers/CMSIS/Include/cmsis_gcc.h **** }
 211:Drivers/CMSIS/Include/cmsis_gcc.h **** 
 212:Drivers/CMSIS/Include/cmsis_gcc.h **** 
 213:Drivers/CMSIS/Include/cmsis_gcc.h **** /**
 214:Drivers/CMSIS/Include/cmsis_gcc.h ****   \brief   Get Control Register
 215:Drivers/CMSIS/Include/cmsis_gcc.h ****   \details Returns the content of the Control Register.
 216:Drivers/CMSIS/Include/cmsis_gcc.h ****   \return               Control Register value
 217:Drivers/CMSIS/Include/cmsis_gcc.h ****  */
 218:Drivers/CMSIS/Include/cmsis_gcc.h **** __STATIC_FORCEINLINE uint32_t __get_CONTROL(void)
 219:Drivers/CMSIS/Include/cmsis_gcc.h **** {
 220:Drivers/CMSIS/Include/cmsis_gcc.h ****   uint32_t result;
 221:Drivers/CMSIS/Include/cmsis_gcc.h **** 
 222:Drivers/CMSIS/Include/cmsis_gcc.h ****   __ASM volatile ("MRS %0, control" : "=r" (result) );
 223:Drivers/CMSIS/Include/cmsis_gcc.h ****   return(result);
 224:Drivers/CMSIS/Include/cmsis_gcc.h **** }
 225:Drivers/CMSIS/Include/cmsis_gcc.h **** 
 226:Drivers/CMSIS/Include/cmsis_gcc.h **** 
 227:Drivers/CMSIS/Include/cmsis_gcc.h **** #if (defined (__ARM_FEATURE_CMSE ) && (__ARM_FEATURE_CMSE == 3))
 228:Drivers/CMSIS/Include/cmsis_gcc.h **** /**
 229:Drivers/CMSIS/Include/cmsis_gcc.h ****   \brief   Get Control Register (non-secure)
 230:Drivers/CMSIS/Include/cmsis_gcc.h ****   \details Returns the content of the non-secure Control Register when in secure mode.
 231:Drivers/CMSIS/Include/cmsis_gcc.h ****   \return               non-secure Control Register value
 232:Drivers/CMSIS/Include/cmsis_gcc.h ****  */
 233:Drivers/CMSIS/Include/cmsis_gcc.h **** __STATIC_FORCEINLINE uint32_t __TZ_get_CONTROL_NS(void)
 234:Drivers/CMSIS/Include/cmsis_gcc.h **** {
 235:Drivers/CMSIS/Include/cmsis_gcc.h ****   uint32_t result;
ARM GAS  /var/folders/98/ctz5mtps7w71v8dr53cf5qg40000gn/T//ccR9nXxY.s 			page 18


 236:Drivers/CMSIS/Include/cmsis_gcc.h **** 
 237:Drivers/CMSIS/Include/cmsis_gcc.h ****   __ASM volatile ("MRS %0, control_ns" : "=r" (result) );
 238:Drivers/CMSIS/Include/cmsis_gcc.h ****   return(result);
 239:Drivers/CMSIS/Include/cmsis_gcc.h **** }
 240:Drivers/CMSIS/Include/cmsis_gcc.h **** #endif
 241:Drivers/CMSIS/Include/cmsis_gcc.h **** 
 242:Drivers/CMSIS/Include/cmsis_gcc.h **** 
 243:Drivers/CMSIS/Include/cmsis_gcc.h **** /**
 244:Drivers/CMSIS/Include/cmsis_gcc.h ****   \brief   Set Control Register
 245:Drivers/CMSIS/Include/cmsis_gcc.h ****   \details Writes the given value to the Control Register.
 246:Drivers/CMSIS/Include/cmsis_gcc.h ****   \param [in]    control  Control Register value to set
 247:Drivers/CMSIS/Include/cmsis_gcc.h ****  */
 248:Drivers/CMSIS/Include/cmsis_gcc.h **** __STATIC_FORCEINLINE void __set_CONTROL(uint32_t control)
 249:Drivers/CMSIS/Include/cmsis_gcc.h **** {
 250:Drivers/CMSIS/Include/cmsis_gcc.h ****   __ASM volatile ("MSR control, %0" : : "r" (control) : "memory");
 251:Drivers/CMSIS/Include/cmsis_gcc.h **** }
 252:Drivers/CMSIS/Include/cmsis_gcc.h **** 
 253:Drivers/CMSIS/Include/cmsis_gcc.h **** 
 254:Drivers/CMSIS/Include/cmsis_gcc.h **** #if (defined (__ARM_FEATURE_CMSE ) && (__ARM_FEATURE_CMSE == 3))
 255:Drivers/CMSIS/Include/cmsis_gcc.h **** /**
 256:Drivers/CMSIS/Include/cmsis_gcc.h ****   \brief   Set Control Register (non-secure)
 257:Drivers/CMSIS/Include/cmsis_gcc.h ****   \details Writes the given value to the non-secure Control Register when in secure state.
 258:Drivers/CMSIS/Include/cmsis_gcc.h ****   \param [in]    control  Control Register value to set
 259:Drivers/CMSIS/Include/cmsis_gcc.h ****  */
 260:Drivers/CMSIS/Include/cmsis_gcc.h **** __STATIC_FORCEINLINE void __TZ_set_CONTROL_NS(uint32_t control)
 261:Drivers/CMSIS/Include/cmsis_gcc.h **** {
 262:Drivers/CMSIS/Include/cmsis_gcc.h ****   __ASM volatile ("MSR control_ns, %0" : : "r" (control) : "memory");
 263:Drivers/CMSIS/Include/cmsis_gcc.h **** }
 264:Drivers/CMSIS/Include/cmsis_gcc.h **** #endif
 265:Drivers/CMSIS/Include/cmsis_gcc.h **** 
 266:Drivers/CMSIS/Include/cmsis_gcc.h **** 
 267:Drivers/CMSIS/Include/cmsis_gcc.h **** /**
 268:Drivers/CMSIS/Include/cmsis_gcc.h ****   \brief   Get IPSR Register
 269:Drivers/CMSIS/Include/cmsis_gcc.h ****   \details Returns the content of the IPSR Register.
 270:Drivers/CMSIS/Include/cmsis_gcc.h ****   \return               IPSR Register value
 271:Drivers/CMSIS/Include/cmsis_gcc.h ****  */
 272:Drivers/CMSIS/Include/cmsis_gcc.h **** __STATIC_FORCEINLINE uint32_t __get_IPSR(void)
 273:Drivers/CMSIS/Include/cmsis_gcc.h **** {
 274:Drivers/CMSIS/Include/cmsis_gcc.h ****   uint32_t result;
 275:Drivers/CMSIS/Include/cmsis_gcc.h **** 
 276:Drivers/CMSIS/Include/cmsis_gcc.h ****   __ASM volatile ("MRS %0, ipsr" : "=r" (result) );
 277:Drivers/CMSIS/Include/cmsis_gcc.h ****   return(result);
 278:Drivers/CMSIS/Include/cmsis_gcc.h **** }
 279:Drivers/CMSIS/Include/cmsis_gcc.h **** 
 280:Drivers/CMSIS/Include/cmsis_gcc.h **** 
 281:Drivers/CMSIS/Include/cmsis_gcc.h **** /**
 282:Drivers/CMSIS/Include/cmsis_gcc.h ****   \brief   Get APSR Register
 283:Drivers/CMSIS/Include/cmsis_gcc.h ****   \details Returns the content of the APSR Register.
 284:Drivers/CMSIS/Include/cmsis_gcc.h ****   \return               APSR Register value
 285:Drivers/CMSIS/Include/cmsis_gcc.h ****  */
 286:Drivers/CMSIS/Include/cmsis_gcc.h **** __STATIC_FORCEINLINE uint32_t __get_APSR(void)
 287:Drivers/CMSIS/Include/cmsis_gcc.h **** {
 288:Drivers/CMSIS/Include/cmsis_gcc.h ****   uint32_t result;
 289:Drivers/CMSIS/Include/cmsis_gcc.h **** 
 290:Drivers/CMSIS/Include/cmsis_gcc.h ****   __ASM volatile ("MRS %0, apsr" : "=r" (result) );
 291:Drivers/CMSIS/Include/cmsis_gcc.h ****   return(result);
 292:Drivers/CMSIS/Include/cmsis_gcc.h **** }
ARM GAS  /var/folders/98/ctz5mtps7w71v8dr53cf5qg40000gn/T//ccR9nXxY.s 			page 19


 293:Drivers/CMSIS/Include/cmsis_gcc.h **** 
 294:Drivers/CMSIS/Include/cmsis_gcc.h **** 
 295:Drivers/CMSIS/Include/cmsis_gcc.h **** /**
 296:Drivers/CMSIS/Include/cmsis_gcc.h ****   \brief   Get xPSR Register
 297:Drivers/CMSIS/Include/cmsis_gcc.h ****   \details Returns the content of the xPSR Register.
 298:Drivers/CMSIS/Include/cmsis_gcc.h ****   \return               xPSR Register value
 299:Drivers/CMSIS/Include/cmsis_gcc.h ****  */
 300:Drivers/CMSIS/Include/cmsis_gcc.h **** __STATIC_FORCEINLINE uint32_t __get_xPSR(void)
 301:Drivers/CMSIS/Include/cmsis_gcc.h **** {
 302:Drivers/CMSIS/Include/cmsis_gcc.h ****   uint32_t result;
 303:Drivers/CMSIS/Include/cmsis_gcc.h **** 
 304:Drivers/CMSIS/Include/cmsis_gcc.h ****   __ASM volatile ("MRS %0, xpsr" : "=r" (result) );
 305:Drivers/CMSIS/Include/cmsis_gcc.h ****   return(result);
 306:Drivers/CMSIS/Include/cmsis_gcc.h **** }
 307:Drivers/CMSIS/Include/cmsis_gcc.h **** 
 308:Drivers/CMSIS/Include/cmsis_gcc.h **** 
 309:Drivers/CMSIS/Include/cmsis_gcc.h **** /**
 310:Drivers/CMSIS/Include/cmsis_gcc.h ****   \brief   Get Process Stack Pointer
 311:Drivers/CMSIS/Include/cmsis_gcc.h ****   \details Returns the current value of the Process Stack Pointer (PSP).
 312:Drivers/CMSIS/Include/cmsis_gcc.h ****   \return               PSP Register value
 313:Drivers/CMSIS/Include/cmsis_gcc.h ****  */
 314:Drivers/CMSIS/Include/cmsis_gcc.h **** __STATIC_FORCEINLINE uint32_t __get_PSP(void)
 315:Drivers/CMSIS/Include/cmsis_gcc.h **** {
 316:Drivers/CMSIS/Include/cmsis_gcc.h ****   uint32_t result;
 317:Drivers/CMSIS/Include/cmsis_gcc.h **** 
 318:Drivers/CMSIS/Include/cmsis_gcc.h ****   __ASM volatile ("MRS %0, psp"  : "=r" (result) );
 319:Drivers/CMSIS/Include/cmsis_gcc.h ****   return(result);
 320:Drivers/CMSIS/Include/cmsis_gcc.h **** }
 321:Drivers/CMSIS/Include/cmsis_gcc.h **** 
 322:Drivers/CMSIS/Include/cmsis_gcc.h **** 
 323:Drivers/CMSIS/Include/cmsis_gcc.h **** #if (defined (__ARM_FEATURE_CMSE ) && (__ARM_FEATURE_CMSE == 3))
 324:Drivers/CMSIS/Include/cmsis_gcc.h **** /**
 325:Drivers/CMSIS/Include/cmsis_gcc.h ****   \brief   Get Process Stack Pointer (non-secure)
 326:Drivers/CMSIS/Include/cmsis_gcc.h ****   \details Returns the current value of the non-secure Process Stack Pointer (PSP) when in secure s
 327:Drivers/CMSIS/Include/cmsis_gcc.h ****   \return               PSP Register value
 328:Drivers/CMSIS/Include/cmsis_gcc.h ****  */
 329:Drivers/CMSIS/Include/cmsis_gcc.h **** __STATIC_FORCEINLINE uint32_t __TZ_get_PSP_NS(void)
 330:Drivers/CMSIS/Include/cmsis_gcc.h **** {
 331:Drivers/CMSIS/Include/cmsis_gcc.h ****   uint32_t result;
 332:Drivers/CMSIS/Include/cmsis_gcc.h **** 
 333:Drivers/CMSIS/Include/cmsis_gcc.h ****   __ASM volatile ("MRS %0, psp_ns"  : "=r" (result) );
 334:Drivers/CMSIS/Include/cmsis_gcc.h ****   return(result);
 335:Drivers/CMSIS/Include/cmsis_gcc.h **** }
 336:Drivers/CMSIS/Include/cmsis_gcc.h **** #endif
 337:Drivers/CMSIS/Include/cmsis_gcc.h **** 
 338:Drivers/CMSIS/Include/cmsis_gcc.h **** 
 339:Drivers/CMSIS/Include/cmsis_gcc.h **** /**
 340:Drivers/CMSIS/Include/cmsis_gcc.h ****   \brief   Set Process Stack Pointer
 341:Drivers/CMSIS/Include/cmsis_gcc.h ****   \details Assigns the given value to the Process Stack Pointer (PSP).
 342:Drivers/CMSIS/Include/cmsis_gcc.h ****   \param [in]    topOfProcStack  Process Stack Pointer value to set
 343:Drivers/CMSIS/Include/cmsis_gcc.h ****  */
 344:Drivers/CMSIS/Include/cmsis_gcc.h **** __STATIC_FORCEINLINE void __set_PSP(uint32_t topOfProcStack)
 345:Drivers/CMSIS/Include/cmsis_gcc.h **** {
 346:Drivers/CMSIS/Include/cmsis_gcc.h ****   __ASM volatile ("MSR psp, %0" : : "r" (topOfProcStack) : );
 347:Drivers/CMSIS/Include/cmsis_gcc.h **** }
 348:Drivers/CMSIS/Include/cmsis_gcc.h **** 
 349:Drivers/CMSIS/Include/cmsis_gcc.h **** 
ARM GAS  /var/folders/98/ctz5mtps7w71v8dr53cf5qg40000gn/T//ccR9nXxY.s 			page 20


 350:Drivers/CMSIS/Include/cmsis_gcc.h **** #if (defined (__ARM_FEATURE_CMSE ) && (__ARM_FEATURE_CMSE == 3))
 351:Drivers/CMSIS/Include/cmsis_gcc.h **** /**
 352:Drivers/CMSIS/Include/cmsis_gcc.h ****   \brief   Set Process Stack Pointer (non-secure)
 353:Drivers/CMSIS/Include/cmsis_gcc.h ****   \details Assigns the given value to the non-secure Process Stack Pointer (PSP) when in secure sta
 354:Drivers/CMSIS/Include/cmsis_gcc.h ****   \param [in]    topOfProcStack  Process Stack Pointer value to set
 355:Drivers/CMSIS/Include/cmsis_gcc.h ****  */
 356:Drivers/CMSIS/Include/cmsis_gcc.h **** __STATIC_FORCEINLINE void __TZ_set_PSP_NS(uint32_t topOfProcStack)
 357:Drivers/CMSIS/Include/cmsis_gcc.h **** {
 358:Drivers/CMSIS/Include/cmsis_gcc.h ****   __ASM volatile ("MSR psp_ns, %0" : : "r" (topOfProcStack) : );
 359:Drivers/CMSIS/Include/cmsis_gcc.h **** }
 360:Drivers/CMSIS/Include/cmsis_gcc.h **** #endif
 361:Drivers/CMSIS/Include/cmsis_gcc.h **** 
 362:Drivers/CMSIS/Include/cmsis_gcc.h **** 
 363:Drivers/CMSIS/Include/cmsis_gcc.h **** /**
 364:Drivers/CMSIS/Include/cmsis_gcc.h ****   \brief   Get Main Stack Pointer
 365:Drivers/CMSIS/Include/cmsis_gcc.h ****   \details Returns the current value of the Main Stack Pointer (MSP).
 366:Drivers/CMSIS/Include/cmsis_gcc.h ****   \return               MSP Register value
 367:Drivers/CMSIS/Include/cmsis_gcc.h ****  */
 368:Drivers/CMSIS/Include/cmsis_gcc.h **** __STATIC_FORCEINLINE uint32_t __get_MSP(void)
 369:Drivers/CMSIS/Include/cmsis_gcc.h **** {
 370:Drivers/CMSIS/Include/cmsis_gcc.h ****   uint32_t result;
 371:Drivers/CMSIS/Include/cmsis_gcc.h **** 
 372:Drivers/CMSIS/Include/cmsis_gcc.h ****   __ASM volatile ("MRS %0, msp" : "=r" (result) );
 373:Drivers/CMSIS/Include/cmsis_gcc.h ****   return(result);
 374:Drivers/CMSIS/Include/cmsis_gcc.h **** }
 375:Drivers/CMSIS/Include/cmsis_gcc.h **** 
 376:Drivers/CMSIS/Include/cmsis_gcc.h **** 
 377:Drivers/CMSIS/Include/cmsis_gcc.h **** #if (defined (__ARM_FEATURE_CMSE ) && (__ARM_FEATURE_CMSE == 3))
 378:Drivers/CMSIS/Include/cmsis_gcc.h **** /**
 379:Drivers/CMSIS/Include/cmsis_gcc.h ****   \brief   Get Main Stack Pointer (non-secure)
 380:Drivers/CMSIS/Include/cmsis_gcc.h ****   \details Returns the current value of the non-secure Main Stack Pointer (MSP) when in secure stat
 381:Drivers/CMSIS/Include/cmsis_gcc.h ****   \return               MSP Register value
 382:Drivers/CMSIS/Include/cmsis_gcc.h ****  */
 383:Drivers/CMSIS/Include/cmsis_gcc.h **** __STATIC_FORCEINLINE uint32_t __TZ_get_MSP_NS(void)
 384:Drivers/CMSIS/Include/cmsis_gcc.h **** {
 385:Drivers/CMSIS/Include/cmsis_gcc.h ****   uint32_t result;
 386:Drivers/CMSIS/Include/cmsis_gcc.h **** 
 387:Drivers/CMSIS/Include/cmsis_gcc.h ****   __ASM volatile ("MRS %0, msp_ns" : "=r" (result) );
 388:Drivers/CMSIS/Include/cmsis_gcc.h ****   return(result);
 389:Drivers/CMSIS/Include/cmsis_gcc.h **** }
 390:Drivers/CMSIS/Include/cmsis_gcc.h **** #endif
 391:Drivers/CMSIS/Include/cmsis_gcc.h **** 
 392:Drivers/CMSIS/Include/cmsis_gcc.h **** 
 393:Drivers/CMSIS/Include/cmsis_gcc.h **** /**
 394:Drivers/CMSIS/Include/cmsis_gcc.h ****   \brief   Set Main Stack Pointer
 395:Drivers/CMSIS/Include/cmsis_gcc.h ****   \details Assigns the given value to the Main Stack Pointer (MSP).
 396:Drivers/CMSIS/Include/cmsis_gcc.h ****   \param [in]    topOfMainStack  Main Stack Pointer value to set
 397:Drivers/CMSIS/Include/cmsis_gcc.h ****  */
 398:Drivers/CMSIS/Include/cmsis_gcc.h **** __STATIC_FORCEINLINE void __set_MSP(uint32_t topOfMainStack)
 399:Drivers/CMSIS/Include/cmsis_gcc.h **** {
 400:Drivers/CMSIS/Include/cmsis_gcc.h ****   __ASM volatile ("MSR msp, %0" : : "r" (topOfMainStack) : );
 401:Drivers/CMSIS/Include/cmsis_gcc.h **** }
 402:Drivers/CMSIS/Include/cmsis_gcc.h **** 
 403:Drivers/CMSIS/Include/cmsis_gcc.h **** 
 404:Drivers/CMSIS/Include/cmsis_gcc.h **** #if (defined (__ARM_FEATURE_CMSE ) && (__ARM_FEATURE_CMSE == 3))
 405:Drivers/CMSIS/Include/cmsis_gcc.h **** /**
 406:Drivers/CMSIS/Include/cmsis_gcc.h ****   \brief   Set Main Stack Pointer (non-secure)
ARM GAS  /var/folders/98/ctz5mtps7w71v8dr53cf5qg40000gn/T//ccR9nXxY.s 			page 21


 407:Drivers/CMSIS/Include/cmsis_gcc.h ****   \details Assigns the given value to the non-secure Main Stack Pointer (MSP) when in secure state.
 408:Drivers/CMSIS/Include/cmsis_gcc.h ****   \param [in]    topOfMainStack  Main Stack Pointer value to set
 409:Drivers/CMSIS/Include/cmsis_gcc.h ****  */
 410:Drivers/CMSIS/Include/cmsis_gcc.h **** __STATIC_FORCEINLINE void __TZ_set_MSP_NS(uint32_t topOfMainStack)
 411:Drivers/CMSIS/Include/cmsis_gcc.h **** {
 412:Drivers/CMSIS/Include/cmsis_gcc.h ****   __ASM volatile ("MSR msp_ns, %0" : : "r" (topOfMainStack) : );
 413:Drivers/CMSIS/Include/cmsis_gcc.h **** }
 414:Drivers/CMSIS/Include/cmsis_gcc.h **** #endif
 415:Drivers/CMSIS/Include/cmsis_gcc.h **** 
 416:Drivers/CMSIS/Include/cmsis_gcc.h **** 
 417:Drivers/CMSIS/Include/cmsis_gcc.h **** #if (defined (__ARM_FEATURE_CMSE ) && (__ARM_FEATURE_CMSE == 3))
 418:Drivers/CMSIS/Include/cmsis_gcc.h **** /**
 419:Drivers/CMSIS/Include/cmsis_gcc.h ****   \brief   Get Stack Pointer (non-secure)
 420:Drivers/CMSIS/Include/cmsis_gcc.h ****   \details Returns the current value of the non-secure Stack Pointer (SP) when in secure state.
 421:Drivers/CMSIS/Include/cmsis_gcc.h ****   \return               SP Register value
 422:Drivers/CMSIS/Include/cmsis_gcc.h ****  */
 423:Drivers/CMSIS/Include/cmsis_gcc.h **** __STATIC_FORCEINLINE uint32_t __TZ_get_SP_NS(void)
 424:Drivers/CMSIS/Include/cmsis_gcc.h **** {
 425:Drivers/CMSIS/Include/cmsis_gcc.h ****   uint32_t result;
 426:Drivers/CMSIS/Include/cmsis_gcc.h **** 
 427:Drivers/CMSIS/Include/cmsis_gcc.h ****   __ASM volatile ("MRS %0, sp_ns" : "=r" (result) );
 428:Drivers/CMSIS/Include/cmsis_gcc.h ****   return(result);
 429:Drivers/CMSIS/Include/cmsis_gcc.h **** }
 430:Drivers/CMSIS/Include/cmsis_gcc.h **** 
 431:Drivers/CMSIS/Include/cmsis_gcc.h **** 
 432:Drivers/CMSIS/Include/cmsis_gcc.h **** /**
 433:Drivers/CMSIS/Include/cmsis_gcc.h ****   \brief   Set Stack Pointer (non-secure)
 434:Drivers/CMSIS/Include/cmsis_gcc.h ****   \details Assigns the given value to the non-secure Stack Pointer (SP) when in secure state.
 435:Drivers/CMSIS/Include/cmsis_gcc.h ****   \param [in]    topOfStack  Stack Pointer value to set
 436:Drivers/CMSIS/Include/cmsis_gcc.h ****  */
 437:Drivers/CMSIS/Include/cmsis_gcc.h **** __STATIC_FORCEINLINE void __TZ_set_SP_NS(uint32_t topOfStack)
 438:Drivers/CMSIS/Include/cmsis_gcc.h **** {
 439:Drivers/CMSIS/Include/cmsis_gcc.h ****   __ASM volatile ("MSR sp_ns, %0" : : "r" (topOfStack) : );
 440:Drivers/CMSIS/Include/cmsis_gcc.h **** }
 441:Drivers/CMSIS/Include/cmsis_gcc.h **** #endif
 442:Drivers/CMSIS/Include/cmsis_gcc.h **** 
 443:Drivers/CMSIS/Include/cmsis_gcc.h **** 
 444:Drivers/CMSIS/Include/cmsis_gcc.h **** /**
 445:Drivers/CMSIS/Include/cmsis_gcc.h ****   \brief   Get Priority Mask
 446:Drivers/CMSIS/Include/cmsis_gcc.h ****   \details Returns the current state of the priority mask bit from the Priority Mask Register.
 447:Drivers/CMSIS/Include/cmsis_gcc.h ****   \return               Priority Mask value
 448:Drivers/CMSIS/Include/cmsis_gcc.h ****  */
 449:Drivers/CMSIS/Include/cmsis_gcc.h **** __STATIC_FORCEINLINE uint32_t __get_PRIMASK(void)
 450:Drivers/CMSIS/Include/cmsis_gcc.h **** {
 451:Drivers/CMSIS/Include/cmsis_gcc.h ****   uint32_t result;
 452:Drivers/CMSIS/Include/cmsis_gcc.h **** 
 453:Drivers/CMSIS/Include/cmsis_gcc.h ****   __ASM volatile ("MRS %0, primask" : "=r" (result) :: "memory");
 454:Drivers/CMSIS/Include/cmsis_gcc.h ****   return(result);
 455:Drivers/CMSIS/Include/cmsis_gcc.h **** }
 456:Drivers/CMSIS/Include/cmsis_gcc.h **** 
 457:Drivers/CMSIS/Include/cmsis_gcc.h **** 
 458:Drivers/CMSIS/Include/cmsis_gcc.h **** #if (defined (__ARM_FEATURE_CMSE ) && (__ARM_FEATURE_CMSE == 3))
 459:Drivers/CMSIS/Include/cmsis_gcc.h **** /**
 460:Drivers/CMSIS/Include/cmsis_gcc.h ****   \brief   Get Priority Mask (non-secure)
 461:Drivers/CMSIS/Include/cmsis_gcc.h ****   \details Returns the current state of the non-secure priority mask bit from the Priority Mask Reg
 462:Drivers/CMSIS/Include/cmsis_gcc.h ****   \return               Priority Mask value
 463:Drivers/CMSIS/Include/cmsis_gcc.h ****  */
ARM GAS  /var/folders/98/ctz5mtps7w71v8dr53cf5qg40000gn/T//ccR9nXxY.s 			page 22


 464:Drivers/CMSIS/Include/cmsis_gcc.h **** __STATIC_FORCEINLINE uint32_t __TZ_get_PRIMASK_NS(void)
 465:Drivers/CMSIS/Include/cmsis_gcc.h **** {
 466:Drivers/CMSIS/Include/cmsis_gcc.h ****   uint32_t result;
 467:Drivers/CMSIS/Include/cmsis_gcc.h **** 
 468:Drivers/CMSIS/Include/cmsis_gcc.h ****   __ASM volatile ("MRS %0, primask_ns" : "=r" (result) :: "memory");
 469:Drivers/CMSIS/Include/cmsis_gcc.h ****   return(result);
 470:Drivers/CMSIS/Include/cmsis_gcc.h **** }
 471:Drivers/CMSIS/Include/cmsis_gcc.h **** #endif
 472:Drivers/CMSIS/Include/cmsis_gcc.h **** 
 473:Drivers/CMSIS/Include/cmsis_gcc.h **** 
 474:Drivers/CMSIS/Include/cmsis_gcc.h **** /**
 475:Drivers/CMSIS/Include/cmsis_gcc.h ****   \brief   Set Priority Mask
 476:Drivers/CMSIS/Include/cmsis_gcc.h ****   \details Assigns the given value to the Priority Mask Register.
 477:Drivers/CMSIS/Include/cmsis_gcc.h ****   \param [in]    priMask  Priority Mask
 478:Drivers/CMSIS/Include/cmsis_gcc.h ****  */
 479:Drivers/CMSIS/Include/cmsis_gcc.h **** __STATIC_FORCEINLINE void __set_PRIMASK(uint32_t priMask)
 480:Drivers/CMSIS/Include/cmsis_gcc.h **** {
 481:Drivers/CMSIS/Include/cmsis_gcc.h ****   __ASM volatile ("MSR primask, %0" : : "r" (priMask) : "memory");
 482:Drivers/CMSIS/Include/cmsis_gcc.h **** }
 483:Drivers/CMSIS/Include/cmsis_gcc.h **** 
 484:Drivers/CMSIS/Include/cmsis_gcc.h **** 
 485:Drivers/CMSIS/Include/cmsis_gcc.h **** #if (defined (__ARM_FEATURE_CMSE ) && (__ARM_FEATURE_CMSE == 3))
 486:Drivers/CMSIS/Include/cmsis_gcc.h **** /**
 487:Drivers/CMSIS/Include/cmsis_gcc.h ****   \brief   Set Priority Mask (non-secure)
 488:Drivers/CMSIS/Include/cmsis_gcc.h ****   \details Assigns the given value to the non-secure Priority Mask Register when in secure state.
 489:Drivers/CMSIS/Include/cmsis_gcc.h ****   \param [in]    priMask  Priority Mask
 490:Drivers/CMSIS/Include/cmsis_gcc.h ****  */
 491:Drivers/CMSIS/Include/cmsis_gcc.h **** __STATIC_FORCEINLINE void __TZ_set_PRIMASK_NS(uint32_t priMask)
 492:Drivers/CMSIS/Include/cmsis_gcc.h **** {
 493:Drivers/CMSIS/Include/cmsis_gcc.h ****   __ASM volatile ("MSR primask_ns, %0" : : "r" (priMask) : "memory");
 494:Drivers/CMSIS/Include/cmsis_gcc.h **** }
 495:Drivers/CMSIS/Include/cmsis_gcc.h **** #endif
 496:Drivers/CMSIS/Include/cmsis_gcc.h **** 
 497:Drivers/CMSIS/Include/cmsis_gcc.h **** 
 498:Drivers/CMSIS/Include/cmsis_gcc.h **** #if ((defined (__ARM_ARCH_7M__      ) && (__ARM_ARCH_7M__      == 1)) || \
 499:Drivers/CMSIS/Include/cmsis_gcc.h ****      (defined (__ARM_ARCH_7EM__     ) && (__ARM_ARCH_7EM__     == 1)) || \
 500:Drivers/CMSIS/Include/cmsis_gcc.h ****      (defined (__ARM_ARCH_8M_MAIN__ ) && (__ARM_ARCH_8M_MAIN__ == 1))    )
 501:Drivers/CMSIS/Include/cmsis_gcc.h **** /**
 502:Drivers/CMSIS/Include/cmsis_gcc.h ****   \brief   Enable FIQ
 503:Drivers/CMSIS/Include/cmsis_gcc.h ****   \details Enables FIQ interrupts by clearing the F-bit in the CPSR.
 504:Drivers/CMSIS/Include/cmsis_gcc.h ****            Can only be executed in Privileged modes.
 505:Drivers/CMSIS/Include/cmsis_gcc.h ****  */
 506:Drivers/CMSIS/Include/cmsis_gcc.h **** __STATIC_FORCEINLINE void __enable_fault_irq(void)
 507:Drivers/CMSIS/Include/cmsis_gcc.h **** {
 508:Drivers/CMSIS/Include/cmsis_gcc.h ****   __ASM volatile ("cpsie f" : : : "memory");
 509:Drivers/CMSIS/Include/cmsis_gcc.h **** }
 510:Drivers/CMSIS/Include/cmsis_gcc.h **** 
 511:Drivers/CMSIS/Include/cmsis_gcc.h **** 
 512:Drivers/CMSIS/Include/cmsis_gcc.h **** /**
 513:Drivers/CMSIS/Include/cmsis_gcc.h ****   \brief   Disable FIQ
 514:Drivers/CMSIS/Include/cmsis_gcc.h ****   \details Disables FIQ interrupts by setting the F-bit in the CPSR.
 515:Drivers/CMSIS/Include/cmsis_gcc.h ****            Can only be executed in Privileged modes.
 516:Drivers/CMSIS/Include/cmsis_gcc.h ****  */
 517:Drivers/CMSIS/Include/cmsis_gcc.h **** __STATIC_FORCEINLINE void __disable_fault_irq(void)
 518:Drivers/CMSIS/Include/cmsis_gcc.h **** {
 519:Drivers/CMSIS/Include/cmsis_gcc.h ****   __ASM volatile ("cpsid f" : : : "memory");
 520:Drivers/CMSIS/Include/cmsis_gcc.h **** }
ARM GAS  /var/folders/98/ctz5mtps7w71v8dr53cf5qg40000gn/T//ccR9nXxY.s 			page 23


 521:Drivers/CMSIS/Include/cmsis_gcc.h **** 
 522:Drivers/CMSIS/Include/cmsis_gcc.h **** 
 523:Drivers/CMSIS/Include/cmsis_gcc.h **** /**
 524:Drivers/CMSIS/Include/cmsis_gcc.h ****   \brief   Get Base Priority
 525:Drivers/CMSIS/Include/cmsis_gcc.h ****   \details Returns the current value of the Base Priority register.
 526:Drivers/CMSIS/Include/cmsis_gcc.h ****   \return               Base Priority register value
 527:Drivers/CMSIS/Include/cmsis_gcc.h ****  */
 528:Drivers/CMSIS/Include/cmsis_gcc.h **** __STATIC_FORCEINLINE uint32_t __get_BASEPRI(void)
 529:Drivers/CMSIS/Include/cmsis_gcc.h **** {
 530:Drivers/CMSIS/Include/cmsis_gcc.h ****   uint32_t result;
 531:Drivers/CMSIS/Include/cmsis_gcc.h **** 
 532:Drivers/CMSIS/Include/cmsis_gcc.h ****   __ASM volatile ("MRS %0, basepri" : "=r" (result) );
 533:Drivers/CMSIS/Include/cmsis_gcc.h ****   return(result);
 534:Drivers/CMSIS/Include/cmsis_gcc.h **** }
 535:Drivers/CMSIS/Include/cmsis_gcc.h **** 
 536:Drivers/CMSIS/Include/cmsis_gcc.h **** 
 537:Drivers/CMSIS/Include/cmsis_gcc.h **** #if (defined (__ARM_FEATURE_CMSE ) && (__ARM_FEATURE_CMSE == 3))
 538:Drivers/CMSIS/Include/cmsis_gcc.h **** /**
 539:Drivers/CMSIS/Include/cmsis_gcc.h ****   \brief   Get Base Priority (non-secure)
 540:Drivers/CMSIS/Include/cmsis_gcc.h ****   \details Returns the current value of the non-secure Base Priority register when in secure state.
 541:Drivers/CMSIS/Include/cmsis_gcc.h ****   \return               Base Priority register value
 542:Drivers/CMSIS/Include/cmsis_gcc.h ****  */
 543:Drivers/CMSIS/Include/cmsis_gcc.h **** __STATIC_FORCEINLINE uint32_t __TZ_get_BASEPRI_NS(void)
 544:Drivers/CMSIS/Include/cmsis_gcc.h **** {
 545:Drivers/CMSIS/Include/cmsis_gcc.h ****   uint32_t result;
 546:Drivers/CMSIS/Include/cmsis_gcc.h **** 
 547:Drivers/CMSIS/Include/cmsis_gcc.h ****   __ASM volatile ("MRS %0, basepri_ns" : "=r" (result) );
 548:Drivers/CMSIS/Include/cmsis_gcc.h ****   return(result);
 549:Drivers/CMSIS/Include/cmsis_gcc.h **** }
 550:Drivers/CMSIS/Include/cmsis_gcc.h **** #endif
 551:Drivers/CMSIS/Include/cmsis_gcc.h **** 
 552:Drivers/CMSIS/Include/cmsis_gcc.h **** 
 553:Drivers/CMSIS/Include/cmsis_gcc.h **** /**
 554:Drivers/CMSIS/Include/cmsis_gcc.h ****   \brief   Set Base Priority
 555:Drivers/CMSIS/Include/cmsis_gcc.h ****   \details Assigns the given value to the Base Priority register.
 556:Drivers/CMSIS/Include/cmsis_gcc.h ****   \param [in]    basePri  Base Priority value to set
 557:Drivers/CMSIS/Include/cmsis_gcc.h ****  */
 558:Drivers/CMSIS/Include/cmsis_gcc.h **** __STATIC_FORCEINLINE void __set_BASEPRI(uint32_t basePri)
 559:Drivers/CMSIS/Include/cmsis_gcc.h **** {
 560:Drivers/CMSIS/Include/cmsis_gcc.h ****   __ASM volatile ("MSR basepri, %0" : : "r" (basePri) : "memory");
 561:Drivers/CMSIS/Include/cmsis_gcc.h **** }
 562:Drivers/CMSIS/Include/cmsis_gcc.h **** 
 563:Drivers/CMSIS/Include/cmsis_gcc.h **** 
 564:Drivers/CMSIS/Include/cmsis_gcc.h **** #if (defined (__ARM_FEATURE_CMSE ) && (__ARM_FEATURE_CMSE == 3))
 565:Drivers/CMSIS/Include/cmsis_gcc.h **** /**
 566:Drivers/CMSIS/Include/cmsis_gcc.h ****   \brief   Set Base Priority (non-secure)
 567:Drivers/CMSIS/Include/cmsis_gcc.h ****   \details Assigns the given value to the non-secure Base Priority register when in secure state.
 568:Drivers/CMSIS/Include/cmsis_gcc.h ****   \param [in]    basePri  Base Priority value to set
 569:Drivers/CMSIS/Include/cmsis_gcc.h ****  */
 570:Drivers/CMSIS/Include/cmsis_gcc.h **** __STATIC_FORCEINLINE void __TZ_set_BASEPRI_NS(uint32_t basePri)
 571:Drivers/CMSIS/Include/cmsis_gcc.h **** {
 572:Drivers/CMSIS/Include/cmsis_gcc.h ****   __ASM volatile ("MSR basepri_ns, %0" : : "r" (basePri) : "memory");
 573:Drivers/CMSIS/Include/cmsis_gcc.h **** }
 574:Drivers/CMSIS/Include/cmsis_gcc.h **** #endif
 575:Drivers/CMSIS/Include/cmsis_gcc.h **** 
 576:Drivers/CMSIS/Include/cmsis_gcc.h **** 
 577:Drivers/CMSIS/Include/cmsis_gcc.h **** /**
ARM GAS  /var/folders/98/ctz5mtps7w71v8dr53cf5qg40000gn/T//ccR9nXxY.s 			page 24


 578:Drivers/CMSIS/Include/cmsis_gcc.h ****   \brief   Set Base Priority with condition
 579:Drivers/CMSIS/Include/cmsis_gcc.h ****   \details Assigns the given value to the Base Priority register only if BASEPRI masking is disable
 580:Drivers/CMSIS/Include/cmsis_gcc.h ****            or the new value increases the BASEPRI priority level.
 581:Drivers/CMSIS/Include/cmsis_gcc.h ****   \param [in]    basePri  Base Priority value to set
 582:Drivers/CMSIS/Include/cmsis_gcc.h ****  */
 583:Drivers/CMSIS/Include/cmsis_gcc.h **** __STATIC_FORCEINLINE void __set_BASEPRI_MAX(uint32_t basePri)
 584:Drivers/CMSIS/Include/cmsis_gcc.h **** {
 585:Drivers/CMSIS/Include/cmsis_gcc.h ****   __ASM volatile ("MSR basepri_max, %0" : : "r" (basePri) : "memory");
 586:Drivers/CMSIS/Include/cmsis_gcc.h **** }
 587:Drivers/CMSIS/Include/cmsis_gcc.h **** 
 588:Drivers/CMSIS/Include/cmsis_gcc.h **** 
 589:Drivers/CMSIS/Include/cmsis_gcc.h **** /**
 590:Drivers/CMSIS/Include/cmsis_gcc.h ****   \brief   Get Fault Mask
 591:Drivers/CMSIS/Include/cmsis_gcc.h ****   \details Returns the current value of the Fault Mask register.
 592:Drivers/CMSIS/Include/cmsis_gcc.h ****   \return               Fault Mask register value
 593:Drivers/CMSIS/Include/cmsis_gcc.h ****  */
 594:Drivers/CMSIS/Include/cmsis_gcc.h **** __STATIC_FORCEINLINE uint32_t __get_FAULTMASK(void)
 595:Drivers/CMSIS/Include/cmsis_gcc.h **** {
 596:Drivers/CMSIS/Include/cmsis_gcc.h ****   uint32_t result;
 597:Drivers/CMSIS/Include/cmsis_gcc.h **** 
 598:Drivers/CMSIS/Include/cmsis_gcc.h ****   __ASM volatile ("MRS %0, faultmask" : "=r" (result) );
 599:Drivers/CMSIS/Include/cmsis_gcc.h ****   return(result);
 600:Drivers/CMSIS/Include/cmsis_gcc.h **** }
 601:Drivers/CMSIS/Include/cmsis_gcc.h **** 
 602:Drivers/CMSIS/Include/cmsis_gcc.h **** 
 603:Drivers/CMSIS/Include/cmsis_gcc.h **** #if (defined (__ARM_FEATURE_CMSE ) && (__ARM_FEATURE_CMSE == 3))
 604:Drivers/CMSIS/Include/cmsis_gcc.h **** /**
 605:Drivers/CMSIS/Include/cmsis_gcc.h ****   \brief   Get Fault Mask (non-secure)
 606:Drivers/CMSIS/Include/cmsis_gcc.h ****   \details Returns the current value of the non-secure Fault Mask register when in secure state.
 607:Drivers/CMSIS/Include/cmsis_gcc.h ****   \return               Fault Mask register value
 608:Drivers/CMSIS/Include/cmsis_gcc.h ****  */
 609:Drivers/CMSIS/Include/cmsis_gcc.h **** __STATIC_FORCEINLINE uint32_t __TZ_get_FAULTMASK_NS(void)
 610:Drivers/CMSIS/Include/cmsis_gcc.h **** {
 611:Drivers/CMSIS/Include/cmsis_gcc.h ****   uint32_t result;
 612:Drivers/CMSIS/Include/cmsis_gcc.h **** 
 613:Drivers/CMSIS/Include/cmsis_gcc.h ****   __ASM volatile ("MRS %0, faultmask_ns" : "=r" (result) );
 614:Drivers/CMSIS/Include/cmsis_gcc.h ****   return(result);
 615:Drivers/CMSIS/Include/cmsis_gcc.h **** }
 616:Drivers/CMSIS/Include/cmsis_gcc.h **** #endif
 617:Drivers/CMSIS/Include/cmsis_gcc.h **** 
 618:Drivers/CMSIS/Include/cmsis_gcc.h **** 
 619:Drivers/CMSIS/Include/cmsis_gcc.h **** /**
 620:Drivers/CMSIS/Include/cmsis_gcc.h ****   \brief   Set Fault Mask
 621:Drivers/CMSIS/Include/cmsis_gcc.h ****   \details Assigns the given value to the Fault Mask register.
 622:Drivers/CMSIS/Include/cmsis_gcc.h ****   \param [in]    faultMask  Fault Mask value to set
 623:Drivers/CMSIS/Include/cmsis_gcc.h ****  */
 624:Drivers/CMSIS/Include/cmsis_gcc.h **** __STATIC_FORCEINLINE void __set_FAULTMASK(uint32_t faultMask)
 625:Drivers/CMSIS/Include/cmsis_gcc.h **** {
 626:Drivers/CMSIS/Include/cmsis_gcc.h ****   __ASM volatile ("MSR faultmask, %0" : : "r" (faultMask) : "memory");
 627:Drivers/CMSIS/Include/cmsis_gcc.h **** }
 628:Drivers/CMSIS/Include/cmsis_gcc.h **** 
 629:Drivers/CMSIS/Include/cmsis_gcc.h **** 
 630:Drivers/CMSIS/Include/cmsis_gcc.h **** #if (defined (__ARM_FEATURE_CMSE ) && (__ARM_FEATURE_CMSE == 3))
 631:Drivers/CMSIS/Include/cmsis_gcc.h **** /**
 632:Drivers/CMSIS/Include/cmsis_gcc.h ****   \brief   Set Fault Mask (non-secure)
 633:Drivers/CMSIS/Include/cmsis_gcc.h ****   \details Assigns the given value to the non-secure Fault Mask register when in secure state.
 634:Drivers/CMSIS/Include/cmsis_gcc.h ****   \param [in]    faultMask  Fault Mask value to set
ARM GAS  /var/folders/98/ctz5mtps7w71v8dr53cf5qg40000gn/T//ccR9nXxY.s 			page 25


 635:Drivers/CMSIS/Include/cmsis_gcc.h ****  */
 636:Drivers/CMSIS/Include/cmsis_gcc.h **** __STATIC_FORCEINLINE void __TZ_set_FAULTMASK_NS(uint32_t faultMask)
 637:Drivers/CMSIS/Include/cmsis_gcc.h **** {
 638:Drivers/CMSIS/Include/cmsis_gcc.h ****   __ASM volatile ("MSR faultmask_ns, %0" : : "r" (faultMask) : "memory");
 639:Drivers/CMSIS/Include/cmsis_gcc.h **** }
 640:Drivers/CMSIS/Include/cmsis_gcc.h **** #endif
 641:Drivers/CMSIS/Include/cmsis_gcc.h **** 
 642:Drivers/CMSIS/Include/cmsis_gcc.h **** #endif /* ((defined (__ARM_ARCH_7M__      ) && (__ARM_ARCH_7M__      == 1)) || \
 643:Drivers/CMSIS/Include/cmsis_gcc.h ****            (defined (__ARM_ARCH_7EM__     ) && (__ARM_ARCH_7EM__     == 1)) || \
 644:Drivers/CMSIS/Include/cmsis_gcc.h ****            (defined (__ARM_ARCH_8M_MAIN__ ) && (__ARM_ARCH_8M_MAIN__ == 1))    ) */
 645:Drivers/CMSIS/Include/cmsis_gcc.h **** 
 646:Drivers/CMSIS/Include/cmsis_gcc.h **** 
 647:Drivers/CMSIS/Include/cmsis_gcc.h **** #if ((defined (__ARM_ARCH_8M_MAIN__ ) && (__ARM_ARCH_8M_MAIN__ == 1)) || \
 648:Drivers/CMSIS/Include/cmsis_gcc.h ****      (defined (__ARM_ARCH_8M_BASE__ ) && (__ARM_ARCH_8M_BASE__ == 1))    )
 649:Drivers/CMSIS/Include/cmsis_gcc.h **** 
 650:Drivers/CMSIS/Include/cmsis_gcc.h **** /**
 651:Drivers/CMSIS/Include/cmsis_gcc.h ****   \brief   Get Process Stack Pointer Limit
 652:Drivers/CMSIS/Include/cmsis_gcc.h ****   Devices without ARMv8-M Main Extensions (i.e. Cortex-M23) lack the non-secure
 653:Drivers/CMSIS/Include/cmsis_gcc.h ****   Stack Pointer Limit register hence zero is returned always in non-secure
 654:Drivers/CMSIS/Include/cmsis_gcc.h ****   mode.
 655:Drivers/CMSIS/Include/cmsis_gcc.h ****   
 656:Drivers/CMSIS/Include/cmsis_gcc.h ****   \details Returns the current value of the Process Stack Pointer Limit (PSPLIM).
 657:Drivers/CMSIS/Include/cmsis_gcc.h ****   \return               PSPLIM Register value
 658:Drivers/CMSIS/Include/cmsis_gcc.h ****  */
 659:Drivers/CMSIS/Include/cmsis_gcc.h **** __STATIC_FORCEINLINE uint32_t __get_PSPLIM(void)
 660:Drivers/CMSIS/Include/cmsis_gcc.h **** {
 661:Drivers/CMSIS/Include/cmsis_gcc.h **** #if (!(defined (__ARM_ARCH_8M_MAIN__ ) && (__ARM_ARCH_8M_MAIN__ == 1)) && \
 662:Drivers/CMSIS/Include/cmsis_gcc.h ****     (!defined (__ARM_FEATURE_CMSE) || (__ARM_FEATURE_CMSE < 3)))
 663:Drivers/CMSIS/Include/cmsis_gcc.h ****     // without main extensions, the non-secure PSPLIM is RAZ/WI
 664:Drivers/CMSIS/Include/cmsis_gcc.h ****   return 0U;
 665:Drivers/CMSIS/Include/cmsis_gcc.h **** #else
 666:Drivers/CMSIS/Include/cmsis_gcc.h ****   uint32_t result;
 667:Drivers/CMSIS/Include/cmsis_gcc.h ****   __ASM volatile ("MRS %0, psplim"  : "=r" (result) );
 668:Drivers/CMSIS/Include/cmsis_gcc.h ****   return result;
 669:Drivers/CMSIS/Include/cmsis_gcc.h **** #endif
 670:Drivers/CMSIS/Include/cmsis_gcc.h **** }
 671:Drivers/CMSIS/Include/cmsis_gcc.h **** 
 672:Drivers/CMSIS/Include/cmsis_gcc.h **** #if (defined (__ARM_FEATURE_CMSE) && (__ARM_FEATURE_CMSE == 3))
 673:Drivers/CMSIS/Include/cmsis_gcc.h **** /**
 674:Drivers/CMSIS/Include/cmsis_gcc.h ****   \brief   Get Process Stack Pointer Limit (non-secure)
 675:Drivers/CMSIS/Include/cmsis_gcc.h ****   Devices without ARMv8-M Main Extensions (i.e. Cortex-M23) lack the non-secure
 676:Drivers/CMSIS/Include/cmsis_gcc.h ****   Stack Pointer Limit register hence zero is returned always.
 677:Drivers/CMSIS/Include/cmsis_gcc.h **** 
 678:Drivers/CMSIS/Include/cmsis_gcc.h ****   \details Returns the current value of the non-secure Process Stack Pointer Limit (PSPLIM) when in
 679:Drivers/CMSIS/Include/cmsis_gcc.h ****   \return               PSPLIM Register value
 680:Drivers/CMSIS/Include/cmsis_gcc.h ****  */
 681:Drivers/CMSIS/Include/cmsis_gcc.h **** __STATIC_FORCEINLINE uint32_t __TZ_get_PSPLIM_NS(void)
 682:Drivers/CMSIS/Include/cmsis_gcc.h **** {
 683:Drivers/CMSIS/Include/cmsis_gcc.h **** #if (!(defined (__ARM_ARCH_8M_MAIN__ ) && (__ARM_ARCH_8M_MAIN__ == 1)))
 684:Drivers/CMSIS/Include/cmsis_gcc.h ****   // without main extensions, the non-secure PSPLIM is RAZ/WI
 685:Drivers/CMSIS/Include/cmsis_gcc.h ****   return 0U;
 686:Drivers/CMSIS/Include/cmsis_gcc.h **** #else
 687:Drivers/CMSIS/Include/cmsis_gcc.h ****   uint32_t result;
 688:Drivers/CMSIS/Include/cmsis_gcc.h ****   __ASM volatile ("MRS %0, psplim_ns"  : "=r" (result) );
 689:Drivers/CMSIS/Include/cmsis_gcc.h ****   return result;
 690:Drivers/CMSIS/Include/cmsis_gcc.h **** #endif
 691:Drivers/CMSIS/Include/cmsis_gcc.h **** }
ARM GAS  /var/folders/98/ctz5mtps7w71v8dr53cf5qg40000gn/T//ccR9nXxY.s 			page 26


 692:Drivers/CMSIS/Include/cmsis_gcc.h **** #endif
 693:Drivers/CMSIS/Include/cmsis_gcc.h **** 
 694:Drivers/CMSIS/Include/cmsis_gcc.h **** 
 695:Drivers/CMSIS/Include/cmsis_gcc.h **** /**
 696:Drivers/CMSIS/Include/cmsis_gcc.h ****   \brief   Set Process Stack Pointer Limit
 697:Drivers/CMSIS/Include/cmsis_gcc.h ****   Devices without ARMv8-M Main Extensions (i.e. Cortex-M23) lack the non-secure
 698:Drivers/CMSIS/Include/cmsis_gcc.h ****   Stack Pointer Limit register hence the write is silently ignored in non-secure
 699:Drivers/CMSIS/Include/cmsis_gcc.h ****   mode.
 700:Drivers/CMSIS/Include/cmsis_gcc.h ****   
 701:Drivers/CMSIS/Include/cmsis_gcc.h ****   \details Assigns the given value to the Process Stack Pointer Limit (PSPLIM).
 702:Drivers/CMSIS/Include/cmsis_gcc.h ****   \param [in]    ProcStackPtrLimit  Process Stack Pointer Limit value to set
 703:Drivers/CMSIS/Include/cmsis_gcc.h ****  */
 704:Drivers/CMSIS/Include/cmsis_gcc.h **** __STATIC_FORCEINLINE void __set_PSPLIM(uint32_t ProcStackPtrLimit)
 705:Drivers/CMSIS/Include/cmsis_gcc.h **** {
 706:Drivers/CMSIS/Include/cmsis_gcc.h **** #if (!(defined (__ARM_ARCH_8M_MAIN__ ) && (__ARM_ARCH_8M_MAIN__ == 1)) && \
 707:Drivers/CMSIS/Include/cmsis_gcc.h ****     (!defined (__ARM_FEATURE_CMSE) || (__ARM_FEATURE_CMSE < 3)))
 708:Drivers/CMSIS/Include/cmsis_gcc.h ****   // without main extensions, the non-secure PSPLIM is RAZ/WI
 709:Drivers/CMSIS/Include/cmsis_gcc.h ****   (void)ProcStackPtrLimit;
 710:Drivers/CMSIS/Include/cmsis_gcc.h **** #else
 711:Drivers/CMSIS/Include/cmsis_gcc.h ****   __ASM volatile ("MSR psplim, %0" : : "r" (ProcStackPtrLimit));
 712:Drivers/CMSIS/Include/cmsis_gcc.h **** #endif
 713:Drivers/CMSIS/Include/cmsis_gcc.h **** }
 714:Drivers/CMSIS/Include/cmsis_gcc.h **** 
 715:Drivers/CMSIS/Include/cmsis_gcc.h **** 
 716:Drivers/CMSIS/Include/cmsis_gcc.h **** #if (defined (__ARM_FEATURE_CMSE  ) && (__ARM_FEATURE_CMSE   == 3))
 717:Drivers/CMSIS/Include/cmsis_gcc.h **** /**
 718:Drivers/CMSIS/Include/cmsis_gcc.h ****   \brief   Set Process Stack Pointer (non-secure)
 719:Drivers/CMSIS/Include/cmsis_gcc.h ****   Devices without ARMv8-M Main Extensions (i.e. Cortex-M23) lack the non-secure
 720:Drivers/CMSIS/Include/cmsis_gcc.h ****   Stack Pointer Limit register hence the write is silently ignored.
 721:Drivers/CMSIS/Include/cmsis_gcc.h **** 
 722:Drivers/CMSIS/Include/cmsis_gcc.h ****   \details Assigns the given value to the non-secure Process Stack Pointer Limit (PSPLIM) when in s
 723:Drivers/CMSIS/Include/cmsis_gcc.h ****   \param [in]    ProcStackPtrLimit  Process Stack Pointer Limit value to set
 724:Drivers/CMSIS/Include/cmsis_gcc.h ****  */
 725:Drivers/CMSIS/Include/cmsis_gcc.h **** __STATIC_FORCEINLINE void __TZ_set_PSPLIM_NS(uint32_t ProcStackPtrLimit)
 726:Drivers/CMSIS/Include/cmsis_gcc.h **** {
 727:Drivers/CMSIS/Include/cmsis_gcc.h **** #if (!(defined (__ARM_ARCH_8M_MAIN__ ) && (__ARM_ARCH_8M_MAIN__ == 1)))
 728:Drivers/CMSIS/Include/cmsis_gcc.h ****   // without main extensions, the non-secure PSPLIM is RAZ/WI
 729:Drivers/CMSIS/Include/cmsis_gcc.h ****   (void)ProcStackPtrLimit;
 730:Drivers/CMSIS/Include/cmsis_gcc.h **** #else
 731:Drivers/CMSIS/Include/cmsis_gcc.h ****   __ASM volatile ("MSR psplim_ns, %0\n" : : "r" (ProcStackPtrLimit));
 732:Drivers/CMSIS/Include/cmsis_gcc.h **** #endif
 733:Drivers/CMSIS/Include/cmsis_gcc.h **** }
 734:Drivers/CMSIS/Include/cmsis_gcc.h **** #endif
 735:Drivers/CMSIS/Include/cmsis_gcc.h **** 
 736:Drivers/CMSIS/Include/cmsis_gcc.h **** 
 737:Drivers/CMSIS/Include/cmsis_gcc.h **** /**
 738:Drivers/CMSIS/Include/cmsis_gcc.h ****   \brief   Get Main Stack Pointer Limit
 739:Drivers/CMSIS/Include/cmsis_gcc.h ****   Devices without ARMv8-M Main Extensions (i.e. Cortex-M23) lack the non-secure
 740:Drivers/CMSIS/Include/cmsis_gcc.h ****   Stack Pointer Limit register hence zero is returned always in non-secure
 741:Drivers/CMSIS/Include/cmsis_gcc.h ****   mode.
 742:Drivers/CMSIS/Include/cmsis_gcc.h **** 
 743:Drivers/CMSIS/Include/cmsis_gcc.h ****   \details Returns the current value of the Main Stack Pointer Limit (MSPLIM).
 744:Drivers/CMSIS/Include/cmsis_gcc.h ****   \return               MSPLIM Register value
 745:Drivers/CMSIS/Include/cmsis_gcc.h ****  */
 746:Drivers/CMSIS/Include/cmsis_gcc.h **** __STATIC_FORCEINLINE uint32_t __get_MSPLIM(void)
 747:Drivers/CMSIS/Include/cmsis_gcc.h **** {
 748:Drivers/CMSIS/Include/cmsis_gcc.h **** #if (!(defined (__ARM_ARCH_8M_MAIN__ ) && (__ARM_ARCH_8M_MAIN__ == 1)) && \
ARM GAS  /var/folders/98/ctz5mtps7w71v8dr53cf5qg40000gn/T//ccR9nXxY.s 			page 27


 749:Drivers/CMSIS/Include/cmsis_gcc.h ****     (!defined (__ARM_FEATURE_CMSE) || (__ARM_FEATURE_CMSE < 3)))
 750:Drivers/CMSIS/Include/cmsis_gcc.h ****   // without main extensions, the non-secure MSPLIM is RAZ/WI
 751:Drivers/CMSIS/Include/cmsis_gcc.h ****   return 0U;
 752:Drivers/CMSIS/Include/cmsis_gcc.h **** #else
 753:Drivers/CMSIS/Include/cmsis_gcc.h ****   uint32_t result;
 754:Drivers/CMSIS/Include/cmsis_gcc.h ****   __ASM volatile ("MRS %0, msplim" : "=r" (result) );
 755:Drivers/CMSIS/Include/cmsis_gcc.h ****   return result;
 756:Drivers/CMSIS/Include/cmsis_gcc.h **** #endif
 757:Drivers/CMSIS/Include/cmsis_gcc.h **** }
 758:Drivers/CMSIS/Include/cmsis_gcc.h **** 
 759:Drivers/CMSIS/Include/cmsis_gcc.h **** 
 760:Drivers/CMSIS/Include/cmsis_gcc.h **** #if (defined (__ARM_FEATURE_CMSE  ) && (__ARM_FEATURE_CMSE   == 3))
 761:Drivers/CMSIS/Include/cmsis_gcc.h **** /**
 762:Drivers/CMSIS/Include/cmsis_gcc.h ****   \brief   Get Main Stack Pointer Limit (non-secure)
 763:Drivers/CMSIS/Include/cmsis_gcc.h ****   Devices without ARMv8-M Main Extensions (i.e. Cortex-M23) lack the non-secure
 764:Drivers/CMSIS/Include/cmsis_gcc.h ****   Stack Pointer Limit register hence zero is returned always.
 765:Drivers/CMSIS/Include/cmsis_gcc.h **** 
 766:Drivers/CMSIS/Include/cmsis_gcc.h ****   \details Returns the current value of the non-secure Main Stack Pointer Limit(MSPLIM) when in sec
 767:Drivers/CMSIS/Include/cmsis_gcc.h ****   \return               MSPLIM Register value
 768:Drivers/CMSIS/Include/cmsis_gcc.h ****  */
 769:Drivers/CMSIS/Include/cmsis_gcc.h **** __STATIC_FORCEINLINE uint32_t __TZ_get_MSPLIM_NS(void)
 770:Drivers/CMSIS/Include/cmsis_gcc.h **** {
 771:Drivers/CMSIS/Include/cmsis_gcc.h **** #if (!(defined (__ARM_ARCH_8M_MAIN__ ) && (__ARM_ARCH_8M_MAIN__ == 1)))
 772:Drivers/CMSIS/Include/cmsis_gcc.h ****   // without main extensions, the non-secure MSPLIM is RAZ/WI
 773:Drivers/CMSIS/Include/cmsis_gcc.h ****   return 0U;
 774:Drivers/CMSIS/Include/cmsis_gcc.h **** #else
 775:Drivers/CMSIS/Include/cmsis_gcc.h ****   uint32_t result;
 776:Drivers/CMSIS/Include/cmsis_gcc.h ****   __ASM volatile ("MRS %0, msplim_ns" : "=r" (result) );
 777:Drivers/CMSIS/Include/cmsis_gcc.h ****   return result;
 778:Drivers/CMSIS/Include/cmsis_gcc.h **** #endif
 779:Drivers/CMSIS/Include/cmsis_gcc.h **** }
 780:Drivers/CMSIS/Include/cmsis_gcc.h **** #endif
 781:Drivers/CMSIS/Include/cmsis_gcc.h **** 
 782:Drivers/CMSIS/Include/cmsis_gcc.h **** 
 783:Drivers/CMSIS/Include/cmsis_gcc.h **** /**
 784:Drivers/CMSIS/Include/cmsis_gcc.h ****   \brief   Set Main Stack Pointer Limit
 785:Drivers/CMSIS/Include/cmsis_gcc.h ****   Devices without ARMv8-M Main Extensions (i.e. Cortex-M23) lack the non-secure
 786:Drivers/CMSIS/Include/cmsis_gcc.h ****   Stack Pointer Limit register hence the write is silently ignored in non-secure
 787:Drivers/CMSIS/Include/cmsis_gcc.h ****   mode.
 788:Drivers/CMSIS/Include/cmsis_gcc.h **** 
 789:Drivers/CMSIS/Include/cmsis_gcc.h ****   \details Assigns the given value to the Main Stack Pointer Limit (MSPLIM).
 790:Drivers/CMSIS/Include/cmsis_gcc.h ****   \param [in]    MainStackPtrLimit  Main Stack Pointer Limit value to set
 791:Drivers/CMSIS/Include/cmsis_gcc.h ****  */
 792:Drivers/CMSIS/Include/cmsis_gcc.h **** __STATIC_FORCEINLINE void __set_MSPLIM(uint32_t MainStackPtrLimit)
 793:Drivers/CMSIS/Include/cmsis_gcc.h **** {
 794:Drivers/CMSIS/Include/cmsis_gcc.h **** #if (!(defined (__ARM_ARCH_8M_MAIN__ ) && (__ARM_ARCH_8M_MAIN__ == 1)) && \
 795:Drivers/CMSIS/Include/cmsis_gcc.h ****     (!defined (__ARM_FEATURE_CMSE) || (__ARM_FEATURE_CMSE < 3)))
 796:Drivers/CMSIS/Include/cmsis_gcc.h ****   // without main extensions, the non-secure MSPLIM is RAZ/WI
 797:Drivers/CMSIS/Include/cmsis_gcc.h ****   (void)MainStackPtrLimit;
 798:Drivers/CMSIS/Include/cmsis_gcc.h **** #else
 799:Drivers/CMSIS/Include/cmsis_gcc.h ****   __ASM volatile ("MSR msplim, %0" : : "r" (MainStackPtrLimit));
 800:Drivers/CMSIS/Include/cmsis_gcc.h **** #endif
 801:Drivers/CMSIS/Include/cmsis_gcc.h **** }
 802:Drivers/CMSIS/Include/cmsis_gcc.h **** 
 803:Drivers/CMSIS/Include/cmsis_gcc.h **** 
 804:Drivers/CMSIS/Include/cmsis_gcc.h **** #if (defined (__ARM_FEATURE_CMSE  ) && (__ARM_FEATURE_CMSE   == 3))
 805:Drivers/CMSIS/Include/cmsis_gcc.h **** /**
ARM GAS  /var/folders/98/ctz5mtps7w71v8dr53cf5qg40000gn/T//ccR9nXxY.s 			page 28


 806:Drivers/CMSIS/Include/cmsis_gcc.h ****   \brief   Set Main Stack Pointer Limit (non-secure)
 807:Drivers/CMSIS/Include/cmsis_gcc.h ****   Devices without ARMv8-M Main Extensions (i.e. Cortex-M23) lack the non-secure
 808:Drivers/CMSIS/Include/cmsis_gcc.h ****   Stack Pointer Limit register hence the write is silently ignored.
 809:Drivers/CMSIS/Include/cmsis_gcc.h **** 
 810:Drivers/CMSIS/Include/cmsis_gcc.h ****   \details Assigns the given value to the non-secure Main Stack Pointer Limit (MSPLIM) when in secu
 811:Drivers/CMSIS/Include/cmsis_gcc.h ****   \param [in]    MainStackPtrLimit  Main Stack Pointer value to set
 812:Drivers/CMSIS/Include/cmsis_gcc.h ****  */
 813:Drivers/CMSIS/Include/cmsis_gcc.h **** __STATIC_FORCEINLINE void __TZ_set_MSPLIM_NS(uint32_t MainStackPtrLimit)
 814:Drivers/CMSIS/Include/cmsis_gcc.h **** {
 815:Drivers/CMSIS/Include/cmsis_gcc.h **** #if (!(defined (__ARM_ARCH_8M_MAIN__ ) && (__ARM_ARCH_8M_MAIN__ == 1)))
 816:Drivers/CMSIS/Include/cmsis_gcc.h ****   // without main extensions, the non-secure MSPLIM is RAZ/WI
 817:Drivers/CMSIS/Include/cmsis_gcc.h ****   (void)MainStackPtrLimit;
 818:Drivers/CMSIS/Include/cmsis_gcc.h **** #else
 819:Drivers/CMSIS/Include/cmsis_gcc.h ****   __ASM volatile ("MSR msplim_ns, %0" : : "r" (MainStackPtrLimit));
 820:Drivers/CMSIS/Include/cmsis_gcc.h **** #endif
 821:Drivers/CMSIS/Include/cmsis_gcc.h **** }
 822:Drivers/CMSIS/Include/cmsis_gcc.h **** #endif
 823:Drivers/CMSIS/Include/cmsis_gcc.h **** 
 824:Drivers/CMSIS/Include/cmsis_gcc.h **** #endif /* ((defined (__ARM_ARCH_8M_MAIN__ ) && (__ARM_ARCH_8M_MAIN__ == 1)) || \
 825:Drivers/CMSIS/Include/cmsis_gcc.h ****            (defined (__ARM_ARCH_8M_BASE__ ) && (__ARM_ARCH_8M_BASE__ == 1))    ) */
 826:Drivers/CMSIS/Include/cmsis_gcc.h **** 
 827:Drivers/CMSIS/Include/cmsis_gcc.h **** 
 828:Drivers/CMSIS/Include/cmsis_gcc.h **** /**
 829:Drivers/CMSIS/Include/cmsis_gcc.h ****   \brief   Get FPSCR
 830:Drivers/CMSIS/Include/cmsis_gcc.h ****   \details Returns the current value of the Floating Point Status/Control register.
 831:Drivers/CMSIS/Include/cmsis_gcc.h ****   \return               Floating Point Status/Control register value
 832:Drivers/CMSIS/Include/cmsis_gcc.h ****  */
 833:Drivers/CMSIS/Include/cmsis_gcc.h **** __STATIC_FORCEINLINE uint32_t __get_FPSCR(void)
 834:Drivers/CMSIS/Include/cmsis_gcc.h **** {
 835:Drivers/CMSIS/Include/cmsis_gcc.h **** #if ((defined (__FPU_PRESENT) && (__FPU_PRESENT == 1U)) && \
 836:Drivers/CMSIS/Include/cmsis_gcc.h ****      (defined (__FPU_USED   ) && (__FPU_USED    == 1U))     )
 837:Drivers/CMSIS/Include/cmsis_gcc.h **** #if __has_builtin(__builtin_arm_get_fpscr) 
 838:Drivers/CMSIS/Include/cmsis_gcc.h **** // Re-enable using built-in when GCC has been fixed
 839:Drivers/CMSIS/Include/cmsis_gcc.h **** // || (__GNUC__ > 7) || (__GNUC__ == 7 && __GNUC_MINOR__ >= 2)
 840:Drivers/CMSIS/Include/cmsis_gcc.h ****   /* see https://gcc.gnu.org/ml/gcc-patches/2017-04/msg00443.html */
 841:Drivers/CMSIS/Include/cmsis_gcc.h ****   return __builtin_arm_get_fpscr();
 842:Drivers/CMSIS/Include/cmsis_gcc.h **** #else
 843:Drivers/CMSIS/Include/cmsis_gcc.h ****   uint32_t result;
 844:Drivers/CMSIS/Include/cmsis_gcc.h **** 
 845:Drivers/CMSIS/Include/cmsis_gcc.h ****   __ASM volatile ("VMRS %0, fpscr" : "=r" (result) );
 846:Drivers/CMSIS/Include/cmsis_gcc.h ****   return(result);
 847:Drivers/CMSIS/Include/cmsis_gcc.h **** #endif
 848:Drivers/CMSIS/Include/cmsis_gcc.h **** #else
 849:Drivers/CMSIS/Include/cmsis_gcc.h ****   return(0U);
 850:Drivers/CMSIS/Include/cmsis_gcc.h **** #endif
 851:Drivers/CMSIS/Include/cmsis_gcc.h **** }
 852:Drivers/CMSIS/Include/cmsis_gcc.h **** 
 853:Drivers/CMSIS/Include/cmsis_gcc.h **** 
 854:Drivers/CMSIS/Include/cmsis_gcc.h **** /**
 855:Drivers/CMSIS/Include/cmsis_gcc.h ****   \brief   Set FPSCR
 856:Drivers/CMSIS/Include/cmsis_gcc.h ****   \details Assigns the given value to the Floating Point Status/Control register.
 857:Drivers/CMSIS/Include/cmsis_gcc.h ****   \param [in]    fpscr  Floating Point Status/Control value to set
 858:Drivers/CMSIS/Include/cmsis_gcc.h ****  */
 859:Drivers/CMSIS/Include/cmsis_gcc.h **** __STATIC_FORCEINLINE void __set_FPSCR(uint32_t fpscr)
 860:Drivers/CMSIS/Include/cmsis_gcc.h **** {
 861:Drivers/CMSIS/Include/cmsis_gcc.h **** #if ((defined (__FPU_PRESENT) && (__FPU_PRESENT == 1U)) && \
 862:Drivers/CMSIS/Include/cmsis_gcc.h ****      (defined (__FPU_USED   ) && (__FPU_USED    == 1U))     )
ARM GAS  /var/folders/98/ctz5mtps7w71v8dr53cf5qg40000gn/T//ccR9nXxY.s 			page 29


 863:Drivers/CMSIS/Include/cmsis_gcc.h **** #if __has_builtin(__builtin_arm_set_fpscr)
 864:Drivers/CMSIS/Include/cmsis_gcc.h **** // Re-enable using built-in when GCC has been fixed
 865:Drivers/CMSIS/Include/cmsis_gcc.h **** // || (__GNUC__ > 7) || (__GNUC__ == 7 && __GNUC_MINOR__ >= 2)
 866:Drivers/CMSIS/Include/cmsis_gcc.h ****   /* see https://gcc.gnu.org/ml/gcc-patches/2017-04/msg00443.html */
 867:Drivers/CMSIS/Include/cmsis_gcc.h ****   __builtin_arm_set_fpscr(fpscr);
 868:Drivers/CMSIS/Include/cmsis_gcc.h **** #else
 869:Drivers/CMSIS/Include/cmsis_gcc.h ****   __ASM volatile ("VMSR fpscr, %0" : : "r" (fpscr) : "vfpcc", "memory");
 870:Drivers/CMSIS/Include/cmsis_gcc.h **** #endif
 871:Drivers/CMSIS/Include/cmsis_gcc.h **** #else
 872:Drivers/CMSIS/Include/cmsis_gcc.h ****   (void)fpscr;
 873:Drivers/CMSIS/Include/cmsis_gcc.h **** #endif
 874:Drivers/CMSIS/Include/cmsis_gcc.h **** }
 875:Drivers/CMSIS/Include/cmsis_gcc.h **** 
 876:Drivers/CMSIS/Include/cmsis_gcc.h **** 
 877:Drivers/CMSIS/Include/cmsis_gcc.h **** /*@} end of CMSIS_Core_RegAccFunctions */
 878:Drivers/CMSIS/Include/cmsis_gcc.h **** 
 879:Drivers/CMSIS/Include/cmsis_gcc.h **** 
 880:Drivers/CMSIS/Include/cmsis_gcc.h **** /* ##########################  Core Instruction Access  ######################### */
 881:Drivers/CMSIS/Include/cmsis_gcc.h **** /** \defgroup CMSIS_Core_InstructionInterface CMSIS Core Instruction Interface
 882:Drivers/CMSIS/Include/cmsis_gcc.h ****   Access to dedicated instructions
 883:Drivers/CMSIS/Include/cmsis_gcc.h ****   @{
 884:Drivers/CMSIS/Include/cmsis_gcc.h **** */
 885:Drivers/CMSIS/Include/cmsis_gcc.h **** 
 886:Drivers/CMSIS/Include/cmsis_gcc.h **** /* Define macros for porting to both thumb1 and thumb2.
 887:Drivers/CMSIS/Include/cmsis_gcc.h ****  * For thumb1, use low register (r0-r7), specified by constraint "l"
 888:Drivers/CMSIS/Include/cmsis_gcc.h ****  * Otherwise, use general registers, specified by constraint "r" */
 889:Drivers/CMSIS/Include/cmsis_gcc.h **** #if defined (__thumb__) && !defined (__thumb2__)
 890:Drivers/CMSIS/Include/cmsis_gcc.h **** #define __CMSIS_GCC_OUT_REG(r) "=l" (r)
 891:Drivers/CMSIS/Include/cmsis_gcc.h **** #define __CMSIS_GCC_RW_REG(r) "+l" (r)
 892:Drivers/CMSIS/Include/cmsis_gcc.h **** #define __CMSIS_GCC_USE_REG(r) "l" (r)
 893:Drivers/CMSIS/Include/cmsis_gcc.h **** #else
 894:Drivers/CMSIS/Include/cmsis_gcc.h **** #define __CMSIS_GCC_OUT_REG(r) "=r" (r)
 895:Drivers/CMSIS/Include/cmsis_gcc.h **** #define __CMSIS_GCC_RW_REG(r) "+r" (r)
 896:Drivers/CMSIS/Include/cmsis_gcc.h **** #define __CMSIS_GCC_USE_REG(r) "r" (r)
 897:Drivers/CMSIS/Include/cmsis_gcc.h **** #endif
 898:Drivers/CMSIS/Include/cmsis_gcc.h **** 
 899:Drivers/CMSIS/Include/cmsis_gcc.h **** /**
 900:Drivers/CMSIS/Include/cmsis_gcc.h ****   \brief   No Operation
 901:Drivers/CMSIS/Include/cmsis_gcc.h ****   \details No Operation does nothing. This instruction can be used for code alignment purposes.
 902:Drivers/CMSIS/Include/cmsis_gcc.h ****  */
 903:Drivers/CMSIS/Include/cmsis_gcc.h **** #define __NOP()                             __ASM volatile ("nop")
 904:Drivers/CMSIS/Include/cmsis_gcc.h **** 
 905:Drivers/CMSIS/Include/cmsis_gcc.h **** /**
 906:Drivers/CMSIS/Include/cmsis_gcc.h ****   \brief   Wait For Interrupt
 907:Drivers/CMSIS/Include/cmsis_gcc.h ****   \details Wait For Interrupt is a hint instruction that suspends execution until one of a number o
 908:Drivers/CMSIS/Include/cmsis_gcc.h ****  */
 909:Drivers/CMSIS/Include/cmsis_gcc.h **** #define __WFI()                             __ASM volatile ("wfi")
 910:Drivers/CMSIS/Include/cmsis_gcc.h **** 
 911:Drivers/CMSIS/Include/cmsis_gcc.h **** 
 912:Drivers/CMSIS/Include/cmsis_gcc.h **** /**
 913:Drivers/CMSIS/Include/cmsis_gcc.h ****   \brief   Wait For Event
 914:Drivers/CMSIS/Include/cmsis_gcc.h ****   \details Wait For Event is a hint instruction that permits the processor to enter
 915:Drivers/CMSIS/Include/cmsis_gcc.h ****            a low-power state until one of a number of events occurs.
 916:Drivers/CMSIS/Include/cmsis_gcc.h ****  */
 917:Drivers/CMSIS/Include/cmsis_gcc.h **** #define __WFE()                             __ASM volatile ("wfe")
 918:Drivers/CMSIS/Include/cmsis_gcc.h **** 
 919:Drivers/CMSIS/Include/cmsis_gcc.h **** 
ARM GAS  /var/folders/98/ctz5mtps7w71v8dr53cf5qg40000gn/T//ccR9nXxY.s 			page 30


 920:Drivers/CMSIS/Include/cmsis_gcc.h **** /**
 921:Drivers/CMSIS/Include/cmsis_gcc.h ****   \brief   Send Event
 922:Drivers/CMSIS/Include/cmsis_gcc.h ****   \details Send Event is a hint instruction. It causes an event to be signaled to the CPU.
 923:Drivers/CMSIS/Include/cmsis_gcc.h ****  */
 924:Drivers/CMSIS/Include/cmsis_gcc.h **** #define __SEV()                             __ASM volatile ("sev")
 925:Drivers/CMSIS/Include/cmsis_gcc.h **** 
 926:Drivers/CMSIS/Include/cmsis_gcc.h **** 
 927:Drivers/CMSIS/Include/cmsis_gcc.h **** /**
 928:Drivers/CMSIS/Include/cmsis_gcc.h ****   \brief   Instruction Synchronization Barrier
 929:Drivers/CMSIS/Include/cmsis_gcc.h ****   \details Instruction Synchronization Barrier flushes the pipeline in the processor,
 930:Drivers/CMSIS/Include/cmsis_gcc.h ****            so that all instructions following the ISB are fetched from cache or memory,
 931:Drivers/CMSIS/Include/cmsis_gcc.h ****            after the instruction has been completed.
 932:Drivers/CMSIS/Include/cmsis_gcc.h ****  */
 933:Drivers/CMSIS/Include/cmsis_gcc.h **** __STATIC_FORCEINLINE void __ISB(void)
  51              		.loc 2 933 27 view .LVU6
  52              	.LBB11:
 934:Drivers/CMSIS/Include/cmsis_gcc.h **** {
 935:Drivers/CMSIS/Include/cmsis_gcc.h ****   __ASM volatile ("isb 0xF":::"memory");
  53              		.loc 2 935 3 view .LVU7
  54              		.syntax unified
  55              	@ 935 "Drivers/CMSIS/Include/cmsis_gcc.h" 1
  56 000e BFF36F8F 		isb 0xF
  57              	@ 0 "" 2
  58              		.thumb
  59              		.syntax unified
  60              	.LBE11:
  61              	.LBE10:
 686:Drivers/STM32WBxx_HAL_Driver/Src/stm32wbxx_hal_flash.c **** 
 687:Drivers/STM32WBxx_HAL_Driver/Src/stm32wbxx_hal_flash.c ****   /* Program second word */
 688:Drivers/STM32WBxx_HAL_Driver/Src/stm32wbxx_hal_flash.c ****   *(uint32_t *)(Address + 4U) = (uint32_t)(Data >> 32U);
  62              		.loc 1 688 3 view .LVU8
  63              		.loc 1 688 31 is_stmt 0 view .LVU9
  64 0012 4360     		str	r3, [r0, #4]
 689:Drivers/STM32WBxx_HAL_Driver/Src/stm32wbxx_hal_flash.c **** }
  65              		.loc 1 689 1 view .LVU10
  66 0014 5DF8044B 		ldr	r4, [sp], #4
  67              	.LCFI1:
  68              		.cfi_restore 4
  69              		.cfi_def_cfa_offset 0
  70 0018 7047     		bx	lr
  71              	.L4:
  72 001a 00BF     		.align	2
  73              	.L3:
  74 001c 00400058 		.word	1476411392
  75              		.cfi_endproc
  76              	.LFE962:
  78              		.section	.RamFunc,"ax",%progbits
  79              		.align	1
  80              		.syntax unified
  81              		.thumb
  82              		.thumb_func
  84              	FLASH_Program_Fast:
  85              	.LVL1:
  86              	.LFB963:
 690:Drivers/STM32WBxx_HAL_Driver/Src/stm32wbxx_hal_flash.c **** 
 691:Drivers/STM32WBxx_HAL_Driver/Src/stm32wbxx_hal_flash.c **** /**
 692:Drivers/STM32WBxx_HAL_Driver/Src/stm32wbxx_hal_flash.c ****   * @brief  Fast program a 32 row double-word (64-bit) at a specified address.
ARM GAS  /var/folders/98/ctz5mtps7w71v8dr53cf5qg40000gn/T//ccR9nXxY.s 			page 31


 693:Drivers/STM32WBxx_HAL_Driver/Src/stm32wbxx_hal_flash.c ****   * @param  Address Specifies the address to be programmed.
 694:Drivers/STM32WBxx_HAL_Driver/Src/stm32wbxx_hal_flash.c ****   * @param  DataAddress Specifies the address where the data are stored.
 695:Drivers/STM32WBxx_HAL_Driver/Src/stm32wbxx_hal_flash.c ****   * @retval None
 696:Drivers/STM32WBxx_HAL_Driver/Src/stm32wbxx_hal_flash.c ****   */
 697:Drivers/STM32WBxx_HAL_Driver/Src/stm32wbxx_hal_flash.c **** static __RAM_FUNC void FLASH_Program_Fast(uint32_t Address, uint32_t DataAddress)
 698:Drivers/STM32WBxx_HAL_Driver/Src/stm32wbxx_hal_flash.c **** {
  87              		.loc 1 698 1 is_stmt 1 view -0
  88              		.cfi_startproc
  89              		@ args = 0, pretend = 0, frame = 0
  90              		@ frame_needed = 0, uses_anonymous_args = 0
  91              		@ link register save eliminated.
 699:Drivers/STM32WBxx_HAL_Driver/Src/stm32wbxx_hal_flash.c ****   uint8_t row_index = (2 * FLASH_NB_DOUBLE_WORDS_IN_ROW);
  92              		.loc 1 699 3 view .LVU12
 700:Drivers/STM32WBxx_HAL_Driver/Src/stm32wbxx_hal_flash.c ****   __IO uint32_t *dest_addr = (__IO uint32_t *)Address;
  93              		.loc 1 700 3 view .LVU13
 701:Drivers/STM32WBxx_HAL_Driver/Src/stm32wbxx_hal_flash.c ****   __IO uint32_t *src_addr = (__IO uint32_t *)DataAddress;
  94              		.loc 1 701 3 view .LVU14
 702:Drivers/STM32WBxx_HAL_Driver/Src/stm32wbxx_hal_flash.c ****   uint32_t primask_bit;
  95              		.loc 1 702 3 view .LVU15
 703:Drivers/STM32WBxx_HAL_Driver/Src/stm32wbxx_hal_flash.c **** 
 704:Drivers/STM32WBxx_HAL_Driver/Src/stm32wbxx_hal_flash.c ****   /* Set FSTPG bit */
 705:Drivers/STM32WBxx_HAL_Driver/Src/stm32wbxx_hal_flash.c ****   SET_BIT(FLASH->CR, FLASH_CR_FSTPG);
  96              		.loc 1 705 3 view .LVU16
  97 0000 0C4A     		ldr	r2, .L8
  98 0002 5369     		ldr	r3, [r2, #20]
  99 0004 43F48023 		orr	r3, r3, #262144
 100 0008 5361     		str	r3, [r2, #20]
 706:Drivers/STM32WBxx_HAL_Driver/Src/stm32wbxx_hal_flash.c **** 
 707:Drivers/STM32WBxx_HAL_Driver/Src/stm32wbxx_hal_flash.c ****   /* Enter critical section: row programming should not be longer than 7 ms */
 708:Drivers/STM32WBxx_HAL_Driver/Src/stm32wbxx_hal_flash.c ****   primask_bit = __get_PRIMASK();
 101              		.loc 1 708 3 view .LVU17
 102              	.LBB12:
 103              	.LBI12:
 449:Drivers/CMSIS/Include/cmsis_gcc.h **** {
 104              		.loc 2 449 31 view .LVU18
 105              	.LBB13:
 451:Drivers/CMSIS/Include/cmsis_gcc.h **** 
 106              		.loc 2 451 3 view .LVU19
 453:Drivers/CMSIS/Include/cmsis_gcc.h ****   return(result);
 107              		.loc 2 453 3 view .LVU20
 108              		.syntax unified
 109              	@ 453 "Drivers/CMSIS/Include/cmsis_gcc.h" 1
 110 000a EFF3108C 		MRS ip, primask
 111              	@ 0 "" 2
 112              	.LVL2:
 454:Drivers/CMSIS/Include/cmsis_gcc.h **** }
 113              		.loc 2 454 3 view .LVU21
 454:Drivers/CMSIS/Include/cmsis_gcc.h **** }
 114              		.loc 2 454 3 is_stmt 0 view .LVU22
 115              		.thumb
 116              		.syntax unified
 117              	.LBE13:
 118              	.LBE12:
 709:Drivers/STM32WBxx_HAL_Driver/Src/stm32wbxx_hal_flash.c ****   __disable_irq();
 119              		.loc 1 709 3 is_stmt 1 view .LVU23
 120              	.LBB14:
 121              	.LBI14:
ARM GAS  /var/folders/98/ctz5mtps7w71v8dr53cf5qg40000gn/T//ccR9nXxY.s 			page 32


 207:Drivers/CMSIS/Include/cmsis_gcc.h **** {
 122              		.loc 2 207 27 view .LVU24
 123              	.LBB15:
 209:Drivers/CMSIS/Include/cmsis_gcc.h **** }
 124              		.loc 2 209 3 view .LVU25
 125              		.syntax unified
 126              	@ 209 "Drivers/CMSIS/Include/cmsis_gcc.h" 1
 127 000e 72B6     		cpsid i
 128              	@ 0 "" 2
 129              		.thumb
 130              		.syntax unified
 131              	.LBE15:
 132              	.LBE14:
 699:Drivers/STM32WBxx_HAL_Driver/Src/stm32wbxx_hal_flash.c ****   __IO uint32_t *dest_addr = (__IO uint32_t *)Address;
 133              		.loc 1 699 11 is_stmt 0 view .LVU26
 134 0010 8023     		movs	r3, #128
 135              	.LVL3:
 136              	.L6:
 710:Drivers/STM32WBxx_HAL_Driver/Src/stm32wbxx_hal_flash.c **** 
 711:Drivers/STM32WBxx_HAL_Driver/Src/stm32wbxx_hal_flash.c ****   /* Program the double word of the row */
 712:Drivers/STM32WBxx_HAL_Driver/Src/stm32wbxx_hal_flash.c ****   do
 137              		.loc 1 712 3 is_stmt 1 view .LVU27
 713:Drivers/STM32WBxx_HAL_Driver/Src/stm32wbxx_hal_flash.c ****   {
 714:Drivers/STM32WBxx_HAL_Driver/Src/stm32wbxx_hal_flash.c ****     *dest_addr = *src_addr;
 138              		.loc 1 714 5 view .LVU28
 139              		.loc 1 714 18 is_stmt 0 view .LVU29
 140 0012 51F8042B 		ldr	r2, [r1], #4
 141              	.LVL4:
 142              		.loc 1 714 16 view .LVU30
 143 0016 40F8042B 		str	r2, [r0], #4
 144              	.LVL5:
 715:Drivers/STM32WBxx_HAL_Driver/Src/stm32wbxx_hal_flash.c ****     dest_addr++;
 145              		.loc 1 715 5 is_stmt 1 view .LVU31
 716:Drivers/STM32WBxx_HAL_Driver/Src/stm32wbxx_hal_flash.c ****     src_addr++;
 146              		.loc 1 716 5 view .LVU32
 717:Drivers/STM32WBxx_HAL_Driver/Src/stm32wbxx_hal_flash.c ****     row_index--;
 147              		.loc 1 717 5 view .LVU33
 148              		.loc 1 717 14 is_stmt 0 view .LVU34
 149 001a 013B     		subs	r3, r3, #1
 150              	.LVL6:
 718:Drivers/STM32WBxx_HAL_Driver/Src/stm32wbxx_hal_flash.c ****   } while (row_index != 0U);
 151              		.loc 1 718 22 is_stmt 1 discriminator 1 view .LVU35
 152 001c 13F0FF03 		ands	r3, r3, #255
 153              	.LVL7:
 154              		.loc 1 718 22 is_stmt 0 discriminator 1 view .LVU36
 155 0020 F7D1     		bne	.L6
 156              	.L7:
 719:Drivers/STM32WBxx_HAL_Driver/Src/stm32wbxx_hal_flash.c **** 
 720:Drivers/STM32WBxx_HAL_Driver/Src/stm32wbxx_hal_flash.c ****   /* wait for BSY in order to be sure that flash operation is ended before
 721:Drivers/STM32WBxx_HAL_Driver/Src/stm32wbxx_hal_flash.c ****      allowing prefetch in flash. Timeout does not return status, as it will
 722:Drivers/STM32WBxx_HAL_Driver/Src/stm32wbxx_hal_flash.c ****      be anyway done later */
 723:Drivers/STM32WBxx_HAL_Driver/Src/stm32wbxx_hal_flash.c ****   while (__HAL_FLASH_GET_FLAG(FLASH_FLAG_BSY) != 0U)
 724:Drivers/STM32WBxx_HAL_Driver/Src/stm32wbxx_hal_flash.c ****   {
 725:Drivers/STM32WBxx_HAL_Driver/Src/stm32wbxx_hal_flash.c ****   }
 157              		.loc 1 725 3 is_stmt 1 view .LVU37
 723:Drivers/STM32WBxx_HAL_Driver/Src/stm32wbxx_hal_flash.c ****   {
 158              		.loc 1 723 47 discriminator 1 view .LVU38
ARM GAS  /var/folders/98/ctz5mtps7w71v8dr53cf5qg40000gn/T//ccR9nXxY.s 			page 33


 723:Drivers/STM32WBxx_HAL_Driver/Src/stm32wbxx_hal_flash.c ****   {
 159              		.loc 1 723 10 is_stmt 0 discriminator 1 view .LVU39
 160 0022 044B     		ldr	r3, .L8
 161 0024 1B69     		ldr	r3, [r3, #16]
 723:Drivers/STM32WBxx_HAL_Driver/Src/stm32wbxx_hal_flash.c ****   {
 162              		.loc 1 723 47 discriminator 1 view .LVU40
 163 0026 13F4803F 		tst	r3, #65536
 164 002a FAD1     		bne	.L7
 726:Drivers/STM32WBxx_HAL_Driver/Src/stm32wbxx_hal_flash.c **** 
 727:Drivers/STM32WBxx_HAL_Driver/Src/stm32wbxx_hal_flash.c ****   /* Exit critical section: restore previous priority mask */
 728:Drivers/STM32WBxx_HAL_Driver/Src/stm32wbxx_hal_flash.c ****   __set_PRIMASK(primask_bit);
 165              		.loc 1 728 3 is_stmt 1 view .LVU41
 166              	.LBB16:
 167              	.LBI16:
 479:Drivers/CMSIS/Include/cmsis_gcc.h **** {
 168              		.loc 2 479 27 view .LVU42
 169              	.LBB17:
 481:Drivers/CMSIS/Include/cmsis_gcc.h **** }
 170              		.loc 2 481 3 view .LVU43
 171              		.syntax unified
 172              	@ 481 "Drivers/CMSIS/Include/cmsis_gcc.h" 1
 173 002c 8CF31088 		MSR primask, ip
 174              	@ 0 "" 2
 175              		.thumb
 176              		.syntax unified
 177              	.LBE17:
 178              	.LBE16:
 729:Drivers/STM32WBxx_HAL_Driver/Src/stm32wbxx_hal_flash.c **** }
 179              		.loc 1 729 1 is_stmt 0 view .LVU44
 180 0030 7047     		bx	lr
 181              	.L9:
 182 0032 00BF     		.align	2
 183              	.L8:
 184 0034 00400058 		.word	1476411392
 185              		.cfi_endproc
 186              	.LFE963:
 188              		.section	.text.HAL_FLASH_EndOfOperationCallback,"ax",%progbits
 189              		.align	1
 190              		.weak	HAL_FLASH_EndOfOperationCallback
 191              		.syntax unified
 192              		.thumb
 193              		.thumb_func
 195              	HAL_FLASH_EndOfOperationCallback:
 196              	.LVL8:
 197              	.LFB953:
 396:Drivers/STM32WBxx_HAL_Driver/Src/stm32wbxx_hal_flash.c ****   /* Prevent unused argument(s) compilation warning */
 198              		.loc 1 396 1 is_stmt 1 view -0
 199              		.cfi_startproc
 200              		@ args = 0, pretend = 0, frame = 0
 201              		@ frame_needed = 0, uses_anonymous_args = 0
 202              		@ link register save eliminated.
 398:Drivers/STM32WBxx_HAL_Driver/Src/stm32wbxx_hal_flash.c **** 
 203              		.loc 1 398 3 view .LVU46
 403:Drivers/STM32WBxx_HAL_Driver/Src/stm32wbxx_hal_flash.c **** 
 204              		.loc 1 403 1 is_stmt 0 view .LVU47
 205 0000 7047     		bx	lr
 206              		.cfi_endproc
ARM GAS  /var/folders/98/ctz5mtps7w71v8dr53cf5qg40000gn/T//ccR9nXxY.s 			page 34


 207              	.LFE953:
 209              		.section	.text.HAL_FLASH_OperationErrorCallback,"ax",%progbits
 210              		.align	1
 211              		.weak	HAL_FLASH_OperationErrorCallback
 212              		.syntax unified
 213              		.thumb
 214              		.thumb_func
 216              	HAL_FLASH_OperationErrorCallback:
 217              	.LVL9:
 218              	.LFB954:
 413:Drivers/STM32WBxx_HAL_Driver/Src/stm32wbxx_hal_flash.c ****   /* Prevent unused argument(s) compilation warning */
 219              		.loc 1 413 1 is_stmt 1 view -0
 220              		.cfi_startproc
 221              		@ args = 0, pretend = 0, frame = 0
 222              		@ frame_needed = 0, uses_anonymous_args = 0
 223              		@ link register save eliminated.
 415:Drivers/STM32WBxx_HAL_Driver/Src/stm32wbxx_hal_flash.c **** 
 224              		.loc 1 415 3 view .LVU49
 420:Drivers/STM32WBxx_HAL_Driver/Src/stm32wbxx_hal_flash.c **** 
 225              		.loc 1 420 1 is_stmt 0 view .LVU50
 226 0000 7047     		bx	lr
 227              		.cfi_endproc
 228              	.LFE954:
 230              		.section	.text.HAL_FLASH_IRQHandler,"ax",%progbits
 231              		.align	1
 232              		.global	HAL_FLASH_IRQHandler
 233              		.syntax unified
 234              		.thumb
 235              		.thumb_func
 237              	HAL_FLASH_IRQHandler:
 238              	.LFB952:
 300:Drivers/STM32WBxx_HAL_Driver/Src/stm32wbxx_hal_flash.c ****   uint32_t param = 0xFFFFFFFFU;
 239              		.loc 1 300 1 is_stmt 1 view -0
 240              		.cfi_startproc
 241              		@ args = 0, pretend = 0, frame = 0
 242              		@ frame_needed = 0, uses_anonymous_args = 0
 243 0000 10B5     		push	{r4, lr}
 244              	.LCFI2:
 245              		.cfi_def_cfa_offset 8
 246              		.cfi_offset 4, -8
 247              		.cfi_offset 14, -4
 301:Drivers/STM32WBxx_HAL_Driver/Src/stm32wbxx_hal_flash.c ****   uint32_t error;
 248              		.loc 1 301 3 view .LVU52
 249              	.LVL10:
 302:Drivers/STM32WBxx_HAL_Driver/Src/stm32wbxx_hal_flash.c **** 
 250              		.loc 1 302 3 view .LVU53
 305:Drivers/STM32WBxx_HAL_Driver/Src/stm32wbxx_hal_flash.c **** 
 251              		.loc 1 305 3 view .LVU54
 305:Drivers/STM32WBxx_HAL_Driver/Src/stm32wbxx_hal_flash.c **** 
 252              		.loc 1 305 17 is_stmt 0 view .LVU55
 253 0002 2B4A     		ldr	r2, .L26
 254 0004 1369     		ldr	r3, [r2, #16]
 305:Drivers/STM32WBxx_HAL_Driver/Src/stm32wbxx_hal_flash.c **** 
 255              		.loc 1 305 9 view .LVU56
 256 0006 23F47053 		bic	r3, r3, #15360
 257 000a 23F00503 		bic	r3, r3, #5
 258 000e 1B04     		lsls	r3, r3, #16
ARM GAS  /var/folders/98/ctz5mtps7w71v8dr53cf5qg40000gn/T//ccR9nXxY.s 			page 35


 259 0010 1B0C     		lsrs	r3, r3, #16
 260              	.LVL11:
 308:Drivers/STM32WBxx_HAL_Driver/Src/stm32wbxx_hal_flash.c **** 
 261              		.loc 1 308 3 is_stmt 1 view .LVU57
 262 0012 5169     		ldr	r1, [r2, #20]
 263 0014 2748     		ldr	r0, .L26+4
 264 0016 8068     		ldr	r0, [r0, #8]
 265 0018 21EA0001 		bic	r1, r1, r0
 266 001c 5161     		str	r1, [r2, #20]
 312:Drivers/STM32WBxx_HAL_Driver/Src/stm32wbxx_hal_flash.c ****   {
 267              		.loc 1 312 3 view .LVU58
 312:Drivers/STM32WBxx_HAL_Driver/Src/stm32wbxx_hal_flash.c ****   {
 268              		.loc 1 312 32 is_stmt 0 view .LVU59
 269 001e 264A     		ldr	r2, .L26+8
 270 0020 0240     		ands	r2, r2, r0
 312:Drivers/STM32WBxx_HAL_Driver/Src/stm32wbxx_hal_flash.c ****   {
 271              		.loc 1 312 6 view .LVU60
 272 0022 002A     		cmp	r2, #0
 273 0024 2BD0     		beq	.L13
 315:Drivers/STM32WBxx_HAL_Driver/Src/stm32wbxx_hal_flash.c ****   }
 274              		.loc 1 315 5 is_stmt 1 view .LVU61
 315:Drivers/STM32WBxx_HAL_Driver/Src/stm32wbxx_hal_flash.c ****   }
 275              		.loc 1 315 11 is_stmt 0 view .LVU62
 276 0026 234A     		ldr	r2, .L26+4
 277 0028 D468     		ldr	r4, [r2, #12]
 278              	.LVL12:
 279              	.L14:
 326:Drivers/STM32WBxx_HAL_Driver/Src/stm32wbxx_hal_flash.c **** 
 280              		.loc 1 326 3 is_stmt 1 view .LVU63
 329:Drivers/STM32WBxx_HAL_Driver/Src/stm32wbxx_hal_flash.c ****   {
 281              		.loc 1 329 3 view .LVU64
 329:Drivers/STM32WBxx_HAL_Driver/Src/stm32wbxx_hal_flash.c ****   {
 282              		.loc 1 329 6 is_stmt 0 view .LVU65
 283 002a 53B1     		cbz	r3, .L15
 332:Drivers/STM32WBxx_HAL_Driver/Src/stm32wbxx_hal_flash.c **** 
 284              		.loc 1 332 5 is_stmt 1 view .LVU66
 332:Drivers/STM32WBxx_HAL_Driver/Src/stm32wbxx_hal_flash.c **** 
 285              		.loc 1 332 11 is_stmt 0 view .LVU67
 286 002c 2149     		ldr	r1, .L26+4
 287 002e 4A68     		ldr	r2, [r1, #4]
 332:Drivers/STM32WBxx_HAL_Driver/Src/stm32wbxx_hal_flash.c **** 
 288              		.loc 1 332 22 view .LVU68
 289 0030 1A43     		orrs	r2, r2, r3
 290 0032 4A60     		str	r2, [r1, #4]
 335:Drivers/STM32WBxx_HAL_Driver/Src/stm32wbxx_hal_flash.c **** 
 291              		.loc 1 335 5 is_stmt 1 view .LVU69
 335:Drivers/STM32WBxx_HAL_Driver/Src/stm32wbxx_hal_flash.c **** 
 292              		.loc 1 335 5 view .LVU70
 335:Drivers/STM32WBxx_HAL_Driver/Src/stm32wbxx_hal_flash.c **** 
 293              		.loc 1 335 5 discriminator 3 view .LVU71
 335:Drivers/STM32WBxx_HAL_Driver/Src/stm32wbxx_hal_flash.c **** 
 294              		.loc 1 335 5 discriminator 4 view .LVU72
 295 0034 1E4A     		ldr	r2, .L26
 296 0036 1361     		str	r3, [r2, #16]
 335:Drivers/STM32WBxx_HAL_Driver/Src/stm32wbxx_hal_flash.c **** 
 297              		.loc 1 335 5 discriminator 6 view .LVU73
 338:Drivers/STM32WBxx_HAL_Driver/Src/stm32wbxx_hal_flash.c **** 
ARM GAS  /var/folders/98/ctz5mtps7w71v8dr53cf5qg40000gn/T//ccR9nXxY.s 			page 36


 298              		.loc 1 338 5 view .LVU74
 338:Drivers/STM32WBxx_HAL_Driver/Src/stm32wbxx_hal_flash.c **** 
 299              		.loc 1 338 29 is_stmt 0 view .LVU75
 300 0038 0022     		movs	r2, #0
 301 003a 8A60     		str	r2, [r1, #8]
 341:Drivers/STM32WBxx_HAL_Driver/Src/stm32wbxx_hal_flash.c ****   }
 302              		.loc 1 341 5 is_stmt 1 view .LVU76
 303 003c 2046     		mov	r0, r4
 304 003e FFF7FEFF 		bl	HAL_FLASH_OperationErrorCallback
 305              	.LVL13:
 306              	.L15:
 345:Drivers/STM32WBxx_HAL_Driver/Src/stm32wbxx_hal_flash.c ****   {
 307              		.loc 1 345 3 view .LVU77
 345:Drivers/STM32WBxx_HAL_Driver/Src/stm32wbxx_hal_flash.c ****   {
 308              		.loc 1 345 7 is_stmt 0 view .LVU78
 309 0042 1B4B     		ldr	r3, .L26
 310 0044 1B69     		ldr	r3, [r3, #16]
 345:Drivers/STM32WBxx_HAL_Driver/Src/stm32wbxx_hal_flash.c ****   {
 311              		.loc 1 345 6 view .LVU79
 312 0046 13F0010F 		tst	r3, #1
 313 004a 0CD0     		beq	.L17
 348:Drivers/STM32WBxx_HAL_Driver/Src/stm32wbxx_hal_flash.c **** 
 314              		.loc 1 348 5 is_stmt 1 view .LVU80
 348:Drivers/STM32WBxx_HAL_Driver/Src/stm32wbxx_hal_flash.c **** 
 315              		.loc 1 348 5 view .LVU81
 348:Drivers/STM32WBxx_HAL_Driver/Src/stm32wbxx_hal_flash.c **** 
 316              		.loc 1 348 5 discriminator 3 view .LVU82
 348:Drivers/STM32WBxx_HAL_Driver/Src/stm32wbxx_hal_flash.c **** 
 317              		.loc 1 348 5 discriminator 4 view .LVU83
 318 004c 184B     		ldr	r3, .L26
 319 004e 0122     		movs	r2, #1
 320 0050 1A61     		str	r2, [r3, #16]
 348:Drivers/STM32WBxx_HAL_Driver/Src/stm32wbxx_hal_flash.c **** 
 321              		.loc 1 348 5 discriminator 6 view .LVU84
 350:Drivers/STM32WBxx_HAL_Driver/Src/stm32wbxx_hal_flash.c ****     {
 322              		.loc 1 350 5 view .LVU85
 350:Drivers/STM32WBxx_HAL_Driver/Src/stm32wbxx_hal_flash.c ****     {
 323              		.loc 1 350 15 is_stmt 0 view .LVU86
 324 0052 184B     		ldr	r3, .L26+4
 325 0054 9B68     		ldr	r3, [r3, #8]
 350:Drivers/STM32WBxx_HAL_Driver/Src/stm32wbxx_hal_flash.c ****     {
 326              		.loc 1 350 8 view .LVU87
 327 0056 022B     		cmp	r3, #2
 328 0058 1AD0     		beq	.L24
 371:Drivers/STM32WBxx_HAL_Driver/Src/stm32wbxx_hal_flash.c ****     }
 329              		.loc 1 371 7 is_stmt 1 view .LVU88
 371:Drivers/STM32WBxx_HAL_Driver/Src/stm32wbxx_hal_flash.c ****     }
 330              		.loc 1 371 31 is_stmt 0 view .LVU89
 331 005a 164B     		ldr	r3, .L26+4
 332 005c 0022     		movs	r2, #0
 333 005e 9A60     		str	r2, [r3, #8]
 334              	.L20:
 375:Drivers/STM32WBxx_HAL_Driver/Src/stm32wbxx_hal_flash.c ****   }
 335              		.loc 1 375 5 is_stmt 1 view .LVU90
 336 0060 2046     		mov	r0, r4
 337 0062 FFF7FEFF 		bl	HAL_FLASH_EndOfOperationCallback
 338              	.LVL14:
ARM GAS  /var/folders/98/ctz5mtps7w71v8dr53cf5qg40000gn/T//ccR9nXxY.s 			page 37


 339              	.L17:
 378:Drivers/STM32WBxx_HAL_Driver/Src/stm32wbxx_hal_flash.c ****   {
 340              		.loc 1 378 3 view .LVU91
 378:Drivers/STM32WBxx_HAL_Driver/Src/stm32wbxx_hal_flash.c ****   {
 341              		.loc 1 378 13 is_stmt 0 view .LVU92
 342 0066 134B     		ldr	r3, .L26+4
 343 0068 9B68     		ldr	r3, [r3, #8]
 378:Drivers/STM32WBxx_HAL_Driver/Src/stm32wbxx_hal_flash.c ****   {
 344              		.loc 1 378 6 view .LVU93
 345 006a 3BB9     		cbnz	r3, .L12
 381:Drivers/STM32WBxx_HAL_Driver/Src/stm32wbxx_hal_flash.c **** 
 346              		.loc 1 381 5 is_stmt 1 view .LVU94
 381:Drivers/STM32WBxx_HAL_Driver/Src/stm32wbxx_hal_flash.c **** 
 347              		.loc 1 381 5 view .LVU95
 381:Drivers/STM32WBxx_HAL_Driver/Src/stm32wbxx_hal_flash.c **** 
 348              		.loc 1 381 5 discriminator 3 view .LVU96
 381:Drivers/STM32WBxx_HAL_Driver/Src/stm32wbxx_hal_flash.c **** 
 349              		.loc 1 381 5 discriminator 4 view .LVU97
 350 006c 104A     		ldr	r2, .L26
 351 006e 5369     		ldr	r3, [r2, #20]
 352 0070 23F04073 		bic	r3, r3, #50331648
 353 0074 5361     		str	r3, [r2, #20]
 381:Drivers/STM32WBxx_HAL_Driver/Src/stm32wbxx_hal_flash.c **** 
 354              		.loc 1 381 5 discriminator 6 view .LVU98
 384:Drivers/STM32WBxx_HAL_Driver/Src/stm32wbxx_hal_flash.c ****   }
 355              		.loc 1 384 5 view .LVU99
 384:Drivers/STM32WBxx_HAL_Driver/Src/stm32wbxx_hal_flash.c ****   }
 356              		.loc 1 384 5 view .LVU100
 357 0076 0F4B     		ldr	r3, .L26+4
 358 0078 0022     		movs	r2, #0
 359 007a 1A70     		strb	r2, [r3]
 384:Drivers/STM32WBxx_HAL_Driver/Src/stm32wbxx_hal_flash.c ****   }
 360              		.loc 1 384 5 discriminator 1 view .LVU101
 361              	.L12:
 386:Drivers/STM32WBxx_HAL_Driver/Src/stm32wbxx_hal_flash.c **** 
 362              		.loc 1 386 1 is_stmt 0 view .LVU102
 363 007c 10BD     		pop	{r4, pc}
 364              	.LVL15:
 365              	.L13:
 317:Drivers/STM32WBxx_HAL_Driver/Src/stm32wbxx_hal_flash.c ****   {
 366              		.loc 1 317 8 is_stmt 1 view .LVU103
 317:Drivers/STM32WBxx_HAL_Driver/Src/stm32wbxx_hal_flash.c ****   {
 367              		.loc 1 317 11 is_stmt 0 view .LVU104
 368 007e 10F0020F 		tst	r0, #2
 369 0082 02D0     		beq	.L22
 320:Drivers/STM32WBxx_HAL_Driver/Src/stm32wbxx_hal_flash.c ****   }
 370              		.loc 1 320 5 is_stmt 1 view .LVU105
 320:Drivers/STM32WBxx_HAL_Driver/Src/stm32wbxx_hal_flash.c ****   }
 371              		.loc 1 320 11 is_stmt 0 view .LVU106
 372 0084 0B4A     		ldr	r2, .L26+4
 373 0086 1469     		ldr	r4, [r2, #16]
 374              	.LVL16:
 320:Drivers/STM32WBxx_HAL_Driver/Src/stm32wbxx_hal_flash.c ****   }
 375              		.loc 1 320 11 view .LVU107
 376 0088 CFE7     		b	.L14
 377              	.LVL17:
 378              	.L22:
ARM GAS  /var/folders/98/ctz5mtps7w71v8dr53cf5qg40000gn/T//ccR9nXxY.s 			page 38


 301:Drivers/STM32WBxx_HAL_Driver/Src/stm32wbxx_hal_flash.c ****   uint32_t error;
 379              		.loc 1 301 12 view .LVU108
 380 008a 4FF0FF34 		mov	r4, #-1
 381 008e CCE7     		b	.L14
 382              	.LVL18:
 383              	.L24:
 353:Drivers/STM32WBxx_HAL_Driver/Src/stm32wbxx_hal_flash.c **** 
 384              		.loc 1 353 7 is_stmt 1 view .LVU109
 353:Drivers/STM32WBxx_HAL_Driver/Src/stm32wbxx_hal_flash.c **** 
 385              		.loc 1 353 13 is_stmt 0 view .LVU110
 386 0090 084A     		ldr	r2, .L26+4
 387 0092 5369     		ldr	r3, [r2, #20]
 353:Drivers/STM32WBxx_HAL_Driver/Src/stm32wbxx_hal_flash.c **** 
 388              		.loc 1 353 28 view .LVU111
 389 0094 013B     		subs	r3, r3, #1
 390 0096 5361     		str	r3, [r2, #20]
 356:Drivers/STM32WBxx_HAL_Driver/Src/stm32wbxx_hal_flash.c ****       {
 391              		.loc 1 356 7 is_stmt 1 view .LVU112
 356:Drivers/STM32WBxx_HAL_Driver/Src/stm32wbxx_hal_flash.c ****       {
 392              		.loc 1 356 10 is_stmt 0 view .LVU113
 393 0098 1BB9     		cbnz	r3, .L25
 365:Drivers/STM32WBxx_HAL_Driver/Src/stm32wbxx_hal_flash.c ****       }
 394              		.loc 1 365 9 is_stmt 1 view .LVU114
 365:Drivers/STM32WBxx_HAL_Driver/Src/stm32wbxx_hal_flash.c ****       }
 395              		.loc 1 365 33 is_stmt 0 view .LVU115
 396 009a 064B     		ldr	r3, .L26+4
 397 009c 0022     		movs	r2, #0
 398 009e 9A60     		str	r2, [r3, #8]
 399 00a0 DEE7     		b	.L20
 400              	.L25:
 359:Drivers/STM32WBxx_HAL_Driver/Src/stm32wbxx_hal_flash.c ****         FLASH_PageErase(pFlash.Page);
 401              		.loc 1 359 9 is_stmt 1 view .LVU116
 359:Drivers/STM32WBxx_HAL_Driver/Src/stm32wbxx_hal_flash.c ****         FLASH_PageErase(pFlash.Page);
 402              		.loc 1 359 15 is_stmt 0 view .LVU117
 403 00a2 1069     		ldr	r0, [r2, #16]
 359:Drivers/STM32WBxx_HAL_Driver/Src/stm32wbxx_hal_flash.c ****         FLASH_PageErase(pFlash.Page);
 404              		.loc 1 359 20 view .LVU118
 405 00a4 0130     		adds	r0, r0, #1
 406 00a6 1061     		str	r0, [r2, #16]
 360:Drivers/STM32WBxx_HAL_Driver/Src/stm32wbxx_hal_flash.c ****       }
 407              		.loc 1 360 9 is_stmt 1 view .LVU119
 408 00a8 FFF7FEFF 		bl	FLASH_PageErase
 409              	.LVL19:
 410 00ac D8E7     		b	.L20
 411              	.L27:
 412 00ae 00BF     		.align	2
 413              	.L26:
 414 00b0 00400058 		.word	1476411392
 415 00b4 00000000 		.word	pFlash
 416 00b8 01000400 		.word	262145
 417              		.cfi_endproc
 418              	.LFE952:
 420              		.section	.text.HAL_FLASH_Unlock,"ax",%progbits
 421              		.align	1
 422              		.global	HAL_FLASH_Unlock
 423              		.syntax unified
 424              		.thumb
ARM GAS  /var/folders/98/ctz5mtps7w71v8dr53cf5qg40000gn/T//ccR9nXxY.s 			page 39


 425              		.thumb_func
 427              	HAL_FLASH_Unlock:
 428              	.LFB955:
 446:Drivers/STM32WBxx_HAL_Driver/Src/stm32wbxx_hal_flash.c ****   HAL_StatusTypeDef status = HAL_OK;
 429              		.loc 1 446 1 view -0
 430              		.cfi_startproc
 431              		@ args = 0, pretend = 0, frame = 0
 432              		@ frame_needed = 0, uses_anonymous_args = 0
 433              		@ link register save eliminated.
 447:Drivers/STM32WBxx_HAL_Driver/Src/stm32wbxx_hal_flash.c **** 
 434              		.loc 1 447 3 view .LVU121
 435              	.LVL20:
 449:Drivers/STM32WBxx_HAL_Driver/Src/stm32wbxx_hal_flash.c ****   {
 436              		.loc 1 449 3 view .LVU122
 449:Drivers/STM32WBxx_HAL_Driver/Src/stm32wbxx_hal_flash.c ****   {
 437              		.loc 1 449 7 is_stmt 0 view .LVU123
 438 0000 094B     		ldr	r3, .L33
 439 0002 5B69     		ldr	r3, [r3, #20]
 449:Drivers/STM32WBxx_HAL_Driver/Src/stm32wbxx_hal_flash.c ****   {
 440              		.loc 1 449 6 view .LVU124
 441 0004 002B     		cmp	r3, #0
 442 0006 01DB     		blt	.L32
 447:Drivers/STM32WBxx_HAL_Driver/Src/stm32wbxx_hal_flash.c **** 
 443              		.loc 1 447 21 view .LVU125
 444 0008 0020     		movs	r0, #0
 445 000a 7047     		bx	lr
 446              	.L32:
 452:Drivers/STM32WBxx_HAL_Driver/Src/stm32wbxx_hal_flash.c ****     WRITE_REG(FLASH->KEYR, FLASH_KEY2);
 447              		.loc 1 452 5 is_stmt 1 view .LVU126
 448 000c 064B     		ldr	r3, .L33
 449 000e 074A     		ldr	r2, .L33+4
 450 0010 9A60     		str	r2, [r3, #8]
 453:Drivers/STM32WBxx_HAL_Driver/Src/stm32wbxx_hal_flash.c **** 
 451              		.loc 1 453 5 view .LVU127
 452 0012 02F18832 		add	r2, r2, #-2004318072
 453 0016 9A60     		str	r2, [r3, #8]
 456:Drivers/STM32WBxx_HAL_Driver/Src/stm32wbxx_hal_flash.c ****     {
 454              		.loc 1 456 5 view .LVU128
 456:Drivers/STM32WBxx_HAL_Driver/Src/stm32wbxx_hal_flash.c ****     {
 455              		.loc 1 456 9 is_stmt 0 view .LVU129
 456 0018 5B69     		ldr	r3, [r3, #20]
 456:Drivers/STM32WBxx_HAL_Driver/Src/stm32wbxx_hal_flash.c ****     {
 457              		.loc 1 456 8 view .LVU130
 458 001a 002B     		cmp	r3, #0
 459 001c 01DB     		blt	.L31
 447:Drivers/STM32WBxx_HAL_Driver/Src/stm32wbxx_hal_flash.c **** 
 460              		.loc 1 447 21 view .LVU131
 461 001e 0020     		movs	r0, #0
 462 0020 7047     		bx	lr
 463              	.L31:
 458:Drivers/STM32WBxx_HAL_Driver/Src/stm32wbxx_hal_flash.c ****     }
 464              		.loc 1 458 14 view .LVU132
 465 0022 0120     		movs	r0, #1
 466              	.LVL21:
 462:Drivers/STM32WBxx_HAL_Driver/Src/stm32wbxx_hal_flash.c **** }
 467              		.loc 1 462 3 is_stmt 1 view .LVU133
 463:Drivers/STM32WBxx_HAL_Driver/Src/stm32wbxx_hal_flash.c **** 
ARM GAS  /var/folders/98/ctz5mtps7w71v8dr53cf5qg40000gn/T//ccR9nXxY.s 			page 40


 468              		.loc 1 463 1 is_stmt 0 view .LVU134
 469 0024 7047     		bx	lr
 470              	.L34:
 471 0026 00BF     		.align	2
 472              	.L33:
 473 0028 00400058 		.word	1476411392
 474 002c 23016745 		.word	1164378403
 475              		.cfi_endproc
 476              	.LFE955:
 478              		.section	.text.HAL_FLASH_Lock,"ax",%progbits
 479              		.align	1
 480              		.global	HAL_FLASH_Lock
 481              		.syntax unified
 482              		.thumb
 483              		.thumb_func
 485              	HAL_FLASH_Lock:
 486              	.LFB956:
 470:Drivers/STM32WBxx_HAL_Driver/Src/stm32wbxx_hal_flash.c ****   HAL_StatusTypeDef status = HAL_OK;
 487              		.loc 1 470 1 is_stmt 1 view -0
 488              		.cfi_startproc
 489              		@ args = 0, pretend = 0, frame = 0
 490              		@ frame_needed = 0, uses_anonymous_args = 0
 491              		@ link register save eliminated.
 471:Drivers/STM32WBxx_HAL_Driver/Src/stm32wbxx_hal_flash.c **** 
 492              		.loc 1 471 3 view .LVU136
 493              	.LVL22:
 475:Drivers/STM32WBxx_HAL_Driver/Src/stm32wbxx_hal_flash.c **** 
 494              		.loc 1 475 3 view .LVU137
 495 0000 054B     		ldr	r3, .L39
 496 0002 5A69     		ldr	r2, [r3, #20]
 497 0004 42F00042 		orr	r2, r2, #-2147483648
 498 0008 5A61     		str	r2, [r3, #20]
 478:Drivers/STM32WBxx_HAL_Driver/Src/stm32wbxx_hal_flash.c ****   {
 499              		.loc 1 478 3 view .LVU138
 478:Drivers/STM32WBxx_HAL_Driver/Src/stm32wbxx_hal_flash.c ****   {
 500              		.loc 1 478 7 is_stmt 0 view .LVU139
 501 000a 5B69     		ldr	r3, [r3, #20]
 478:Drivers/STM32WBxx_HAL_Driver/Src/stm32wbxx_hal_flash.c ****   {
 502              		.loc 1 478 6 view .LVU140
 503 000c 002B     		cmp	r3, #0
 504 000e 01DB     		blt	.L38
 480:Drivers/STM32WBxx_HAL_Driver/Src/stm32wbxx_hal_flash.c ****   }
 505              		.loc 1 480 12 view .LVU141
 506 0010 0120     		movs	r0, #1
 507              	.LVL23:
 483:Drivers/STM32WBxx_HAL_Driver/Src/stm32wbxx_hal_flash.c **** }
 508              		.loc 1 483 3 is_stmt 1 view .LVU142
 484:Drivers/STM32WBxx_HAL_Driver/Src/stm32wbxx_hal_flash.c **** 
 509              		.loc 1 484 1 is_stmt 0 view .LVU143
 510 0012 7047     		bx	lr
 511              	.LVL24:
 512              	.L38:
 471:Drivers/STM32WBxx_HAL_Driver/Src/stm32wbxx_hal_flash.c **** 
 513              		.loc 1 471 21 view .LVU144
 514 0014 0020     		movs	r0, #0
 515 0016 7047     		bx	lr
 516              	.L40:
ARM GAS  /var/folders/98/ctz5mtps7w71v8dr53cf5qg40000gn/T//ccR9nXxY.s 			page 41


 517              		.align	2
 518              	.L39:
 519 0018 00400058 		.word	1476411392
 520              		.cfi_endproc
 521              	.LFE956:
 523              		.section	.text.HAL_FLASH_OB_Unlock,"ax",%progbits
 524              		.align	1
 525              		.global	HAL_FLASH_OB_Unlock
 526              		.syntax unified
 527              		.thumb
 528              		.thumb_func
 530              	HAL_FLASH_OB_Unlock:
 531              	.LFB957:
 491:Drivers/STM32WBxx_HAL_Driver/Src/stm32wbxx_hal_flash.c ****   HAL_StatusTypeDef status = HAL_ERROR;
 532              		.loc 1 491 1 is_stmt 1 view -0
 533              		.cfi_startproc
 534              		@ args = 0, pretend = 0, frame = 0
 535              		@ frame_needed = 0, uses_anonymous_args = 0
 536              		@ link register save eliminated.
 492:Drivers/STM32WBxx_HAL_Driver/Src/stm32wbxx_hal_flash.c **** 
 537              		.loc 1 492 3 view .LVU146
 538              	.LVL25:
 495:Drivers/STM32WBxx_HAL_Driver/Src/stm32wbxx_hal_flash.c ****   {
 539              		.loc 1 495 3 view .LVU147
 495:Drivers/STM32WBxx_HAL_Driver/Src/stm32wbxx_hal_flash.c ****   {
 540              		.loc 1 495 7 is_stmt 0 view .LVU148
 541 0000 0A4B     		ldr	r3, .L45
 542 0002 5B69     		ldr	r3, [r3, #20]
 495:Drivers/STM32WBxx_HAL_Driver/Src/stm32wbxx_hal_flash.c ****   {
 543              		.loc 1 495 6 view .LVU149
 544 0004 13F0804F 		tst	r3, #1073741824
 545 0008 0BD0     		beq	.L43
 498:Drivers/STM32WBxx_HAL_Driver/Src/stm32wbxx_hal_flash.c ****     WRITE_REG(FLASH->OPTKEYR, FLASH_OPTKEY2);
 546              		.loc 1 498 5 is_stmt 1 view .LVU150
 547 000a 084B     		ldr	r3, .L45
 548 000c 084A     		ldr	r2, .L45+4
 549 000e DA60     		str	r2, [r3, #12]
 499:Drivers/STM32WBxx_HAL_Driver/Src/stm32wbxx_hal_flash.c **** 
 550              		.loc 1 499 5 view .LVU151
 551 0010 02F14432 		add	r2, r2, #1145324612
 552 0014 DA60     		str	r2, [r3, #12]
 502:Drivers/STM32WBxx_HAL_Driver/Src/stm32wbxx_hal_flash.c ****     {
 553              		.loc 1 502 5 view .LVU152
 502:Drivers/STM32WBxx_HAL_Driver/Src/stm32wbxx_hal_flash.c ****     {
 554              		.loc 1 502 9 is_stmt 0 view .LVU153
 555 0016 5B69     		ldr	r3, [r3, #20]
 502:Drivers/STM32WBxx_HAL_Driver/Src/stm32wbxx_hal_flash.c ****     {
 556              		.loc 1 502 8 view .LVU154
 557 0018 13F0804F 		tst	r3, #1073741824
 558 001c 03D0     		beq	.L44
 492:Drivers/STM32WBxx_HAL_Driver/Src/stm32wbxx_hal_flash.c **** 
 559              		.loc 1 492 21 view .LVU155
 560 001e 0120     		movs	r0, #1
 561 0020 7047     		bx	lr
 562              	.L43:
 563 0022 0120     		movs	r0, #1
 564 0024 7047     		bx	lr
ARM GAS  /var/folders/98/ctz5mtps7w71v8dr53cf5qg40000gn/T//ccR9nXxY.s 			page 42


 565              	.L44:
 504:Drivers/STM32WBxx_HAL_Driver/Src/stm32wbxx_hal_flash.c ****     }
 566              		.loc 1 504 14 view .LVU156
 567 0026 0020     		movs	r0, #0
 568              	.LVL26:
 508:Drivers/STM32WBxx_HAL_Driver/Src/stm32wbxx_hal_flash.c **** }
 569              		.loc 1 508 3 is_stmt 1 view .LVU157
 509:Drivers/STM32WBxx_HAL_Driver/Src/stm32wbxx_hal_flash.c **** 
 570              		.loc 1 509 1 is_stmt 0 view .LVU158
 571 0028 7047     		bx	lr
 572              	.L46:
 573 002a 00BF     		.align	2
 574              	.L45:
 575 002c 00400058 		.word	1476411392
 576 0030 3B2A1908 		.word	135866939
 577              		.cfi_endproc
 578              	.LFE957:
 580              		.section	.text.HAL_FLASH_OB_Lock,"ax",%progbits
 581              		.align	1
 582              		.global	HAL_FLASH_OB_Lock
 583              		.syntax unified
 584              		.thumb
 585              		.thumb_func
 587              	HAL_FLASH_OB_Lock:
 588              	.LFB958:
 516:Drivers/STM32WBxx_HAL_Driver/Src/stm32wbxx_hal_flash.c ****   HAL_StatusTypeDef status = HAL_OK;
 589              		.loc 1 516 1 is_stmt 1 view -0
 590              		.cfi_startproc
 591              		@ args = 0, pretend = 0, frame = 0
 592              		@ frame_needed = 0, uses_anonymous_args = 0
 593              		@ link register save eliminated.
 517:Drivers/STM32WBxx_HAL_Driver/Src/stm32wbxx_hal_flash.c **** 
 594              		.loc 1 517 3 view .LVU160
 595              	.LVL27:
 521:Drivers/STM32WBxx_HAL_Driver/Src/stm32wbxx_hal_flash.c **** 
 596              		.loc 1 521 3 view .LVU161
 597 0000 064B     		ldr	r3, .L50
 598 0002 5A69     		ldr	r2, [r3, #20]
 599 0004 42F08042 		orr	r2, r2, #1073741824
 600 0008 5A61     		str	r2, [r3, #20]
 524:Drivers/STM32WBxx_HAL_Driver/Src/stm32wbxx_hal_flash.c ****   {
 601              		.loc 1 524 3 view .LVU162
 524:Drivers/STM32WBxx_HAL_Driver/Src/stm32wbxx_hal_flash.c ****   {
 602              		.loc 1 524 7 is_stmt 0 view .LVU163
 603 000a 5B69     		ldr	r3, [r3, #20]
 524:Drivers/STM32WBxx_HAL_Driver/Src/stm32wbxx_hal_flash.c ****   {
 604              		.loc 1 524 6 view .LVU164
 605 000c 13F0804F 		tst	r3, #1073741824
 606 0010 01D0     		beq	.L49
 517:Drivers/STM32WBxx_HAL_Driver/Src/stm32wbxx_hal_flash.c **** 
 607              		.loc 1 517 21 view .LVU165
 608 0012 0020     		movs	r0, #0
 609 0014 7047     		bx	lr
 610              	.L49:
 526:Drivers/STM32WBxx_HAL_Driver/Src/stm32wbxx_hal_flash.c ****   }
 611              		.loc 1 526 12 view .LVU166
 612 0016 0120     		movs	r0, #1
ARM GAS  /var/folders/98/ctz5mtps7w71v8dr53cf5qg40000gn/T//ccR9nXxY.s 			page 43


 613              	.LVL28:
 529:Drivers/STM32WBxx_HAL_Driver/Src/stm32wbxx_hal_flash.c **** }
 614              		.loc 1 529 3 is_stmt 1 view .LVU167
 530:Drivers/STM32WBxx_HAL_Driver/Src/stm32wbxx_hal_flash.c **** 
 615              		.loc 1 530 1 is_stmt 0 view .LVU168
 616 0018 7047     		bx	lr
 617              	.L51:
 618 001a 00BF     		.align	2
 619              	.L50:
 620 001c 00400058 		.word	1476411392
 621              		.cfi_endproc
 622              	.LFE958:
 624              		.section	.text.HAL_FLASH_OB_Launch,"ax",%progbits
 625              		.align	1
 626              		.global	HAL_FLASH_OB_Launch
 627              		.syntax unified
 628              		.thumb
 629              		.thumb_func
 631              	HAL_FLASH_OB_Launch:
 632              	.LFB959:
 537:Drivers/STM32WBxx_HAL_Driver/Src/stm32wbxx_hal_flash.c ****   /* Set the bit to force the option byte reloading */
 633              		.loc 1 537 1 is_stmt 1 view -0
 634              		.cfi_startproc
 635              		@ args = 0, pretend = 0, frame = 0
 636              		@ frame_needed = 0, uses_anonymous_args = 0
 637              		@ link register save eliminated.
 540:Drivers/STM32WBxx_HAL_Driver/Src/stm32wbxx_hal_flash.c **** 
 638              		.loc 1 540 3 view .LVU170
 639 0000 034A     		ldr	r2, .L53
 640 0002 5369     		ldr	r3, [r2, #20]
 641 0004 43F00063 		orr	r3, r3, #134217728
 642 0008 5361     		str	r3, [r2, #20]
 544:Drivers/STM32WBxx_HAL_Driver/Src/stm32wbxx_hal_flash.c **** }
 643              		.loc 1 544 3 view .LVU171
 545:Drivers/STM32WBxx_HAL_Driver/Src/stm32wbxx_hal_flash.c **** 
 644              		.loc 1 545 1 is_stmt 0 view .LVU172
 645 000a 0120     		movs	r0, #1
 646 000c 7047     		bx	lr
 647              	.L54:
 648 000e 00BF     		.align	2
 649              	.L53:
 650 0010 00400058 		.word	1476411392
 651              		.cfi_endproc
 652              	.LFE959:
 654              		.section	.text.HAL_FLASH_GetError,"ax",%progbits
 655              		.align	1
 656              		.global	HAL_FLASH_GetError
 657              		.syntax unified
 658              		.thumb
 659              		.thumb_func
 661              	HAL_FLASH_GetError:
 662              	.LFB960:
 581:Drivers/STM32WBxx_HAL_Driver/Src/stm32wbxx_hal_flash.c ****   return pFlash.ErrorCode;
 663              		.loc 1 581 1 is_stmt 1 view -0
 664              		.cfi_startproc
 665              		@ args = 0, pretend = 0, frame = 0
 666              		@ frame_needed = 0, uses_anonymous_args = 0
ARM GAS  /var/folders/98/ctz5mtps7w71v8dr53cf5qg40000gn/T//ccR9nXxY.s 			page 44


 667              		@ link register save eliminated.
 582:Drivers/STM32WBxx_HAL_Driver/Src/stm32wbxx_hal_flash.c **** }
 668              		.loc 1 582 3 view .LVU174
 583:Drivers/STM32WBxx_HAL_Driver/Src/stm32wbxx_hal_flash.c **** 
 669              		.loc 1 583 1 is_stmt 0 view .LVU175
 670 0000 014B     		ldr	r3, .L56
 671 0002 5868     		ldr	r0, [r3, #4]
 672 0004 7047     		bx	lr
 673              	.L57:
 674 0006 00BF     		.align	2
 675              	.L56:
 676 0008 00000000 		.word	pFlash
 677              		.cfi_endproc
 678              	.LFE960:
 680              		.section	.text.FLASH_WaitForLastOperation,"ax",%progbits
 681              		.align	1
 682              		.global	FLASH_WaitForLastOperation
 683              		.syntax unified
 684              		.thumb
 685              		.thumb_func
 687              	FLASH_WaitForLastOperation:
 688              	.LVL29:
 689              	.LFB961:
 605:Drivers/STM32WBxx_HAL_Driver/Src/stm32wbxx_hal_flash.c ****   uint32_t error;
 690              		.loc 1 605 1 is_stmt 1 view -0
 691              		.cfi_startproc
 692              		@ args = 0, pretend = 0, frame = 0
 693              		@ frame_needed = 0, uses_anonymous_args = 0
 605:Drivers/STM32WBxx_HAL_Driver/Src/stm32wbxx_hal_flash.c ****   uint32_t error;
 694              		.loc 1 605 1 is_stmt 0 view .LVU177
 695 0000 38B5     		push	{r3, r4, r5, lr}
 696              	.LCFI3:
 697              		.cfi_def_cfa_offset 16
 698              		.cfi_offset 3, -16
 699              		.cfi_offset 4, -12
 700              		.cfi_offset 5, -8
 701              		.cfi_offset 14, -4
 702 0002 0546     		mov	r5, r0
 606:Drivers/STM32WBxx_HAL_Driver/Src/stm32wbxx_hal_flash.c ****   uint32_t tickstart = HAL_GetTick();
 703              		.loc 1 606 3 is_stmt 1 view .LVU178
 607:Drivers/STM32WBxx_HAL_Driver/Src/stm32wbxx_hal_flash.c **** 
 704              		.loc 1 607 3 view .LVU179
 607:Drivers/STM32WBxx_HAL_Driver/Src/stm32wbxx_hal_flash.c **** 
 705              		.loc 1 607 24 is_stmt 0 view .LVU180
 706 0004 FFF7FEFF 		bl	HAL_GetTick
 707              	.LVL30:
 607:Drivers/STM32WBxx_HAL_Driver/Src/stm32wbxx_hal_flash.c **** 
 708              		.loc 1 607 24 view .LVU181
 709 0008 0446     		mov	r4, r0
 710              	.LVL31:
 612:Drivers/STM32WBxx_HAL_Driver/Src/stm32wbxx_hal_flash.c ****   {
 711              		.loc 1 612 3 is_stmt 1 view .LVU182
 712              	.L59:
 612:Drivers/STM32WBxx_HAL_Driver/Src/stm32wbxx_hal_flash.c ****   {
 713              		.loc 1 612 10 view .LVU183
 714 000a 1E4B     		ldr	r3, .L74
 715 000c 1B69     		ldr	r3, [r3, #16]
ARM GAS  /var/folders/98/ctz5mtps7w71v8dr53cf5qg40000gn/T//ccR9nXxY.s 			page 45


 716 000e 13F4803F 		tst	r3, #65536
 717 0012 06D0     		beq	.L71
 614:Drivers/STM32WBxx_HAL_Driver/Src/stm32wbxx_hal_flash.c ****     {
 718              		.loc 1 614 5 view .LVU184
 614:Drivers/STM32WBxx_HAL_Driver/Src/stm32wbxx_hal_flash.c ****     {
 719              		.loc 1 614 10 is_stmt 0 view .LVU185
 720 0014 FFF7FEFF 		bl	HAL_GetTick
 721              	.LVL32:
 614:Drivers/STM32WBxx_HAL_Driver/Src/stm32wbxx_hal_flash.c ****     {
 722              		.loc 1 614 24 discriminator 1 view .LVU186
 723 0018 001B     		subs	r0, r0, r4
 614:Drivers/STM32WBxx_HAL_Driver/Src/stm32wbxx_hal_flash.c ****     {
 724              		.loc 1 614 8 discriminator 1 view .LVU187
 725 001a A842     		cmp	r0, r5
 726 001c F5D3     		bcc	.L59
 616:Drivers/STM32WBxx_HAL_Driver/Src/stm32wbxx_hal_flash.c ****     }
 727              		.loc 1 616 14 view .LVU188
 728 001e 0320     		movs	r0, #3
 729              	.L60:
 667:Drivers/STM32WBxx_HAL_Driver/Src/stm32wbxx_hal_flash.c **** 
 730              		.loc 1 667 1 view .LVU189
 731 0020 38BD     		pop	{r3, r4, r5, pc}
 732              	.LVL33:
 733              	.L71:
 621:Drivers/STM32WBxx_HAL_Driver/Src/stm32wbxx_hal_flash.c **** 
 734              		.loc 1 621 3 is_stmt 1 view .LVU190
 621:Drivers/STM32WBxx_HAL_Driver/Src/stm32wbxx_hal_flash.c **** 
 735              		.loc 1 621 9 is_stmt 0 view .LVU191
 736 0022 184B     		ldr	r3, .L74
 737 0024 1B69     		ldr	r3, [r3, #16]
 738              	.LVL34:
 624:Drivers/STM32WBxx_HAL_Driver/Src/stm32wbxx_hal_flash.c ****   {
 739              		.loc 1 624 3 is_stmt 1 view .LVU192
 624:Drivers/STM32WBxx_HAL_Driver/Src/stm32wbxx_hal_flash.c ****   {
 740              		.loc 1 624 6 is_stmt 0 view .LVU193
 741 0026 13F0010F 		tst	r3, #1
 742 002a 02D0     		beq	.L62
 627:Drivers/STM32WBxx_HAL_Driver/Src/stm32wbxx_hal_flash.c ****   }
 743              		.loc 1 627 5 is_stmt 1 view .LVU194
 627:Drivers/STM32WBxx_HAL_Driver/Src/stm32wbxx_hal_flash.c ****   }
 744              		.loc 1 627 5 view .LVU195
 627:Drivers/STM32WBxx_HAL_Driver/Src/stm32wbxx_hal_flash.c ****   }
 745              		.loc 1 627 5 discriminator 3 view .LVU196
 627:Drivers/STM32WBxx_HAL_Driver/Src/stm32wbxx_hal_flash.c ****   }
 746              		.loc 1 627 5 discriminator 4 view .LVU197
 747 002c 154A     		ldr	r2, .L74
 748 002e 0121     		movs	r1, #1
 749 0030 1161     		str	r1, [r2, #16]
 750              	.L62:
 627:Drivers/STM32WBxx_HAL_Driver/Src/stm32wbxx_hal_flash.c ****   }
 751              		.loc 1 627 5 discriminator 6 view .LVU198
 634:Drivers/STM32WBxx_HAL_Driver/Src/stm32wbxx_hal_flash.c ****   {
 752              		.loc 1 634 3 view .LVU199
 634:Drivers/STM32WBxx_HAL_Driver/Src/stm32wbxx_hal_flash.c ****   {
 753              		.loc 1 634 6 is_stmt 0 view .LVU200
 754 0032 13F4004F 		tst	r3, #32768
 755 0036 15D1     		bne	.L63
ARM GAS  /var/folders/98/ctz5mtps7w71v8dr53cf5qg40000gn/T//ccR9nXxY.s 			page 46


 644:Drivers/STM32WBxx_HAL_Driver/Src/stm32wbxx_hal_flash.c **** 
 756              		.loc 1 644 3 is_stmt 1 view .LVU201
 644:Drivers/STM32WBxx_HAL_Driver/Src/stm32wbxx_hal_flash.c **** 
 757              		.loc 1 644 9 is_stmt 0 view .LVU202
 758 0038 4CF2FA31 		movw	r1, #50170
 759 003c 1940     		ands	r1, r1, r3
 760              	.LVL35:
 647:Drivers/STM32WBxx_HAL_Driver/Src/stm32wbxx_hal_flash.c **** 
 761              		.loc 1 647 3 is_stmt 1 view .LVU203
 647:Drivers/STM32WBxx_HAL_Driver/Src/stm32wbxx_hal_flash.c **** 
 762              		.loc 1 647 3 view .LVU204
 763              	.L64:
 647:Drivers/STM32WBxx_HAL_Driver/Src/stm32wbxx_hal_flash.c **** 
 764              		.loc 1 647 3 discriminator 3 view .LVU205
 765 003e 4CF2FA32 		movw	r2, #50170
 766 0042 1340     		ands	r3, r3, r2
 767 0044 01D0     		beq	.L65
 647:Drivers/STM32WBxx_HAL_Driver/Src/stm32wbxx_hal_flash.c **** 
 768              		.loc 1 647 3 discriminator 4 view .LVU206
 769 0046 0F4A     		ldr	r2, .L74
 770 0048 1361     		str	r3, [r2, #16]
 771              	.L65:
 647:Drivers/STM32WBxx_HAL_Driver/Src/stm32wbxx_hal_flash.c **** 
 772              		.loc 1 647 3 discriminator 6 view .LVU207
 649:Drivers/STM32WBxx_HAL_Driver/Src/stm32wbxx_hal_flash.c ****   {
 773              		.loc 1 649 3 view .LVU208
 649:Drivers/STM32WBxx_HAL_Driver/Src/stm32wbxx_hal_flash.c ****   {
 774              		.loc 1 649 6 is_stmt 0 view .LVU209
 775 004a A9B9     		cbnz	r1, .L72
 776              	.LVL36:
 777              	.L66:
 658:Drivers/STM32WBxx_HAL_Driver/Src/stm32wbxx_hal_flash.c ****   {
 778              		.loc 1 658 10 is_stmt 1 view .LVU210
 779 004c 0D4B     		ldr	r3, .L74
 780 004e 1B69     		ldr	r3, [r3, #16]
 781 0050 13F4802F 		tst	r3, #262144
 782 0054 14D0     		beq	.L73
 660:Drivers/STM32WBxx_HAL_Driver/Src/stm32wbxx_hal_flash.c ****     {
 783              		.loc 1 660 5 view .LVU211
 660:Drivers/STM32WBxx_HAL_Driver/Src/stm32wbxx_hal_flash.c ****     {
 784              		.loc 1 660 10 is_stmt 0 view .LVU212
 785 0056 FFF7FEFF 		bl	HAL_GetTick
 786              	.LVL37:
 660:Drivers/STM32WBxx_HAL_Driver/Src/stm32wbxx_hal_flash.c ****     {
 787              		.loc 1 660 24 discriminator 1 view .LVU213
 788 005a 001B     		subs	r0, r0, r4
 660:Drivers/STM32WBxx_HAL_Driver/Src/stm32wbxx_hal_flash.c ****     {
 789              		.loc 1 660 8 discriminator 1 view .LVU214
 790 005c A842     		cmp	r0, r5
 791 005e F5D3     		bcc	.L66
 662:Drivers/STM32WBxx_HAL_Driver/Src/stm32wbxx_hal_flash.c ****     }
 792              		.loc 1 662 14 view .LVU215
 793 0060 0320     		movs	r0, #3
 794 0062 DDE7     		b	.L60
 795              	.LVL38:
 796              	.L63:
 637:Drivers/STM32WBxx_HAL_Driver/Src/stm32wbxx_hal_flash.c **** 
ARM GAS  /var/folders/98/ctz5mtps7w71v8dr53cf5qg40000gn/T//ccR9nXxY.s 			page 47


 797              		.loc 1 637 5 is_stmt 1 view .LVU216
 637:Drivers/STM32WBxx_HAL_Driver/Src/stm32wbxx_hal_flash.c **** 
 798              		.loc 1 637 5 view .LVU217
 637:Drivers/STM32WBxx_HAL_Driver/Src/stm32wbxx_hal_flash.c **** 
 799              		.loc 1 637 5 discriminator 3 view .LVU218
 637:Drivers/STM32WBxx_HAL_Driver/Src/stm32wbxx_hal_flash.c **** 
 800              		.loc 1 637 5 discriminator 4 view .LVU219
 801 0064 074A     		ldr	r2, .L74
 802 0066 4FF40041 		mov	r1, #32768
 803 006a 1161     		str	r1, [r2, #16]
 637:Drivers/STM32WBxx_HAL_Driver/Src/stm32wbxx_hal_flash.c **** 
 804              		.loc 1 637 5 discriminator 6 view .LVU220
 640:Drivers/STM32WBxx_HAL_Driver/Src/stm32wbxx_hal_flash.c ****   }
 805              		.loc 1 640 5 view .LVU221
 640:Drivers/STM32WBxx_HAL_Driver/Src/stm32wbxx_hal_flash.c ****   }
 806              		.loc 1 640 11 is_stmt 0 view .LVU222
 807 006c 23F40043 		bic	r3, r3, #32768
 808              	.LVL39:
 644:Drivers/STM32WBxx_HAL_Driver/Src/stm32wbxx_hal_flash.c **** 
 809              		.loc 1 644 3 is_stmt 1 view .LVU223
 644:Drivers/STM32WBxx_HAL_Driver/Src/stm32wbxx_hal_flash.c **** 
 810              		.loc 1 644 9 is_stmt 0 view .LVU224
 811 0070 4CF2FA31 		movw	r1, #50170
 812 0074 1940     		ands	r1, r1, r3
 813              	.LVL40:
 647:Drivers/STM32WBxx_HAL_Driver/Src/stm32wbxx_hal_flash.c **** 
 814              		.loc 1 647 3 is_stmt 1 view .LVU225
 647:Drivers/STM32WBxx_HAL_Driver/Src/stm32wbxx_hal_flash.c **** 
 815              		.loc 1 647 3 view .LVU226
 816 0076 E2E7     		b	.L64
 817              	.L72:
 652:Drivers/STM32WBxx_HAL_Driver/Src/stm32wbxx_hal_flash.c **** 
 818              		.loc 1 652 5 view .LVU227
 652:Drivers/STM32WBxx_HAL_Driver/Src/stm32wbxx_hal_flash.c **** 
 819              		.loc 1 652 22 is_stmt 0 view .LVU228
 820 0078 034B     		ldr	r3, .L74+4
 821 007a 5960     		str	r1, [r3, #4]
 654:Drivers/STM32WBxx_HAL_Driver/Src/stm32wbxx_hal_flash.c ****   }
 822              		.loc 1 654 5 is_stmt 1 view .LVU229
 654:Drivers/STM32WBxx_HAL_Driver/Src/stm32wbxx_hal_flash.c ****   }
 823              		.loc 1 654 12 is_stmt 0 view .LVU230
 824 007c 0120     		movs	r0, #1
 825 007e CFE7     		b	.L60
 826              	.LVL41:
 827              	.L73:
 666:Drivers/STM32WBxx_HAL_Driver/Src/stm32wbxx_hal_flash.c **** }
 828              		.loc 1 666 10 view .LVU231
 829 0080 0020     		movs	r0, #0
 830 0082 CDE7     		b	.L60
 831              	.L75:
 832              		.align	2
 833              	.L74:
 834 0084 00400058 		.word	1476411392
 835 0088 00000000 		.word	pFlash
 836              		.cfi_endproc
 837              	.LFE961:
 839              		.section	.text.HAL_FLASH_Program,"ax",%progbits
ARM GAS  /var/folders/98/ctz5mtps7w71v8dr53cf5qg40000gn/T//ccR9nXxY.s 			page 48


 840              		.align	1
 841              		.global	HAL_FLASH_Program
 842              		.syntax unified
 843              		.thumb
 844              		.thumb_func
 846              	HAL_FLASH_Program:
 847              	.LVL42:
 848              	.LFB950:
 178:Drivers/STM32WBxx_HAL_Driver/Src/stm32wbxx_hal_flash.c ****   HAL_StatusTypeDef status;
 849              		.loc 1 178 1 is_stmt 1 view -0
 850              		.cfi_startproc
 851              		@ args = 0, pretend = 0, frame = 0
 852              		@ frame_needed = 0, uses_anonymous_args = 0
 178:Drivers/STM32WBxx_HAL_Driver/Src/stm32wbxx_hal_flash.c ****   HAL_StatusTypeDef status;
 853              		.loc 1 178 1 is_stmt 0 view .LVU233
 854 0000 F8B5     		push	{r3, r4, r5, r6, r7, lr}
 855              	.LCFI4:
 856              		.cfi_def_cfa_offset 24
 857              		.cfi_offset 3, -24
 858              		.cfi_offset 4, -20
 859              		.cfi_offset 5, -16
 860              		.cfi_offset 6, -12
 861              		.cfi_offset 7, -8
 862              		.cfi_offset 14, -4
 863 0002 1F46     		mov	r7, r3
 179:Drivers/STM32WBxx_HAL_Driver/Src/stm32wbxx_hal_flash.c **** 
 864              		.loc 1 179 3 is_stmt 1 view .LVU234
 182:Drivers/STM32WBxx_HAL_Driver/Src/stm32wbxx_hal_flash.c ****   assert_param(IS_ADDR_ALIGNED_64BITS(Address));
 865              		.loc 1 182 3 view .LVU235
 183:Drivers/STM32WBxx_HAL_Driver/Src/stm32wbxx_hal_flash.c ****   assert_param(IS_FLASH_PROGRAM_ADDRESS(Address));
 866              		.loc 1 183 3 view .LVU236
 184:Drivers/STM32WBxx_HAL_Driver/Src/stm32wbxx_hal_flash.c **** 
 867              		.loc 1 184 3 view .LVU237
 187:Drivers/STM32WBxx_HAL_Driver/Src/stm32wbxx_hal_flash.c **** 
 868              		.loc 1 187 3 view .LVU238
 187:Drivers/STM32WBxx_HAL_Driver/Src/stm32wbxx_hal_flash.c **** 
 869              		.loc 1 187 3 view .LVU239
 870 0004 154B     		ldr	r3, .L84
 871 0006 1B78     		ldrb	r3, [r3]	@ zero_extendqisi2
 872 0008 012B     		cmp	r3, #1
 873 000a 25D0     		beq	.L81
 874 000c 0446     		mov	r4, r0
 875 000e 0D46     		mov	r5, r1
 876 0010 1646     		mov	r6, r2
 187:Drivers/STM32WBxx_HAL_Driver/Src/stm32wbxx_hal_flash.c **** 
 877              		.loc 1 187 3 discriminator 2 view .LVU240
 878 0012 124B     		ldr	r3, .L84
 879 0014 0122     		movs	r2, #1
 880              	.LVL43:
 187:Drivers/STM32WBxx_HAL_Driver/Src/stm32wbxx_hal_flash.c **** 
 881              		.loc 1 187 3 is_stmt 0 discriminator 2 view .LVU241
 882 0016 1A70     		strb	r2, [r3]
 187:Drivers/STM32WBxx_HAL_Driver/Src/stm32wbxx_hal_flash.c **** 
 883              		.loc 1 187 3 is_stmt 1 view .LVU242
 190:Drivers/STM32WBxx_HAL_Driver/Src/stm32wbxx_hal_flash.c **** 
 884              		.loc 1 190 3 view .LVU243
 190:Drivers/STM32WBxx_HAL_Driver/Src/stm32wbxx_hal_flash.c **** 
ARM GAS  /var/folders/98/ctz5mtps7w71v8dr53cf5qg40000gn/T//ccR9nXxY.s 			page 49


 885              		.loc 1 190 20 is_stmt 0 view .LVU244
 886 0018 0022     		movs	r2, #0
 887 001a 5A60     		str	r2, [r3, #4]
 193:Drivers/STM32WBxx_HAL_Driver/Src/stm32wbxx_hal_flash.c **** 
 888              		.loc 1 193 3 is_stmt 1 view .LVU245
 193:Drivers/STM32WBxx_HAL_Driver/Src/stm32wbxx_hal_flash.c **** 
 889              		.loc 1 193 12 is_stmt 0 view .LVU246
 890 001c 4FF47A70 		mov	r0, #1000
 891              	.LVL44:
 193:Drivers/STM32WBxx_HAL_Driver/Src/stm32wbxx_hal_flash.c **** 
 892              		.loc 1 193 12 view .LVU247
 893 0020 FFF7FEFF 		bl	FLASH_WaitForLastOperation
 894              	.LVL45:
 195:Drivers/STM32WBxx_HAL_Driver/Src/stm32wbxx_hal_flash.c ****   {
 895              		.loc 1 195 3 is_stmt 1 view .LVU248
 195:Drivers/STM32WBxx_HAL_Driver/Src/stm32wbxx_hal_flash.c ****   {
 896              		.loc 1 195 6 is_stmt 0 view .LVU249
 897 0024 70B9     		cbnz	r0, .L78
 197:Drivers/STM32WBxx_HAL_Driver/Src/stm32wbxx_hal_flash.c ****     {
 898              		.loc 1 197 5 is_stmt 1 view .LVU250
 197:Drivers/STM32WBxx_HAL_Driver/Src/stm32wbxx_hal_flash.c ****     {
 899              		.loc 1 197 8 is_stmt 0 view .LVU251
 900 0026 012C     		cmp	r4, #1
 901 0028 10D0     		beq	.L83
 208:Drivers/STM32WBxx_HAL_Driver/Src/stm32wbxx_hal_flash.c **** 
 902              		.loc 1 208 7 is_stmt 1 view .LVU252
 211:Drivers/STM32WBxx_HAL_Driver/Src/stm32wbxx_hal_flash.c ****     }
 903              		.loc 1 211 7 view .LVU253
 904 002a 3146     		mov	r1, r6
 905 002c 2846     		mov	r0, r5
 906              	.LVL46:
 211:Drivers/STM32WBxx_HAL_Driver/Src/stm32wbxx_hal_flash.c ****     }
 907              		.loc 1 211 7 is_stmt 0 view .LVU254
 908 002e FFF7FEFF 		bl	FLASH_Program_Fast
 909              	.LVL47:
 910              	.L80:
 215:Drivers/STM32WBxx_HAL_Driver/Src/stm32wbxx_hal_flash.c **** 
 911              		.loc 1 215 5 is_stmt 1 view .LVU255
 215:Drivers/STM32WBxx_HAL_Driver/Src/stm32wbxx_hal_flash.c **** 
 912              		.loc 1 215 14 is_stmt 0 view .LVU256
 913 0032 4FF47A70 		mov	r0, #1000
 914 0036 FFF7FEFF 		bl	FLASH_WaitForLastOperation
 915              	.LVL48:
 218:Drivers/STM32WBxx_HAL_Driver/Src/stm32wbxx_hal_flash.c ****   }
 916              		.loc 1 218 5 is_stmt 1 view .LVU257
 917 003a 094A     		ldr	r2, .L84+4
 918 003c 5369     		ldr	r3, [r2, #20]
 919 003e 23EA0403 		bic	r3, r3, r4
 920 0042 5361     		str	r3, [r2, #20]
 921              	.L78:
 222:Drivers/STM32WBxx_HAL_Driver/Src/stm32wbxx_hal_flash.c **** 
 922              		.loc 1 222 3 view .LVU258
 222:Drivers/STM32WBxx_HAL_Driver/Src/stm32wbxx_hal_flash.c **** 
 923              		.loc 1 222 3 view .LVU259
 924 0044 054B     		ldr	r3, .L84
 925 0046 0022     		movs	r2, #0
 926 0048 1A70     		strb	r2, [r3]
ARM GAS  /var/folders/98/ctz5mtps7w71v8dr53cf5qg40000gn/T//ccR9nXxY.s 			page 50


 222:Drivers/STM32WBxx_HAL_Driver/Src/stm32wbxx_hal_flash.c **** 
 927              		.loc 1 222 3 view .LVU260
 225:Drivers/STM32WBxx_HAL_Driver/Src/stm32wbxx_hal_flash.c **** }
 928              		.loc 1 225 3 view .LVU261
 929              	.LVL49:
 930              	.L77:
 226:Drivers/STM32WBxx_HAL_Driver/Src/stm32wbxx_hal_flash.c **** 
 931              		.loc 1 226 1 is_stmt 0 view .LVU262
 932 004a F8BD     		pop	{r3, r4, r5, r6, r7, pc}
 933              	.LVL50:
 934              	.L83:
 200:Drivers/STM32WBxx_HAL_Driver/Src/stm32wbxx_hal_flash.c **** 
 935              		.loc 1 200 7 is_stmt 1 view .LVU263
 203:Drivers/STM32WBxx_HAL_Driver/Src/stm32wbxx_hal_flash.c ****     }
 936              		.loc 1 203 7 view .LVU264
 937 004c 3246     		mov	r2, r6
 938 004e 3B46     		mov	r3, r7
 939 0050 2846     		mov	r0, r5
 940              	.LVL51:
 203:Drivers/STM32WBxx_HAL_Driver/Src/stm32wbxx_hal_flash.c ****     }
 941              		.loc 1 203 7 is_stmt 0 view .LVU265
 942 0052 FFF7FEFF 		bl	FLASH_Program_DoubleWord
 943              	.LVL52:
 944 0056 ECE7     		b	.L80
 945              	.LVL53:
 946              	.L81:
 187:Drivers/STM32WBxx_HAL_Driver/Src/stm32wbxx_hal_flash.c **** 
 947              		.loc 1 187 3 discriminator 1 view .LVU266
 948 0058 0220     		movs	r0, #2
 949              	.LVL54:
 187:Drivers/STM32WBxx_HAL_Driver/Src/stm32wbxx_hal_flash.c **** 
 950              		.loc 1 187 3 discriminator 1 view .LVU267
 951 005a F6E7     		b	.L77
 952              	.L85:
 953              		.align	2
 954              	.L84:
 955 005c 00000000 		.word	pFlash
 956 0060 00400058 		.word	1476411392
 957              		.cfi_endproc
 958              	.LFE950:
 960              		.section	.text.HAL_FLASH_Program_IT,"ax",%progbits
 961              		.align	1
 962              		.global	HAL_FLASH_Program_IT
 963              		.syntax unified
 964              		.thumb
 965              		.thumb_func
 967              	HAL_FLASH_Program_IT:
 968              	.LVL55:
 969              	.LFB951:
 242:Drivers/STM32WBxx_HAL_Driver/Src/stm32wbxx_hal_flash.c ****   HAL_StatusTypeDef status;
 970              		.loc 1 242 1 is_stmt 1 view -0
 971              		.cfi_startproc
 972              		@ args = 0, pretend = 0, frame = 0
 973              		@ frame_needed = 0, uses_anonymous_args = 0
 242:Drivers/STM32WBxx_HAL_Driver/Src/stm32wbxx_hal_flash.c ****   HAL_StatusTypeDef status;
 974              		.loc 1 242 1 is_stmt 0 view .LVU269
 975 0000 2DE9F041 		push	{r4, r5, r6, r7, r8, lr}
ARM GAS  /var/folders/98/ctz5mtps7w71v8dr53cf5qg40000gn/T//ccR9nXxY.s 			page 51


 976              	.LCFI5:
 977              		.cfi_def_cfa_offset 24
 978              		.cfi_offset 4, -24
 979              		.cfi_offset 5, -20
 980              		.cfi_offset 6, -16
 981              		.cfi_offset 7, -12
 982              		.cfi_offset 8, -8
 983              		.cfi_offset 14, -4
 984 0004 1646     		mov	r6, r2
 243:Drivers/STM32WBxx_HAL_Driver/Src/stm32wbxx_hal_flash.c **** 
 985              		.loc 1 243 3 is_stmt 1 view .LVU270
 246:Drivers/STM32WBxx_HAL_Driver/Src/stm32wbxx_hal_flash.c ****   assert_param(IS_ADDR_ALIGNED_64BITS(Address));
 986              		.loc 1 246 3 view .LVU271
 247:Drivers/STM32WBxx_HAL_Driver/Src/stm32wbxx_hal_flash.c ****   assert_param(IS_FLASH_PROGRAM_ADDRESS(Address));
 987              		.loc 1 247 3 view .LVU272
 248:Drivers/STM32WBxx_HAL_Driver/Src/stm32wbxx_hal_flash.c **** 
 988              		.loc 1 248 3 view .LVU273
 251:Drivers/STM32WBxx_HAL_Driver/Src/stm32wbxx_hal_flash.c **** 
 989              		.loc 1 251 3 view .LVU274
 251:Drivers/STM32WBxx_HAL_Driver/Src/stm32wbxx_hal_flash.c **** 
 990              		.loc 1 251 3 view .LVU275
 991 0006 184A     		ldr	r2, .L93
 992              	.LVL56:
 251:Drivers/STM32WBxx_HAL_Driver/Src/stm32wbxx_hal_flash.c **** 
 993              		.loc 1 251 3 is_stmt 0 view .LVU276
 994 0008 1278     		ldrb	r2, [r2]	@ zero_extendqisi2
 995 000a 012A     		cmp	r2, #1
 996 000c 28D0     		beq	.L90
 997 000e 0446     		mov	r4, r0
 998 0010 0D46     		mov	r5, r1
 999 0012 1F46     		mov	r7, r3
 251:Drivers/STM32WBxx_HAL_Driver/Src/stm32wbxx_hal_flash.c **** 
 1000              		.loc 1 251 3 is_stmt 1 discriminator 2 view .LVU277
 1001 0014 144A     		ldr	r2, .L93
 1002 0016 0123     		movs	r3, #1
 1003 0018 1370     		strb	r3, [r2]
 251:Drivers/STM32WBxx_HAL_Driver/Src/stm32wbxx_hal_flash.c **** 
 1004              		.loc 1 251 3 view .LVU278
 254:Drivers/STM32WBxx_HAL_Driver/Src/stm32wbxx_hal_flash.c **** 
 1005              		.loc 1 254 3 view .LVU279
 254:Drivers/STM32WBxx_HAL_Driver/Src/stm32wbxx_hal_flash.c **** 
 1006              		.loc 1 254 20 is_stmt 0 view .LVU280
 1007 001a 0023     		movs	r3, #0
 1008 001c 5360     		str	r3, [r2, #4]
 257:Drivers/STM32WBxx_HAL_Driver/Src/stm32wbxx_hal_flash.c **** 
 1009              		.loc 1 257 3 is_stmt 1 view .LVU281
 257:Drivers/STM32WBxx_HAL_Driver/Src/stm32wbxx_hal_flash.c **** 
 1010              		.loc 1 257 12 is_stmt 0 view .LVU282
 1011 001e 4FF47A70 		mov	r0, #1000
 1012              	.LVL57:
 257:Drivers/STM32WBxx_HAL_Driver/Src/stm32wbxx_hal_flash.c **** 
 1013              		.loc 1 257 12 view .LVU283
 1014 0022 FFF7FEFF 		bl	FLASH_WaitForLastOperation
 1015              	.LVL58:
 259:Drivers/STM32WBxx_HAL_Driver/Src/stm32wbxx_hal_flash.c ****   {
 1016              		.loc 1 259 3 is_stmt 1 view .LVU284
 259:Drivers/STM32WBxx_HAL_Driver/Src/stm32wbxx_hal_flash.c ****   {
ARM GAS  /var/folders/98/ctz5mtps7w71v8dr53cf5qg40000gn/T//ccR9nXxY.s 			page 52


 1017              		.loc 1 259 6 is_stmt 0 view .LVU285
 1018 0026 8046     		mov	r8, r0
 1019 0028 28B1     		cbz	r0, .L88
 262:Drivers/STM32WBxx_HAL_Driver/Src/stm32wbxx_hal_flash.c ****   }
 1020              		.loc 1 262 5 is_stmt 1 view .LVU286
 262:Drivers/STM32WBxx_HAL_Driver/Src/stm32wbxx_hal_flash.c ****   }
 1021              		.loc 1 262 5 view .LVU287
 1022 002a 0F4B     		ldr	r3, .L93
 1023 002c 0022     		movs	r2, #0
 1024 002e 1A70     		strb	r2, [r3]
 262:Drivers/STM32WBxx_HAL_Driver/Src/stm32wbxx_hal_flash.c ****   }
 1025              		.loc 1 262 5 view .LVU288
 1026              	.LVL59:
 1027              	.L87:
 293:Drivers/STM32WBxx_HAL_Driver/Src/stm32wbxx_hal_flash.c **** 
 1028              		.loc 1 293 1 is_stmt 0 view .LVU289
 1029 0030 4046     		mov	r0, r8
 1030 0032 BDE8F081 		pop	{r4, r5, r6, r7, r8, pc}
 1031              	.LVL60:
 1032              	.L88:
 267:Drivers/STM32WBxx_HAL_Driver/Src/stm32wbxx_hal_flash.c ****     pFlash.Address = Address;
 1033              		.loc 1 267 5 is_stmt 1 view .LVU290
 267:Drivers/STM32WBxx_HAL_Driver/Src/stm32wbxx_hal_flash.c ****     pFlash.Address = Address;
 1034              		.loc 1 267 29 is_stmt 0 view .LVU291
 1035 0036 0C4B     		ldr	r3, .L93
 1036 0038 9C60     		str	r4, [r3, #8]
 268:Drivers/STM32WBxx_HAL_Driver/Src/stm32wbxx_hal_flash.c **** 
 1037              		.loc 1 268 5 is_stmt 1 view .LVU292
 268:Drivers/STM32WBxx_HAL_Driver/Src/stm32wbxx_hal_flash.c **** 
 1038              		.loc 1 268 20 is_stmt 0 view .LVU293
 1039 003a DD60     		str	r5, [r3, #12]
 271:Drivers/STM32WBxx_HAL_Driver/Src/stm32wbxx_hal_flash.c **** 
 1040              		.loc 1 271 5 is_stmt 1 view .LVU294
 271:Drivers/STM32WBxx_HAL_Driver/Src/stm32wbxx_hal_flash.c **** 
 1041              		.loc 1 271 5 view .LVU295
 271:Drivers/STM32WBxx_HAL_Driver/Src/stm32wbxx_hal_flash.c **** 
 1042              		.loc 1 271 5 discriminator 3 view .LVU296
 271:Drivers/STM32WBxx_HAL_Driver/Src/stm32wbxx_hal_flash.c **** 
 1043              		.loc 1 271 5 discriminator 4 view .LVU297
 1044 003c 0B4A     		ldr	r2, .L93+4
 1045 003e 5369     		ldr	r3, [r2, #20]
 1046 0040 43F04073 		orr	r3, r3, #50331648
 1047 0044 5361     		str	r3, [r2, #20]
 271:Drivers/STM32WBxx_HAL_Driver/Src/stm32wbxx_hal_flash.c **** 
 1048              		.loc 1 271 5 discriminator 6 view .LVU298
 273:Drivers/STM32WBxx_HAL_Driver/Src/stm32wbxx_hal_flash.c ****     {
 1049              		.loc 1 273 5 view .LVU299
 273:Drivers/STM32WBxx_HAL_Driver/Src/stm32wbxx_hal_flash.c ****     {
 1050              		.loc 1 273 8 is_stmt 0 view .LVU300
 1051 0046 012C     		cmp	r4, #1
 1052 0048 04D0     		beq	.L92
 284:Drivers/STM32WBxx_HAL_Driver/Src/stm32wbxx_hal_flash.c **** 
 1053              		.loc 1 284 7 is_stmt 1 view .LVU301
 287:Drivers/STM32WBxx_HAL_Driver/Src/stm32wbxx_hal_flash.c ****     }
 1054              		.loc 1 287 7 view .LVU302
 1055 004a 3146     		mov	r1, r6
 1056 004c 2846     		mov	r0, r5
ARM GAS  /var/folders/98/ctz5mtps7w71v8dr53cf5qg40000gn/T//ccR9nXxY.s 			page 53


 1057              	.LVL61:
 287:Drivers/STM32WBxx_HAL_Driver/Src/stm32wbxx_hal_flash.c ****     }
 1058              		.loc 1 287 7 is_stmt 0 view .LVU303
 1059 004e FFF7FEFF 		bl	FLASH_Program_Fast
 1060              	.LVL62:
 1061 0052 EDE7     		b	.L87
 1062              	.LVL63:
 1063              	.L92:
 276:Drivers/STM32WBxx_HAL_Driver/Src/stm32wbxx_hal_flash.c **** 
 1064              		.loc 1 276 7 is_stmt 1 view .LVU304
 279:Drivers/STM32WBxx_HAL_Driver/Src/stm32wbxx_hal_flash.c ****     }
 1065              		.loc 1 279 7 view .LVU305
 1066 0054 3246     		mov	r2, r6
 1067 0056 3B46     		mov	r3, r7
 1068 0058 2846     		mov	r0, r5
 1069              	.LVL64:
 279:Drivers/STM32WBxx_HAL_Driver/Src/stm32wbxx_hal_flash.c ****     }
 1070              		.loc 1 279 7 is_stmt 0 view .LVU306
 1071 005a FFF7FEFF 		bl	FLASH_Program_DoubleWord
 1072              	.LVL65:
 1073 005e E7E7     		b	.L87
 1074              	.LVL66:
 1075              	.L90:
 251:Drivers/STM32WBxx_HAL_Driver/Src/stm32wbxx_hal_flash.c **** 
 1076              		.loc 1 251 3 discriminator 1 view .LVU307
 1077 0060 4FF00208 		mov	r8, #2
 1078 0064 E4E7     		b	.L87
 1079              	.L94:
 1080 0066 00BF     		.align	2
 1081              	.L93:
 1082 0068 00000000 		.word	pFlash
 1083 006c 00400058 		.word	1476411392
 1084              		.cfi_endproc
 1085              	.LFE951:
 1087              		.global	pFlash
 1088              		.section	.bss.pFlash,"aw",%nobits
 1089              		.align	2
 1092              	pFlash:
 1093 0000 00000000 		.space	24
 1093      00000000 
 1093      00000000 
 1093      00000000 
 1093      00000000 
 1094              		.text
 1095              	.Letext0:
 1096              		.file 3 "/Users/yevhenvazhynskyi/Drivers/arm-gnu-toolchain-14.2.rel1-darwin-arm64-arm-none-eabi/ar
 1097              		.file 4 "/Users/yevhenvazhynskyi/Drivers/arm-gnu-toolchain-14.2.rel1-darwin-arm64-arm-none-eabi/ar
 1098              		.file 5 "Drivers/CMSIS/Device/ST/STM32WBxx/Include/stm32wb55xx.h"
 1099              		.file 6 "Drivers/STM32WBxx_HAL_Driver/Inc/stm32wbxx_hal_def.h"
 1100              		.file 7 "Drivers/STM32WBxx_HAL_Driver/Inc/stm32wbxx_hal_flash.h"
 1101              		.file 8 "Drivers/STM32WBxx_HAL_Driver/Inc/stm32wbxx_hal.h"
 1102              		.file 9 "Drivers/STM32WBxx_HAL_Driver/Inc/stm32wbxx_hal_flash_ex.h"
ARM GAS  /var/folders/98/ctz5mtps7w71v8dr53cf5qg40000gn/T//ccR9nXxY.s 			page 54


DEFINED SYMBOLS
                            *ABS*:00000000 stm32wbxx_hal_flash.c
/var/folders/98/ctz5mtps7w71v8dr53cf5qg40000gn/T//ccR9nXxY.s:21     .text.FLASH_Program_DoubleWord:00000000 $t
/var/folders/98/ctz5mtps7w71v8dr53cf5qg40000gn/T//ccR9nXxY.s:26     .text.FLASH_Program_DoubleWord:00000000 FLASH_Program_DoubleWord
/var/folders/98/ctz5mtps7w71v8dr53cf5qg40000gn/T//ccR9nXxY.s:74     .text.FLASH_Program_DoubleWord:0000001c $d
/var/folders/98/ctz5mtps7w71v8dr53cf5qg40000gn/T//ccR9nXxY.s:79     .RamFunc:00000000 $t
/var/folders/98/ctz5mtps7w71v8dr53cf5qg40000gn/T//ccR9nXxY.s:84     .RamFunc:00000000 FLASH_Program_Fast
/var/folders/98/ctz5mtps7w71v8dr53cf5qg40000gn/T//ccR9nXxY.s:184    .RamFunc:00000034 $d
/var/folders/98/ctz5mtps7w71v8dr53cf5qg40000gn/T//ccR9nXxY.s:189    .text.HAL_FLASH_EndOfOperationCallback:00000000 $t
/var/folders/98/ctz5mtps7w71v8dr53cf5qg40000gn/T//ccR9nXxY.s:195    .text.HAL_FLASH_EndOfOperationCallback:00000000 HAL_FLASH_EndOfOperationCallback
/var/folders/98/ctz5mtps7w71v8dr53cf5qg40000gn/T//ccR9nXxY.s:210    .text.HAL_FLASH_OperationErrorCallback:00000000 $t
/var/folders/98/ctz5mtps7w71v8dr53cf5qg40000gn/T//ccR9nXxY.s:216    .text.HAL_FLASH_OperationErrorCallback:00000000 HAL_FLASH_OperationErrorCallback
/var/folders/98/ctz5mtps7w71v8dr53cf5qg40000gn/T//ccR9nXxY.s:231    .text.HAL_FLASH_IRQHandler:00000000 $t
/var/folders/98/ctz5mtps7w71v8dr53cf5qg40000gn/T//ccR9nXxY.s:237    .text.HAL_FLASH_IRQHandler:00000000 HAL_FLASH_IRQHandler
/var/folders/98/ctz5mtps7w71v8dr53cf5qg40000gn/T//ccR9nXxY.s:414    .text.HAL_FLASH_IRQHandler:000000b0 $d
/var/folders/98/ctz5mtps7w71v8dr53cf5qg40000gn/T//ccR9nXxY.s:1092   .bss.pFlash:00000000 pFlash
/var/folders/98/ctz5mtps7w71v8dr53cf5qg40000gn/T//ccR9nXxY.s:421    .text.HAL_FLASH_Unlock:00000000 $t
/var/folders/98/ctz5mtps7w71v8dr53cf5qg40000gn/T//ccR9nXxY.s:427    .text.HAL_FLASH_Unlock:00000000 HAL_FLASH_Unlock
/var/folders/98/ctz5mtps7w71v8dr53cf5qg40000gn/T//ccR9nXxY.s:473    .text.HAL_FLASH_Unlock:00000028 $d
/var/folders/98/ctz5mtps7w71v8dr53cf5qg40000gn/T//ccR9nXxY.s:479    .text.HAL_FLASH_Lock:00000000 $t
/var/folders/98/ctz5mtps7w71v8dr53cf5qg40000gn/T//ccR9nXxY.s:485    .text.HAL_FLASH_Lock:00000000 HAL_FLASH_Lock
/var/folders/98/ctz5mtps7w71v8dr53cf5qg40000gn/T//ccR9nXxY.s:519    .text.HAL_FLASH_Lock:00000018 $d
/var/folders/98/ctz5mtps7w71v8dr53cf5qg40000gn/T//ccR9nXxY.s:524    .text.HAL_FLASH_OB_Unlock:00000000 $t
/var/folders/98/ctz5mtps7w71v8dr53cf5qg40000gn/T//ccR9nXxY.s:530    .text.HAL_FLASH_OB_Unlock:00000000 HAL_FLASH_OB_Unlock
/var/folders/98/ctz5mtps7w71v8dr53cf5qg40000gn/T//ccR9nXxY.s:575    .text.HAL_FLASH_OB_Unlock:0000002c $d
/var/folders/98/ctz5mtps7w71v8dr53cf5qg40000gn/T//ccR9nXxY.s:581    .text.HAL_FLASH_OB_Lock:00000000 $t
/var/folders/98/ctz5mtps7w71v8dr53cf5qg40000gn/T//ccR9nXxY.s:587    .text.HAL_FLASH_OB_Lock:00000000 HAL_FLASH_OB_Lock
/var/folders/98/ctz5mtps7w71v8dr53cf5qg40000gn/T//ccR9nXxY.s:620    .text.HAL_FLASH_OB_Lock:0000001c $d
/var/folders/98/ctz5mtps7w71v8dr53cf5qg40000gn/T//ccR9nXxY.s:625    .text.HAL_FLASH_OB_Launch:00000000 $t
/var/folders/98/ctz5mtps7w71v8dr53cf5qg40000gn/T//ccR9nXxY.s:631    .text.HAL_FLASH_OB_Launch:00000000 HAL_FLASH_OB_Launch
/var/folders/98/ctz5mtps7w71v8dr53cf5qg40000gn/T//ccR9nXxY.s:650    .text.HAL_FLASH_OB_Launch:00000010 $d
/var/folders/98/ctz5mtps7w71v8dr53cf5qg40000gn/T//ccR9nXxY.s:655    .text.HAL_FLASH_GetError:00000000 $t
/var/folders/98/ctz5mtps7w71v8dr53cf5qg40000gn/T//ccR9nXxY.s:661    .text.HAL_FLASH_GetError:00000000 HAL_FLASH_GetError
/var/folders/98/ctz5mtps7w71v8dr53cf5qg40000gn/T//ccR9nXxY.s:676    .text.HAL_FLASH_GetError:00000008 $d
/var/folders/98/ctz5mtps7w71v8dr53cf5qg40000gn/T//ccR9nXxY.s:681    .text.FLASH_WaitForLastOperation:00000000 $t
/var/folders/98/ctz5mtps7w71v8dr53cf5qg40000gn/T//ccR9nXxY.s:687    .text.FLASH_WaitForLastOperation:00000000 FLASH_WaitForLastOperation
/var/folders/98/ctz5mtps7w71v8dr53cf5qg40000gn/T//ccR9nXxY.s:834    .text.FLASH_WaitForLastOperation:00000084 $d
/var/folders/98/ctz5mtps7w71v8dr53cf5qg40000gn/T//ccR9nXxY.s:840    .text.HAL_FLASH_Program:00000000 $t
/var/folders/98/ctz5mtps7w71v8dr53cf5qg40000gn/T//ccR9nXxY.s:846    .text.HAL_FLASH_Program:00000000 HAL_FLASH_Program
/var/folders/98/ctz5mtps7w71v8dr53cf5qg40000gn/T//ccR9nXxY.s:955    .text.HAL_FLASH_Program:0000005c $d
/var/folders/98/ctz5mtps7w71v8dr53cf5qg40000gn/T//ccR9nXxY.s:961    .text.HAL_FLASH_Program_IT:00000000 $t
/var/folders/98/ctz5mtps7w71v8dr53cf5qg40000gn/T//ccR9nXxY.s:967    .text.HAL_FLASH_Program_IT:00000000 HAL_FLASH_Program_IT
/var/folders/98/ctz5mtps7w71v8dr53cf5qg40000gn/T//ccR9nXxY.s:1082   .text.HAL_FLASH_Program_IT:00000068 $d
/var/folders/98/ctz5mtps7w71v8dr53cf5qg40000gn/T//ccR9nXxY.s:1089   .bss.pFlash:00000000 $d

UNDEFINED SYMBOLS
FLASH_PageErase
HAL_GetTick
