ARM GAS  /var/folders/98/ctz5mtps7w71v8dr53cf5qg40000gn/T//cc9xrYDe.s 			page 1


   1              		.cpu cortex-m4
   2              		.arch armv7e-m
   3              		.fpu fpv4-sp-d16
   4              		.eabi_attribute 27, 1
   5              		.eabi_attribute 28, 1
   6              		.eabi_attribute 20, 1
   7              		.eabi_attribute 21, 1
   8              		.eabi_attribute 23, 3
   9              		.eabi_attribute 24, 1
  10              		.eabi_attribute 25, 1
  11              		.eabi_attribute 26, 1
  12              		.eabi_attribute 30, 1
  13              		.eabi_attribute 34, 1
  14              		.eabi_attribute 18, 4
  15              		.file	"stm32wbxx_hal_dma.c"
  16              		.text
  17              	.Ltext0:
  18              		.cfi_sections	.debug_frame
  19              		.file 1 "Drivers/STM32WBxx_HAL_Driver/Src/stm32wbxx_hal_dma.c"
  20              		.section	.text.DMA_SetConfig,"ax",%progbits
  21              		.align	1
  22              		.syntax unified
  23              		.thumb
  24              		.thumb_func
  26              	DMA_SetConfig:
  27              	.LVL0:
  28              	.LFB962:
   1:Drivers/STM32WBxx_HAL_Driver/Src/stm32wbxx_hal_dma.c **** /**
   2:Drivers/STM32WBxx_HAL_Driver/Src/stm32wbxx_hal_dma.c ****   ******************************************************************************
   3:Drivers/STM32WBxx_HAL_Driver/Src/stm32wbxx_hal_dma.c ****   * @file    stm32wbxx_hal_dma.c
   4:Drivers/STM32WBxx_HAL_Driver/Src/stm32wbxx_hal_dma.c ****   * @author  MCD Application Team
   5:Drivers/STM32WBxx_HAL_Driver/Src/stm32wbxx_hal_dma.c ****   * @brief   DMA HAL module driver.
   6:Drivers/STM32WBxx_HAL_Driver/Src/stm32wbxx_hal_dma.c ****   *         This file provides firmware functions to manage the following
   7:Drivers/STM32WBxx_HAL_Driver/Src/stm32wbxx_hal_dma.c ****   *         functionalities of the Direct Memory Access (DMA) peripheral:
   8:Drivers/STM32WBxx_HAL_Driver/Src/stm32wbxx_hal_dma.c ****   *           + Initialization and de-initialization functions
   9:Drivers/STM32WBxx_HAL_Driver/Src/stm32wbxx_hal_dma.c ****   *           + IO operation functions
  10:Drivers/STM32WBxx_HAL_Driver/Src/stm32wbxx_hal_dma.c ****   *           + Peripheral State and errors functions
  11:Drivers/STM32WBxx_HAL_Driver/Src/stm32wbxx_hal_dma.c ****   ******************************************************************************
  12:Drivers/STM32WBxx_HAL_Driver/Src/stm32wbxx_hal_dma.c ****   * @attention
  13:Drivers/STM32WBxx_HAL_Driver/Src/stm32wbxx_hal_dma.c ****   *
  14:Drivers/STM32WBxx_HAL_Driver/Src/stm32wbxx_hal_dma.c ****   * Copyright (c) 2019 STMicroelectronics.
  15:Drivers/STM32WBxx_HAL_Driver/Src/stm32wbxx_hal_dma.c ****   * All rights reserved.
  16:Drivers/STM32WBxx_HAL_Driver/Src/stm32wbxx_hal_dma.c ****   *
  17:Drivers/STM32WBxx_HAL_Driver/Src/stm32wbxx_hal_dma.c ****   * This software is licensed under terms that can be found in the LICENSE file
  18:Drivers/STM32WBxx_HAL_Driver/Src/stm32wbxx_hal_dma.c ****   * in the root directory of this software component.
  19:Drivers/STM32WBxx_HAL_Driver/Src/stm32wbxx_hal_dma.c ****   * If no LICENSE file comes with this software, it is provided AS-IS.
  20:Drivers/STM32WBxx_HAL_Driver/Src/stm32wbxx_hal_dma.c ****   *
  21:Drivers/STM32WBxx_HAL_Driver/Src/stm32wbxx_hal_dma.c ****   ******************************************************************************
  22:Drivers/STM32WBxx_HAL_Driver/Src/stm32wbxx_hal_dma.c ****   @verbatim
  23:Drivers/STM32WBxx_HAL_Driver/Src/stm32wbxx_hal_dma.c ****   ==============================================================================
  24:Drivers/STM32WBxx_HAL_Driver/Src/stm32wbxx_hal_dma.c ****                         ##### How to use this driver #####
  25:Drivers/STM32WBxx_HAL_Driver/Src/stm32wbxx_hal_dma.c ****   ==============================================================================
  26:Drivers/STM32WBxx_HAL_Driver/Src/stm32wbxx_hal_dma.c ****   [..]
  27:Drivers/STM32WBxx_HAL_Driver/Src/stm32wbxx_hal_dma.c ****    (#) Enable and configure the peripheral to be connected to the DMA Channel
  28:Drivers/STM32WBxx_HAL_Driver/Src/stm32wbxx_hal_dma.c ****        (except for internal SRAM / FLASH memories: no initialization is
  29:Drivers/STM32WBxx_HAL_Driver/Src/stm32wbxx_hal_dma.c ****        necessary). Please refer to the Reference manual for connection between peripherals
  30:Drivers/STM32WBxx_HAL_Driver/Src/stm32wbxx_hal_dma.c ****        and DMA requests.
ARM GAS  /var/folders/98/ctz5mtps7w71v8dr53cf5qg40000gn/T//cc9xrYDe.s 			page 2


  31:Drivers/STM32WBxx_HAL_Driver/Src/stm32wbxx_hal_dma.c **** 
  32:Drivers/STM32WBxx_HAL_Driver/Src/stm32wbxx_hal_dma.c ****    (#) For a given Channel, program the required configuration through the following parameters:
  33:Drivers/STM32WBxx_HAL_Driver/Src/stm32wbxx_hal_dma.c ****        Channel request, Transfer Direction, Source and Destination data formats,
  34:Drivers/STM32WBxx_HAL_Driver/Src/stm32wbxx_hal_dma.c ****        Circular or Normal mode, Channel Priority level, Source and Destination Increment mode
  35:Drivers/STM32WBxx_HAL_Driver/Src/stm32wbxx_hal_dma.c ****        using HAL_DMA_Init() function.
  36:Drivers/STM32WBxx_HAL_Driver/Src/stm32wbxx_hal_dma.c **** 
  37:Drivers/STM32WBxx_HAL_Driver/Src/stm32wbxx_hal_dma.c ****        Prior to HAL_DMA_Init the peripheral clock shall be enabled for both DMA & DMAMUX
  38:Drivers/STM32WBxx_HAL_Driver/Src/stm32wbxx_hal_dma.c ****        thanks to:
  39:Drivers/STM32WBxx_HAL_Driver/Src/stm32wbxx_hal_dma.c ****       (##) DMA1 or DMA2: __HAL_RCC_DMA1_CLK_ENABLE() or  __HAL_RCC_DMA2_CLK_ENABLE() ;
  40:Drivers/STM32WBxx_HAL_Driver/Src/stm32wbxx_hal_dma.c ****       (##) DMAMUX1:      __HAL_RCC_DMAMUX1_CLK_ENABLE();
  41:Drivers/STM32WBxx_HAL_Driver/Src/stm32wbxx_hal_dma.c **** 
  42:Drivers/STM32WBxx_HAL_Driver/Src/stm32wbxx_hal_dma.c ****    (#) Use HAL_DMA_GetState() function to return the DMA state and HAL_DMA_GetError() in case of er
  43:Drivers/STM32WBxx_HAL_Driver/Src/stm32wbxx_hal_dma.c ****        detection.
  44:Drivers/STM32WBxx_HAL_Driver/Src/stm32wbxx_hal_dma.c **** 
  45:Drivers/STM32WBxx_HAL_Driver/Src/stm32wbxx_hal_dma.c ****    (#) Use HAL_DMA_Abort() function to abort the current transfer
  46:Drivers/STM32WBxx_HAL_Driver/Src/stm32wbxx_hal_dma.c **** 
  47:Drivers/STM32WBxx_HAL_Driver/Src/stm32wbxx_hal_dma.c ****      -@-   In Memory-to-Memory transfer mode, Circular mode is not allowed.
  48:Drivers/STM32WBxx_HAL_Driver/Src/stm32wbxx_hal_dma.c **** 
  49:Drivers/STM32WBxx_HAL_Driver/Src/stm32wbxx_hal_dma.c ****      *** Polling mode IO operation ***
  50:Drivers/STM32WBxx_HAL_Driver/Src/stm32wbxx_hal_dma.c ****      =================================
  51:Drivers/STM32WBxx_HAL_Driver/Src/stm32wbxx_hal_dma.c ****     [..]
  52:Drivers/STM32WBxx_HAL_Driver/Src/stm32wbxx_hal_dma.c ****           (+) Use HAL_DMA_Start() to start DMA transfer after the configuration of Source
  53:Drivers/STM32WBxx_HAL_Driver/Src/stm32wbxx_hal_dma.c ****               address and destination address and the Length of data to be transferred
  54:Drivers/STM32WBxx_HAL_Driver/Src/stm32wbxx_hal_dma.c ****           (+) Use HAL_DMA_PollForTransfer() to poll for the end of current transfer, in this
  55:Drivers/STM32WBxx_HAL_Driver/Src/stm32wbxx_hal_dma.c ****               case a fixed Timeout can be configured by User depending from his application.
  56:Drivers/STM32WBxx_HAL_Driver/Src/stm32wbxx_hal_dma.c **** 
  57:Drivers/STM32WBxx_HAL_Driver/Src/stm32wbxx_hal_dma.c ****      *** Interrupt mode IO operation ***
  58:Drivers/STM32WBxx_HAL_Driver/Src/stm32wbxx_hal_dma.c ****      ===================================
  59:Drivers/STM32WBxx_HAL_Driver/Src/stm32wbxx_hal_dma.c ****     [..]
  60:Drivers/STM32WBxx_HAL_Driver/Src/stm32wbxx_hal_dma.c ****           (+) Configure the DMA interrupt priority using HAL_NVIC_SetPriority()
  61:Drivers/STM32WBxx_HAL_Driver/Src/stm32wbxx_hal_dma.c ****           (+) Enable the DMA IRQ handler using HAL_NVIC_EnableIRQ()
  62:Drivers/STM32WBxx_HAL_Driver/Src/stm32wbxx_hal_dma.c ****           (+) Use HAL_DMA_Start_IT() to start DMA transfer after the configuration of
  63:Drivers/STM32WBxx_HAL_Driver/Src/stm32wbxx_hal_dma.c ****               Source address and destination address and the Length of data to be transferred.
  64:Drivers/STM32WBxx_HAL_Driver/Src/stm32wbxx_hal_dma.c ****               In this case the DMA interrupt is configured
  65:Drivers/STM32WBxx_HAL_Driver/Src/stm32wbxx_hal_dma.c ****           (+) Use HAL_DMA_IRQHandler() called under DMA_IRQHandler() Interrupt subroutine
  66:Drivers/STM32WBxx_HAL_Driver/Src/stm32wbxx_hal_dma.c ****           (+) At the end of data transfer HAL_DMA_IRQHandler() function is executed and user can
  67:Drivers/STM32WBxx_HAL_Driver/Src/stm32wbxx_hal_dma.c ****               add his own function to register callbacks with HAL_DMA_RegisterCallback().
  68:Drivers/STM32WBxx_HAL_Driver/Src/stm32wbxx_hal_dma.c **** 
  69:Drivers/STM32WBxx_HAL_Driver/Src/stm32wbxx_hal_dma.c ****      *** DMA HAL driver macros list ***
  70:Drivers/STM32WBxx_HAL_Driver/Src/stm32wbxx_hal_dma.c ****      =============================================
  71:Drivers/STM32WBxx_HAL_Driver/Src/stm32wbxx_hal_dma.c ****       [..]
  72:Drivers/STM32WBxx_HAL_Driver/Src/stm32wbxx_hal_dma.c ****        Below the list of macros in DMA HAL driver.
  73:Drivers/STM32WBxx_HAL_Driver/Src/stm32wbxx_hal_dma.c **** 
  74:Drivers/STM32WBxx_HAL_Driver/Src/stm32wbxx_hal_dma.c ****        (+) __HAL_DMA_ENABLE: Enable the specified DMA Channel.
  75:Drivers/STM32WBxx_HAL_Driver/Src/stm32wbxx_hal_dma.c ****        (+) __HAL_DMA_DISABLE: Disable the specified DMA Channel.
  76:Drivers/STM32WBxx_HAL_Driver/Src/stm32wbxx_hal_dma.c ****        (+) __HAL_DMA_GET_FLAG: Get the DMA Channel pending flags.
  77:Drivers/STM32WBxx_HAL_Driver/Src/stm32wbxx_hal_dma.c ****        (+) __HAL_DMA_CLEAR_FLAG: Clear the DMA Channel pending flags.
  78:Drivers/STM32WBxx_HAL_Driver/Src/stm32wbxx_hal_dma.c ****        (+) __HAL_DMA_ENABLE_IT: Enable the specified DMA Channel interrupts.
  79:Drivers/STM32WBxx_HAL_Driver/Src/stm32wbxx_hal_dma.c ****        (+) __HAL_DMA_DISABLE_IT: Disable the specified DMA Channel interrupts.
  80:Drivers/STM32WBxx_HAL_Driver/Src/stm32wbxx_hal_dma.c ****        (+) __HAL_DMA_GET_IT_SOURCE: Check whether the specified DMA Channel interrupt is enabled or
  81:Drivers/STM32WBxx_HAL_Driver/Src/stm32wbxx_hal_dma.c **** 
  82:Drivers/STM32WBxx_HAL_Driver/Src/stm32wbxx_hal_dma.c ****      [..]
  83:Drivers/STM32WBxx_HAL_Driver/Src/stm32wbxx_hal_dma.c ****       (@) You can refer to the DMA HAL driver header file for more useful macros
  84:Drivers/STM32WBxx_HAL_Driver/Src/stm32wbxx_hal_dma.c **** 
  85:Drivers/STM32WBxx_HAL_Driver/Src/stm32wbxx_hal_dma.c ****   @endverbatim
  86:Drivers/STM32WBxx_HAL_Driver/Src/stm32wbxx_hal_dma.c ****   ******************************************************************************
  87:Drivers/STM32WBxx_HAL_Driver/Src/stm32wbxx_hal_dma.c ****   */
ARM GAS  /var/folders/98/ctz5mtps7w71v8dr53cf5qg40000gn/T//cc9xrYDe.s 			page 3


  88:Drivers/STM32WBxx_HAL_Driver/Src/stm32wbxx_hal_dma.c **** 
  89:Drivers/STM32WBxx_HAL_Driver/Src/stm32wbxx_hal_dma.c **** /* Includes ------------------------------------------------------------------*/
  90:Drivers/STM32WBxx_HAL_Driver/Src/stm32wbxx_hal_dma.c **** #include "stm32wbxx_hal.h"
  91:Drivers/STM32WBxx_HAL_Driver/Src/stm32wbxx_hal_dma.c **** 
  92:Drivers/STM32WBxx_HAL_Driver/Src/stm32wbxx_hal_dma.c **** /** @addtogroup STM32WBxx_HAL_Driver
  93:Drivers/STM32WBxx_HAL_Driver/Src/stm32wbxx_hal_dma.c ****   * @{
  94:Drivers/STM32WBxx_HAL_Driver/Src/stm32wbxx_hal_dma.c ****   */
  95:Drivers/STM32WBxx_HAL_Driver/Src/stm32wbxx_hal_dma.c **** 
  96:Drivers/STM32WBxx_HAL_Driver/Src/stm32wbxx_hal_dma.c **** /** @defgroup DMA DMA
  97:Drivers/STM32WBxx_HAL_Driver/Src/stm32wbxx_hal_dma.c ****   * @brief DMA HAL module driver
  98:Drivers/STM32WBxx_HAL_Driver/Src/stm32wbxx_hal_dma.c ****   * @{
  99:Drivers/STM32WBxx_HAL_Driver/Src/stm32wbxx_hal_dma.c ****   */
 100:Drivers/STM32WBxx_HAL_Driver/Src/stm32wbxx_hal_dma.c **** 
 101:Drivers/STM32WBxx_HAL_Driver/Src/stm32wbxx_hal_dma.c **** #ifdef HAL_DMA_MODULE_ENABLED
 102:Drivers/STM32WBxx_HAL_Driver/Src/stm32wbxx_hal_dma.c **** 
 103:Drivers/STM32WBxx_HAL_Driver/Src/stm32wbxx_hal_dma.c **** /* Private typedef -----------------------------------------------------------*/
 104:Drivers/STM32WBxx_HAL_Driver/Src/stm32wbxx_hal_dma.c **** /* Private define ------------------------------------------------------------*/
 105:Drivers/STM32WBxx_HAL_Driver/Src/stm32wbxx_hal_dma.c **** /* Private macro -------------------------------------------------------------*/
 106:Drivers/STM32WBxx_HAL_Driver/Src/stm32wbxx_hal_dma.c **** /* Private variables ---------------------------------------------------------*/
 107:Drivers/STM32WBxx_HAL_Driver/Src/stm32wbxx_hal_dma.c **** /* Private function prototypes -----------------------------------------------*/
 108:Drivers/STM32WBxx_HAL_Driver/Src/stm32wbxx_hal_dma.c **** /** @defgroup DMA_Private_Functions DMA Private Functions
 109:Drivers/STM32WBxx_HAL_Driver/Src/stm32wbxx_hal_dma.c ****   * @{
 110:Drivers/STM32WBxx_HAL_Driver/Src/stm32wbxx_hal_dma.c ****   */
 111:Drivers/STM32WBxx_HAL_Driver/Src/stm32wbxx_hal_dma.c **** static void DMA_SetConfig(DMA_HandleTypeDef *hdma, uint32_t SrcAddress, uint32_t DstAddress, uint32
 112:Drivers/STM32WBxx_HAL_Driver/Src/stm32wbxx_hal_dma.c **** static void DMA_CalcDMAMUXChannelBaseAndMask(DMA_HandleTypeDef *hdma);
 113:Drivers/STM32WBxx_HAL_Driver/Src/stm32wbxx_hal_dma.c **** static void DMA_CalcDMAMUXRequestGenBaseAndMask(DMA_HandleTypeDef *hdma);
 114:Drivers/STM32WBxx_HAL_Driver/Src/stm32wbxx_hal_dma.c **** 
 115:Drivers/STM32WBxx_HAL_Driver/Src/stm32wbxx_hal_dma.c **** /**
 116:Drivers/STM32WBxx_HAL_Driver/Src/stm32wbxx_hal_dma.c ****   * @}
 117:Drivers/STM32WBxx_HAL_Driver/Src/stm32wbxx_hal_dma.c ****   */
 118:Drivers/STM32WBxx_HAL_Driver/Src/stm32wbxx_hal_dma.c **** 
 119:Drivers/STM32WBxx_HAL_Driver/Src/stm32wbxx_hal_dma.c **** /* Exported functions ---------------------------------------------------------*/
 120:Drivers/STM32WBxx_HAL_Driver/Src/stm32wbxx_hal_dma.c **** 
 121:Drivers/STM32WBxx_HAL_Driver/Src/stm32wbxx_hal_dma.c **** /** @defgroup DMA_Exported_Functions DMA Exported Functions
 122:Drivers/STM32WBxx_HAL_Driver/Src/stm32wbxx_hal_dma.c ****   * @{
 123:Drivers/STM32WBxx_HAL_Driver/Src/stm32wbxx_hal_dma.c ****   */
 124:Drivers/STM32WBxx_HAL_Driver/Src/stm32wbxx_hal_dma.c **** 
 125:Drivers/STM32WBxx_HAL_Driver/Src/stm32wbxx_hal_dma.c **** /** @defgroup DMA_Exported_Functions_Group1 Initialization and de-initialization functions
 126:Drivers/STM32WBxx_HAL_Driver/Src/stm32wbxx_hal_dma.c ****   *  @brief   Initialization and de-initialization functions
 127:Drivers/STM32WBxx_HAL_Driver/Src/stm32wbxx_hal_dma.c ****   *
 128:Drivers/STM32WBxx_HAL_Driver/Src/stm32wbxx_hal_dma.c **** @verbatim
 129:Drivers/STM32WBxx_HAL_Driver/Src/stm32wbxx_hal_dma.c ****  ===============================================================================
 130:Drivers/STM32WBxx_HAL_Driver/Src/stm32wbxx_hal_dma.c ****              ##### Initialization and de-initialization functions  #####
 131:Drivers/STM32WBxx_HAL_Driver/Src/stm32wbxx_hal_dma.c ****  ===============================================================================
 132:Drivers/STM32WBxx_HAL_Driver/Src/stm32wbxx_hal_dma.c ****     [..]
 133:Drivers/STM32WBxx_HAL_Driver/Src/stm32wbxx_hal_dma.c ****     This section provides functions allowing to initialize the DMA Channel source
 134:Drivers/STM32WBxx_HAL_Driver/Src/stm32wbxx_hal_dma.c ****     and destination addresses, incrementation and data sizes, transfer direction,
 135:Drivers/STM32WBxx_HAL_Driver/Src/stm32wbxx_hal_dma.c ****     circular/normal mode selection, memory-to-memory mode selection and Channel priority value.
 136:Drivers/STM32WBxx_HAL_Driver/Src/stm32wbxx_hal_dma.c ****     [..]
 137:Drivers/STM32WBxx_HAL_Driver/Src/stm32wbxx_hal_dma.c ****     The HAL_DMA_Init() function follows the DMA configuration procedures as described in
 138:Drivers/STM32WBxx_HAL_Driver/Src/stm32wbxx_hal_dma.c ****     reference manual.
 139:Drivers/STM32WBxx_HAL_Driver/Src/stm32wbxx_hal_dma.c **** 
 140:Drivers/STM32WBxx_HAL_Driver/Src/stm32wbxx_hal_dma.c **** @endverbatim
 141:Drivers/STM32WBxx_HAL_Driver/Src/stm32wbxx_hal_dma.c ****   * @{
 142:Drivers/STM32WBxx_HAL_Driver/Src/stm32wbxx_hal_dma.c ****   */
 143:Drivers/STM32WBxx_HAL_Driver/Src/stm32wbxx_hal_dma.c **** 
 144:Drivers/STM32WBxx_HAL_Driver/Src/stm32wbxx_hal_dma.c **** /**
ARM GAS  /var/folders/98/ctz5mtps7w71v8dr53cf5qg40000gn/T//cc9xrYDe.s 			page 4


 145:Drivers/STM32WBxx_HAL_Driver/Src/stm32wbxx_hal_dma.c ****   * @brief  Initialize the DMA according to the specified
 146:Drivers/STM32WBxx_HAL_Driver/Src/stm32wbxx_hal_dma.c ****   *         parameters in the DMA_InitTypeDef and initialize the associated handle.
 147:Drivers/STM32WBxx_HAL_Driver/Src/stm32wbxx_hal_dma.c ****   * @param hdma Pointer to a DMA_HandleTypeDef structure that contains
 148:Drivers/STM32WBxx_HAL_Driver/Src/stm32wbxx_hal_dma.c ****   *               the configuration information for the specified DMA Channel.
 149:Drivers/STM32WBxx_HAL_Driver/Src/stm32wbxx_hal_dma.c ****   * @retval HAL status
 150:Drivers/STM32WBxx_HAL_Driver/Src/stm32wbxx_hal_dma.c ****   */
 151:Drivers/STM32WBxx_HAL_Driver/Src/stm32wbxx_hal_dma.c **** HAL_StatusTypeDef HAL_DMA_Init(DMA_HandleTypeDef *hdma)
 152:Drivers/STM32WBxx_HAL_Driver/Src/stm32wbxx_hal_dma.c **** {
 153:Drivers/STM32WBxx_HAL_Driver/Src/stm32wbxx_hal_dma.c ****   uint32_t tmp;
 154:Drivers/STM32WBxx_HAL_Driver/Src/stm32wbxx_hal_dma.c **** 
 155:Drivers/STM32WBxx_HAL_Driver/Src/stm32wbxx_hal_dma.c ****   /* Check the DMA handle allocation */
 156:Drivers/STM32WBxx_HAL_Driver/Src/stm32wbxx_hal_dma.c ****   if (hdma == NULL)
 157:Drivers/STM32WBxx_HAL_Driver/Src/stm32wbxx_hal_dma.c ****   {
 158:Drivers/STM32WBxx_HAL_Driver/Src/stm32wbxx_hal_dma.c ****     return HAL_ERROR;
 159:Drivers/STM32WBxx_HAL_Driver/Src/stm32wbxx_hal_dma.c ****   }
 160:Drivers/STM32WBxx_HAL_Driver/Src/stm32wbxx_hal_dma.c **** 
 161:Drivers/STM32WBxx_HAL_Driver/Src/stm32wbxx_hal_dma.c ****   /* Check the parameters */
 162:Drivers/STM32WBxx_HAL_Driver/Src/stm32wbxx_hal_dma.c ****   assert_param(IS_DMA_ALL_INSTANCE(hdma->Instance));
 163:Drivers/STM32WBxx_HAL_Driver/Src/stm32wbxx_hal_dma.c ****   assert_param(IS_DMA_DIRECTION(hdma->Init.Direction));
 164:Drivers/STM32WBxx_HAL_Driver/Src/stm32wbxx_hal_dma.c ****   assert_param(IS_DMA_PERIPHERAL_INC_STATE(hdma->Init.PeriphInc));
 165:Drivers/STM32WBxx_HAL_Driver/Src/stm32wbxx_hal_dma.c ****   assert_param(IS_DMA_MEMORY_INC_STATE(hdma->Init.MemInc));
 166:Drivers/STM32WBxx_HAL_Driver/Src/stm32wbxx_hal_dma.c ****   assert_param(IS_DMA_PERIPHERAL_DATA_SIZE(hdma->Init.PeriphDataAlignment));
 167:Drivers/STM32WBxx_HAL_Driver/Src/stm32wbxx_hal_dma.c ****   assert_param(IS_DMA_MEMORY_DATA_SIZE(hdma->Init.MemDataAlignment));
 168:Drivers/STM32WBxx_HAL_Driver/Src/stm32wbxx_hal_dma.c ****   assert_param(IS_DMA_MODE(hdma->Init.Mode));
 169:Drivers/STM32WBxx_HAL_Driver/Src/stm32wbxx_hal_dma.c ****   assert_param(IS_DMA_PRIORITY(hdma->Init.Priority));
 170:Drivers/STM32WBxx_HAL_Driver/Src/stm32wbxx_hal_dma.c **** 
 171:Drivers/STM32WBxx_HAL_Driver/Src/stm32wbxx_hal_dma.c ****   assert_param(IS_DMA_ALL_REQUEST(hdma->Init.Request));
 172:Drivers/STM32WBxx_HAL_Driver/Src/stm32wbxx_hal_dma.c **** 
 173:Drivers/STM32WBxx_HAL_Driver/Src/stm32wbxx_hal_dma.c **** #if defined(DMA2)
 174:Drivers/STM32WBxx_HAL_Driver/Src/stm32wbxx_hal_dma.c ****   /* Compute the channel index */
 175:Drivers/STM32WBxx_HAL_Driver/Src/stm32wbxx_hal_dma.c ****   if ((uint32_t)(hdma->Instance) < (uint32_t)(DMA2_Channel1))
 176:Drivers/STM32WBxx_HAL_Driver/Src/stm32wbxx_hal_dma.c ****   {
 177:Drivers/STM32WBxx_HAL_Driver/Src/stm32wbxx_hal_dma.c ****     /* DMA1 */
 178:Drivers/STM32WBxx_HAL_Driver/Src/stm32wbxx_hal_dma.c ****     hdma->ChannelIndex = (((uint32_t)hdma->Instance - (uint32_t)DMA1_Channel1) / ((uint32_t)DMA1_Ch
 179:Drivers/STM32WBxx_HAL_Driver/Src/stm32wbxx_hal_dma.c ****     hdma->DmaBaseAddress = DMA1;
 180:Drivers/STM32WBxx_HAL_Driver/Src/stm32wbxx_hal_dma.c ****   }
 181:Drivers/STM32WBxx_HAL_Driver/Src/stm32wbxx_hal_dma.c ****   else
 182:Drivers/STM32WBxx_HAL_Driver/Src/stm32wbxx_hal_dma.c ****   {
 183:Drivers/STM32WBxx_HAL_Driver/Src/stm32wbxx_hal_dma.c ****     /* DMA2 */
 184:Drivers/STM32WBxx_HAL_Driver/Src/stm32wbxx_hal_dma.c ****     hdma->ChannelIndex = (((uint32_t)hdma->Instance - (uint32_t)DMA2_Channel1) / ((uint32_t)DMA2_Ch
 185:Drivers/STM32WBxx_HAL_Driver/Src/stm32wbxx_hal_dma.c ****     hdma->DmaBaseAddress = DMA2;
 186:Drivers/STM32WBxx_HAL_Driver/Src/stm32wbxx_hal_dma.c ****   }
 187:Drivers/STM32WBxx_HAL_Driver/Src/stm32wbxx_hal_dma.c **** #else
 188:Drivers/STM32WBxx_HAL_Driver/Src/stm32wbxx_hal_dma.c ****   /* DMA1 */
 189:Drivers/STM32WBxx_HAL_Driver/Src/stm32wbxx_hal_dma.c ****   hdma->ChannelIndex = (((uint32_t)hdma->Instance - (uint32_t)DMA1_Channel1) / ((uint32_t)DMA1_Chan
 190:Drivers/STM32WBxx_HAL_Driver/Src/stm32wbxx_hal_dma.c ****   hdma->DmaBaseAddress = DMA1;
 191:Drivers/STM32WBxx_HAL_Driver/Src/stm32wbxx_hal_dma.c **** #endif /* DMA2 */
 192:Drivers/STM32WBxx_HAL_Driver/Src/stm32wbxx_hal_dma.c **** 
 193:Drivers/STM32WBxx_HAL_Driver/Src/stm32wbxx_hal_dma.c ****   /* Change DMA peripheral state */
 194:Drivers/STM32WBxx_HAL_Driver/Src/stm32wbxx_hal_dma.c ****   hdma->State = HAL_DMA_STATE_BUSY;
 195:Drivers/STM32WBxx_HAL_Driver/Src/stm32wbxx_hal_dma.c **** 
 196:Drivers/STM32WBxx_HAL_Driver/Src/stm32wbxx_hal_dma.c ****   /* Get the CR register value */
 197:Drivers/STM32WBxx_HAL_Driver/Src/stm32wbxx_hal_dma.c ****   tmp = hdma->Instance->CCR;
 198:Drivers/STM32WBxx_HAL_Driver/Src/stm32wbxx_hal_dma.c **** 
 199:Drivers/STM32WBxx_HAL_Driver/Src/stm32wbxx_hal_dma.c ****   /* Clear PL, MSIZE, PSIZE, MINC, PINC, CIRC, DIR and MEM2MEM bits */
 200:Drivers/STM32WBxx_HAL_Driver/Src/stm32wbxx_hal_dma.c ****   tmp &= ((uint32_t)~(DMA_CCR_PL    | DMA_CCR_MSIZE  | DMA_CCR_PSIZE  |
 201:Drivers/STM32WBxx_HAL_Driver/Src/stm32wbxx_hal_dma.c ****                       DMA_CCR_MINC  | DMA_CCR_PINC   | DMA_CCR_CIRC   |
ARM GAS  /var/folders/98/ctz5mtps7w71v8dr53cf5qg40000gn/T//cc9xrYDe.s 			page 5


 202:Drivers/STM32WBxx_HAL_Driver/Src/stm32wbxx_hal_dma.c ****                       DMA_CCR_DIR   | DMA_CCR_MEM2MEM));
 203:Drivers/STM32WBxx_HAL_Driver/Src/stm32wbxx_hal_dma.c **** 
 204:Drivers/STM32WBxx_HAL_Driver/Src/stm32wbxx_hal_dma.c ****   /* Prepare the DMA Channel configuration */
 205:Drivers/STM32WBxx_HAL_Driver/Src/stm32wbxx_hal_dma.c ****   tmp |=  hdma->Init.Direction        |
 206:Drivers/STM32WBxx_HAL_Driver/Src/stm32wbxx_hal_dma.c ****           hdma->Init.PeriphInc           | hdma->Init.MemInc           |
 207:Drivers/STM32WBxx_HAL_Driver/Src/stm32wbxx_hal_dma.c ****           hdma->Init.PeriphDataAlignment | hdma->Init.MemDataAlignment |
 208:Drivers/STM32WBxx_HAL_Driver/Src/stm32wbxx_hal_dma.c ****           hdma->Init.Mode                | hdma->Init.Priority;
 209:Drivers/STM32WBxx_HAL_Driver/Src/stm32wbxx_hal_dma.c **** 
 210:Drivers/STM32WBxx_HAL_Driver/Src/stm32wbxx_hal_dma.c ****   /* Write to DMA Channel CR register */
 211:Drivers/STM32WBxx_HAL_Driver/Src/stm32wbxx_hal_dma.c ****   hdma->Instance->CCR = tmp;
 212:Drivers/STM32WBxx_HAL_Driver/Src/stm32wbxx_hal_dma.c **** 
 213:Drivers/STM32WBxx_HAL_Driver/Src/stm32wbxx_hal_dma.c ****   /* Initialize parameters for DMAMUX channel :
 214:Drivers/STM32WBxx_HAL_Driver/Src/stm32wbxx_hal_dma.c ****      DMAmuxChannel, DMAmuxChannelStatus and DMAmuxChannelStatusMask
 215:Drivers/STM32WBxx_HAL_Driver/Src/stm32wbxx_hal_dma.c ****   */
 216:Drivers/STM32WBxx_HAL_Driver/Src/stm32wbxx_hal_dma.c ****   DMA_CalcDMAMUXChannelBaseAndMask(hdma);
 217:Drivers/STM32WBxx_HAL_Driver/Src/stm32wbxx_hal_dma.c **** 
 218:Drivers/STM32WBxx_HAL_Driver/Src/stm32wbxx_hal_dma.c ****   if (hdma->Init.Direction == DMA_MEMORY_TO_MEMORY)
 219:Drivers/STM32WBxx_HAL_Driver/Src/stm32wbxx_hal_dma.c ****   {
 220:Drivers/STM32WBxx_HAL_Driver/Src/stm32wbxx_hal_dma.c ****     /* if memory to memory force the request to 0*/
 221:Drivers/STM32WBxx_HAL_Driver/Src/stm32wbxx_hal_dma.c ****     hdma->Init.Request = DMA_REQUEST_MEM2MEM;
 222:Drivers/STM32WBxx_HAL_Driver/Src/stm32wbxx_hal_dma.c ****   }
 223:Drivers/STM32WBxx_HAL_Driver/Src/stm32wbxx_hal_dma.c **** 
 224:Drivers/STM32WBxx_HAL_Driver/Src/stm32wbxx_hal_dma.c ****   /* Set peripheral request  to DMAMUX channel */
 225:Drivers/STM32WBxx_HAL_Driver/Src/stm32wbxx_hal_dma.c ****   hdma->DMAmuxChannel->CCR = (hdma->Init.Request & DMAMUX_CxCR_DMAREQ_ID);
 226:Drivers/STM32WBxx_HAL_Driver/Src/stm32wbxx_hal_dma.c **** 
 227:Drivers/STM32WBxx_HAL_Driver/Src/stm32wbxx_hal_dma.c ****   /* Clear the DMAMUX synchro overrun flag */
 228:Drivers/STM32WBxx_HAL_Driver/Src/stm32wbxx_hal_dma.c ****   hdma->DMAmuxChannelStatus->CFR = hdma->DMAmuxChannelStatusMask;
 229:Drivers/STM32WBxx_HAL_Driver/Src/stm32wbxx_hal_dma.c **** 
 230:Drivers/STM32WBxx_HAL_Driver/Src/stm32wbxx_hal_dma.c ****   if (((hdma->Init.Request >  0U) && (hdma->Init.Request <= DMA_REQUEST_GENERATOR3)))
 231:Drivers/STM32WBxx_HAL_Driver/Src/stm32wbxx_hal_dma.c ****   {
 232:Drivers/STM32WBxx_HAL_Driver/Src/stm32wbxx_hal_dma.c ****     /* Initialize parameters for DMAMUX request generator :
 233:Drivers/STM32WBxx_HAL_Driver/Src/stm32wbxx_hal_dma.c ****        DMAmuxRequestGen, DMAmuxRequestGenStatus and DMAmuxRequestGenStatusMask
 234:Drivers/STM32WBxx_HAL_Driver/Src/stm32wbxx_hal_dma.c ****     */
 235:Drivers/STM32WBxx_HAL_Driver/Src/stm32wbxx_hal_dma.c ****     DMA_CalcDMAMUXRequestGenBaseAndMask(hdma);
 236:Drivers/STM32WBxx_HAL_Driver/Src/stm32wbxx_hal_dma.c **** 
 237:Drivers/STM32WBxx_HAL_Driver/Src/stm32wbxx_hal_dma.c ****     /* Reset the DMAMUX request generator register*/
 238:Drivers/STM32WBxx_HAL_Driver/Src/stm32wbxx_hal_dma.c ****     hdma->DMAmuxRequestGen->RGCR = 0U;
 239:Drivers/STM32WBxx_HAL_Driver/Src/stm32wbxx_hal_dma.c **** 
 240:Drivers/STM32WBxx_HAL_Driver/Src/stm32wbxx_hal_dma.c ****     /* Clear the DMAMUX request generator overrun flag */
 241:Drivers/STM32WBxx_HAL_Driver/Src/stm32wbxx_hal_dma.c ****     hdma->DMAmuxRequestGenStatus->RGCFR = hdma->DMAmuxRequestGenStatusMask;
 242:Drivers/STM32WBxx_HAL_Driver/Src/stm32wbxx_hal_dma.c ****   }
 243:Drivers/STM32WBxx_HAL_Driver/Src/stm32wbxx_hal_dma.c ****   else
 244:Drivers/STM32WBxx_HAL_Driver/Src/stm32wbxx_hal_dma.c ****   {
 245:Drivers/STM32WBxx_HAL_Driver/Src/stm32wbxx_hal_dma.c ****     hdma->DMAmuxRequestGen = 0U;
 246:Drivers/STM32WBxx_HAL_Driver/Src/stm32wbxx_hal_dma.c ****     hdma->DMAmuxRequestGenStatus = 0U;
 247:Drivers/STM32WBxx_HAL_Driver/Src/stm32wbxx_hal_dma.c ****     hdma->DMAmuxRequestGenStatusMask = 0U;
 248:Drivers/STM32WBxx_HAL_Driver/Src/stm32wbxx_hal_dma.c ****   }
 249:Drivers/STM32WBxx_HAL_Driver/Src/stm32wbxx_hal_dma.c **** 
 250:Drivers/STM32WBxx_HAL_Driver/Src/stm32wbxx_hal_dma.c ****   /* Initialize the error code */
 251:Drivers/STM32WBxx_HAL_Driver/Src/stm32wbxx_hal_dma.c ****   hdma->ErrorCode = HAL_DMA_ERROR_NONE;
 252:Drivers/STM32WBxx_HAL_Driver/Src/stm32wbxx_hal_dma.c **** 
 253:Drivers/STM32WBxx_HAL_Driver/Src/stm32wbxx_hal_dma.c ****   /* Initialize the DMA state*/
 254:Drivers/STM32WBxx_HAL_Driver/Src/stm32wbxx_hal_dma.c ****   hdma->State  = HAL_DMA_STATE_READY;
 255:Drivers/STM32WBxx_HAL_Driver/Src/stm32wbxx_hal_dma.c **** 
 256:Drivers/STM32WBxx_HAL_Driver/Src/stm32wbxx_hal_dma.c ****   /* Allocate lock resource and initialize it */
 257:Drivers/STM32WBxx_HAL_Driver/Src/stm32wbxx_hal_dma.c ****   hdma->Lock = HAL_UNLOCKED;
 258:Drivers/STM32WBxx_HAL_Driver/Src/stm32wbxx_hal_dma.c **** 
ARM GAS  /var/folders/98/ctz5mtps7w71v8dr53cf5qg40000gn/T//cc9xrYDe.s 			page 6


 259:Drivers/STM32WBxx_HAL_Driver/Src/stm32wbxx_hal_dma.c ****   return HAL_OK;
 260:Drivers/STM32WBxx_HAL_Driver/Src/stm32wbxx_hal_dma.c **** }
 261:Drivers/STM32WBxx_HAL_Driver/Src/stm32wbxx_hal_dma.c **** 
 262:Drivers/STM32WBxx_HAL_Driver/Src/stm32wbxx_hal_dma.c **** /**
 263:Drivers/STM32WBxx_HAL_Driver/Src/stm32wbxx_hal_dma.c ****   * @brief  DeInitialize the DMA peripheral.
 264:Drivers/STM32WBxx_HAL_Driver/Src/stm32wbxx_hal_dma.c ****   * @param hdma Pointer to a DMA_HandleTypeDef structure that contains
 265:Drivers/STM32WBxx_HAL_Driver/Src/stm32wbxx_hal_dma.c ****   *               the configuration information for the specified DMA Channel.
 266:Drivers/STM32WBxx_HAL_Driver/Src/stm32wbxx_hal_dma.c ****   * @retval HAL status
 267:Drivers/STM32WBxx_HAL_Driver/Src/stm32wbxx_hal_dma.c ****   */
 268:Drivers/STM32WBxx_HAL_Driver/Src/stm32wbxx_hal_dma.c **** HAL_StatusTypeDef HAL_DMA_DeInit(DMA_HandleTypeDef *hdma)
 269:Drivers/STM32WBxx_HAL_Driver/Src/stm32wbxx_hal_dma.c **** {
 270:Drivers/STM32WBxx_HAL_Driver/Src/stm32wbxx_hal_dma.c **** 
 271:Drivers/STM32WBxx_HAL_Driver/Src/stm32wbxx_hal_dma.c ****   /* Check the DMA handle allocation */
 272:Drivers/STM32WBxx_HAL_Driver/Src/stm32wbxx_hal_dma.c ****   if (NULL == hdma)
 273:Drivers/STM32WBxx_HAL_Driver/Src/stm32wbxx_hal_dma.c ****   {
 274:Drivers/STM32WBxx_HAL_Driver/Src/stm32wbxx_hal_dma.c ****     return HAL_ERROR;
 275:Drivers/STM32WBxx_HAL_Driver/Src/stm32wbxx_hal_dma.c ****   }
 276:Drivers/STM32WBxx_HAL_Driver/Src/stm32wbxx_hal_dma.c **** 
 277:Drivers/STM32WBxx_HAL_Driver/Src/stm32wbxx_hal_dma.c ****   /* Check the parameters */
 278:Drivers/STM32WBxx_HAL_Driver/Src/stm32wbxx_hal_dma.c ****   assert_param(IS_DMA_ALL_INSTANCE(hdma->Instance));
 279:Drivers/STM32WBxx_HAL_Driver/Src/stm32wbxx_hal_dma.c **** 
 280:Drivers/STM32WBxx_HAL_Driver/Src/stm32wbxx_hal_dma.c ****   /* Disable the selected DMA Channelx */
 281:Drivers/STM32WBxx_HAL_Driver/Src/stm32wbxx_hal_dma.c ****   __HAL_DMA_DISABLE(hdma);
 282:Drivers/STM32WBxx_HAL_Driver/Src/stm32wbxx_hal_dma.c **** 
 283:Drivers/STM32WBxx_HAL_Driver/Src/stm32wbxx_hal_dma.c **** #if defined(DMA2)
 284:Drivers/STM32WBxx_HAL_Driver/Src/stm32wbxx_hal_dma.c ****   /* Compute the channel index */
 285:Drivers/STM32WBxx_HAL_Driver/Src/stm32wbxx_hal_dma.c ****   if ((uint32_t)(hdma->Instance) < (uint32_t)(DMA2_Channel1))
 286:Drivers/STM32WBxx_HAL_Driver/Src/stm32wbxx_hal_dma.c ****   {
 287:Drivers/STM32WBxx_HAL_Driver/Src/stm32wbxx_hal_dma.c ****     /* DMA1 */
 288:Drivers/STM32WBxx_HAL_Driver/Src/stm32wbxx_hal_dma.c ****     hdma->ChannelIndex = (((uint32_t)hdma->Instance - (uint32_t)DMA1_Channel1) / ((uint32_t)DMA1_Ch
 289:Drivers/STM32WBxx_HAL_Driver/Src/stm32wbxx_hal_dma.c ****     hdma->DmaBaseAddress = DMA1;
 290:Drivers/STM32WBxx_HAL_Driver/Src/stm32wbxx_hal_dma.c ****   }
 291:Drivers/STM32WBxx_HAL_Driver/Src/stm32wbxx_hal_dma.c ****   else
 292:Drivers/STM32WBxx_HAL_Driver/Src/stm32wbxx_hal_dma.c ****   {
 293:Drivers/STM32WBxx_HAL_Driver/Src/stm32wbxx_hal_dma.c ****     /* DMA2 */
 294:Drivers/STM32WBxx_HAL_Driver/Src/stm32wbxx_hal_dma.c ****     hdma->ChannelIndex = (((uint32_t)hdma->Instance - (uint32_t)DMA2_Channel1) / ((uint32_t)DMA2_Ch
 295:Drivers/STM32WBxx_HAL_Driver/Src/stm32wbxx_hal_dma.c ****     hdma->DmaBaseAddress = DMA2;
 296:Drivers/STM32WBxx_HAL_Driver/Src/stm32wbxx_hal_dma.c ****   }
 297:Drivers/STM32WBxx_HAL_Driver/Src/stm32wbxx_hal_dma.c **** #else
 298:Drivers/STM32WBxx_HAL_Driver/Src/stm32wbxx_hal_dma.c ****   /* DMA1 */
 299:Drivers/STM32WBxx_HAL_Driver/Src/stm32wbxx_hal_dma.c ****   hdma->ChannelIndex = (((uint32_t)hdma->Instance - (uint32_t)DMA1_Channel1) / ((uint32_t)DMA1_Chan
 300:Drivers/STM32WBxx_HAL_Driver/Src/stm32wbxx_hal_dma.c ****   hdma->DmaBaseAddress = DMA1;
 301:Drivers/STM32WBxx_HAL_Driver/Src/stm32wbxx_hal_dma.c **** #endif /* DMA2 */
 302:Drivers/STM32WBxx_HAL_Driver/Src/stm32wbxx_hal_dma.c **** 
 303:Drivers/STM32WBxx_HAL_Driver/Src/stm32wbxx_hal_dma.c ****   /* Reset DMA Channel control register */
 304:Drivers/STM32WBxx_HAL_Driver/Src/stm32wbxx_hal_dma.c ****   hdma->Instance->CCR  = 0U;
 305:Drivers/STM32WBxx_HAL_Driver/Src/stm32wbxx_hal_dma.c **** 
 306:Drivers/STM32WBxx_HAL_Driver/Src/stm32wbxx_hal_dma.c ****   /* Clear all flags */
 307:Drivers/STM32WBxx_HAL_Driver/Src/stm32wbxx_hal_dma.c ****   hdma->DmaBaseAddress->IFCR = (DMA_ISR_GIF1 << (hdma->ChannelIndex & 0x1cU));
 308:Drivers/STM32WBxx_HAL_Driver/Src/stm32wbxx_hal_dma.c **** 
 309:Drivers/STM32WBxx_HAL_Driver/Src/stm32wbxx_hal_dma.c ****   /* Initialize parameters for DMAMUX channel :
 310:Drivers/STM32WBxx_HAL_Driver/Src/stm32wbxx_hal_dma.c ****      DMAmuxChannel, DMAmuxChannelStatus and DMAmuxChannelStatusMask */
 311:Drivers/STM32WBxx_HAL_Driver/Src/stm32wbxx_hal_dma.c **** 
 312:Drivers/STM32WBxx_HAL_Driver/Src/stm32wbxx_hal_dma.c ****   DMA_CalcDMAMUXChannelBaseAndMask(hdma);
 313:Drivers/STM32WBxx_HAL_Driver/Src/stm32wbxx_hal_dma.c **** 
 314:Drivers/STM32WBxx_HAL_Driver/Src/stm32wbxx_hal_dma.c ****   /* Reset the DMAMUX channel that corresponds to the DMA channel */
 315:Drivers/STM32WBxx_HAL_Driver/Src/stm32wbxx_hal_dma.c ****   hdma->DMAmuxChannel->CCR = 0U;
ARM GAS  /var/folders/98/ctz5mtps7w71v8dr53cf5qg40000gn/T//cc9xrYDe.s 			page 7


 316:Drivers/STM32WBxx_HAL_Driver/Src/stm32wbxx_hal_dma.c **** 
 317:Drivers/STM32WBxx_HAL_Driver/Src/stm32wbxx_hal_dma.c ****   /* Clear the DMAMUX synchro overrun flag */
 318:Drivers/STM32WBxx_HAL_Driver/Src/stm32wbxx_hal_dma.c ****   hdma->DMAmuxChannelStatus->CFR = hdma->DMAmuxChannelStatusMask;
 319:Drivers/STM32WBxx_HAL_Driver/Src/stm32wbxx_hal_dma.c **** 
 320:Drivers/STM32WBxx_HAL_Driver/Src/stm32wbxx_hal_dma.c ****   /* Reset Request generator parameters if any */
 321:Drivers/STM32WBxx_HAL_Driver/Src/stm32wbxx_hal_dma.c ****   if (((hdma->Init.Request >  0U) && (hdma->Init.Request <= DMA_REQUEST_GENERATOR3)))
 322:Drivers/STM32WBxx_HAL_Driver/Src/stm32wbxx_hal_dma.c ****   {
 323:Drivers/STM32WBxx_HAL_Driver/Src/stm32wbxx_hal_dma.c ****     /* Initialize parameters for DMAMUX request generator :
 324:Drivers/STM32WBxx_HAL_Driver/Src/stm32wbxx_hal_dma.c ****        DMAmuxRequestGen, DMAmuxRequestGenStatus and DMAmuxRequestGenStatusMask
 325:Drivers/STM32WBxx_HAL_Driver/Src/stm32wbxx_hal_dma.c ****     */
 326:Drivers/STM32WBxx_HAL_Driver/Src/stm32wbxx_hal_dma.c ****     DMA_CalcDMAMUXRequestGenBaseAndMask(hdma);
 327:Drivers/STM32WBxx_HAL_Driver/Src/stm32wbxx_hal_dma.c **** 
 328:Drivers/STM32WBxx_HAL_Driver/Src/stm32wbxx_hal_dma.c ****     /* Reset the DMAMUX request generator register*/
 329:Drivers/STM32WBxx_HAL_Driver/Src/stm32wbxx_hal_dma.c ****     hdma->DMAmuxRequestGen->RGCR = 0U;
 330:Drivers/STM32WBxx_HAL_Driver/Src/stm32wbxx_hal_dma.c **** 
 331:Drivers/STM32WBxx_HAL_Driver/Src/stm32wbxx_hal_dma.c ****     /* Clear the DMAMUX request generator overrun flag */
 332:Drivers/STM32WBxx_HAL_Driver/Src/stm32wbxx_hal_dma.c ****     hdma->DMAmuxRequestGenStatus->RGCFR = hdma->DMAmuxRequestGenStatusMask;
 333:Drivers/STM32WBxx_HAL_Driver/Src/stm32wbxx_hal_dma.c ****   }
 334:Drivers/STM32WBxx_HAL_Driver/Src/stm32wbxx_hal_dma.c **** 
 335:Drivers/STM32WBxx_HAL_Driver/Src/stm32wbxx_hal_dma.c ****   hdma->DMAmuxRequestGen = 0U;
 336:Drivers/STM32WBxx_HAL_Driver/Src/stm32wbxx_hal_dma.c ****   hdma->DMAmuxRequestGenStatus = 0U;
 337:Drivers/STM32WBxx_HAL_Driver/Src/stm32wbxx_hal_dma.c ****   hdma->DMAmuxRequestGenStatusMask = 0U;
 338:Drivers/STM32WBxx_HAL_Driver/Src/stm32wbxx_hal_dma.c **** 
 339:Drivers/STM32WBxx_HAL_Driver/Src/stm32wbxx_hal_dma.c ****   /* Clean callbacks */
 340:Drivers/STM32WBxx_HAL_Driver/Src/stm32wbxx_hal_dma.c ****   hdma->XferCpltCallback = NULL;
 341:Drivers/STM32WBxx_HAL_Driver/Src/stm32wbxx_hal_dma.c ****   hdma->XferHalfCpltCallback = NULL;
 342:Drivers/STM32WBxx_HAL_Driver/Src/stm32wbxx_hal_dma.c ****   hdma->XferErrorCallback = NULL;
 343:Drivers/STM32WBxx_HAL_Driver/Src/stm32wbxx_hal_dma.c ****   hdma->XferAbortCallback = NULL;
 344:Drivers/STM32WBxx_HAL_Driver/Src/stm32wbxx_hal_dma.c **** 
 345:Drivers/STM32WBxx_HAL_Driver/Src/stm32wbxx_hal_dma.c ****   /* Initialize the error code */
 346:Drivers/STM32WBxx_HAL_Driver/Src/stm32wbxx_hal_dma.c ****   hdma->ErrorCode = HAL_DMA_ERROR_NONE;
 347:Drivers/STM32WBxx_HAL_Driver/Src/stm32wbxx_hal_dma.c **** 
 348:Drivers/STM32WBxx_HAL_Driver/Src/stm32wbxx_hal_dma.c ****   /* Initialize the DMA state */
 349:Drivers/STM32WBxx_HAL_Driver/Src/stm32wbxx_hal_dma.c ****   hdma->State = HAL_DMA_STATE_RESET;
 350:Drivers/STM32WBxx_HAL_Driver/Src/stm32wbxx_hal_dma.c **** 
 351:Drivers/STM32WBxx_HAL_Driver/Src/stm32wbxx_hal_dma.c ****   /* Release Lock */
 352:Drivers/STM32WBxx_HAL_Driver/Src/stm32wbxx_hal_dma.c ****   __HAL_UNLOCK(hdma);
 353:Drivers/STM32WBxx_HAL_Driver/Src/stm32wbxx_hal_dma.c **** 
 354:Drivers/STM32WBxx_HAL_Driver/Src/stm32wbxx_hal_dma.c ****   return HAL_OK;
 355:Drivers/STM32WBxx_HAL_Driver/Src/stm32wbxx_hal_dma.c **** }
 356:Drivers/STM32WBxx_HAL_Driver/Src/stm32wbxx_hal_dma.c **** 
 357:Drivers/STM32WBxx_HAL_Driver/Src/stm32wbxx_hal_dma.c **** /**
 358:Drivers/STM32WBxx_HAL_Driver/Src/stm32wbxx_hal_dma.c ****   * @}
 359:Drivers/STM32WBxx_HAL_Driver/Src/stm32wbxx_hal_dma.c ****   */
 360:Drivers/STM32WBxx_HAL_Driver/Src/stm32wbxx_hal_dma.c **** 
 361:Drivers/STM32WBxx_HAL_Driver/Src/stm32wbxx_hal_dma.c **** /** @defgroup DMA_Exported_Functions_Group2 Input and Output operation functions
 362:Drivers/STM32WBxx_HAL_Driver/Src/stm32wbxx_hal_dma.c ****   *  @brief   Input and Output operation functions
 363:Drivers/STM32WBxx_HAL_Driver/Src/stm32wbxx_hal_dma.c ****   *
 364:Drivers/STM32WBxx_HAL_Driver/Src/stm32wbxx_hal_dma.c **** @verbatim
 365:Drivers/STM32WBxx_HAL_Driver/Src/stm32wbxx_hal_dma.c ****  ===============================================================================
 366:Drivers/STM32WBxx_HAL_Driver/Src/stm32wbxx_hal_dma.c ****                       #####  IO operation functions  #####
 367:Drivers/STM32WBxx_HAL_Driver/Src/stm32wbxx_hal_dma.c ****  ===============================================================================
 368:Drivers/STM32WBxx_HAL_Driver/Src/stm32wbxx_hal_dma.c ****     [..]  This section provides functions allowing to:
 369:Drivers/STM32WBxx_HAL_Driver/Src/stm32wbxx_hal_dma.c ****       (+) Configure the source, destination address and data length and Start DMA transfer
 370:Drivers/STM32WBxx_HAL_Driver/Src/stm32wbxx_hal_dma.c ****       (+) Configure the source, destination address and data length and
 371:Drivers/STM32WBxx_HAL_Driver/Src/stm32wbxx_hal_dma.c ****           Start DMA transfer with interrupt
 372:Drivers/STM32WBxx_HAL_Driver/Src/stm32wbxx_hal_dma.c ****       (+) Abort DMA transfer
ARM GAS  /var/folders/98/ctz5mtps7w71v8dr53cf5qg40000gn/T//cc9xrYDe.s 			page 8


 373:Drivers/STM32WBxx_HAL_Driver/Src/stm32wbxx_hal_dma.c ****       (+) Poll for transfer complete
 374:Drivers/STM32WBxx_HAL_Driver/Src/stm32wbxx_hal_dma.c ****       (+) Handle DMA interrupt request
 375:Drivers/STM32WBxx_HAL_Driver/Src/stm32wbxx_hal_dma.c **** 
 376:Drivers/STM32WBxx_HAL_Driver/Src/stm32wbxx_hal_dma.c **** @endverbatim
 377:Drivers/STM32WBxx_HAL_Driver/Src/stm32wbxx_hal_dma.c ****   * @{
 378:Drivers/STM32WBxx_HAL_Driver/Src/stm32wbxx_hal_dma.c ****   */
 379:Drivers/STM32WBxx_HAL_Driver/Src/stm32wbxx_hal_dma.c **** 
 380:Drivers/STM32WBxx_HAL_Driver/Src/stm32wbxx_hal_dma.c **** /**
 381:Drivers/STM32WBxx_HAL_Driver/Src/stm32wbxx_hal_dma.c ****   * @brief  Start the DMA Transfer.
 382:Drivers/STM32WBxx_HAL_Driver/Src/stm32wbxx_hal_dma.c ****   * @param hdma Pointer to a DMA_HandleTypeDef structure that contains
 383:Drivers/STM32WBxx_HAL_Driver/Src/stm32wbxx_hal_dma.c ****   *               the configuration information for the specified DMA Channel.
 384:Drivers/STM32WBxx_HAL_Driver/Src/stm32wbxx_hal_dma.c ****   * @param SrcAddress The source memory Buffer address
 385:Drivers/STM32WBxx_HAL_Driver/Src/stm32wbxx_hal_dma.c ****   * @param DstAddress The destination memory Buffer address
 386:Drivers/STM32WBxx_HAL_Driver/Src/stm32wbxx_hal_dma.c ****   * @param DataLength The length of data to be transferred from source to destination
 387:Drivers/STM32WBxx_HAL_Driver/Src/stm32wbxx_hal_dma.c ****   * @retval HAL status
 388:Drivers/STM32WBxx_HAL_Driver/Src/stm32wbxx_hal_dma.c ****   */
 389:Drivers/STM32WBxx_HAL_Driver/Src/stm32wbxx_hal_dma.c **** HAL_StatusTypeDef HAL_DMA_Start(DMA_HandleTypeDef *hdma, uint32_t SrcAddress, uint32_t DstAddress, 
 390:Drivers/STM32WBxx_HAL_Driver/Src/stm32wbxx_hal_dma.c **** {
 391:Drivers/STM32WBxx_HAL_Driver/Src/stm32wbxx_hal_dma.c ****   HAL_StatusTypeDef status = HAL_OK;
 392:Drivers/STM32WBxx_HAL_Driver/Src/stm32wbxx_hal_dma.c **** 
 393:Drivers/STM32WBxx_HAL_Driver/Src/stm32wbxx_hal_dma.c ****   /* Check the parameters */
 394:Drivers/STM32WBxx_HAL_Driver/Src/stm32wbxx_hal_dma.c ****   assert_param(IS_DMA_BUFFER_SIZE(DataLength));
 395:Drivers/STM32WBxx_HAL_Driver/Src/stm32wbxx_hal_dma.c **** 
 396:Drivers/STM32WBxx_HAL_Driver/Src/stm32wbxx_hal_dma.c ****   /* Process locked */
 397:Drivers/STM32WBxx_HAL_Driver/Src/stm32wbxx_hal_dma.c ****   __HAL_LOCK(hdma);
 398:Drivers/STM32WBxx_HAL_Driver/Src/stm32wbxx_hal_dma.c **** 
 399:Drivers/STM32WBxx_HAL_Driver/Src/stm32wbxx_hal_dma.c ****   if (HAL_DMA_STATE_READY == hdma->State)
 400:Drivers/STM32WBxx_HAL_Driver/Src/stm32wbxx_hal_dma.c ****   {
 401:Drivers/STM32WBxx_HAL_Driver/Src/stm32wbxx_hal_dma.c ****     /* Change DMA peripheral state */
 402:Drivers/STM32WBxx_HAL_Driver/Src/stm32wbxx_hal_dma.c ****     hdma->State = HAL_DMA_STATE_BUSY;
 403:Drivers/STM32WBxx_HAL_Driver/Src/stm32wbxx_hal_dma.c ****     hdma->ErrorCode = HAL_DMA_ERROR_NONE;
 404:Drivers/STM32WBxx_HAL_Driver/Src/stm32wbxx_hal_dma.c **** 
 405:Drivers/STM32WBxx_HAL_Driver/Src/stm32wbxx_hal_dma.c ****     /* Disable the peripheral */
 406:Drivers/STM32WBxx_HAL_Driver/Src/stm32wbxx_hal_dma.c ****     __HAL_DMA_DISABLE(hdma);
 407:Drivers/STM32WBxx_HAL_Driver/Src/stm32wbxx_hal_dma.c **** 
 408:Drivers/STM32WBxx_HAL_Driver/Src/stm32wbxx_hal_dma.c ****     /* Configure the source, destination address and the data length & clear flags*/
 409:Drivers/STM32WBxx_HAL_Driver/Src/stm32wbxx_hal_dma.c ****     DMA_SetConfig(hdma, SrcAddress, DstAddress, DataLength);
 410:Drivers/STM32WBxx_HAL_Driver/Src/stm32wbxx_hal_dma.c **** 
 411:Drivers/STM32WBxx_HAL_Driver/Src/stm32wbxx_hal_dma.c ****     /* Enable the Peripheral */
 412:Drivers/STM32WBxx_HAL_Driver/Src/stm32wbxx_hal_dma.c ****     __HAL_DMA_ENABLE(hdma);
 413:Drivers/STM32WBxx_HAL_Driver/Src/stm32wbxx_hal_dma.c ****   }
 414:Drivers/STM32WBxx_HAL_Driver/Src/stm32wbxx_hal_dma.c ****   else
 415:Drivers/STM32WBxx_HAL_Driver/Src/stm32wbxx_hal_dma.c ****   {
 416:Drivers/STM32WBxx_HAL_Driver/Src/stm32wbxx_hal_dma.c ****     /* Process Unlocked */
 417:Drivers/STM32WBxx_HAL_Driver/Src/stm32wbxx_hal_dma.c ****     __HAL_UNLOCK(hdma);
 418:Drivers/STM32WBxx_HAL_Driver/Src/stm32wbxx_hal_dma.c ****     status = HAL_BUSY;
 419:Drivers/STM32WBxx_HAL_Driver/Src/stm32wbxx_hal_dma.c ****   }
 420:Drivers/STM32WBxx_HAL_Driver/Src/stm32wbxx_hal_dma.c ****   return status;
 421:Drivers/STM32WBxx_HAL_Driver/Src/stm32wbxx_hal_dma.c **** }
 422:Drivers/STM32WBxx_HAL_Driver/Src/stm32wbxx_hal_dma.c **** 
 423:Drivers/STM32WBxx_HAL_Driver/Src/stm32wbxx_hal_dma.c **** /**
 424:Drivers/STM32WBxx_HAL_Driver/Src/stm32wbxx_hal_dma.c ****   * @brief  Start the DMA Transfer with interrupt enabled.
 425:Drivers/STM32WBxx_HAL_Driver/Src/stm32wbxx_hal_dma.c ****   * @param hdma Pointer to a DMA_HandleTypeDef structure that contains
 426:Drivers/STM32WBxx_HAL_Driver/Src/stm32wbxx_hal_dma.c ****   *               the configuration information for the specified DMA Channel.
 427:Drivers/STM32WBxx_HAL_Driver/Src/stm32wbxx_hal_dma.c ****   * @param SrcAddress The source memory Buffer address
 428:Drivers/STM32WBxx_HAL_Driver/Src/stm32wbxx_hal_dma.c ****   * @param DstAddress The destination memory Buffer address
 429:Drivers/STM32WBxx_HAL_Driver/Src/stm32wbxx_hal_dma.c ****   * @param DataLength The length of data to be transferred from source to destination
ARM GAS  /var/folders/98/ctz5mtps7w71v8dr53cf5qg40000gn/T//cc9xrYDe.s 			page 9


 430:Drivers/STM32WBxx_HAL_Driver/Src/stm32wbxx_hal_dma.c ****   * @retval HAL status
 431:Drivers/STM32WBxx_HAL_Driver/Src/stm32wbxx_hal_dma.c ****   */
 432:Drivers/STM32WBxx_HAL_Driver/Src/stm32wbxx_hal_dma.c **** HAL_StatusTypeDef HAL_DMA_Start_IT(DMA_HandleTypeDef *hdma, uint32_t SrcAddress, uint32_t DstAddres
 433:Drivers/STM32WBxx_HAL_Driver/Src/stm32wbxx_hal_dma.c ****                                    uint32_t DataLength)
 434:Drivers/STM32WBxx_HAL_Driver/Src/stm32wbxx_hal_dma.c **** {
 435:Drivers/STM32WBxx_HAL_Driver/Src/stm32wbxx_hal_dma.c ****   HAL_StatusTypeDef status = HAL_OK;
 436:Drivers/STM32WBxx_HAL_Driver/Src/stm32wbxx_hal_dma.c **** 
 437:Drivers/STM32WBxx_HAL_Driver/Src/stm32wbxx_hal_dma.c ****   /* Check the parameters */
 438:Drivers/STM32WBxx_HAL_Driver/Src/stm32wbxx_hal_dma.c ****   assert_param(IS_DMA_BUFFER_SIZE(DataLength));
 439:Drivers/STM32WBxx_HAL_Driver/Src/stm32wbxx_hal_dma.c **** 
 440:Drivers/STM32WBxx_HAL_Driver/Src/stm32wbxx_hal_dma.c ****   /* Process locked */
 441:Drivers/STM32WBxx_HAL_Driver/Src/stm32wbxx_hal_dma.c ****   __HAL_LOCK(hdma);
 442:Drivers/STM32WBxx_HAL_Driver/Src/stm32wbxx_hal_dma.c **** 
 443:Drivers/STM32WBxx_HAL_Driver/Src/stm32wbxx_hal_dma.c ****   if (HAL_DMA_STATE_READY == hdma->State)
 444:Drivers/STM32WBxx_HAL_Driver/Src/stm32wbxx_hal_dma.c ****   {
 445:Drivers/STM32WBxx_HAL_Driver/Src/stm32wbxx_hal_dma.c ****     /* Change DMA peripheral state */
 446:Drivers/STM32WBxx_HAL_Driver/Src/stm32wbxx_hal_dma.c ****     hdma->State = HAL_DMA_STATE_BUSY;
 447:Drivers/STM32WBxx_HAL_Driver/Src/stm32wbxx_hal_dma.c ****     hdma->ErrorCode = HAL_DMA_ERROR_NONE;
 448:Drivers/STM32WBxx_HAL_Driver/Src/stm32wbxx_hal_dma.c **** 
 449:Drivers/STM32WBxx_HAL_Driver/Src/stm32wbxx_hal_dma.c ****     /* Disable the peripheral */
 450:Drivers/STM32WBxx_HAL_Driver/Src/stm32wbxx_hal_dma.c ****     __HAL_DMA_DISABLE(hdma);
 451:Drivers/STM32WBxx_HAL_Driver/Src/stm32wbxx_hal_dma.c **** 
 452:Drivers/STM32WBxx_HAL_Driver/Src/stm32wbxx_hal_dma.c ****     /* Configure the source, destination address and the data length & clear flags*/
 453:Drivers/STM32WBxx_HAL_Driver/Src/stm32wbxx_hal_dma.c ****     DMA_SetConfig(hdma, SrcAddress, DstAddress, DataLength);
 454:Drivers/STM32WBxx_HAL_Driver/Src/stm32wbxx_hal_dma.c **** 
 455:Drivers/STM32WBxx_HAL_Driver/Src/stm32wbxx_hal_dma.c ****     /* Enable the transfer complete interrupt */
 456:Drivers/STM32WBxx_HAL_Driver/Src/stm32wbxx_hal_dma.c ****     /* Enable the transfer Error interrupt */
 457:Drivers/STM32WBxx_HAL_Driver/Src/stm32wbxx_hal_dma.c ****     if (NULL != hdma->XferHalfCpltCallback)
 458:Drivers/STM32WBxx_HAL_Driver/Src/stm32wbxx_hal_dma.c ****     {
 459:Drivers/STM32WBxx_HAL_Driver/Src/stm32wbxx_hal_dma.c ****       /* Enable the Half transfer complete interrupt as well */
 460:Drivers/STM32WBxx_HAL_Driver/Src/stm32wbxx_hal_dma.c ****       __HAL_DMA_ENABLE_IT(hdma, (DMA_IT_TC | DMA_IT_HT | DMA_IT_TE));
 461:Drivers/STM32WBxx_HAL_Driver/Src/stm32wbxx_hal_dma.c ****     }
 462:Drivers/STM32WBxx_HAL_Driver/Src/stm32wbxx_hal_dma.c ****     else
 463:Drivers/STM32WBxx_HAL_Driver/Src/stm32wbxx_hal_dma.c ****     {
 464:Drivers/STM32WBxx_HAL_Driver/Src/stm32wbxx_hal_dma.c ****       __HAL_DMA_DISABLE_IT(hdma, DMA_IT_HT);
 465:Drivers/STM32WBxx_HAL_Driver/Src/stm32wbxx_hal_dma.c ****       __HAL_DMA_ENABLE_IT(hdma, (DMA_IT_TC | DMA_IT_TE));
 466:Drivers/STM32WBxx_HAL_Driver/Src/stm32wbxx_hal_dma.c ****     }
 467:Drivers/STM32WBxx_HAL_Driver/Src/stm32wbxx_hal_dma.c **** 
 468:Drivers/STM32WBxx_HAL_Driver/Src/stm32wbxx_hal_dma.c ****     /* Check if DMAMUX Synchronization is enabled*/
 469:Drivers/STM32WBxx_HAL_Driver/Src/stm32wbxx_hal_dma.c ****     if ((hdma->DMAmuxChannel->CCR & DMAMUX_CxCR_SE) != 0U)
 470:Drivers/STM32WBxx_HAL_Driver/Src/stm32wbxx_hal_dma.c ****     {
 471:Drivers/STM32WBxx_HAL_Driver/Src/stm32wbxx_hal_dma.c ****       /* Enable DMAMUX sync overrun IT*/
 472:Drivers/STM32WBxx_HAL_Driver/Src/stm32wbxx_hal_dma.c ****       hdma->DMAmuxChannel->CCR |= DMAMUX_CxCR_SOIE;
 473:Drivers/STM32WBxx_HAL_Driver/Src/stm32wbxx_hal_dma.c ****     }
 474:Drivers/STM32WBxx_HAL_Driver/Src/stm32wbxx_hal_dma.c **** 
 475:Drivers/STM32WBxx_HAL_Driver/Src/stm32wbxx_hal_dma.c ****     if (hdma->DMAmuxRequestGen != 0U)
 476:Drivers/STM32WBxx_HAL_Driver/Src/stm32wbxx_hal_dma.c ****     {
 477:Drivers/STM32WBxx_HAL_Driver/Src/stm32wbxx_hal_dma.c ****       /* if using DMAMUX request generator, enable the DMAMUX request generator overrun IT*/
 478:Drivers/STM32WBxx_HAL_Driver/Src/stm32wbxx_hal_dma.c ****       /* enable the request gen overrun IT*/
 479:Drivers/STM32WBxx_HAL_Driver/Src/stm32wbxx_hal_dma.c ****       hdma->DMAmuxRequestGen->RGCR |= DMAMUX_RGxCR_OIE;
 480:Drivers/STM32WBxx_HAL_Driver/Src/stm32wbxx_hal_dma.c ****     }
 481:Drivers/STM32WBxx_HAL_Driver/Src/stm32wbxx_hal_dma.c **** 
 482:Drivers/STM32WBxx_HAL_Driver/Src/stm32wbxx_hal_dma.c ****     /* Enable the Peripheral */
 483:Drivers/STM32WBxx_HAL_Driver/Src/stm32wbxx_hal_dma.c ****     __HAL_DMA_ENABLE(hdma);
 484:Drivers/STM32WBxx_HAL_Driver/Src/stm32wbxx_hal_dma.c ****   }
 485:Drivers/STM32WBxx_HAL_Driver/Src/stm32wbxx_hal_dma.c ****   else
 486:Drivers/STM32WBxx_HAL_Driver/Src/stm32wbxx_hal_dma.c ****   {
ARM GAS  /var/folders/98/ctz5mtps7w71v8dr53cf5qg40000gn/T//cc9xrYDe.s 			page 10


 487:Drivers/STM32WBxx_HAL_Driver/Src/stm32wbxx_hal_dma.c ****     /* Process Unlocked */
 488:Drivers/STM32WBxx_HAL_Driver/Src/stm32wbxx_hal_dma.c ****     __HAL_UNLOCK(hdma);
 489:Drivers/STM32WBxx_HAL_Driver/Src/stm32wbxx_hal_dma.c **** 
 490:Drivers/STM32WBxx_HAL_Driver/Src/stm32wbxx_hal_dma.c ****     /* Remain BUSY */
 491:Drivers/STM32WBxx_HAL_Driver/Src/stm32wbxx_hal_dma.c ****     status = HAL_BUSY;
 492:Drivers/STM32WBxx_HAL_Driver/Src/stm32wbxx_hal_dma.c ****   }
 493:Drivers/STM32WBxx_HAL_Driver/Src/stm32wbxx_hal_dma.c ****   return status;
 494:Drivers/STM32WBxx_HAL_Driver/Src/stm32wbxx_hal_dma.c **** }
 495:Drivers/STM32WBxx_HAL_Driver/Src/stm32wbxx_hal_dma.c **** 
 496:Drivers/STM32WBxx_HAL_Driver/Src/stm32wbxx_hal_dma.c **** /**
 497:Drivers/STM32WBxx_HAL_Driver/Src/stm32wbxx_hal_dma.c ****   * @brief  Abort the DMA Transfer.
 498:Drivers/STM32WBxx_HAL_Driver/Src/stm32wbxx_hal_dma.c ****   * @param hdma Pointer to a DMA_HandleTypeDef structure that contains
 499:Drivers/STM32WBxx_HAL_Driver/Src/stm32wbxx_hal_dma.c ****   *               the configuration information for the specified DMA Channel.
 500:Drivers/STM32WBxx_HAL_Driver/Src/stm32wbxx_hal_dma.c ****     * @retval HAL status
 501:Drivers/STM32WBxx_HAL_Driver/Src/stm32wbxx_hal_dma.c ****   */
 502:Drivers/STM32WBxx_HAL_Driver/Src/stm32wbxx_hal_dma.c **** HAL_StatusTypeDef HAL_DMA_Abort(DMA_HandleTypeDef *hdma)
 503:Drivers/STM32WBxx_HAL_Driver/Src/stm32wbxx_hal_dma.c **** {
 504:Drivers/STM32WBxx_HAL_Driver/Src/stm32wbxx_hal_dma.c **** 
 505:Drivers/STM32WBxx_HAL_Driver/Src/stm32wbxx_hal_dma.c ****   /* Check the DMA peripheral handle */
 506:Drivers/STM32WBxx_HAL_Driver/Src/stm32wbxx_hal_dma.c ****   if (NULL == hdma)
 507:Drivers/STM32WBxx_HAL_Driver/Src/stm32wbxx_hal_dma.c ****   {
 508:Drivers/STM32WBxx_HAL_Driver/Src/stm32wbxx_hal_dma.c ****     return HAL_ERROR;
 509:Drivers/STM32WBxx_HAL_Driver/Src/stm32wbxx_hal_dma.c ****   }
 510:Drivers/STM32WBxx_HAL_Driver/Src/stm32wbxx_hal_dma.c **** 
 511:Drivers/STM32WBxx_HAL_Driver/Src/stm32wbxx_hal_dma.c ****   /* Check the DMA peripheral state */
 512:Drivers/STM32WBxx_HAL_Driver/Src/stm32wbxx_hal_dma.c ****   if (hdma->State != HAL_DMA_STATE_BUSY)
 513:Drivers/STM32WBxx_HAL_Driver/Src/stm32wbxx_hal_dma.c ****   {
 514:Drivers/STM32WBxx_HAL_Driver/Src/stm32wbxx_hal_dma.c ****     hdma->ErrorCode = HAL_DMA_ERROR_NO_XFER;
 515:Drivers/STM32WBxx_HAL_Driver/Src/stm32wbxx_hal_dma.c **** 
 516:Drivers/STM32WBxx_HAL_Driver/Src/stm32wbxx_hal_dma.c ****     /* Process Unlocked */
 517:Drivers/STM32WBxx_HAL_Driver/Src/stm32wbxx_hal_dma.c ****     __HAL_UNLOCK(hdma);
 518:Drivers/STM32WBxx_HAL_Driver/Src/stm32wbxx_hal_dma.c **** 
 519:Drivers/STM32WBxx_HAL_Driver/Src/stm32wbxx_hal_dma.c ****     return HAL_ERROR;
 520:Drivers/STM32WBxx_HAL_Driver/Src/stm32wbxx_hal_dma.c ****   }
 521:Drivers/STM32WBxx_HAL_Driver/Src/stm32wbxx_hal_dma.c ****   else
 522:Drivers/STM32WBxx_HAL_Driver/Src/stm32wbxx_hal_dma.c ****   {
 523:Drivers/STM32WBxx_HAL_Driver/Src/stm32wbxx_hal_dma.c ****     /* Disable DMA IT */
 524:Drivers/STM32WBxx_HAL_Driver/Src/stm32wbxx_hal_dma.c ****     __HAL_DMA_DISABLE_IT(hdma, (DMA_IT_TC | DMA_IT_HT | DMA_IT_TE));
 525:Drivers/STM32WBxx_HAL_Driver/Src/stm32wbxx_hal_dma.c **** 
 526:Drivers/STM32WBxx_HAL_Driver/Src/stm32wbxx_hal_dma.c ****     /* disable the DMAMUX sync overrun IT*/
 527:Drivers/STM32WBxx_HAL_Driver/Src/stm32wbxx_hal_dma.c ****     hdma->DMAmuxChannel->CCR &= ~DMAMUX_CxCR_SOIE;
 528:Drivers/STM32WBxx_HAL_Driver/Src/stm32wbxx_hal_dma.c **** 
 529:Drivers/STM32WBxx_HAL_Driver/Src/stm32wbxx_hal_dma.c ****     /* Disable the channel */
 530:Drivers/STM32WBxx_HAL_Driver/Src/stm32wbxx_hal_dma.c ****     __HAL_DMA_DISABLE(hdma);
 531:Drivers/STM32WBxx_HAL_Driver/Src/stm32wbxx_hal_dma.c **** 
 532:Drivers/STM32WBxx_HAL_Driver/Src/stm32wbxx_hal_dma.c ****     /* Clear all flags */
 533:Drivers/STM32WBxx_HAL_Driver/Src/stm32wbxx_hal_dma.c ****     hdma->DmaBaseAddress->IFCR = (DMA_ISR_GIF1 << (hdma->ChannelIndex & 0x1cU));
 534:Drivers/STM32WBxx_HAL_Driver/Src/stm32wbxx_hal_dma.c **** 
 535:Drivers/STM32WBxx_HAL_Driver/Src/stm32wbxx_hal_dma.c ****     /* Clear the DMAMUX synchro overrun flag */
 536:Drivers/STM32WBxx_HAL_Driver/Src/stm32wbxx_hal_dma.c ****     hdma->DMAmuxChannelStatus->CFR = hdma->DMAmuxChannelStatusMask;
 537:Drivers/STM32WBxx_HAL_Driver/Src/stm32wbxx_hal_dma.c **** 
 538:Drivers/STM32WBxx_HAL_Driver/Src/stm32wbxx_hal_dma.c ****     if (hdma->DMAmuxRequestGen != 0U)
 539:Drivers/STM32WBxx_HAL_Driver/Src/stm32wbxx_hal_dma.c ****     {
 540:Drivers/STM32WBxx_HAL_Driver/Src/stm32wbxx_hal_dma.c ****       /* if using DMAMUX request generator, disable the DMAMUX request generator overrun IT*/
 541:Drivers/STM32WBxx_HAL_Driver/Src/stm32wbxx_hal_dma.c ****       /* disable the request gen overrun IT*/
 542:Drivers/STM32WBxx_HAL_Driver/Src/stm32wbxx_hal_dma.c ****       hdma->DMAmuxRequestGen->RGCR &= ~DMAMUX_RGxCR_OIE;
 543:Drivers/STM32WBxx_HAL_Driver/Src/stm32wbxx_hal_dma.c **** 
ARM GAS  /var/folders/98/ctz5mtps7w71v8dr53cf5qg40000gn/T//cc9xrYDe.s 			page 11


 544:Drivers/STM32WBxx_HAL_Driver/Src/stm32wbxx_hal_dma.c ****       /* Clear the DMAMUX request generator overrun flag */
 545:Drivers/STM32WBxx_HAL_Driver/Src/stm32wbxx_hal_dma.c ****       hdma->DMAmuxRequestGenStatus->RGCFR = hdma->DMAmuxRequestGenStatusMask;
 546:Drivers/STM32WBxx_HAL_Driver/Src/stm32wbxx_hal_dma.c ****     }
 547:Drivers/STM32WBxx_HAL_Driver/Src/stm32wbxx_hal_dma.c **** 
 548:Drivers/STM32WBxx_HAL_Driver/Src/stm32wbxx_hal_dma.c ****     /* Change the DMA state */
 549:Drivers/STM32WBxx_HAL_Driver/Src/stm32wbxx_hal_dma.c ****     hdma->State = HAL_DMA_STATE_READY;
 550:Drivers/STM32WBxx_HAL_Driver/Src/stm32wbxx_hal_dma.c **** 
 551:Drivers/STM32WBxx_HAL_Driver/Src/stm32wbxx_hal_dma.c ****     /* Process Unlocked */
 552:Drivers/STM32WBxx_HAL_Driver/Src/stm32wbxx_hal_dma.c ****     __HAL_UNLOCK(hdma);
 553:Drivers/STM32WBxx_HAL_Driver/Src/stm32wbxx_hal_dma.c ****   }
 554:Drivers/STM32WBxx_HAL_Driver/Src/stm32wbxx_hal_dma.c **** 
 555:Drivers/STM32WBxx_HAL_Driver/Src/stm32wbxx_hal_dma.c ****   return HAL_OK;
 556:Drivers/STM32WBxx_HAL_Driver/Src/stm32wbxx_hal_dma.c **** }
 557:Drivers/STM32WBxx_HAL_Driver/Src/stm32wbxx_hal_dma.c **** 
 558:Drivers/STM32WBxx_HAL_Driver/Src/stm32wbxx_hal_dma.c **** /**
 559:Drivers/STM32WBxx_HAL_Driver/Src/stm32wbxx_hal_dma.c ****   * @brief  Aborts the DMA Transfer in Interrupt mode.
 560:Drivers/STM32WBxx_HAL_Driver/Src/stm32wbxx_hal_dma.c ****   * @param  hdma  Pointer to a DMA_HandleTypeDef structure that contains
 561:Drivers/STM32WBxx_HAL_Driver/Src/stm32wbxx_hal_dma.c ****   *                 the configuration information for the specified DMA Channel.
 562:Drivers/STM32WBxx_HAL_Driver/Src/stm32wbxx_hal_dma.c ****   * @retval HAL status
 563:Drivers/STM32WBxx_HAL_Driver/Src/stm32wbxx_hal_dma.c ****   */
 564:Drivers/STM32WBxx_HAL_Driver/Src/stm32wbxx_hal_dma.c **** HAL_StatusTypeDef HAL_DMA_Abort_IT(DMA_HandleTypeDef *hdma)
 565:Drivers/STM32WBxx_HAL_Driver/Src/stm32wbxx_hal_dma.c **** {
 566:Drivers/STM32WBxx_HAL_Driver/Src/stm32wbxx_hal_dma.c ****   HAL_StatusTypeDef status = HAL_OK;
 567:Drivers/STM32WBxx_HAL_Driver/Src/stm32wbxx_hal_dma.c **** 
 568:Drivers/STM32WBxx_HAL_Driver/Src/stm32wbxx_hal_dma.c ****   if (HAL_DMA_STATE_BUSY != hdma->State)
 569:Drivers/STM32WBxx_HAL_Driver/Src/stm32wbxx_hal_dma.c ****   {
 570:Drivers/STM32WBxx_HAL_Driver/Src/stm32wbxx_hal_dma.c ****     /* no transfer ongoing */
 571:Drivers/STM32WBxx_HAL_Driver/Src/stm32wbxx_hal_dma.c ****     hdma->ErrorCode = HAL_DMA_ERROR_NO_XFER;
 572:Drivers/STM32WBxx_HAL_Driver/Src/stm32wbxx_hal_dma.c **** 
 573:Drivers/STM32WBxx_HAL_Driver/Src/stm32wbxx_hal_dma.c ****     status = HAL_ERROR;
 574:Drivers/STM32WBxx_HAL_Driver/Src/stm32wbxx_hal_dma.c ****   }
 575:Drivers/STM32WBxx_HAL_Driver/Src/stm32wbxx_hal_dma.c ****   else
 576:Drivers/STM32WBxx_HAL_Driver/Src/stm32wbxx_hal_dma.c ****   {
 577:Drivers/STM32WBxx_HAL_Driver/Src/stm32wbxx_hal_dma.c ****     /* Disable DMA IT */
 578:Drivers/STM32WBxx_HAL_Driver/Src/stm32wbxx_hal_dma.c ****     __HAL_DMA_DISABLE_IT(hdma, (DMA_IT_TC | DMA_IT_HT | DMA_IT_TE));
 579:Drivers/STM32WBxx_HAL_Driver/Src/stm32wbxx_hal_dma.c **** 
 580:Drivers/STM32WBxx_HAL_Driver/Src/stm32wbxx_hal_dma.c ****     /* Disable the channel */
 581:Drivers/STM32WBxx_HAL_Driver/Src/stm32wbxx_hal_dma.c ****     __HAL_DMA_DISABLE(hdma);
 582:Drivers/STM32WBxx_HAL_Driver/Src/stm32wbxx_hal_dma.c **** 
 583:Drivers/STM32WBxx_HAL_Driver/Src/stm32wbxx_hal_dma.c ****     /* disable the DMAMUX sync overrun IT*/
 584:Drivers/STM32WBxx_HAL_Driver/Src/stm32wbxx_hal_dma.c ****     hdma->DMAmuxChannel->CCR &= ~DMAMUX_CxCR_SOIE;
 585:Drivers/STM32WBxx_HAL_Driver/Src/stm32wbxx_hal_dma.c **** 
 586:Drivers/STM32WBxx_HAL_Driver/Src/stm32wbxx_hal_dma.c ****     /* Clear all flags */
 587:Drivers/STM32WBxx_HAL_Driver/Src/stm32wbxx_hal_dma.c ****     hdma->DmaBaseAddress->IFCR = (DMA_ISR_GIF1 << (hdma->ChannelIndex & 0x1cU));
 588:Drivers/STM32WBxx_HAL_Driver/Src/stm32wbxx_hal_dma.c **** 
 589:Drivers/STM32WBxx_HAL_Driver/Src/stm32wbxx_hal_dma.c ****     /* Clear the DMAMUX synchro overrun flag */
 590:Drivers/STM32WBxx_HAL_Driver/Src/stm32wbxx_hal_dma.c ****     hdma->DMAmuxChannelStatus->CFR = hdma->DMAmuxChannelStatusMask;
 591:Drivers/STM32WBxx_HAL_Driver/Src/stm32wbxx_hal_dma.c **** 
 592:Drivers/STM32WBxx_HAL_Driver/Src/stm32wbxx_hal_dma.c ****     if (hdma->DMAmuxRequestGen != 0U)
 593:Drivers/STM32WBxx_HAL_Driver/Src/stm32wbxx_hal_dma.c ****     {
 594:Drivers/STM32WBxx_HAL_Driver/Src/stm32wbxx_hal_dma.c ****       /* if using DMAMUX request generator, disable the DMAMUX request generator overrun IT*/
 595:Drivers/STM32WBxx_HAL_Driver/Src/stm32wbxx_hal_dma.c ****       /* disable the request gen overrun IT*/
 596:Drivers/STM32WBxx_HAL_Driver/Src/stm32wbxx_hal_dma.c ****       hdma->DMAmuxRequestGen->RGCR &= ~DMAMUX_RGxCR_OIE;
 597:Drivers/STM32WBxx_HAL_Driver/Src/stm32wbxx_hal_dma.c **** 
 598:Drivers/STM32WBxx_HAL_Driver/Src/stm32wbxx_hal_dma.c ****       /* Clear the DMAMUX request generator overrun flag */
 599:Drivers/STM32WBxx_HAL_Driver/Src/stm32wbxx_hal_dma.c ****       hdma->DMAmuxRequestGenStatus->RGCFR = hdma->DMAmuxRequestGenStatusMask;
 600:Drivers/STM32WBxx_HAL_Driver/Src/stm32wbxx_hal_dma.c ****     }
ARM GAS  /var/folders/98/ctz5mtps7w71v8dr53cf5qg40000gn/T//cc9xrYDe.s 			page 12


 601:Drivers/STM32WBxx_HAL_Driver/Src/stm32wbxx_hal_dma.c **** 
 602:Drivers/STM32WBxx_HAL_Driver/Src/stm32wbxx_hal_dma.c ****     /* Change the DMA state */
 603:Drivers/STM32WBxx_HAL_Driver/Src/stm32wbxx_hal_dma.c ****     hdma->State = HAL_DMA_STATE_READY;
 604:Drivers/STM32WBxx_HAL_Driver/Src/stm32wbxx_hal_dma.c **** 
 605:Drivers/STM32WBxx_HAL_Driver/Src/stm32wbxx_hal_dma.c ****     /* Process Unlocked */
 606:Drivers/STM32WBxx_HAL_Driver/Src/stm32wbxx_hal_dma.c ****     __HAL_UNLOCK(hdma);
 607:Drivers/STM32WBxx_HAL_Driver/Src/stm32wbxx_hal_dma.c **** 
 608:Drivers/STM32WBxx_HAL_Driver/Src/stm32wbxx_hal_dma.c ****     /* Call User Abort callback */
 609:Drivers/STM32WBxx_HAL_Driver/Src/stm32wbxx_hal_dma.c ****     if (hdma->XferAbortCallback != NULL)
 610:Drivers/STM32WBxx_HAL_Driver/Src/stm32wbxx_hal_dma.c ****     {
 611:Drivers/STM32WBxx_HAL_Driver/Src/stm32wbxx_hal_dma.c ****       hdma->XferAbortCallback(hdma);
 612:Drivers/STM32WBxx_HAL_Driver/Src/stm32wbxx_hal_dma.c ****     }
 613:Drivers/STM32WBxx_HAL_Driver/Src/stm32wbxx_hal_dma.c ****   }
 614:Drivers/STM32WBxx_HAL_Driver/Src/stm32wbxx_hal_dma.c ****   return status;
 615:Drivers/STM32WBxx_HAL_Driver/Src/stm32wbxx_hal_dma.c **** }
 616:Drivers/STM32WBxx_HAL_Driver/Src/stm32wbxx_hal_dma.c **** 
 617:Drivers/STM32WBxx_HAL_Driver/Src/stm32wbxx_hal_dma.c **** /**
 618:Drivers/STM32WBxx_HAL_Driver/Src/stm32wbxx_hal_dma.c ****   * @brief  Polling for transfer complete.
 619:Drivers/STM32WBxx_HAL_Driver/Src/stm32wbxx_hal_dma.c ****   * @param hdma Pointer to a DMA_HandleTypeDef structure that contains
 620:Drivers/STM32WBxx_HAL_Driver/Src/stm32wbxx_hal_dma.c ****   *                  the configuration information for the specified DMA Channel.
 621:Drivers/STM32WBxx_HAL_Driver/Src/stm32wbxx_hal_dma.c ****   * @param CompleteLevel Specifies the DMA level complete.
 622:Drivers/STM32WBxx_HAL_Driver/Src/stm32wbxx_hal_dma.c ****   * @param Timeout Timeout duration.
 623:Drivers/STM32WBxx_HAL_Driver/Src/stm32wbxx_hal_dma.c ****   * @retval HAL status
 624:Drivers/STM32WBxx_HAL_Driver/Src/stm32wbxx_hal_dma.c ****   */
 625:Drivers/STM32WBxx_HAL_Driver/Src/stm32wbxx_hal_dma.c **** HAL_StatusTypeDef HAL_DMA_PollForTransfer(DMA_HandleTypeDef *hdma, HAL_DMA_LevelCompleteTypeDef Com
 626:Drivers/STM32WBxx_HAL_Driver/Src/stm32wbxx_hal_dma.c ****                                           uint32_t Timeout)
 627:Drivers/STM32WBxx_HAL_Driver/Src/stm32wbxx_hal_dma.c **** {
 628:Drivers/STM32WBxx_HAL_Driver/Src/stm32wbxx_hal_dma.c ****   uint32_t temp;
 629:Drivers/STM32WBxx_HAL_Driver/Src/stm32wbxx_hal_dma.c ****   uint32_t tickstart;
 630:Drivers/STM32WBxx_HAL_Driver/Src/stm32wbxx_hal_dma.c **** 
 631:Drivers/STM32WBxx_HAL_Driver/Src/stm32wbxx_hal_dma.c ****   if (HAL_DMA_STATE_BUSY != hdma->State)
 632:Drivers/STM32WBxx_HAL_Driver/Src/stm32wbxx_hal_dma.c ****   {
 633:Drivers/STM32WBxx_HAL_Driver/Src/stm32wbxx_hal_dma.c ****     /* no transfer ongoing */
 634:Drivers/STM32WBxx_HAL_Driver/Src/stm32wbxx_hal_dma.c ****     hdma->ErrorCode = HAL_DMA_ERROR_NO_XFER;
 635:Drivers/STM32WBxx_HAL_Driver/Src/stm32wbxx_hal_dma.c ****     __HAL_UNLOCK(hdma);
 636:Drivers/STM32WBxx_HAL_Driver/Src/stm32wbxx_hal_dma.c ****     return HAL_ERROR;
 637:Drivers/STM32WBxx_HAL_Driver/Src/stm32wbxx_hal_dma.c ****   }
 638:Drivers/STM32WBxx_HAL_Driver/Src/stm32wbxx_hal_dma.c **** 
 639:Drivers/STM32WBxx_HAL_Driver/Src/stm32wbxx_hal_dma.c ****   /* Polling mode not supported in circular mode */
 640:Drivers/STM32WBxx_HAL_Driver/Src/stm32wbxx_hal_dma.c ****   if ((hdma->Instance->CCR & DMA_CCR_CIRC) != 0U)
 641:Drivers/STM32WBxx_HAL_Driver/Src/stm32wbxx_hal_dma.c ****   {
 642:Drivers/STM32WBxx_HAL_Driver/Src/stm32wbxx_hal_dma.c ****     hdma->ErrorCode = HAL_DMA_ERROR_NOT_SUPPORTED;
 643:Drivers/STM32WBxx_HAL_Driver/Src/stm32wbxx_hal_dma.c ****     return HAL_ERROR;
 644:Drivers/STM32WBxx_HAL_Driver/Src/stm32wbxx_hal_dma.c ****   }
 645:Drivers/STM32WBxx_HAL_Driver/Src/stm32wbxx_hal_dma.c **** 
 646:Drivers/STM32WBxx_HAL_Driver/Src/stm32wbxx_hal_dma.c ****   /* Get the level transfer complete flag */
 647:Drivers/STM32WBxx_HAL_Driver/Src/stm32wbxx_hal_dma.c ****   if (HAL_DMA_FULL_TRANSFER == CompleteLevel)
 648:Drivers/STM32WBxx_HAL_Driver/Src/stm32wbxx_hal_dma.c ****   {
 649:Drivers/STM32WBxx_HAL_Driver/Src/stm32wbxx_hal_dma.c ****     /* Transfer Complete flag */
 650:Drivers/STM32WBxx_HAL_Driver/Src/stm32wbxx_hal_dma.c ****     temp = DMA_FLAG_TC1 << (hdma->ChannelIndex & 0x1cU);
 651:Drivers/STM32WBxx_HAL_Driver/Src/stm32wbxx_hal_dma.c ****   }
 652:Drivers/STM32WBxx_HAL_Driver/Src/stm32wbxx_hal_dma.c ****   else
 653:Drivers/STM32WBxx_HAL_Driver/Src/stm32wbxx_hal_dma.c ****   {
 654:Drivers/STM32WBxx_HAL_Driver/Src/stm32wbxx_hal_dma.c ****     /* Half Transfer Complete flag */
 655:Drivers/STM32WBxx_HAL_Driver/Src/stm32wbxx_hal_dma.c ****     temp = DMA_FLAG_HT1 << (hdma->ChannelIndex  & 0x1cU);
 656:Drivers/STM32WBxx_HAL_Driver/Src/stm32wbxx_hal_dma.c ****   }
 657:Drivers/STM32WBxx_HAL_Driver/Src/stm32wbxx_hal_dma.c **** 
ARM GAS  /var/folders/98/ctz5mtps7w71v8dr53cf5qg40000gn/T//cc9xrYDe.s 			page 13


 658:Drivers/STM32WBxx_HAL_Driver/Src/stm32wbxx_hal_dma.c ****   /* Get tick */
 659:Drivers/STM32WBxx_HAL_Driver/Src/stm32wbxx_hal_dma.c ****   tickstart = HAL_GetTick();
 660:Drivers/STM32WBxx_HAL_Driver/Src/stm32wbxx_hal_dma.c **** 
 661:Drivers/STM32WBxx_HAL_Driver/Src/stm32wbxx_hal_dma.c ****   while ((hdma->DmaBaseAddress->ISR & temp) == 0U)
 662:Drivers/STM32WBxx_HAL_Driver/Src/stm32wbxx_hal_dma.c ****   {
 663:Drivers/STM32WBxx_HAL_Driver/Src/stm32wbxx_hal_dma.c ****     if ((hdma->DmaBaseAddress->ISR & (DMA_FLAG_TE1 << (hdma->ChannelIndex & 0x1CU))) != 0U)
 664:Drivers/STM32WBxx_HAL_Driver/Src/stm32wbxx_hal_dma.c ****     {
 665:Drivers/STM32WBxx_HAL_Driver/Src/stm32wbxx_hal_dma.c ****       /* When a DMA transfer error occurs */
 666:Drivers/STM32WBxx_HAL_Driver/Src/stm32wbxx_hal_dma.c ****       /* A hardware clear of its EN bits is performed */
 667:Drivers/STM32WBxx_HAL_Driver/Src/stm32wbxx_hal_dma.c ****       /* Clear all flags */
 668:Drivers/STM32WBxx_HAL_Driver/Src/stm32wbxx_hal_dma.c ****       hdma->DmaBaseAddress->IFCR = (DMA_ISR_GIF1 << (hdma->ChannelIndex & 0x1cU));
 669:Drivers/STM32WBxx_HAL_Driver/Src/stm32wbxx_hal_dma.c **** 
 670:Drivers/STM32WBxx_HAL_Driver/Src/stm32wbxx_hal_dma.c ****       /* Update error code */
 671:Drivers/STM32WBxx_HAL_Driver/Src/stm32wbxx_hal_dma.c ****       hdma->ErrorCode = HAL_DMA_ERROR_TE;
 672:Drivers/STM32WBxx_HAL_Driver/Src/stm32wbxx_hal_dma.c **** 
 673:Drivers/STM32WBxx_HAL_Driver/Src/stm32wbxx_hal_dma.c ****       /* Change the DMA state */
 674:Drivers/STM32WBxx_HAL_Driver/Src/stm32wbxx_hal_dma.c ****       hdma->State = HAL_DMA_STATE_READY;
 675:Drivers/STM32WBxx_HAL_Driver/Src/stm32wbxx_hal_dma.c **** 
 676:Drivers/STM32WBxx_HAL_Driver/Src/stm32wbxx_hal_dma.c ****       /* Process Unlocked */
 677:Drivers/STM32WBxx_HAL_Driver/Src/stm32wbxx_hal_dma.c ****       __HAL_UNLOCK(hdma);
 678:Drivers/STM32WBxx_HAL_Driver/Src/stm32wbxx_hal_dma.c **** 
 679:Drivers/STM32WBxx_HAL_Driver/Src/stm32wbxx_hal_dma.c ****       return HAL_ERROR;
 680:Drivers/STM32WBxx_HAL_Driver/Src/stm32wbxx_hal_dma.c ****     }
 681:Drivers/STM32WBxx_HAL_Driver/Src/stm32wbxx_hal_dma.c ****     /* Check for the Timeout */
 682:Drivers/STM32WBxx_HAL_Driver/Src/stm32wbxx_hal_dma.c ****     if (Timeout != HAL_MAX_DELAY)
 683:Drivers/STM32WBxx_HAL_Driver/Src/stm32wbxx_hal_dma.c ****     {
 684:Drivers/STM32WBxx_HAL_Driver/Src/stm32wbxx_hal_dma.c ****       if (((HAL_GetTick() - tickstart) > Timeout) || (Timeout == 0U))
 685:Drivers/STM32WBxx_HAL_Driver/Src/stm32wbxx_hal_dma.c ****       {
 686:Drivers/STM32WBxx_HAL_Driver/Src/stm32wbxx_hal_dma.c ****         /* Update error code */
 687:Drivers/STM32WBxx_HAL_Driver/Src/stm32wbxx_hal_dma.c ****         hdma->ErrorCode = HAL_DMA_ERROR_TIMEOUT;
 688:Drivers/STM32WBxx_HAL_Driver/Src/stm32wbxx_hal_dma.c **** 
 689:Drivers/STM32WBxx_HAL_Driver/Src/stm32wbxx_hal_dma.c ****         /* Change the DMA state */
 690:Drivers/STM32WBxx_HAL_Driver/Src/stm32wbxx_hal_dma.c ****         hdma->State = HAL_DMA_STATE_READY;
 691:Drivers/STM32WBxx_HAL_Driver/Src/stm32wbxx_hal_dma.c **** 
 692:Drivers/STM32WBxx_HAL_Driver/Src/stm32wbxx_hal_dma.c ****         /* Process Unlocked */
 693:Drivers/STM32WBxx_HAL_Driver/Src/stm32wbxx_hal_dma.c ****         __HAL_UNLOCK(hdma);
 694:Drivers/STM32WBxx_HAL_Driver/Src/stm32wbxx_hal_dma.c **** 
 695:Drivers/STM32WBxx_HAL_Driver/Src/stm32wbxx_hal_dma.c ****         return HAL_ERROR;
 696:Drivers/STM32WBxx_HAL_Driver/Src/stm32wbxx_hal_dma.c ****       }
 697:Drivers/STM32WBxx_HAL_Driver/Src/stm32wbxx_hal_dma.c ****     }
 698:Drivers/STM32WBxx_HAL_Driver/Src/stm32wbxx_hal_dma.c ****   }
 699:Drivers/STM32WBxx_HAL_Driver/Src/stm32wbxx_hal_dma.c **** 
 700:Drivers/STM32WBxx_HAL_Driver/Src/stm32wbxx_hal_dma.c ****   /*Check for DMAMUX Request generator (if used) overrun status */
 701:Drivers/STM32WBxx_HAL_Driver/Src/stm32wbxx_hal_dma.c ****   if (hdma->DMAmuxRequestGen != 0U)
 702:Drivers/STM32WBxx_HAL_Driver/Src/stm32wbxx_hal_dma.c ****   {
 703:Drivers/STM32WBxx_HAL_Driver/Src/stm32wbxx_hal_dma.c ****     /* if using DMAMUX request generator Check for DMAMUX request generator overrun */
 704:Drivers/STM32WBxx_HAL_Driver/Src/stm32wbxx_hal_dma.c ****     if ((hdma->DMAmuxRequestGenStatus->RGSR & hdma->DMAmuxRequestGenStatusMask) != 0U)
 705:Drivers/STM32WBxx_HAL_Driver/Src/stm32wbxx_hal_dma.c ****     {
 706:Drivers/STM32WBxx_HAL_Driver/Src/stm32wbxx_hal_dma.c ****       /* Disable the request gen overrun interrupt */
 707:Drivers/STM32WBxx_HAL_Driver/Src/stm32wbxx_hal_dma.c ****       hdma->DMAmuxRequestGen->RGCR |= DMAMUX_RGxCR_OIE;
 708:Drivers/STM32WBxx_HAL_Driver/Src/stm32wbxx_hal_dma.c **** 
 709:Drivers/STM32WBxx_HAL_Driver/Src/stm32wbxx_hal_dma.c ****       /* Clear the DMAMUX request generator overrun flag */
 710:Drivers/STM32WBxx_HAL_Driver/Src/stm32wbxx_hal_dma.c ****       hdma->DMAmuxRequestGenStatus->RGCFR = hdma->DMAmuxRequestGenStatusMask;
 711:Drivers/STM32WBxx_HAL_Driver/Src/stm32wbxx_hal_dma.c **** 
 712:Drivers/STM32WBxx_HAL_Driver/Src/stm32wbxx_hal_dma.c ****       /* Update error code */
 713:Drivers/STM32WBxx_HAL_Driver/Src/stm32wbxx_hal_dma.c ****       hdma->ErrorCode |= HAL_DMA_ERROR_REQGEN;
 714:Drivers/STM32WBxx_HAL_Driver/Src/stm32wbxx_hal_dma.c ****     }
ARM GAS  /var/folders/98/ctz5mtps7w71v8dr53cf5qg40000gn/T//cc9xrYDe.s 			page 14


 715:Drivers/STM32WBxx_HAL_Driver/Src/stm32wbxx_hal_dma.c ****   }
 716:Drivers/STM32WBxx_HAL_Driver/Src/stm32wbxx_hal_dma.c **** 
 717:Drivers/STM32WBxx_HAL_Driver/Src/stm32wbxx_hal_dma.c ****   /* Check for DMAMUX Synchronization overrun */
 718:Drivers/STM32WBxx_HAL_Driver/Src/stm32wbxx_hal_dma.c ****   if ((hdma->DMAmuxChannelStatus->CSR & hdma->DMAmuxChannelStatusMask) != 0U)
 719:Drivers/STM32WBxx_HAL_Driver/Src/stm32wbxx_hal_dma.c ****   {
 720:Drivers/STM32WBxx_HAL_Driver/Src/stm32wbxx_hal_dma.c ****     /* Clear the DMAMUX synchro overrun flag */
 721:Drivers/STM32WBxx_HAL_Driver/Src/stm32wbxx_hal_dma.c ****     hdma->DMAmuxChannelStatus->CFR = hdma->DMAmuxChannelStatusMask;
 722:Drivers/STM32WBxx_HAL_Driver/Src/stm32wbxx_hal_dma.c **** 
 723:Drivers/STM32WBxx_HAL_Driver/Src/stm32wbxx_hal_dma.c ****     /* Update error code */
 724:Drivers/STM32WBxx_HAL_Driver/Src/stm32wbxx_hal_dma.c ****     hdma->ErrorCode |= HAL_DMA_ERROR_SYNC;
 725:Drivers/STM32WBxx_HAL_Driver/Src/stm32wbxx_hal_dma.c ****   }
 726:Drivers/STM32WBxx_HAL_Driver/Src/stm32wbxx_hal_dma.c **** 
 727:Drivers/STM32WBxx_HAL_Driver/Src/stm32wbxx_hal_dma.c ****   if (HAL_DMA_FULL_TRANSFER == CompleteLevel)
 728:Drivers/STM32WBxx_HAL_Driver/Src/stm32wbxx_hal_dma.c ****   {
 729:Drivers/STM32WBxx_HAL_Driver/Src/stm32wbxx_hal_dma.c ****     /* Clear the transfer complete flag */
 730:Drivers/STM32WBxx_HAL_Driver/Src/stm32wbxx_hal_dma.c ****     hdma->DmaBaseAddress->IFCR = (DMA_FLAG_TC1 << (hdma->ChannelIndex & 0x1cU));
 731:Drivers/STM32WBxx_HAL_Driver/Src/stm32wbxx_hal_dma.c **** 
 732:Drivers/STM32WBxx_HAL_Driver/Src/stm32wbxx_hal_dma.c ****     /* Process unlocked */
 733:Drivers/STM32WBxx_HAL_Driver/Src/stm32wbxx_hal_dma.c ****     __HAL_UNLOCK(hdma);
 734:Drivers/STM32WBxx_HAL_Driver/Src/stm32wbxx_hal_dma.c **** 
 735:Drivers/STM32WBxx_HAL_Driver/Src/stm32wbxx_hal_dma.c ****     /* The selected Channelx EN bit is cleared (DMA is disabled and
 736:Drivers/STM32WBxx_HAL_Driver/Src/stm32wbxx_hal_dma.c ****     all transfers are complete) */
 737:Drivers/STM32WBxx_HAL_Driver/Src/stm32wbxx_hal_dma.c ****     hdma->State = HAL_DMA_STATE_READY;
 738:Drivers/STM32WBxx_HAL_Driver/Src/stm32wbxx_hal_dma.c ****   }
 739:Drivers/STM32WBxx_HAL_Driver/Src/stm32wbxx_hal_dma.c ****   else
 740:Drivers/STM32WBxx_HAL_Driver/Src/stm32wbxx_hal_dma.c ****   {
 741:Drivers/STM32WBxx_HAL_Driver/Src/stm32wbxx_hal_dma.c ****     /* Clear the half transfer complete flag */
 742:Drivers/STM32WBxx_HAL_Driver/Src/stm32wbxx_hal_dma.c ****     hdma->DmaBaseAddress->IFCR = (DMA_FLAG_HT1 << (hdma->ChannelIndex & 0x1cU));
 743:Drivers/STM32WBxx_HAL_Driver/Src/stm32wbxx_hal_dma.c ****   }
 744:Drivers/STM32WBxx_HAL_Driver/Src/stm32wbxx_hal_dma.c **** 
 745:Drivers/STM32WBxx_HAL_Driver/Src/stm32wbxx_hal_dma.c ****   return HAL_OK;
 746:Drivers/STM32WBxx_HAL_Driver/Src/stm32wbxx_hal_dma.c **** }
 747:Drivers/STM32WBxx_HAL_Driver/Src/stm32wbxx_hal_dma.c **** 
 748:Drivers/STM32WBxx_HAL_Driver/Src/stm32wbxx_hal_dma.c **** /**
 749:Drivers/STM32WBxx_HAL_Driver/Src/stm32wbxx_hal_dma.c ****   * @brief  Handle DMA interrupt request.
 750:Drivers/STM32WBxx_HAL_Driver/Src/stm32wbxx_hal_dma.c ****   * @param hdma Pointer to a DMA_HandleTypeDef structure that contains
 751:Drivers/STM32WBxx_HAL_Driver/Src/stm32wbxx_hal_dma.c ****   *               the configuration information for the specified DMA Channel.
 752:Drivers/STM32WBxx_HAL_Driver/Src/stm32wbxx_hal_dma.c ****   * @retval None
 753:Drivers/STM32WBxx_HAL_Driver/Src/stm32wbxx_hal_dma.c ****   */
 754:Drivers/STM32WBxx_HAL_Driver/Src/stm32wbxx_hal_dma.c **** void HAL_DMA_IRQHandler(DMA_HandleTypeDef *hdma)
 755:Drivers/STM32WBxx_HAL_Driver/Src/stm32wbxx_hal_dma.c **** {
 756:Drivers/STM32WBxx_HAL_Driver/Src/stm32wbxx_hal_dma.c ****   uint32_t flag_it = hdma->DmaBaseAddress->ISR;
 757:Drivers/STM32WBxx_HAL_Driver/Src/stm32wbxx_hal_dma.c ****   uint32_t source_it = hdma->Instance->CCR;
 758:Drivers/STM32WBxx_HAL_Driver/Src/stm32wbxx_hal_dma.c **** 
 759:Drivers/STM32WBxx_HAL_Driver/Src/stm32wbxx_hal_dma.c ****   /* Half Transfer Complete Interrupt management ******************************/
 760:Drivers/STM32WBxx_HAL_Driver/Src/stm32wbxx_hal_dma.c ****   if (((flag_it & (DMA_FLAG_HT1 << (hdma->ChannelIndex & 0x1cU))) != 0U) && ((source_it & DMA_IT_HT
 761:Drivers/STM32WBxx_HAL_Driver/Src/stm32wbxx_hal_dma.c ****   {
 762:Drivers/STM32WBxx_HAL_Driver/Src/stm32wbxx_hal_dma.c ****     /* Disable the half transfer interrupt if the DMA mode is not CIRCULAR */
 763:Drivers/STM32WBxx_HAL_Driver/Src/stm32wbxx_hal_dma.c ****     if ((hdma->Instance->CCR & DMA_CCR_CIRC) == 0U)
 764:Drivers/STM32WBxx_HAL_Driver/Src/stm32wbxx_hal_dma.c ****     {
 765:Drivers/STM32WBxx_HAL_Driver/Src/stm32wbxx_hal_dma.c ****       /* Disable the half transfer interrupt */
 766:Drivers/STM32WBxx_HAL_Driver/Src/stm32wbxx_hal_dma.c ****       __HAL_DMA_DISABLE_IT(hdma, DMA_IT_HT);
 767:Drivers/STM32WBxx_HAL_Driver/Src/stm32wbxx_hal_dma.c ****     }
 768:Drivers/STM32WBxx_HAL_Driver/Src/stm32wbxx_hal_dma.c ****     /* Clear the half transfer complete flag */
 769:Drivers/STM32WBxx_HAL_Driver/Src/stm32wbxx_hal_dma.c ****     hdma->DmaBaseAddress->IFCR = (DMA_ISR_HTIF1 << (hdma->ChannelIndex & 0x1CU));
 770:Drivers/STM32WBxx_HAL_Driver/Src/stm32wbxx_hal_dma.c **** 
 771:Drivers/STM32WBxx_HAL_Driver/Src/stm32wbxx_hal_dma.c ****     /* DMA peripheral state is not updated in Half Transfer */
ARM GAS  /var/folders/98/ctz5mtps7w71v8dr53cf5qg40000gn/T//cc9xrYDe.s 			page 15


 772:Drivers/STM32WBxx_HAL_Driver/Src/stm32wbxx_hal_dma.c ****     /* but in Transfer Complete case */
 773:Drivers/STM32WBxx_HAL_Driver/Src/stm32wbxx_hal_dma.c **** 
 774:Drivers/STM32WBxx_HAL_Driver/Src/stm32wbxx_hal_dma.c ****     if (hdma->XferHalfCpltCallback != NULL)
 775:Drivers/STM32WBxx_HAL_Driver/Src/stm32wbxx_hal_dma.c ****     {
 776:Drivers/STM32WBxx_HAL_Driver/Src/stm32wbxx_hal_dma.c ****       /* Half transfer callback */
 777:Drivers/STM32WBxx_HAL_Driver/Src/stm32wbxx_hal_dma.c ****       hdma->XferHalfCpltCallback(hdma);
 778:Drivers/STM32WBxx_HAL_Driver/Src/stm32wbxx_hal_dma.c ****     }
 779:Drivers/STM32WBxx_HAL_Driver/Src/stm32wbxx_hal_dma.c ****   }
 780:Drivers/STM32WBxx_HAL_Driver/Src/stm32wbxx_hal_dma.c **** 
 781:Drivers/STM32WBxx_HAL_Driver/Src/stm32wbxx_hal_dma.c ****   /* Transfer Complete Interrupt management ***********************************/
 782:Drivers/STM32WBxx_HAL_Driver/Src/stm32wbxx_hal_dma.c ****   else if (((flag_it & (DMA_FLAG_TC1 << (hdma->ChannelIndex & 0x1cU))) != 0U) && ((source_it & DMA_
 783:Drivers/STM32WBxx_HAL_Driver/Src/stm32wbxx_hal_dma.c ****   {
 784:Drivers/STM32WBxx_HAL_Driver/Src/stm32wbxx_hal_dma.c ****     if ((hdma->Instance->CCR & DMA_CCR_CIRC) == 0U)
 785:Drivers/STM32WBxx_HAL_Driver/Src/stm32wbxx_hal_dma.c ****     {
 786:Drivers/STM32WBxx_HAL_Driver/Src/stm32wbxx_hal_dma.c ****       /* Disable the transfer complete and error interrupt */
 787:Drivers/STM32WBxx_HAL_Driver/Src/stm32wbxx_hal_dma.c ****       __HAL_DMA_DISABLE_IT(hdma, DMA_IT_TE | DMA_IT_TC);
 788:Drivers/STM32WBxx_HAL_Driver/Src/stm32wbxx_hal_dma.c **** 
 789:Drivers/STM32WBxx_HAL_Driver/Src/stm32wbxx_hal_dma.c ****       /* Change the DMA state */
 790:Drivers/STM32WBxx_HAL_Driver/Src/stm32wbxx_hal_dma.c ****       hdma->State = HAL_DMA_STATE_READY;
 791:Drivers/STM32WBxx_HAL_Driver/Src/stm32wbxx_hal_dma.c ****     }
 792:Drivers/STM32WBxx_HAL_Driver/Src/stm32wbxx_hal_dma.c ****     /* Clear the transfer complete flag */
 793:Drivers/STM32WBxx_HAL_Driver/Src/stm32wbxx_hal_dma.c ****     hdma->DmaBaseAddress->IFCR = (DMA_ISR_TCIF1 << (hdma->ChannelIndex & 0x1cU));
 794:Drivers/STM32WBxx_HAL_Driver/Src/stm32wbxx_hal_dma.c **** 
 795:Drivers/STM32WBxx_HAL_Driver/Src/stm32wbxx_hal_dma.c ****     /* Process Unlocked */
 796:Drivers/STM32WBxx_HAL_Driver/Src/stm32wbxx_hal_dma.c ****     __HAL_UNLOCK(hdma);
 797:Drivers/STM32WBxx_HAL_Driver/Src/stm32wbxx_hal_dma.c **** 
 798:Drivers/STM32WBxx_HAL_Driver/Src/stm32wbxx_hal_dma.c ****     if (hdma->XferCpltCallback != NULL)
 799:Drivers/STM32WBxx_HAL_Driver/Src/stm32wbxx_hal_dma.c ****     {
 800:Drivers/STM32WBxx_HAL_Driver/Src/stm32wbxx_hal_dma.c ****       /* Transfer complete callback */
 801:Drivers/STM32WBxx_HAL_Driver/Src/stm32wbxx_hal_dma.c ****       hdma->XferCpltCallback(hdma);
 802:Drivers/STM32WBxx_HAL_Driver/Src/stm32wbxx_hal_dma.c ****     }
 803:Drivers/STM32WBxx_HAL_Driver/Src/stm32wbxx_hal_dma.c ****   }
 804:Drivers/STM32WBxx_HAL_Driver/Src/stm32wbxx_hal_dma.c **** 
 805:Drivers/STM32WBxx_HAL_Driver/Src/stm32wbxx_hal_dma.c ****   /* Transfer Error Interrupt management **************************************/
 806:Drivers/STM32WBxx_HAL_Driver/Src/stm32wbxx_hal_dma.c ****   else if (((flag_it & (DMA_FLAG_TE1 << (hdma->ChannelIndex & 0x1cU))) != 0U) && ((source_it & DMA_
 807:Drivers/STM32WBxx_HAL_Driver/Src/stm32wbxx_hal_dma.c ****   {
 808:Drivers/STM32WBxx_HAL_Driver/Src/stm32wbxx_hal_dma.c ****     /* When a DMA transfer error occurs */
 809:Drivers/STM32WBxx_HAL_Driver/Src/stm32wbxx_hal_dma.c ****     /* A hardware clear of its EN bits is performed */
 810:Drivers/STM32WBxx_HAL_Driver/Src/stm32wbxx_hal_dma.c ****     /* Disable ALL DMA IT */
 811:Drivers/STM32WBxx_HAL_Driver/Src/stm32wbxx_hal_dma.c ****     __HAL_DMA_DISABLE_IT(hdma, (DMA_IT_TC | DMA_IT_HT | DMA_IT_TE));
 812:Drivers/STM32WBxx_HAL_Driver/Src/stm32wbxx_hal_dma.c **** 
 813:Drivers/STM32WBxx_HAL_Driver/Src/stm32wbxx_hal_dma.c ****     /* Clear all flags */
 814:Drivers/STM32WBxx_HAL_Driver/Src/stm32wbxx_hal_dma.c ****     hdma->DmaBaseAddress->IFCR = (DMA_ISR_GIF1 << (hdma->ChannelIndex & 0x1cU));
 815:Drivers/STM32WBxx_HAL_Driver/Src/stm32wbxx_hal_dma.c **** 
 816:Drivers/STM32WBxx_HAL_Driver/Src/stm32wbxx_hal_dma.c ****     /* Update error code */
 817:Drivers/STM32WBxx_HAL_Driver/Src/stm32wbxx_hal_dma.c ****     hdma->ErrorCode = HAL_DMA_ERROR_TE;
 818:Drivers/STM32WBxx_HAL_Driver/Src/stm32wbxx_hal_dma.c **** 
 819:Drivers/STM32WBxx_HAL_Driver/Src/stm32wbxx_hal_dma.c ****     /* Change the DMA state */
 820:Drivers/STM32WBxx_HAL_Driver/Src/stm32wbxx_hal_dma.c ****     hdma->State = HAL_DMA_STATE_READY;
 821:Drivers/STM32WBxx_HAL_Driver/Src/stm32wbxx_hal_dma.c **** 
 822:Drivers/STM32WBxx_HAL_Driver/Src/stm32wbxx_hal_dma.c ****     /* Process Unlocked */
 823:Drivers/STM32WBxx_HAL_Driver/Src/stm32wbxx_hal_dma.c ****     __HAL_UNLOCK(hdma);
 824:Drivers/STM32WBxx_HAL_Driver/Src/stm32wbxx_hal_dma.c **** 
 825:Drivers/STM32WBxx_HAL_Driver/Src/stm32wbxx_hal_dma.c ****     if (hdma->XferErrorCallback != NULL)
 826:Drivers/STM32WBxx_HAL_Driver/Src/stm32wbxx_hal_dma.c ****     {
 827:Drivers/STM32WBxx_HAL_Driver/Src/stm32wbxx_hal_dma.c ****       /* Transfer error callback */
 828:Drivers/STM32WBxx_HAL_Driver/Src/stm32wbxx_hal_dma.c ****       hdma->XferErrorCallback(hdma);
ARM GAS  /var/folders/98/ctz5mtps7w71v8dr53cf5qg40000gn/T//cc9xrYDe.s 			page 16


 829:Drivers/STM32WBxx_HAL_Driver/Src/stm32wbxx_hal_dma.c ****     }
 830:Drivers/STM32WBxx_HAL_Driver/Src/stm32wbxx_hal_dma.c ****   }
 831:Drivers/STM32WBxx_HAL_Driver/Src/stm32wbxx_hal_dma.c ****   else
 832:Drivers/STM32WBxx_HAL_Driver/Src/stm32wbxx_hal_dma.c ****   {
 833:Drivers/STM32WBxx_HAL_Driver/Src/stm32wbxx_hal_dma.c ****     /* Nothing To Do */
 834:Drivers/STM32WBxx_HAL_Driver/Src/stm32wbxx_hal_dma.c ****   }
 835:Drivers/STM32WBxx_HAL_Driver/Src/stm32wbxx_hal_dma.c ****   return;
 836:Drivers/STM32WBxx_HAL_Driver/Src/stm32wbxx_hal_dma.c **** }
 837:Drivers/STM32WBxx_HAL_Driver/Src/stm32wbxx_hal_dma.c **** 
 838:Drivers/STM32WBxx_HAL_Driver/Src/stm32wbxx_hal_dma.c **** /**
 839:Drivers/STM32WBxx_HAL_Driver/Src/stm32wbxx_hal_dma.c ****   * @brief  Register callbacks
 840:Drivers/STM32WBxx_HAL_Driver/Src/stm32wbxx_hal_dma.c ****   * @param hdma Pointer to a DMA_HandleTypeDef structure that contains
 841:Drivers/STM32WBxx_HAL_Driver/Src/stm32wbxx_hal_dma.c ****   *                               the configuration information for the specified DMA Channel.
 842:Drivers/STM32WBxx_HAL_Driver/Src/stm32wbxx_hal_dma.c ****   * @param CallbackID User Callback identifier
 843:Drivers/STM32WBxx_HAL_Driver/Src/stm32wbxx_hal_dma.c ****   *                               a HAL_DMA_CallbackIDTypeDef ENUM as parameter.
 844:Drivers/STM32WBxx_HAL_Driver/Src/stm32wbxx_hal_dma.c ****   * @param pCallback Pointer to private callback function which has pointer to
 845:Drivers/STM32WBxx_HAL_Driver/Src/stm32wbxx_hal_dma.c ****   *                               a DMA_HandleTypeDef structure as parameter.
 846:Drivers/STM32WBxx_HAL_Driver/Src/stm32wbxx_hal_dma.c ****   * @retval HAL status
 847:Drivers/STM32WBxx_HAL_Driver/Src/stm32wbxx_hal_dma.c ****   */
 848:Drivers/STM32WBxx_HAL_Driver/Src/stm32wbxx_hal_dma.c **** HAL_StatusTypeDef HAL_DMA_RegisterCallback(DMA_HandleTypeDef *hdma, HAL_DMA_CallbackIDTypeDef Callb
 849:Drivers/STM32WBxx_HAL_Driver/Src/stm32wbxx_hal_dma.c **** {
 850:Drivers/STM32WBxx_HAL_Driver/Src/stm32wbxx_hal_dma.c ****   HAL_StatusTypeDef status = HAL_OK;
 851:Drivers/STM32WBxx_HAL_Driver/Src/stm32wbxx_hal_dma.c **** 
 852:Drivers/STM32WBxx_HAL_Driver/Src/stm32wbxx_hal_dma.c ****   /* Process locked */
 853:Drivers/STM32WBxx_HAL_Driver/Src/stm32wbxx_hal_dma.c ****   __HAL_LOCK(hdma);
 854:Drivers/STM32WBxx_HAL_Driver/Src/stm32wbxx_hal_dma.c **** 
 855:Drivers/STM32WBxx_HAL_Driver/Src/stm32wbxx_hal_dma.c ****   if (HAL_DMA_STATE_READY == hdma->State)
 856:Drivers/STM32WBxx_HAL_Driver/Src/stm32wbxx_hal_dma.c ****   {
 857:Drivers/STM32WBxx_HAL_Driver/Src/stm32wbxx_hal_dma.c ****     switch (CallbackID)
 858:Drivers/STM32WBxx_HAL_Driver/Src/stm32wbxx_hal_dma.c ****     {
 859:Drivers/STM32WBxx_HAL_Driver/Src/stm32wbxx_hal_dma.c ****       case  HAL_DMA_XFER_CPLT_CB_ID:
 860:Drivers/STM32WBxx_HAL_Driver/Src/stm32wbxx_hal_dma.c ****         hdma->XferCpltCallback = pCallback;
 861:Drivers/STM32WBxx_HAL_Driver/Src/stm32wbxx_hal_dma.c ****         break;
 862:Drivers/STM32WBxx_HAL_Driver/Src/stm32wbxx_hal_dma.c **** 
 863:Drivers/STM32WBxx_HAL_Driver/Src/stm32wbxx_hal_dma.c ****       case  HAL_DMA_XFER_HALFCPLT_CB_ID:
 864:Drivers/STM32WBxx_HAL_Driver/Src/stm32wbxx_hal_dma.c ****         hdma->XferHalfCpltCallback = pCallback;
 865:Drivers/STM32WBxx_HAL_Driver/Src/stm32wbxx_hal_dma.c ****         break;
 866:Drivers/STM32WBxx_HAL_Driver/Src/stm32wbxx_hal_dma.c **** 
 867:Drivers/STM32WBxx_HAL_Driver/Src/stm32wbxx_hal_dma.c ****       case  HAL_DMA_XFER_ERROR_CB_ID:
 868:Drivers/STM32WBxx_HAL_Driver/Src/stm32wbxx_hal_dma.c ****         hdma->XferErrorCallback = pCallback;
 869:Drivers/STM32WBxx_HAL_Driver/Src/stm32wbxx_hal_dma.c ****         break;
 870:Drivers/STM32WBxx_HAL_Driver/Src/stm32wbxx_hal_dma.c **** 
 871:Drivers/STM32WBxx_HAL_Driver/Src/stm32wbxx_hal_dma.c ****       case  HAL_DMA_XFER_ABORT_CB_ID:
 872:Drivers/STM32WBxx_HAL_Driver/Src/stm32wbxx_hal_dma.c ****         hdma->XferAbortCallback = pCallback;
 873:Drivers/STM32WBxx_HAL_Driver/Src/stm32wbxx_hal_dma.c ****         break;
 874:Drivers/STM32WBxx_HAL_Driver/Src/stm32wbxx_hal_dma.c **** 
 875:Drivers/STM32WBxx_HAL_Driver/Src/stm32wbxx_hal_dma.c ****       default:
 876:Drivers/STM32WBxx_HAL_Driver/Src/stm32wbxx_hal_dma.c ****         status = HAL_ERROR;
 877:Drivers/STM32WBxx_HAL_Driver/Src/stm32wbxx_hal_dma.c ****         break;
 878:Drivers/STM32WBxx_HAL_Driver/Src/stm32wbxx_hal_dma.c ****     }
 879:Drivers/STM32WBxx_HAL_Driver/Src/stm32wbxx_hal_dma.c ****   }
 880:Drivers/STM32WBxx_HAL_Driver/Src/stm32wbxx_hal_dma.c ****   else
 881:Drivers/STM32WBxx_HAL_Driver/Src/stm32wbxx_hal_dma.c ****   {
 882:Drivers/STM32WBxx_HAL_Driver/Src/stm32wbxx_hal_dma.c ****     status = HAL_ERROR;
 883:Drivers/STM32WBxx_HAL_Driver/Src/stm32wbxx_hal_dma.c ****   }
 884:Drivers/STM32WBxx_HAL_Driver/Src/stm32wbxx_hal_dma.c **** 
 885:Drivers/STM32WBxx_HAL_Driver/Src/stm32wbxx_hal_dma.c ****   /* Release Lock */
ARM GAS  /var/folders/98/ctz5mtps7w71v8dr53cf5qg40000gn/T//cc9xrYDe.s 			page 17


 886:Drivers/STM32WBxx_HAL_Driver/Src/stm32wbxx_hal_dma.c ****   __HAL_UNLOCK(hdma);
 887:Drivers/STM32WBxx_HAL_Driver/Src/stm32wbxx_hal_dma.c **** 
 888:Drivers/STM32WBxx_HAL_Driver/Src/stm32wbxx_hal_dma.c ****   return status;
 889:Drivers/STM32WBxx_HAL_Driver/Src/stm32wbxx_hal_dma.c **** }
 890:Drivers/STM32WBxx_HAL_Driver/Src/stm32wbxx_hal_dma.c **** 
 891:Drivers/STM32WBxx_HAL_Driver/Src/stm32wbxx_hal_dma.c **** /**
 892:Drivers/STM32WBxx_HAL_Driver/Src/stm32wbxx_hal_dma.c ****   * @brief  UnRegister callbacks
 893:Drivers/STM32WBxx_HAL_Driver/Src/stm32wbxx_hal_dma.c ****   * @param hdma Pointer to a DMA_HandleTypeDef structure that contains
 894:Drivers/STM32WBxx_HAL_Driver/Src/stm32wbxx_hal_dma.c ****   *                               the configuration information for the specified DMA Channel.
 895:Drivers/STM32WBxx_HAL_Driver/Src/stm32wbxx_hal_dma.c ****   * @param CallbackID User Callback identifier
 896:Drivers/STM32WBxx_HAL_Driver/Src/stm32wbxx_hal_dma.c ****   *                               a HAL_DMA_CallbackIDTypeDef ENUM as parameter.
 897:Drivers/STM32WBxx_HAL_Driver/Src/stm32wbxx_hal_dma.c ****   * @retval HAL status
 898:Drivers/STM32WBxx_HAL_Driver/Src/stm32wbxx_hal_dma.c ****   */
 899:Drivers/STM32WBxx_HAL_Driver/Src/stm32wbxx_hal_dma.c **** HAL_StatusTypeDef HAL_DMA_UnRegisterCallback(DMA_HandleTypeDef *hdma, HAL_DMA_CallbackIDTypeDef Cal
 900:Drivers/STM32WBxx_HAL_Driver/Src/stm32wbxx_hal_dma.c **** {
 901:Drivers/STM32WBxx_HAL_Driver/Src/stm32wbxx_hal_dma.c ****   HAL_StatusTypeDef status = HAL_OK;
 902:Drivers/STM32WBxx_HAL_Driver/Src/stm32wbxx_hal_dma.c **** 
 903:Drivers/STM32WBxx_HAL_Driver/Src/stm32wbxx_hal_dma.c ****   /* Process locked */
 904:Drivers/STM32WBxx_HAL_Driver/Src/stm32wbxx_hal_dma.c ****   __HAL_LOCK(hdma);
 905:Drivers/STM32WBxx_HAL_Driver/Src/stm32wbxx_hal_dma.c **** 
 906:Drivers/STM32WBxx_HAL_Driver/Src/stm32wbxx_hal_dma.c ****   if (HAL_DMA_STATE_READY == hdma->State)
 907:Drivers/STM32WBxx_HAL_Driver/Src/stm32wbxx_hal_dma.c ****   {
 908:Drivers/STM32WBxx_HAL_Driver/Src/stm32wbxx_hal_dma.c ****     switch (CallbackID)
 909:Drivers/STM32WBxx_HAL_Driver/Src/stm32wbxx_hal_dma.c ****     {
 910:Drivers/STM32WBxx_HAL_Driver/Src/stm32wbxx_hal_dma.c ****       case  HAL_DMA_XFER_CPLT_CB_ID:
 911:Drivers/STM32WBxx_HAL_Driver/Src/stm32wbxx_hal_dma.c ****         hdma->XferCpltCallback = NULL;
 912:Drivers/STM32WBxx_HAL_Driver/Src/stm32wbxx_hal_dma.c ****         break;
 913:Drivers/STM32WBxx_HAL_Driver/Src/stm32wbxx_hal_dma.c **** 
 914:Drivers/STM32WBxx_HAL_Driver/Src/stm32wbxx_hal_dma.c ****       case  HAL_DMA_XFER_HALFCPLT_CB_ID:
 915:Drivers/STM32WBxx_HAL_Driver/Src/stm32wbxx_hal_dma.c ****         hdma->XferHalfCpltCallback = NULL;
 916:Drivers/STM32WBxx_HAL_Driver/Src/stm32wbxx_hal_dma.c ****         break;
 917:Drivers/STM32WBxx_HAL_Driver/Src/stm32wbxx_hal_dma.c **** 
 918:Drivers/STM32WBxx_HAL_Driver/Src/stm32wbxx_hal_dma.c ****       case  HAL_DMA_XFER_ERROR_CB_ID:
 919:Drivers/STM32WBxx_HAL_Driver/Src/stm32wbxx_hal_dma.c ****         hdma->XferErrorCallback = NULL;
 920:Drivers/STM32WBxx_HAL_Driver/Src/stm32wbxx_hal_dma.c ****         break;
 921:Drivers/STM32WBxx_HAL_Driver/Src/stm32wbxx_hal_dma.c **** 
 922:Drivers/STM32WBxx_HAL_Driver/Src/stm32wbxx_hal_dma.c ****       case  HAL_DMA_XFER_ABORT_CB_ID:
 923:Drivers/STM32WBxx_HAL_Driver/Src/stm32wbxx_hal_dma.c ****         hdma->XferAbortCallback = NULL;
 924:Drivers/STM32WBxx_HAL_Driver/Src/stm32wbxx_hal_dma.c ****         break;
 925:Drivers/STM32WBxx_HAL_Driver/Src/stm32wbxx_hal_dma.c **** 
 926:Drivers/STM32WBxx_HAL_Driver/Src/stm32wbxx_hal_dma.c ****       case   HAL_DMA_XFER_ALL_CB_ID:
 927:Drivers/STM32WBxx_HAL_Driver/Src/stm32wbxx_hal_dma.c ****         hdma->XferCpltCallback = NULL;
 928:Drivers/STM32WBxx_HAL_Driver/Src/stm32wbxx_hal_dma.c ****         hdma->XferHalfCpltCallback = NULL;
 929:Drivers/STM32WBxx_HAL_Driver/Src/stm32wbxx_hal_dma.c ****         hdma->XferErrorCallback = NULL;
 930:Drivers/STM32WBxx_HAL_Driver/Src/stm32wbxx_hal_dma.c ****         hdma->XferAbortCallback = NULL;
 931:Drivers/STM32WBxx_HAL_Driver/Src/stm32wbxx_hal_dma.c ****         break;
 932:Drivers/STM32WBxx_HAL_Driver/Src/stm32wbxx_hal_dma.c **** 
 933:Drivers/STM32WBxx_HAL_Driver/Src/stm32wbxx_hal_dma.c ****       default:
 934:Drivers/STM32WBxx_HAL_Driver/Src/stm32wbxx_hal_dma.c ****         status = HAL_ERROR;
 935:Drivers/STM32WBxx_HAL_Driver/Src/stm32wbxx_hal_dma.c ****         break;
 936:Drivers/STM32WBxx_HAL_Driver/Src/stm32wbxx_hal_dma.c ****     }
 937:Drivers/STM32WBxx_HAL_Driver/Src/stm32wbxx_hal_dma.c ****   }
 938:Drivers/STM32WBxx_HAL_Driver/Src/stm32wbxx_hal_dma.c ****   else
 939:Drivers/STM32WBxx_HAL_Driver/Src/stm32wbxx_hal_dma.c ****   {
 940:Drivers/STM32WBxx_HAL_Driver/Src/stm32wbxx_hal_dma.c ****     status = HAL_ERROR;
 941:Drivers/STM32WBxx_HAL_Driver/Src/stm32wbxx_hal_dma.c ****   }
 942:Drivers/STM32WBxx_HAL_Driver/Src/stm32wbxx_hal_dma.c **** 
ARM GAS  /var/folders/98/ctz5mtps7w71v8dr53cf5qg40000gn/T//cc9xrYDe.s 			page 18


 943:Drivers/STM32WBxx_HAL_Driver/Src/stm32wbxx_hal_dma.c ****   /* Release Lock */
 944:Drivers/STM32WBxx_HAL_Driver/Src/stm32wbxx_hal_dma.c ****   __HAL_UNLOCK(hdma);
 945:Drivers/STM32WBxx_HAL_Driver/Src/stm32wbxx_hal_dma.c **** 
 946:Drivers/STM32WBxx_HAL_Driver/Src/stm32wbxx_hal_dma.c ****   return status;
 947:Drivers/STM32WBxx_HAL_Driver/Src/stm32wbxx_hal_dma.c **** }
 948:Drivers/STM32WBxx_HAL_Driver/Src/stm32wbxx_hal_dma.c **** 
 949:Drivers/STM32WBxx_HAL_Driver/Src/stm32wbxx_hal_dma.c **** /**
 950:Drivers/STM32WBxx_HAL_Driver/Src/stm32wbxx_hal_dma.c ****   * @}
 951:Drivers/STM32WBxx_HAL_Driver/Src/stm32wbxx_hal_dma.c ****   */
 952:Drivers/STM32WBxx_HAL_Driver/Src/stm32wbxx_hal_dma.c **** 
 953:Drivers/STM32WBxx_HAL_Driver/Src/stm32wbxx_hal_dma.c **** 
 954:Drivers/STM32WBxx_HAL_Driver/Src/stm32wbxx_hal_dma.c **** 
 955:Drivers/STM32WBxx_HAL_Driver/Src/stm32wbxx_hal_dma.c **** /** @defgroup DMA_Exported_Functions_Group3 Peripheral State and Errors functions
 956:Drivers/STM32WBxx_HAL_Driver/Src/stm32wbxx_hal_dma.c ****   *  @brief    Peripheral State and Errors functions
 957:Drivers/STM32WBxx_HAL_Driver/Src/stm32wbxx_hal_dma.c ****   *
 958:Drivers/STM32WBxx_HAL_Driver/Src/stm32wbxx_hal_dma.c **** @verbatim
 959:Drivers/STM32WBxx_HAL_Driver/Src/stm32wbxx_hal_dma.c ****  ===============================================================================
 960:Drivers/STM32WBxx_HAL_Driver/Src/stm32wbxx_hal_dma.c ****             ##### Peripheral State and Errors functions #####
 961:Drivers/STM32WBxx_HAL_Driver/Src/stm32wbxx_hal_dma.c ****  ===============================================================================
 962:Drivers/STM32WBxx_HAL_Driver/Src/stm32wbxx_hal_dma.c ****     [..]
 963:Drivers/STM32WBxx_HAL_Driver/Src/stm32wbxx_hal_dma.c ****     This subsection provides functions allowing to
 964:Drivers/STM32WBxx_HAL_Driver/Src/stm32wbxx_hal_dma.c ****       (+) Check the DMA state
 965:Drivers/STM32WBxx_HAL_Driver/Src/stm32wbxx_hal_dma.c ****       (+) Get error code
 966:Drivers/STM32WBxx_HAL_Driver/Src/stm32wbxx_hal_dma.c **** 
 967:Drivers/STM32WBxx_HAL_Driver/Src/stm32wbxx_hal_dma.c **** @endverbatim
 968:Drivers/STM32WBxx_HAL_Driver/Src/stm32wbxx_hal_dma.c ****   * @{
 969:Drivers/STM32WBxx_HAL_Driver/Src/stm32wbxx_hal_dma.c ****   */
 970:Drivers/STM32WBxx_HAL_Driver/Src/stm32wbxx_hal_dma.c **** 
 971:Drivers/STM32WBxx_HAL_Driver/Src/stm32wbxx_hal_dma.c **** /**
 972:Drivers/STM32WBxx_HAL_Driver/Src/stm32wbxx_hal_dma.c ****   * @brief  Return the DMA handle state.
 973:Drivers/STM32WBxx_HAL_Driver/Src/stm32wbxx_hal_dma.c ****   * @param hdma Pointer to a DMA_HandleTypeDef structure that contains
 974:Drivers/STM32WBxx_HAL_Driver/Src/stm32wbxx_hal_dma.c ****   *               the configuration information for the specified DMA Channel.
 975:Drivers/STM32WBxx_HAL_Driver/Src/stm32wbxx_hal_dma.c ****   * @retval HAL state
 976:Drivers/STM32WBxx_HAL_Driver/Src/stm32wbxx_hal_dma.c ****   */
 977:Drivers/STM32WBxx_HAL_Driver/Src/stm32wbxx_hal_dma.c **** HAL_DMA_StateTypeDef HAL_DMA_GetState(DMA_HandleTypeDef *hdma)
 978:Drivers/STM32WBxx_HAL_Driver/Src/stm32wbxx_hal_dma.c **** {
 979:Drivers/STM32WBxx_HAL_Driver/Src/stm32wbxx_hal_dma.c ****   /* Return DMA handle state */
 980:Drivers/STM32WBxx_HAL_Driver/Src/stm32wbxx_hal_dma.c ****   return hdma->State;
 981:Drivers/STM32WBxx_HAL_Driver/Src/stm32wbxx_hal_dma.c **** }
 982:Drivers/STM32WBxx_HAL_Driver/Src/stm32wbxx_hal_dma.c **** 
 983:Drivers/STM32WBxx_HAL_Driver/Src/stm32wbxx_hal_dma.c **** /**
 984:Drivers/STM32WBxx_HAL_Driver/Src/stm32wbxx_hal_dma.c ****   * @brief  Return the DMA error code.
 985:Drivers/STM32WBxx_HAL_Driver/Src/stm32wbxx_hal_dma.c ****   * @param  hdma Pointer to a DMA_HandleTypeDef structure that contains
 986:Drivers/STM32WBxx_HAL_Driver/Src/stm32wbxx_hal_dma.c ****   *              the configuration information for the specified DMA Channel.
 987:Drivers/STM32WBxx_HAL_Driver/Src/stm32wbxx_hal_dma.c ****   * @retval DMA Error Code
 988:Drivers/STM32WBxx_HAL_Driver/Src/stm32wbxx_hal_dma.c ****   */
 989:Drivers/STM32WBxx_HAL_Driver/Src/stm32wbxx_hal_dma.c **** uint32_t HAL_DMA_GetError(DMA_HandleTypeDef *hdma)
 990:Drivers/STM32WBxx_HAL_Driver/Src/stm32wbxx_hal_dma.c **** {
 991:Drivers/STM32WBxx_HAL_Driver/Src/stm32wbxx_hal_dma.c ****   return hdma->ErrorCode;
 992:Drivers/STM32WBxx_HAL_Driver/Src/stm32wbxx_hal_dma.c **** }
 993:Drivers/STM32WBxx_HAL_Driver/Src/stm32wbxx_hal_dma.c **** 
 994:Drivers/STM32WBxx_HAL_Driver/Src/stm32wbxx_hal_dma.c **** /**
 995:Drivers/STM32WBxx_HAL_Driver/Src/stm32wbxx_hal_dma.c ****   * @}
 996:Drivers/STM32WBxx_HAL_Driver/Src/stm32wbxx_hal_dma.c ****   */
 997:Drivers/STM32WBxx_HAL_Driver/Src/stm32wbxx_hal_dma.c **** 
 998:Drivers/STM32WBxx_HAL_Driver/Src/stm32wbxx_hal_dma.c **** /**
 999:Drivers/STM32WBxx_HAL_Driver/Src/stm32wbxx_hal_dma.c ****   * @}
ARM GAS  /var/folders/98/ctz5mtps7w71v8dr53cf5qg40000gn/T//cc9xrYDe.s 			page 19


1000:Drivers/STM32WBxx_HAL_Driver/Src/stm32wbxx_hal_dma.c ****   */
1001:Drivers/STM32WBxx_HAL_Driver/Src/stm32wbxx_hal_dma.c **** 
1002:Drivers/STM32WBxx_HAL_Driver/Src/stm32wbxx_hal_dma.c **** /** @addtogroup DMA_Private_Functions
1003:Drivers/STM32WBxx_HAL_Driver/Src/stm32wbxx_hal_dma.c ****   * @{
1004:Drivers/STM32WBxx_HAL_Driver/Src/stm32wbxx_hal_dma.c ****   */
1005:Drivers/STM32WBxx_HAL_Driver/Src/stm32wbxx_hal_dma.c **** 
1006:Drivers/STM32WBxx_HAL_Driver/Src/stm32wbxx_hal_dma.c **** /**
1007:Drivers/STM32WBxx_HAL_Driver/Src/stm32wbxx_hal_dma.c ****   * @brief  Sets the DMA Transfer parameter.
1008:Drivers/STM32WBxx_HAL_Driver/Src/stm32wbxx_hal_dma.c ****   * @param hdma Pointer to a DMA_HandleTypeDef structure that contains
1009:Drivers/STM32WBxx_HAL_Driver/Src/stm32wbxx_hal_dma.c ****   *                     the configuration information for the specified DMA Channel.
1010:Drivers/STM32WBxx_HAL_Driver/Src/stm32wbxx_hal_dma.c ****   * @param SrcAddress The source memory Buffer address
1011:Drivers/STM32WBxx_HAL_Driver/Src/stm32wbxx_hal_dma.c ****   * @param DstAddress The destination memory Buffer address
1012:Drivers/STM32WBxx_HAL_Driver/Src/stm32wbxx_hal_dma.c ****   * @param DataLength The length of data to be transferred from source to destination
1013:Drivers/STM32WBxx_HAL_Driver/Src/stm32wbxx_hal_dma.c ****   * @retval HAL status
1014:Drivers/STM32WBxx_HAL_Driver/Src/stm32wbxx_hal_dma.c ****   */
1015:Drivers/STM32WBxx_HAL_Driver/Src/stm32wbxx_hal_dma.c **** static void DMA_SetConfig(DMA_HandleTypeDef *hdma, uint32_t SrcAddress, uint32_t DstAddress, uint32
1016:Drivers/STM32WBxx_HAL_Driver/Src/stm32wbxx_hal_dma.c **** {
  29              		.loc 1 1016 1 view -0
  30              		.cfi_startproc
  31              		@ args = 0, pretend = 0, frame = 0
  32              		@ frame_needed = 0, uses_anonymous_args = 0
  33              		@ link register save eliminated.
  34              		.loc 1 1016 1 is_stmt 0 view .LVU1
  35 0000 30B4     		push	{r4, r5}
  36              	.LCFI0:
  37              		.cfi_def_cfa_offset 8
  38              		.cfi_offset 4, -8
  39              		.cfi_offset 5, -4
1017:Drivers/STM32WBxx_HAL_Driver/Src/stm32wbxx_hal_dma.c ****   /* Clear the DMAMUX synchro overrun flag */
1018:Drivers/STM32WBxx_HAL_Driver/Src/stm32wbxx_hal_dma.c ****   hdma->DMAmuxChannelStatus->CFR = hdma->DMAmuxChannelStatusMask;
  40              		.loc 1 1018 3 is_stmt 1 view .LVU2
  41              		.loc 1 1018 7 is_stmt 0 view .LVU3
  42 0002 C46C     		ldr	r4, [r0, #76]
  43              		.loc 1 1018 34 view .LVU4
  44 0004 056D     		ldr	r5, [r0, #80]
  45 0006 6560     		str	r5, [r4, #4]
1019:Drivers/STM32WBxx_HAL_Driver/Src/stm32wbxx_hal_dma.c **** 
1020:Drivers/STM32WBxx_HAL_Driver/Src/stm32wbxx_hal_dma.c ****   if (hdma->DMAmuxRequestGen != 0U)
  46              		.loc 1 1020 3 is_stmt 1 view .LVU5
  47              		.loc 1 1020 11 is_stmt 0 view .LVU6
  48 0008 446D     		ldr	r4, [r0, #84]
  49              		.loc 1 1020 6 view .LVU7
  50 000a 14B1     		cbz	r4, .L2
1021:Drivers/STM32WBxx_HAL_Driver/Src/stm32wbxx_hal_dma.c ****   {
1022:Drivers/STM32WBxx_HAL_Driver/Src/stm32wbxx_hal_dma.c ****     /* Clear the DMAMUX request generator overrun flag */
1023:Drivers/STM32WBxx_HAL_Driver/Src/stm32wbxx_hal_dma.c ****     hdma->DMAmuxRequestGenStatus->RGCFR = hdma->DMAmuxRequestGenStatusMask;
  51              		.loc 1 1023 5 is_stmt 1 view .LVU8
  52              		.loc 1 1023 9 is_stmt 0 view .LVU9
  53 000c 846D     		ldr	r4, [r0, #88]
  54              		.loc 1 1023 41 view .LVU10
  55 000e C56D     		ldr	r5, [r0, #92]
  56 0010 6560     		str	r5, [r4, #4]
  57              	.L2:
1024:Drivers/STM32WBxx_HAL_Driver/Src/stm32wbxx_hal_dma.c ****   }
1025:Drivers/STM32WBxx_HAL_Driver/Src/stm32wbxx_hal_dma.c **** 
1026:Drivers/STM32WBxx_HAL_Driver/Src/stm32wbxx_hal_dma.c ****   /* Clear all flags */
1027:Drivers/STM32WBxx_HAL_Driver/Src/stm32wbxx_hal_dma.c ****   hdma->DmaBaseAddress->IFCR = (DMA_ISR_GIF1 << (hdma->ChannelIndex & 0x1cU));
ARM GAS  /var/folders/98/ctz5mtps7w71v8dr53cf5qg40000gn/T//cc9xrYDe.s 			page 20


  58              		.loc 1 1027 3 is_stmt 1 view .LVU11
  59              		.loc 1 1027 54 is_stmt 0 view .LVU12
  60 0012 446C     		ldr	r4, [r0, #68]
  61              		.loc 1 1027 69 view .LVU13
  62 0014 04F01C0C 		and	ip, r4, #28
  63              		.loc 1 1027 46 view .LVU14
  64 0018 0124     		movs	r4, #1
  65 001a 04FA0CF4 		lsl	r4, r4, ip
  66              		.loc 1 1027 30 view .LVU15
  67 001e 056C     		ldr	r5, [r0, #64]
  68 0020 6C60     		str	r4, [r5, #4]
1028:Drivers/STM32WBxx_HAL_Driver/Src/stm32wbxx_hal_dma.c **** 
1029:Drivers/STM32WBxx_HAL_Driver/Src/stm32wbxx_hal_dma.c ****   /* Configure DMA Channel data length */
1030:Drivers/STM32WBxx_HAL_Driver/Src/stm32wbxx_hal_dma.c ****   hdma->Instance->CNDTR = DataLength;
  69              		.loc 1 1030 3 is_stmt 1 view .LVU16
  70              		.loc 1 1030 7 is_stmt 0 view .LVU17
  71 0022 0468     		ldr	r4, [r0]
  72              		.loc 1 1030 25 view .LVU18
  73 0024 6360     		str	r3, [r4, #4]
1031:Drivers/STM32WBxx_HAL_Driver/Src/stm32wbxx_hal_dma.c **** 
1032:Drivers/STM32WBxx_HAL_Driver/Src/stm32wbxx_hal_dma.c ****   /* Memory to Peripheral */
1033:Drivers/STM32WBxx_HAL_Driver/Src/stm32wbxx_hal_dma.c ****   if ((hdma->Init.Direction) == DMA_MEMORY_TO_PERIPH)
  74              		.loc 1 1033 3 is_stmt 1 view .LVU19
  75              		.loc 1 1033 18 is_stmt 0 view .LVU20
  76 0026 8368     		ldr	r3, [r0, #8]
  77              	.LVL1:
  78              		.loc 1 1033 6 view .LVU21
  79 0028 102B     		cmp	r3, #16
  80 002a 05D0     		beq	.L6
1034:Drivers/STM32WBxx_HAL_Driver/Src/stm32wbxx_hal_dma.c ****   {
1035:Drivers/STM32WBxx_HAL_Driver/Src/stm32wbxx_hal_dma.c ****     /* Configure DMA Channel destination address */
1036:Drivers/STM32WBxx_HAL_Driver/Src/stm32wbxx_hal_dma.c ****     hdma->Instance->CPAR = DstAddress;
1037:Drivers/STM32WBxx_HAL_Driver/Src/stm32wbxx_hal_dma.c **** 
1038:Drivers/STM32WBxx_HAL_Driver/Src/stm32wbxx_hal_dma.c ****     /* Configure DMA Channel source address */
1039:Drivers/STM32WBxx_HAL_Driver/Src/stm32wbxx_hal_dma.c ****     hdma->Instance->CMAR = SrcAddress;
1040:Drivers/STM32WBxx_HAL_Driver/Src/stm32wbxx_hal_dma.c ****   }
1041:Drivers/STM32WBxx_HAL_Driver/Src/stm32wbxx_hal_dma.c ****   /* Peripheral to Memory */
1042:Drivers/STM32WBxx_HAL_Driver/Src/stm32wbxx_hal_dma.c ****   else
1043:Drivers/STM32WBxx_HAL_Driver/Src/stm32wbxx_hal_dma.c ****   {
1044:Drivers/STM32WBxx_HAL_Driver/Src/stm32wbxx_hal_dma.c ****     /* Configure DMA Channel source address */
1045:Drivers/STM32WBxx_HAL_Driver/Src/stm32wbxx_hal_dma.c ****     hdma->Instance->CPAR = SrcAddress;
  81              		.loc 1 1045 5 is_stmt 1 view .LVU22
  82              		.loc 1 1045 9 is_stmt 0 view .LVU23
  83 002c 0368     		ldr	r3, [r0]
  84              		.loc 1 1045 26 view .LVU24
  85 002e 9960     		str	r1, [r3, #8]
  86              	.LVL2:
1046:Drivers/STM32WBxx_HAL_Driver/Src/stm32wbxx_hal_dma.c **** 
1047:Drivers/STM32WBxx_HAL_Driver/Src/stm32wbxx_hal_dma.c ****     /* Configure DMA Channel destination address */
1048:Drivers/STM32WBxx_HAL_Driver/Src/stm32wbxx_hal_dma.c ****     hdma->Instance->CMAR = DstAddress;
  87              		.loc 1 1048 5 is_stmt 1 view .LVU25
  88              		.loc 1 1048 9 is_stmt 0 view .LVU26
  89 0030 0368     		ldr	r3, [r0]
  90              		.loc 1 1048 26 view .LVU27
  91 0032 DA60     		str	r2, [r3, #12]
  92              	.L1:
1049:Drivers/STM32WBxx_HAL_Driver/Src/stm32wbxx_hal_dma.c ****   }
ARM GAS  /var/folders/98/ctz5mtps7w71v8dr53cf5qg40000gn/T//cc9xrYDe.s 			page 21


1050:Drivers/STM32WBxx_HAL_Driver/Src/stm32wbxx_hal_dma.c **** }
  93              		.loc 1 1050 1 view .LVU28
  94 0034 30BC     		pop	{r4, r5}
  95              	.LCFI1:
  96              		.cfi_remember_state
  97              		.cfi_restore 5
  98              		.cfi_restore 4
  99              		.cfi_def_cfa_offset 0
 100 0036 7047     		bx	lr
 101              	.LVL3:
 102              	.L6:
 103              	.LCFI2:
 104              		.cfi_restore_state
1036:Drivers/STM32WBxx_HAL_Driver/Src/stm32wbxx_hal_dma.c **** 
 105              		.loc 1 1036 5 is_stmt 1 view .LVU29
1036:Drivers/STM32WBxx_HAL_Driver/Src/stm32wbxx_hal_dma.c **** 
 106              		.loc 1 1036 9 is_stmt 0 view .LVU30
 107 0038 0368     		ldr	r3, [r0]
1036:Drivers/STM32WBxx_HAL_Driver/Src/stm32wbxx_hal_dma.c **** 
 108              		.loc 1 1036 26 view .LVU31
 109 003a 9A60     		str	r2, [r3, #8]
 110              	.LVL4:
1039:Drivers/STM32WBxx_HAL_Driver/Src/stm32wbxx_hal_dma.c ****   }
 111              		.loc 1 1039 5 is_stmt 1 view .LVU32
1039:Drivers/STM32WBxx_HAL_Driver/Src/stm32wbxx_hal_dma.c ****   }
 112              		.loc 1 1039 9 is_stmt 0 view .LVU33
 113 003c 0368     		ldr	r3, [r0]
1039:Drivers/STM32WBxx_HAL_Driver/Src/stm32wbxx_hal_dma.c ****   }
 114              		.loc 1 1039 26 view .LVU34
 115 003e D960     		str	r1, [r3, #12]
 116 0040 F8E7     		b	.L1
 117              		.cfi_endproc
 118              	.LFE962:
 120              		.section	.text.DMA_CalcDMAMUXChannelBaseAndMask,"ax",%progbits
 121              		.align	1
 122              		.syntax unified
 123              		.thumb
 124              		.thumb_func
 126              	DMA_CalcDMAMUXChannelBaseAndMask:
 127              	.LVL5:
 128              	.LFB963:
1051:Drivers/STM32WBxx_HAL_Driver/Src/stm32wbxx_hal_dma.c **** 
1052:Drivers/STM32WBxx_HAL_Driver/Src/stm32wbxx_hal_dma.c **** /**
1053:Drivers/STM32WBxx_HAL_Driver/Src/stm32wbxx_hal_dma.c ****   * @brief  Updates the DMA handle with the DMAMUX  channel and status mask depending on channel nu
1054:Drivers/STM32WBxx_HAL_Driver/Src/stm32wbxx_hal_dma.c ****   * @param  hdma Pointer to a DMA_HandleTypeDef structure that contains
1055:Drivers/STM32WBxx_HAL_Driver/Src/stm32wbxx_hal_dma.c ****   *                     the configuration information for the specified DMA Channel.
1056:Drivers/STM32WBxx_HAL_Driver/Src/stm32wbxx_hal_dma.c ****   * @retval None
1057:Drivers/STM32WBxx_HAL_Driver/Src/stm32wbxx_hal_dma.c ****   */
1058:Drivers/STM32WBxx_HAL_Driver/Src/stm32wbxx_hal_dma.c **** static void DMA_CalcDMAMUXChannelBaseAndMask(DMA_HandleTypeDef *hdma)
1059:Drivers/STM32WBxx_HAL_Driver/Src/stm32wbxx_hal_dma.c **** {
 129              		.loc 1 1059 1 is_stmt 1 view -0
 130              		.cfi_startproc
 131              		@ args = 0, pretend = 0, frame = 0
 132              		@ frame_needed = 0, uses_anonymous_args = 0
 133              		@ link register save eliminated.
1060:Drivers/STM32WBxx_HAL_Driver/Src/stm32wbxx_hal_dma.c ****   uint32_t channel_number;
 134              		.loc 1 1060 3 view .LVU36
ARM GAS  /var/folders/98/ctz5mtps7w71v8dr53cf5qg40000gn/T//cc9xrYDe.s 			page 22


1061:Drivers/STM32WBxx_HAL_Driver/Src/stm32wbxx_hal_dma.c **** 
1062:Drivers/STM32WBxx_HAL_Driver/Src/stm32wbxx_hal_dma.c ****   /* check if instance is not outside the DMA channel range */
1063:Drivers/STM32WBxx_HAL_Driver/Src/stm32wbxx_hal_dma.c **** #if defined(DMA2)
1064:Drivers/STM32WBxx_HAL_Driver/Src/stm32wbxx_hal_dma.c ****   if ((uint32_t)hdma->Instance < (uint32_t)DMA2_Channel1)
 135              		.loc 1 1064 3 view .LVU37
 136              		.loc 1 1064 21 is_stmt 0 view .LVU38
 137 0000 0368     		ldr	r3, [r0]
 138              		.loc 1 1064 6 view .LVU39
 139 0002 104A     		ldr	r2, .L10
 140 0004 9342     		cmp	r3, r2
 141 0006 15D8     		bhi	.L8
1065:Drivers/STM32WBxx_HAL_Driver/Src/stm32wbxx_hal_dma.c ****   {
1066:Drivers/STM32WBxx_HAL_Driver/Src/stm32wbxx_hal_dma.c ****     /* DMA1 */
1067:Drivers/STM32WBxx_HAL_Driver/Src/stm32wbxx_hal_dma.c ****     hdma->DMAmuxChannel = (DMAMUX1_Channel0 + (hdma->ChannelIndex >> 2U));
 142              		.loc 1 1067 5 is_stmt 1 view .LVU40
 143              		.loc 1 1067 52 is_stmt 0 view .LVU41
 144 0008 426C     		ldr	r2, [r0, #68]
 145              		.loc 1 1067 45 view .LVU42
 146 000a 22F00302 		bic	r2, r2, #3
 147 000e 02F18042 		add	r2, r2, #1073741824
 148 0012 02F50232 		add	r2, r2, #133120
 149              		.loc 1 1067 25 view .LVU43
 150 0016 8264     		str	r2, [r0, #72]
 151              	.L9:
1068:Drivers/STM32WBxx_HAL_Driver/Src/stm32wbxx_hal_dma.c ****   }
1069:Drivers/STM32WBxx_HAL_Driver/Src/stm32wbxx_hal_dma.c ****   else
1070:Drivers/STM32WBxx_HAL_Driver/Src/stm32wbxx_hal_dma.c ****   {
1071:Drivers/STM32WBxx_HAL_Driver/Src/stm32wbxx_hal_dma.c ****     /* DMA2 */
1072:Drivers/STM32WBxx_HAL_Driver/Src/stm32wbxx_hal_dma.c ****     hdma->DMAmuxChannel = (DMAMUX1_Channel7 + (hdma->ChannelIndex >> 2U));
1073:Drivers/STM32WBxx_HAL_Driver/Src/stm32wbxx_hal_dma.c ****   }
1074:Drivers/STM32WBxx_HAL_Driver/Src/stm32wbxx_hal_dma.c **** #else
1075:Drivers/STM32WBxx_HAL_Driver/Src/stm32wbxx_hal_dma.c ****   /* DMA1 */
1076:Drivers/STM32WBxx_HAL_Driver/Src/stm32wbxx_hal_dma.c ****   hdma->DMAmuxChannel = (DMAMUX1_Channel0 + (hdma->ChannelIndex >> 2U));
1077:Drivers/STM32WBxx_HAL_Driver/Src/stm32wbxx_hal_dma.c **** #endif /* DMA2 */
1078:Drivers/STM32WBxx_HAL_Driver/Src/stm32wbxx_hal_dma.c ****   channel_number = (((uint32_t)hdma->Instance & 0xFFU) - 8U) / 20U;
 152              		.loc 1 1078 3 is_stmt 1 view .LVU44
 153              		.loc 1 1078 47 is_stmt 0 view .LVU45
 154 0018 DBB2     		uxtb	r3, r3
 155              		.loc 1 1078 56 view .LVU46
 156 001a 083B     		subs	r3, r3, #8
 157              		.loc 1 1078 18 view .LVU47
 158 001c 0A4A     		ldr	r2, .L10+4
 159 001e A2FB0323 		umull	r2, r3, r2, r3
 160              	.LVL6:
1079:Drivers/STM32WBxx_HAL_Driver/Src/stm32wbxx_hal_dma.c ****   hdma->DMAmuxChannelStatus = DMAMUX1_ChannelStatus;
 161              		.loc 1 1079 3 is_stmt 1 view .LVU48
 162              		.loc 1 1079 29 is_stmt 0 view .LVU49
 163 0022 0A4A     		ldr	r2, .L10+8
 164 0024 C264     		str	r2, [r0, #76]
1080:Drivers/STM32WBxx_HAL_Driver/Src/stm32wbxx_hal_dma.c **** 
1081:Drivers/STM32WBxx_HAL_Driver/Src/stm32wbxx_hal_dma.c ****   /* Initialize the field DMAmuxChannelStatusMask with the corresponding index of the DMAMUX channe
1082:Drivers/STM32WBxx_HAL_Driver/Src/stm32wbxx_hal_dma.c ****   hdma->DMAmuxChannelStatusMask = 1UL << (channel_number & 0x1FU);
 165              		.loc 1 1082 3 is_stmt 1 view .LVU50
 166              		.loc 1 1082 58 is_stmt 0 view .LVU51
 167 0026 C3F30413 		ubfx	r3, r3, #4, #5
 168              	.LVL7:
 169              		.loc 1 1082 39 view .LVU52
ARM GAS  /var/folders/98/ctz5mtps7w71v8dr53cf5qg40000gn/T//cc9xrYDe.s 			page 23


 170 002a 0122     		movs	r2, #1
 171 002c 02FA03F3 		lsl	r3, r2, r3
 172              		.loc 1 1082 33 view .LVU53
 173 0030 0365     		str	r3, [r0, #80]
1083:Drivers/STM32WBxx_HAL_Driver/Src/stm32wbxx_hal_dma.c **** }
 174              		.loc 1 1083 1 view .LVU54
 175 0032 7047     		bx	lr
 176              	.LVL8:
 177              	.L8:
1072:Drivers/STM32WBxx_HAL_Driver/Src/stm32wbxx_hal_dma.c ****   }
 178              		.loc 1 1072 5 is_stmt 1 view .LVU55
1072:Drivers/STM32WBxx_HAL_Driver/Src/stm32wbxx_hal_dma.c ****   }
 179              		.loc 1 1072 52 is_stmt 0 view .LVU56
 180 0034 426C     		ldr	r2, [r0, #68]
1072:Drivers/STM32WBxx_HAL_Driver/Src/stm32wbxx_hal_dma.c ****   }
 181              		.loc 1 1072 45 view .LVU57
 182 0036 22F00301 		bic	r1, r2, #3
 183 003a 054A     		ldr	r2, .L10+12
 184 003c 0A44     		add	r2, r2, r1
1072:Drivers/STM32WBxx_HAL_Driver/Src/stm32wbxx_hal_dma.c ****   }
 185              		.loc 1 1072 25 view .LVU58
 186 003e 8264     		str	r2, [r0, #72]
 187 0040 EAE7     		b	.L9
 188              	.L11:
 189 0042 00BF     		.align	2
 190              	.L10:
 191 0044 07040240 		.word	1073873927
 192 0048 CDCCCCCC 		.word	-858993459
 193 004c 80080240 		.word	1073875072
 194 0050 1C080240 		.word	1073874972
 195              		.cfi_endproc
 196              	.LFE963:
 198              		.section	.text.DMA_CalcDMAMUXRequestGenBaseAndMask,"ax",%progbits
 199              		.align	1
 200              		.syntax unified
 201              		.thumb
 202              		.thumb_func
 204              	DMA_CalcDMAMUXRequestGenBaseAndMask:
 205              	.LVL9:
 206              	.LFB964:
1084:Drivers/STM32WBxx_HAL_Driver/Src/stm32wbxx_hal_dma.c **** 
1085:Drivers/STM32WBxx_HAL_Driver/Src/stm32wbxx_hal_dma.c **** /**
1086:Drivers/STM32WBxx_HAL_Driver/Src/stm32wbxx_hal_dma.c ****   * @brief  Updates the DMA handle with the DMAMUX  request generator params
1087:Drivers/STM32WBxx_HAL_Driver/Src/stm32wbxx_hal_dma.c ****   * @param  hdma Pointer to a DMA_HandleTypeDef structure that contains
1088:Drivers/STM32WBxx_HAL_Driver/Src/stm32wbxx_hal_dma.c ****   *                     the configuration information for the specified DMA Channel.
1089:Drivers/STM32WBxx_HAL_Driver/Src/stm32wbxx_hal_dma.c ****   * @retval None
1090:Drivers/STM32WBxx_HAL_Driver/Src/stm32wbxx_hal_dma.c ****   */
1091:Drivers/STM32WBxx_HAL_Driver/Src/stm32wbxx_hal_dma.c **** 
1092:Drivers/STM32WBxx_HAL_Driver/Src/stm32wbxx_hal_dma.c **** static void DMA_CalcDMAMUXRequestGenBaseAndMask(DMA_HandleTypeDef *hdma)
1093:Drivers/STM32WBxx_HAL_Driver/Src/stm32wbxx_hal_dma.c **** {
 207              		.loc 1 1093 1 is_stmt 1 view -0
 208              		.cfi_startproc
 209              		@ args = 0, pretend = 0, frame = 0
 210              		@ frame_needed = 0, uses_anonymous_args = 0
 211              		@ link register save eliminated.
1094:Drivers/STM32WBxx_HAL_Driver/Src/stm32wbxx_hal_dma.c ****   uint32_t request =  hdma->Init.Request & DMAMUX_CxCR_DMAREQ_ID;
 212              		.loc 1 1094 3 view .LVU60
ARM GAS  /var/folders/98/ctz5mtps7w71v8dr53cf5qg40000gn/T//cc9xrYDe.s 			page 24


 213              		.loc 1 1094 33 is_stmt 0 view .LVU61
 214 0000 4368     		ldr	r3, [r0, #4]
 215              		.loc 1 1094 12 view .LVU62
 216 0002 03F03F03 		and	r3, r3, #63
 217              	.LVL10:
1095:Drivers/STM32WBxx_HAL_Driver/Src/stm32wbxx_hal_dma.c **** 
1096:Drivers/STM32WBxx_HAL_Driver/Src/stm32wbxx_hal_dma.c ****   /* DMA Channels are connected to DMAMUX1 request generator blocks*/
1097:Drivers/STM32WBxx_HAL_Driver/Src/stm32wbxx_hal_dma.c ****   hdma->DMAmuxRequestGen = (DMAMUX_RequestGen_TypeDef *)((uint32_t)(((uint32_t)DMAMUX1_RequestGener
 218              		.loc 1 1097 3 is_stmt 1 view .LVU63
 219              		.loc 1 1097 58 is_stmt 0 view .LVU64
 220 0006 074A     		ldr	r2, .L13
 221 0008 1A44     		add	r2, r2, r3
 222 000a 9200     		lsls	r2, r2, #2
 223              		.loc 1 1097 26 view .LVU65
 224 000c 4265     		str	r2, [r0, #84]
1098:Drivers/STM32WBxx_HAL_Driver/Src/stm32wbxx_hal_dma.c **** 
1099:Drivers/STM32WBxx_HAL_Driver/Src/stm32wbxx_hal_dma.c ****   hdma->DMAmuxRequestGenStatus = DMAMUX1_RequestGenStatus;
 225              		.loc 1 1099 3 is_stmt 1 view .LVU66
 226              		.loc 1 1099 32 is_stmt 0 view .LVU67
 227 000e 064A     		ldr	r2, .L13+4
 228 0010 8265     		str	r2, [r0, #88]
1100:Drivers/STM32WBxx_HAL_Driver/Src/stm32wbxx_hal_dma.c **** 
1101:Drivers/STM32WBxx_HAL_Driver/Src/stm32wbxx_hal_dma.c ****   /* here "Request" is either DMA_REQUEST_GENERATOR0 to DMA_REQUEST_GENERATOR3, i.e. <= 4*/
1102:Drivers/STM32WBxx_HAL_Driver/Src/stm32wbxx_hal_dma.c ****   hdma->DMAmuxRequestGenStatusMask = 1UL << ((request - 1U) & 0x3U);
 229              		.loc 1 1102 3 is_stmt 1 view .LVU68
 230              		.loc 1 1102 55 is_stmt 0 view .LVU69
 231 0012 013B     		subs	r3, r3, #1
 232              	.LVL11:
 233              		.loc 1 1102 61 view .LVU70
 234 0014 03F00303 		and	r3, r3, #3
 235              	.LVL12:
 236              		.loc 1 1102 42 view .LVU71
 237 0018 0122     		movs	r2, #1
 238 001a 02FA03F3 		lsl	r3, r2, r3
 239              		.loc 1 1102 36 view .LVU72
 240 001e C365     		str	r3, [r0, #92]
1103:Drivers/STM32WBxx_HAL_Driver/Src/stm32wbxx_hal_dma.c **** }
 241              		.loc 1 1103 1 view .LVU73
 242 0020 7047     		bx	lr
 243              	.L14:
 244 0022 00BF     		.align	2
 245              	.L13:
 246 0024 3F820010 		.word	268468799
 247 0028 40090240 		.word	1073875264
 248              		.cfi_endproc
 249              	.LFE964:
 251              		.section	.text.HAL_DMA_Init,"ax",%progbits
 252              		.align	1
 253              		.global	HAL_DMA_Init
 254              		.syntax unified
 255              		.thumb
 256              		.thumb_func
 258              	HAL_DMA_Init:
 259              	.LVL13:
 260              	.LFB950:
 152:Drivers/STM32WBxx_HAL_Driver/Src/stm32wbxx_hal_dma.c ****   uint32_t tmp;
 261              		.loc 1 152 1 is_stmt 1 view -0
ARM GAS  /var/folders/98/ctz5mtps7w71v8dr53cf5qg40000gn/T//cc9xrYDe.s 			page 25


 262              		.cfi_startproc
 263              		@ args = 0, pretend = 0, frame = 0
 264              		@ frame_needed = 0, uses_anonymous_args = 0
 153:Drivers/STM32WBxx_HAL_Driver/Src/stm32wbxx_hal_dma.c **** 
 265              		.loc 1 153 3 view .LVU75
 156:Drivers/STM32WBxx_HAL_Driver/Src/stm32wbxx_hal_dma.c ****   {
 266              		.loc 1 156 3 view .LVU76
 156:Drivers/STM32WBxx_HAL_Driver/Src/stm32wbxx_hal_dma.c ****   {
 267              		.loc 1 156 6 is_stmt 0 view .LVU77
 268 0000 0028     		cmp	r0, #0
 269 0002 5BD0     		beq	.L22
 152:Drivers/STM32WBxx_HAL_Driver/Src/stm32wbxx_hal_dma.c ****   uint32_t tmp;
 270              		.loc 1 152 1 view .LVU78
 271 0004 10B5     		push	{r4, lr}
 272              	.LCFI3:
 273              		.cfi_def_cfa_offset 8
 274              		.cfi_offset 4, -8
 275              		.cfi_offset 14, -4
 276 0006 0446     		mov	r4, r0
 162:Drivers/STM32WBxx_HAL_Driver/Src/stm32wbxx_hal_dma.c ****   assert_param(IS_DMA_DIRECTION(hdma->Init.Direction));
 277              		.loc 1 162 3 is_stmt 1 view .LVU79
 163:Drivers/STM32WBxx_HAL_Driver/Src/stm32wbxx_hal_dma.c ****   assert_param(IS_DMA_PERIPHERAL_INC_STATE(hdma->Init.PeriphInc));
 278              		.loc 1 163 3 view .LVU80
 164:Drivers/STM32WBxx_HAL_Driver/Src/stm32wbxx_hal_dma.c ****   assert_param(IS_DMA_MEMORY_INC_STATE(hdma->Init.MemInc));
 279              		.loc 1 164 3 view .LVU81
 165:Drivers/STM32WBxx_HAL_Driver/Src/stm32wbxx_hal_dma.c ****   assert_param(IS_DMA_PERIPHERAL_DATA_SIZE(hdma->Init.PeriphDataAlignment));
 280              		.loc 1 165 3 view .LVU82
 166:Drivers/STM32WBxx_HAL_Driver/Src/stm32wbxx_hal_dma.c ****   assert_param(IS_DMA_MEMORY_DATA_SIZE(hdma->Init.MemDataAlignment));
 281              		.loc 1 166 3 view .LVU83
 167:Drivers/STM32WBxx_HAL_Driver/Src/stm32wbxx_hal_dma.c ****   assert_param(IS_DMA_MODE(hdma->Init.Mode));
 282              		.loc 1 167 3 view .LVU84
 168:Drivers/STM32WBxx_HAL_Driver/Src/stm32wbxx_hal_dma.c ****   assert_param(IS_DMA_PRIORITY(hdma->Init.Priority));
 283              		.loc 1 168 3 view .LVU85
 169:Drivers/STM32WBxx_HAL_Driver/Src/stm32wbxx_hal_dma.c **** 
 284              		.loc 1 169 3 view .LVU86
 171:Drivers/STM32WBxx_HAL_Driver/Src/stm32wbxx_hal_dma.c **** 
 285              		.loc 1 171 3 view .LVU87
 175:Drivers/STM32WBxx_HAL_Driver/Src/stm32wbxx_hal_dma.c ****   {
 286              		.loc 1 175 3 view .LVU88
 175:Drivers/STM32WBxx_HAL_Driver/Src/stm32wbxx_hal_dma.c ****   {
 287              		.loc 1 175 22 is_stmt 0 view .LVU89
 288 0008 0268     		ldr	r2, [r0]
 175:Drivers/STM32WBxx_HAL_Driver/Src/stm32wbxx_hal_dma.c ****   {
 289              		.loc 1 175 6 view .LVU90
 290 000a 2D4B     		ldr	r3, .L29
 291 000c 9A42     		cmp	r2, r3
 292 000e 3DD8     		bhi	.L17
 178:Drivers/STM32WBxx_HAL_Driver/Src/stm32wbxx_hal_dma.c ****     hdma->DmaBaseAddress = DMA1;
 293              		.loc 1 178 5 is_stmt 1 view .LVU91
 178:Drivers/STM32WBxx_HAL_Driver/Src/stm32wbxx_hal_dma.c ****     hdma->DmaBaseAddress = DMA1;
 294              		.loc 1 178 53 is_stmt 0 view .LVU92
 295 0010 2C4B     		ldr	r3, .L29+4
 296 0012 1344     		add	r3, r3, r2
 178:Drivers/STM32WBxx_HAL_Driver/Src/stm32wbxx_hal_dma.c ****     hdma->DmaBaseAddress = DMA1;
 297              		.loc 1 178 80 view .LVU93
 298 0014 2C49     		ldr	r1, .L29+8
 299 0016 A1FB0313 		umull	r1, r3, r1, r3
ARM GAS  /var/folders/98/ctz5mtps7w71v8dr53cf5qg40000gn/T//cc9xrYDe.s 			page 26


 300 001a 1B09     		lsrs	r3, r3, #4
 178:Drivers/STM32WBxx_HAL_Driver/Src/stm32wbxx_hal_dma.c ****     hdma->DmaBaseAddress = DMA1;
 301              		.loc 1 178 135 view .LVU94
 302 001c 9B00     		lsls	r3, r3, #2
 178:Drivers/STM32WBxx_HAL_Driver/Src/stm32wbxx_hal_dma.c ****     hdma->DmaBaseAddress = DMA1;
 303              		.loc 1 178 24 view .LVU95
 304 001e 4364     		str	r3, [r0, #68]
 179:Drivers/STM32WBxx_HAL_Driver/Src/stm32wbxx_hal_dma.c ****   }
 305              		.loc 1 179 5 is_stmt 1 view .LVU96
 179:Drivers/STM32WBxx_HAL_Driver/Src/stm32wbxx_hal_dma.c ****   }
 306              		.loc 1 179 26 is_stmt 0 view .LVU97
 307 0020 2A4B     		ldr	r3, .L29+12
 308 0022 0364     		str	r3, [r0, #64]
 309              	.L18:
 194:Drivers/STM32WBxx_HAL_Driver/Src/stm32wbxx_hal_dma.c **** 
 310              		.loc 1 194 3 is_stmt 1 view .LVU98
 194:Drivers/STM32WBxx_HAL_Driver/Src/stm32wbxx_hal_dma.c **** 
 311              		.loc 1 194 15 is_stmt 0 view .LVU99
 312 0024 0223     		movs	r3, #2
 313 0026 84F82530 		strb	r3, [r4, #37]
 197:Drivers/STM32WBxx_HAL_Driver/Src/stm32wbxx_hal_dma.c **** 
 314              		.loc 1 197 3 is_stmt 1 view .LVU100
 197:Drivers/STM32WBxx_HAL_Driver/Src/stm32wbxx_hal_dma.c **** 
 315              		.loc 1 197 7 is_stmt 0 view .LVU101
 316 002a 1168     		ldr	r1, [r2]
 317              	.LVL14:
 200:Drivers/STM32WBxx_HAL_Driver/Src/stm32wbxx_hal_dma.c ****                       DMA_CCR_MINC  | DMA_CCR_PINC   | DMA_CCR_CIRC   |
 318              		.loc 1 200 3 is_stmt 1 view .LVU102
 200:Drivers/STM32WBxx_HAL_Driver/Src/stm32wbxx_hal_dma.c ****                       DMA_CCR_MINC  | DMA_CCR_PINC   | DMA_CCR_CIRC   |
 319              		.loc 1 200 7 is_stmt 0 view .LVU103
 320 002c 6FF30E11 		bfc	r1, #4, #11
 321              	.LVL15:
 205:Drivers/STM32WBxx_HAL_Driver/Src/stm32wbxx_hal_dma.c ****           hdma->Init.PeriphInc           | hdma->Init.MemInc           |
 322              		.loc 1 205 3 is_stmt 1 view .LVU104
 205:Drivers/STM32WBxx_HAL_Driver/Src/stm32wbxx_hal_dma.c ****           hdma->Init.PeriphInc           | hdma->Init.MemInc           |
 323              		.loc 1 205 21 is_stmt 0 view .LVU105
 324 0030 A368     		ldr	r3, [r4, #8]
 206:Drivers/STM32WBxx_HAL_Driver/Src/stm32wbxx_hal_dma.c ****           hdma->Init.PeriphDataAlignment | hdma->Init.MemDataAlignment |
 325              		.loc 1 206 21 view .LVU106
 326 0032 E068     		ldr	r0, [r4, #12]
 327              	.LVL16:
 205:Drivers/STM32WBxx_HAL_Driver/Src/stm32wbxx_hal_dma.c ****           hdma->Init.PeriphInc           | hdma->Init.MemInc           |
 328              		.loc 1 205 39 view .LVU107
 329 0034 0343     		orrs	r3, r3, r0
 206:Drivers/STM32WBxx_HAL_Driver/Src/stm32wbxx_hal_dma.c ****           hdma->Init.PeriphDataAlignment | hdma->Init.MemDataAlignment |
 330              		.loc 1 206 54 view .LVU108
 331 0036 2069     		ldr	r0, [r4, #16]
 206:Drivers/STM32WBxx_HAL_Driver/Src/stm32wbxx_hal_dma.c ****           hdma->Init.PeriphDataAlignment | hdma->Init.MemDataAlignment |
 332              		.loc 1 206 42 view .LVU109
 333 0038 0343     		orrs	r3, r3, r0
 207:Drivers/STM32WBxx_HAL_Driver/Src/stm32wbxx_hal_dma.c ****           hdma->Init.Mode                | hdma->Init.Priority;
 334              		.loc 1 207 21 view .LVU110
 335 003a 6069     		ldr	r0, [r4, #20]
 206:Drivers/STM32WBxx_HAL_Driver/Src/stm32wbxx_hal_dma.c ****           hdma->Init.PeriphDataAlignment | hdma->Init.MemDataAlignment |
 336              		.loc 1 206 72 view .LVU111
 337 003c 0343     		orrs	r3, r3, r0
 207:Drivers/STM32WBxx_HAL_Driver/Src/stm32wbxx_hal_dma.c ****           hdma->Init.Mode                | hdma->Init.Priority;
ARM GAS  /var/folders/98/ctz5mtps7w71v8dr53cf5qg40000gn/T//cc9xrYDe.s 			page 27


 338              		.loc 1 207 54 view .LVU112
 339 003e A069     		ldr	r0, [r4, #24]
 207:Drivers/STM32WBxx_HAL_Driver/Src/stm32wbxx_hal_dma.c ****           hdma->Init.Mode                | hdma->Init.Priority;
 340              		.loc 1 207 42 view .LVU113
 341 0040 0343     		orrs	r3, r3, r0
 208:Drivers/STM32WBxx_HAL_Driver/Src/stm32wbxx_hal_dma.c **** 
 342              		.loc 1 208 21 view .LVU114
 343 0042 E069     		ldr	r0, [r4, #28]
 207:Drivers/STM32WBxx_HAL_Driver/Src/stm32wbxx_hal_dma.c ****           hdma->Init.Mode                | hdma->Init.Priority;
 344              		.loc 1 207 72 view .LVU115
 345 0044 0343     		orrs	r3, r3, r0
 208:Drivers/STM32WBxx_HAL_Driver/Src/stm32wbxx_hal_dma.c **** 
 346              		.loc 1 208 54 view .LVU116
 347 0046 206A     		ldr	r0, [r4, #32]
 208:Drivers/STM32WBxx_HAL_Driver/Src/stm32wbxx_hal_dma.c **** 
 348              		.loc 1 208 42 view .LVU117
 349 0048 0343     		orrs	r3, r3, r0
 205:Drivers/STM32WBxx_HAL_Driver/Src/stm32wbxx_hal_dma.c ****           hdma->Init.PeriphInc           | hdma->Init.MemInc           |
 350              		.loc 1 205 7 view .LVU118
 351 004a 0B43     		orrs	r3, r3, r1
 352              	.LVL17:
 211:Drivers/STM32WBxx_HAL_Driver/Src/stm32wbxx_hal_dma.c **** 
 353              		.loc 1 211 3 is_stmt 1 view .LVU119
 211:Drivers/STM32WBxx_HAL_Driver/Src/stm32wbxx_hal_dma.c **** 
 354              		.loc 1 211 23 is_stmt 0 view .LVU120
 355 004c 1360     		str	r3, [r2]
 216:Drivers/STM32WBxx_HAL_Driver/Src/stm32wbxx_hal_dma.c **** 
 356              		.loc 1 216 3 is_stmt 1 view .LVU121
 357 004e 2046     		mov	r0, r4
 358 0050 FFF7FEFF 		bl	DMA_CalcDMAMUXChannelBaseAndMask
 359              	.LVL18:
 218:Drivers/STM32WBxx_HAL_Driver/Src/stm32wbxx_hal_dma.c ****   {
 360              		.loc 1 218 3 view .LVU122
 218:Drivers/STM32WBxx_HAL_Driver/Src/stm32wbxx_hal_dma.c ****   {
 361              		.loc 1 218 17 is_stmt 0 view .LVU123
 362 0054 A368     		ldr	r3, [r4, #8]
 218:Drivers/STM32WBxx_HAL_Driver/Src/stm32wbxx_hal_dma.c ****   {
 363              		.loc 1 218 6 view .LVU124
 364 0056 B3F5804F 		cmp	r3, #16384
 365 005a 22D0     		beq	.L27
 366              	.L19:
 225:Drivers/STM32WBxx_HAL_Driver/Src/stm32wbxx_hal_dma.c **** 
 367              		.loc 1 225 3 is_stmt 1 view .LVU125
 225:Drivers/STM32WBxx_HAL_Driver/Src/stm32wbxx_hal_dma.c **** 
 368              		.loc 1 225 41 is_stmt 0 view .LVU126
 369 005c 6368     		ldr	r3, [r4, #4]
 225:Drivers/STM32WBxx_HAL_Driver/Src/stm32wbxx_hal_dma.c **** 
 370              		.loc 1 225 7 view .LVU127
 371 005e A26C     		ldr	r2, [r4, #72]
 225:Drivers/STM32WBxx_HAL_Driver/Src/stm32wbxx_hal_dma.c **** 
 372              		.loc 1 225 50 view .LVU128
 373 0060 03F03F03 		and	r3, r3, #63
 225:Drivers/STM32WBxx_HAL_Driver/Src/stm32wbxx_hal_dma.c **** 
 374              		.loc 1 225 28 view .LVU129
 375 0064 1360     		str	r3, [r2]
 228:Drivers/STM32WBxx_HAL_Driver/Src/stm32wbxx_hal_dma.c **** 
 376              		.loc 1 228 3 is_stmt 1 view .LVU130
ARM GAS  /var/folders/98/ctz5mtps7w71v8dr53cf5qg40000gn/T//cc9xrYDe.s 			page 28


 228:Drivers/STM32WBxx_HAL_Driver/Src/stm32wbxx_hal_dma.c **** 
 377              		.loc 1 228 7 is_stmt 0 view .LVU131
 378 0066 E36C     		ldr	r3, [r4, #76]
 228:Drivers/STM32WBxx_HAL_Driver/Src/stm32wbxx_hal_dma.c **** 
 379              		.loc 1 228 40 view .LVU132
 380 0068 226D     		ldr	r2, [r4, #80]
 228:Drivers/STM32WBxx_HAL_Driver/Src/stm32wbxx_hal_dma.c **** 
 381              		.loc 1 228 34 view .LVU133
 382 006a 5A60     		str	r2, [r3, #4]
 230:Drivers/STM32WBxx_HAL_Driver/Src/stm32wbxx_hal_dma.c ****   {
 383              		.loc 1 230 3 is_stmt 1 view .LVU134
 230:Drivers/STM32WBxx_HAL_Driver/Src/stm32wbxx_hal_dma.c ****   {
 384              		.loc 1 230 19 is_stmt 0 view .LVU135
 385 006c 6368     		ldr	r3, [r4, #4]
 230:Drivers/STM32WBxx_HAL_Driver/Src/stm32wbxx_hal_dma.c ****   {
 386              		.loc 1 230 35 view .LVU136
 387 006e 013B     		subs	r3, r3, #1
 230:Drivers/STM32WBxx_HAL_Driver/Src/stm32wbxx_hal_dma.c ****   {
 388              		.loc 1 230 6 view .LVU137
 389 0070 032B     		cmp	r3, #3
 390 0072 19D9     		bls	.L28
 245:Drivers/STM32WBxx_HAL_Driver/Src/stm32wbxx_hal_dma.c ****     hdma->DMAmuxRequestGenStatus = 0U;
 391              		.loc 1 245 5 is_stmt 1 view .LVU138
 245:Drivers/STM32WBxx_HAL_Driver/Src/stm32wbxx_hal_dma.c ****     hdma->DMAmuxRequestGenStatus = 0U;
 392              		.loc 1 245 28 is_stmt 0 view .LVU139
 393 0074 0023     		movs	r3, #0
 394 0076 6365     		str	r3, [r4, #84]
 246:Drivers/STM32WBxx_HAL_Driver/Src/stm32wbxx_hal_dma.c ****     hdma->DMAmuxRequestGenStatusMask = 0U;
 395              		.loc 1 246 5 is_stmt 1 view .LVU140
 246:Drivers/STM32WBxx_HAL_Driver/Src/stm32wbxx_hal_dma.c ****     hdma->DMAmuxRequestGenStatusMask = 0U;
 396              		.loc 1 246 34 is_stmt 0 view .LVU141
 397 0078 A365     		str	r3, [r4, #88]
 247:Drivers/STM32WBxx_HAL_Driver/Src/stm32wbxx_hal_dma.c ****   }
 398              		.loc 1 247 5 is_stmt 1 view .LVU142
 247:Drivers/STM32WBxx_HAL_Driver/Src/stm32wbxx_hal_dma.c ****   }
 399              		.loc 1 247 38 is_stmt 0 view .LVU143
 400 007a E365     		str	r3, [r4, #92]
 401              	.L21:
 251:Drivers/STM32WBxx_HAL_Driver/Src/stm32wbxx_hal_dma.c **** 
 402              		.loc 1 251 3 is_stmt 1 view .LVU144
 251:Drivers/STM32WBxx_HAL_Driver/Src/stm32wbxx_hal_dma.c **** 
 403              		.loc 1 251 19 is_stmt 0 view .LVU145
 404 007c 0020     		movs	r0, #0
 405 007e E063     		str	r0, [r4, #60]
 254:Drivers/STM32WBxx_HAL_Driver/Src/stm32wbxx_hal_dma.c **** 
 406              		.loc 1 254 3 is_stmt 1 view .LVU146
 254:Drivers/STM32WBxx_HAL_Driver/Src/stm32wbxx_hal_dma.c **** 
 407              		.loc 1 254 16 is_stmt 0 view .LVU147
 408 0080 0123     		movs	r3, #1
 409 0082 84F82530 		strb	r3, [r4, #37]
 257:Drivers/STM32WBxx_HAL_Driver/Src/stm32wbxx_hal_dma.c **** 
 410              		.loc 1 257 3 is_stmt 1 view .LVU148
 257:Drivers/STM32WBxx_HAL_Driver/Src/stm32wbxx_hal_dma.c **** 
 411              		.loc 1 257 14 is_stmt 0 view .LVU149
 412 0086 84F82400 		strb	r0, [r4, #36]
 259:Drivers/STM32WBxx_HAL_Driver/Src/stm32wbxx_hal_dma.c **** }
 413              		.loc 1 259 3 is_stmt 1 view .LVU150
ARM GAS  /var/folders/98/ctz5mtps7w71v8dr53cf5qg40000gn/T//cc9xrYDe.s 			page 29


 260:Drivers/STM32WBxx_HAL_Driver/Src/stm32wbxx_hal_dma.c **** 
 414              		.loc 1 260 1 is_stmt 0 view .LVU151
 415 008a 10BD     		pop	{r4, pc}
 416              	.LVL19:
 417              	.L17:
 184:Drivers/STM32WBxx_HAL_Driver/Src/stm32wbxx_hal_dma.c ****     hdma->DmaBaseAddress = DMA2;
 418              		.loc 1 184 5 is_stmt 1 view .LVU152
 184:Drivers/STM32WBxx_HAL_Driver/Src/stm32wbxx_hal_dma.c ****     hdma->DmaBaseAddress = DMA2;
 419              		.loc 1 184 53 is_stmt 0 view .LVU153
 420 008c 104B     		ldr	r3, .L29+16
 421 008e 1344     		add	r3, r3, r2
 184:Drivers/STM32WBxx_HAL_Driver/Src/stm32wbxx_hal_dma.c ****     hdma->DmaBaseAddress = DMA2;
 422              		.loc 1 184 80 view .LVU154
 423 0090 0D49     		ldr	r1, .L29+8
 424 0092 A1FB0313 		umull	r1, r3, r1, r3
 425 0096 1B09     		lsrs	r3, r3, #4
 184:Drivers/STM32WBxx_HAL_Driver/Src/stm32wbxx_hal_dma.c ****     hdma->DmaBaseAddress = DMA2;
 426              		.loc 1 184 135 view .LVU155
 427 0098 9B00     		lsls	r3, r3, #2
 184:Drivers/STM32WBxx_HAL_Driver/Src/stm32wbxx_hal_dma.c ****     hdma->DmaBaseAddress = DMA2;
 428              		.loc 1 184 24 view .LVU156
 429 009a 4364     		str	r3, [r0, #68]
 185:Drivers/STM32WBxx_HAL_Driver/Src/stm32wbxx_hal_dma.c ****   }
 430              		.loc 1 185 5 is_stmt 1 view .LVU157
 185:Drivers/STM32WBxx_HAL_Driver/Src/stm32wbxx_hal_dma.c ****   }
 431              		.loc 1 185 26 is_stmt 0 view .LVU158
 432 009c 0D4B     		ldr	r3, .L29+20
 433 009e 0364     		str	r3, [r0, #64]
 434 00a0 C0E7     		b	.L18
 435              	.LVL20:
 436              	.L27:
 221:Drivers/STM32WBxx_HAL_Driver/Src/stm32wbxx_hal_dma.c ****   }
 437              		.loc 1 221 5 is_stmt 1 view .LVU159
 221:Drivers/STM32WBxx_HAL_Driver/Src/stm32wbxx_hal_dma.c ****   }
 438              		.loc 1 221 24 is_stmt 0 view .LVU160
 439 00a2 0023     		movs	r3, #0
 440 00a4 6360     		str	r3, [r4, #4]
 441 00a6 D9E7     		b	.L19
 442              	.L28:
 235:Drivers/STM32WBxx_HAL_Driver/Src/stm32wbxx_hal_dma.c **** 
 443              		.loc 1 235 5 is_stmt 1 view .LVU161
 444 00a8 2046     		mov	r0, r4
 445 00aa FFF7FEFF 		bl	DMA_CalcDMAMUXRequestGenBaseAndMask
 446              	.LVL21:
 238:Drivers/STM32WBxx_HAL_Driver/Src/stm32wbxx_hal_dma.c **** 
 447              		.loc 1 238 5 view .LVU162
 238:Drivers/STM32WBxx_HAL_Driver/Src/stm32wbxx_hal_dma.c **** 
 448              		.loc 1 238 9 is_stmt 0 view .LVU163
 449 00ae 636D     		ldr	r3, [r4, #84]
 238:Drivers/STM32WBxx_HAL_Driver/Src/stm32wbxx_hal_dma.c **** 
 450              		.loc 1 238 34 view .LVU164
 451 00b0 0022     		movs	r2, #0
 452 00b2 1A60     		str	r2, [r3]
 241:Drivers/STM32WBxx_HAL_Driver/Src/stm32wbxx_hal_dma.c ****   }
 453              		.loc 1 241 5 is_stmt 1 view .LVU165
 241:Drivers/STM32WBxx_HAL_Driver/Src/stm32wbxx_hal_dma.c ****   }
 454              		.loc 1 241 9 is_stmt 0 view .LVU166
ARM GAS  /var/folders/98/ctz5mtps7w71v8dr53cf5qg40000gn/T//cc9xrYDe.s 			page 30


 455 00b4 A36D     		ldr	r3, [r4, #88]
 241:Drivers/STM32WBxx_HAL_Driver/Src/stm32wbxx_hal_dma.c ****   }
 456              		.loc 1 241 47 view .LVU167
 457 00b6 E26D     		ldr	r2, [r4, #92]
 241:Drivers/STM32WBxx_HAL_Driver/Src/stm32wbxx_hal_dma.c ****   }
 458              		.loc 1 241 41 view .LVU168
 459 00b8 5A60     		str	r2, [r3, #4]
 460 00ba DFE7     		b	.L21
 461              	.LVL22:
 462              	.L22:
 463              	.LCFI4:
 464              		.cfi_def_cfa_offset 0
 465              		.cfi_restore 4
 466              		.cfi_restore 14
 158:Drivers/STM32WBxx_HAL_Driver/Src/stm32wbxx_hal_dma.c ****   }
 467              		.loc 1 158 12 view .LVU169
 468 00bc 0120     		movs	r0, #1
 469              	.LVL23:
 260:Drivers/STM32WBxx_HAL_Driver/Src/stm32wbxx_hal_dma.c **** 
 470              		.loc 1 260 1 view .LVU170
 471 00be 7047     		bx	lr
 472              	.L30:
 473              		.align	2
 474              	.L29:
 475 00c0 07040240 		.word	1073873927
 476 00c4 F8FFFDBF 		.word	-1073872904
 477 00c8 CDCCCCCC 		.word	-858993459
 478 00cc 00000240 		.word	1073872896
 479 00d0 F8FBFDBF 		.word	-1073873928
 480 00d4 00040240 		.word	1073873920
 481              		.cfi_endproc
 482              	.LFE950:
 484              		.section	.text.HAL_DMA_DeInit,"ax",%progbits
 485              		.align	1
 486              		.global	HAL_DMA_DeInit
 487              		.syntax unified
 488              		.thumb
 489              		.thumb_func
 491              	HAL_DMA_DeInit:
 492              	.LVL24:
 493              	.LFB951:
 269:Drivers/STM32WBxx_HAL_Driver/Src/stm32wbxx_hal_dma.c **** 
 494              		.loc 1 269 1 is_stmt 1 view -0
 495              		.cfi_startproc
 496              		@ args = 0, pretend = 0, frame = 0
 497              		@ frame_needed = 0, uses_anonymous_args = 0
 272:Drivers/STM32WBxx_HAL_Driver/Src/stm32wbxx_hal_dma.c ****   {
 498              		.loc 1 272 3 view .LVU172
 272:Drivers/STM32WBxx_HAL_Driver/Src/stm32wbxx_hal_dma.c ****   {
 499              		.loc 1 272 6 is_stmt 0 view .LVU173
 500 0000 0028     		cmp	r0, #0
 501 0002 4BD0     		beq	.L36
 269:Drivers/STM32WBxx_HAL_Driver/Src/stm32wbxx_hal_dma.c **** 
 502              		.loc 1 269 1 view .LVU174
 503 0004 38B5     		push	{r3, r4, r5, lr}
 504              	.LCFI5:
 505              		.cfi_def_cfa_offset 16
ARM GAS  /var/folders/98/ctz5mtps7w71v8dr53cf5qg40000gn/T//cc9xrYDe.s 			page 31


 506              		.cfi_offset 3, -16
 507              		.cfi_offset 4, -12
 508              		.cfi_offset 5, -8
 509              		.cfi_offset 14, -4
 510 0006 0446     		mov	r4, r0
 278:Drivers/STM32WBxx_HAL_Driver/Src/stm32wbxx_hal_dma.c **** 
 511              		.loc 1 278 3 is_stmt 1 view .LVU175
 281:Drivers/STM32WBxx_HAL_Driver/Src/stm32wbxx_hal_dma.c **** 
 512              		.loc 1 281 3 view .LVU176
 513 0008 0268     		ldr	r2, [r0]
 514 000a 1368     		ldr	r3, [r2]
 515 000c 23F00103 		bic	r3, r3, #1
 516 0010 1360     		str	r3, [r2]
 285:Drivers/STM32WBxx_HAL_Driver/Src/stm32wbxx_hal_dma.c ****   {
 517              		.loc 1 285 3 view .LVU177
 285:Drivers/STM32WBxx_HAL_Driver/Src/stm32wbxx_hal_dma.c ****   {
 518              		.loc 1 285 22 is_stmt 0 view .LVU178
 519 0012 0268     		ldr	r2, [r0]
 285:Drivers/STM32WBxx_HAL_Driver/Src/stm32wbxx_hal_dma.c ****   {
 520              		.loc 1 285 6 view .LVU179
 521 0014 224B     		ldr	r3, .L42
 522 0016 9A42     		cmp	r2, r3
 523 0018 2CD8     		bhi	.L33
 288:Drivers/STM32WBxx_HAL_Driver/Src/stm32wbxx_hal_dma.c ****     hdma->DmaBaseAddress = DMA1;
 524              		.loc 1 288 5 is_stmt 1 view .LVU180
 288:Drivers/STM32WBxx_HAL_Driver/Src/stm32wbxx_hal_dma.c ****     hdma->DmaBaseAddress = DMA1;
 525              		.loc 1 288 53 is_stmt 0 view .LVU181
 526 001a 224B     		ldr	r3, .L42+4
 527 001c 1344     		add	r3, r3, r2
 288:Drivers/STM32WBxx_HAL_Driver/Src/stm32wbxx_hal_dma.c ****     hdma->DmaBaseAddress = DMA1;
 528              		.loc 1 288 80 view .LVU182
 529 001e 2249     		ldr	r1, .L42+8
 530 0020 A1FB0313 		umull	r1, r3, r1, r3
 531 0024 1B09     		lsrs	r3, r3, #4
 288:Drivers/STM32WBxx_HAL_Driver/Src/stm32wbxx_hal_dma.c ****     hdma->DmaBaseAddress = DMA1;
 532              		.loc 1 288 135 view .LVU183
 533 0026 9B00     		lsls	r3, r3, #2
 288:Drivers/STM32WBxx_HAL_Driver/Src/stm32wbxx_hal_dma.c ****     hdma->DmaBaseAddress = DMA1;
 534              		.loc 1 288 24 view .LVU184
 535 0028 4364     		str	r3, [r0, #68]
 289:Drivers/STM32WBxx_HAL_Driver/Src/stm32wbxx_hal_dma.c ****   }
 536              		.loc 1 289 5 is_stmt 1 view .LVU185
 289:Drivers/STM32WBxx_HAL_Driver/Src/stm32wbxx_hal_dma.c ****   }
 537              		.loc 1 289 26 is_stmt 0 view .LVU186
 538 002a 204B     		ldr	r3, .L42+12
 539 002c 0364     		str	r3, [r0, #64]
 540              	.L34:
 304:Drivers/STM32WBxx_HAL_Driver/Src/stm32wbxx_hal_dma.c **** 
 541              		.loc 1 304 3 is_stmt 1 view .LVU187
 304:Drivers/STM32WBxx_HAL_Driver/Src/stm32wbxx_hal_dma.c **** 
 542              		.loc 1 304 24 is_stmt 0 view .LVU188
 543 002e 0025     		movs	r5, #0
 544 0030 1560     		str	r5, [r2]
 307:Drivers/STM32WBxx_HAL_Driver/Src/stm32wbxx_hal_dma.c **** 
 545              		.loc 1 307 3 is_stmt 1 view .LVU189
 307:Drivers/STM32WBxx_HAL_Driver/Src/stm32wbxx_hal_dma.c **** 
 546              		.loc 1 307 54 is_stmt 0 view .LVU190
ARM GAS  /var/folders/98/ctz5mtps7w71v8dr53cf5qg40000gn/T//cc9xrYDe.s 			page 32


 547 0032 636C     		ldr	r3, [r4, #68]
 307:Drivers/STM32WBxx_HAL_Driver/Src/stm32wbxx_hal_dma.c **** 
 548              		.loc 1 307 69 view .LVU191
 549 0034 03F01C02 		and	r2, r3, #28
 307:Drivers/STM32WBxx_HAL_Driver/Src/stm32wbxx_hal_dma.c **** 
 550              		.loc 1 307 7 view .LVU192
 551 0038 216C     		ldr	r1, [r4, #64]
 307:Drivers/STM32WBxx_HAL_Driver/Src/stm32wbxx_hal_dma.c **** 
 552              		.loc 1 307 46 view .LVU193
 553 003a 0123     		movs	r3, #1
 554 003c 9340     		lsls	r3, r3, r2
 307:Drivers/STM32WBxx_HAL_Driver/Src/stm32wbxx_hal_dma.c **** 
 555              		.loc 1 307 30 view .LVU194
 556 003e 4B60     		str	r3, [r1, #4]
 312:Drivers/STM32WBxx_HAL_Driver/Src/stm32wbxx_hal_dma.c **** 
 557              		.loc 1 312 3 is_stmt 1 view .LVU195
 558 0040 2046     		mov	r0, r4
 559              	.LVL25:
 312:Drivers/STM32WBxx_HAL_Driver/Src/stm32wbxx_hal_dma.c **** 
 560              		.loc 1 312 3 is_stmt 0 view .LVU196
 561 0042 FFF7FEFF 		bl	DMA_CalcDMAMUXChannelBaseAndMask
 562              	.LVL26:
 315:Drivers/STM32WBxx_HAL_Driver/Src/stm32wbxx_hal_dma.c **** 
 563              		.loc 1 315 3 is_stmt 1 view .LVU197
 315:Drivers/STM32WBxx_HAL_Driver/Src/stm32wbxx_hal_dma.c **** 
 564              		.loc 1 315 7 is_stmt 0 view .LVU198
 565 0046 A36C     		ldr	r3, [r4, #72]
 315:Drivers/STM32WBxx_HAL_Driver/Src/stm32wbxx_hal_dma.c **** 
 566              		.loc 1 315 28 view .LVU199
 567 0048 1D60     		str	r5, [r3]
 318:Drivers/STM32WBxx_HAL_Driver/Src/stm32wbxx_hal_dma.c **** 
 568              		.loc 1 318 3 is_stmt 1 view .LVU200
 318:Drivers/STM32WBxx_HAL_Driver/Src/stm32wbxx_hal_dma.c **** 
 569              		.loc 1 318 7 is_stmt 0 view .LVU201
 570 004a E36C     		ldr	r3, [r4, #76]
 318:Drivers/STM32WBxx_HAL_Driver/Src/stm32wbxx_hal_dma.c **** 
 571              		.loc 1 318 40 view .LVU202
 572 004c 226D     		ldr	r2, [r4, #80]
 318:Drivers/STM32WBxx_HAL_Driver/Src/stm32wbxx_hal_dma.c **** 
 573              		.loc 1 318 34 view .LVU203
 574 004e 5A60     		str	r2, [r3, #4]
 321:Drivers/STM32WBxx_HAL_Driver/Src/stm32wbxx_hal_dma.c ****   {
 575              		.loc 1 321 3 is_stmt 1 view .LVU204
 321:Drivers/STM32WBxx_HAL_Driver/Src/stm32wbxx_hal_dma.c ****   {
 576              		.loc 1 321 19 is_stmt 0 view .LVU205
 577 0050 6368     		ldr	r3, [r4, #4]
 321:Drivers/STM32WBxx_HAL_Driver/Src/stm32wbxx_hal_dma.c ****   {
 578              		.loc 1 321 35 view .LVU206
 579 0052 013B     		subs	r3, r3, #1
 321:Drivers/STM32WBxx_HAL_Driver/Src/stm32wbxx_hal_dma.c ****   {
 580              		.loc 1 321 6 view .LVU207
 581 0054 032B     		cmp	r3, #3
 582 0056 18D9     		bls	.L41
 583              	.L35:
 335:Drivers/STM32WBxx_HAL_Driver/Src/stm32wbxx_hal_dma.c ****   hdma->DMAmuxRequestGenStatus = 0U;
 584              		.loc 1 335 3 is_stmt 1 view .LVU208
 335:Drivers/STM32WBxx_HAL_Driver/Src/stm32wbxx_hal_dma.c ****   hdma->DMAmuxRequestGenStatus = 0U;
ARM GAS  /var/folders/98/ctz5mtps7w71v8dr53cf5qg40000gn/T//cc9xrYDe.s 			page 33


 585              		.loc 1 335 26 is_stmt 0 view .LVU209
 586 0058 0020     		movs	r0, #0
 587 005a 6065     		str	r0, [r4, #84]
 336:Drivers/STM32WBxx_HAL_Driver/Src/stm32wbxx_hal_dma.c ****   hdma->DMAmuxRequestGenStatusMask = 0U;
 588              		.loc 1 336 3 is_stmt 1 view .LVU210
 336:Drivers/STM32WBxx_HAL_Driver/Src/stm32wbxx_hal_dma.c ****   hdma->DMAmuxRequestGenStatusMask = 0U;
 589              		.loc 1 336 32 is_stmt 0 view .LVU211
 590 005c A065     		str	r0, [r4, #88]
 337:Drivers/STM32WBxx_HAL_Driver/Src/stm32wbxx_hal_dma.c **** 
 591              		.loc 1 337 3 is_stmt 1 view .LVU212
 337:Drivers/STM32WBxx_HAL_Driver/Src/stm32wbxx_hal_dma.c **** 
 592              		.loc 1 337 36 is_stmt 0 view .LVU213
 593 005e E065     		str	r0, [r4, #92]
 340:Drivers/STM32WBxx_HAL_Driver/Src/stm32wbxx_hal_dma.c ****   hdma->XferHalfCpltCallback = NULL;
 594              		.loc 1 340 3 is_stmt 1 view .LVU214
 340:Drivers/STM32WBxx_HAL_Driver/Src/stm32wbxx_hal_dma.c ****   hdma->XferHalfCpltCallback = NULL;
 595              		.loc 1 340 26 is_stmt 0 view .LVU215
 596 0060 E062     		str	r0, [r4, #44]
 341:Drivers/STM32WBxx_HAL_Driver/Src/stm32wbxx_hal_dma.c ****   hdma->XferErrorCallback = NULL;
 597              		.loc 1 341 3 is_stmt 1 view .LVU216
 341:Drivers/STM32WBxx_HAL_Driver/Src/stm32wbxx_hal_dma.c ****   hdma->XferErrorCallback = NULL;
 598              		.loc 1 341 30 is_stmt 0 view .LVU217
 599 0062 2063     		str	r0, [r4, #48]
 342:Drivers/STM32WBxx_HAL_Driver/Src/stm32wbxx_hal_dma.c ****   hdma->XferAbortCallback = NULL;
 600              		.loc 1 342 3 is_stmt 1 view .LVU218
 342:Drivers/STM32WBxx_HAL_Driver/Src/stm32wbxx_hal_dma.c ****   hdma->XferAbortCallback = NULL;
 601              		.loc 1 342 27 is_stmt 0 view .LVU219
 602 0064 6063     		str	r0, [r4, #52]
 343:Drivers/STM32WBxx_HAL_Driver/Src/stm32wbxx_hal_dma.c **** 
 603              		.loc 1 343 3 is_stmt 1 view .LVU220
 343:Drivers/STM32WBxx_HAL_Driver/Src/stm32wbxx_hal_dma.c **** 
 604              		.loc 1 343 27 is_stmt 0 view .LVU221
 605 0066 A063     		str	r0, [r4, #56]
 346:Drivers/STM32WBxx_HAL_Driver/Src/stm32wbxx_hal_dma.c **** 
 606              		.loc 1 346 3 is_stmt 1 view .LVU222
 346:Drivers/STM32WBxx_HAL_Driver/Src/stm32wbxx_hal_dma.c **** 
 607              		.loc 1 346 19 is_stmt 0 view .LVU223
 608 0068 E063     		str	r0, [r4, #60]
 349:Drivers/STM32WBxx_HAL_Driver/Src/stm32wbxx_hal_dma.c **** 
 609              		.loc 1 349 3 is_stmt 1 view .LVU224
 349:Drivers/STM32WBxx_HAL_Driver/Src/stm32wbxx_hal_dma.c **** 
 610              		.loc 1 349 15 is_stmt 0 view .LVU225
 611 006a 84F82500 		strb	r0, [r4, #37]
 352:Drivers/STM32WBxx_HAL_Driver/Src/stm32wbxx_hal_dma.c **** 
 612              		.loc 1 352 3 is_stmt 1 view .LVU226
 352:Drivers/STM32WBxx_HAL_Driver/Src/stm32wbxx_hal_dma.c **** 
 613              		.loc 1 352 3 view .LVU227
 614 006e 84F82400 		strb	r0, [r4, #36]
 352:Drivers/STM32WBxx_HAL_Driver/Src/stm32wbxx_hal_dma.c **** 
 615              		.loc 1 352 3 view .LVU228
 354:Drivers/STM32WBxx_HAL_Driver/Src/stm32wbxx_hal_dma.c **** }
 616              		.loc 1 354 3 view .LVU229
 355:Drivers/STM32WBxx_HAL_Driver/Src/stm32wbxx_hal_dma.c **** 
 617              		.loc 1 355 1 is_stmt 0 view .LVU230
 618 0072 38BD     		pop	{r3, r4, r5, pc}
 619              	.LVL27:
 620              	.L33:
ARM GAS  /var/folders/98/ctz5mtps7w71v8dr53cf5qg40000gn/T//cc9xrYDe.s 			page 34


 294:Drivers/STM32WBxx_HAL_Driver/Src/stm32wbxx_hal_dma.c ****     hdma->DmaBaseAddress = DMA2;
 621              		.loc 1 294 5 is_stmt 1 view .LVU231
 294:Drivers/STM32WBxx_HAL_Driver/Src/stm32wbxx_hal_dma.c ****     hdma->DmaBaseAddress = DMA2;
 622              		.loc 1 294 53 is_stmt 0 view .LVU232
 623 0074 0E4B     		ldr	r3, .L42+16
 624 0076 1344     		add	r3, r3, r2
 294:Drivers/STM32WBxx_HAL_Driver/Src/stm32wbxx_hal_dma.c ****     hdma->DmaBaseAddress = DMA2;
 625              		.loc 1 294 80 view .LVU233
 626 0078 0B49     		ldr	r1, .L42+8
 627 007a A1FB0313 		umull	r1, r3, r1, r3
 628 007e 1B09     		lsrs	r3, r3, #4
 294:Drivers/STM32WBxx_HAL_Driver/Src/stm32wbxx_hal_dma.c ****     hdma->DmaBaseAddress = DMA2;
 629              		.loc 1 294 135 view .LVU234
 630 0080 9B00     		lsls	r3, r3, #2
 294:Drivers/STM32WBxx_HAL_Driver/Src/stm32wbxx_hal_dma.c ****     hdma->DmaBaseAddress = DMA2;
 631              		.loc 1 294 24 view .LVU235
 632 0082 4364     		str	r3, [r0, #68]
 295:Drivers/STM32WBxx_HAL_Driver/Src/stm32wbxx_hal_dma.c ****   }
 633              		.loc 1 295 5 is_stmt 1 view .LVU236
 295:Drivers/STM32WBxx_HAL_Driver/Src/stm32wbxx_hal_dma.c ****   }
 634              		.loc 1 295 26 is_stmt 0 view .LVU237
 635 0084 0B4B     		ldr	r3, .L42+20
 636 0086 0364     		str	r3, [r0, #64]
 637 0088 D1E7     		b	.L34
 638              	.LVL28:
 639              	.L41:
 326:Drivers/STM32WBxx_HAL_Driver/Src/stm32wbxx_hal_dma.c **** 
 640              		.loc 1 326 5 is_stmt 1 view .LVU238
 641 008a 2046     		mov	r0, r4
 642 008c FFF7FEFF 		bl	DMA_CalcDMAMUXRequestGenBaseAndMask
 643              	.LVL29:
 329:Drivers/STM32WBxx_HAL_Driver/Src/stm32wbxx_hal_dma.c **** 
 644              		.loc 1 329 5 view .LVU239
 329:Drivers/STM32WBxx_HAL_Driver/Src/stm32wbxx_hal_dma.c **** 
 645              		.loc 1 329 9 is_stmt 0 view .LVU240
 646 0090 636D     		ldr	r3, [r4, #84]
 329:Drivers/STM32WBxx_HAL_Driver/Src/stm32wbxx_hal_dma.c **** 
 647              		.loc 1 329 34 view .LVU241
 648 0092 1D60     		str	r5, [r3]
 332:Drivers/STM32WBxx_HAL_Driver/Src/stm32wbxx_hal_dma.c ****   }
 649              		.loc 1 332 5 is_stmt 1 view .LVU242
 332:Drivers/STM32WBxx_HAL_Driver/Src/stm32wbxx_hal_dma.c ****   }
 650              		.loc 1 332 9 is_stmt 0 view .LVU243
 651 0094 A36D     		ldr	r3, [r4, #88]
 332:Drivers/STM32WBxx_HAL_Driver/Src/stm32wbxx_hal_dma.c ****   }
 652              		.loc 1 332 47 view .LVU244
 653 0096 E26D     		ldr	r2, [r4, #92]
 332:Drivers/STM32WBxx_HAL_Driver/Src/stm32wbxx_hal_dma.c ****   }
 654              		.loc 1 332 41 view .LVU245
 655 0098 5A60     		str	r2, [r3, #4]
 656 009a DDE7     		b	.L35
 657              	.LVL30:
 658              	.L36:
 659              	.LCFI6:
 660              		.cfi_def_cfa_offset 0
 661              		.cfi_restore 3
 662              		.cfi_restore 4
ARM GAS  /var/folders/98/ctz5mtps7w71v8dr53cf5qg40000gn/T//cc9xrYDe.s 			page 35


 663              		.cfi_restore 5
 664              		.cfi_restore 14
 274:Drivers/STM32WBxx_HAL_Driver/Src/stm32wbxx_hal_dma.c ****   }
 665              		.loc 1 274 12 view .LVU246
 666 009c 0120     		movs	r0, #1
 667              	.LVL31:
 355:Drivers/STM32WBxx_HAL_Driver/Src/stm32wbxx_hal_dma.c **** 
 668              		.loc 1 355 1 view .LVU247
 669 009e 7047     		bx	lr
 670              	.L43:
 671              		.align	2
 672              	.L42:
 673 00a0 07040240 		.word	1073873927
 674 00a4 F8FFFDBF 		.word	-1073872904
 675 00a8 CDCCCCCC 		.word	-858993459
 676 00ac 00000240 		.word	1073872896
 677 00b0 F8FBFDBF 		.word	-1073873928
 678 00b4 00040240 		.word	1073873920
 679              		.cfi_endproc
 680              	.LFE951:
 682              		.section	.text.HAL_DMA_Start,"ax",%progbits
 683              		.align	1
 684              		.global	HAL_DMA_Start
 685              		.syntax unified
 686              		.thumb
 687              		.thumb_func
 689              	HAL_DMA_Start:
 690              	.LVL32:
 691              	.LFB952:
 390:Drivers/STM32WBxx_HAL_Driver/Src/stm32wbxx_hal_dma.c ****   HAL_StatusTypeDef status = HAL_OK;
 692              		.loc 1 390 1 is_stmt 1 view -0
 693              		.cfi_startproc
 694              		@ args = 0, pretend = 0, frame = 0
 695              		@ frame_needed = 0, uses_anonymous_args = 0
 390:Drivers/STM32WBxx_HAL_Driver/Src/stm32wbxx_hal_dma.c ****   HAL_StatusTypeDef status = HAL_OK;
 696              		.loc 1 390 1 is_stmt 0 view .LVU249
 697 0000 70B5     		push	{r4, r5, r6, lr}
 698              	.LCFI7:
 699              		.cfi_def_cfa_offset 16
 700              		.cfi_offset 4, -16
 701              		.cfi_offset 5, -12
 702              		.cfi_offset 6, -8
 703              		.cfi_offset 14, -4
 704 0002 0446     		mov	r4, r0
 391:Drivers/STM32WBxx_HAL_Driver/Src/stm32wbxx_hal_dma.c **** 
 705              		.loc 1 391 3 is_stmt 1 view .LVU250
 706              	.LVL33:
 394:Drivers/STM32WBxx_HAL_Driver/Src/stm32wbxx_hal_dma.c **** 
 707              		.loc 1 394 3 view .LVU251
 397:Drivers/STM32WBxx_HAL_Driver/Src/stm32wbxx_hal_dma.c **** 
 708              		.loc 1 397 3 view .LVU252
 397:Drivers/STM32WBxx_HAL_Driver/Src/stm32wbxx_hal_dma.c **** 
 709              		.loc 1 397 3 view .LVU253
 710 0004 90F82400 		ldrb	r0, [r0, #36]	@ zero_extendqisi2
 711              	.LVL34:
 397:Drivers/STM32WBxx_HAL_Driver/Src/stm32wbxx_hal_dma.c **** 
 712              		.loc 1 397 3 is_stmt 0 view .LVU254
ARM GAS  /var/folders/98/ctz5mtps7w71v8dr53cf5qg40000gn/T//cc9xrYDe.s 			page 36


 713 0008 0128     		cmp	r0, #1
 714 000a 1FD0     		beq	.L47
 397:Drivers/STM32WBxx_HAL_Driver/Src/stm32wbxx_hal_dma.c **** 
 715              		.loc 1 397 3 is_stmt 1 discriminator 2 view .LVU255
 716 000c 0120     		movs	r0, #1
 717 000e 84F82400 		strb	r0, [r4, #36]
 397:Drivers/STM32WBxx_HAL_Driver/Src/stm32wbxx_hal_dma.c **** 
 718              		.loc 1 397 3 view .LVU256
 399:Drivers/STM32WBxx_HAL_Driver/Src/stm32wbxx_hal_dma.c ****   {
 719              		.loc 1 399 3 view .LVU257
 399:Drivers/STM32WBxx_HAL_Driver/Src/stm32wbxx_hal_dma.c ****   {
 720              		.loc 1 399 34 is_stmt 0 view .LVU258
 721 0012 94F82500 		ldrb	r0, [r4, #37]	@ zero_extendqisi2
 399:Drivers/STM32WBxx_HAL_Driver/Src/stm32wbxx_hal_dma.c ****   {
 722              		.loc 1 399 6 view .LVU259
 723 0016 0128     		cmp	r0, #1
 724 0018 04D0     		beq	.L49
 417:Drivers/STM32WBxx_HAL_Driver/Src/stm32wbxx_hal_dma.c ****     status = HAL_BUSY;
 725              		.loc 1 417 5 is_stmt 1 view .LVU260
 417:Drivers/STM32WBxx_HAL_Driver/Src/stm32wbxx_hal_dma.c ****     status = HAL_BUSY;
 726              		.loc 1 417 5 view .LVU261
 727 001a 0023     		movs	r3, #0
 728              	.LVL35:
 417:Drivers/STM32WBxx_HAL_Driver/Src/stm32wbxx_hal_dma.c ****     status = HAL_BUSY;
 729              		.loc 1 417 5 is_stmt 0 view .LVU262
 730 001c 84F82430 		strb	r3, [r4, #36]
 417:Drivers/STM32WBxx_HAL_Driver/Src/stm32wbxx_hal_dma.c ****     status = HAL_BUSY;
 731              		.loc 1 417 5 is_stmt 1 view .LVU263
 418:Drivers/STM32WBxx_HAL_Driver/Src/stm32wbxx_hal_dma.c ****   }
 732              		.loc 1 418 5 view .LVU264
 733              	.LVL36:
 418:Drivers/STM32WBxx_HAL_Driver/Src/stm32wbxx_hal_dma.c ****   }
 734              		.loc 1 418 12 is_stmt 0 view .LVU265
 735 0020 0220     		movs	r0, #2
 736              	.LVL37:
 737              	.L45:
 421:Drivers/STM32WBxx_HAL_Driver/Src/stm32wbxx_hal_dma.c **** 
 738              		.loc 1 421 1 view .LVU266
 739 0022 70BD     		pop	{r4, r5, r6, pc}
 740              	.LVL38:
 741              	.L49:
 402:Drivers/STM32WBxx_HAL_Driver/Src/stm32wbxx_hal_dma.c ****     hdma->ErrorCode = HAL_DMA_ERROR_NONE;
 742              		.loc 1 402 5 is_stmt 1 view .LVU267
 402:Drivers/STM32WBxx_HAL_Driver/Src/stm32wbxx_hal_dma.c ****     hdma->ErrorCode = HAL_DMA_ERROR_NONE;
 743              		.loc 1 402 17 is_stmt 0 view .LVU268
 744 0024 0220     		movs	r0, #2
 745 0026 84F82500 		strb	r0, [r4, #37]
 403:Drivers/STM32WBxx_HAL_Driver/Src/stm32wbxx_hal_dma.c **** 
 746              		.loc 1 403 5 is_stmt 1 view .LVU269
 403:Drivers/STM32WBxx_HAL_Driver/Src/stm32wbxx_hal_dma.c **** 
 747              		.loc 1 403 21 is_stmt 0 view .LVU270
 748 002a 0025     		movs	r5, #0
 749 002c E563     		str	r5, [r4, #60]
 406:Drivers/STM32WBxx_HAL_Driver/Src/stm32wbxx_hal_dma.c **** 
 750              		.loc 1 406 5 is_stmt 1 view .LVU271
 751 002e 2668     		ldr	r6, [r4]
 752 0030 3068     		ldr	r0, [r6]
ARM GAS  /var/folders/98/ctz5mtps7w71v8dr53cf5qg40000gn/T//cc9xrYDe.s 			page 37


 753 0032 20F00100 		bic	r0, r0, #1
 754 0036 3060     		str	r0, [r6]
 409:Drivers/STM32WBxx_HAL_Driver/Src/stm32wbxx_hal_dma.c **** 
 755              		.loc 1 409 5 view .LVU272
 756 0038 2046     		mov	r0, r4
 757 003a FFF7FEFF 		bl	DMA_SetConfig
 758              	.LVL39:
 412:Drivers/STM32WBxx_HAL_Driver/Src/stm32wbxx_hal_dma.c ****   }
 759              		.loc 1 412 5 view .LVU273
 760 003e 2268     		ldr	r2, [r4]
 761 0040 1368     		ldr	r3, [r2]
 762 0042 43F00103 		orr	r3, r3, #1
 763 0046 1360     		str	r3, [r2]
 391:Drivers/STM32WBxx_HAL_Driver/Src/stm32wbxx_hal_dma.c **** 
 764              		.loc 1 391 21 is_stmt 0 view .LVU274
 765 0048 2846     		mov	r0, r5
 766 004a EAE7     		b	.L45
 767              	.LVL40:
 768              	.L47:
 397:Drivers/STM32WBxx_HAL_Driver/Src/stm32wbxx_hal_dma.c **** 
 769              		.loc 1 397 3 discriminator 1 view .LVU275
 770 004c 0220     		movs	r0, #2
 771 004e E8E7     		b	.L45
 772              		.cfi_endproc
 773              	.LFE952:
 775              		.section	.text.HAL_DMA_Start_IT,"ax",%progbits
 776              		.align	1
 777              		.global	HAL_DMA_Start_IT
 778              		.syntax unified
 779              		.thumb
 780              		.thumb_func
 782              	HAL_DMA_Start_IT:
 783              	.LVL41:
 784              	.LFB953:
 434:Drivers/STM32WBxx_HAL_Driver/Src/stm32wbxx_hal_dma.c ****   HAL_StatusTypeDef status = HAL_OK;
 785              		.loc 1 434 1 is_stmt 1 view -0
 786              		.cfi_startproc
 787              		@ args = 0, pretend = 0, frame = 0
 788              		@ frame_needed = 0, uses_anonymous_args = 0
 434:Drivers/STM32WBxx_HAL_Driver/Src/stm32wbxx_hal_dma.c ****   HAL_StatusTypeDef status = HAL_OK;
 789              		.loc 1 434 1 is_stmt 0 view .LVU277
 790 0000 38B5     		push	{r3, r4, r5, lr}
 791              	.LCFI8:
 792              		.cfi_def_cfa_offset 16
 793              		.cfi_offset 3, -16
 794              		.cfi_offset 4, -12
 795              		.cfi_offset 5, -8
 796              		.cfi_offset 14, -4
 797 0002 0446     		mov	r4, r0
 435:Drivers/STM32WBxx_HAL_Driver/Src/stm32wbxx_hal_dma.c **** 
 798              		.loc 1 435 3 is_stmt 1 view .LVU278
 799              	.LVL42:
 438:Drivers/STM32WBxx_HAL_Driver/Src/stm32wbxx_hal_dma.c **** 
 800              		.loc 1 438 3 view .LVU279
 441:Drivers/STM32WBxx_HAL_Driver/Src/stm32wbxx_hal_dma.c **** 
 801              		.loc 1 441 3 view .LVU280
 441:Drivers/STM32WBxx_HAL_Driver/Src/stm32wbxx_hal_dma.c **** 
ARM GAS  /var/folders/98/ctz5mtps7w71v8dr53cf5qg40000gn/T//cc9xrYDe.s 			page 38


 802              		.loc 1 441 3 view .LVU281
 803 0004 90F82400 		ldrb	r0, [r0, #36]	@ zero_extendqisi2
 804              	.LVL43:
 441:Drivers/STM32WBxx_HAL_Driver/Src/stm32wbxx_hal_dma.c **** 
 805              		.loc 1 441 3 is_stmt 0 view .LVU282
 806 0008 0128     		cmp	r0, #1
 807 000a 40D0     		beq	.L57
 441:Drivers/STM32WBxx_HAL_Driver/Src/stm32wbxx_hal_dma.c **** 
 808              		.loc 1 441 3 is_stmt 1 discriminator 2 view .LVU283
 809 000c 0120     		movs	r0, #1
 810 000e 84F82400 		strb	r0, [r4, #36]
 441:Drivers/STM32WBxx_HAL_Driver/Src/stm32wbxx_hal_dma.c **** 
 811              		.loc 1 441 3 view .LVU284
 443:Drivers/STM32WBxx_HAL_Driver/Src/stm32wbxx_hal_dma.c ****   {
 812              		.loc 1 443 3 view .LVU285
 443:Drivers/STM32WBxx_HAL_Driver/Src/stm32wbxx_hal_dma.c ****   {
 813              		.loc 1 443 34 is_stmt 0 view .LVU286
 814 0012 94F82500 		ldrb	r0, [r4, #37]	@ zero_extendqisi2
 443:Drivers/STM32WBxx_HAL_Driver/Src/stm32wbxx_hal_dma.c ****   {
 815              		.loc 1 443 6 view .LVU287
 816 0016 0128     		cmp	r0, #1
 817 0018 04D0     		beq	.L59
 488:Drivers/STM32WBxx_HAL_Driver/Src/stm32wbxx_hal_dma.c **** 
 818              		.loc 1 488 5 is_stmt 1 view .LVU288
 488:Drivers/STM32WBxx_HAL_Driver/Src/stm32wbxx_hal_dma.c **** 
 819              		.loc 1 488 5 view .LVU289
 820 001a 0023     		movs	r3, #0
 821              	.LVL44:
 488:Drivers/STM32WBxx_HAL_Driver/Src/stm32wbxx_hal_dma.c **** 
 822              		.loc 1 488 5 is_stmt 0 view .LVU290
 823 001c 84F82430 		strb	r3, [r4, #36]
 488:Drivers/STM32WBxx_HAL_Driver/Src/stm32wbxx_hal_dma.c **** 
 824              		.loc 1 488 5 is_stmt 1 view .LVU291
 491:Drivers/STM32WBxx_HAL_Driver/Src/stm32wbxx_hal_dma.c ****   }
 825              		.loc 1 491 5 view .LVU292
 826              	.LVL45:
 491:Drivers/STM32WBxx_HAL_Driver/Src/stm32wbxx_hal_dma.c ****   }
 827              		.loc 1 491 12 is_stmt 0 view .LVU293
 828 0020 0220     		movs	r0, #2
 829              	.LVL46:
 830              	.L51:
 494:Drivers/STM32WBxx_HAL_Driver/Src/stm32wbxx_hal_dma.c **** 
 831              		.loc 1 494 1 view .LVU294
 832 0022 38BD     		pop	{r3, r4, r5, pc}
 833              	.LVL47:
 834              	.L59:
 446:Drivers/STM32WBxx_HAL_Driver/Src/stm32wbxx_hal_dma.c ****     hdma->ErrorCode = HAL_DMA_ERROR_NONE;
 835              		.loc 1 446 5 is_stmt 1 view .LVU295
 446:Drivers/STM32WBxx_HAL_Driver/Src/stm32wbxx_hal_dma.c ****     hdma->ErrorCode = HAL_DMA_ERROR_NONE;
 836              		.loc 1 446 17 is_stmt 0 view .LVU296
 837 0024 0220     		movs	r0, #2
 838 0026 84F82500 		strb	r0, [r4, #37]
 447:Drivers/STM32WBxx_HAL_Driver/Src/stm32wbxx_hal_dma.c **** 
 839              		.loc 1 447 5 is_stmt 1 view .LVU297
 447:Drivers/STM32WBxx_HAL_Driver/Src/stm32wbxx_hal_dma.c **** 
 840              		.loc 1 447 21 is_stmt 0 view .LVU298
 841 002a 0020     		movs	r0, #0
ARM GAS  /var/folders/98/ctz5mtps7w71v8dr53cf5qg40000gn/T//cc9xrYDe.s 			page 39


 842 002c E063     		str	r0, [r4, #60]
 450:Drivers/STM32WBxx_HAL_Driver/Src/stm32wbxx_hal_dma.c **** 
 843              		.loc 1 450 5 is_stmt 1 view .LVU299
 844 002e 2568     		ldr	r5, [r4]
 845 0030 2868     		ldr	r0, [r5]
 846 0032 20F00100 		bic	r0, r0, #1
 847 0036 2860     		str	r0, [r5]
 453:Drivers/STM32WBxx_HAL_Driver/Src/stm32wbxx_hal_dma.c **** 
 848              		.loc 1 453 5 view .LVU300
 849 0038 2046     		mov	r0, r4
 850 003a FFF7FEFF 		bl	DMA_SetConfig
 851              	.LVL48:
 457:Drivers/STM32WBxx_HAL_Driver/Src/stm32wbxx_hal_dma.c ****     {
 852              		.loc 1 457 5 view .LVU301
 457:Drivers/STM32WBxx_HAL_Driver/Src/stm32wbxx_hal_dma.c ****     {
 853              		.loc 1 457 21 is_stmt 0 view .LVU302
 854 003e 236B     		ldr	r3, [r4, #48]
 457:Drivers/STM32WBxx_HAL_Driver/Src/stm32wbxx_hal_dma.c ****     {
 855              		.loc 1 457 8 view .LVU303
 856 0040 D3B1     		cbz	r3, .L53
 460:Drivers/STM32WBxx_HAL_Driver/Src/stm32wbxx_hal_dma.c ****     }
 857              		.loc 1 460 7 is_stmt 1 view .LVU304
 858 0042 2268     		ldr	r2, [r4]
 859 0044 1368     		ldr	r3, [r2]
 860 0046 43F00E03 		orr	r3, r3, #14
 861 004a 1360     		str	r3, [r2]
 862              	.L54:
 469:Drivers/STM32WBxx_HAL_Driver/Src/stm32wbxx_hal_dma.c ****     {
 863              		.loc 1 469 5 view .LVU305
 469:Drivers/STM32WBxx_HAL_Driver/Src/stm32wbxx_hal_dma.c ****     {
 864              		.loc 1 469 14 is_stmt 0 view .LVU306
 865 004c A36C     		ldr	r3, [r4, #72]
 469:Drivers/STM32WBxx_HAL_Driver/Src/stm32wbxx_hal_dma.c ****     {
 866              		.loc 1 469 29 view .LVU307
 867 004e 1A68     		ldr	r2, [r3]
 469:Drivers/STM32WBxx_HAL_Driver/Src/stm32wbxx_hal_dma.c ****     {
 868              		.loc 1 469 8 view .LVU308
 869 0050 12F4803F 		tst	r2, #65536
 870 0054 03D0     		beq	.L55
 472:Drivers/STM32WBxx_HAL_Driver/Src/stm32wbxx_hal_dma.c ****     }
 871              		.loc 1 472 7 is_stmt 1 view .LVU309
 472:Drivers/STM32WBxx_HAL_Driver/Src/stm32wbxx_hal_dma.c ****     }
 872              		.loc 1 472 26 is_stmt 0 view .LVU310
 873 0056 1A68     		ldr	r2, [r3]
 472:Drivers/STM32WBxx_HAL_Driver/Src/stm32wbxx_hal_dma.c ****     }
 874              		.loc 1 472 32 view .LVU311
 875 0058 42F48072 		orr	r2, r2, #256
 876 005c 1A60     		str	r2, [r3]
 877              	.L55:
 475:Drivers/STM32WBxx_HAL_Driver/Src/stm32wbxx_hal_dma.c ****     {
 878              		.loc 1 475 5 is_stmt 1 view .LVU312
 475:Drivers/STM32WBxx_HAL_Driver/Src/stm32wbxx_hal_dma.c ****     {
 879              		.loc 1 475 13 is_stmt 0 view .LVU313
 880 005e 636D     		ldr	r3, [r4, #84]
 475:Drivers/STM32WBxx_HAL_Driver/Src/stm32wbxx_hal_dma.c ****     {
 881              		.loc 1 475 8 view .LVU314
 882 0060 1BB1     		cbz	r3, .L56
ARM GAS  /var/folders/98/ctz5mtps7w71v8dr53cf5qg40000gn/T//cc9xrYDe.s 			page 40


 479:Drivers/STM32WBxx_HAL_Driver/Src/stm32wbxx_hal_dma.c ****     }
 883              		.loc 1 479 7 is_stmt 1 view .LVU315
 479:Drivers/STM32WBxx_HAL_Driver/Src/stm32wbxx_hal_dma.c ****     }
 884              		.loc 1 479 29 is_stmt 0 view .LVU316
 885 0062 1A68     		ldr	r2, [r3]
 479:Drivers/STM32WBxx_HAL_Driver/Src/stm32wbxx_hal_dma.c ****     }
 886              		.loc 1 479 36 view .LVU317
 887 0064 42F48072 		orr	r2, r2, #256
 888 0068 1A60     		str	r2, [r3]
 889              	.L56:
 483:Drivers/STM32WBxx_HAL_Driver/Src/stm32wbxx_hal_dma.c ****   }
 890              		.loc 1 483 5 is_stmt 1 view .LVU318
 891 006a 2268     		ldr	r2, [r4]
 892 006c 1368     		ldr	r3, [r2]
 893 006e 43F00103 		orr	r3, r3, #1
 894 0072 1360     		str	r3, [r2]
 435:Drivers/STM32WBxx_HAL_Driver/Src/stm32wbxx_hal_dma.c **** 
 895              		.loc 1 435 21 is_stmt 0 view .LVU319
 896 0074 0020     		movs	r0, #0
 897 0076 D4E7     		b	.L51
 898              	.L53:
 464:Drivers/STM32WBxx_HAL_Driver/Src/stm32wbxx_hal_dma.c ****       __HAL_DMA_ENABLE_IT(hdma, (DMA_IT_TC | DMA_IT_TE));
 899              		.loc 1 464 7 is_stmt 1 view .LVU320
 900 0078 2268     		ldr	r2, [r4]
 901 007a 1368     		ldr	r3, [r2]
 902 007c 23F00403 		bic	r3, r3, #4
 903 0080 1360     		str	r3, [r2]
 465:Drivers/STM32WBxx_HAL_Driver/Src/stm32wbxx_hal_dma.c ****     }
 904              		.loc 1 465 7 view .LVU321
 905 0082 2268     		ldr	r2, [r4]
 906 0084 1368     		ldr	r3, [r2]
 907 0086 43F00A03 		orr	r3, r3, #10
 908 008a 1360     		str	r3, [r2]
 909 008c DEE7     		b	.L54
 910              	.LVL49:
 911              	.L57:
 441:Drivers/STM32WBxx_HAL_Driver/Src/stm32wbxx_hal_dma.c **** 
 912              		.loc 1 441 3 is_stmt 0 discriminator 1 view .LVU322
 913 008e 0220     		movs	r0, #2
 914 0090 C7E7     		b	.L51
 915              		.cfi_endproc
 916              	.LFE953:
 918              		.section	.text.HAL_DMA_Abort,"ax",%progbits
 919              		.align	1
 920              		.global	HAL_DMA_Abort
 921              		.syntax unified
 922              		.thumb
 923              		.thumb_func
 925              	HAL_DMA_Abort:
 926              	.LVL50:
 927              	.LFB954:
 503:Drivers/STM32WBxx_HAL_Driver/Src/stm32wbxx_hal_dma.c **** 
 928              		.loc 1 503 1 is_stmt 1 view -0
 929              		.cfi_startproc
 930              		@ args = 0, pretend = 0, frame = 0
 931              		@ frame_needed = 0, uses_anonymous_args = 0
 932              		@ link register save eliminated.
ARM GAS  /var/folders/98/ctz5mtps7w71v8dr53cf5qg40000gn/T//cc9xrYDe.s 			page 41


 506:Drivers/STM32WBxx_HAL_Driver/Src/stm32wbxx_hal_dma.c ****   {
 933              		.loc 1 506 3 view .LVU324
 506:Drivers/STM32WBxx_HAL_Driver/Src/stm32wbxx_hal_dma.c ****   {
 934              		.loc 1 506 6 is_stmt 0 view .LVU325
 935 0000 0346     		mov	r3, r0
 936 0002 0028     		cmp	r0, #0
 937 0004 33D0     		beq	.L64
 512:Drivers/STM32WBxx_HAL_Driver/Src/stm32wbxx_hal_dma.c ****   {
 938              		.loc 1 512 3 is_stmt 1 view .LVU326
 512:Drivers/STM32WBxx_HAL_Driver/Src/stm32wbxx_hal_dma.c ****   {
 939              		.loc 1 512 11 is_stmt 0 view .LVU327
 940 0006 90F82520 		ldrb	r2, [r0, #37]	@ zero_extendqisi2
 512:Drivers/STM32WBxx_HAL_Driver/Src/stm32wbxx_hal_dma.c ****   {
 941              		.loc 1 512 6 view .LVU328
 942 000a 022A     		cmp	r2, #2
 943 000c 06D0     		beq	.L62
 514:Drivers/STM32WBxx_HAL_Driver/Src/stm32wbxx_hal_dma.c **** 
 944              		.loc 1 514 5 is_stmt 1 view .LVU329
 514:Drivers/STM32WBxx_HAL_Driver/Src/stm32wbxx_hal_dma.c **** 
 945              		.loc 1 514 21 is_stmt 0 view .LVU330
 946 000e 0422     		movs	r2, #4
 947 0010 C263     		str	r2, [r0, #60]
 517:Drivers/STM32WBxx_HAL_Driver/Src/stm32wbxx_hal_dma.c **** 
 948              		.loc 1 517 5 is_stmt 1 view .LVU331
 517:Drivers/STM32WBxx_HAL_Driver/Src/stm32wbxx_hal_dma.c **** 
 949              		.loc 1 517 5 view .LVU332
 950 0012 0022     		movs	r2, #0
 951 0014 80F82420 		strb	r2, [r0, #36]
 517:Drivers/STM32WBxx_HAL_Driver/Src/stm32wbxx_hal_dma.c **** 
 952              		.loc 1 517 5 view .LVU333
 519:Drivers/STM32WBxx_HAL_Driver/Src/stm32wbxx_hal_dma.c ****   }
 953              		.loc 1 519 5 view .LVU334
 519:Drivers/STM32WBxx_HAL_Driver/Src/stm32wbxx_hal_dma.c ****   }
 954              		.loc 1 519 12 is_stmt 0 view .LVU335
 955 0018 0120     		movs	r0, #1
 956              	.LVL51:
 519:Drivers/STM32WBxx_HAL_Driver/Src/stm32wbxx_hal_dma.c ****   }
 957              		.loc 1 519 12 view .LVU336
 958 001a 7047     		bx	lr
 959              	.LVL52:
 960              	.L62:
 524:Drivers/STM32WBxx_HAL_Driver/Src/stm32wbxx_hal_dma.c **** 
 961              		.loc 1 524 5 is_stmt 1 view .LVU337
 962 001c 0168     		ldr	r1, [r0]
 963 001e 0A68     		ldr	r2, [r1]
 964 0020 22F00E02 		bic	r2, r2, #14
 965 0024 0A60     		str	r2, [r1]
 527:Drivers/STM32WBxx_HAL_Driver/Src/stm32wbxx_hal_dma.c **** 
 966              		.loc 1 527 5 view .LVU338
 527:Drivers/STM32WBxx_HAL_Driver/Src/stm32wbxx_hal_dma.c **** 
 967              		.loc 1 527 9 is_stmt 0 view .LVU339
 968 0026 816C     		ldr	r1, [r0, #72]
 527:Drivers/STM32WBxx_HAL_Driver/Src/stm32wbxx_hal_dma.c **** 
 969              		.loc 1 527 24 view .LVU340
 970 0028 0A68     		ldr	r2, [r1]
 527:Drivers/STM32WBxx_HAL_Driver/Src/stm32wbxx_hal_dma.c **** 
 971              		.loc 1 527 30 view .LVU341
ARM GAS  /var/folders/98/ctz5mtps7w71v8dr53cf5qg40000gn/T//cc9xrYDe.s 			page 42


 972 002a 22F48072 		bic	r2, r2, #256
 973 002e 0A60     		str	r2, [r1]
 530:Drivers/STM32WBxx_HAL_Driver/Src/stm32wbxx_hal_dma.c **** 
 974              		.loc 1 530 5 is_stmt 1 view .LVU342
 975 0030 0168     		ldr	r1, [r0]
 976 0032 0A68     		ldr	r2, [r1]
 977 0034 22F00102 		bic	r2, r2, #1
 978 0038 0A60     		str	r2, [r1]
 533:Drivers/STM32WBxx_HAL_Driver/Src/stm32wbxx_hal_dma.c **** 
 979              		.loc 1 533 5 view .LVU343
 533:Drivers/STM32WBxx_HAL_Driver/Src/stm32wbxx_hal_dma.c **** 
 980              		.loc 1 533 56 is_stmt 0 view .LVU344
 981 003a 426C     		ldr	r2, [r0, #68]
 533:Drivers/STM32WBxx_HAL_Driver/Src/stm32wbxx_hal_dma.c **** 
 982              		.loc 1 533 71 view .LVU345
 983 003c 02F01C01 		and	r1, r2, #28
 533:Drivers/STM32WBxx_HAL_Driver/Src/stm32wbxx_hal_dma.c **** 
 984              		.loc 1 533 9 view .LVU346
 985 0040 006C     		ldr	r0, [r0, #64]
 986              	.LVL53:
 533:Drivers/STM32WBxx_HAL_Driver/Src/stm32wbxx_hal_dma.c **** 
 987              		.loc 1 533 48 view .LVU347
 988 0042 0122     		movs	r2, #1
 989 0044 8A40     		lsls	r2, r2, r1
 533:Drivers/STM32WBxx_HAL_Driver/Src/stm32wbxx_hal_dma.c **** 
 990              		.loc 1 533 32 view .LVU348
 991 0046 4260     		str	r2, [r0, #4]
 536:Drivers/STM32WBxx_HAL_Driver/Src/stm32wbxx_hal_dma.c **** 
 992              		.loc 1 536 5 is_stmt 1 view .LVU349
 536:Drivers/STM32WBxx_HAL_Driver/Src/stm32wbxx_hal_dma.c **** 
 993              		.loc 1 536 9 is_stmt 0 view .LVU350
 994 0048 DA6C     		ldr	r2, [r3, #76]
 536:Drivers/STM32WBxx_HAL_Driver/Src/stm32wbxx_hal_dma.c **** 
 995              		.loc 1 536 42 view .LVU351
 996 004a 196D     		ldr	r1, [r3, #80]
 536:Drivers/STM32WBxx_HAL_Driver/Src/stm32wbxx_hal_dma.c **** 
 997              		.loc 1 536 36 view .LVU352
 998 004c 5160     		str	r1, [r2, #4]
 538:Drivers/STM32WBxx_HAL_Driver/Src/stm32wbxx_hal_dma.c ****     {
 999              		.loc 1 538 5 is_stmt 1 view .LVU353
 538:Drivers/STM32WBxx_HAL_Driver/Src/stm32wbxx_hal_dma.c ****     {
 1000              		.loc 1 538 13 is_stmt 0 view .LVU354
 1001 004e 5A6D     		ldr	r2, [r3, #84]
 538:Drivers/STM32WBxx_HAL_Driver/Src/stm32wbxx_hal_dma.c ****     {
 1002              		.loc 1 538 8 view .LVU355
 1003 0050 32B1     		cbz	r2, .L63
 542:Drivers/STM32WBxx_HAL_Driver/Src/stm32wbxx_hal_dma.c **** 
 1004              		.loc 1 542 7 is_stmt 1 view .LVU356
 542:Drivers/STM32WBxx_HAL_Driver/Src/stm32wbxx_hal_dma.c **** 
 1005              		.loc 1 542 29 is_stmt 0 view .LVU357
 1006 0052 1168     		ldr	r1, [r2]
 542:Drivers/STM32WBxx_HAL_Driver/Src/stm32wbxx_hal_dma.c **** 
 1007              		.loc 1 542 36 view .LVU358
 1008 0054 21F48071 		bic	r1, r1, #256
 1009 0058 1160     		str	r1, [r2]
 545:Drivers/STM32WBxx_HAL_Driver/Src/stm32wbxx_hal_dma.c ****     }
 1010              		.loc 1 545 7 is_stmt 1 view .LVU359
ARM GAS  /var/folders/98/ctz5mtps7w71v8dr53cf5qg40000gn/T//cc9xrYDe.s 			page 43


 545:Drivers/STM32WBxx_HAL_Driver/Src/stm32wbxx_hal_dma.c ****     }
 1011              		.loc 1 545 11 is_stmt 0 view .LVU360
 1012 005a 9A6D     		ldr	r2, [r3, #88]
 545:Drivers/STM32WBxx_HAL_Driver/Src/stm32wbxx_hal_dma.c ****     }
 1013              		.loc 1 545 49 view .LVU361
 1014 005c D96D     		ldr	r1, [r3, #92]
 545:Drivers/STM32WBxx_HAL_Driver/Src/stm32wbxx_hal_dma.c ****     }
 1015              		.loc 1 545 43 view .LVU362
 1016 005e 5160     		str	r1, [r2, #4]
 1017              	.L63:
 549:Drivers/STM32WBxx_HAL_Driver/Src/stm32wbxx_hal_dma.c **** 
 1018              		.loc 1 549 5 is_stmt 1 view .LVU363
 549:Drivers/STM32WBxx_HAL_Driver/Src/stm32wbxx_hal_dma.c **** 
 1019              		.loc 1 549 17 is_stmt 0 view .LVU364
 1020 0060 0122     		movs	r2, #1
 1021 0062 83F82520 		strb	r2, [r3, #37]
 552:Drivers/STM32WBxx_HAL_Driver/Src/stm32wbxx_hal_dma.c ****   }
 1022              		.loc 1 552 5 is_stmt 1 view .LVU365
 552:Drivers/STM32WBxx_HAL_Driver/Src/stm32wbxx_hal_dma.c ****   }
 1023              		.loc 1 552 5 view .LVU366
 1024 0066 0020     		movs	r0, #0
 1025 0068 83F82400 		strb	r0, [r3, #36]
 552:Drivers/STM32WBxx_HAL_Driver/Src/stm32wbxx_hal_dma.c ****   }
 1026              		.loc 1 552 5 view .LVU367
 555:Drivers/STM32WBxx_HAL_Driver/Src/stm32wbxx_hal_dma.c **** }
 1027              		.loc 1 555 3 view .LVU368
 555:Drivers/STM32WBxx_HAL_Driver/Src/stm32wbxx_hal_dma.c **** }
 1028              		.loc 1 555 10 is_stmt 0 view .LVU369
 1029 006c 7047     		bx	lr
 1030              	.LVL54:
 1031              	.L64:
 508:Drivers/STM32WBxx_HAL_Driver/Src/stm32wbxx_hal_dma.c ****   }
 1032              		.loc 1 508 12 view .LVU370
 1033 006e 0120     		movs	r0, #1
 1034              	.LVL55:
 556:Drivers/STM32WBxx_HAL_Driver/Src/stm32wbxx_hal_dma.c **** 
 1035              		.loc 1 556 1 view .LVU371
 1036 0070 7047     		bx	lr
 1037              		.cfi_endproc
 1038              	.LFE954:
 1040              		.section	.text.HAL_DMA_Abort_IT,"ax",%progbits
 1041              		.align	1
 1042              		.global	HAL_DMA_Abort_IT
 1043              		.syntax unified
 1044              		.thumb
 1045              		.thumb_func
 1047              	HAL_DMA_Abort_IT:
 1048              	.LVL56:
 1049              	.LFB955:
 565:Drivers/STM32WBxx_HAL_Driver/Src/stm32wbxx_hal_dma.c ****   HAL_StatusTypeDef status = HAL_OK;
 1050              		.loc 1 565 1 is_stmt 1 view -0
 1051              		.cfi_startproc
 1052              		@ args = 0, pretend = 0, frame = 0
 1053              		@ frame_needed = 0, uses_anonymous_args = 0
 565:Drivers/STM32WBxx_HAL_Driver/Src/stm32wbxx_hal_dma.c ****   HAL_StatusTypeDef status = HAL_OK;
 1054              		.loc 1 565 1 is_stmt 0 view .LVU373
 1055 0000 08B5     		push	{r3, lr}
ARM GAS  /var/folders/98/ctz5mtps7w71v8dr53cf5qg40000gn/T//cc9xrYDe.s 			page 44


 1056              	.LCFI9:
 1057              		.cfi_def_cfa_offset 8
 1058              		.cfi_offset 3, -8
 1059              		.cfi_offset 14, -4
 566:Drivers/STM32WBxx_HAL_Driver/Src/stm32wbxx_hal_dma.c **** 
 1060              		.loc 1 566 3 is_stmt 1 view .LVU374
 1061              	.LVL57:
 568:Drivers/STM32WBxx_HAL_Driver/Src/stm32wbxx_hal_dma.c ****   {
 1062              		.loc 1 568 3 view .LVU375
 568:Drivers/STM32WBxx_HAL_Driver/Src/stm32wbxx_hal_dma.c ****   {
 1063              		.loc 1 568 33 is_stmt 0 view .LVU376
 1064 0002 90F82530 		ldrb	r3, [r0, #37]	@ zero_extendqisi2
 568:Drivers/STM32WBxx_HAL_Driver/Src/stm32wbxx_hal_dma.c ****   {
 1065              		.loc 1 568 6 view .LVU377
 1066 0006 022B     		cmp	r3, #2
 1067 0008 03D0     		beq	.L66
 571:Drivers/STM32WBxx_HAL_Driver/Src/stm32wbxx_hal_dma.c **** 
 1068              		.loc 1 571 5 is_stmt 1 view .LVU378
 571:Drivers/STM32WBxx_HAL_Driver/Src/stm32wbxx_hal_dma.c **** 
 1069              		.loc 1 571 21 is_stmt 0 view .LVU379
 1070 000a 0423     		movs	r3, #4
 1071 000c C363     		str	r3, [r0, #60]
 573:Drivers/STM32WBxx_HAL_Driver/Src/stm32wbxx_hal_dma.c ****   }
 1072              		.loc 1 573 5 is_stmt 1 view .LVU380
 1073              	.LVL58:
 573:Drivers/STM32WBxx_HAL_Driver/Src/stm32wbxx_hal_dma.c ****   }
 1074              		.loc 1 573 12 is_stmt 0 view .LVU381
 1075 000e 0120     		movs	r0, #1
 1076              	.LVL59:
 1077              	.L67:
 614:Drivers/STM32WBxx_HAL_Driver/Src/stm32wbxx_hal_dma.c **** }
 1078              		.loc 1 614 3 is_stmt 1 view .LVU382
 615:Drivers/STM32WBxx_HAL_Driver/Src/stm32wbxx_hal_dma.c **** 
 1079              		.loc 1 615 1 is_stmt 0 view .LVU383
 1080 0010 08BD     		pop	{r3, pc}
 1081              	.LVL60:
 1082              	.L66:
 578:Drivers/STM32WBxx_HAL_Driver/Src/stm32wbxx_hal_dma.c **** 
 1083              		.loc 1 578 5 is_stmt 1 view .LVU384
 1084 0012 0268     		ldr	r2, [r0]
 1085 0014 1368     		ldr	r3, [r2]
 1086 0016 23F00E03 		bic	r3, r3, #14
 1087 001a 1360     		str	r3, [r2]
 581:Drivers/STM32WBxx_HAL_Driver/Src/stm32wbxx_hal_dma.c **** 
 1088              		.loc 1 581 5 view .LVU385
 1089 001c 0268     		ldr	r2, [r0]
 1090 001e 1368     		ldr	r3, [r2]
 1091 0020 23F00103 		bic	r3, r3, #1
 1092 0024 1360     		str	r3, [r2]
 584:Drivers/STM32WBxx_HAL_Driver/Src/stm32wbxx_hal_dma.c **** 
 1093              		.loc 1 584 5 view .LVU386
 584:Drivers/STM32WBxx_HAL_Driver/Src/stm32wbxx_hal_dma.c **** 
 1094              		.loc 1 584 9 is_stmt 0 view .LVU387
 1095 0026 826C     		ldr	r2, [r0, #72]
 584:Drivers/STM32WBxx_HAL_Driver/Src/stm32wbxx_hal_dma.c **** 
 1096              		.loc 1 584 24 view .LVU388
 1097 0028 1368     		ldr	r3, [r2]
ARM GAS  /var/folders/98/ctz5mtps7w71v8dr53cf5qg40000gn/T//cc9xrYDe.s 			page 45


 584:Drivers/STM32WBxx_HAL_Driver/Src/stm32wbxx_hal_dma.c **** 
 1098              		.loc 1 584 30 view .LVU389
 1099 002a 23F48073 		bic	r3, r3, #256
 1100 002e 1360     		str	r3, [r2]
 587:Drivers/STM32WBxx_HAL_Driver/Src/stm32wbxx_hal_dma.c **** 
 1101              		.loc 1 587 5 is_stmt 1 view .LVU390
 587:Drivers/STM32WBxx_HAL_Driver/Src/stm32wbxx_hal_dma.c **** 
 1102              		.loc 1 587 56 is_stmt 0 view .LVU391
 1103 0030 436C     		ldr	r3, [r0, #68]
 587:Drivers/STM32WBxx_HAL_Driver/Src/stm32wbxx_hal_dma.c **** 
 1104              		.loc 1 587 71 view .LVU392
 1105 0032 03F01C02 		and	r2, r3, #28
 587:Drivers/STM32WBxx_HAL_Driver/Src/stm32wbxx_hal_dma.c **** 
 1106              		.loc 1 587 9 view .LVU393
 1107 0036 016C     		ldr	r1, [r0, #64]
 587:Drivers/STM32WBxx_HAL_Driver/Src/stm32wbxx_hal_dma.c **** 
 1108              		.loc 1 587 48 view .LVU394
 1109 0038 0123     		movs	r3, #1
 1110 003a 9340     		lsls	r3, r3, r2
 587:Drivers/STM32WBxx_HAL_Driver/Src/stm32wbxx_hal_dma.c **** 
 1111              		.loc 1 587 32 view .LVU395
 1112 003c 4B60     		str	r3, [r1, #4]
 590:Drivers/STM32WBxx_HAL_Driver/Src/stm32wbxx_hal_dma.c **** 
 1113              		.loc 1 590 5 is_stmt 1 view .LVU396
 590:Drivers/STM32WBxx_HAL_Driver/Src/stm32wbxx_hal_dma.c **** 
 1114              		.loc 1 590 9 is_stmt 0 view .LVU397
 1115 003e C36C     		ldr	r3, [r0, #76]
 590:Drivers/STM32WBxx_HAL_Driver/Src/stm32wbxx_hal_dma.c **** 
 1116              		.loc 1 590 42 view .LVU398
 1117 0040 026D     		ldr	r2, [r0, #80]
 590:Drivers/STM32WBxx_HAL_Driver/Src/stm32wbxx_hal_dma.c **** 
 1118              		.loc 1 590 36 view .LVU399
 1119 0042 5A60     		str	r2, [r3, #4]
 592:Drivers/STM32WBxx_HAL_Driver/Src/stm32wbxx_hal_dma.c ****     {
 1120              		.loc 1 592 5 is_stmt 1 view .LVU400
 592:Drivers/STM32WBxx_HAL_Driver/Src/stm32wbxx_hal_dma.c ****     {
 1121              		.loc 1 592 13 is_stmt 0 view .LVU401
 1122 0044 436D     		ldr	r3, [r0, #84]
 592:Drivers/STM32WBxx_HAL_Driver/Src/stm32wbxx_hal_dma.c ****     {
 1123              		.loc 1 592 8 view .LVU402
 1124 0046 33B1     		cbz	r3, .L68
 596:Drivers/STM32WBxx_HAL_Driver/Src/stm32wbxx_hal_dma.c **** 
 1125              		.loc 1 596 7 is_stmt 1 view .LVU403
 596:Drivers/STM32WBxx_HAL_Driver/Src/stm32wbxx_hal_dma.c **** 
 1126              		.loc 1 596 29 is_stmt 0 view .LVU404
 1127 0048 1A68     		ldr	r2, [r3]
 596:Drivers/STM32WBxx_HAL_Driver/Src/stm32wbxx_hal_dma.c **** 
 1128              		.loc 1 596 36 view .LVU405
 1129 004a 22F48072 		bic	r2, r2, #256
 1130 004e 1A60     		str	r2, [r3]
 599:Drivers/STM32WBxx_HAL_Driver/Src/stm32wbxx_hal_dma.c ****     }
 1131              		.loc 1 599 7 is_stmt 1 view .LVU406
 599:Drivers/STM32WBxx_HAL_Driver/Src/stm32wbxx_hal_dma.c ****     }
 1132              		.loc 1 599 11 is_stmt 0 view .LVU407
 1133 0050 836D     		ldr	r3, [r0, #88]
 599:Drivers/STM32WBxx_HAL_Driver/Src/stm32wbxx_hal_dma.c ****     }
 1134              		.loc 1 599 49 view .LVU408
ARM GAS  /var/folders/98/ctz5mtps7w71v8dr53cf5qg40000gn/T//cc9xrYDe.s 			page 46


 1135 0052 C26D     		ldr	r2, [r0, #92]
 599:Drivers/STM32WBxx_HAL_Driver/Src/stm32wbxx_hal_dma.c ****     }
 1136              		.loc 1 599 43 view .LVU409
 1137 0054 5A60     		str	r2, [r3, #4]
 1138              	.L68:
 603:Drivers/STM32WBxx_HAL_Driver/Src/stm32wbxx_hal_dma.c **** 
 1139              		.loc 1 603 5 is_stmt 1 view .LVU410
 603:Drivers/STM32WBxx_HAL_Driver/Src/stm32wbxx_hal_dma.c **** 
 1140              		.loc 1 603 17 is_stmt 0 view .LVU411
 1141 0056 0123     		movs	r3, #1
 1142 0058 80F82530 		strb	r3, [r0, #37]
 606:Drivers/STM32WBxx_HAL_Driver/Src/stm32wbxx_hal_dma.c **** 
 1143              		.loc 1 606 5 is_stmt 1 view .LVU412
 606:Drivers/STM32WBxx_HAL_Driver/Src/stm32wbxx_hal_dma.c **** 
 1144              		.loc 1 606 5 view .LVU413
 1145 005c 0023     		movs	r3, #0
 1146 005e 80F82430 		strb	r3, [r0, #36]
 606:Drivers/STM32WBxx_HAL_Driver/Src/stm32wbxx_hal_dma.c **** 
 1147              		.loc 1 606 5 view .LVU414
 609:Drivers/STM32WBxx_HAL_Driver/Src/stm32wbxx_hal_dma.c ****     {
 1148              		.loc 1 609 5 view .LVU415
 609:Drivers/STM32WBxx_HAL_Driver/Src/stm32wbxx_hal_dma.c ****     {
 1149              		.loc 1 609 13 is_stmt 0 view .LVU416
 1150 0062 836B     		ldr	r3, [r0, #56]
 609:Drivers/STM32WBxx_HAL_Driver/Src/stm32wbxx_hal_dma.c ****     {
 1151              		.loc 1 609 8 view .LVU417
 1152 0064 13B1     		cbz	r3, .L69
 611:Drivers/STM32WBxx_HAL_Driver/Src/stm32wbxx_hal_dma.c ****     }
 1153              		.loc 1 611 7 is_stmt 1 view .LVU418
 1154 0066 9847     		blx	r3
 1155              	.LVL61:
 566:Drivers/STM32WBxx_HAL_Driver/Src/stm32wbxx_hal_dma.c **** 
 1156              		.loc 1 566 21 is_stmt 0 view .LVU419
 1157 0068 0020     		movs	r0, #0
 1158 006a D1E7     		b	.L67
 1159              	.LVL62:
 1160              	.L69:
 566:Drivers/STM32WBxx_HAL_Driver/Src/stm32wbxx_hal_dma.c **** 
 1161              		.loc 1 566 21 view .LVU420
 1162 006c 0020     		movs	r0, #0
 1163              	.LVL63:
 566:Drivers/STM32WBxx_HAL_Driver/Src/stm32wbxx_hal_dma.c **** 
 1164              		.loc 1 566 21 view .LVU421
 1165 006e CFE7     		b	.L67
 1166              		.cfi_endproc
 1167              	.LFE955:
 1169              		.section	.text.HAL_DMA_PollForTransfer,"ax",%progbits
 1170              		.align	1
 1171              		.global	HAL_DMA_PollForTransfer
 1172              		.syntax unified
 1173              		.thumb
 1174              		.thumb_func
 1176              	HAL_DMA_PollForTransfer:
 1177              	.LVL64:
 1178              	.LFB956:
 627:Drivers/STM32WBxx_HAL_Driver/Src/stm32wbxx_hal_dma.c ****   uint32_t temp;
 1179              		.loc 1 627 1 is_stmt 1 view -0
ARM GAS  /var/folders/98/ctz5mtps7w71v8dr53cf5qg40000gn/T//cc9xrYDe.s 			page 47


 1180              		.cfi_startproc
 1181              		@ args = 0, pretend = 0, frame = 0
 1182              		@ frame_needed = 0, uses_anonymous_args = 0
 627:Drivers/STM32WBxx_HAL_Driver/Src/stm32wbxx_hal_dma.c ****   uint32_t temp;
 1183              		.loc 1 627 1 is_stmt 0 view .LVU423
 1184 0000 2DE9F041 		push	{r4, r5, r6, r7, r8, lr}
 1185              	.LCFI10:
 1186              		.cfi_def_cfa_offset 24
 1187              		.cfi_offset 4, -24
 1188              		.cfi_offset 5, -20
 1189              		.cfi_offset 6, -16
 1190              		.cfi_offset 7, -12
 1191              		.cfi_offset 8, -8
 1192              		.cfi_offset 14, -4
 1193 0004 0446     		mov	r4, r0
 628:Drivers/STM32WBxx_HAL_Driver/Src/stm32wbxx_hal_dma.c ****   uint32_t tickstart;
 1194              		.loc 1 628 3 is_stmt 1 view .LVU424
 629:Drivers/STM32WBxx_HAL_Driver/Src/stm32wbxx_hal_dma.c **** 
 1195              		.loc 1 629 3 view .LVU425
 631:Drivers/STM32WBxx_HAL_Driver/Src/stm32wbxx_hal_dma.c ****   {
 1196              		.loc 1 631 3 view .LVU426
 631:Drivers/STM32WBxx_HAL_Driver/Src/stm32wbxx_hal_dma.c ****   {
 1197              		.loc 1 631 33 is_stmt 0 view .LVU427
 1198 0006 90F82530 		ldrb	r3, [r0, #37]	@ zero_extendqisi2
 631:Drivers/STM32WBxx_HAL_Driver/Src/stm32wbxx_hal_dma.c ****   {
 1199              		.loc 1 631 6 view .LVU428
 1200 000a 022B     		cmp	r3, #2
 1201 000c 07D0     		beq	.L72
 634:Drivers/STM32WBxx_HAL_Driver/Src/stm32wbxx_hal_dma.c ****     __HAL_UNLOCK(hdma);
 1202              		.loc 1 634 5 is_stmt 1 view .LVU429
 634:Drivers/STM32WBxx_HAL_Driver/Src/stm32wbxx_hal_dma.c ****     __HAL_UNLOCK(hdma);
 1203              		.loc 1 634 21 is_stmt 0 view .LVU430
 1204 000e 0423     		movs	r3, #4
 1205 0010 C363     		str	r3, [r0, #60]
 635:Drivers/STM32WBxx_HAL_Driver/Src/stm32wbxx_hal_dma.c ****     return HAL_ERROR;
 1206              		.loc 1 635 5 is_stmt 1 view .LVU431
 635:Drivers/STM32WBxx_HAL_Driver/Src/stm32wbxx_hal_dma.c ****     return HAL_ERROR;
 1207              		.loc 1 635 5 view .LVU432
 1208 0012 0023     		movs	r3, #0
 1209 0014 80F82430 		strb	r3, [r0, #36]
 635:Drivers/STM32WBxx_HAL_Driver/Src/stm32wbxx_hal_dma.c ****     return HAL_ERROR;
 1210              		.loc 1 635 5 view .LVU433
 636:Drivers/STM32WBxx_HAL_Driver/Src/stm32wbxx_hal_dma.c ****   }
 1211              		.loc 1 636 5 view .LVU434
 636:Drivers/STM32WBxx_HAL_Driver/Src/stm32wbxx_hal_dma.c ****   }
 1212              		.loc 1 636 12 is_stmt 0 view .LVU435
 1213 0018 0120     		movs	r0, #1
 1214              	.LVL65:
 1215              	.L73:
 746:Drivers/STM32WBxx_HAL_Driver/Src/stm32wbxx_hal_dma.c **** 
 1216              		.loc 1 746 1 view .LVU436
 1217 001a BDE8F081 		pop	{r4, r5, r6, r7, r8, pc}
 1218              	.LVL66:
 1219              	.L72:
 746:Drivers/STM32WBxx_HAL_Driver/Src/stm32wbxx_hal_dma.c **** 
 1220              		.loc 1 746 1 view .LVU437
 1221 001e 0E46     		mov	r6, r1
ARM GAS  /var/folders/98/ctz5mtps7w71v8dr53cf5qg40000gn/T//cc9xrYDe.s 			page 48


 1222 0020 1546     		mov	r5, r2
 640:Drivers/STM32WBxx_HAL_Driver/Src/stm32wbxx_hal_dma.c ****   {
 1223              		.loc 1 640 3 is_stmt 1 view .LVU438
 640:Drivers/STM32WBxx_HAL_Driver/Src/stm32wbxx_hal_dma.c ****   {
 1224              		.loc 1 640 12 is_stmt 0 view .LVU439
 1225 0022 0368     		ldr	r3, [r0]
 640:Drivers/STM32WBxx_HAL_Driver/Src/stm32wbxx_hal_dma.c ****   {
 1226              		.loc 1 640 22 view .LVU440
 1227 0024 1B68     		ldr	r3, [r3]
 640:Drivers/STM32WBxx_HAL_Driver/Src/stm32wbxx_hal_dma.c ****   {
 1228              		.loc 1 640 6 view .LVU441
 1229 0026 13F0200F 		tst	r3, #32
 1230 002a 2BD1     		bne	.L86
 647:Drivers/STM32WBxx_HAL_Driver/Src/stm32wbxx_hal_dma.c ****   {
 1231              		.loc 1 647 3 is_stmt 1 view .LVU442
 647:Drivers/STM32WBxx_HAL_Driver/Src/stm32wbxx_hal_dma.c ****   {
 1232              		.loc 1 647 6 is_stmt 0 view .LVU443
 1233 002c 79BB     		cbnz	r1, .L75
 650:Drivers/STM32WBxx_HAL_Driver/Src/stm32wbxx_hal_dma.c ****   }
 1234              		.loc 1 650 5 is_stmt 1 view .LVU444
 650:Drivers/STM32WBxx_HAL_Driver/Src/stm32wbxx_hal_dma.c ****   }
 1235              		.loc 1 650 33 is_stmt 0 view .LVU445
 1236 002e 436C     		ldr	r3, [r0, #68]
 650:Drivers/STM32WBxx_HAL_Driver/Src/stm32wbxx_hal_dma.c ****   }
 1237              		.loc 1 650 48 view .LVU446
 1238 0030 03F01C03 		and	r3, r3, #28
 650:Drivers/STM32WBxx_HAL_Driver/Src/stm32wbxx_hal_dma.c ****   }
 1239              		.loc 1 650 10 view .LVU447
 1240 0034 0227     		movs	r7, #2
 1241 0036 9F40     		lsls	r7, r7, r3
 1242              	.LVL67:
 1243              	.L76:
 659:Drivers/STM32WBxx_HAL_Driver/Src/stm32wbxx_hal_dma.c **** 
 1244              		.loc 1 659 3 is_stmt 1 view .LVU448
 659:Drivers/STM32WBxx_HAL_Driver/Src/stm32wbxx_hal_dma.c **** 
 1245              		.loc 1 659 15 is_stmt 0 view .LVU449
 1246 0038 FFF7FEFF 		bl	HAL_GetTick
 1247              	.LVL68:
 659:Drivers/STM32WBxx_HAL_Driver/Src/stm32wbxx_hal_dma.c **** 
 1248              		.loc 1 659 15 view .LVU450
 1249 003c 8046     		mov	r8, r0
 1250              	.LVL69:
 661:Drivers/STM32WBxx_HAL_Driver/Src/stm32wbxx_hal_dma.c ****   {
 1251              		.loc 1 661 3 is_stmt 1 view .LVU451
 1252              	.L79:
 661:Drivers/STM32WBxx_HAL_Driver/Src/stm32wbxx_hal_dma.c ****   {
 1253              		.loc 1 661 45 view .LVU452
 661:Drivers/STM32WBxx_HAL_Driver/Src/stm32wbxx_hal_dma.c ****   {
 1254              		.loc 1 661 15 is_stmt 0 view .LVU453
 1255 003e 226C     		ldr	r2, [r4, #64]
 661:Drivers/STM32WBxx_HAL_Driver/Src/stm32wbxx_hal_dma.c ****   {
 1256              		.loc 1 661 31 view .LVU454
 1257 0040 1368     		ldr	r3, [r2]
 661:Drivers/STM32WBxx_HAL_Driver/Src/stm32wbxx_hal_dma.c ****   {
 1258              		.loc 1 661 45 view .LVU455
 1259 0042 3B42     		tst	r3, r7
 1260 0044 34D1     		bne	.L87
ARM GAS  /var/folders/98/ctz5mtps7w71v8dr53cf5qg40000gn/T//cc9xrYDe.s 			page 49


 663:Drivers/STM32WBxx_HAL_Driver/Src/stm32wbxx_hal_dma.c ****     {
 1261              		.loc 1 663 5 is_stmt 1 view .LVU456
 663:Drivers/STM32WBxx_HAL_Driver/Src/stm32wbxx_hal_dma.c ****     {
 1262              		.loc 1 663 30 is_stmt 0 view .LVU457
 1263 0046 1168     		ldr	r1, [r2]
 663:Drivers/STM32WBxx_HAL_Driver/Src/stm32wbxx_hal_dma.c ****     {
 1264              		.loc 1 663 60 view .LVU458
 1265 0048 636C     		ldr	r3, [r4, #68]
 663:Drivers/STM32WBxx_HAL_Driver/Src/stm32wbxx_hal_dma.c ****     {
 1266              		.loc 1 663 75 view .LVU459
 1267 004a 03F01C03 		and	r3, r3, #28
 663:Drivers/STM32WBxx_HAL_Driver/Src/stm32wbxx_hal_dma.c ****     {
 1268              		.loc 1 663 52 view .LVU460
 1269 004e 4FF0080C 		mov	ip, #8
 1270 0052 0CFA03FC 		lsl	ip, ip, r3
 663:Drivers/STM32WBxx_HAL_Driver/Src/stm32wbxx_hal_dma.c ****     {
 1271              		.loc 1 663 8 view .LVU461
 1272 0056 11EA0C0F 		tst	r1, ip
 1273 005a 1ED1     		bne	.L88
 682:Drivers/STM32WBxx_HAL_Driver/Src/stm32wbxx_hal_dma.c ****     {
 1274              		.loc 1 682 5 is_stmt 1 view .LVU462
 682:Drivers/STM32WBxx_HAL_Driver/Src/stm32wbxx_hal_dma.c ****     {
 1275              		.loc 1 682 8 is_stmt 0 view .LVU463
 1276 005c B5F1FF3F 		cmp	r5, #-1
 1277 0060 EDD0     		beq	.L79
 684:Drivers/STM32WBxx_HAL_Driver/Src/stm32wbxx_hal_dma.c ****       {
 1278              		.loc 1 684 7 is_stmt 1 view .LVU464
 684:Drivers/STM32WBxx_HAL_Driver/Src/stm32wbxx_hal_dma.c ****       {
 1279              		.loc 1 684 13 is_stmt 0 view .LVU465
 1280 0062 FFF7FEFF 		bl	HAL_GetTick
 1281              	.LVL70:
 684:Drivers/STM32WBxx_HAL_Driver/Src/stm32wbxx_hal_dma.c ****       {
 1282              		.loc 1 684 27 discriminator 1 view .LVU466
 1283 0066 A0EB0800 		sub	r0, r0, r8
 684:Drivers/STM32WBxx_HAL_Driver/Src/stm32wbxx_hal_dma.c ****       {
 1284              		.loc 1 684 10 discriminator 1 view .LVU467
 1285 006a A842     		cmp	r0, r5
 1286 006c 01D8     		bhi	.L80
 684:Drivers/STM32WBxx_HAL_Driver/Src/stm32wbxx_hal_dma.c ****       {
 1287              		.loc 1 684 51 discriminator 1 view .LVU468
 1288 006e 002D     		cmp	r5, #0
 1289 0070 E5D1     		bne	.L79
 1290              	.L80:
 687:Drivers/STM32WBxx_HAL_Driver/Src/stm32wbxx_hal_dma.c **** 
 1291              		.loc 1 687 9 is_stmt 1 view .LVU469
 687:Drivers/STM32WBxx_HAL_Driver/Src/stm32wbxx_hal_dma.c **** 
 1292              		.loc 1 687 25 is_stmt 0 view .LVU470
 1293 0072 2023     		movs	r3, #32
 1294 0074 E363     		str	r3, [r4, #60]
 690:Drivers/STM32WBxx_HAL_Driver/Src/stm32wbxx_hal_dma.c **** 
 1295              		.loc 1 690 9 is_stmt 1 view .LVU471
 690:Drivers/STM32WBxx_HAL_Driver/Src/stm32wbxx_hal_dma.c **** 
 1296              		.loc 1 690 21 is_stmt 0 view .LVU472
 1297 0076 0120     		movs	r0, #1
 1298 0078 84F82500 		strb	r0, [r4, #37]
 693:Drivers/STM32WBxx_HAL_Driver/Src/stm32wbxx_hal_dma.c **** 
 1299              		.loc 1 693 9 is_stmt 1 view .LVU473
ARM GAS  /var/folders/98/ctz5mtps7w71v8dr53cf5qg40000gn/T//cc9xrYDe.s 			page 50


 693:Drivers/STM32WBxx_HAL_Driver/Src/stm32wbxx_hal_dma.c **** 
 1300              		.loc 1 693 9 view .LVU474
 1301 007c 0023     		movs	r3, #0
 1302 007e 84F82430 		strb	r3, [r4, #36]
 693:Drivers/STM32WBxx_HAL_Driver/Src/stm32wbxx_hal_dma.c **** 
 1303              		.loc 1 693 9 view .LVU475
 695:Drivers/STM32WBxx_HAL_Driver/Src/stm32wbxx_hal_dma.c ****       }
 1304              		.loc 1 695 9 view .LVU476
 695:Drivers/STM32WBxx_HAL_Driver/Src/stm32wbxx_hal_dma.c ****       }
 1305              		.loc 1 695 16 is_stmt 0 view .LVU477
 1306 0082 CAE7     		b	.L73
 1307              	.LVL71:
 1308              	.L86:
 642:Drivers/STM32WBxx_HAL_Driver/Src/stm32wbxx_hal_dma.c ****     return HAL_ERROR;
 1309              		.loc 1 642 5 is_stmt 1 view .LVU478
 642:Drivers/STM32WBxx_HAL_Driver/Src/stm32wbxx_hal_dma.c ****     return HAL_ERROR;
 1310              		.loc 1 642 21 is_stmt 0 view .LVU479
 1311 0084 4FF48073 		mov	r3, #256
 1312 0088 C363     		str	r3, [r0, #60]
 643:Drivers/STM32WBxx_HAL_Driver/Src/stm32wbxx_hal_dma.c ****   }
 1313              		.loc 1 643 5 is_stmt 1 view .LVU480
 643:Drivers/STM32WBxx_HAL_Driver/Src/stm32wbxx_hal_dma.c ****   }
 1314              		.loc 1 643 12 is_stmt 0 view .LVU481
 1315 008a 0120     		movs	r0, #1
 1316              	.LVL72:
 643:Drivers/STM32WBxx_HAL_Driver/Src/stm32wbxx_hal_dma.c ****   }
 1317              		.loc 1 643 12 view .LVU482
 1318 008c C5E7     		b	.L73
 1319              	.LVL73:
 1320              	.L75:
 655:Drivers/STM32WBxx_HAL_Driver/Src/stm32wbxx_hal_dma.c ****   }
 1321              		.loc 1 655 5 is_stmt 1 view .LVU483
 655:Drivers/STM32WBxx_HAL_Driver/Src/stm32wbxx_hal_dma.c ****   }
 1322              		.loc 1 655 33 is_stmt 0 view .LVU484
 1323 008e 436C     		ldr	r3, [r0, #68]
 655:Drivers/STM32WBxx_HAL_Driver/Src/stm32wbxx_hal_dma.c ****   }
 1324              		.loc 1 655 49 view .LVU485
 1325 0090 03F01C03 		and	r3, r3, #28
 655:Drivers/STM32WBxx_HAL_Driver/Src/stm32wbxx_hal_dma.c ****   }
 1326              		.loc 1 655 10 view .LVU486
 1327 0094 0427     		movs	r7, #4
 1328 0096 9F40     		lsls	r7, r7, r3
 1329 0098 CEE7     		b	.L76
 1330              	.LVL74:
 1331              	.L88:
 668:Drivers/STM32WBxx_HAL_Driver/Src/stm32wbxx_hal_dma.c **** 
 1332              		.loc 1 668 7 is_stmt 1 view .LVU487
 668:Drivers/STM32WBxx_HAL_Driver/Src/stm32wbxx_hal_dma.c **** 
 1333              		.loc 1 668 50 is_stmt 0 view .LVU488
 1334 009a 0120     		movs	r0, #1
 1335 009c 00FA03F3 		lsl	r3, r0, r3
 668:Drivers/STM32WBxx_HAL_Driver/Src/stm32wbxx_hal_dma.c **** 
 1336              		.loc 1 668 34 view .LVU489
 1337 00a0 5360     		str	r3, [r2, #4]
 671:Drivers/STM32WBxx_HAL_Driver/Src/stm32wbxx_hal_dma.c **** 
 1338              		.loc 1 671 7 is_stmt 1 view .LVU490
 671:Drivers/STM32WBxx_HAL_Driver/Src/stm32wbxx_hal_dma.c **** 
ARM GAS  /var/folders/98/ctz5mtps7w71v8dr53cf5qg40000gn/T//cc9xrYDe.s 			page 51


 1339              		.loc 1 671 23 is_stmt 0 view .LVU491
 1340 00a2 E063     		str	r0, [r4, #60]
 674:Drivers/STM32WBxx_HAL_Driver/Src/stm32wbxx_hal_dma.c **** 
 1341              		.loc 1 674 7 is_stmt 1 view .LVU492
 674:Drivers/STM32WBxx_HAL_Driver/Src/stm32wbxx_hal_dma.c **** 
 1342              		.loc 1 674 19 is_stmt 0 view .LVU493
 1343 00a4 84F82500 		strb	r0, [r4, #37]
 677:Drivers/STM32WBxx_HAL_Driver/Src/stm32wbxx_hal_dma.c **** 
 1344              		.loc 1 677 7 is_stmt 1 view .LVU494
 677:Drivers/STM32WBxx_HAL_Driver/Src/stm32wbxx_hal_dma.c **** 
 1345              		.loc 1 677 7 view .LVU495
 1346 00a8 0023     		movs	r3, #0
 1347 00aa 84F82430 		strb	r3, [r4, #36]
 677:Drivers/STM32WBxx_HAL_Driver/Src/stm32wbxx_hal_dma.c **** 
 1348              		.loc 1 677 7 view .LVU496
 679:Drivers/STM32WBxx_HAL_Driver/Src/stm32wbxx_hal_dma.c ****     }
 1349              		.loc 1 679 7 view .LVU497
 679:Drivers/STM32WBxx_HAL_Driver/Src/stm32wbxx_hal_dma.c ****     }
 1350              		.loc 1 679 14 is_stmt 0 view .LVU498
 1351 00ae B4E7     		b	.L73
 1352              	.L87:
 701:Drivers/STM32WBxx_HAL_Driver/Src/stm32wbxx_hal_dma.c ****   {
 1353              		.loc 1 701 3 is_stmt 1 view .LVU499
 701:Drivers/STM32WBxx_HAL_Driver/Src/stm32wbxx_hal_dma.c ****   {
 1354              		.loc 1 701 11 is_stmt 0 view .LVU500
 1355 00b0 636D     		ldr	r3, [r4, #84]
 701:Drivers/STM32WBxx_HAL_Driver/Src/stm32wbxx_hal_dma.c ****   {
 1356              		.loc 1 701 6 view .LVU501
 1357 00b2 7BB1     		cbz	r3, .L82
 704:Drivers/STM32WBxx_HAL_Driver/Src/stm32wbxx_hal_dma.c ****     {
 1358              		.loc 1 704 5 is_stmt 1 view .LVU502
 704:Drivers/STM32WBxx_HAL_Driver/Src/stm32wbxx_hal_dma.c ****     {
 1359              		.loc 1 704 14 is_stmt 0 view .LVU503
 1360 00b4 A26D     		ldr	r2, [r4, #88]
 704:Drivers/STM32WBxx_HAL_Driver/Src/stm32wbxx_hal_dma.c ****     {
 1361              		.loc 1 704 38 view .LVU504
 1362 00b6 1168     		ldr	r1, [r2]
 704:Drivers/STM32WBxx_HAL_Driver/Src/stm32wbxx_hal_dma.c ****     {
 1363              		.loc 1 704 51 view .LVU505
 1364 00b8 E26D     		ldr	r2, [r4, #92]
 704:Drivers/STM32WBxx_HAL_Driver/Src/stm32wbxx_hal_dma.c ****     {
 1365              		.loc 1 704 8 view .LVU506
 1366 00ba 1142     		tst	r1, r2
 1367 00bc 0AD0     		beq	.L82
 707:Drivers/STM32WBxx_HAL_Driver/Src/stm32wbxx_hal_dma.c **** 
 1368              		.loc 1 707 7 is_stmt 1 view .LVU507
 707:Drivers/STM32WBxx_HAL_Driver/Src/stm32wbxx_hal_dma.c **** 
 1369              		.loc 1 707 29 is_stmt 0 view .LVU508
 1370 00be 1A68     		ldr	r2, [r3]
 707:Drivers/STM32WBxx_HAL_Driver/Src/stm32wbxx_hal_dma.c **** 
 1371              		.loc 1 707 36 view .LVU509
 1372 00c0 42F48072 		orr	r2, r2, #256
 1373 00c4 1A60     		str	r2, [r3]
 710:Drivers/STM32WBxx_HAL_Driver/Src/stm32wbxx_hal_dma.c **** 
 1374              		.loc 1 710 7 is_stmt 1 view .LVU510
 710:Drivers/STM32WBxx_HAL_Driver/Src/stm32wbxx_hal_dma.c **** 
 1375              		.loc 1 710 11 is_stmt 0 view .LVU511
ARM GAS  /var/folders/98/ctz5mtps7w71v8dr53cf5qg40000gn/T//cc9xrYDe.s 			page 52


 1376 00c6 A36D     		ldr	r3, [r4, #88]
 710:Drivers/STM32WBxx_HAL_Driver/Src/stm32wbxx_hal_dma.c **** 
 1377              		.loc 1 710 49 view .LVU512
 1378 00c8 E26D     		ldr	r2, [r4, #92]
 710:Drivers/STM32WBxx_HAL_Driver/Src/stm32wbxx_hal_dma.c **** 
 1379              		.loc 1 710 43 view .LVU513
 1380 00ca 5A60     		str	r2, [r3, #4]
 713:Drivers/STM32WBxx_HAL_Driver/Src/stm32wbxx_hal_dma.c ****     }
 1381              		.loc 1 713 7 is_stmt 1 view .LVU514
 713:Drivers/STM32WBxx_HAL_Driver/Src/stm32wbxx_hal_dma.c ****     }
 1382              		.loc 1 713 11 is_stmt 0 view .LVU515
 1383 00cc E36B     		ldr	r3, [r4, #60]
 713:Drivers/STM32WBxx_HAL_Driver/Src/stm32wbxx_hal_dma.c ****     }
 1384              		.loc 1 713 23 view .LVU516
 1385 00ce 43F48063 		orr	r3, r3, #1024
 1386 00d2 E363     		str	r3, [r4, #60]
 1387              	.L82:
 718:Drivers/STM32WBxx_HAL_Driver/Src/stm32wbxx_hal_dma.c ****   {
 1388              		.loc 1 718 3 is_stmt 1 view .LVU517
 718:Drivers/STM32WBxx_HAL_Driver/Src/stm32wbxx_hal_dma.c ****   {
 1389              		.loc 1 718 12 is_stmt 0 view .LVU518
 1390 00d4 E36C     		ldr	r3, [r4, #76]
 718:Drivers/STM32WBxx_HAL_Driver/Src/stm32wbxx_hal_dma.c ****   {
 1391              		.loc 1 718 33 view .LVU519
 1392 00d6 1968     		ldr	r1, [r3]
 718:Drivers/STM32WBxx_HAL_Driver/Src/stm32wbxx_hal_dma.c ****   {
 1393              		.loc 1 718 45 view .LVU520
 1394 00d8 226D     		ldr	r2, [r4, #80]
 718:Drivers/STM32WBxx_HAL_Driver/Src/stm32wbxx_hal_dma.c ****   {
 1395              		.loc 1 718 6 view .LVU521
 1396 00da 1142     		tst	r1, r2
 1397 00dc 04D0     		beq	.L83
 721:Drivers/STM32WBxx_HAL_Driver/Src/stm32wbxx_hal_dma.c **** 
 1398              		.loc 1 721 5 is_stmt 1 view .LVU522
 721:Drivers/STM32WBxx_HAL_Driver/Src/stm32wbxx_hal_dma.c **** 
 1399              		.loc 1 721 36 is_stmt 0 view .LVU523
 1400 00de 5A60     		str	r2, [r3, #4]
 724:Drivers/STM32WBxx_HAL_Driver/Src/stm32wbxx_hal_dma.c ****   }
 1401              		.loc 1 724 5 is_stmt 1 view .LVU524
 724:Drivers/STM32WBxx_HAL_Driver/Src/stm32wbxx_hal_dma.c ****   }
 1402              		.loc 1 724 9 is_stmt 0 view .LVU525
 1403 00e0 E36B     		ldr	r3, [r4, #60]
 724:Drivers/STM32WBxx_HAL_Driver/Src/stm32wbxx_hal_dma.c ****   }
 1404              		.loc 1 724 21 view .LVU526
 1405 00e2 43F40073 		orr	r3, r3, #512
 1406 00e6 E363     		str	r3, [r4, #60]
 1407              	.L83:
 727:Drivers/STM32WBxx_HAL_Driver/Src/stm32wbxx_hal_dma.c ****   {
 1408              		.loc 1 727 3 is_stmt 1 view .LVU527
 727:Drivers/STM32WBxx_HAL_Driver/Src/stm32wbxx_hal_dma.c ****   {
 1409              		.loc 1 727 6 is_stmt 0 view .LVU528
 1410 00e8 76B9     		cbnz	r6, .L84
 730:Drivers/STM32WBxx_HAL_Driver/Src/stm32wbxx_hal_dma.c **** 
 1411              		.loc 1 730 5 is_stmt 1 view .LVU529
 730:Drivers/STM32WBxx_HAL_Driver/Src/stm32wbxx_hal_dma.c **** 
 1412              		.loc 1 730 56 is_stmt 0 view .LVU530
 1413 00ea 636C     		ldr	r3, [r4, #68]
ARM GAS  /var/folders/98/ctz5mtps7w71v8dr53cf5qg40000gn/T//cc9xrYDe.s 			page 53


 730:Drivers/STM32WBxx_HAL_Driver/Src/stm32wbxx_hal_dma.c **** 
 1414              		.loc 1 730 71 view .LVU531
 1415 00ec 03F01C02 		and	r2, r3, #28
 730:Drivers/STM32WBxx_HAL_Driver/Src/stm32wbxx_hal_dma.c **** 
 1416              		.loc 1 730 9 view .LVU532
 1417 00f0 216C     		ldr	r1, [r4, #64]
 730:Drivers/STM32WBxx_HAL_Driver/Src/stm32wbxx_hal_dma.c **** 
 1418              		.loc 1 730 48 view .LVU533
 1419 00f2 0223     		movs	r3, #2
 1420 00f4 9340     		lsls	r3, r3, r2
 730:Drivers/STM32WBxx_HAL_Driver/Src/stm32wbxx_hal_dma.c **** 
 1421              		.loc 1 730 32 view .LVU534
 1422 00f6 4B60     		str	r3, [r1, #4]
 733:Drivers/STM32WBxx_HAL_Driver/Src/stm32wbxx_hal_dma.c **** 
 1423              		.loc 1 733 5 is_stmt 1 view .LVU535
 733:Drivers/STM32WBxx_HAL_Driver/Src/stm32wbxx_hal_dma.c **** 
 1424              		.loc 1 733 5 view .LVU536
 1425 00f8 0023     		movs	r3, #0
 1426 00fa 84F82430 		strb	r3, [r4, #36]
 733:Drivers/STM32WBxx_HAL_Driver/Src/stm32wbxx_hal_dma.c **** 
 1427              		.loc 1 733 5 view .LVU537
 737:Drivers/STM32WBxx_HAL_Driver/Src/stm32wbxx_hal_dma.c ****   }
 1428              		.loc 1 737 5 view .LVU538
 737:Drivers/STM32WBxx_HAL_Driver/Src/stm32wbxx_hal_dma.c ****   }
 1429              		.loc 1 737 17 is_stmt 0 view .LVU539
 1430 00fe 0123     		movs	r3, #1
 1431 0100 84F82530 		strb	r3, [r4, #37]
 745:Drivers/STM32WBxx_HAL_Driver/Src/stm32wbxx_hal_dma.c **** }
 1432              		.loc 1 745 10 view .LVU540
 1433 0104 3046     		mov	r0, r6
 1434 0106 88E7     		b	.L73
 1435              	.L84:
 742:Drivers/STM32WBxx_HAL_Driver/Src/stm32wbxx_hal_dma.c ****   }
 1436              		.loc 1 742 5 is_stmt 1 view .LVU541
 742:Drivers/STM32WBxx_HAL_Driver/Src/stm32wbxx_hal_dma.c ****   }
 1437              		.loc 1 742 56 is_stmt 0 view .LVU542
 1438 0108 636C     		ldr	r3, [r4, #68]
 742:Drivers/STM32WBxx_HAL_Driver/Src/stm32wbxx_hal_dma.c ****   }
 1439              		.loc 1 742 71 view .LVU543
 1440 010a 03F01C02 		and	r2, r3, #28
 742:Drivers/STM32WBxx_HAL_Driver/Src/stm32wbxx_hal_dma.c ****   }
 1441              		.loc 1 742 9 view .LVU544
 1442 010e 216C     		ldr	r1, [r4, #64]
 742:Drivers/STM32WBxx_HAL_Driver/Src/stm32wbxx_hal_dma.c ****   }
 1443              		.loc 1 742 48 view .LVU545
 1444 0110 0423     		movs	r3, #4
 1445 0112 9340     		lsls	r3, r3, r2
 742:Drivers/STM32WBxx_HAL_Driver/Src/stm32wbxx_hal_dma.c ****   }
 1446              		.loc 1 742 32 view .LVU546
 1447 0114 4B60     		str	r3, [r1, #4]
 745:Drivers/STM32WBxx_HAL_Driver/Src/stm32wbxx_hal_dma.c **** }
 1448              		.loc 1 745 10 view .LVU547
 1449 0116 0020     		movs	r0, #0
 1450 0118 7FE7     		b	.L73
 1451              		.cfi_endproc
 1452              	.LFE956:
 1454              		.section	.text.HAL_DMA_IRQHandler,"ax",%progbits
ARM GAS  /var/folders/98/ctz5mtps7w71v8dr53cf5qg40000gn/T//cc9xrYDe.s 			page 54


 1455              		.align	1
 1456              		.global	HAL_DMA_IRQHandler
 1457              		.syntax unified
 1458              		.thumb
 1459              		.thumb_func
 1461              	HAL_DMA_IRQHandler:
 1462              	.LVL75:
 1463              	.LFB957:
 755:Drivers/STM32WBxx_HAL_Driver/Src/stm32wbxx_hal_dma.c ****   uint32_t flag_it = hdma->DmaBaseAddress->ISR;
 1464              		.loc 1 755 1 is_stmt 1 view -0
 1465              		.cfi_startproc
 1466              		@ args = 0, pretend = 0, frame = 0
 1467              		@ frame_needed = 0, uses_anonymous_args = 0
 755:Drivers/STM32WBxx_HAL_Driver/Src/stm32wbxx_hal_dma.c ****   uint32_t flag_it = hdma->DmaBaseAddress->ISR;
 1468              		.loc 1 755 1 is_stmt 0 view .LVU549
 1469 0000 38B5     		push	{r3, r4, r5, lr}
 1470              	.LCFI11:
 1471              		.cfi_def_cfa_offset 16
 1472              		.cfi_offset 3, -16
 1473              		.cfi_offset 4, -12
 1474              		.cfi_offset 5, -8
 1475              		.cfi_offset 14, -4
 756:Drivers/STM32WBxx_HAL_Driver/Src/stm32wbxx_hal_dma.c ****   uint32_t source_it = hdma->Instance->CCR;
 1476              		.loc 1 756 3 is_stmt 1 view .LVU550
 756:Drivers/STM32WBxx_HAL_Driver/Src/stm32wbxx_hal_dma.c ****   uint32_t source_it = hdma->Instance->CCR;
 1477              		.loc 1 756 26 is_stmt 0 view .LVU551
 1478 0002 036C     		ldr	r3, [r0, #64]
 756:Drivers/STM32WBxx_HAL_Driver/Src/stm32wbxx_hal_dma.c ****   uint32_t source_it = hdma->Instance->CCR;
 1479              		.loc 1 756 12 view .LVU552
 1480 0004 1968     		ldr	r1, [r3]
 1481              	.LVL76:
 757:Drivers/STM32WBxx_HAL_Driver/Src/stm32wbxx_hal_dma.c **** 
 1482              		.loc 1 757 3 is_stmt 1 view .LVU553
 757:Drivers/STM32WBxx_HAL_Driver/Src/stm32wbxx_hal_dma.c **** 
 1483              		.loc 1 757 28 is_stmt 0 view .LVU554
 1484 0006 0468     		ldr	r4, [r0]
 757:Drivers/STM32WBxx_HAL_Driver/Src/stm32wbxx_hal_dma.c **** 
 1485              		.loc 1 757 12 view .LVU555
 1486 0008 2568     		ldr	r5, [r4]
 1487              	.LVL77:
 760:Drivers/STM32WBxx_HAL_Driver/Src/stm32wbxx_hal_dma.c ****   {
 1488              		.loc 1 760 3 is_stmt 1 view .LVU556
 760:Drivers/STM32WBxx_HAL_Driver/Src/stm32wbxx_hal_dma.c ****   {
 1489              		.loc 1 760 41 is_stmt 0 view .LVU557
 1490 000a 436C     		ldr	r3, [r0, #68]
 760:Drivers/STM32WBxx_HAL_Driver/Src/stm32wbxx_hal_dma.c ****   {
 1491              		.loc 1 760 56 view .LVU558
 1492 000c 03F01C03 		and	r3, r3, #28
 760:Drivers/STM32WBxx_HAL_Driver/Src/stm32wbxx_hal_dma.c ****   {
 1493              		.loc 1 760 33 view .LVU559
 1494 0010 0422     		movs	r2, #4
 1495 0012 9A40     		lsls	r2, r2, r3
 760:Drivers/STM32WBxx_HAL_Driver/Src/stm32wbxx_hal_dma.c ****   {
 1496              		.loc 1 760 6 view .LVU560
 1497 0014 0A42     		tst	r2, r1
 1498 0016 15D0     		beq	.L90
 760:Drivers/STM32WBxx_HAL_Driver/Src/stm32wbxx_hal_dma.c ****   {
ARM GAS  /var/folders/98/ctz5mtps7w71v8dr53cf5qg40000gn/T//cc9xrYDe.s 			page 55


 1499              		.loc 1 760 74 discriminator 1 view .LVU561
 1500 0018 15F0040F 		tst	r5, #4
 1501 001c 12D0     		beq	.L90
 763:Drivers/STM32WBxx_HAL_Driver/Src/stm32wbxx_hal_dma.c ****     {
 1502              		.loc 1 763 5 is_stmt 1 view .LVU562
 763:Drivers/STM32WBxx_HAL_Driver/Src/stm32wbxx_hal_dma.c ****     {
 1503              		.loc 1 763 24 is_stmt 0 view .LVU563
 1504 001e 2368     		ldr	r3, [r4]
 763:Drivers/STM32WBxx_HAL_Driver/Src/stm32wbxx_hal_dma.c ****     {
 1505              		.loc 1 763 8 view .LVU564
 1506 0020 13F0200F 		tst	r3, #32
 1507 0024 03D1     		bne	.L91
 766:Drivers/STM32WBxx_HAL_Driver/Src/stm32wbxx_hal_dma.c ****     }
 1508              		.loc 1 766 7 is_stmt 1 view .LVU565
 1509 0026 2368     		ldr	r3, [r4]
 1510 0028 23F00403 		bic	r3, r3, #4
 1511 002c 2360     		str	r3, [r4]
 1512              	.L91:
 769:Drivers/STM32WBxx_HAL_Driver/Src/stm32wbxx_hal_dma.c **** 
 1513              		.loc 1 769 5 view .LVU566
 769:Drivers/STM32WBxx_HAL_Driver/Src/stm32wbxx_hal_dma.c **** 
 1514              		.loc 1 769 57 is_stmt 0 view .LVU567
 1515 002e 436C     		ldr	r3, [r0, #68]
 769:Drivers/STM32WBxx_HAL_Driver/Src/stm32wbxx_hal_dma.c **** 
 1516              		.loc 1 769 72 view .LVU568
 1517 0030 03F01C02 		and	r2, r3, #28
 769:Drivers/STM32WBxx_HAL_Driver/Src/stm32wbxx_hal_dma.c **** 
 1518              		.loc 1 769 9 view .LVU569
 1519 0034 016C     		ldr	r1, [r0, #64]
 1520              	.LVL78:
 769:Drivers/STM32WBxx_HAL_Driver/Src/stm32wbxx_hal_dma.c **** 
 1521              		.loc 1 769 49 view .LVU570
 1522 0036 0423     		movs	r3, #4
 1523 0038 9340     		lsls	r3, r3, r2
 769:Drivers/STM32WBxx_HAL_Driver/Src/stm32wbxx_hal_dma.c **** 
 1524              		.loc 1 769 32 view .LVU571
 1525 003a 4B60     		str	r3, [r1, #4]
 774:Drivers/STM32WBxx_HAL_Driver/Src/stm32wbxx_hal_dma.c ****     {
 1526              		.loc 1 774 5 is_stmt 1 view .LVU572
 774:Drivers/STM32WBxx_HAL_Driver/Src/stm32wbxx_hal_dma.c ****     {
 1527              		.loc 1 774 13 is_stmt 0 view .LVU573
 1528 003c 036B     		ldr	r3, [r0, #48]
 774:Drivers/STM32WBxx_HAL_Driver/Src/stm32wbxx_hal_dma.c ****     {
 1529              		.loc 1 774 8 view .LVU574
 1530 003e 03B1     		cbz	r3, .L89
 777:Drivers/STM32WBxx_HAL_Driver/Src/stm32wbxx_hal_dma.c ****     }
 1531              		.loc 1 777 7 is_stmt 1 view .LVU575
 1532 0040 9847     		blx	r3
 1533              	.LVL79:
 1534              	.L89:
 836:Drivers/STM32WBxx_HAL_Driver/Src/stm32wbxx_hal_dma.c **** 
 1535              		.loc 1 836 1 is_stmt 0 view .LVU576
 1536 0042 38BD     		pop	{r3, r4, r5, pc}
 1537              	.LVL80:
 1538              	.L90:
 782:Drivers/STM32WBxx_HAL_Driver/Src/stm32wbxx_hal_dma.c ****   {
 1539              		.loc 1 782 8 is_stmt 1 view .LVU577
ARM GAS  /var/folders/98/ctz5mtps7w71v8dr53cf5qg40000gn/T//cc9xrYDe.s 			page 56


 782:Drivers/STM32WBxx_HAL_Driver/Src/stm32wbxx_hal_dma.c ****   {
 1540              		.loc 1 782 38 is_stmt 0 view .LVU578
 1541 0044 0222     		movs	r2, #2
 1542 0046 9A40     		lsls	r2, r2, r3
 782:Drivers/STM32WBxx_HAL_Driver/Src/stm32wbxx_hal_dma.c ****   {
 1543              		.loc 1 782 11 view .LVU579
 1544 0048 0A42     		tst	r2, r1
 1545 004a 1CD0     		beq	.L93
 782:Drivers/STM32WBxx_HAL_Driver/Src/stm32wbxx_hal_dma.c ****   {
 1546              		.loc 1 782 79 discriminator 1 view .LVU580
 1547 004c 15F0020F 		tst	r5, #2
 1548 0050 19D0     		beq	.L93
 784:Drivers/STM32WBxx_HAL_Driver/Src/stm32wbxx_hal_dma.c ****     {
 1549              		.loc 1 784 5 is_stmt 1 view .LVU581
 784:Drivers/STM32WBxx_HAL_Driver/Src/stm32wbxx_hal_dma.c ****     {
 1550              		.loc 1 784 24 is_stmt 0 view .LVU582
 1551 0052 2368     		ldr	r3, [r4]
 784:Drivers/STM32WBxx_HAL_Driver/Src/stm32wbxx_hal_dma.c ****     {
 1552              		.loc 1 784 8 view .LVU583
 1553 0054 13F0200F 		tst	r3, #32
 1554 0058 06D1     		bne	.L94
 787:Drivers/STM32WBxx_HAL_Driver/Src/stm32wbxx_hal_dma.c **** 
 1555              		.loc 1 787 7 is_stmt 1 view .LVU584
 1556 005a 2368     		ldr	r3, [r4]
 1557 005c 23F00A03 		bic	r3, r3, #10
 1558 0060 2360     		str	r3, [r4]
 790:Drivers/STM32WBxx_HAL_Driver/Src/stm32wbxx_hal_dma.c ****     }
 1559              		.loc 1 790 7 view .LVU585
 790:Drivers/STM32WBxx_HAL_Driver/Src/stm32wbxx_hal_dma.c ****     }
 1560              		.loc 1 790 19 is_stmt 0 view .LVU586
 1561 0062 0123     		movs	r3, #1
 1562 0064 80F82530 		strb	r3, [r0, #37]
 1563              	.L94:
 793:Drivers/STM32WBxx_HAL_Driver/Src/stm32wbxx_hal_dma.c **** 
 1564              		.loc 1 793 5 is_stmt 1 view .LVU587
 793:Drivers/STM32WBxx_HAL_Driver/Src/stm32wbxx_hal_dma.c **** 
 1565              		.loc 1 793 57 is_stmt 0 view .LVU588
 1566 0068 436C     		ldr	r3, [r0, #68]
 793:Drivers/STM32WBxx_HAL_Driver/Src/stm32wbxx_hal_dma.c **** 
 1567              		.loc 1 793 72 view .LVU589
 1568 006a 03F01C02 		and	r2, r3, #28
 793:Drivers/STM32WBxx_HAL_Driver/Src/stm32wbxx_hal_dma.c **** 
 1569              		.loc 1 793 9 view .LVU590
 1570 006e 016C     		ldr	r1, [r0, #64]
 1571              	.LVL81:
 793:Drivers/STM32WBxx_HAL_Driver/Src/stm32wbxx_hal_dma.c **** 
 1572              		.loc 1 793 49 view .LVU591
 1573 0070 0223     		movs	r3, #2
 1574 0072 9340     		lsls	r3, r3, r2
 793:Drivers/STM32WBxx_HAL_Driver/Src/stm32wbxx_hal_dma.c **** 
 1575              		.loc 1 793 32 view .LVU592
 1576 0074 4B60     		str	r3, [r1, #4]
 796:Drivers/STM32WBxx_HAL_Driver/Src/stm32wbxx_hal_dma.c **** 
 1577              		.loc 1 796 5 is_stmt 1 view .LVU593
 796:Drivers/STM32WBxx_HAL_Driver/Src/stm32wbxx_hal_dma.c **** 
 1578              		.loc 1 796 5 view .LVU594
 1579 0076 0023     		movs	r3, #0
ARM GAS  /var/folders/98/ctz5mtps7w71v8dr53cf5qg40000gn/T//cc9xrYDe.s 			page 57


 1580 0078 80F82430 		strb	r3, [r0, #36]
 796:Drivers/STM32WBxx_HAL_Driver/Src/stm32wbxx_hal_dma.c **** 
 1581              		.loc 1 796 5 view .LVU595
 798:Drivers/STM32WBxx_HAL_Driver/Src/stm32wbxx_hal_dma.c ****     {
 1582              		.loc 1 798 5 view .LVU596
 798:Drivers/STM32WBxx_HAL_Driver/Src/stm32wbxx_hal_dma.c ****     {
 1583              		.loc 1 798 13 is_stmt 0 view .LVU597
 1584 007c C36A     		ldr	r3, [r0, #44]
 798:Drivers/STM32WBxx_HAL_Driver/Src/stm32wbxx_hal_dma.c ****     {
 1585              		.loc 1 798 8 view .LVU598
 1586 007e 002B     		cmp	r3, #0
 1587 0080 DFD0     		beq	.L89
 801:Drivers/STM32WBxx_HAL_Driver/Src/stm32wbxx_hal_dma.c ****     }
 1588              		.loc 1 801 7 is_stmt 1 view .LVU599
 1589 0082 9847     		blx	r3
 1590              	.LVL82:
 801:Drivers/STM32WBxx_HAL_Driver/Src/stm32wbxx_hal_dma.c ****     }
 1591              		.loc 1 801 7 is_stmt 0 view .LVU600
 1592 0084 DDE7     		b	.L89
 1593              	.LVL83:
 1594              	.L93:
 806:Drivers/STM32WBxx_HAL_Driver/Src/stm32wbxx_hal_dma.c ****   {
 1595              		.loc 1 806 8 is_stmt 1 view .LVU601
 806:Drivers/STM32WBxx_HAL_Driver/Src/stm32wbxx_hal_dma.c ****   {
 1596              		.loc 1 806 38 is_stmt 0 view .LVU602
 1597 0086 0822     		movs	r2, #8
 1598 0088 02FA03F3 		lsl	r3, r2, r3
 806:Drivers/STM32WBxx_HAL_Driver/Src/stm32wbxx_hal_dma.c ****   {
 1599              		.loc 1 806 11 view .LVU603
 1600 008c 0B42     		tst	r3, r1
 1601 008e D8D0     		beq	.L89
 806:Drivers/STM32WBxx_HAL_Driver/Src/stm32wbxx_hal_dma.c ****   {
 1602              		.loc 1 806 79 discriminator 1 view .LVU604
 1603 0090 15F0080F 		tst	r5, #8
 1604 0094 D5D0     		beq	.L89
 811:Drivers/STM32WBxx_HAL_Driver/Src/stm32wbxx_hal_dma.c **** 
 1605              		.loc 1 811 5 is_stmt 1 view .LVU605
 1606 0096 2368     		ldr	r3, [r4]
 1607 0098 23F00E03 		bic	r3, r3, #14
 1608 009c 2360     		str	r3, [r4]
 814:Drivers/STM32WBxx_HAL_Driver/Src/stm32wbxx_hal_dma.c **** 
 1609              		.loc 1 814 5 view .LVU606
 814:Drivers/STM32WBxx_HAL_Driver/Src/stm32wbxx_hal_dma.c **** 
 1610              		.loc 1 814 56 is_stmt 0 view .LVU607
 1611 009e 436C     		ldr	r3, [r0, #68]
 814:Drivers/STM32WBxx_HAL_Driver/Src/stm32wbxx_hal_dma.c **** 
 1612              		.loc 1 814 71 view .LVU608
 1613 00a0 03F01C03 		and	r3, r3, #28
 814:Drivers/STM32WBxx_HAL_Driver/Src/stm32wbxx_hal_dma.c **** 
 1614              		.loc 1 814 9 view .LVU609
 1615 00a4 016C     		ldr	r1, [r0, #64]
 1616              	.LVL84:
 814:Drivers/STM32WBxx_HAL_Driver/Src/stm32wbxx_hal_dma.c **** 
 1617              		.loc 1 814 48 view .LVU610
 1618 00a6 0122     		movs	r2, #1
 1619 00a8 02FA03F3 		lsl	r3, r2, r3
 814:Drivers/STM32WBxx_HAL_Driver/Src/stm32wbxx_hal_dma.c **** 
ARM GAS  /var/folders/98/ctz5mtps7w71v8dr53cf5qg40000gn/T//cc9xrYDe.s 			page 58


 1620              		.loc 1 814 32 view .LVU611
 1621 00ac 4B60     		str	r3, [r1, #4]
 817:Drivers/STM32WBxx_HAL_Driver/Src/stm32wbxx_hal_dma.c **** 
 1622              		.loc 1 817 5 is_stmt 1 view .LVU612
 817:Drivers/STM32WBxx_HAL_Driver/Src/stm32wbxx_hal_dma.c **** 
 1623              		.loc 1 817 21 is_stmt 0 view .LVU613
 1624 00ae C263     		str	r2, [r0, #60]
 820:Drivers/STM32WBxx_HAL_Driver/Src/stm32wbxx_hal_dma.c **** 
 1625              		.loc 1 820 5 is_stmt 1 view .LVU614
 820:Drivers/STM32WBxx_HAL_Driver/Src/stm32wbxx_hal_dma.c **** 
 1626              		.loc 1 820 17 is_stmt 0 view .LVU615
 1627 00b0 80F82520 		strb	r2, [r0, #37]
 823:Drivers/STM32WBxx_HAL_Driver/Src/stm32wbxx_hal_dma.c **** 
 1628              		.loc 1 823 5 is_stmt 1 view .LVU616
 823:Drivers/STM32WBxx_HAL_Driver/Src/stm32wbxx_hal_dma.c **** 
 1629              		.loc 1 823 5 view .LVU617
 1630 00b4 0023     		movs	r3, #0
 1631 00b6 80F82430 		strb	r3, [r0, #36]
 823:Drivers/STM32WBxx_HAL_Driver/Src/stm32wbxx_hal_dma.c **** 
 1632              		.loc 1 823 5 view .LVU618
 825:Drivers/STM32WBxx_HAL_Driver/Src/stm32wbxx_hal_dma.c ****     {
 1633              		.loc 1 825 5 view .LVU619
 825:Drivers/STM32WBxx_HAL_Driver/Src/stm32wbxx_hal_dma.c ****     {
 1634              		.loc 1 825 13 is_stmt 0 view .LVU620
 1635 00ba 436B     		ldr	r3, [r0, #52]
 825:Drivers/STM32WBxx_HAL_Driver/Src/stm32wbxx_hal_dma.c ****     {
 1636              		.loc 1 825 8 view .LVU621
 1637 00bc 002B     		cmp	r3, #0
 1638 00be C0D0     		beq	.L89
 828:Drivers/STM32WBxx_HAL_Driver/Src/stm32wbxx_hal_dma.c ****     }
 1639              		.loc 1 828 7 is_stmt 1 view .LVU622
 1640 00c0 9847     		blx	r3
 1641              	.LVL85:
 834:Drivers/STM32WBxx_HAL_Driver/Src/stm32wbxx_hal_dma.c ****   return;
 1642              		.loc 1 834 3 view .LVU623
 835:Drivers/STM32WBxx_HAL_Driver/Src/stm32wbxx_hal_dma.c **** }
 1643              		.loc 1 835 3 view .LVU624
 1644 00c2 BEE7     		b	.L89
 1645              		.cfi_endproc
 1646              	.LFE957:
 1648              		.section	.text.HAL_DMA_RegisterCallback,"ax",%progbits
 1649              		.align	1
 1650              		.global	HAL_DMA_RegisterCallback
 1651              		.syntax unified
 1652              		.thumb
 1653              		.thumb_func
 1655              	HAL_DMA_RegisterCallback:
 1656              	.LVL86:
 1657              	.LFB958:
 849:Drivers/STM32WBxx_HAL_Driver/Src/stm32wbxx_hal_dma.c ****   HAL_StatusTypeDef status = HAL_OK;
 1658              		.loc 1 849 1 view -0
 1659              		.cfi_startproc
 1660              		@ args = 0, pretend = 0, frame = 0
 1661              		@ frame_needed = 0, uses_anonymous_args = 0
 1662              		@ link register save eliminated.
 849:Drivers/STM32WBxx_HAL_Driver/Src/stm32wbxx_hal_dma.c ****   HAL_StatusTypeDef status = HAL_OK;
 1663              		.loc 1 849 1 is_stmt 0 view .LVU626
ARM GAS  /var/folders/98/ctz5mtps7w71v8dr53cf5qg40000gn/T//cc9xrYDe.s 			page 59


 1664 0000 0346     		mov	r3, r0
 850:Drivers/STM32WBxx_HAL_Driver/Src/stm32wbxx_hal_dma.c **** 
 1665              		.loc 1 850 3 is_stmt 1 view .LVU627
 1666              	.LVL87:
 853:Drivers/STM32WBxx_HAL_Driver/Src/stm32wbxx_hal_dma.c **** 
 1667              		.loc 1 853 3 view .LVU628
 853:Drivers/STM32WBxx_HAL_Driver/Src/stm32wbxx_hal_dma.c **** 
 1668              		.loc 1 853 3 view .LVU629
 1669 0002 90F82400 		ldrb	r0, [r0, #36]	@ zero_extendqisi2
 1670              	.LVL88:
 853:Drivers/STM32WBxx_HAL_Driver/Src/stm32wbxx_hal_dma.c **** 
 1671              		.loc 1 853 3 is_stmt 0 view .LVU630
 1672 0006 0128     		cmp	r0, #1
 1673 0008 20D0     		beq	.L104
 853:Drivers/STM32WBxx_HAL_Driver/Src/stm32wbxx_hal_dma.c **** 
 1674              		.loc 1 853 3 is_stmt 1 discriminator 2 view .LVU631
 1675 000a 0120     		movs	r0, #1
 1676 000c 83F82400 		strb	r0, [r3, #36]
 853:Drivers/STM32WBxx_HAL_Driver/Src/stm32wbxx_hal_dma.c **** 
 1677              		.loc 1 853 3 view .LVU632
 855:Drivers/STM32WBxx_HAL_Driver/Src/stm32wbxx_hal_dma.c ****   {
 1678              		.loc 1 855 3 view .LVU633
 855:Drivers/STM32WBxx_HAL_Driver/Src/stm32wbxx_hal_dma.c ****   {
 1679              		.loc 1 855 34 is_stmt 0 view .LVU634
 1680 0010 93F825C0 		ldrb	ip, [r3, #37]	@ zero_extendqisi2
 1681 0014 5FFA8CF0 		uxtb	r0, ip
 855:Drivers/STM32WBxx_HAL_Driver/Src/stm32wbxx_hal_dma.c ****   {
 1682              		.loc 1 855 6 view .LVU635
 1683 0018 BCF1010F 		cmp	ip, #1
 1684 001c 04D0     		beq	.L107
 882:Drivers/STM32WBxx_HAL_Driver/Src/stm32wbxx_hal_dma.c ****   }
 1685              		.loc 1 882 12 view .LVU636
 1686 001e 0120     		movs	r0, #1
 1687              	.L98:
 1688              	.LVL89:
 886:Drivers/STM32WBxx_HAL_Driver/Src/stm32wbxx_hal_dma.c **** 
 1689              		.loc 1 886 3 is_stmt 1 view .LVU637
 886:Drivers/STM32WBxx_HAL_Driver/Src/stm32wbxx_hal_dma.c **** 
 1690              		.loc 1 886 3 view .LVU638
 1691 0020 0022     		movs	r2, #0
 1692              	.LVL90:
 886:Drivers/STM32WBxx_HAL_Driver/Src/stm32wbxx_hal_dma.c **** 
 1693              		.loc 1 886 3 is_stmt 0 view .LVU639
 1694 0022 83F82420 		strb	r2, [r3, #36]
 886:Drivers/STM32WBxx_HAL_Driver/Src/stm32wbxx_hal_dma.c **** 
 1695              		.loc 1 886 3 is_stmt 1 view .LVU640
 888:Drivers/STM32WBxx_HAL_Driver/Src/stm32wbxx_hal_dma.c **** }
 1696              		.loc 1 888 3 view .LVU641
 888:Drivers/STM32WBxx_HAL_Driver/Src/stm32wbxx_hal_dma.c **** }
 1697              		.loc 1 888 10 is_stmt 0 view .LVU642
 1698 0026 7047     		bx	lr
 1699              	.LVL91:
 1700              	.L107:
 857:Drivers/STM32WBxx_HAL_Driver/Src/stm32wbxx_hal_dma.c ****     {
 1701              		.loc 1 857 5 is_stmt 1 view .LVU643
 1702 0028 0329     		cmp	r1, #3
 1703 002a F9D8     		bhi	.L98
ARM GAS  /var/folders/98/ctz5mtps7w71v8dr53cf5qg40000gn/T//cc9xrYDe.s 			page 60


 1704 002c DFE801F0 		tbb	[pc, r1]
 1705              	.L100:
 1706 0030 02       		.byte	(.L103-.L100)/2
 1707 0031 05       		.byte	(.L102-.L100)/2
 1708 0032 08       		.byte	(.L101-.L100)/2
 1709 0033 0B       		.byte	(.L99-.L100)/2
 1710              		.p2align 1
 1711              	.L103:
 860:Drivers/STM32WBxx_HAL_Driver/Src/stm32wbxx_hal_dma.c ****         break;
 1712              		.loc 1 860 9 view .LVU644
 860:Drivers/STM32WBxx_HAL_Driver/Src/stm32wbxx_hal_dma.c ****         break;
 1713              		.loc 1 860 32 is_stmt 0 view .LVU645
 1714 0034 DA62     		str	r2, [r3, #44]
 861:Drivers/STM32WBxx_HAL_Driver/Src/stm32wbxx_hal_dma.c **** 
 1715              		.loc 1 861 9 is_stmt 1 view .LVU646
 850:Drivers/STM32WBxx_HAL_Driver/Src/stm32wbxx_hal_dma.c **** 
 1716              		.loc 1 850 21 is_stmt 0 view .LVU647
 1717 0036 0846     		mov	r0, r1
 861:Drivers/STM32WBxx_HAL_Driver/Src/stm32wbxx_hal_dma.c **** 
 1718              		.loc 1 861 9 view .LVU648
 1719 0038 F2E7     		b	.L98
 1720              	.L102:
 864:Drivers/STM32WBxx_HAL_Driver/Src/stm32wbxx_hal_dma.c ****         break;
 1721              		.loc 1 864 9 is_stmt 1 view .LVU649
 864:Drivers/STM32WBxx_HAL_Driver/Src/stm32wbxx_hal_dma.c ****         break;
 1722              		.loc 1 864 36 is_stmt 0 view .LVU650
 1723 003a 1A63     		str	r2, [r3, #48]
 865:Drivers/STM32WBxx_HAL_Driver/Src/stm32wbxx_hal_dma.c **** 
 1724              		.loc 1 865 9 is_stmt 1 view .LVU651
 850:Drivers/STM32WBxx_HAL_Driver/Src/stm32wbxx_hal_dma.c **** 
 1725              		.loc 1 850 21 is_stmt 0 view .LVU652
 1726 003c 0020     		movs	r0, #0
 865:Drivers/STM32WBxx_HAL_Driver/Src/stm32wbxx_hal_dma.c **** 
 1727              		.loc 1 865 9 view .LVU653
 1728 003e EFE7     		b	.L98
 1729              	.L101:
 868:Drivers/STM32WBxx_HAL_Driver/Src/stm32wbxx_hal_dma.c ****         break;
 1730              		.loc 1 868 9 is_stmt 1 view .LVU654
 868:Drivers/STM32WBxx_HAL_Driver/Src/stm32wbxx_hal_dma.c ****         break;
 1731              		.loc 1 868 33 is_stmt 0 view .LVU655
 1732 0040 5A63     		str	r2, [r3, #52]
 869:Drivers/STM32WBxx_HAL_Driver/Src/stm32wbxx_hal_dma.c **** 
 1733              		.loc 1 869 9 is_stmt 1 view .LVU656
 850:Drivers/STM32WBxx_HAL_Driver/Src/stm32wbxx_hal_dma.c **** 
 1734              		.loc 1 850 21 is_stmt 0 view .LVU657
 1735 0042 0020     		movs	r0, #0
 869:Drivers/STM32WBxx_HAL_Driver/Src/stm32wbxx_hal_dma.c **** 
 1736              		.loc 1 869 9 view .LVU658
 1737 0044 ECE7     		b	.L98
 1738              	.L99:
 872:Drivers/STM32WBxx_HAL_Driver/Src/stm32wbxx_hal_dma.c ****         break;
 1739              		.loc 1 872 9 is_stmt 1 view .LVU659
 872:Drivers/STM32WBxx_HAL_Driver/Src/stm32wbxx_hal_dma.c ****         break;
 1740              		.loc 1 872 33 is_stmt 0 view .LVU660
 1741 0046 9A63     		str	r2, [r3, #56]
 873:Drivers/STM32WBxx_HAL_Driver/Src/stm32wbxx_hal_dma.c **** 
 1742              		.loc 1 873 9 is_stmt 1 view .LVU661
ARM GAS  /var/folders/98/ctz5mtps7w71v8dr53cf5qg40000gn/T//cc9xrYDe.s 			page 61


 850:Drivers/STM32WBxx_HAL_Driver/Src/stm32wbxx_hal_dma.c **** 
 1743              		.loc 1 850 21 is_stmt 0 view .LVU662
 1744 0048 0020     		movs	r0, #0
 873:Drivers/STM32WBxx_HAL_Driver/Src/stm32wbxx_hal_dma.c **** 
 1745              		.loc 1 873 9 view .LVU663
 1746 004a E9E7     		b	.L98
 1747              	.L104:
 853:Drivers/STM32WBxx_HAL_Driver/Src/stm32wbxx_hal_dma.c **** 
 1748              		.loc 1 853 3 discriminator 1 view .LVU664
 1749 004c 0220     		movs	r0, #2
 889:Drivers/STM32WBxx_HAL_Driver/Src/stm32wbxx_hal_dma.c **** 
 1750              		.loc 1 889 1 view .LVU665
 1751 004e 7047     		bx	lr
 1752              		.cfi_endproc
 1753              	.LFE958:
 1755              		.section	.text.HAL_DMA_UnRegisterCallback,"ax",%progbits
 1756              		.align	1
 1757              		.global	HAL_DMA_UnRegisterCallback
 1758              		.syntax unified
 1759              		.thumb
 1760              		.thumb_func
 1762              	HAL_DMA_UnRegisterCallback:
 1763              	.LVL92:
 1764              	.LFB959:
 900:Drivers/STM32WBxx_HAL_Driver/Src/stm32wbxx_hal_dma.c ****   HAL_StatusTypeDef status = HAL_OK;
 1765              		.loc 1 900 1 is_stmt 1 view -0
 1766              		.cfi_startproc
 1767              		@ args = 0, pretend = 0, frame = 0
 1768              		@ frame_needed = 0, uses_anonymous_args = 0
 1769              		@ link register save eliminated.
 900:Drivers/STM32WBxx_HAL_Driver/Src/stm32wbxx_hal_dma.c ****   HAL_StatusTypeDef status = HAL_OK;
 1770              		.loc 1 900 1 is_stmt 0 view .LVU667
 1771 0000 0346     		mov	r3, r0
 901:Drivers/STM32WBxx_HAL_Driver/Src/stm32wbxx_hal_dma.c **** 
 1772              		.loc 1 901 3 is_stmt 1 view .LVU668
 1773              	.LVL93:
 904:Drivers/STM32WBxx_HAL_Driver/Src/stm32wbxx_hal_dma.c **** 
 1774              		.loc 1 904 3 view .LVU669
 904:Drivers/STM32WBxx_HAL_Driver/Src/stm32wbxx_hal_dma.c **** 
 1775              		.loc 1 904 3 view .LVU670
 1776 0002 90F82420 		ldrb	r2, [r0, #36]	@ zero_extendqisi2
 1777 0006 012A     		cmp	r2, #1
 1778 0008 26D0     		beq	.L117
 904:Drivers/STM32WBxx_HAL_Driver/Src/stm32wbxx_hal_dma.c **** 
 1779              		.loc 1 904 3 discriminator 2 view .LVU671
 1780 000a 0122     		movs	r2, #1
 1781 000c 80F82420 		strb	r2, [r0, #36]
 904:Drivers/STM32WBxx_HAL_Driver/Src/stm32wbxx_hal_dma.c **** 
 1782              		.loc 1 904 3 view .LVU672
 906:Drivers/STM32WBxx_HAL_Driver/Src/stm32wbxx_hal_dma.c ****   {
 1783              		.loc 1 906 3 view .LVU673
 906:Drivers/STM32WBxx_HAL_Driver/Src/stm32wbxx_hal_dma.c ****   {
 1784              		.loc 1 906 34 is_stmt 0 view .LVU674
 1785 0010 90F82520 		ldrb	r2, [r0, #37]	@ zero_extendqisi2
 1786 0014 D0B2     		uxtb	r0, r2
 1787              	.LVL94:
 906:Drivers/STM32WBxx_HAL_Driver/Src/stm32wbxx_hal_dma.c ****   {
ARM GAS  /var/folders/98/ctz5mtps7w71v8dr53cf5qg40000gn/T//cc9xrYDe.s 			page 62


 1788              		.loc 1 906 6 view .LVU675
 1789 0016 012A     		cmp	r2, #1
 1790 0018 04D0     		beq	.L120
 940:Drivers/STM32WBxx_HAL_Driver/Src/stm32wbxx_hal_dma.c ****   }
 1791              		.loc 1 940 12 view .LVU676
 1792 001a 0120     		movs	r0, #1
 1793              	.L110:
 1794              	.LVL95:
 944:Drivers/STM32WBxx_HAL_Driver/Src/stm32wbxx_hal_dma.c **** 
 1795              		.loc 1 944 3 is_stmt 1 view .LVU677
 944:Drivers/STM32WBxx_HAL_Driver/Src/stm32wbxx_hal_dma.c **** 
 1796              		.loc 1 944 3 view .LVU678
 1797 001c 0022     		movs	r2, #0
 1798 001e 83F82420 		strb	r2, [r3, #36]
 944:Drivers/STM32WBxx_HAL_Driver/Src/stm32wbxx_hal_dma.c **** 
 1799              		.loc 1 944 3 view .LVU679
 946:Drivers/STM32WBxx_HAL_Driver/Src/stm32wbxx_hal_dma.c **** }
 1800              		.loc 1 946 3 view .LVU680
 946:Drivers/STM32WBxx_HAL_Driver/Src/stm32wbxx_hal_dma.c **** }
 1801              		.loc 1 946 10 is_stmt 0 view .LVU681
 1802 0022 7047     		bx	lr
 1803              	.LVL96:
 1804              	.L120:
 908:Drivers/STM32WBxx_HAL_Driver/Src/stm32wbxx_hal_dma.c ****     {
 1805              		.loc 1 908 5 is_stmt 1 view .LVU682
 1806 0024 0429     		cmp	r1, #4
 1807 0026 F9D8     		bhi	.L110
 1808 0028 DFE801F0 		tbb	[pc, r1]
 1809              	.L112:
 1810 002c 03       		.byte	(.L116-.L112)/2
 1811 002d 07       		.byte	(.L115-.L112)/2
 1812 002e 0A       		.byte	(.L114-.L112)/2
 1813 002f 0D       		.byte	(.L113-.L112)/2
 1814 0030 10       		.byte	(.L111-.L112)/2
 1815 0031 00       		.p2align 1
 1816              	.L116:
 911:Drivers/STM32WBxx_HAL_Driver/Src/stm32wbxx_hal_dma.c ****         break;
 1817              		.loc 1 911 9 view .LVU683
 911:Drivers/STM32WBxx_HAL_Driver/Src/stm32wbxx_hal_dma.c ****         break;
 1818              		.loc 1 911 32 is_stmt 0 view .LVU684
 1819 0032 0022     		movs	r2, #0
 1820 0034 DA62     		str	r2, [r3, #44]
 912:Drivers/STM32WBxx_HAL_Driver/Src/stm32wbxx_hal_dma.c **** 
 1821              		.loc 1 912 9 is_stmt 1 view .LVU685
 901:Drivers/STM32WBxx_HAL_Driver/Src/stm32wbxx_hal_dma.c **** 
 1822              		.loc 1 901 21 is_stmt 0 view .LVU686
 1823 0036 0846     		mov	r0, r1
 912:Drivers/STM32WBxx_HAL_Driver/Src/stm32wbxx_hal_dma.c **** 
 1824              		.loc 1 912 9 view .LVU687
 1825 0038 F0E7     		b	.L110
 1826              	.L115:
 915:Drivers/STM32WBxx_HAL_Driver/Src/stm32wbxx_hal_dma.c ****         break;
 1827              		.loc 1 915 9 is_stmt 1 view .LVU688
 915:Drivers/STM32WBxx_HAL_Driver/Src/stm32wbxx_hal_dma.c ****         break;
 1828              		.loc 1 915 36 is_stmt 0 view .LVU689
 1829 003a 0020     		movs	r0, #0
 1830 003c 1863     		str	r0, [r3, #48]
ARM GAS  /var/folders/98/ctz5mtps7w71v8dr53cf5qg40000gn/T//cc9xrYDe.s 			page 63


 916:Drivers/STM32WBxx_HAL_Driver/Src/stm32wbxx_hal_dma.c **** 
 1831              		.loc 1 916 9 is_stmt 1 view .LVU690
 1832 003e EDE7     		b	.L110
 1833              	.L114:
 919:Drivers/STM32WBxx_HAL_Driver/Src/stm32wbxx_hal_dma.c ****         break;
 1834              		.loc 1 919 9 view .LVU691
 919:Drivers/STM32WBxx_HAL_Driver/Src/stm32wbxx_hal_dma.c ****         break;
 1835              		.loc 1 919 33 is_stmt 0 view .LVU692
 1836 0040 0020     		movs	r0, #0
 1837 0042 5863     		str	r0, [r3, #52]
 920:Drivers/STM32WBxx_HAL_Driver/Src/stm32wbxx_hal_dma.c **** 
 1838              		.loc 1 920 9 is_stmt 1 view .LVU693
 1839 0044 EAE7     		b	.L110
 1840              	.L113:
 923:Drivers/STM32WBxx_HAL_Driver/Src/stm32wbxx_hal_dma.c ****         break;
 1841              		.loc 1 923 9 view .LVU694
 923:Drivers/STM32WBxx_HAL_Driver/Src/stm32wbxx_hal_dma.c ****         break;
 1842              		.loc 1 923 33 is_stmt 0 view .LVU695
 1843 0046 0020     		movs	r0, #0
 1844 0048 9863     		str	r0, [r3, #56]
 924:Drivers/STM32WBxx_HAL_Driver/Src/stm32wbxx_hal_dma.c **** 
 1845              		.loc 1 924 9 is_stmt 1 view .LVU696
 1846 004a E7E7     		b	.L110
 1847              	.L111:
 927:Drivers/STM32WBxx_HAL_Driver/Src/stm32wbxx_hal_dma.c ****         hdma->XferHalfCpltCallback = NULL;
 1848              		.loc 1 927 9 view .LVU697
 927:Drivers/STM32WBxx_HAL_Driver/Src/stm32wbxx_hal_dma.c ****         hdma->XferHalfCpltCallback = NULL;
 1849              		.loc 1 927 32 is_stmt 0 view .LVU698
 1850 004c 0020     		movs	r0, #0
 1851 004e D862     		str	r0, [r3, #44]
 928:Drivers/STM32WBxx_HAL_Driver/Src/stm32wbxx_hal_dma.c ****         hdma->XferErrorCallback = NULL;
 1852              		.loc 1 928 9 is_stmt 1 view .LVU699
 928:Drivers/STM32WBxx_HAL_Driver/Src/stm32wbxx_hal_dma.c ****         hdma->XferErrorCallback = NULL;
 1853              		.loc 1 928 36 is_stmt 0 view .LVU700
 1854 0050 1863     		str	r0, [r3, #48]
 929:Drivers/STM32WBxx_HAL_Driver/Src/stm32wbxx_hal_dma.c ****         hdma->XferAbortCallback = NULL;
 1855              		.loc 1 929 9 is_stmt 1 view .LVU701
 929:Drivers/STM32WBxx_HAL_Driver/Src/stm32wbxx_hal_dma.c ****         hdma->XferAbortCallback = NULL;
 1856              		.loc 1 929 33 is_stmt 0 view .LVU702
 1857 0052 5863     		str	r0, [r3, #52]
 930:Drivers/STM32WBxx_HAL_Driver/Src/stm32wbxx_hal_dma.c ****         break;
 1858              		.loc 1 930 9 is_stmt 1 view .LVU703
 930:Drivers/STM32WBxx_HAL_Driver/Src/stm32wbxx_hal_dma.c ****         break;
 1859              		.loc 1 930 33 is_stmt 0 view .LVU704
 1860 0054 9863     		str	r0, [r3, #56]
 931:Drivers/STM32WBxx_HAL_Driver/Src/stm32wbxx_hal_dma.c **** 
 1861              		.loc 1 931 9 is_stmt 1 view .LVU705
 1862 0056 E1E7     		b	.L110
 1863              	.LVL97:
 1864              	.L117:
 904:Drivers/STM32WBxx_HAL_Driver/Src/stm32wbxx_hal_dma.c **** 
 1865              		.loc 1 904 3 is_stmt 0 discriminator 1 view .LVU706
 1866 0058 0220     		movs	r0, #2
 1867              	.LVL98:
 947:Drivers/STM32WBxx_HAL_Driver/Src/stm32wbxx_hal_dma.c **** 
 1868              		.loc 1 947 1 view .LVU707
 1869 005a 7047     		bx	lr
ARM GAS  /var/folders/98/ctz5mtps7w71v8dr53cf5qg40000gn/T//cc9xrYDe.s 			page 64


 1870              		.cfi_endproc
 1871              	.LFE959:
 1873              		.section	.text.HAL_DMA_GetState,"ax",%progbits
 1874              		.align	1
 1875              		.global	HAL_DMA_GetState
 1876              		.syntax unified
 1877              		.thumb
 1878              		.thumb_func
 1880              	HAL_DMA_GetState:
 1881              	.LVL99:
 1882              	.LFB960:
 978:Drivers/STM32WBxx_HAL_Driver/Src/stm32wbxx_hal_dma.c ****   /* Return DMA handle state */
 1883              		.loc 1 978 1 is_stmt 1 view -0
 1884              		.cfi_startproc
 1885              		@ args = 0, pretend = 0, frame = 0
 1886              		@ frame_needed = 0, uses_anonymous_args = 0
 1887              		@ link register save eliminated.
 980:Drivers/STM32WBxx_HAL_Driver/Src/stm32wbxx_hal_dma.c **** }
 1888              		.loc 1 980 3 view .LVU709
 980:Drivers/STM32WBxx_HAL_Driver/Src/stm32wbxx_hal_dma.c **** }
 1889              		.loc 1 980 14 is_stmt 0 view .LVU710
 1890 0000 90F82500 		ldrb	r0, [r0, #37]	@ zero_extendqisi2
 1891              	.LVL100:
 981:Drivers/STM32WBxx_HAL_Driver/Src/stm32wbxx_hal_dma.c **** 
 1892              		.loc 1 981 1 view .LVU711
 1893 0004 7047     		bx	lr
 1894              		.cfi_endproc
 1895              	.LFE960:
 1897              		.section	.text.HAL_DMA_GetError,"ax",%progbits
 1898              		.align	1
 1899              		.global	HAL_DMA_GetError
 1900              		.syntax unified
 1901              		.thumb
 1902              		.thumb_func
 1904              	HAL_DMA_GetError:
 1905              	.LVL101:
 1906              	.LFB961:
 990:Drivers/STM32WBxx_HAL_Driver/Src/stm32wbxx_hal_dma.c ****   return hdma->ErrorCode;
 1907              		.loc 1 990 1 is_stmt 1 view -0
 1908              		.cfi_startproc
 1909              		@ args = 0, pretend = 0, frame = 0
 1910              		@ frame_needed = 0, uses_anonymous_args = 0
 1911              		@ link register save eliminated.
 991:Drivers/STM32WBxx_HAL_Driver/Src/stm32wbxx_hal_dma.c **** }
 1912              		.loc 1 991 3 view .LVU713
 991:Drivers/STM32WBxx_HAL_Driver/Src/stm32wbxx_hal_dma.c **** }
 1913              		.loc 1 991 14 is_stmt 0 view .LVU714
 1914 0000 C06B     		ldr	r0, [r0, #60]
 1915              	.LVL102:
 992:Drivers/STM32WBxx_HAL_Driver/Src/stm32wbxx_hal_dma.c **** 
 1916              		.loc 1 992 1 view .LVU715
 1917 0002 7047     		bx	lr
 1918              		.cfi_endproc
 1919              	.LFE961:
 1921              		.text
 1922              	.Letext0:
 1923              		.file 2 "/Users/yevhenvazhynskyi/Drivers/arm-gnu-toolchain-14.2.rel1-darwin-arm64-arm-none-eabi/ar
ARM GAS  /var/folders/98/ctz5mtps7w71v8dr53cf5qg40000gn/T//cc9xrYDe.s 			page 65


 1924              		.file 3 "/Users/yevhenvazhynskyi/Drivers/arm-gnu-toolchain-14.2.rel1-darwin-arm64-arm-none-eabi/ar
 1925              		.file 4 "Drivers/CMSIS/Device/ST/STM32WBxx/Include/stm32wb55xx.h"
 1926              		.file 5 "Drivers/STM32WBxx_HAL_Driver/Inc/stm32wbxx_hal_def.h"
 1927              		.file 6 "Drivers/STM32WBxx_HAL_Driver/Inc/stm32wbxx_hal_dma.h"
 1928              		.file 7 "Drivers/STM32WBxx_HAL_Driver/Inc/stm32wbxx_hal.h"
ARM GAS  /var/folders/98/ctz5mtps7w71v8dr53cf5qg40000gn/T//cc9xrYDe.s 			page 66


DEFINED SYMBOLS
                            *ABS*:00000000 stm32wbxx_hal_dma.c
/var/folders/98/ctz5mtps7w71v8dr53cf5qg40000gn/T//cc9xrYDe.s:21     .text.DMA_SetConfig:00000000 $t
/var/folders/98/ctz5mtps7w71v8dr53cf5qg40000gn/T//cc9xrYDe.s:26     .text.DMA_SetConfig:00000000 DMA_SetConfig
/var/folders/98/ctz5mtps7w71v8dr53cf5qg40000gn/T//cc9xrYDe.s:121    .text.DMA_CalcDMAMUXChannelBaseAndMask:00000000 $t
/var/folders/98/ctz5mtps7w71v8dr53cf5qg40000gn/T//cc9xrYDe.s:126    .text.DMA_CalcDMAMUXChannelBaseAndMask:00000000 DMA_CalcDMAMUXChannelBaseAndMask
/var/folders/98/ctz5mtps7w71v8dr53cf5qg40000gn/T//cc9xrYDe.s:191    .text.DMA_CalcDMAMUXChannelBaseAndMask:00000044 $d
/var/folders/98/ctz5mtps7w71v8dr53cf5qg40000gn/T//cc9xrYDe.s:199    .text.DMA_CalcDMAMUXRequestGenBaseAndMask:00000000 $t
/var/folders/98/ctz5mtps7w71v8dr53cf5qg40000gn/T//cc9xrYDe.s:204    .text.DMA_CalcDMAMUXRequestGenBaseAndMask:00000000 DMA_CalcDMAMUXRequestGenBaseAndMask
/var/folders/98/ctz5mtps7w71v8dr53cf5qg40000gn/T//cc9xrYDe.s:246    .text.DMA_CalcDMAMUXRequestGenBaseAndMask:00000024 $d
/var/folders/98/ctz5mtps7w71v8dr53cf5qg40000gn/T//cc9xrYDe.s:252    .text.HAL_DMA_Init:00000000 $t
/var/folders/98/ctz5mtps7w71v8dr53cf5qg40000gn/T//cc9xrYDe.s:258    .text.HAL_DMA_Init:00000000 HAL_DMA_Init
/var/folders/98/ctz5mtps7w71v8dr53cf5qg40000gn/T//cc9xrYDe.s:475    .text.HAL_DMA_Init:000000c0 $d
/var/folders/98/ctz5mtps7w71v8dr53cf5qg40000gn/T//cc9xrYDe.s:485    .text.HAL_DMA_DeInit:00000000 $t
/var/folders/98/ctz5mtps7w71v8dr53cf5qg40000gn/T//cc9xrYDe.s:491    .text.HAL_DMA_DeInit:00000000 HAL_DMA_DeInit
/var/folders/98/ctz5mtps7w71v8dr53cf5qg40000gn/T//cc9xrYDe.s:673    .text.HAL_DMA_DeInit:000000a0 $d
/var/folders/98/ctz5mtps7w71v8dr53cf5qg40000gn/T//cc9xrYDe.s:683    .text.HAL_DMA_Start:00000000 $t
/var/folders/98/ctz5mtps7w71v8dr53cf5qg40000gn/T//cc9xrYDe.s:689    .text.HAL_DMA_Start:00000000 HAL_DMA_Start
/var/folders/98/ctz5mtps7w71v8dr53cf5qg40000gn/T//cc9xrYDe.s:776    .text.HAL_DMA_Start_IT:00000000 $t
/var/folders/98/ctz5mtps7w71v8dr53cf5qg40000gn/T//cc9xrYDe.s:782    .text.HAL_DMA_Start_IT:00000000 HAL_DMA_Start_IT
/var/folders/98/ctz5mtps7w71v8dr53cf5qg40000gn/T//cc9xrYDe.s:919    .text.HAL_DMA_Abort:00000000 $t
/var/folders/98/ctz5mtps7w71v8dr53cf5qg40000gn/T//cc9xrYDe.s:925    .text.HAL_DMA_Abort:00000000 HAL_DMA_Abort
/var/folders/98/ctz5mtps7w71v8dr53cf5qg40000gn/T//cc9xrYDe.s:1041   .text.HAL_DMA_Abort_IT:00000000 $t
/var/folders/98/ctz5mtps7w71v8dr53cf5qg40000gn/T//cc9xrYDe.s:1047   .text.HAL_DMA_Abort_IT:00000000 HAL_DMA_Abort_IT
/var/folders/98/ctz5mtps7w71v8dr53cf5qg40000gn/T//cc9xrYDe.s:1170   .text.HAL_DMA_PollForTransfer:00000000 $t
/var/folders/98/ctz5mtps7w71v8dr53cf5qg40000gn/T//cc9xrYDe.s:1176   .text.HAL_DMA_PollForTransfer:00000000 HAL_DMA_PollForTransfer
/var/folders/98/ctz5mtps7w71v8dr53cf5qg40000gn/T//cc9xrYDe.s:1455   .text.HAL_DMA_IRQHandler:00000000 $t
/var/folders/98/ctz5mtps7w71v8dr53cf5qg40000gn/T//cc9xrYDe.s:1461   .text.HAL_DMA_IRQHandler:00000000 HAL_DMA_IRQHandler
/var/folders/98/ctz5mtps7w71v8dr53cf5qg40000gn/T//cc9xrYDe.s:1649   .text.HAL_DMA_RegisterCallback:00000000 $t
/var/folders/98/ctz5mtps7w71v8dr53cf5qg40000gn/T//cc9xrYDe.s:1655   .text.HAL_DMA_RegisterCallback:00000000 HAL_DMA_RegisterCallback
/var/folders/98/ctz5mtps7w71v8dr53cf5qg40000gn/T//cc9xrYDe.s:1706   .text.HAL_DMA_RegisterCallback:00000030 $d
/var/folders/98/ctz5mtps7w71v8dr53cf5qg40000gn/T//cc9xrYDe.s:1710   .text.HAL_DMA_RegisterCallback:00000034 $t
/var/folders/98/ctz5mtps7w71v8dr53cf5qg40000gn/T//cc9xrYDe.s:1756   .text.HAL_DMA_UnRegisterCallback:00000000 $t
/var/folders/98/ctz5mtps7w71v8dr53cf5qg40000gn/T//cc9xrYDe.s:1762   .text.HAL_DMA_UnRegisterCallback:00000000 HAL_DMA_UnRegisterCallback
/var/folders/98/ctz5mtps7w71v8dr53cf5qg40000gn/T//cc9xrYDe.s:1810   .text.HAL_DMA_UnRegisterCallback:0000002c $d
/var/folders/98/ctz5mtps7w71v8dr53cf5qg40000gn/T//cc9xrYDe.s:1874   .text.HAL_DMA_GetState:00000000 $t
/var/folders/98/ctz5mtps7w71v8dr53cf5qg40000gn/T//cc9xrYDe.s:1880   .text.HAL_DMA_GetState:00000000 HAL_DMA_GetState
/var/folders/98/ctz5mtps7w71v8dr53cf5qg40000gn/T//cc9xrYDe.s:1898   .text.HAL_DMA_GetError:00000000 $t
/var/folders/98/ctz5mtps7w71v8dr53cf5qg40000gn/T//cc9xrYDe.s:1904   .text.HAL_DMA_GetError:00000000 HAL_DMA_GetError
/var/folders/98/ctz5mtps7w71v8dr53cf5qg40000gn/T//cc9xrYDe.s:1815   .text.HAL_DMA_UnRegisterCallback:00000031 $d
/var/folders/98/ctz5mtps7w71v8dr53cf5qg40000gn/T//cc9xrYDe.s:1815   .text.HAL_DMA_UnRegisterCallback:00000032 $t

UNDEFINED SYMBOLS
HAL_GetTick
