ARM GAS  /var/folders/98/ctz5mtps7w71v8dr53cf5qg40000gn/T//cc2XmeiS.s 			page 1


   1              		.cpu cortex-m4
   2              		.arch armv7e-m
   3              		.fpu fpv4-sp-d16
   4              		.eabi_attribute 27, 1
   5              		.eabi_attribute 28, 1
   6              		.eabi_attribute 20, 1
   7              		.eabi_attribute 21, 1
   8              		.eabi_attribute 23, 3
   9              		.eabi_attribute 24, 1
  10              		.eabi_attribute 25, 1
  11              		.eabi_attribute 26, 1
  12              		.eabi_attribute 30, 1
  13              		.eabi_attribute 34, 1
  14              		.eabi_attribute 18, 4
  15              		.file	"stm32wbxx_hal_flash_ex.c"
  16              		.text
  17              	.Ltext0:
  18              		.cfi_sections	.debug_frame
  19              		.file 1 "Drivers/STM32WBxx_HAL_Driver/Src/stm32wbxx_hal_flash_ex.c"
  20              		.section	.text.FLASH_FlushCaches,"ax",%progbits
  21              		.align	1
  22              		.syntax unified
  23              		.thumb
  24              		.thumb_func
  26              	FLASH_FlushCaches:
  27              	.LFB960:
   1:Drivers/STM32WBxx_HAL_Driver/Src/stm32wbxx_hal_flash_ex.c **** /**
   2:Drivers/STM32WBxx_HAL_Driver/Src/stm32wbxx_hal_flash_ex.c ****   ******************************************************************************
   3:Drivers/STM32WBxx_HAL_Driver/Src/stm32wbxx_hal_flash_ex.c ****   * @file    stm32wbxx_hal_flash_ex.c
   4:Drivers/STM32WBxx_HAL_Driver/Src/stm32wbxx_hal_flash_ex.c ****   * @author  MCD Application Team
   5:Drivers/STM32WBxx_HAL_Driver/Src/stm32wbxx_hal_flash_ex.c ****   * @brief   Extended FLASH HAL module driver.
   6:Drivers/STM32WBxx_HAL_Driver/Src/stm32wbxx_hal_flash_ex.c ****   *          This file provides firmware functions to manage the following
   7:Drivers/STM32WBxx_HAL_Driver/Src/stm32wbxx_hal_flash_ex.c ****   *          functionalities of the FLASH extended peripheral:
   8:Drivers/STM32WBxx_HAL_Driver/Src/stm32wbxx_hal_flash_ex.c ****   *           + Extended programming operations functions
   9:Drivers/STM32WBxx_HAL_Driver/Src/stm32wbxx_hal_flash_ex.c ****   ******************************************************************************
  10:Drivers/STM32WBxx_HAL_Driver/Src/stm32wbxx_hal_flash_ex.c ****   * @attention
  11:Drivers/STM32WBxx_HAL_Driver/Src/stm32wbxx_hal_flash_ex.c ****   *
  12:Drivers/STM32WBxx_HAL_Driver/Src/stm32wbxx_hal_flash_ex.c ****   * Copyright (c) 2019 STMicroelectronics.
  13:Drivers/STM32WBxx_HAL_Driver/Src/stm32wbxx_hal_flash_ex.c ****   * All rights reserved.
  14:Drivers/STM32WBxx_HAL_Driver/Src/stm32wbxx_hal_flash_ex.c ****   *
  15:Drivers/STM32WBxx_HAL_Driver/Src/stm32wbxx_hal_flash_ex.c ****   * This software is licensed under terms that can be found in the LICENSE file
  16:Drivers/STM32WBxx_HAL_Driver/Src/stm32wbxx_hal_flash_ex.c ****   * in the root directory of this software component.
  17:Drivers/STM32WBxx_HAL_Driver/Src/stm32wbxx_hal_flash_ex.c ****   * If no LICENSE file comes with this software, it is provided AS-IS.
  18:Drivers/STM32WBxx_HAL_Driver/Src/stm32wbxx_hal_flash_ex.c ****   *
  19:Drivers/STM32WBxx_HAL_Driver/Src/stm32wbxx_hal_flash_ex.c ****   ******************************************************************************
  20:Drivers/STM32WBxx_HAL_Driver/Src/stm32wbxx_hal_flash_ex.c ****  @verbatim
  21:Drivers/STM32WBxx_HAL_Driver/Src/stm32wbxx_hal_flash_ex.c ****  ==============================================================================
  22:Drivers/STM32WBxx_HAL_Driver/Src/stm32wbxx_hal_flash_ex.c ****                    ##### Flash Extended features #####
  23:Drivers/STM32WBxx_HAL_Driver/Src/stm32wbxx_hal_flash_ex.c ****   ==============================================================================
  24:Drivers/STM32WBxx_HAL_Driver/Src/stm32wbxx_hal_flash_ex.c **** 
  25:Drivers/STM32WBxx_HAL_Driver/Src/stm32wbxx_hal_flash_ex.c ****   [..] Comparing to other previous devices, the FLASH interface for STM32WBxx
  26:Drivers/STM32WBxx_HAL_Driver/Src/stm32wbxx_hal_flash_ex.c ****        devices contains the following additional features
  27:Drivers/STM32WBxx_HAL_Driver/Src/stm32wbxx_hal_flash_ex.c **** 
  28:Drivers/STM32WBxx_HAL_Driver/Src/stm32wbxx_hal_flash_ex.c ****        (+) Capacity up to 1 Mbyte with single bank architecture supporting read-while-write
  29:Drivers/STM32WBxx_HAL_Driver/Src/stm32wbxx_hal_flash_ex.c ****            capability (RWW)
  30:Drivers/STM32WBxx_HAL_Driver/Src/stm32wbxx_hal_flash_ex.c ****        (+) Single bank memory organization
  31:Drivers/STM32WBxx_HAL_Driver/Src/stm32wbxx_hal_flash_ex.c ****        (+) PCROP protection
ARM GAS  /var/folders/98/ctz5mtps7w71v8dr53cf5qg40000gn/T//cc2XmeiS.s 			page 2


  32:Drivers/STM32WBxx_HAL_Driver/Src/stm32wbxx_hal_flash_ex.c ****        (+) WRP protection
  33:Drivers/STM32WBxx_HAL_Driver/Src/stm32wbxx_hal_flash_ex.c ****        (+) CPU2 Security area
  34:Drivers/STM32WBxx_HAL_Driver/Src/stm32wbxx_hal_flash_ex.c ****        (+) Program Erase Suspend feature
  35:Drivers/STM32WBxx_HAL_Driver/Src/stm32wbxx_hal_flash_ex.c **** 
  36:Drivers/STM32WBxx_HAL_Driver/Src/stm32wbxx_hal_flash_ex.c ****                         ##### How to use this driver #####
  37:Drivers/STM32WBxx_HAL_Driver/Src/stm32wbxx_hal_flash_ex.c ****  ==============================================================================
  38:Drivers/STM32WBxx_HAL_Driver/Src/stm32wbxx_hal_flash_ex.c ****   [..] This driver provides functions to configure and program the FLASH memory
  39:Drivers/STM32WBxx_HAL_Driver/Src/stm32wbxx_hal_flash_ex.c ****        of all STM32WBxx devices. It includes
  40:Drivers/STM32WBxx_HAL_Driver/Src/stm32wbxx_hal_flash_ex.c ****       (#) Flash Memory Erase functions:
  41:Drivers/STM32WBxx_HAL_Driver/Src/stm32wbxx_hal_flash_ex.c ****            (++) Lock and Unlock the FLASH interface using HAL_FLASH_Unlock() and
  42:Drivers/STM32WBxx_HAL_Driver/Src/stm32wbxx_hal_flash_ex.c ****                 HAL_FLASH_Lock() functions
  43:Drivers/STM32WBxx_HAL_Driver/Src/stm32wbxx_hal_flash_ex.c ****            (++) Erase function: Erase page, erase all sectors
  44:Drivers/STM32WBxx_HAL_Driver/Src/stm32wbxx_hal_flash_ex.c ****            (++) There are two modes of erase :
  45:Drivers/STM32WBxx_HAL_Driver/Src/stm32wbxx_hal_flash_ex.c ****              (+++) Polling Mode using HAL_FLASHEx_Erase()
  46:Drivers/STM32WBxx_HAL_Driver/Src/stm32wbxx_hal_flash_ex.c ****              (+++) Interrupt Mode using HAL_FLASHEx_Erase_IT()
  47:Drivers/STM32WBxx_HAL_Driver/Src/stm32wbxx_hal_flash_ex.c **** 
  48:Drivers/STM32WBxx_HAL_Driver/Src/stm32wbxx_hal_flash_ex.c ****       (#) Option Bytes Programming function: Use HAL_FLASHEx_OBProgram() to :
  49:Drivers/STM32WBxx_HAL_Driver/Src/stm32wbxx_hal_flash_ex.c ****         (++) Set/Reset the write protection (per 4 KByte)
  50:Drivers/STM32WBxx_HAL_Driver/Src/stm32wbxx_hal_flash_ex.c ****         (++) Set the Read protection Level
  51:Drivers/STM32WBxx_HAL_Driver/Src/stm32wbxx_hal_flash_ex.c ****         (++) Program the user Option Bytes
  52:Drivers/STM32WBxx_HAL_Driver/Src/stm32wbxx_hal_flash_ex.c ****         (++) Configure the PCROP protection (per 2 KByte)
  53:Drivers/STM32WBxx_HAL_Driver/Src/stm32wbxx_hal_flash_ex.c ****         (++) Configure the IPCC Buffer start Address
  54:Drivers/STM32WBxx_HAL_Driver/Src/stm32wbxx_hal_flash_ex.c ****         (++) Configure the CPU2 boot region and reset vector start Address
  55:Drivers/STM32WBxx_HAL_Driver/Src/stm32wbxx_hal_flash_ex.c ****         (++) Configure the Flash and SRAM2 secure area
  56:Drivers/STM32WBxx_HAL_Driver/Src/stm32wbxx_hal_flash_ex.c **** 
  57:Drivers/STM32WBxx_HAL_Driver/Src/stm32wbxx_hal_flash_ex.c ****       (#) Get Option Bytes Configuration function: Use HAL_FLASHEx_OBGetConfig() to :
  58:Drivers/STM32WBxx_HAL_Driver/Src/stm32wbxx_hal_flash_ex.c ****         (++) Get the value of a write protection area
  59:Drivers/STM32WBxx_HAL_Driver/Src/stm32wbxx_hal_flash_ex.c ****         (++) Know if the read protection is activated
  60:Drivers/STM32WBxx_HAL_Driver/Src/stm32wbxx_hal_flash_ex.c ****         (++) Get the value of the user Option Bytes
  61:Drivers/STM32WBxx_HAL_Driver/Src/stm32wbxx_hal_flash_ex.c ****         (++) Get the value of a PCROP area
  62:Drivers/STM32WBxx_HAL_Driver/Src/stm32wbxx_hal_flash_ex.c ****         (++) Get the IPCC Buffer start Address
  63:Drivers/STM32WBxx_HAL_Driver/Src/stm32wbxx_hal_flash_ex.c ****         (++) Get the CPU2 boot region and reset vector start Address
  64:Drivers/STM32WBxx_HAL_Driver/Src/stm32wbxx_hal_flash_ex.c ****         (++) Get the Flash and SRAM2 secure area
  65:Drivers/STM32WBxx_HAL_Driver/Src/stm32wbxx_hal_flash_ex.c **** 
  66:Drivers/STM32WBxx_HAL_Driver/Src/stm32wbxx_hal_flash_ex.c ****       (#) Flash Suspend, Allow functions:
  67:Drivers/STM32WBxx_HAL_Driver/Src/stm32wbxx_hal_flash_ex.c ****            (++) Suspend or Allow new program or erase operation request using HAL_FLASHEx_SuspendOp
  68:Drivers/STM32WBxx_HAL_Driver/Src/stm32wbxx_hal_flash_ex.c ****                 HAL_FLASHEx_AllowOperation() functions
  69:Drivers/STM32WBxx_HAL_Driver/Src/stm32wbxx_hal_flash_ex.c **** 
  70:Drivers/STM32WBxx_HAL_Driver/Src/stm32wbxx_hal_flash_ex.c ****       (#) Check is flash content is empty or not using HAL_FLASHEx_FlashEmptyCheck().
  71:Drivers/STM32WBxx_HAL_Driver/Src/stm32wbxx_hal_flash_ex.c ****           and modify this setting (for flash loader purpose e.g.) using
  72:Drivers/STM32WBxx_HAL_Driver/Src/stm32wbxx_hal_flash_ex.c ****           HAL_FLASHEx_ForceFlashEmpty().
  73:Drivers/STM32WBxx_HAL_Driver/Src/stm32wbxx_hal_flash_ex.c **** 
  74:Drivers/STM32WBxx_HAL_Driver/Src/stm32wbxx_hal_flash_ex.c ****  @endverbatim
  75:Drivers/STM32WBxx_HAL_Driver/Src/stm32wbxx_hal_flash_ex.c ****   ******************************************************************************
  76:Drivers/STM32WBxx_HAL_Driver/Src/stm32wbxx_hal_flash_ex.c ****   */
  77:Drivers/STM32WBxx_HAL_Driver/Src/stm32wbxx_hal_flash_ex.c **** 
  78:Drivers/STM32WBxx_HAL_Driver/Src/stm32wbxx_hal_flash_ex.c **** /* Includes ------------------------------------------------------------------*/
  79:Drivers/STM32WBxx_HAL_Driver/Src/stm32wbxx_hal_flash_ex.c **** #include "stm32wbxx_hal.h"
  80:Drivers/STM32WBxx_HAL_Driver/Src/stm32wbxx_hal_flash_ex.c **** 
  81:Drivers/STM32WBxx_HAL_Driver/Src/stm32wbxx_hal_flash_ex.c **** /** @addtogroup STM32WBxx_HAL_Driver
  82:Drivers/STM32WBxx_HAL_Driver/Src/stm32wbxx_hal_flash_ex.c ****   * @{
  83:Drivers/STM32WBxx_HAL_Driver/Src/stm32wbxx_hal_flash_ex.c ****   */
  84:Drivers/STM32WBxx_HAL_Driver/Src/stm32wbxx_hal_flash_ex.c **** 
  85:Drivers/STM32WBxx_HAL_Driver/Src/stm32wbxx_hal_flash_ex.c **** /** @defgroup FLASHEx FLASHEx
  86:Drivers/STM32WBxx_HAL_Driver/Src/stm32wbxx_hal_flash_ex.c ****   * @brief FLASH Extended HAL module driver
  87:Drivers/STM32WBxx_HAL_Driver/Src/stm32wbxx_hal_flash_ex.c ****   * @{
  88:Drivers/STM32WBxx_HAL_Driver/Src/stm32wbxx_hal_flash_ex.c ****   */
ARM GAS  /var/folders/98/ctz5mtps7w71v8dr53cf5qg40000gn/T//cc2XmeiS.s 			page 3


  89:Drivers/STM32WBxx_HAL_Driver/Src/stm32wbxx_hal_flash_ex.c **** 
  90:Drivers/STM32WBxx_HAL_Driver/Src/stm32wbxx_hal_flash_ex.c **** #ifdef HAL_FLASH_MODULE_ENABLED
  91:Drivers/STM32WBxx_HAL_Driver/Src/stm32wbxx_hal_flash_ex.c **** 
  92:Drivers/STM32WBxx_HAL_Driver/Src/stm32wbxx_hal_flash_ex.c **** /* Private typedef -----------------------------------------------------------*/
  93:Drivers/STM32WBxx_HAL_Driver/Src/stm32wbxx_hal_flash_ex.c **** /* Private define ------------------------------------------------------------*/
  94:Drivers/STM32WBxx_HAL_Driver/Src/stm32wbxx_hal_flash_ex.c **** /* Private macro -------------------------------------------------------------*/
  95:Drivers/STM32WBxx_HAL_Driver/Src/stm32wbxx_hal_flash_ex.c **** /* Private variables ---------------------------------------------------------*/
  96:Drivers/STM32WBxx_HAL_Driver/Src/stm32wbxx_hal_flash_ex.c **** /* Private function prototypes -----------------------------------------------*/
  97:Drivers/STM32WBxx_HAL_Driver/Src/stm32wbxx_hal_flash_ex.c **** /** @defgroup FLASHEx_Private_Functions FLASHEx Private Functions
  98:Drivers/STM32WBxx_HAL_Driver/Src/stm32wbxx_hal_flash_ex.c ****   * @{
  99:Drivers/STM32WBxx_HAL_Driver/Src/stm32wbxx_hal_flash_ex.c ****   */
 100:Drivers/STM32WBxx_HAL_Driver/Src/stm32wbxx_hal_flash_ex.c **** static void              FLASH_AcknowledgePageErase(void);
 101:Drivers/STM32WBxx_HAL_Driver/Src/stm32wbxx_hal_flash_ex.c **** static void              FLASH_FlushCaches(void);
 102:Drivers/STM32WBxx_HAL_Driver/Src/stm32wbxx_hal_flash_ex.c **** static void              FLASH_OB_WRPConfig(uint32_t WRPArea, uint32_t WRPStartOffset, uint32_t WRD
 103:Drivers/STM32WBxx_HAL_Driver/Src/stm32wbxx_hal_flash_ex.c **** static void              FLASH_OB_OptrConfig(uint32_t UserType, uint32_t UserConfig, uint32_t RDPLe
 104:Drivers/STM32WBxx_HAL_Driver/Src/stm32wbxx_hal_flash_ex.c **** static void              FLASH_OB_PCROP1AConfig(uint32_t PCROPConfig, uint32_t PCROP1AStartAddr,
 105:Drivers/STM32WBxx_HAL_Driver/Src/stm32wbxx_hal_flash_ex.c ****                                                 uint32_t PCROP1AEndAddr);
 106:Drivers/STM32WBxx_HAL_Driver/Src/stm32wbxx_hal_flash_ex.c **** static void              FLASH_OB_PCROP1BConfig(uint32_t PCROP1BStartAddr, uint32_t PCROP1BEndAddr)
 107:Drivers/STM32WBxx_HAL_Driver/Src/stm32wbxx_hal_flash_ex.c **** static void              FLASH_OB_IPCCBufferAddrConfig(uint32_t IPCCDataBufAddr);
 108:Drivers/STM32WBxx_HAL_Driver/Src/stm32wbxx_hal_flash_ex.c **** static void              FLASH_OB_SecureConfig(FLASH_OBProgramInitTypeDef *pOBParam);
 109:Drivers/STM32WBxx_HAL_Driver/Src/stm32wbxx_hal_flash_ex.c **** static void              FLASH_OB_GetWRP(uint32_t WRPArea, uint32_t *WRPStartOffset, uint32_t *WRDP
 110:Drivers/STM32WBxx_HAL_Driver/Src/stm32wbxx_hal_flash_ex.c **** static uint32_t          FLASH_OB_GetRDP(void);
 111:Drivers/STM32WBxx_HAL_Driver/Src/stm32wbxx_hal_flash_ex.c **** static uint32_t          FLASH_OB_GetUser(void);
 112:Drivers/STM32WBxx_HAL_Driver/Src/stm32wbxx_hal_flash_ex.c **** static void              FLASH_OB_GetPCROP(uint32_t *PCROPConfig, uint32_t *PCROP1AStartAddr, uint3
 113:Drivers/STM32WBxx_HAL_Driver/Src/stm32wbxx_hal_flash_ex.c ****                                            uint32_t *PCROP1BStartAddr, uint32_t *PCROP1BEndAddr);
 114:Drivers/STM32WBxx_HAL_Driver/Src/stm32wbxx_hal_flash_ex.c **** static uint32_t          FLASH_OB_GetIPCCBufferAddr(void);
 115:Drivers/STM32WBxx_HAL_Driver/Src/stm32wbxx_hal_flash_ex.c **** static void              FLASH_OB_GetSecureMemoryConfig(uint32_t *SecureFlashStartAddr, uint32_t *S
 116:Drivers/STM32WBxx_HAL_Driver/Src/stm32wbxx_hal_flash_ex.c ****                                                         uint32_t *SecureRAM2bStartAddr, uint32_t *S
 117:Drivers/STM32WBxx_HAL_Driver/Src/stm32wbxx_hal_flash_ex.c **** static void              FLASH_OB_GetC2BootResetConfig(uint32_t *C2BootResetVectAddr, uint32_t *C2B
 118:Drivers/STM32WBxx_HAL_Driver/Src/stm32wbxx_hal_flash_ex.c **** static HAL_StatusTypeDef FLASH_OB_ProceedWriteOperation(void);
 119:Drivers/STM32WBxx_HAL_Driver/Src/stm32wbxx_hal_flash_ex.c **** /**
 120:Drivers/STM32WBxx_HAL_Driver/Src/stm32wbxx_hal_flash_ex.c ****   * @}
 121:Drivers/STM32WBxx_HAL_Driver/Src/stm32wbxx_hal_flash_ex.c ****   */
 122:Drivers/STM32WBxx_HAL_Driver/Src/stm32wbxx_hal_flash_ex.c **** 
 123:Drivers/STM32WBxx_HAL_Driver/Src/stm32wbxx_hal_flash_ex.c **** /* Exported functions -------------------------------------------------------*/
 124:Drivers/STM32WBxx_HAL_Driver/Src/stm32wbxx_hal_flash_ex.c **** /** @defgroup FLASHEx_Exported_Functions FLASH Extended Exported Functions
 125:Drivers/STM32WBxx_HAL_Driver/Src/stm32wbxx_hal_flash_ex.c ****   * @{
 126:Drivers/STM32WBxx_HAL_Driver/Src/stm32wbxx_hal_flash_ex.c ****   */
 127:Drivers/STM32WBxx_HAL_Driver/Src/stm32wbxx_hal_flash_ex.c **** 
 128:Drivers/STM32WBxx_HAL_Driver/Src/stm32wbxx_hal_flash_ex.c **** /** @defgroup FLASHEx_Exported_Functions_Group1 Extended IO operation functions
 129:Drivers/STM32WBxx_HAL_Driver/Src/stm32wbxx_hal_flash_ex.c ****   *  @brief   Extended IO operation functions
 130:Drivers/STM32WBxx_HAL_Driver/Src/stm32wbxx_hal_flash_ex.c ****   *
 131:Drivers/STM32WBxx_HAL_Driver/Src/stm32wbxx_hal_flash_ex.c **** @verbatim
 132:Drivers/STM32WBxx_HAL_Driver/Src/stm32wbxx_hal_flash_ex.c ****  ===============================================================================
 133:Drivers/STM32WBxx_HAL_Driver/Src/stm32wbxx_hal_flash_ex.c ****                 ##### Extended programming operation functions #####
 134:Drivers/STM32WBxx_HAL_Driver/Src/stm32wbxx_hal_flash_ex.c ****  ===============================================================================
 135:Drivers/STM32WBxx_HAL_Driver/Src/stm32wbxx_hal_flash_ex.c ****     [..]
 136:Drivers/STM32WBxx_HAL_Driver/Src/stm32wbxx_hal_flash_ex.c ****     This subsection provides a set of functions allowing to manage the Extended FLASH
 137:Drivers/STM32WBxx_HAL_Driver/Src/stm32wbxx_hal_flash_ex.c ****     programming operations Operations.
 138:Drivers/STM32WBxx_HAL_Driver/Src/stm32wbxx_hal_flash_ex.c **** 
 139:Drivers/STM32WBxx_HAL_Driver/Src/stm32wbxx_hal_flash_ex.c **** @endverbatim
 140:Drivers/STM32WBxx_HAL_Driver/Src/stm32wbxx_hal_flash_ex.c ****   * @{
 141:Drivers/STM32WBxx_HAL_Driver/Src/stm32wbxx_hal_flash_ex.c ****   */
 142:Drivers/STM32WBxx_HAL_Driver/Src/stm32wbxx_hal_flash_ex.c **** /**
 143:Drivers/STM32WBxx_HAL_Driver/Src/stm32wbxx_hal_flash_ex.c ****   * @brief  Perform an erase of the specified FLASH memory pages.
 144:Drivers/STM32WBxx_HAL_Driver/Src/stm32wbxx_hal_flash_ex.c ****   * @note   Before any operation, it is possible to check there is no operation suspended
 145:Drivers/STM32WBxx_HAL_Driver/Src/stm32wbxx_hal_flash_ex.c ****   *         by call HAL_FLASHEx_IsOperationSuspended()
ARM GAS  /var/folders/98/ctz5mtps7w71v8dr53cf5qg40000gn/T//cc2XmeiS.s 			page 4


 146:Drivers/STM32WBxx_HAL_Driver/Src/stm32wbxx_hal_flash_ex.c ****   * @param[in]  pEraseInit Pointer to an @ref FLASH_EraseInitTypeDef structure that
 147:Drivers/STM32WBxx_HAL_Driver/Src/stm32wbxx_hal_flash_ex.c ****   *         contains the configuration information for the erasing.
 148:Drivers/STM32WBxx_HAL_Driver/Src/stm32wbxx_hal_flash_ex.c ****   * @param[out]  PageError Pointer to variable that contains the configuration
 149:Drivers/STM32WBxx_HAL_Driver/Src/stm32wbxx_hal_flash_ex.c ****   *         information on faulty page in case of error (0xFFFFFFFF means that all
 150:Drivers/STM32WBxx_HAL_Driver/Src/stm32wbxx_hal_flash_ex.c ****   *         the pages have been correctly erased)
 151:Drivers/STM32WBxx_HAL_Driver/Src/stm32wbxx_hal_flash_ex.c ****   * @retval HAL Status
 152:Drivers/STM32WBxx_HAL_Driver/Src/stm32wbxx_hal_flash_ex.c ****   */
 153:Drivers/STM32WBxx_HAL_Driver/Src/stm32wbxx_hal_flash_ex.c **** HAL_StatusTypeDef HAL_FLASHEx_Erase(FLASH_EraseInitTypeDef *pEraseInit, uint32_t *PageError)
 154:Drivers/STM32WBxx_HAL_Driver/Src/stm32wbxx_hal_flash_ex.c **** {
 155:Drivers/STM32WBxx_HAL_Driver/Src/stm32wbxx_hal_flash_ex.c ****   HAL_StatusTypeDef status;
 156:Drivers/STM32WBxx_HAL_Driver/Src/stm32wbxx_hal_flash_ex.c ****   uint32_t index;
 157:Drivers/STM32WBxx_HAL_Driver/Src/stm32wbxx_hal_flash_ex.c **** 
 158:Drivers/STM32WBxx_HAL_Driver/Src/stm32wbxx_hal_flash_ex.c ****   /* Check the parameters */
 159:Drivers/STM32WBxx_HAL_Driver/Src/stm32wbxx_hal_flash_ex.c ****   assert_param(IS_FLASH_TYPEERASE(pEraseInit->TypeErase));
 160:Drivers/STM32WBxx_HAL_Driver/Src/stm32wbxx_hal_flash_ex.c **** 
 161:Drivers/STM32WBxx_HAL_Driver/Src/stm32wbxx_hal_flash_ex.c ****   /* Process Locked */
 162:Drivers/STM32WBxx_HAL_Driver/Src/stm32wbxx_hal_flash_ex.c ****   __HAL_LOCK(&pFlash);
 163:Drivers/STM32WBxx_HAL_Driver/Src/stm32wbxx_hal_flash_ex.c **** 
 164:Drivers/STM32WBxx_HAL_Driver/Src/stm32wbxx_hal_flash_ex.c ****   /* Reset error code */
 165:Drivers/STM32WBxx_HAL_Driver/Src/stm32wbxx_hal_flash_ex.c ****   pFlash.ErrorCode = HAL_FLASH_ERROR_NONE;
 166:Drivers/STM32WBxx_HAL_Driver/Src/stm32wbxx_hal_flash_ex.c **** 
 167:Drivers/STM32WBxx_HAL_Driver/Src/stm32wbxx_hal_flash_ex.c ****   /* Verify that next operation can be proceed */
 168:Drivers/STM32WBxx_HAL_Driver/Src/stm32wbxx_hal_flash_ex.c ****   status = FLASH_WaitForLastOperation(FLASH_TIMEOUT_VALUE);
 169:Drivers/STM32WBxx_HAL_Driver/Src/stm32wbxx_hal_flash_ex.c **** 
 170:Drivers/STM32WBxx_HAL_Driver/Src/stm32wbxx_hal_flash_ex.c ****   if (status == HAL_OK)
 171:Drivers/STM32WBxx_HAL_Driver/Src/stm32wbxx_hal_flash_ex.c ****   {
 172:Drivers/STM32WBxx_HAL_Driver/Src/stm32wbxx_hal_flash_ex.c ****     if (pEraseInit->TypeErase == FLASH_TYPEERASE_PAGES)
 173:Drivers/STM32WBxx_HAL_Driver/Src/stm32wbxx_hal_flash_ex.c ****     {
 174:Drivers/STM32WBxx_HAL_Driver/Src/stm32wbxx_hal_flash_ex.c ****       /*Initialization of PageError variable*/
 175:Drivers/STM32WBxx_HAL_Driver/Src/stm32wbxx_hal_flash_ex.c ****       *PageError = 0xFFFFFFFFU;
 176:Drivers/STM32WBxx_HAL_Driver/Src/stm32wbxx_hal_flash_ex.c **** 
 177:Drivers/STM32WBxx_HAL_Driver/Src/stm32wbxx_hal_flash_ex.c ****       for (index = pEraseInit->Page; index < (pEraseInit->Page + pEraseInit->NbPages); index++)
 178:Drivers/STM32WBxx_HAL_Driver/Src/stm32wbxx_hal_flash_ex.c ****       {
 179:Drivers/STM32WBxx_HAL_Driver/Src/stm32wbxx_hal_flash_ex.c ****         /* Start erase page */
 180:Drivers/STM32WBxx_HAL_Driver/Src/stm32wbxx_hal_flash_ex.c ****         FLASH_PageErase(index);
 181:Drivers/STM32WBxx_HAL_Driver/Src/stm32wbxx_hal_flash_ex.c **** 
 182:Drivers/STM32WBxx_HAL_Driver/Src/stm32wbxx_hal_flash_ex.c ****         /* Wait for last operation to be completed */
 183:Drivers/STM32WBxx_HAL_Driver/Src/stm32wbxx_hal_flash_ex.c ****         status = FLASH_WaitForLastOperation(FLASH_TIMEOUT_VALUE);
 184:Drivers/STM32WBxx_HAL_Driver/Src/stm32wbxx_hal_flash_ex.c **** 
 185:Drivers/STM32WBxx_HAL_Driver/Src/stm32wbxx_hal_flash_ex.c ****         if (status != HAL_OK)
 186:Drivers/STM32WBxx_HAL_Driver/Src/stm32wbxx_hal_flash_ex.c ****         {
 187:Drivers/STM32WBxx_HAL_Driver/Src/stm32wbxx_hal_flash_ex.c ****           /* In case of error, stop erase procedure and return the faulty address */
 188:Drivers/STM32WBxx_HAL_Driver/Src/stm32wbxx_hal_flash_ex.c ****           *PageError = index;
 189:Drivers/STM32WBxx_HAL_Driver/Src/stm32wbxx_hal_flash_ex.c ****           break;
 190:Drivers/STM32WBxx_HAL_Driver/Src/stm32wbxx_hal_flash_ex.c ****         }
 191:Drivers/STM32WBxx_HAL_Driver/Src/stm32wbxx_hal_flash_ex.c ****       }
 192:Drivers/STM32WBxx_HAL_Driver/Src/stm32wbxx_hal_flash_ex.c **** 
 193:Drivers/STM32WBxx_HAL_Driver/Src/stm32wbxx_hal_flash_ex.c ****       /* If operation is completed or interrupted, disable the Page Erase Bit */
 194:Drivers/STM32WBxx_HAL_Driver/Src/stm32wbxx_hal_flash_ex.c ****       FLASH_AcknowledgePageErase();
 195:Drivers/STM32WBxx_HAL_Driver/Src/stm32wbxx_hal_flash_ex.c ****     }
 196:Drivers/STM32WBxx_HAL_Driver/Src/stm32wbxx_hal_flash_ex.c **** 
 197:Drivers/STM32WBxx_HAL_Driver/Src/stm32wbxx_hal_flash_ex.c ****     /* Flush the caches to be sure of the data consistency */
 198:Drivers/STM32WBxx_HAL_Driver/Src/stm32wbxx_hal_flash_ex.c ****     FLASH_FlushCaches();
 199:Drivers/STM32WBxx_HAL_Driver/Src/stm32wbxx_hal_flash_ex.c ****   }
 200:Drivers/STM32WBxx_HAL_Driver/Src/stm32wbxx_hal_flash_ex.c **** 
 201:Drivers/STM32WBxx_HAL_Driver/Src/stm32wbxx_hal_flash_ex.c ****   /* Process Unlocked */
 202:Drivers/STM32WBxx_HAL_Driver/Src/stm32wbxx_hal_flash_ex.c ****   __HAL_UNLOCK(&pFlash);
ARM GAS  /var/folders/98/ctz5mtps7w71v8dr53cf5qg40000gn/T//cc2XmeiS.s 			page 5


 203:Drivers/STM32WBxx_HAL_Driver/Src/stm32wbxx_hal_flash_ex.c **** 
 204:Drivers/STM32WBxx_HAL_Driver/Src/stm32wbxx_hal_flash_ex.c ****   return status;
 205:Drivers/STM32WBxx_HAL_Driver/Src/stm32wbxx_hal_flash_ex.c **** }
 206:Drivers/STM32WBxx_HAL_Driver/Src/stm32wbxx_hal_flash_ex.c **** 
 207:Drivers/STM32WBxx_HAL_Driver/Src/stm32wbxx_hal_flash_ex.c **** /**
 208:Drivers/STM32WBxx_HAL_Driver/Src/stm32wbxx_hal_flash_ex.c ****   * @brief  Perform an erase of the specified FLASH memory pages with interrupt enabled.
 209:Drivers/STM32WBxx_HAL_Driver/Src/stm32wbxx_hal_flash_ex.c ****   * @note   Before any operation, it is possible to check there is no operation suspended
 210:Drivers/STM32WBxx_HAL_Driver/Src/stm32wbxx_hal_flash_ex.c ****   *         by call HAL_FLASHEx_IsOperationSuspended()
 211:Drivers/STM32WBxx_HAL_Driver/Src/stm32wbxx_hal_flash_ex.c ****   * @param  pEraseInit Pointer to an @ref FLASH_EraseInitTypeDef structure that
 212:Drivers/STM32WBxx_HAL_Driver/Src/stm32wbxx_hal_flash_ex.c ****   *         contains the configuration information for the erasing.
 213:Drivers/STM32WBxx_HAL_Driver/Src/stm32wbxx_hal_flash_ex.c ****   * @retval HAL Status
 214:Drivers/STM32WBxx_HAL_Driver/Src/stm32wbxx_hal_flash_ex.c ****   */
 215:Drivers/STM32WBxx_HAL_Driver/Src/stm32wbxx_hal_flash_ex.c **** HAL_StatusTypeDef HAL_FLASHEx_Erase_IT(FLASH_EraseInitTypeDef *pEraseInit)
 216:Drivers/STM32WBxx_HAL_Driver/Src/stm32wbxx_hal_flash_ex.c **** {
 217:Drivers/STM32WBxx_HAL_Driver/Src/stm32wbxx_hal_flash_ex.c ****   HAL_StatusTypeDef status;
 218:Drivers/STM32WBxx_HAL_Driver/Src/stm32wbxx_hal_flash_ex.c **** 
 219:Drivers/STM32WBxx_HAL_Driver/Src/stm32wbxx_hal_flash_ex.c ****   /* Check the parameters */
 220:Drivers/STM32WBxx_HAL_Driver/Src/stm32wbxx_hal_flash_ex.c ****   assert_param(IS_FLASH_TYPEERASE(pEraseInit->TypeErase));
 221:Drivers/STM32WBxx_HAL_Driver/Src/stm32wbxx_hal_flash_ex.c **** 
 222:Drivers/STM32WBxx_HAL_Driver/Src/stm32wbxx_hal_flash_ex.c ****   /* Process Locked */
 223:Drivers/STM32WBxx_HAL_Driver/Src/stm32wbxx_hal_flash_ex.c ****   __HAL_LOCK(&pFlash);
 224:Drivers/STM32WBxx_HAL_Driver/Src/stm32wbxx_hal_flash_ex.c **** 
 225:Drivers/STM32WBxx_HAL_Driver/Src/stm32wbxx_hal_flash_ex.c ****   /* Reset error code */
 226:Drivers/STM32WBxx_HAL_Driver/Src/stm32wbxx_hal_flash_ex.c ****   pFlash.ErrorCode = HAL_FLASH_ERROR_NONE;
 227:Drivers/STM32WBxx_HAL_Driver/Src/stm32wbxx_hal_flash_ex.c **** 
 228:Drivers/STM32WBxx_HAL_Driver/Src/stm32wbxx_hal_flash_ex.c ****   /* save procedure for interrupt treatment */
 229:Drivers/STM32WBxx_HAL_Driver/Src/stm32wbxx_hal_flash_ex.c ****   pFlash.ProcedureOnGoing = pEraseInit->TypeErase;
 230:Drivers/STM32WBxx_HAL_Driver/Src/stm32wbxx_hal_flash_ex.c **** 
 231:Drivers/STM32WBxx_HAL_Driver/Src/stm32wbxx_hal_flash_ex.c ****   /* Verify that next operation can be proceed */
 232:Drivers/STM32WBxx_HAL_Driver/Src/stm32wbxx_hal_flash_ex.c ****   status = FLASH_WaitForLastOperation(FLASH_TIMEOUT_VALUE);
 233:Drivers/STM32WBxx_HAL_Driver/Src/stm32wbxx_hal_flash_ex.c **** 
 234:Drivers/STM32WBxx_HAL_Driver/Src/stm32wbxx_hal_flash_ex.c ****   if (status != HAL_OK)
 235:Drivers/STM32WBxx_HAL_Driver/Src/stm32wbxx_hal_flash_ex.c ****   {
 236:Drivers/STM32WBxx_HAL_Driver/Src/stm32wbxx_hal_flash_ex.c ****     /* Process Unlocked */
 237:Drivers/STM32WBxx_HAL_Driver/Src/stm32wbxx_hal_flash_ex.c ****     __HAL_UNLOCK(&pFlash);
 238:Drivers/STM32WBxx_HAL_Driver/Src/stm32wbxx_hal_flash_ex.c ****   }
 239:Drivers/STM32WBxx_HAL_Driver/Src/stm32wbxx_hal_flash_ex.c ****   else
 240:Drivers/STM32WBxx_HAL_Driver/Src/stm32wbxx_hal_flash_ex.c ****   {
 241:Drivers/STM32WBxx_HAL_Driver/Src/stm32wbxx_hal_flash_ex.c ****     /* Enable End of Operation and Error interrupts */
 242:Drivers/STM32WBxx_HAL_Driver/Src/stm32wbxx_hal_flash_ex.c ****     __HAL_FLASH_ENABLE_IT(FLASH_IT_EOP | FLASH_IT_OPERR);
 243:Drivers/STM32WBxx_HAL_Driver/Src/stm32wbxx_hal_flash_ex.c **** 
 244:Drivers/STM32WBxx_HAL_Driver/Src/stm32wbxx_hal_flash_ex.c ****     if (pEraseInit->TypeErase == FLASH_TYPEERASE_PAGES)
 245:Drivers/STM32WBxx_HAL_Driver/Src/stm32wbxx_hal_flash_ex.c ****     {
 246:Drivers/STM32WBxx_HAL_Driver/Src/stm32wbxx_hal_flash_ex.c ****       /* Erase by page to be done */
 247:Drivers/STM32WBxx_HAL_Driver/Src/stm32wbxx_hal_flash_ex.c ****       pFlash.NbPagesToErase = pEraseInit->NbPages;
 248:Drivers/STM32WBxx_HAL_Driver/Src/stm32wbxx_hal_flash_ex.c ****       pFlash.Page = pEraseInit->Page;
 249:Drivers/STM32WBxx_HAL_Driver/Src/stm32wbxx_hal_flash_ex.c **** 
 250:Drivers/STM32WBxx_HAL_Driver/Src/stm32wbxx_hal_flash_ex.c ****       /*Erase 1st page and wait for IT */
 251:Drivers/STM32WBxx_HAL_Driver/Src/stm32wbxx_hal_flash_ex.c ****       FLASH_PageErase(pEraseInit->Page);
 252:Drivers/STM32WBxx_HAL_Driver/Src/stm32wbxx_hal_flash_ex.c ****     }
 253:Drivers/STM32WBxx_HAL_Driver/Src/stm32wbxx_hal_flash_ex.c ****   }
 254:Drivers/STM32WBxx_HAL_Driver/Src/stm32wbxx_hal_flash_ex.c **** 
 255:Drivers/STM32WBxx_HAL_Driver/Src/stm32wbxx_hal_flash_ex.c ****   /* return status */
 256:Drivers/STM32WBxx_HAL_Driver/Src/stm32wbxx_hal_flash_ex.c ****   return status;
 257:Drivers/STM32WBxx_HAL_Driver/Src/stm32wbxx_hal_flash_ex.c **** }
 258:Drivers/STM32WBxx_HAL_Driver/Src/stm32wbxx_hal_flash_ex.c **** 
 259:Drivers/STM32WBxx_HAL_Driver/Src/stm32wbxx_hal_flash_ex.c **** /**
ARM GAS  /var/folders/98/ctz5mtps7w71v8dr53cf5qg40000gn/T//cc2XmeiS.s 			page 6


 260:Drivers/STM32WBxx_HAL_Driver/Src/stm32wbxx_hal_flash_ex.c ****   * @brief  Program Option bytes.
 261:Drivers/STM32WBxx_HAL_Driver/Src/stm32wbxx_hal_flash_ex.c ****   * @param  pOBInit Pointer to an @ref FLASH_OBProgramInitTypeDef structure that
 262:Drivers/STM32WBxx_HAL_Driver/Src/stm32wbxx_hal_flash_ex.c ****   *         contains the configuration information for the programming.
 263:Drivers/STM32WBxx_HAL_Driver/Src/stm32wbxx_hal_flash_ex.c ****   * @note   To configure any option bytes, the option lock bit OPTLOCK must be
 264:Drivers/STM32WBxx_HAL_Driver/Src/stm32wbxx_hal_flash_ex.c ****   *         cleared with the call of @ref HAL_FLASH_OB_Unlock() function.
 265:Drivers/STM32WBxx_HAL_Driver/Src/stm32wbxx_hal_flash_ex.c ****   * @note   New option bytes configuration will be taken into account only
 266:Drivers/STM32WBxx_HAL_Driver/Src/stm32wbxx_hal_flash_ex.c ****   *         - after an option bytes launch through the call of @ref HAL_FLASH_OB_Launch()
 267:Drivers/STM32WBxx_HAL_Driver/Src/stm32wbxx_hal_flash_ex.c ****   *         - a Power On Reset
 268:Drivers/STM32WBxx_HAL_Driver/Src/stm32wbxx_hal_flash_ex.c ****   *         - an exit from Standby or Shutdown mode.
 269:Drivers/STM32WBxx_HAL_Driver/Src/stm32wbxx_hal_flash_ex.c ****   * @retval HAL Status
 270:Drivers/STM32WBxx_HAL_Driver/Src/stm32wbxx_hal_flash_ex.c ****   */
 271:Drivers/STM32WBxx_HAL_Driver/Src/stm32wbxx_hal_flash_ex.c **** HAL_StatusTypeDef HAL_FLASHEx_OBProgram(FLASH_OBProgramInitTypeDef *pOBInit)
 272:Drivers/STM32WBxx_HAL_Driver/Src/stm32wbxx_hal_flash_ex.c **** {
 273:Drivers/STM32WBxx_HAL_Driver/Src/stm32wbxx_hal_flash_ex.c ****   uint32_t optr;
 274:Drivers/STM32WBxx_HAL_Driver/Src/stm32wbxx_hal_flash_ex.c ****   HAL_StatusTypeDef status;
 275:Drivers/STM32WBxx_HAL_Driver/Src/stm32wbxx_hal_flash_ex.c **** 
 276:Drivers/STM32WBxx_HAL_Driver/Src/stm32wbxx_hal_flash_ex.c ****   /* Check the parameters */
 277:Drivers/STM32WBxx_HAL_Driver/Src/stm32wbxx_hal_flash_ex.c ****   assert_param(IS_OPTIONBYTE(pOBInit->OptionType));
 278:Drivers/STM32WBxx_HAL_Driver/Src/stm32wbxx_hal_flash_ex.c **** 
 279:Drivers/STM32WBxx_HAL_Driver/Src/stm32wbxx_hal_flash_ex.c ****   /* Process Locked */
 280:Drivers/STM32WBxx_HAL_Driver/Src/stm32wbxx_hal_flash_ex.c ****   __HAL_LOCK(&pFlash);
 281:Drivers/STM32WBxx_HAL_Driver/Src/stm32wbxx_hal_flash_ex.c **** 
 282:Drivers/STM32WBxx_HAL_Driver/Src/stm32wbxx_hal_flash_ex.c ****   pFlash.ErrorCode = HAL_FLASH_ERROR_NONE;
 283:Drivers/STM32WBxx_HAL_Driver/Src/stm32wbxx_hal_flash_ex.c **** 
 284:Drivers/STM32WBxx_HAL_Driver/Src/stm32wbxx_hal_flash_ex.c ****   /* Write protection configuration */
 285:Drivers/STM32WBxx_HAL_Driver/Src/stm32wbxx_hal_flash_ex.c ****   if ((pOBInit->OptionType & OPTIONBYTE_WRP) != 0U)
 286:Drivers/STM32WBxx_HAL_Driver/Src/stm32wbxx_hal_flash_ex.c ****   {
 287:Drivers/STM32WBxx_HAL_Driver/Src/stm32wbxx_hal_flash_ex.c ****     /* Configure of Write protection on the selected area */
 288:Drivers/STM32WBxx_HAL_Driver/Src/stm32wbxx_hal_flash_ex.c ****     FLASH_OB_WRPConfig(pOBInit->WRPArea, pOBInit->WRPStartOffset, pOBInit->WRPEndOffset);
 289:Drivers/STM32WBxx_HAL_Driver/Src/stm32wbxx_hal_flash_ex.c ****   }
 290:Drivers/STM32WBxx_HAL_Driver/Src/stm32wbxx_hal_flash_ex.c **** 
 291:Drivers/STM32WBxx_HAL_Driver/Src/stm32wbxx_hal_flash_ex.c ****   /* Option register */
 292:Drivers/STM32WBxx_HAL_Driver/Src/stm32wbxx_hal_flash_ex.c ****   if ((pOBInit->OptionType & (OPTIONBYTE_RDP | OPTIONBYTE_USER)) == (OPTIONBYTE_RDP | OPTIONBYTE_US
 293:Drivers/STM32WBxx_HAL_Driver/Src/stm32wbxx_hal_flash_ex.c ****   {
 294:Drivers/STM32WBxx_HAL_Driver/Src/stm32wbxx_hal_flash_ex.c ****     /* Fully modify OPTR register with RDP & user data */
 295:Drivers/STM32WBxx_HAL_Driver/Src/stm32wbxx_hal_flash_ex.c ****     FLASH_OB_OptrConfig(pOBInit->UserType, pOBInit->UserConfig, pOBInit->RDPLevel);
 296:Drivers/STM32WBxx_HAL_Driver/Src/stm32wbxx_hal_flash_ex.c ****   }
 297:Drivers/STM32WBxx_HAL_Driver/Src/stm32wbxx_hal_flash_ex.c ****   else if ((pOBInit->OptionType & OPTIONBYTE_RDP) != 0U)
 298:Drivers/STM32WBxx_HAL_Driver/Src/stm32wbxx_hal_flash_ex.c ****   {
 299:Drivers/STM32WBxx_HAL_Driver/Src/stm32wbxx_hal_flash_ex.c ****     /* Only modify RDP so get current user data */
 300:Drivers/STM32WBxx_HAL_Driver/Src/stm32wbxx_hal_flash_ex.c ****     optr = FLASH_OB_GetUser();
 301:Drivers/STM32WBxx_HAL_Driver/Src/stm32wbxx_hal_flash_ex.c **** 
 302:Drivers/STM32WBxx_HAL_Driver/Src/stm32wbxx_hal_flash_ex.c ****     /* Remove BOR LEVEL User Type*/
 303:Drivers/STM32WBxx_HAL_Driver/Src/stm32wbxx_hal_flash_ex.c ****     optr &= ~OB_USER_BOR_LEV;
 304:Drivers/STM32WBxx_HAL_Driver/Src/stm32wbxx_hal_flash_ex.c **** 
 305:Drivers/STM32WBxx_HAL_Driver/Src/stm32wbxx_hal_flash_ex.c ****     FLASH_OB_OptrConfig(optr, optr, pOBInit->RDPLevel);
 306:Drivers/STM32WBxx_HAL_Driver/Src/stm32wbxx_hal_flash_ex.c ****   }
 307:Drivers/STM32WBxx_HAL_Driver/Src/stm32wbxx_hal_flash_ex.c ****   else if ((pOBInit->OptionType & OPTIONBYTE_USER) != 0U)
 308:Drivers/STM32WBxx_HAL_Driver/Src/stm32wbxx_hal_flash_ex.c ****   {
 309:Drivers/STM32WBxx_HAL_Driver/Src/stm32wbxx_hal_flash_ex.c ****     /* Only modify user so get current RDP level */
 310:Drivers/STM32WBxx_HAL_Driver/Src/stm32wbxx_hal_flash_ex.c ****     optr = FLASH_OB_GetRDP();
 311:Drivers/STM32WBxx_HAL_Driver/Src/stm32wbxx_hal_flash_ex.c ****     FLASH_OB_OptrConfig(pOBInit->UserType, pOBInit->UserConfig, optr);
 312:Drivers/STM32WBxx_HAL_Driver/Src/stm32wbxx_hal_flash_ex.c ****   }
 313:Drivers/STM32WBxx_HAL_Driver/Src/stm32wbxx_hal_flash_ex.c ****   else
 314:Drivers/STM32WBxx_HAL_Driver/Src/stm32wbxx_hal_flash_ex.c ****   {
 315:Drivers/STM32WBxx_HAL_Driver/Src/stm32wbxx_hal_flash_ex.c ****     /* Do Nothing */
 316:Drivers/STM32WBxx_HAL_Driver/Src/stm32wbxx_hal_flash_ex.c ****   }
ARM GAS  /var/folders/98/ctz5mtps7w71v8dr53cf5qg40000gn/T//cc2XmeiS.s 			page 7


 317:Drivers/STM32WBxx_HAL_Driver/Src/stm32wbxx_hal_flash_ex.c **** 
 318:Drivers/STM32WBxx_HAL_Driver/Src/stm32wbxx_hal_flash_ex.c ****   /* PCROP Configuration */
 319:Drivers/STM32WBxx_HAL_Driver/Src/stm32wbxx_hal_flash_ex.c ****   if ((pOBInit->OptionType & OPTIONBYTE_PCROP) != 0U)
 320:Drivers/STM32WBxx_HAL_Driver/Src/stm32wbxx_hal_flash_ex.c ****   {
 321:Drivers/STM32WBxx_HAL_Driver/Src/stm32wbxx_hal_flash_ex.c ****     /* Check the parameters */
 322:Drivers/STM32WBxx_HAL_Driver/Src/stm32wbxx_hal_flash_ex.c ****     assert_param(IS_OB_PCROP_CONFIG(pOBInit->PCROPConfig));
 323:Drivers/STM32WBxx_HAL_Driver/Src/stm32wbxx_hal_flash_ex.c **** 
 324:Drivers/STM32WBxx_HAL_Driver/Src/stm32wbxx_hal_flash_ex.c ****     if ((pOBInit->PCROPConfig & (OB_PCROP_ZONE_A | OB_PCROP_RDP_ERASE)) != 0U)
 325:Drivers/STM32WBxx_HAL_Driver/Src/stm32wbxx_hal_flash_ex.c ****     {
 326:Drivers/STM32WBxx_HAL_Driver/Src/stm32wbxx_hal_flash_ex.c ****       /* Configure the Zone 1A Proprietary code readout protection */
 327:Drivers/STM32WBxx_HAL_Driver/Src/stm32wbxx_hal_flash_ex.c ****       FLASH_OB_PCROP1AConfig(pOBInit->PCROPConfig, pOBInit->PCROP1AStartAddr, pOBInit->PCROP1AEndAd
 328:Drivers/STM32WBxx_HAL_Driver/Src/stm32wbxx_hal_flash_ex.c ****     }
 329:Drivers/STM32WBxx_HAL_Driver/Src/stm32wbxx_hal_flash_ex.c **** 
 330:Drivers/STM32WBxx_HAL_Driver/Src/stm32wbxx_hal_flash_ex.c ****     if ((pOBInit->PCROPConfig & OB_PCROP_ZONE_B) != 0U)
 331:Drivers/STM32WBxx_HAL_Driver/Src/stm32wbxx_hal_flash_ex.c ****     {
 332:Drivers/STM32WBxx_HAL_Driver/Src/stm32wbxx_hal_flash_ex.c ****       /* Configure the Zone 1B Proprietary code readout protection */
 333:Drivers/STM32WBxx_HAL_Driver/Src/stm32wbxx_hal_flash_ex.c ****       FLASH_OB_PCROP1BConfig(pOBInit->PCROP1BStartAddr, pOBInit->PCROP1BEndAddr);
 334:Drivers/STM32WBxx_HAL_Driver/Src/stm32wbxx_hal_flash_ex.c ****     }
 335:Drivers/STM32WBxx_HAL_Driver/Src/stm32wbxx_hal_flash_ex.c ****   }
 336:Drivers/STM32WBxx_HAL_Driver/Src/stm32wbxx_hal_flash_ex.c **** 
 337:Drivers/STM32WBxx_HAL_Driver/Src/stm32wbxx_hal_flash_ex.c ****   /*  Secure mode and CPU2 Boot Vector */
 338:Drivers/STM32WBxx_HAL_Driver/Src/stm32wbxx_hal_flash_ex.c ****   if ((pOBInit->OptionType & (OPTIONBYTE_SECURE_MODE | OPTIONBYTE_C2_BOOT_VECT)) != 0U)
 339:Drivers/STM32WBxx_HAL_Driver/Src/stm32wbxx_hal_flash_ex.c ****   {
 340:Drivers/STM32WBxx_HAL_Driver/Src/stm32wbxx_hal_flash_ex.c ****     /* Set the secure flash and SRAM memory start address */
 341:Drivers/STM32WBxx_HAL_Driver/Src/stm32wbxx_hal_flash_ex.c ****     FLASH_OB_SecureConfig(pOBInit);
 342:Drivers/STM32WBxx_HAL_Driver/Src/stm32wbxx_hal_flash_ex.c ****   }
 343:Drivers/STM32WBxx_HAL_Driver/Src/stm32wbxx_hal_flash_ex.c **** 
 344:Drivers/STM32WBxx_HAL_Driver/Src/stm32wbxx_hal_flash_ex.c ****   /* IPCC mailbox data buffer address */
 345:Drivers/STM32WBxx_HAL_Driver/Src/stm32wbxx_hal_flash_ex.c ****   if ((pOBInit->OptionType & OPTIONBYTE_IPCC_BUF_ADDR) != 0U)
 346:Drivers/STM32WBxx_HAL_Driver/Src/stm32wbxx_hal_flash_ex.c ****   {
 347:Drivers/STM32WBxx_HAL_Driver/Src/stm32wbxx_hal_flash_ex.c ****     /* Configure the IPCC data buffer address */
 348:Drivers/STM32WBxx_HAL_Driver/Src/stm32wbxx_hal_flash_ex.c ****     FLASH_OB_IPCCBufferAddrConfig(pOBInit->IPCCdataBufAddr);
 349:Drivers/STM32WBxx_HAL_Driver/Src/stm32wbxx_hal_flash_ex.c ****   }
 350:Drivers/STM32WBxx_HAL_Driver/Src/stm32wbxx_hal_flash_ex.c **** 
 351:Drivers/STM32WBxx_HAL_Driver/Src/stm32wbxx_hal_flash_ex.c ****   /* Proceed the OB Write Operation */
 352:Drivers/STM32WBxx_HAL_Driver/Src/stm32wbxx_hal_flash_ex.c ****   status = FLASH_OB_ProceedWriteOperation();
 353:Drivers/STM32WBxx_HAL_Driver/Src/stm32wbxx_hal_flash_ex.c **** 
 354:Drivers/STM32WBxx_HAL_Driver/Src/stm32wbxx_hal_flash_ex.c ****   /* Process Unlocked */
 355:Drivers/STM32WBxx_HAL_Driver/Src/stm32wbxx_hal_flash_ex.c ****   __HAL_UNLOCK(&pFlash);
 356:Drivers/STM32WBxx_HAL_Driver/Src/stm32wbxx_hal_flash_ex.c **** 
 357:Drivers/STM32WBxx_HAL_Driver/Src/stm32wbxx_hal_flash_ex.c ****   /* return status */
 358:Drivers/STM32WBxx_HAL_Driver/Src/stm32wbxx_hal_flash_ex.c ****   return status;
 359:Drivers/STM32WBxx_HAL_Driver/Src/stm32wbxx_hal_flash_ex.c **** }
 360:Drivers/STM32WBxx_HAL_Driver/Src/stm32wbxx_hal_flash_ex.c **** 
 361:Drivers/STM32WBxx_HAL_Driver/Src/stm32wbxx_hal_flash_ex.c **** /**
 362:Drivers/STM32WBxx_HAL_Driver/Src/stm32wbxx_hal_flash_ex.c ****   * @brief  Get the Option bytes configuration.
 363:Drivers/STM32WBxx_HAL_Driver/Src/stm32wbxx_hal_flash_ex.c ****   * @note   warning: this API only read flash register, it does not reflect any
 364:Drivers/STM32WBxx_HAL_Driver/Src/stm32wbxx_hal_flash_ex.c ****   *         change that would have been programmed between previous Option byte
 365:Drivers/STM32WBxx_HAL_Driver/Src/stm32wbxx_hal_flash_ex.c ****   *         loading and current call.
 366:Drivers/STM32WBxx_HAL_Driver/Src/stm32wbxx_hal_flash_ex.c ****   * @param  pOBInit Pointer to an @ref FLASH_OBProgramInitTypeDef structure that contains the
 367:Drivers/STM32WBxx_HAL_Driver/Src/stm32wbxx_hal_flash_ex.c ****   *                  configuration information. The fields pOBInit->WRPArea and
 368:Drivers/STM32WBxx_HAL_Driver/Src/stm32wbxx_hal_flash_ex.c ****   *                  pOBInit->PCROPConfig should indicate which area is requested
 369:Drivers/STM32WBxx_HAL_Driver/Src/stm32wbxx_hal_flash_ex.c ****   *                  for the WRP and PCROP.
 370:Drivers/STM32WBxx_HAL_Driver/Src/stm32wbxx_hal_flash_ex.c ****   * @retval None
 371:Drivers/STM32WBxx_HAL_Driver/Src/stm32wbxx_hal_flash_ex.c ****   */
 372:Drivers/STM32WBxx_HAL_Driver/Src/stm32wbxx_hal_flash_ex.c **** void HAL_FLASHEx_OBGetConfig(FLASH_OBProgramInitTypeDef *pOBInit)
 373:Drivers/STM32WBxx_HAL_Driver/Src/stm32wbxx_hal_flash_ex.c **** {
ARM GAS  /var/folders/98/ctz5mtps7w71v8dr53cf5qg40000gn/T//cc2XmeiS.s 			page 8


 374:Drivers/STM32WBxx_HAL_Driver/Src/stm32wbxx_hal_flash_ex.c ****   pOBInit->OptionType = OPTIONBYTE_ALL;
 375:Drivers/STM32WBxx_HAL_Driver/Src/stm32wbxx_hal_flash_ex.c **** 
 376:Drivers/STM32WBxx_HAL_Driver/Src/stm32wbxx_hal_flash_ex.c ****   if ((pOBInit->WRPArea == OB_WRPAREA_BANK1_AREAA) || (pOBInit->WRPArea == OB_WRPAREA_BANK1_AREAB))
 377:Drivers/STM32WBxx_HAL_Driver/Src/stm32wbxx_hal_flash_ex.c ****   {
 378:Drivers/STM32WBxx_HAL_Driver/Src/stm32wbxx_hal_flash_ex.c ****     /* Get write protection on the selected area */
 379:Drivers/STM32WBxx_HAL_Driver/Src/stm32wbxx_hal_flash_ex.c ****     FLASH_OB_GetWRP(pOBInit->WRPArea, &(pOBInit->WRPStartOffset), &(pOBInit->WRPEndOffset));
 380:Drivers/STM32WBxx_HAL_Driver/Src/stm32wbxx_hal_flash_ex.c ****   }
 381:Drivers/STM32WBxx_HAL_Driver/Src/stm32wbxx_hal_flash_ex.c **** 
 382:Drivers/STM32WBxx_HAL_Driver/Src/stm32wbxx_hal_flash_ex.c ****   /* Get Read protection level */
 383:Drivers/STM32WBxx_HAL_Driver/Src/stm32wbxx_hal_flash_ex.c ****   pOBInit->RDPLevel = FLASH_OB_GetRDP();
 384:Drivers/STM32WBxx_HAL_Driver/Src/stm32wbxx_hal_flash_ex.c **** 
 385:Drivers/STM32WBxx_HAL_Driver/Src/stm32wbxx_hal_flash_ex.c ****   /* Get the user option bytes */
 386:Drivers/STM32WBxx_HAL_Driver/Src/stm32wbxx_hal_flash_ex.c ****   pOBInit->UserConfig = FLASH_OB_GetUser();
 387:Drivers/STM32WBxx_HAL_Driver/Src/stm32wbxx_hal_flash_ex.c ****   pOBInit->UserType = OB_USER_ALL;
 388:Drivers/STM32WBxx_HAL_Driver/Src/stm32wbxx_hal_flash_ex.c **** 
 389:Drivers/STM32WBxx_HAL_Driver/Src/stm32wbxx_hal_flash_ex.c ****   /* Get the Zone 1A and 1B Proprietary code readout protection */
 390:Drivers/STM32WBxx_HAL_Driver/Src/stm32wbxx_hal_flash_ex.c ****   FLASH_OB_GetPCROP(&(pOBInit->PCROPConfig), &(pOBInit->PCROP1AStartAddr), &(pOBInit->PCROP1AEndAdd
 391:Drivers/STM32WBxx_HAL_Driver/Src/stm32wbxx_hal_flash_ex.c ****                     &(pOBInit->PCROP1BStartAddr), &(pOBInit->PCROP1BEndAddr));
 392:Drivers/STM32WBxx_HAL_Driver/Src/stm32wbxx_hal_flash_ex.c ****   pOBInit->PCROPConfig |= (OB_PCROP_ZONE_A | OB_PCROP_ZONE_B);
 393:Drivers/STM32WBxx_HAL_Driver/Src/stm32wbxx_hal_flash_ex.c **** 
 394:Drivers/STM32WBxx_HAL_Driver/Src/stm32wbxx_hal_flash_ex.c ****   /* Get the IPCC start Address */
 395:Drivers/STM32WBxx_HAL_Driver/Src/stm32wbxx_hal_flash_ex.c ****   pOBInit->IPCCdataBufAddr = FLASH_OB_GetIPCCBufferAddr();
 396:Drivers/STM32WBxx_HAL_Driver/Src/stm32wbxx_hal_flash_ex.c **** 
 397:Drivers/STM32WBxx_HAL_Driver/Src/stm32wbxx_hal_flash_ex.c ****   /* Get the Secure Flash start address, Secure Backup RAM2a start address, Secure non-Backup RAM2b
 398:Drivers/STM32WBxx_HAL_Driver/Src/stm32wbxx_hal_flash_ex.c ****   FLASH_OB_GetSecureMemoryConfig(&(pOBInit->SecureFlashStartAddr), &(pOBInit->SecureRAM2aStartAddr)
 399:Drivers/STM32WBxx_HAL_Driver/Src/stm32wbxx_hal_flash_ex.c ****                                  &(pOBInit->SecureRAM2bStartAddr), &(pOBInit->SecureMode));
 400:Drivers/STM32WBxx_HAL_Driver/Src/stm32wbxx_hal_flash_ex.c **** 
 401:Drivers/STM32WBxx_HAL_Driver/Src/stm32wbxx_hal_flash_ex.c ****   /* Get the M0+ Secure Boot reset vector and Secure Boot memory selection */
 402:Drivers/STM32WBxx_HAL_Driver/Src/stm32wbxx_hal_flash_ex.c ****   FLASH_OB_GetC2BootResetConfig(&(pOBInit->C2SecureBootVectAddr), &(pOBInit->C2BootRegion));
 403:Drivers/STM32WBxx_HAL_Driver/Src/stm32wbxx_hal_flash_ex.c **** }
 404:Drivers/STM32WBxx_HAL_Driver/Src/stm32wbxx_hal_flash_ex.c **** 
 405:Drivers/STM32WBxx_HAL_Driver/Src/stm32wbxx_hal_flash_ex.c **** /**
 406:Drivers/STM32WBxx_HAL_Driver/Src/stm32wbxx_hal_flash_ex.c ****   * @brief  Flash Empty check
 407:Drivers/STM32WBxx_HAL_Driver/Src/stm32wbxx_hal_flash_ex.c ****   * @note   This API checks if first location in Flash is programmed or not.
 408:Drivers/STM32WBxx_HAL_Driver/Src/stm32wbxx_hal_flash_ex.c ****   *         This check is done once by Option Byte Loader.
 409:Drivers/STM32WBxx_HAL_Driver/Src/stm32wbxx_hal_flash_ex.c ****   * @retval Returned value can be one of the following values:
 410:Drivers/STM32WBxx_HAL_Driver/Src/stm32wbxx_hal_flash_ex.c ****   *         @arg @ref FLASH_PROG_NOT_EMPTY 1st location in Flash is programmed
 411:Drivers/STM32WBxx_HAL_Driver/Src/stm32wbxx_hal_flash_ex.c ****   *         @arg @ref FLASH_PROG_EMPTY 1st location in Flash is empty
 412:Drivers/STM32WBxx_HAL_Driver/Src/stm32wbxx_hal_flash_ex.c ****   */
 413:Drivers/STM32WBxx_HAL_Driver/Src/stm32wbxx_hal_flash_ex.c **** uint32_t HAL_FLASHEx_FlashEmptyCheck(void)
 414:Drivers/STM32WBxx_HAL_Driver/Src/stm32wbxx_hal_flash_ex.c **** {
 415:Drivers/STM32WBxx_HAL_Driver/Src/stm32wbxx_hal_flash_ex.c ****   return (READ_BIT(FLASH->ACR, FLASH_ACR_EMPTY));
 416:Drivers/STM32WBxx_HAL_Driver/Src/stm32wbxx_hal_flash_ex.c **** }
 417:Drivers/STM32WBxx_HAL_Driver/Src/stm32wbxx_hal_flash_ex.c **** 
 418:Drivers/STM32WBxx_HAL_Driver/Src/stm32wbxx_hal_flash_ex.c **** 
 419:Drivers/STM32WBxx_HAL_Driver/Src/stm32wbxx_hal_flash_ex.c **** /**
 420:Drivers/STM32WBxx_HAL_Driver/Src/stm32wbxx_hal_flash_ex.c ****   * @brief  Force Empty check value.
 421:Drivers/STM32WBxx_HAL_Driver/Src/stm32wbxx_hal_flash_ex.c ****   * @note   Allows to modify program empty check value in order to force this
 422:Drivers/STM32WBxx_HAL_Driver/Src/stm32wbxx_hal_flash_ex.c ****   *         information in Flash Interface, for all next reset that do not launch
 423:Drivers/STM32WBxx_HAL_Driver/Src/stm32wbxx_hal_flash_ex.c ****   *         Option Byte Loader.
 424:Drivers/STM32WBxx_HAL_Driver/Src/stm32wbxx_hal_flash_ex.c ****   * @param  FlashEmpty Specifies the empty check value
 425:Drivers/STM32WBxx_HAL_Driver/Src/stm32wbxx_hal_flash_ex.c ****   *          This parameter can be one of the following values:
 426:Drivers/STM32WBxx_HAL_Driver/Src/stm32wbxx_hal_flash_ex.c ****   *            @arg @ref FLASH_PROG_NOT_EMPTY 1st location in Flash is programmed
 427:Drivers/STM32WBxx_HAL_Driver/Src/stm32wbxx_hal_flash_ex.c ****   *            @arg @ref FLASH_PROG_EMPTY 1st location in Flash is empty
 428:Drivers/STM32WBxx_HAL_Driver/Src/stm32wbxx_hal_flash_ex.c ****   * @retval None
 429:Drivers/STM32WBxx_HAL_Driver/Src/stm32wbxx_hal_flash_ex.c ****   */
 430:Drivers/STM32WBxx_HAL_Driver/Src/stm32wbxx_hal_flash_ex.c **** void HAL_FLASHEx_ForceFlashEmpty(uint32_t FlashEmpty)
ARM GAS  /var/folders/98/ctz5mtps7w71v8dr53cf5qg40000gn/T//cc2XmeiS.s 			page 9


 431:Drivers/STM32WBxx_HAL_Driver/Src/stm32wbxx_hal_flash_ex.c **** {
 432:Drivers/STM32WBxx_HAL_Driver/Src/stm32wbxx_hal_flash_ex.c ****   assert_param(IS_FLASH_EMPTY_CHECK(FlashEmpty));
 433:Drivers/STM32WBxx_HAL_Driver/Src/stm32wbxx_hal_flash_ex.c **** 
 434:Drivers/STM32WBxx_HAL_Driver/Src/stm32wbxx_hal_flash_ex.c ****   MODIFY_REG(FLASH->ACR, FLASH_ACR_EMPTY, FlashEmpty);
 435:Drivers/STM32WBxx_HAL_Driver/Src/stm32wbxx_hal_flash_ex.c **** }
 436:Drivers/STM32WBxx_HAL_Driver/Src/stm32wbxx_hal_flash_ex.c **** 
 437:Drivers/STM32WBxx_HAL_Driver/Src/stm32wbxx_hal_flash_ex.c **** /**
 438:Drivers/STM32WBxx_HAL_Driver/Src/stm32wbxx_hal_flash_ex.c ****   * @brief  Suspend new program or erase operation request.
 439:Drivers/STM32WBxx_HAL_Driver/Src/stm32wbxx_hal_flash_ex.c ****   * @note   Any new Flash program and erase operation on both CPU side will be suspended
 440:Drivers/STM32WBxx_HAL_Driver/Src/stm32wbxx_hal_flash_ex.c ****   *         until this bit and the same bit in Flash CPU2 access control register (FLASH_C2ACR) are
 441:Drivers/STM32WBxx_HAL_Driver/Src/stm32wbxx_hal_flash_ex.c ****   *         cleared. The PESD bit in both the Flash status register (FLASH_SR) and Flash
 442:Drivers/STM32WBxx_HAL_Driver/Src/stm32wbxx_hal_flash_ex.c ****   *         CPU2 status register (FLASH_C2SR) register will be set when at least one PES
 443:Drivers/STM32WBxx_HAL_Driver/Src/stm32wbxx_hal_flash_ex.c ****   *         bit in FLASH_ACR or FLASH_C2ACR is set.
 444:Drivers/STM32WBxx_HAL_Driver/Src/stm32wbxx_hal_flash_ex.c ****   * @retval None
 445:Drivers/STM32WBxx_HAL_Driver/Src/stm32wbxx_hal_flash_ex.c ****   */
 446:Drivers/STM32WBxx_HAL_Driver/Src/stm32wbxx_hal_flash_ex.c **** void HAL_FLASHEx_SuspendOperation(void)
 447:Drivers/STM32WBxx_HAL_Driver/Src/stm32wbxx_hal_flash_ex.c **** {
 448:Drivers/STM32WBxx_HAL_Driver/Src/stm32wbxx_hal_flash_ex.c ****   SET_BIT(FLASH->ACR, FLASH_ACR_PES);
 449:Drivers/STM32WBxx_HAL_Driver/Src/stm32wbxx_hal_flash_ex.c **** }
 450:Drivers/STM32WBxx_HAL_Driver/Src/stm32wbxx_hal_flash_ex.c **** 
 451:Drivers/STM32WBxx_HAL_Driver/Src/stm32wbxx_hal_flash_ex.c **** /**
 452:Drivers/STM32WBxx_HAL_Driver/Src/stm32wbxx_hal_flash_ex.c ****   * @brief  Allow new program or erase operation request.
 453:Drivers/STM32WBxx_HAL_Driver/Src/stm32wbxx_hal_flash_ex.c ****   * @note   Any new Flash program and erase operation on both CPU side will be allowed
 454:Drivers/STM32WBxx_HAL_Driver/Src/stm32wbxx_hal_flash_ex.c ****   *         until one of this bit or the same bit in Flash CPU2 access control register (FLASH_C2AC
 455:Drivers/STM32WBxx_HAL_Driver/Src/stm32wbxx_hal_flash_ex.c ****   *         set. The PESD bit in both the Flash status register (FLASH_SR) and Flash
 456:Drivers/STM32WBxx_HAL_Driver/Src/stm32wbxx_hal_flash_ex.c ****   *         CPU2 status register (FLASH_C2SR) register will be clear when both PES
 457:Drivers/STM32WBxx_HAL_Driver/Src/stm32wbxx_hal_flash_ex.c ****   *         bit in FLASH_ACR or FLASH_C2ACR is cleared.
 458:Drivers/STM32WBxx_HAL_Driver/Src/stm32wbxx_hal_flash_ex.c ****   * @retval None
 459:Drivers/STM32WBxx_HAL_Driver/Src/stm32wbxx_hal_flash_ex.c ****   */
 460:Drivers/STM32WBxx_HAL_Driver/Src/stm32wbxx_hal_flash_ex.c **** void HAL_FLASHEx_AllowOperation(void)
 461:Drivers/STM32WBxx_HAL_Driver/Src/stm32wbxx_hal_flash_ex.c **** {
 462:Drivers/STM32WBxx_HAL_Driver/Src/stm32wbxx_hal_flash_ex.c ****   CLEAR_BIT(FLASH->ACR, FLASH_ACR_PES);
 463:Drivers/STM32WBxx_HAL_Driver/Src/stm32wbxx_hal_flash_ex.c **** }
 464:Drivers/STM32WBxx_HAL_Driver/Src/stm32wbxx_hal_flash_ex.c **** 
 465:Drivers/STM32WBxx_HAL_Driver/Src/stm32wbxx_hal_flash_ex.c **** /**
 466:Drivers/STM32WBxx_HAL_Driver/Src/stm32wbxx_hal_flash_ex.c ****   * @brief  Check if new program or erase operation request from CPU1 or CPU2 is suspended
 467:Drivers/STM32WBxx_HAL_Driver/Src/stm32wbxx_hal_flash_ex.c ****   * @note   Any new Flash program and erase operation on both CPU side will be allowed
 468:Drivers/STM32WBxx_HAL_Driver/Src/stm32wbxx_hal_flash_ex.c ****   *         until one of this bit or the same bit in Flash CPU2 access control register (FLASH_C2AC
 469:Drivers/STM32WBxx_HAL_Driver/Src/stm32wbxx_hal_flash_ex.c ****   *         set. The PESD bit in both the Flash status register (FLASH_SR) and Flash
 470:Drivers/STM32WBxx_HAL_Driver/Src/stm32wbxx_hal_flash_ex.c ****   *         CPU2 status register (FLASH_C2SR) register will be cleared when both PES
 471:Drivers/STM32WBxx_HAL_Driver/Src/stm32wbxx_hal_flash_ex.c ****   *         bit in FLASH_ACR and FLASH_C2ACR are cleared.
 472:Drivers/STM32WBxx_HAL_Driver/Src/stm32wbxx_hal_flash_ex.c ****   * @retval Status
 473:Drivers/STM32WBxx_HAL_Driver/Src/stm32wbxx_hal_flash_ex.c ****   *          - 0 : No suspended flash operation
 474:Drivers/STM32WBxx_HAL_Driver/Src/stm32wbxx_hal_flash_ex.c ****   *          - 1 : Flash operation is suspended
 475:Drivers/STM32WBxx_HAL_Driver/Src/stm32wbxx_hal_flash_ex.c ****   */
 476:Drivers/STM32WBxx_HAL_Driver/Src/stm32wbxx_hal_flash_ex.c **** uint32_t HAL_FLASHEx_IsOperationSuspended(void)
 477:Drivers/STM32WBxx_HAL_Driver/Src/stm32wbxx_hal_flash_ex.c **** {
 478:Drivers/STM32WBxx_HAL_Driver/Src/stm32wbxx_hal_flash_ex.c ****   uint32_t status = 0U;
 479:Drivers/STM32WBxx_HAL_Driver/Src/stm32wbxx_hal_flash_ex.c **** 
 480:Drivers/STM32WBxx_HAL_Driver/Src/stm32wbxx_hal_flash_ex.c ****   if (READ_BIT(FLASH->SR, FLASH_SR_PESD) == FLASH_SR_PESD)
 481:Drivers/STM32WBxx_HAL_Driver/Src/stm32wbxx_hal_flash_ex.c ****   {
 482:Drivers/STM32WBxx_HAL_Driver/Src/stm32wbxx_hal_flash_ex.c ****     status = 1U;
 483:Drivers/STM32WBxx_HAL_Driver/Src/stm32wbxx_hal_flash_ex.c ****   }
 484:Drivers/STM32WBxx_HAL_Driver/Src/stm32wbxx_hal_flash_ex.c **** 
 485:Drivers/STM32WBxx_HAL_Driver/Src/stm32wbxx_hal_flash_ex.c ****   return status;
 486:Drivers/STM32WBxx_HAL_Driver/Src/stm32wbxx_hal_flash_ex.c **** }
 487:Drivers/STM32WBxx_HAL_Driver/Src/stm32wbxx_hal_flash_ex.c **** 
ARM GAS  /var/folders/98/ctz5mtps7w71v8dr53cf5qg40000gn/T//cc2XmeiS.s 			page 10


 488:Drivers/STM32WBxx_HAL_Driver/Src/stm32wbxx_hal_flash_ex.c **** /**
 489:Drivers/STM32WBxx_HAL_Driver/Src/stm32wbxx_hal_flash_ex.c ****   * @}
 490:Drivers/STM32WBxx_HAL_Driver/Src/stm32wbxx_hal_flash_ex.c ****   */
 491:Drivers/STM32WBxx_HAL_Driver/Src/stm32wbxx_hal_flash_ex.c **** 
 492:Drivers/STM32WBxx_HAL_Driver/Src/stm32wbxx_hal_flash_ex.c **** /**
 493:Drivers/STM32WBxx_HAL_Driver/Src/stm32wbxx_hal_flash_ex.c ****   * @}
 494:Drivers/STM32WBxx_HAL_Driver/Src/stm32wbxx_hal_flash_ex.c ****   */
 495:Drivers/STM32WBxx_HAL_Driver/Src/stm32wbxx_hal_flash_ex.c **** 
 496:Drivers/STM32WBxx_HAL_Driver/Src/stm32wbxx_hal_flash_ex.c **** /* Private functions ---------------------------------------------------------*/
 497:Drivers/STM32WBxx_HAL_Driver/Src/stm32wbxx_hal_flash_ex.c **** /** @addtogroup FLASHEx_Private_Functions
 498:Drivers/STM32WBxx_HAL_Driver/Src/stm32wbxx_hal_flash_ex.c ****   * @{
 499:Drivers/STM32WBxx_HAL_Driver/Src/stm32wbxx_hal_flash_ex.c ****   */
 500:Drivers/STM32WBxx_HAL_Driver/Src/stm32wbxx_hal_flash_ex.c **** 
 501:Drivers/STM32WBxx_HAL_Driver/Src/stm32wbxx_hal_flash_ex.c **** /**
 502:Drivers/STM32WBxx_HAL_Driver/Src/stm32wbxx_hal_flash_ex.c ****   * @brief  Erase the specified FLASH memory page.
 503:Drivers/STM32WBxx_HAL_Driver/Src/stm32wbxx_hal_flash_ex.c ****   * @param  Page FLASH page to erase
 504:Drivers/STM32WBxx_HAL_Driver/Src/stm32wbxx_hal_flash_ex.c ****   *         This parameter must be a value between 0 and (max number of pages in Flash - 1)
 505:Drivers/STM32WBxx_HAL_Driver/Src/stm32wbxx_hal_flash_ex.c ****   * @retval None
 506:Drivers/STM32WBxx_HAL_Driver/Src/stm32wbxx_hal_flash_ex.c ****   */
 507:Drivers/STM32WBxx_HAL_Driver/Src/stm32wbxx_hal_flash_ex.c **** void FLASH_PageErase(uint32_t Page)
 508:Drivers/STM32WBxx_HAL_Driver/Src/stm32wbxx_hal_flash_ex.c **** {
 509:Drivers/STM32WBxx_HAL_Driver/Src/stm32wbxx_hal_flash_ex.c ****   /* Check the parameters */
 510:Drivers/STM32WBxx_HAL_Driver/Src/stm32wbxx_hal_flash_ex.c ****   assert_param(IS_FLASH_PAGE(Page));
 511:Drivers/STM32WBxx_HAL_Driver/Src/stm32wbxx_hal_flash_ex.c **** 
 512:Drivers/STM32WBxx_HAL_Driver/Src/stm32wbxx_hal_flash_ex.c ****   /* Proceed to erase the page */
 513:Drivers/STM32WBxx_HAL_Driver/Src/stm32wbxx_hal_flash_ex.c ****   MODIFY_REG(FLASH->CR, FLASH_CR_PNB, ((Page << FLASH_CR_PNB_Pos) | FLASH_CR_PER | FLASH_CR_STRT));
 514:Drivers/STM32WBxx_HAL_Driver/Src/stm32wbxx_hal_flash_ex.c **** }
 515:Drivers/STM32WBxx_HAL_Driver/Src/stm32wbxx_hal_flash_ex.c **** 
 516:Drivers/STM32WBxx_HAL_Driver/Src/stm32wbxx_hal_flash_ex.c **** /**
 517:Drivers/STM32WBxx_HAL_Driver/Src/stm32wbxx_hal_flash_ex.c ****   * @brief  Flush the instruction and data caches.
 518:Drivers/STM32WBxx_HAL_Driver/Src/stm32wbxx_hal_flash_ex.c ****   * @retval None
 519:Drivers/STM32WBxx_HAL_Driver/Src/stm32wbxx_hal_flash_ex.c ****   */
 520:Drivers/STM32WBxx_HAL_Driver/Src/stm32wbxx_hal_flash_ex.c **** static void FLASH_FlushCaches(void)
 521:Drivers/STM32WBxx_HAL_Driver/Src/stm32wbxx_hal_flash_ex.c **** {
  28              		.loc 1 521 1 view -0
  29              		.cfi_startproc
  30              		@ args = 0, pretend = 0, frame = 0
  31              		@ frame_needed = 0, uses_anonymous_args = 0
  32              		@ link register save eliminated.
 522:Drivers/STM32WBxx_HAL_Driver/Src/stm32wbxx_hal_flash_ex.c ****   /* Flush instruction cache  */
 523:Drivers/STM32WBxx_HAL_Driver/Src/stm32wbxx_hal_flash_ex.c ****   if (READ_BIT(FLASH->ACR, FLASH_ACR_ICEN) == FLASH_ACR_ICEN)
  33              		.loc 1 523 3 view .LVU1
  34              		.loc 1 523 7 is_stmt 0 view .LVU2
  35 0000 164B     		ldr	r3, .L4
  36 0002 1B68     		ldr	r3, [r3]
  37              		.loc 1 523 6 view .LVU3
  38 0004 13F4007F 		tst	r3, #512
  39 0008 10D0     		beq	.L2
 524:Drivers/STM32WBxx_HAL_Driver/Src/stm32wbxx_hal_flash_ex.c ****   {
 525:Drivers/STM32WBxx_HAL_Driver/Src/stm32wbxx_hal_flash_ex.c ****     /* Disable instruction cache  */
 526:Drivers/STM32WBxx_HAL_Driver/Src/stm32wbxx_hal_flash_ex.c ****     __HAL_FLASH_INSTRUCTION_CACHE_DISABLE();
  40              		.loc 1 526 5 is_stmt 1 view .LVU4
  41 000a 144B     		ldr	r3, .L4
  42 000c 1A68     		ldr	r2, [r3]
  43 000e 22F40072 		bic	r2, r2, #512
  44 0012 1A60     		str	r2, [r3]
 527:Drivers/STM32WBxx_HAL_Driver/Src/stm32wbxx_hal_flash_ex.c ****     /* Reset instruction cache */
ARM GAS  /var/folders/98/ctz5mtps7w71v8dr53cf5qg40000gn/T//cc2XmeiS.s 			page 11


 528:Drivers/STM32WBxx_HAL_Driver/Src/stm32wbxx_hal_flash_ex.c ****     __HAL_FLASH_INSTRUCTION_CACHE_RESET();
  45              		.loc 1 528 5 view .LVU5
  46              		.loc 1 528 5 view .LVU6
  47 0014 1A68     		ldr	r2, [r3]
  48 0016 42F40062 		orr	r2, r2, #2048
  49 001a 1A60     		str	r2, [r3]
  50              		.loc 1 528 5 view .LVU7
  51 001c 1A68     		ldr	r2, [r3]
  52 001e 22F40062 		bic	r2, r2, #2048
  53 0022 1A60     		str	r2, [r3]
  54              		.loc 1 528 5 view .LVU8
 529:Drivers/STM32WBxx_HAL_Driver/Src/stm32wbxx_hal_flash_ex.c ****     /* Enable instruction cache */
 530:Drivers/STM32WBxx_HAL_Driver/Src/stm32wbxx_hal_flash_ex.c ****     __HAL_FLASH_INSTRUCTION_CACHE_ENABLE();
  55              		.loc 1 530 5 view .LVU9
  56 0024 1A68     		ldr	r2, [r3]
  57 0026 42F40072 		orr	r2, r2, #512
  58 002a 1A60     		str	r2, [r3]
  59              	.L2:
 531:Drivers/STM32WBxx_HAL_Driver/Src/stm32wbxx_hal_flash_ex.c ****   }
 532:Drivers/STM32WBxx_HAL_Driver/Src/stm32wbxx_hal_flash_ex.c **** 
 533:Drivers/STM32WBxx_HAL_Driver/Src/stm32wbxx_hal_flash_ex.c ****   /* Flush data cache */
 534:Drivers/STM32WBxx_HAL_Driver/Src/stm32wbxx_hal_flash_ex.c ****   if (READ_BIT(FLASH->ACR, FLASH_ACR_DCEN) == FLASH_ACR_DCEN)
  60              		.loc 1 534 3 view .LVU10
  61              		.loc 1 534 7 is_stmt 0 view .LVU11
  62 002c 0B4B     		ldr	r3, .L4
  63 002e 1B68     		ldr	r3, [r3]
  64              		.loc 1 534 6 view .LVU12
  65 0030 13F4806F 		tst	r3, #1024
  66 0034 10D0     		beq	.L1
 535:Drivers/STM32WBxx_HAL_Driver/Src/stm32wbxx_hal_flash_ex.c ****   {
 536:Drivers/STM32WBxx_HAL_Driver/Src/stm32wbxx_hal_flash_ex.c ****     /* Disable data cache  */
 537:Drivers/STM32WBxx_HAL_Driver/Src/stm32wbxx_hal_flash_ex.c ****     __HAL_FLASH_DATA_CACHE_DISABLE();
  67              		.loc 1 537 5 is_stmt 1 view .LVU13
  68 0036 094B     		ldr	r3, .L4
  69 0038 1A68     		ldr	r2, [r3]
  70 003a 22F48062 		bic	r2, r2, #1024
  71 003e 1A60     		str	r2, [r3]
 538:Drivers/STM32WBxx_HAL_Driver/Src/stm32wbxx_hal_flash_ex.c ****     /* Reset data cache */
 539:Drivers/STM32WBxx_HAL_Driver/Src/stm32wbxx_hal_flash_ex.c ****     __HAL_FLASH_DATA_CACHE_RESET();
  72              		.loc 1 539 5 view .LVU14
  73              		.loc 1 539 5 view .LVU15
  74 0040 1A68     		ldr	r2, [r3]
  75 0042 42F48052 		orr	r2, r2, #4096
  76 0046 1A60     		str	r2, [r3]
  77              		.loc 1 539 5 view .LVU16
  78 0048 1A68     		ldr	r2, [r3]
  79 004a 22F48052 		bic	r2, r2, #4096
  80 004e 1A60     		str	r2, [r3]
  81              		.loc 1 539 5 view .LVU17
 540:Drivers/STM32WBxx_HAL_Driver/Src/stm32wbxx_hal_flash_ex.c ****     /* Enable data cache */
 541:Drivers/STM32WBxx_HAL_Driver/Src/stm32wbxx_hal_flash_ex.c ****     __HAL_FLASH_DATA_CACHE_ENABLE();
  82              		.loc 1 541 5 view .LVU18
  83 0050 1A68     		ldr	r2, [r3]
  84 0052 42F48062 		orr	r2, r2, #1024
  85 0056 1A60     		str	r2, [r3]
  86              	.L1:
 542:Drivers/STM32WBxx_HAL_Driver/Src/stm32wbxx_hal_flash_ex.c ****   }
ARM GAS  /var/folders/98/ctz5mtps7w71v8dr53cf5qg40000gn/T//cc2XmeiS.s 			page 12


 543:Drivers/STM32WBxx_HAL_Driver/Src/stm32wbxx_hal_flash_ex.c **** }
  87              		.loc 1 543 1 is_stmt 0 view .LVU19
  88 0058 7047     		bx	lr
  89              	.L5:
  90 005a 00BF     		.align	2
  91              	.L4:
  92 005c 00400058 		.word	1476411392
  93              		.cfi_endproc
  94              	.LFE960:
  96              		.section	.text.FLASH_AcknowledgePageErase,"ax",%progbits
  97              		.align	1
  98              		.syntax unified
  99              		.thumb
 100              		.thumb_func
 102              	FLASH_AcknowledgePageErase:
 103              	.LFB961:
 544:Drivers/STM32WBxx_HAL_Driver/Src/stm32wbxx_hal_flash_ex.c **** 
 545:Drivers/STM32WBxx_HAL_Driver/Src/stm32wbxx_hal_flash_ex.c **** /**
 546:Drivers/STM32WBxx_HAL_Driver/Src/stm32wbxx_hal_flash_ex.c ****   * @brief  Acknlowldge the page erase operation.
 547:Drivers/STM32WBxx_HAL_Driver/Src/stm32wbxx_hal_flash_ex.c ****   * @retval None
 548:Drivers/STM32WBxx_HAL_Driver/Src/stm32wbxx_hal_flash_ex.c ****   */
 549:Drivers/STM32WBxx_HAL_Driver/Src/stm32wbxx_hal_flash_ex.c **** static void FLASH_AcknowledgePageErase(void)
 550:Drivers/STM32WBxx_HAL_Driver/Src/stm32wbxx_hal_flash_ex.c **** {
 104              		.loc 1 550 1 is_stmt 1 view -0
 105              		.cfi_startproc
 106              		@ args = 0, pretend = 0, frame = 0
 107              		@ frame_needed = 0, uses_anonymous_args = 0
 108              		@ link register save eliminated.
 551:Drivers/STM32WBxx_HAL_Driver/Src/stm32wbxx_hal_flash_ex.c ****   CLEAR_BIT(FLASH->CR, (FLASH_CR_PER | FLASH_CR_PNB));
 109              		.loc 1 551 3 view .LVU21
 110 0000 034A     		ldr	r2, .L7
 111 0002 5369     		ldr	r3, [r2, #20]
 112 0004 23F4FF63 		bic	r3, r3, #2040
 113 0008 23F00203 		bic	r3, r3, #2
 114 000c 5361     		str	r3, [r2, #20]
 552:Drivers/STM32WBxx_HAL_Driver/Src/stm32wbxx_hal_flash_ex.c **** }
 115              		.loc 1 552 1 is_stmt 0 view .LVU22
 116 000e 7047     		bx	lr
 117              	.L8:
 118              		.align	2
 119              	.L7:
 120 0010 00400058 		.word	1476411392
 121              		.cfi_endproc
 122              	.LFE961:
 124              		.section	.text.FLASH_OB_WRPConfig,"ax",%progbits
 125              		.align	1
 126              		.syntax unified
 127              		.thumb
 128              		.thumb_func
 130              	FLASH_OB_WRPConfig:
 131              	.LVL0:
 132              	.LFB962:
 553:Drivers/STM32WBxx_HAL_Driver/Src/stm32wbxx_hal_flash_ex.c **** 
 554:Drivers/STM32WBxx_HAL_Driver/Src/stm32wbxx_hal_flash_ex.c **** /**
 555:Drivers/STM32WBxx_HAL_Driver/Src/stm32wbxx_hal_flash_ex.c ****   * @brief  Configure the write protection of the desired pages.
 556:Drivers/STM32WBxx_HAL_Driver/Src/stm32wbxx_hal_flash_ex.c ****   * @note   When WRP is active in a zone, it cannot be erased or programmed.
 557:Drivers/STM32WBxx_HAL_Driver/Src/stm32wbxx_hal_flash_ex.c ****   *         Consequently, a software mass erase cannot be performed if one zone
ARM GAS  /var/folders/98/ctz5mtps7w71v8dr53cf5qg40000gn/T//cc2XmeiS.s 			page 13


 558:Drivers/STM32WBxx_HAL_Driver/Src/stm32wbxx_hal_flash_ex.c ****   *         is write-protected.
 559:Drivers/STM32WBxx_HAL_Driver/Src/stm32wbxx_hal_flash_ex.c ****   * @note   When the memory read protection level is selected (RDP level = 1),
 560:Drivers/STM32WBxx_HAL_Driver/Src/stm32wbxx_hal_flash_ex.c ****   *         it is not possible to program or erase Flash memory if the CPU debug
 561:Drivers/STM32WBxx_HAL_Driver/Src/stm32wbxx_hal_flash_ex.c ****   *         features are connected (JTAG or single wire) or boot code is being
 562:Drivers/STM32WBxx_HAL_Driver/Src/stm32wbxx_hal_flash_ex.c ****   *         executed from RAM or System flash, even if WRP is not activated.
 563:Drivers/STM32WBxx_HAL_Driver/Src/stm32wbxx_hal_flash_ex.c ****   * @note   To configure the WRP options, the option lock bit OPTLOCK must be
 564:Drivers/STM32WBxx_HAL_Driver/Src/stm32wbxx_hal_flash_ex.c ****   *         cleared with the call of the @ref HAL_FLASH_OB_Unlock() function.
 565:Drivers/STM32WBxx_HAL_Driver/Src/stm32wbxx_hal_flash_ex.c ****   * @note   To validate the WRP options, the option bytes must be reloaded
 566:Drivers/STM32WBxx_HAL_Driver/Src/stm32wbxx_hal_flash_ex.c ****   *         through the call of the @ref HAL_FLASH_OB_Launch() function.
 567:Drivers/STM32WBxx_HAL_Driver/Src/stm32wbxx_hal_flash_ex.c ****   * @param  WRPArea Specifies the area to be configured.
 568:Drivers/STM32WBxx_HAL_Driver/Src/stm32wbxx_hal_flash_ex.c ****   *          This parameter can be one of the following values:
 569:Drivers/STM32WBxx_HAL_Driver/Src/stm32wbxx_hal_flash_ex.c ****   *            @arg @ref OB_WRPAREA_BANK1_AREAA Flash Bank 1 Area A
 570:Drivers/STM32WBxx_HAL_Driver/Src/stm32wbxx_hal_flash_ex.c ****   *            @arg @ref OB_WRPAREA_BANK1_AREAB Flash Bank 1 Area B
 571:Drivers/STM32WBxx_HAL_Driver/Src/stm32wbxx_hal_flash_ex.c ****   * @param  WRPStartOffset Specifies the start page of the write protected area
 572:Drivers/STM32WBxx_HAL_Driver/Src/stm32wbxx_hal_flash_ex.c ****   *          This parameter can be page number between 0 and (max number of pages in the Flash - 1)
 573:Drivers/STM32WBxx_HAL_Driver/Src/stm32wbxx_hal_flash_ex.c ****   * @param  WRDPEndOffset Specifies the end page of the write protected area
 574:Drivers/STM32WBxx_HAL_Driver/Src/stm32wbxx_hal_flash_ex.c ****   *          This parameter can be page number between WRPStartOffset and (max number of pages in t
 575:Drivers/STM32WBxx_HAL_Driver/Src/stm32wbxx_hal_flash_ex.c ****   * @retval None
 576:Drivers/STM32WBxx_HAL_Driver/Src/stm32wbxx_hal_flash_ex.c ****   */
 577:Drivers/STM32WBxx_HAL_Driver/Src/stm32wbxx_hal_flash_ex.c **** static void FLASH_OB_WRPConfig(uint32_t WRPArea, uint32_t WRPStartOffset, uint32_t WRDPEndOffset)
 578:Drivers/STM32WBxx_HAL_Driver/Src/stm32wbxx_hal_flash_ex.c **** {
 133              		.loc 1 578 1 is_stmt 1 view -0
 134              		.cfi_startproc
 135              		@ args = 0, pretend = 0, frame = 0
 136              		@ frame_needed = 0, uses_anonymous_args = 0
 137              		@ link register save eliminated.
 579:Drivers/STM32WBxx_HAL_Driver/Src/stm32wbxx_hal_flash_ex.c ****   /* Check the parameters */
 580:Drivers/STM32WBxx_HAL_Driver/Src/stm32wbxx_hal_flash_ex.c ****   assert_param(IS_OB_WRPAREA(WRPArea));
 138              		.loc 1 580 3 view .LVU24
 581:Drivers/STM32WBxx_HAL_Driver/Src/stm32wbxx_hal_flash_ex.c ****   assert_param(IS_FLASH_PAGE(WRPStartOffset));
 139              		.loc 1 581 3 view .LVU25
 582:Drivers/STM32WBxx_HAL_Driver/Src/stm32wbxx_hal_flash_ex.c ****   assert_param(IS_FLASH_PAGE(WRDPEndOffset));
 140              		.loc 1 582 3 view .LVU26
 583:Drivers/STM32WBxx_HAL_Driver/Src/stm32wbxx_hal_flash_ex.c **** 
 584:Drivers/STM32WBxx_HAL_Driver/Src/stm32wbxx_hal_flash_ex.c ****   /* Configure the write protected area */
 585:Drivers/STM32WBxx_HAL_Driver/Src/stm32wbxx_hal_flash_ex.c ****   if (WRPArea == OB_WRPAREA_BANK1_AREAA)
 141              		.loc 1 585 3 view .LVU27
 142              		.loc 1 585 6 is_stmt 0 view .LVU28
 143 0000 40B9     		cbnz	r0, .L10
 586:Drivers/STM32WBxx_HAL_Driver/Src/stm32wbxx_hal_flash_ex.c ****   {
 587:Drivers/STM32WBxx_HAL_Driver/Src/stm32wbxx_hal_flash_ex.c ****     MODIFY_REG(FLASH->WRP1AR, (FLASH_WRP1AR_WRP1A_STRT | FLASH_WRP1AR_WRP1A_END),
 144              		.loc 1 587 5 is_stmt 1 view .LVU29
 145 0002 0948     		ldr	r0, .L12
 146              	.LVL1:
 147              		.loc 1 587 5 is_stmt 0 view .LVU30
 148 0004 C36A     		ldr	r3, [r0, #44]
 149 0006 03F0FF23 		and	r3, r3, #-16711936
 150 000a 41EA0241 		orr	r1, r1, r2, lsl #16
 151              	.LVL2:
 152              		.loc 1 587 5 view .LVU31
 153 000e 0B43     		orrs	r3, r3, r1
 154 0010 C362     		str	r3, [r0, #44]
 155 0012 7047     		bx	lr
 156              	.LVL3:
 157              	.L10:
 588:Drivers/STM32WBxx_HAL_Driver/Src/stm32wbxx_hal_flash_ex.c ****                (WRPStartOffset | (WRDPEndOffset << FLASH_WRP1AR_WRP1A_END_Pos)));
 589:Drivers/STM32WBxx_HAL_Driver/Src/stm32wbxx_hal_flash_ex.c ****   }
ARM GAS  /var/folders/98/ctz5mtps7w71v8dr53cf5qg40000gn/T//cc2XmeiS.s 			page 14


 590:Drivers/STM32WBxx_HAL_Driver/Src/stm32wbxx_hal_flash_ex.c ****   else /* OB_WRPAREA_BANK1_AREAB */
 591:Drivers/STM32WBxx_HAL_Driver/Src/stm32wbxx_hal_flash_ex.c ****   {
 592:Drivers/STM32WBxx_HAL_Driver/Src/stm32wbxx_hal_flash_ex.c ****     MODIFY_REG(FLASH->WRP1BR, (FLASH_WRP1BR_WRP1B_STRT | FLASH_WRP1BR_WRP1B_END),
 158              		.loc 1 592 5 is_stmt 1 view .LVU32
 159 0014 0448     		ldr	r0, .L12
 160              	.LVL4:
 161              		.loc 1 592 5 is_stmt 0 view .LVU33
 162 0016 036B     		ldr	r3, [r0, #48]
 163 0018 03F0FF23 		and	r3, r3, #-16711936
 164 001c 41EA0241 		orr	r1, r1, r2, lsl #16
 165              	.LVL5:
 166              		.loc 1 592 5 view .LVU34
 167 0020 0B43     		orrs	r3, r3, r1
 168 0022 0363     		str	r3, [r0, #48]
 593:Drivers/STM32WBxx_HAL_Driver/Src/stm32wbxx_hal_flash_ex.c ****                (WRPStartOffset | (WRDPEndOffset << FLASH_WRP1AR_WRP1A_END_Pos)));
 594:Drivers/STM32WBxx_HAL_Driver/Src/stm32wbxx_hal_flash_ex.c ****   }
 595:Drivers/STM32WBxx_HAL_Driver/Src/stm32wbxx_hal_flash_ex.c **** }
 169              		.loc 1 595 1 view .LVU35
 170 0024 7047     		bx	lr
 171              	.L13:
 172 0026 00BF     		.align	2
 173              	.L12:
 174 0028 00400058 		.word	1476411392
 175              		.cfi_endproc
 176              	.LFE962:
 178              		.section	.text.FLASH_OB_OptrConfig,"ax",%progbits
 179              		.align	1
 180              		.syntax unified
 181              		.thumb
 182              		.thumb_func
 184              	FLASH_OB_OptrConfig:
 185              	.LVL6:
 186              	.LFB963:
 596:Drivers/STM32WBxx_HAL_Driver/Src/stm32wbxx_hal_flash_ex.c **** 
 597:Drivers/STM32WBxx_HAL_Driver/Src/stm32wbxx_hal_flash_ex.c **** /**
 598:Drivers/STM32WBxx_HAL_Driver/Src/stm32wbxx_hal_flash_ex.c ****   * @brief  Set user & RDP configuration
 599:Drivers/STM32WBxx_HAL_Driver/Src/stm32wbxx_hal_flash_ex.c ****   * @note   !!! Warning : When enabling OB_RDP level 2 it's no more possible
 600:Drivers/STM32WBxx_HAL_Driver/Src/stm32wbxx_hal_flash_ex.c ****   *         to go back to level 1 or 0 !!!
 601:Drivers/STM32WBxx_HAL_Driver/Src/stm32wbxx_hal_flash_ex.c ****   * @param  UserType The FLASH User Option Bytes to be modified
 602:Drivers/STM32WBxx_HAL_Driver/Src/stm32wbxx_hal_flash_ex.c ****   *         This parameter can be a combination of all the following values:
 603:Drivers/STM32WBxx_HAL_Driver/Src/stm32wbxx_hal_flash_ex.c ****   *         @arg @ref OB_USER_BOR_LEV or @ref OB_USER_nRST_STOP or @ref OB_USER_nRST_STDBY or
 604:Drivers/STM32WBxx_HAL_Driver/Src/stm32wbxx_hal_flash_ex.c ****   *         @arg @ref OB_USER_nRST_SHDW or @ref OB_USER_IWDG_SW or @ref OB_USER_IWDG_STOP or
 605:Drivers/STM32WBxx_HAL_Driver/Src/stm32wbxx_hal_flash_ex.c ****   *         @arg @ref OB_USER_IWDG_STDBY or @ref OB_USER_WWDG_SW or @ref OB_USER_nBOOT1 or
 606:Drivers/STM32WBxx_HAL_Driver/Src/stm32wbxx_hal_flash_ex.c ****   *         @arg @ref OB_USER_SRAM2PE or @ref OB_USER_SRAM2RST or @ref OB_USER_nSWBOOT0 or
 607:Drivers/STM32WBxx_HAL_Driver/Src/stm32wbxx_hal_flash_ex.c ****   *         @arg @ref OB_USER_nBOOT0 or @ref OB_USER_AGC_TRIM or @ref OB_USER_ALL
 608:Drivers/STM32WBxx_HAL_Driver/Src/stm32wbxx_hal_flash_ex.c ****   * @param  UserConfig The FLASH User Option Bytes values.
 609:Drivers/STM32WBxx_HAL_Driver/Src/stm32wbxx_hal_flash_ex.c ****   *         This parameter can be a combination of all the following values:
 610:Drivers/STM32WBxx_HAL_Driver/Src/stm32wbxx_hal_flash_ex.c ****   *         @arg @ref OB_BOR_LEVEL_0 or @ref OB_BOR_LEVEL_1 or ... or @ref OB_BOR_LEVEL_4
 611:Drivers/STM32WBxx_HAL_Driver/Src/stm32wbxx_hal_flash_ex.c ****   *         @arg @ref OB_STOP_RST or @ref OB_STOP_NORST
 612:Drivers/STM32WBxx_HAL_Driver/Src/stm32wbxx_hal_flash_ex.c ****   *         @arg @ref OB_STANDBY_RST or @ref OB_STANDBY_NORST
 613:Drivers/STM32WBxx_HAL_Driver/Src/stm32wbxx_hal_flash_ex.c ****   *         @arg @ref OB_SHUTDOWN_RST or @ref OB_SHUTDOWN_NORST
 614:Drivers/STM32WBxx_HAL_Driver/Src/stm32wbxx_hal_flash_ex.c ****   *         @arg @ref OB_IRH_ENABLE or @ref OB_IRH_DISABLE (*)
 615:Drivers/STM32WBxx_HAL_Driver/Src/stm32wbxx_hal_flash_ex.c ****   *         @arg @ref OB_IWDG_SW or @ref OB_IWDG_HW
 616:Drivers/STM32WBxx_HAL_Driver/Src/stm32wbxx_hal_flash_ex.c ****   *         @arg @ref OB_IWDG_STOP_FREEZE or @ref OB_IWDG_STOP_RUN
 617:Drivers/STM32WBxx_HAL_Driver/Src/stm32wbxx_hal_flash_ex.c ****   *         @arg @ref OB_IWDG_STDBY_FREEZE or @ref OB_IWDG_STDBY_RUN
 618:Drivers/STM32WBxx_HAL_Driver/Src/stm32wbxx_hal_flash_ex.c ****   *         @arg @ref OB_WWDG_SW or @ref OB_WWDG_HW
 619:Drivers/STM32WBxx_HAL_Driver/Src/stm32wbxx_hal_flash_ex.c ****   *         @arg @ref OB_BOOT1_SRAM or @ref OB_BOOT1_SYSTEM
ARM GAS  /var/folders/98/ctz5mtps7w71v8dr53cf5qg40000gn/T//cc2XmeiS.s 			page 15


 620:Drivers/STM32WBxx_HAL_Driver/Src/stm32wbxx_hal_flash_ex.c ****   *         @arg @ref OB_SRAM2_PARITY_ENABLE or @ref OB_SRAM2_PARITY_DISABLE
 621:Drivers/STM32WBxx_HAL_Driver/Src/stm32wbxx_hal_flash_ex.c ****   *         @arg @ref OB_SRAM2_RST_ERASE or @ref OB_SRAM2_RST_NOT_ERASE
 622:Drivers/STM32WBxx_HAL_Driver/Src/stm32wbxx_hal_flash_ex.c ****   *         @arg @ref OB_BOOT0_FROM_OB or @ref OB_BOOT0_FROM_PIN
 623:Drivers/STM32WBxx_HAL_Driver/Src/stm32wbxx_hal_flash_ex.c ****   *         @arg @ref OB_BOOT0_RESET or @ref OB_BOOT0_SET
 624:Drivers/STM32WBxx_HAL_Driver/Src/stm32wbxx_hal_flash_ex.c ****   *         @arg @ref OB_RESET_MODE_INPUT_ONLY or @ref OB_RESET_MODE_GPIO or @ref OB_RESET_MODE_INP
 625:Drivers/STM32WBxx_HAL_Driver/Src/stm32wbxx_hal_flash_ex.c ****   *         @arg @ref OB_AGC_TRIM_0 or @ref OB_AGC_TRIM_1 or ... or @ref OB_AGC_TRIM_7
 626:Drivers/STM32WBxx_HAL_Driver/Src/stm32wbxx_hal_flash_ex.c ****   * @param  RDPLevel: specifies the read protection level.
 627:Drivers/STM32WBxx_HAL_Driver/Src/stm32wbxx_hal_flash_ex.c ****   *         This parameter can be one of the following values:
 628:Drivers/STM32WBxx_HAL_Driver/Src/stm32wbxx_hal_flash_ex.c ****   *            @arg @ref OB_RDP_LEVEL_0 No protection
 629:Drivers/STM32WBxx_HAL_Driver/Src/stm32wbxx_hal_flash_ex.c ****   *            @arg @ref OB_RDP_LEVEL_1 Read protection of the memory
 630:Drivers/STM32WBxx_HAL_Driver/Src/stm32wbxx_hal_flash_ex.c ****   *            @arg @ref OB_RDP_LEVEL_2 Full chip protection
 631:Drivers/STM32WBxx_HAL_Driver/Src/stm32wbxx_hal_flash_ex.c ****   * @retval None
 632:Drivers/STM32WBxx_HAL_Driver/Src/stm32wbxx_hal_flash_ex.c ****   */
 633:Drivers/STM32WBxx_HAL_Driver/Src/stm32wbxx_hal_flash_ex.c **** static void FLASH_OB_OptrConfig(uint32_t UserType, uint32_t UserConfig, uint32_t RDPLevel)
 634:Drivers/STM32WBxx_HAL_Driver/Src/stm32wbxx_hal_flash_ex.c **** {
 187              		.loc 1 634 1 is_stmt 1 view -0
 188              		.cfi_startproc
 189              		@ args = 0, pretend = 0, frame = 0
 190              		@ frame_needed = 0, uses_anonymous_args = 0
 191              		@ link register save eliminated.
 192              		.loc 1 634 1 is_stmt 0 view .LVU37
 193 0000 10B4     		push	{r4}
 194              	.LCFI0:
 195              		.cfi_def_cfa_offset 4
 196              		.cfi_offset 4, -4
 635:Drivers/STM32WBxx_HAL_Driver/Src/stm32wbxx_hal_flash_ex.c ****   uint32_t optr;
 197              		.loc 1 635 3 is_stmt 1 view .LVU38
 636:Drivers/STM32WBxx_HAL_Driver/Src/stm32wbxx_hal_flash_ex.c **** 
 637:Drivers/STM32WBxx_HAL_Driver/Src/stm32wbxx_hal_flash_ex.c ****   /* Check the parameters */
 638:Drivers/STM32WBxx_HAL_Driver/Src/stm32wbxx_hal_flash_ex.c ****   assert_param(IS_OB_USER_TYPE(UserType));
 198              		.loc 1 638 3 view .LVU39
 639:Drivers/STM32WBxx_HAL_Driver/Src/stm32wbxx_hal_flash_ex.c ****   assert_param(IS_OB_USER_CONFIG(UserType, UserConfig));
 199              		.loc 1 639 3 view .LVU40
 640:Drivers/STM32WBxx_HAL_Driver/Src/stm32wbxx_hal_flash_ex.c ****   assert_param(IS_OB_RDP_LEVEL(RDPLevel));
 200              		.loc 1 640 3 view .LVU41
 641:Drivers/STM32WBxx_HAL_Driver/Src/stm32wbxx_hal_flash_ex.c **** 
 642:Drivers/STM32WBxx_HAL_Driver/Src/stm32wbxx_hal_flash_ex.c ****   /* Configure the RDP level in the option bytes register */
 643:Drivers/STM32WBxx_HAL_Driver/Src/stm32wbxx_hal_flash_ex.c ****   optr = FLASH->OPTR;
 201              		.loc 1 643 3 view .LVU42
 202              		.loc 1 643 8 is_stmt 0 view .LVU43
 203 0002 064C     		ldr	r4, .L16
 204 0004 236A     		ldr	r3, [r4, #32]
 205              	.LVL7:
 644:Drivers/STM32WBxx_HAL_Driver/Src/stm32wbxx_hal_flash_ex.c ****   optr &= ~(UserType | FLASH_OPTR_RDP);
 206              		.loc 1 644 3 is_stmt 1 view .LVU44
 207              		.loc 1 644 22 is_stmt 0 view .LVU45
 208 0006 40F0FF00 		orr	r0, r0, #255
 209              	.LVL8:
 210              		.loc 1 644 8 view .LVU46
 211 000a 23EA0003 		bic	r3, r3, r0
 212              	.LVL9:
 645:Drivers/STM32WBxx_HAL_Driver/Src/stm32wbxx_hal_flash_ex.c ****   FLASH->OPTR = (optr | UserConfig | RDPLevel);
 213              		.loc 1 645 3 is_stmt 1 view .LVU47
 214              		.loc 1 645 23 is_stmt 0 view .LVU48
 215 000e 0B43     		orrs	r3, r3, r1
 216              	.LVL10:
 217              		.loc 1 645 36 view .LVU49
ARM GAS  /var/folders/98/ctz5mtps7w71v8dr53cf5qg40000gn/T//cc2XmeiS.s 			page 16


 218 0010 1343     		orrs	r3, r3, r2
 219              		.loc 1 645 15 view .LVU50
 220 0012 2362     		str	r3, [r4, #32]
 646:Drivers/STM32WBxx_HAL_Driver/Src/stm32wbxx_hal_flash_ex.c **** }
 221              		.loc 1 646 1 view .LVU51
 222 0014 5DF8044B 		ldr	r4, [sp], #4
 223              	.LCFI1:
 224              		.cfi_restore 4
 225              		.cfi_def_cfa_offset 0
 226 0018 7047     		bx	lr
 227              	.L17:
 228 001a 00BF     		.align	2
 229              	.L16:
 230 001c 00400058 		.word	1476411392
 231              		.cfi_endproc
 232              	.LFE963:
 234              		.section	.text.FLASH_OB_PCROP1AConfig,"ax",%progbits
 235              		.align	1
 236              		.syntax unified
 237              		.thumb
 238              		.thumb_func
 240              	FLASH_OB_PCROP1AConfig:
 241              	.LVL11:
 242              	.LFB964:
 647:Drivers/STM32WBxx_HAL_Driver/Src/stm32wbxx_hal_flash_ex.c **** 
 648:Drivers/STM32WBxx_HAL_Driver/Src/stm32wbxx_hal_flash_ex.c **** /**
 649:Drivers/STM32WBxx_HAL_Driver/Src/stm32wbxx_hal_flash_ex.c ****   * @brief  Configure the Zone 1A Proprietary code readout protection of the desired addresses,
 650:Drivers/STM32WBxx_HAL_Driver/Src/stm32wbxx_hal_flash_ex.c ****   *         and erase configuration on RDP regression.
 651:Drivers/STM32WBxx_HAL_Driver/Src/stm32wbxx_hal_flash_ex.c ****   * @note   To configure the PCROP options, the option lock bit OPTLOCK must be
 652:Drivers/STM32WBxx_HAL_Driver/Src/stm32wbxx_hal_flash_ex.c ****   *         cleared with the call of the @ref HAL_FLASH_OB_Unlock() function.
 653:Drivers/STM32WBxx_HAL_Driver/Src/stm32wbxx_hal_flash_ex.c ****   * @note   To validate the PCROP options, the option bytes must be reloaded
 654:Drivers/STM32WBxx_HAL_Driver/Src/stm32wbxx_hal_flash_ex.c ****   *         through the call of the @ref HAL_FLASH_OB_Launch() function.
 655:Drivers/STM32WBxx_HAL_Driver/Src/stm32wbxx_hal_flash_ex.c ****   * @param  PCROPConfig: specifies the erase configuration (OB_PCROP_RDP_NOT_ERASE or OB_PCROP_RDP_
 656:Drivers/STM32WBxx_HAL_Driver/Src/stm32wbxx_hal_flash_ex.c ****   *         on RDP level 1 regression.
 657:Drivers/STM32WBxx_HAL_Driver/Src/stm32wbxx_hal_flash_ex.c ****   * @param  PCROP1AStartAddr Specifies the Zone 1A Start address of the Proprietary code readout pr
 658:Drivers/STM32WBxx_HAL_Driver/Src/stm32wbxx_hal_flash_ex.c ****   *         This parameter can be an address between begin and end of the flash
 659:Drivers/STM32WBxx_HAL_Driver/Src/stm32wbxx_hal_flash_ex.c ****   * @param  PCROP1AEndAddr Specifies the Zone 1A end address of the Proprietary code readout protec
 660:Drivers/STM32WBxx_HAL_Driver/Src/stm32wbxx_hal_flash_ex.c ****   *         This parameter can be an address between PCROP1AStartAddr and end of the flash
 661:Drivers/STM32WBxx_HAL_Driver/Src/stm32wbxx_hal_flash_ex.c ****   * @retval None
 662:Drivers/STM32WBxx_HAL_Driver/Src/stm32wbxx_hal_flash_ex.c ****   */
 663:Drivers/STM32WBxx_HAL_Driver/Src/stm32wbxx_hal_flash_ex.c **** static void FLASH_OB_PCROP1AConfig(uint32_t PCROPConfig, uint32_t PCROP1AStartAddr, uint32_t PCROP1
 664:Drivers/STM32WBxx_HAL_Driver/Src/stm32wbxx_hal_flash_ex.c **** {
 243              		.loc 1 664 1 is_stmt 1 view -0
 244              		.cfi_startproc
 245              		@ args = 0, pretend = 0, frame = 0
 246              		@ frame_needed = 0, uses_anonymous_args = 0
 247              		@ link register save eliminated.
 665:Drivers/STM32WBxx_HAL_Driver/Src/stm32wbxx_hal_flash_ex.c ****   uint32_t startoffset;
 248              		.loc 1 665 3 view .LVU53
 666:Drivers/STM32WBxx_HAL_Driver/Src/stm32wbxx_hal_flash_ex.c ****   uint32_t endoffset;
 249              		.loc 1 666 3 view .LVU54
 667:Drivers/STM32WBxx_HAL_Driver/Src/stm32wbxx_hal_flash_ex.c ****   uint32_t pcrop1aend;
 250              		.loc 1 667 3 view .LVU55
 668:Drivers/STM32WBxx_HAL_Driver/Src/stm32wbxx_hal_flash_ex.c **** 
 669:Drivers/STM32WBxx_HAL_Driver/Src/stm32wbxx_hal_flash_ex.c ****   /* Check the parameters */
 670:Drivers/STM32WBxx_HAL_Driver/Src/stm32wbxx_hal_flash_ex.c ****   assert_param(IS_OB_PCROP_CONFIG(PCROPConfig));
 251              		.loc 1 670 3 view .LVU56
ARM GAS  /var/folders/98/ctz5mtps7w71v8dr53cf5qg40000gn/T//cc2XmeiS.s 			page 17


 671:Drivers/STM32WBxx_HAL_Driver/Src/stm32wbxx_hal_flash_ex.c ****   assert_param(IS_FLASH_MAIN_MEM_ADDRESS(PCROP1AStartAddr));
 252              		.loc 1 671 3 view .LVU57
 672:Drivers/STM32WBxx_HAL_Driver/Src/stm32wbxx_hal_flash_ex.c ****   assert_param(IS_FLASH_MAIN_MEM_ADDRESS(PCROP1AEndAddr));
 253              		.loc 1 672 3 view .LVU58
 673:Drivers/STM32WBxx_HAL_Driver/Src/stm32wbxx_hal_flash_ex.c **** 
 674:Drivers/STM32WBxx_HAL_Driver/Src/stm32wbxx_hal_flash_ex.c ****   /* get pcrop 1A end register */
 675:Drivers/STM32WBxx_HAL_Driver/Src/stm32wbxx_hal_flash_ex.c ****   pcrop1aend = FLASH->PCROP1AER;
 254              		.loc 1 675 3 view .LVU59
 255              		.loc 1 675 14 is_stmt 0 view .LVU60
 256 0000 114B     		ldr	r3, .L29
 257 0002 9B6A     		ldr	r3, [r3, #40]
 258              	.LVL12:
 676:Drivers/STM32WBxx_HAL_Driver/Src/stm32wbxx_hal_flash_ex.c **** 
 677:Drivers/STM32WBxx_HAL_Driver/Src/stm32wbxx_hal_flash_ex.c ****   /* Configure the Proprietary code readout protection offset */
 678:Drivers/STM32WBxx_HAL_Driver/Src/stm32wbxx_hal_flash_ex.c ****   if ((PCROPConfig & OB_PCROP_ZONE_A) != 0U)
 259              		.loc 1 678 3 is_stmt 1 view .LVU61
 260              		.loc 1 678 6 is_stmt 0 view .LVU62
 261 0004 10F0010F 		tst	r0, #1
 262 0008 15D0     		beq	.L22
 664:Drivers/STM32WBxx_HAL_Driver/Src/stm32wbxx_hal_flash_ex.c ****   uint32_t startoffset;
 263              		.loc 1 664 1 view .LVU63
 264 000a 10B4     		push	{r4}
 265              	.LCFI2:
 266              		.cfi_def_cfa_offset 4
 267              		.cfi_offset 4, -4
 679:Drivers/STM32WBxx_HAL_Driver/Src/stm32wbxx_hal_flash_ex.c ****   {
 680:Drivers/STM32WBxx_HAL_Driver/Src/stm32wbxx_hal_flash_ex.c ****     /* Compute offset depending on pcrop granularity */
 681:Drivers/STM32WBxx_HAL_Driver/Src/stm32wbxx_hal_flash_ex.c ****     startoffset = ((PCROP1AStartAddr - FLASH_BASE) >> FLASH_PCROP_GRANULARITY_OFFSET); /* 2K pages 
 268              		.loc 1 681 5 is_stmt 1 view .LVU64
 269              		.loc 1 681 38 is_stmt 0 view .LVU65
 270 000c 01F17841 		add	r1, r1, #-134217728
 271              	.LVL13:
 272              		.loc 1 681 17 view .LVU66
 273 0010 C90A     		lsrs	r1, r1, #11
 274              	.LVL14:
 682:Drivers/STM32WBxx_HAL_Driver/Src/stm32wbxx_hal_flash_ex.c ****     endoffset = ((PCROP1AEndAddr - FLASH_BASE) >> FLASH_PCROP_GRANULARITY_OFFSET); /* 2K pages */
 275              		.loc 1 682 5 is_stmt 1 view .LVU67
 276              		.loc 1 682 34 is_stmt 0 view .LVU68
 277 0012 02F17842 		add	r2, r2, #-134217728
 278              	.LVL15:
 683:Drivers/STM32WBxx_HAL_Driver/Src/stm32wbxx_hal_flash_ex.c **** 
 684:Drivers/STM32WBxx_HAL_Driver/Src/stm32wbxx_hal_flash_ex.c ****     /* Set Zone A start offset */
 685:Drivers/STM32WBxx_HAL_Driver/Src/stm32wbxx_hal_flash_ex.c ****     WRITE_REG(FLASH->PCROP1ASR, startoffset);
 279              		.loc 1 685 5 is_stmt 1 view .LVU69
 280 0016 0C4C     		ldr	r4, .L29
 281 0018 6162     		str	r1, [r4, #36]
 686:Drivers/STM32WBxx_HAL_Driver/Src/stm32wbxx_hal_flash_ex.c **** 
 687:Drivers/STM32WBxx_HAL_Driver/Src/stm32wbxx_hal_flash_ex.c ****     /* Set Zone A end offset */
 688:Drivers/STM32WBxx_HAL_Driver/Src/stm32wbxx_hal_flash_ex.c ****     pcrop1aend &= ~FLASH_PCROP1AER_PCROP1A_END;
 282              		.loc 1 688 5 view .LVU70
 283              		.loc 1 688 16 is_stmt 0 view .LVU71
 284 001a 6FF30803 		bfc	r3, #0, #9
 285              	.LVL16:
 689:Drivers/STM32WBxx_HAL_Driver/Src/stm32wbxx_hal_flash_ex.c ****     pcrop1aend |= endoffset;
 286              		.loc 1 689 5 is_stmt 1 view .LVU72
 287              		.loc 1 689 16 is_stmt 0 view .LVU73
 288 001e 43EAD223 		orr	r3, r3, r2, lsr #11
ARM GAS  /var/folders/98/ctz5mtps7w71v8dr53cf5qg40000gn/T//cc2XmeiS.s 			page 18


 289              	.LVL17:
 690:Drivers/STM32WBxx_HAL_Driver/Src/stm32wbxx_hal_flash_ex.c ****   }
 691:Drivers/STM32WBxx_HAL_Driver/Src/stm32wbxx_hal_flash_ex.c **** 
 692:Drivers/STM32WBxx_HAL_Driver/Src/stm32wbxx_hal_flash_ex.c ****   /* Set RDP erase protection if needed. This bit is only set & will be reset by mass erase */
 693:Drivers/STM32WBxx_HAL_Driver/Src/stm32wbxx_hal_flash_ex.c ****   if ((PCROPConfig & OB_PCROP_RDP_ERASE) != 0U)
 290              		.loc 1 693 3 is_stmt 1 view .LVU74
 291              		.loc 1 693 6 is_stmt 0 view .LVU75
 292 0022 0028     		cmp	r0, #0
 293 0024 04DB     		blt	.L27
 294              	.LVL18:
 295              	.L20:
 694:Drivers/STM32WBxx_HAL_Driver/Src/stm32wbxx_hal_flash_ex.c ****   {
 695:Drivers/STM32WBxx_HAL_Driver/Src/stm32wbxx_hal_flash_ex.c ****     pcrop1aend |= FLASH_PCROP1AER_PCROP_RDP;
 696:Drivers/STM32WBxx_HAL_Driver/Src/stm32wbxx_hal_flash_ex.c ****   }
 697:Drivers/STM32WBxx_HAL_Driver/Src/stm32wbxx_hal_flash_ex.c **** 
 698:Drivers/STM32WBxx_HAL_Driver/Src/stm32wbxx_hal_flash_ex.c ****   /* set 1A End register */
 699:Drivers/STM32WBxx_HAL_Driver/Src/stm32wbxx_hal_flash_ex.c ****   WRITE_REG(FLASH->PCROP1AER, pcrop1aend);
 296              		.loc 1 699 3 is_stmt 1 view .LVU76
 297 0026 084A     		ldr	r2, .L29
 298              	.LVL19:
 299              		.loc 1 699 3 is_stmt 0 view .LVU77
 300 0028 9362     		str	r3, [r2, #40]
 700:Drivers/STM32WBxx_HAL_Driver/Src/stm32wbxx_hal_flash_ex.c **** }
 301              		.loc 1 700 1 view .LVU78
 302 002a 5DF8044B 		ldr	r4, [sp], #4
 303              	.LCFI3:
 304              		.cfi_remember_state
 305              		.cfi_restore 4
 306              		.cfi_def_cfa_offset 0
 307 002e 7047     		bx	lr
 308              	.LVL20:
 309              	.L27:
 310              	.LCFI4:
 311              		.cfi_restore_state
 695:Drivers/STM32WBxx_HAL_Driver/Src/stm32wbxx_hal_flash_ex.c ****   }
 312              		.loc 1 695 5 is_stmt 1 view .LVU79
 695:Drivers/STM32WBxx_HAL_Driver/Src/stm32wbxx_hal_flash_ex.c ****   }
 313              		.loc 1 695 16 is_stmt 0 view .LVU80
 314 0030 43F00043 		orr	r3, r3, #-2147483648
 315              	.LVL21:
 695:Drivers/STM32WBxx_HAL_Driver/Src/stm32wbxx_hal_flash_ex.c ****   }
 316              		.loc 1 695 16 view .LVU81
 317 0034 F7E7     		b	.L20
 318              	.LVL22:
 319              	.L22:
 320              	.LCFI5:
 321              		.cfi_def_cfa_offset 0
 322              		.cfi_restore 4
 693:Drivers/STM32WBxx_HAL_Driver/Src/stm32wbxx_hal_flash_ex.c ****   {
 323              		.loc 1 693 3 is_stmt 1 view .LVU82
 693:Drivers/STM32WBxx_HAL_Driver/Src/stm32wbxx_hal_flash_ex.c ****   {
 324              		.loc 1 693 6 is_stmt 0 view .LVU83
 325 0036 0028     		cmp	r0, #0
 326 0038 02DB     		blt	.L28
 327              	.LVL23:
 328              	.L24:
 699:Drivers/STM32WBxx_HAL_Driver/Src/stm32wbxx_hal_flash_ex.c **** }
ARM GAS  /var/folders/98/ctz5mtps7w71v8dr53cf5qg40000gn/T//cc2XmeiS.s 			page 19


 329              		.loc 1 699 3 is_stmt 1 view .LVU84
 330 003a 034A     		ldr	r2, .L29
 331              	.LVL24:
 699:Drivers/STM32WBxx_HAL_Driver/Src/stm32wbxx_hal_flash_ex.c **** }
 332              		.loc 1 699 3 is_stmt 0 view .LVU85
 333 003c 9362     		str	r3, [r2, #40]
 334 003e 7047     		bx	lr
 335              	.LVL25:
 336              	.L28:
 695:Drivers/STM32WBxx_HAL_Driver/Src/stm32wbxx_hal_flash_ex.c ****   }
 337              		.loc 1 695 5 is_stmt 1 view .LVU86
 695:Drivers/STM32WBxx_HAL_Driver/Src/stm32wbxx_hal_flash_ex.c ****   }
 338              		.loc 1 695 16 is_stmt 0 view .LVU87
 339 0040 43F00043 		orr	r3, r3, #-2147483648
 340              	.LVL26:
 695:Drivers/STM32WBxx_HAL_Driver/Src/stm32wbxx_hal_flash_ex.c ****   }
 341              		.loc 1 695 16 view .LVU88
 342 0044 F9E7     		b	.L24
 343              	.L30:
 344 0046 00BF     		.align	2
 345              	.L29:
 346 0048 00400058 		.word	1476411392
 347              		.cfi_endproc
 348              	.LFE964:
 350              		.section	.text.FLASH_OB_PCROP1BConfig,"ax",%progbits
 351              		.align	1
 352              		.syntax unified
 353              		.thumb
 354              		.thumb_func
 356              	FLASH_OB_PCROP1BConfig:
 357              	.LVL27:
 358              	.LFB965:
 701:Drivers/STM32WBxx_HAL_Driver/Src/stm32wbxx_hal_flash_ex.c **** 
 702:Drivers/STM32WBxx_HAL_Driver/Src/stm32wbxx_hal_flash_ex.c **** /**
 703:Drivers/STM32WBxx_HAL_Driver/Src/stm32wbxx_hal_flash_ex.c ****   * @brief  Configure the Zone 1B Proprietary code readout protection of the desired addresses.
 704:Drivers/STM32WBxx_HAL_Driver/Src/stm32wbxx_hal_flash_ex.c ****   * @note   To configure the PCROP options, the option lock bit OPTLOCK must be
 705:Drivers/STM32WBxx_HAL_Driver/Src/stm32wbxx_hal_flash_ex.c ****   *         cleared with the call of the @ref HAL_FLASH_OB_Unlock() function.
 706:Drivers/STM32WBxx_HAL_Driver/Src/stm32wbxx_hal_flash_ex.c ****   * @note   To validate the PCROP options, the option bytes must be reloaded
 707:Drivers/STM32WBxx_HAL_Driver/Src/stm32wbxx_hal_flash_ex.c ****   *         through the call of the @ref HAL_FLASH_OB_Launch() function.
 708:Drivers/STM32WBxx_HAL_Driver/Src/stm32wbxx_hal_flash_ex.c ****   * @param  PCROP1BStartAddr Specifies the Zone 1BStart address of the Proprietary code readout pro
 709:Drivers/STM32WBxx_HAL_Driver/Src/stm32wbxx_hal_flash_ex.c ****   *         This parameter can be an address between begin and end of the flash
 710:Drivers/STM32WBxx_HAL_Driver/Src/stm32wbxx_hal_flash_ex.c ****   * @param  PCROP1BEndAddr Specifies the Zone 1B end address of the Proprietary code readout protec
 711:Drivers/STM32WBxx_HAL_Driver/Src/stm32wbxx_hal_flash_ex.c ****   *         This parameter can be an address between PCROP1BStartAddr and end of the flash
 712:Drivers/STM32WBxx_HAL_Driver/Src/stm32wbxx_hal_flash_ex.c ****   * @retval None
 713:Drivers/STM32WBxx_HAL_Driver/Src/stm32wbxx_hal_flash_ex.c ****   */
 714:Drivers/STM32WBxx_HAL_Driver/Src/stm32wbxx_hal_flash_ex.c **** static void FLASH_OB_PCROP1BConfig(uint32_t PCROP1BStartAddr, uint32_t PCROP1BEndAddr)
 715:Drivers/STM32WBxx_HAL_Driver/Src/stm32wbxx_hal_flash_ex.c **** {
 359              		.loc 1 715 1 is_stmt 1 view -0
 360              		.cfi_startproc
 361              		@ args = 0, pretend = 0, frame = 0
 362              		@ frame_needed = 0, uses_anonymous_args = 0
 363              		@ link register save eliminated.
 716:Drivers/STM32WBxx_HAL_Driver/Src/stm32wbxx_hal_flash_ex.c ****   uint32_t startoffset;
 364              		.loc 1 716 3 view .LVU90
 717:Drivers/STM32WBxx_HAL_Driver/Src/stm32wbxx_hal_flash_ex.c ****   uint32_t endoffset;
 365              		.loc 1 717 3 view .LVU91
 718:Drivers/STM32WBxx_HAL_Driver/Src/stm32wbxx_hal_flash_ex.c **** 
ARM GAS  /var/folders/98/ctz5mtps7w71v8dr53cf5qg40000gn/T//cc2XmeiS.s 			page 20


 719:Drivers/STM32WBxx_HAL_Driver/Src/stm32wbxx_hal_flash_ex.c ****   /* Check the parameters */
 720:Drivers/STM32WBxx_HAL_Driver/Src/stm32wbxx_hal_flash_ex.c ****   assert_param(IS_FLASH_MAIN_MEM_ADDRESS(PCROP1BStartAddr));
 366              		.loc 1 720 3 view .LVU92
 721:Drivers/STM32WBxx_HAL_Driver/Src/stm32wbxx_hal_flash_ex.c ****   assert_param(IS_FLASH_MAIN_MEM_ADDRESS(PCROP1BEndAddr));
 367              		.loc 1 721 3 view .LVU93
 722:Drivers/STM32WBxx_HAL_Driver/Src/stm32wbxx_hal_flash_ex.c **** 
 723:Drivers/STM32WBxx_HAL_Driver/Src/stm32wbxx_hal_flash_ex.c ****   /* Compute offset depending on pcrop granularity */
 724:Drivers/STM32WBxx_HAL_Driver/Src/stm32wbxx_hal_flash_ex.c ****   startoffset = ((PCROP1BStartAddr - FLASH_BASE) >> FLASH_PCROP_GRANULARITY_OFFSET); /* 2K pages */
 368              		.loc 1 724 3 view .LVU94
 369              		.loc 1 724 36 is_stmt 0 view .LVU95
 370 0000 00F17840 		add	r0, r0, #-134217728
 371              	.LVL28:
 372              		.loc 1 724 15 view .LVU96
 373 0004 C00A     		lsrs	r0, r0, #11
 374              	.LVL29:
 725:Drivers/STM32WBxx_HAL_Driver/Src/stm32wbxx_hal_flash_ex.c ****   endoffset = ((PCROP1BEndAddr - FLASH_BASE) >> FLASH_PCROP_GRANULARITY_OFFSET); /* 2K pages */
 375              		.loc 1 725 3 is_stmt 1 view .LVU97
 376              		.loc 1 725 32 is_stmt 0 view .LVU98
 377 0006 01F17841 		add	r1, r1, #-134217728
 378              	.LVL30:
 379              		.loc 1 725 13 view .LVU99
 380 000a C90A     		lsrs	r1, r1, #11
 381              	.LVL31:
 726:Drivers/STM32WBxx_HAL_Driver/Src/stm32wbxx_hal_flash_ex.c **** 
 727:Drivers/STM32WBxx_HAL_Driver/Src/stm32wbxx_hal_flash_ex.c ****   /* Configure the Proprietary code readout protection start address */
 728:Drivers/STM32WBxx_HAL_Driver/Src/stm32wbxx_hal_flash_ex.c ****   WRITE_REG(FLASH->PCROP1BSR, startoffset);
 382              		.loc 1 728 3 is_stmt 1 view .LVU100
 383 000c 014B     		ldr	r3, .L32
 384 000e 5863     		str	r0, [r3, #52]
 729:Drivers/STM32WBxx_HAL_Driver/Src/stm32wbxx_hal_flash_ex.c **** 
 730:Drivers/STM32WBxx_HAL_Driver/Src/stm32wbxx_hal_flash_ex.c ****   /* Configure the Proprietary code readout protection end address */
 731:Drivers/STM32WBxx_HAL_Driver/Src/stm32wbxx_hal_flash_ex.c ****   WRITE_REG(FLASH->PCROP1BER, endoffset);
 385              		.loc 1 731 3 view .LVU101
 386 0010 9963     		str	r1, [r3, #56]
 732:Drivers/STM32WBxx_HAL_Driver/Src/stm32wbxx_hal_flash_ex.c **** }
 387              		.loc 1 732 1 is_stmt 0 view .LVU102
 388 0012 7047     		bx	lr
 389              	.L33:
 390              		.align	2
 391              	.L32:
 392 0014 00400058 		.word	1476411392
 393              		.cfi_endproc
 394              	.LFE965:
 396              		.section	.text.FLASH_OB_IPCCBufferAddrConfig,"ax",%progbits
 397              		.align	1
 398              		.syntax unified
 399              		.thumb
 400              		.thumb_func
 402              	FLASH_OB_IPCCBufferAddrConfig:
 403              	.LVL32:
 404              	.LFB966:
 733:Drivers/STM32WBxx_HAL_Driver/Src/stm32wbxx_hal_flash_ex.c **** 
 734:Drivers/STM32WBxx_HAL_Driver/Src/stm32wbxx_hal_flash_ex.c **** /**
 735:Drivers/STM32WBxx_HAL_Driver/Src/stm32wbxx_hal_flash_ex.c ****   * @brief  Program the FLASH IPCC data buffer address.
 736:Drivers/STM32WBxx_HAL_Driver/Src/stm32wbxx_hal_flash_ex.c ****   * @note   To configure the extra user option bytes, the option lock bit OPTLOCK must
 737:Drivers/STM32WBxx_HAL_Driver/Src/stm32wbxx_hal_flash_ex.c ****   *         be cleared with the call of the @ref HAL_FLASH_OB_Unlock() function.
 738:Drivers/STM32WBxx_HAL_Driver/Src/stm32wbxx_hal_flash_ex.c ****   * @note   To validate the extra user option bytes, the option bytes must be reloaded
ARM GAS  /var/folders/98/ctz5mtps7w71v8dr53cf5qg40000gn/T//cc2XmeiS.s 			page 21


 739:Drivers/STM32WBxx_HAL_Driver/Src/stm32wbxx_hal_flash_ex.c ****   *         through the call of the @ref HAL_FLASH_OB_Launch() function.
 740:Drivers/STM32WBxx_HAL_Driver/Src/stm32wbxx_hal_flash_ex.c ****   * @param  IPCCDataBufAddr IPCC data buffer start address area in SRAM2
 741:Drivers/STM32WBxx_HAL_Driver/Src/stm32wbxx_hal_flash_ex.c ****   *         This parameter must be the double-word aligned
 742:Drivers/STM32WBxx_HAL_Driver/Src/stm32wbxx_hal_flash_ex.c ****   * @retval None
 743:Drivers/STM32WBxx_HAL_Driver/Src/stm32wbxx_hal_flash_ex.c ****   */
 744:Drivers/STM32WBxx_HAL_Driver/Src/stm32wbxx_hal_flash_ex.c **** static void FLASH_OB_IPCCBufferAddrConfig(uint32_t IPCCDataBufAddr)
 745:Drivers/STM32WBxx_HAL_Driver/Src/stm32wbxx_hal_flash_ex.c **** {
 405              		.loc 1 745 1 is_stmt 1 view -0
 406              		.cfi_startproc
 407              		@ args = 0, pretend = 0, frame = 0
 408              		@ frame_needed = 0, uses_anonymous_args = 0
 409              		@ link register save eliminated.
 746:Drivers/STM32WBxx_HAL_Driver/Src/stm32wbxx_hal_flash_ex.c ****   assert_param(IS_OB_IPCC_BUF_ADDR(IPCCDataBufAddr));
 410              		.loc 1 746 3 view .LVU104
 747:Drivers/STM32WBxx_HAL_Driver/Src/stm32wbxx_hal_flash_ex.c **** 
 748:Drivers/STM32WBxx_HAL_Driver/Src/stm32wbxx_hal_flash_ex.c ****   /* Configure the option bytes register */
 749:Drivers/STM32WBxx_HAL_Driver/Src/stm32wbxx_hal_flash_ex.c ****   WRITE_REG(FLASH->IPCCBR, (uint32_t)((IPCCDataBufAddr - SRAM2A_BASE) >> 4));
 411              		.loc 1 749 3 view .LVU105
 412 0000 00F15F40 		add	r0, r0, #-553648128
 413              	.LVL33:
 414              		.loc 1 749 3 is_stmt 0 view .LVU106
 415 0004 00F57D00 		add	r0, r0, #16580608
 416              	.LVL34:
 417              		.loc 1 749 3 view .LVU107
 418 0008 0009     		lsrs	r0, r0, #4
 419              	.LVL35:
 420              		.loc 1 749 3 view .LVU108
 421 000a 014B     		ldr	r3, .L35
 422 000c D863     		str	r0, [r3, #60]
 750:Drivers/STM32WBxx_HAL_Driver/Src/stm32wbxx_hal_flash_ex.c **** }
 423              		.loc 1 750 1 view .LVU109
 424 000e 7047     		bx	lr
 425              	.L36:
 426              		.align	2
 427              	.L35:
 428 0010 00400058 		.word	1476411392
 429              		.cfi_endproc
 430              	.LFE966:
 432              		.section	.text.FLASH_OB_SecureConfig,"ax",%progbits
 433              		.align	1
 434              		.syntax unified
 435              		.thumb
 436              		.thumb_func
 438              	FLASH_OB_SecureConfig:
 439              	.LVL36:
 440              	.LFB967:
 751:Drivers/STM32WBxx_HAL_Driver/Src/stm32wbxx_hal_flash_ex.c **** 
 752:Drivers/STM32WBxx_HAL_Driver/Src/stm32wbxx_hal_flash_ex.c **** /**
 753:Drivers/STM32WBxx_HAL_Driver/Src/stm32wbxx_hal_flash_ex.c ****   * @brief  Configure the secure start address of the different memories (FLASH and SRAM2),
 754:Drivers/STM32WBxx_HAL_Driver/Src/stm32wbxx_hal_flash_ex.c ****   *         the secure mode and the CPU2 Secure Boot reset vector
 755:Drivers/STM32WBxx_HAL_Driver/Src/stm32wbxx_hal_flash_ex.c ****   * @note   To configure the PCROP options, the option lock bit OPTLOCK must be
 756:Drivers/STM32WBxx_HAL_Driver/Src/stm32wbxx_hal_flash_ex.c ****   *         cleared with the call of the @ref HAL_FLASH_OB_Unlock() function.
 757:Drivers/STM32WBxx_HAL_Driver/Src/stm32wbxx_hal_flash_ex.c ****   * @param  pOBParam Pointer to an @ref FLASH_OBProgramInitTypeDef structure that
 758:Drivers/STM32WBxx_HAL_Driver/Src/stm32wbxx_hal_flash_ex.c ****   *         contains the configuration information for the programming
 759:Drivers/STM32WBxx_HAL_Driver/Src/stm32wbxx_hal_flash_ex.c ****   * @retval void
 760:Drivers/STM32WBxx_HAL_Driver/Src/stm32wbxx_hal_flash_ex.c ****   */
 761:Drivers/STM32WBxx_HAL_Driver/Src/stm32wbxx_hal_flash_ex.c **** static void FLASH_OB_SecureConfig(FLASH_OBProgramInitTypeDef *pOBParam)
ARM GAS  /var/folders/98/ctz5mtps7w71v8dr53cf5qg40000gn/T//cc2XmeiS.s 			page 22


 762:Drivers/STM32WBxx_HAL_Driver/Src/stm32wbxx_hal_flash_ex.c **** {
 441              		.loc 1 762 1 is_stmt 1 view -0
 442              		.cfi_startproc
 443              		@ args = 0, pretend = 0, frame = 0
 444              		@ frame_needed = 0, uses_anonymous_args = 0
 445              		@ link register save eliminated.
 763:Drivers/STM32WBxx_HAL_Driver/Src/stm32wbxx_hal_flash_ex.c ****   uint32_t sfr_reg_val = READ_REG(FLASH->SFR);
 446              		.loc 1 763 3 view .LVU111
 447              		.loc 1 763 12 is_stmt 0 view .LVU112
 448 0000 294B     		ldr	r3, .L45
 449 0002 D3F88020 		ldr	r2, [r3, #128]
 450              	.LVL37:
 764:Drivers/STM32WBxx_HAL_Driver/Src/stm32wbxx_hal_flash_ex.c ****   uint32_t srrvr_reg_val = READ_REG(FLASH->SRRVR);
 451              		.loc 1 764 3 is_stmt 1 view .LVU113
 452              		.loc 1 764 12 is_stmt 0 view .LVU114
 453 0006 D3F88430 		ldr	r3, [r3, #132]
 454              	.LVL38:
 765:Drivers/STM32WBxx_HAL_Driver/Src/stm32wbxx_hal_flash_ex.c **** 
 766:Drivers/STM32WBxx_HAL_Driver/Src/stm32wbxx_hal_flash_ex.c ****   if ((pOBParam->OptionType & OPTIONBYTE_SECURE_MODE) != 0U)
 455              		.loc 1 766 3 is_stmt 1 view .LVU115
 456              		.loc 1 766 16 is_stmt 0 view .LVU116
 457 000a 0168     		ldr	r1, [r0]
 458              		.loc 1 766 6 view .LVU117
 459 000c 11F4007F 		tst	r1, #512
 460 0010 26D0     		beq	.L38
 767:Drivers/STM32WBxx_HAL_Driver/Src/stm32wbxx_hal_flash_ex.c ****   {
 768:Drivers/STM32WBxx_HAL_Driver/Src/stm32wbxx_hal_flash_ex.c ****     assert_param(IS_OB_SFSA_START_ADDR(pOBParam->SecureFlashStartAddr));
 461              		.loc 1 768 5 is_stmt 1 view .LVU118
 769:Drivers/STM32WBxx_HAL_Driver/Src/stm32wbxx_hal_flash_ex.c ****     assert_param(IS_OB_SBRSA_START_ADDR(pOBParam->SecureRAM2aStartAddr));
 462              		.loc 1 769 5 view .LVU119
 770:Drivers/STM32WBxx_HAL_Driver/Src/stm32wbxx_hal_flash_ex.c ****     assert_param(IS_OB_SNBRSA_START_ADDR(pOBParam->SecureRAM2bStartAddr));
 463              		.loc 1 770 5 view .LVU120
 771:Drivers/STM32WBxx_HAL_Driver/Src/stm32wbxx_hal_flash_ex.c ****     assert_param(IS_OB_SECURE_MODE(pOBParam->SecureMode));
 464              		.loc 1 771 5 view .LVU121
 772:Drivers/STM32WBxx_HAL_Driver/Src/stm32wbxx_hal_flash_ex.c **** 
 773:Drivers/STM32WBxx_HAL_Driver/Src/stm32wbxx_hal_flash_ex.c ****     /* Configure SFR register content with start PAGE index to secure */
 774:Drivers/STM32WBxx_HAL_Driver/Src/stm32wbxx_hal_flash_ex.c ****     MODIFY_REG(sfr_reg_val, FLASH_SFR_SFSA, (((pOBParam->SecureFlashStartAddr - FLASH_BASE) / FLASH
 465              		.loc 1 774 5 view .LVU122
 466 0012 22F0FF02 		bic	r2, r2, #255
 467              	.LVL39:
 468              		.loc 1 774 5 is_stmt 0 view .LVU123
 469 0016 016B     		ldr	r1, [r0, #48]
 470 0018 01F17841 		add	r1, r1, #-134217728
 471 001c 42EA1131 		orr	r1, r2, r1, lsr #12
 472              	.LVL40:
 775:Drivers/STM32WBxx_HAL_Driver/Src/stm32wbxx_hal_flash_ex.c **** 
 776:Drivers/STM32WBxx_HAL_Driver/Src/stm32wbxx_hal_flash_ex.c ****     /* Configure SRRVR register */
 777:Drivers/STM32WBxx_HAL_Driver/Src/stm32wbxx_hal_flash_ex.c **** #if defined(FLASH_SRRVR_SBRSA_A)
 778:Drivers/STM32WBxx_HAL_Driver/Src/stm32wbxx_hal_flash_ex.c ****     MODIFY_REG(srrvr_reg_val, (FLASH_SRRVR_SBRSA_A | FLASH_SRRVR_SBRSA_B), \
 779:Drivers/STM32WBxx_HAL_Driver/Src/stm32wbxx_hal_flash_ex.c ****                (((((pOBParam->SecureRAM2aStartAddr - SRAM2A_BASE) >> SRAM_SECURE_PAGE_GRANULARITY_O
 780:Drivers/STM32WBxx_HAL_Driver/Src/stm32wbxx_hal_flash_ex.c ****                 ((((pOBParam->SecureRAM2bStartAddr - SRAM2B_BASE) >> SRAM_SECURE_PAGE_GRANULARITY_O
 781:Drivers/STM32WBxx_HAL_Driver/Src/stm32wbxx_hal_flash_ex.c **** #else
 782:Drivers/STM32WBxx_HAL_Driver/Src/stm32wbxx_hal_flash_ex.c ****     MODIFY_REG(srrvr_reg_val, (FLASH_SRRVR_SBRSA | FLASH_SRRVR_SNBRSA), \
 473              		.loc 1 782 5 is_stmt 1 view .LVU124
 474 0020 23F07953 		bic	r3, r3, #1044381696
 475              	.LVL41:
 476              		.loc 1 782 5 is_stmt 0 view .LVU125
ARM GAS  /var/folders/98/ctz5mtps7w71v8dr53cf5qg40000gn/T//cc2XmeiS.s 			page 23


 477 0024 23F47013 		bic	r3, r3, #3932160
 478 0028 426B     		ldr	r2, [r0, #52]
 479 002a 02F15F42 		add	r2, r2, #-553648128
 480 002e 02F57D02 		add	r2, r2, #16580608
 481 0032 4FEA922C 		lsr	ip, r2, #10
 482 0036 826B     		ldr	r2, [r0, #56]
 483 0038 02F16042 		add	r2, r2, #-536870912
 484 003c A2F56032 		sub	r2, r2, #229376
 485 0040 920A     		lsrs	r2, r2, #10
 486 0042 5206     		lsls	r2, r2, #25
 487 0044 42EA8C42 		orr	r2, r2, ip, lsl #18
 488 0048 1343     		orrs	r3, r3, r2
 489              	.LVL42:
 783:Drivers/STM32WBxx_HAL_Driver/Src/stm32wbxx_hal_flash_ex.c ****                (((((pOBParam->SecureRAM2aStartAddr - SRAM2A_BASE) >> SRAM_SECURE_PAGE_GRANULARITY_O
 784:Drivers/STM32WBxx_HAL_Driver/Src/stm32wbxx_hal_flash_ex.c ****                 ((((pOBParam->SecureRAM2bStartAddr - SRAM2B_BASE) >> SRAM_SECURE_PAGE_GRANULARITY_O
 785:Drivers/STM32WBxx_HAL_Driver/Src/stm32wbxx_hal_flash_ex.c **** #endif /* FLASH_SRRVR_SBRSA_A */
 786:Drivers/STM32WBxx_HAL_Driver/Src/stm32wbxx_hal_flash_ex.c **** 
 787:Drivers/STM32WBxx_HAL_Driver/Src/stm32wbxx_hal_flash_ex.c ****     /* If Full System Secure mode is requested, clear all the corresponding bit */
 788:Drivers/STM32WBxx_HAL_Driver/Src/stm32wbxx_hal_flash_ex.c ****     /* Else set the corresponding bit */
 789:Drivers/STM32WBxx_HAL_Driver/Src/stm32wbxx_hal_flash_ex.c ****     if (pOBParam->SecureMode == SYSTEM_IN_SECURE_MODE)
 490              		.loc 1 789 5 is_stmt 1 view .LVU126
 491              		.loc 1 789 17 is_stmt 0 view .LVU127
 492 004a C26B     		ldr	r2, [r0, #60]
 493              		.loc 1 789 8 view .LVU128
 494 004c B2F5807F 		cmp	r2, #256
 495 0050 1BD0     		beq	.L43
 790:Drivers/STM32WBxx_HAL_Driver/Src/stm32wbxx_hal_flash_ex.c ****     {
 791:Drivers/STM32WBxx_HAL_Driver/Src/stm32wbxx_hal_flash_ex.c ****       CLEAR_BIT(sfr_reg_val, FLASH_SFR_FSD);
 792:Drivers/STM32WBxx_HAL_Driver/Src/stm32wbxx_hal_flash_ex.c **** #if defined(FLASH_SRRVR_BRSD_A)
 793:Drivers/STM32WBxx_HAL_Driver/Src/stm32wbxx_hal_flash_ex.c ****       CLEAR_BIT(srrvr_reg_val, (FLASH_SRRVR_BRSD_A | FLASH_SRRVR_BRSD_B));
 794:Drivers/STM32WBxx_HAL_Driver/Src/stm32wbxx_hal_flash_ex.c **** #else
 795:Drivers/STM32WBxx_HAL_Driver/Src/stm32wbxx_hal_flash_ex.c ****       CLEAR_BIT(srrvr_reg_val, (FLASH_SRRVR_BRSD | FLASH_SRRVR_NBRSD));
 796:Drivers/STM32WBxx_HAL_Driver/Src/stm32wbxx_hal_flash_ex.c **** #endif /* FLASH_SRRVR_BRSD_A */
 797:Drivers/STM32WBxx_HAL_Driver/Src/stm32wbxx_hal_flash_ex.c ****     }
 798:Drivers/STM32WBxx_HAL_Driver/Src/stm32wbxx_hal_flash_ex.c ****     else
 799:Drivers/STM32WBxx_HAL_Driver/Src/stm32wbxx_hal_flash_ex.c ****     {
 800:Drivers/STM32WBxx_HAL_Driver/Src/stm32wbxx_hal_flash_ex.c ****       SET_BIT(sfr_reg_val, FLASH_SFR_FSD);
 496              		.loc 1 800 7 is_stmt 1 view .LVU129
 497 0052 41F48072 		orr	r2, r1, #256
 498              	.LVL43:
 801:Drivers/STM32WBxx_HAL_Driver/Src/stm32wbxx_hal_flash_ex.c **** #if defined(FLASH_SRRVR_BRSD_A)
 802:Drivers/STM32WBxx_HAL_Driver/Src/stm32wbxx_hal_flash_ex.c ****       SET_BIT(srrvr_reg_val, (FLASH_SRRVR_BRSD_A | FLASH_SRRVR_BRSD_B));
 803:Drivers/STM32WBxx_HAL_Driver/Src/stm32wbxx_hal_flash_ex.c **** #else
 804:Drivers/STM32WBxx_HAL_Driver/Src/stm32wbxx_hal_flash_ex.c ****       SET_BIT(srrvr_reg_val, (FLASH_SRRVR_BRSD | FLASH_SRRVR_NBRSD));
 499              		.loc 1 804 7 view .LVU130
 500 0056 43F08143 		orr	r3, r3, #1082130432
 501              	.LVL44:
 502              	.L40:
 805:Drivers/STM32WBxx_HAL_Driver/Src/stm32wbxx_hal_flash_ex.c **** #endif /* FLASH_SRRVR_BRSD_A */
 806:Drivers/STM32WBxx_HAL_Driver/Src/stm32wbxx_hal_flash_ex.c ****     }
 807:Drivers/STM32WBxx_HAL_Driver/Src/stm32wbxx_hal_flash_ex.c **** 
 808:Drivers/STM32WBxx_HAL_Driver/Src/stm32wbxx_hal_flash_ex.c ****     /* Update Flash registers */
 809:Drivers/STM32WBxx_HAL_Driver/Src/stm32wbxx_hal_flash_ex.c ****     WRITE_REG(FLASH->SFR, sfr_reg_val);
 503              		.loc 1 809 5 view .LVU131
 504 005a 1349     		ldr	r1, .L45
 505 005c C1F88020 		str	r2, [r1, #128]
 506              	.L38:
ARM GAS  /var/folders/98/ctz5mtps7w71v8dr53cf5qg40000gn/T//cc2XmeiS.s 			page 24


 810:Drivers/STM32WBxx_HAL_Driver/Src/stm32wbxx_hal_flash_ex.c ****   }
 811:Drivers/STM32WBxx_HAL_Driver/Src/stm32wbxx_hal_flash_ex.c **** 
 812:Drivers/STM32WBxx_HAL_Driver/Src/stm32wbxx_hal_flash_ex.c ****   /* Boot vector */
 813:Drivers/STM32WBxx_HAL_Driver/Src/stm32wbxx_hal_flash_ex.c ****   if ((pOBParam->OptionType & OPTIONBYTE_C2_BOOT_VECT) != 0U)
 507              		.loc 1 813 3 view .LVU132
 508              		.loc 1 813 16 is_stmt 0 view .LVU133
 509 0060 0268     		ldr	r2, [r0]
 510              	.LVL45:
 511              		.loc 1 813 6 view .LVU134
 512 0062 12F4807F 		tst	r2, #256
 513 0066 0CD0     		beq	.L41
 814:Drivers/STM32WBxx_HAL_Driver/Src/stm32wbxx_hal_flash_ex.c ****   {
 815:Drivers/STM32WBxx_HAL_Driver/Src/stm32wbxx_hal_flash_ex.c ****     /* Check the parameters */
 816:Drivers/STM32WBxx_HAL_Driver/Src/stm32wbxx_hal_flash_ex.c ****     assert_param(IS_OB_BOOT_VECTOR_ADDR(pOBParam->C2SecureBootVectAddr));
 514              		.loc 1 816 5 is_stmt 1 view .LVU135
 817:Drivers/STM32WBxx_HAL_Driver/Src/stm32wbxx_hal_flash_ex.c ****     assert_param(IS_OB_BOOT_REGION(pOBParam->C2BootRegion));
 515              		.loc 1 817 5 view .LVU136
 818:Drivers/STM32WBxx_HAL_Driver/Src/stm32wbxx_hal_flash_ex.c **** 
 819:Drivers/STM32WBxx_HAL_Driver/Src/stm32wbxx_hal_flash_ex.c ****     /* Set the boot vector */
 820:Drivers/STM32WBxx_HAL_Driver/Src/stm32wbxx_hal_flash_ex.c ****     if (pOBParam->C2BootRegion == OB_C2_BOOT_FROM_FLASH)
 516              		.loc 1 820 5 view .LVU137
 517              		.loc 1 820 17 is_stmt 0 view .LVU138
 518 0068 026C     		ldr	r2, [r0, #64]
 519              		.loc 1 820 8 view .LVU139
 520 006a B2F1004F 		cmp	r2, #-2147483648
 521 006e 11D0     		beq	.L44
 821:Drivers/STM32WBxx_HAL_Driver/Src/stm32wbxx_hal_flash_ex.c ****     {
 822:Drivers/STM32WBxx_HAL_Driver/Src/stm32wbxx_hal_flash_ex.c ****       MODIFY_REG(srrvr_reg_val, (FLASH_SRRVR_SBRV | FLASH_SRRVR_C2OPT),
 823:Drivers/STM32WBxx_HAL_Driver/Src/stm32wbxx_hal_flash_ex.c ****                  (((pOBParam->C2SecureBootVectAddr - FLASH_BASE) >> 2) | pOBParam->C2BootRegion));
 824:Drivers/STM32WBxx_HAL_Driver/Src/stm32wbxx_hal_flash_ex.c ****     }
 825:Drivers/STM32WBxx_HAL_Driver/Src/stm32wbxx_hal_flash_ex.c ****     else
 826:Drivers/STM32WBxx_HAL_Driver/Src/stm32wbxx_hal_flash_ex.c ****     {
 827:Drivers/STM32WBxx_HAL_Driver/Src/stm32wbxx_hal_flash_ex.c ****       MODIFY_REG(srrvr_reg_val, (FLASH_SRRVR_SBRV | FLASH_SRRVR_C2OPT),
 522              		.loc 1 827 7 is_stmt 1 view .LVU140
 523 0070 0E49     		ldr	r1, .L45+4
 524 0072 1940     		ands	r1, r1, r3
 525 0074 436C     		ldr	r3, [r0, #68]
 526              	.LVL46:
 527              		.loc 1 827 7 is_stmt 0 view .LVU141
 528 0076 03F16043 		add	r3, r3, #-536870912
 529 007a 42EA9302 		orr	r2, r2, r3, lsr #2
 530 007e 41EA0203 		orr	r3, r1, r2
 531              	.LVL47:
 532              	.L41:
 828:Drivers/STM32WBxx_HAL_Driver/Src/stm32wbxx_hal_flash_ex.c ****                  (((pOBParam->C2SecureBootVectAddr - SRAM1_BASE) >> 2) | pOBParam->C2BootRegion));
 829:Drivers/STM32WBxx_HAL_Driver/Src/stm32wbxx_hal_flash_ex.c ****     }
 830:Drivers/STM32WBxx_HAL_Driver/Src/stm32wbxx_hal_flash_ex.c ****   }
 831:Drivers/STM32WBxx_HAL_Driver/Src/stm32wbxx_hal_flash_ex.c **** 
 832:Drivers/STM32WBxx_HAL_Driver/Src/stm32wbxx_hal_flash_ex.c ****   /* Update Flash registers */
 833:Drivers/STM32WBxx_HAL_Driver/Src/stm32wbxx_hal_flash_ex.c ****   WRITE_REG(FLASH->SRRVR, srrvr_reg_val);
 533              		.loc 1 833 3 is_stmt 1 view .LVU142
 534 0082 094A     		ldr	r2, .L45
 535 0084 C2F88430 		str	r3, [r2, #132]
 834:Drivers/STM32WBxx_HAL_Driver/Src/stm32wbxx_hal_flash_ex.c **** }
 536              		.loc 1 834 1 is_stmt 0 view .LVU143
 537 0088 7047     		bx	lr
 538              	.LVL48:
ARM GAS  /var/folders/98/ctz5mtps7w71v8dr53cf5qg40000gn/T//cc2XmeiS.s 			page 25


 539              	.L43:
 791:Drivers/STM32WBxx_HAL_Driver/Src/stm32wbxx_hal_flash_ex.c **** #if defined(FLASH_SRRVR_BRSD_A)
 540              		.loc 1 791 7 is_stmt 1 view .LVU144
 541 008a 21F48072 		bic	r2, r1, #256
 542              	.LVL49:
 795:Drivers/STM32WBxx_HAL_Driver/Src/stm32wbxx_hal_flash_ex.c **** #endif /* FLASH_SRRVR_BRSD_A */
 543              		.loc 1 795 7 view .LVU145
 544 008e 23F08143 		bic	r3, r3, #1082130432
 545              	.LVL50:
 795:Drivers/STM32WBxx_HAL_Driver/Src/stm32wbxx_hal_flash_ex.c **** #endif /* FLASH_SRRVR_BRSD_A */
 546              		.loc 1 795 7 is_stmt 0 view .LVU146
 547 0092 E2E7     		b	.L40
 548              	.LVL51:
 549              	.L44:
 822:Drivers/STM32WBxx_HAL_Driver/Src/stm32wbxx_hal_flash_ex.c ****                  (((pOBParam->C2SecureBootVectAddr - FLASH_BASE) >> 2) | pOBParam->C2BootRegion));
 550              		.loc 1 822 7 is_stmt 1 view .LVU147
 551 0094 0549     		ldr	r1, .L45+4
 552 0096 1940     		ands	r1, r1, r3
 553 0098 436C     		ldr	r3, [r0, #68]
 554              	.LVL52:
 822:Drivers/STM32WBxx_HAL_Driver/Src/stm32wbxx_hal_flash_ex.c ****                  (((pOBParam->C2SecureBootVectAddr - FLASH_BASE) >> 2) | pOBParam->C2BootRegion));
 555              		.loc 1 822 7 is_stmt 0 view .LVU148
 556 009a 03F17843 		add	r3, r3, #-134217728
 557 009e 42EA9302 		orr	r2, r2, r3, lsr #2
 558 00a2 41EA0203 		orr	r3, r1, r2
 559              	.LVL53:
 822:Drivers/STM32WBxx_HAL_Driver/Src/stm32wbxx_hal_flash_ex.c ****                  (((pOBParam->C2SecureBootVectAddr - FLASH_BASE) >> 2) | pOBParam->C2BootRegion));
 560              		.loc 1 822 7 view .LVU149
 561 00a6 ECE7     		b	.L41
 562              	.L46:
 563              		.align	2
 564              	.L45:
 565 00a8 00400058 		.word	1476411392
 566 00ac 0000FC7F 		.word	2147221504
 567              		.cfi_endproc
 568              	.LFE967:
 570              		.section	.text.FLASH_OB_GetWRP,"ax",%progbits
 571              		.align	1
 572              		.syntax unified
 573              		.thumb
 574              		.thumb_func
 576              	FLASH_OB_GetWRP:
 577              	.LVL54:
 578              	.LFB968:
 835:Drivers/STM32WBxx_HAL_Driver/Src/stm32wbxx_hal_flash_ex.c **** 
 836:Drivers/STM32WBxx_HAL_Driver/Src/stm32wbxx_hal_flash_ex.c **** /**
 837:Drivers/STM32WBxx_HAL_Driver/Src/stm32wbxx_hal_flash_ex.c ****   * @brief  Return the FLASH Write Protection Option Bytes value.
 838:Drivers/STM32WBxx_HAL_Driver/Src/stm32wbxx_hal_flash_ex.c ****   * @param[in]   WRPArea Specifies the area to be returned.
 839:Drivers/STM32WBxx_HAL_Driver/Src/stm32wbxx_hal_flash_ex.c ****   *              This parameter can be one of the following values:
 840:Drivers/STM32WBxx_HAL_Driver/Src/stm32wbxx_hal_flash_ex.c ****   *              @arg @ref OB_WRPAREA_BANK1_AREAA Flash Bank 1 Area A
 841:Drivers/STM32WBxx_HAL_Driver/Src/stm32wbxx_hal_flash_ex.c ****   *              @arg @ref OB_WRPAREA_BANK1_AREAB Flash Bank 1 Area B
 842:Drivers/STM32WBxx_HAL_Driver/Src/stm32wbxx_hal_flash_ex.c ****   * @param[out]  WRPStartOffset Specifies the address where to copied the start page
 843:Drivers/STM32WBxx_HAL_Driver/Src/stm32wbxx_hal_flash_ex.c ****   *                             of the write protected area
 844:Drivers/STM32WBxx_HAL_Driver/Src/stm32wbxx_hal_flash_ex.c ****   * @param[out]  WRDPEndOffset Specifies the address where to copied the end page of
 845:Drivers/STM32WBxx_HAL_Driver/Src/stm32wbxx_hal_flash_ex.c ****   *                            the write protected area
 846:Drivers/STM32WBxx_HAL_Driver/Src/stm32wbxx_hal_flash_ex.c ****   * @retval None
 847:Drivers/STM32WBxx_HAL_Driver/Src/stm32wbxx_hal_flash_ex.c ****   */
ARM GAS  /var/folders/98/ctz5mtps7w71v8dr53cf5qg40000gn/T//cc2XmeiS.s 			page 26


 848:Drivers/STM32WBxx_HAL_Driver/Src/stm32wbxx_hal_flash_ex.c **** static void FLASH_OB_GetWRP(uint32_t WRPArea, uint32_t *WRPStartOffset, uint32_t *WRDPEndOffset)
 849:Drivers/STM32WBxx_HAL_Driver/Src/stm32wbxx_hal_flash_ex.c **** {
 579              		.loc 1 849 1 is_stmt 1 view -0
 580              		.cfi_startproc
 581              		@ args = 0, pretend = 0, frame = 0
 582              		@ frame_needed = 0, uses_anonymous_args = 0
 583              		@ link register save eliminated.
 850:Drivers/STM32WBxx_HAL_Driver/Src/stm32wbxx_hal_flash_ex.c ****   /* Check the parameters */
 851:Drivers/STM32WBxx_HAL_Driver/Src/stm32wbxx_hal_flash_ex.c ****   assert_param(IS_OB_WRPAREA(WRPArea));
 584              		.loc 1 851 3 view .LVU151
 852:Drivers/STM32WBxx_HAL_Driver/Src/stm32wbxx_hal_flash_ex.c **** 
 853:Drivers/STM32WBxx_HAL_Driver/Src/stm32wbxx_hal_flash_ex.c ****   /* Get the configuration of the write protected area */
 854:Drivers/STM32WBxx_HAL_Driver/Src/stm32wbxx_hal_flash_ex.c ****   if (WRPArea == OB_WRPAREA_BANK1_AREAA)
 585              		.loc 1 854 3 view .LVU152
 586              		.loc 1 854 6 is_stmt 0 view .LVU153
 587 0000 40B9     		cbnz	r0, .L48
 855:Drivers/STM32WBxx_HAL_Driver/Src/stm32wbxx_hal_flash_ex.c ****   {
 856:Drivers/STM32WBxx_HAL_Driver/Src/stm32wbxx_hal_flash_ex.c ****     *WRPStartOffset = READ_BIT(FLASH->WRP1AR, FLASH_WRP1AR_WRP1A_STRT);
 588              		.loc 1 856 5 is_stmt 1 view .LVU154
 589              		.loc 1 856 23 is_stmt 0 view .LVU155
 590 0002 0948     		ldr	r0, .L50
 591              	.LVL55:
 592              		.loc 1 856 23 view .LVU156
 593 0004 C36A     		ldr	r3, [r0, #44]
 594 0006 DBB2     		uxtb	r3, r3
 595              		.loc 1 856 21 view .LVU157
 596 0008 0B60     		str	r3, [r1]
 857:Drivers/STM32WBxx_HAL_Driver/Src/stm32wbxx_hal_flash_ex.c ****     *WRDPEndOffset = (READ_BIT(FLASH->WRP1AR, FLASH_WRP1AR_WRP1A_END) >> FLASH_WRP1AR_WRP1A_END_Pos
 597              		.loc 1 857 5 is_stmt 1 view .LVU158
 598              		.loc 1 857 23 is_stmt 0 view .LVU159
 599 000a C36A     		ldr	r3, [r0, #44]
 600              		.loc 1 857 71 view .LVU160
 601 000c C3F30743 		ubfx	r3, r3, #16, #8
 602              		.loc 1 857 20 view .LVU161
 603 0010 1360     		str	r3, [r2]
 604 0012 7047     		bx	lr
 605              	.LVL56:
 606              	.L48:
 858:Drivers/STM32WBxx_HAL_Driver/Src/stm32wbxx_hal_flash_ex.c ****   }
 859:Drivers/STM32WBxx_HAL_Driver/Src/stm32wbxx_hal_flash_ex.c ****   else /* OB_WRPAREA_BANK1_AREAB */
 860:Drivers/STM32WBxx_HAL_Driver/Src/stm32wbxx_hal_flash_ex.c ****   {
 861:Drivers/STM32WBxx_HAL_Driver/Src/stm32wbxx_hal_flash_ex.c ****     *WRPStartOffset = READ_BIT(FLASH->WRP1BR, FLASH_WRP1BR_WRP1B_STRT);
 607              		.loc 1 861 5 is_stmt 1 view .LVU162
 608              		.loc 1 861 23 is_stmt 0 view .LVU163
 609 0014 0448     		ldr	r0, .L50
 610              	.LVL57:
 611              		.loc 1 861 23 view .LVU164
 612 0016 036B     		ldr	r3, [r0, #48]
 613 0018 DBB2     		uxtb	r3, r3
 614              		.loc 1 861 21 view .LVU165
 615 001a 0B60     		str	r3, [r1]
 862:Drivers/STM32WBxx_HAL_Driver/Src/stm32wbxx_hal_flash_ex.c ****     *WRDPEndOffset = (READ_BIT(FLASH->WRP1BR, FLASH_WRP1BR_WRP1B_END) >> FLASH_WRP1BR_WRP1B_END_Pos
 616              		.loc 1 862 5 is_stmt 1 view .LVU166
 617              		.loc 1 862 23 is_stmt 0 view .LVU167
 618 001c 036B     		ldr	r3, [r0, #48]
 619              		.loc 1 862 71 view .LVU168
 620 001e C3F30743 		ubfx	r3, r3, #16, #8
ARM GAS  /var/folders/98/ctz5mtps7w71v8dr53cf5qg40000gn/T//cc2XmeiS.s 			page 27


 621              		.loc 1 862 20 view .LVU169
 622 0022 1360     		str	r3, [r2]
 863:Drivers/STM32WBxx_HAL_Driver/Src/stm32wbxx_hal_flash_ex.c ****   }
 864:Drivers/STM32WBxx_HAL_Driver/Src/stm32wbxx_hal_flash_ex.c **** }
 623              		.loc 1 864 1 view .LVU170
 624 0024 7047     		bx	lr
 625              	.L51:
 626 0026 00BF     		.align	2
 627              	.L50:
 628 0028 00400058 		.word	1476411392
 629              		.cfi_endproc
 630              	.LFE968:
 632              		.section	.text.FLASH_OB_GetRDP,"ax",%progbits
 633              		.align	1
 634              		.syntax unified
 635              		.thumb
 636              		.thumb_func
 638              	FLASH_OB_GetRDP:
 639              	.LFB969:
 865:Drivers/STM32WBxx_HAL_Driver/Src/stm32wbxx_hal_flash_ex.c **** 
 866:Drivers/STM32WBxx_HAL_Driver/Src/stm32wbxx_hal_flash_ex.c **** /**
 867:Drivers/STM32WBxx_HAL_Driver/Src/stm32wbxx_hal_flash_ex.c ****   * @brief  Return the FLASH Read Protection level.
 868:Drivers/STM32WBxx_HAL_Driver/Src/stm32wbxx_hal_flash_ex.c ****   * @retval FLASH ReadOut Protection Status:
 869:Drivers/STM32WBxx_HAL_Driver/Src/stm32wbxx_hal_flash_ex.c ****   *         This return value can be one of the following values:
 870:Drivers/STM32WBxx_HAL_Driver/Src/stm32wbxx_hal_flash_ex.c ****   *            @arg @ref OB_RDP_LEVEL_0 No protection
 871:Drivers/STM32WBxx_HAL_Driver/Src/stm32wbxx_hal_flash_ex.c ****   *            @arg @ref OB_RDP_LEVEL_1 Read protection of the memory
 872:Drivers/STM32WBxx_HAL_Driver/Src/stm32wbxx_hal_flash_ex.c ****   *            @arg @ref OB_RDP_LEVEL_2 Full chip protection
 873:Drivers/STM32WBxx_HAL_Driver/Src/stm32wbxx_hal_flash_ex.c ****   */
 874:Drivers/STM32WBxx_HAL_Driver/Src/stm32wbxx_hal_flash_ex.c **** static uint32_t FLASH_OB_GetRDP(void)
 875:Drivers/STM32WBxx_HAL_Driver/Src/stm32wbxx_hal_flash_ex.c **** {
 640              		.loc 1 875 1 is_stmt 1 view -0
 641              		.cfi_startproc
 642              		@ args = 0, pretend = 0, frame = 0
 643              		@ frame_needed = 0, uses_anonymous_args = 0
 644              		@ link register save eliminated.
 876:Drivers/STM32WBxx_HAL_Driver/Src/stm32wbxx_hal_flash_ex.c ****   uint32_t rdplvl = READ_BIT(FLASH->OPTR, FLASH_OPTR_RDP);
 645              		.loc 1 876 3 view .LVU172
 646              		.loc 1 876 21 is_stmt 0 view .LVU173
 647 0000 044B     		ldr	r3, .L55
 648 0002 186A     		ldr	r0, [r3, #32]
 649              		.loc 1 876 12 view .LVU174
 650 0004 C0B2     		uxtb	r0, r0
 651              	.LVL58:
 877:Drivers/STM32WBxx_HAL_Driver/Src/stm32wbxx_hal_flash_ex.c **** 
 878:Drivers/STM32WBxx_HAL_Driver/Src/stm32wbxx_hal_flash_ex.c ****   if ((rdplvl != OB_RDP_LEVEL_0) && (rdplvl != OB_RDP_LEVEL_2))
 652              		.loc 1 878 3 is_stmt 1 view .LVU175
 653              		.loc 1 878 6 is_stmt 0 view .LVU176
 654 0006 AA28     		cmp	r0, #170
 655 0008 02D0     		beq	.L52
 656              		.loc 1 878 34 discriminator 1 view .LVU177
 657 000a CC28     		cmp	r0, #204
 658 000c 00D0     		beq	.L52
 879:Drivers/STM32WBxx_HAL_Driver/Src/stm32wbxx_hal_flash_ex.c ****   {
 880:Drivers/STM32WBxx_HAL_Driver/Src/stm32wbxx_hal_flash_ex.c ****     return (OB_RDP_LEVEL_1);
 659              		.loc 1 880 12 view .LVU178
 660 000e BB20     		movs	r0, #187
 661              	.LVL59:
ARM GAS  /var/folders/98/ctz5mtps7w71v8dr53cf5qg40000gn/T//cc2XmeiS.s 			page 28


 662              	.L52:
 881:Drivers/STM32WBxx_HAL_Driver/Src/stm32wbxx_hal_flash_ex.c ****   }
 882:Drivers/STM32WBxx_HAL_Driver/Src/stm32wbxx_hal_flash_ex.c ****   else
 883:Drivers/STM32WBxx_HAL_Driver/Src/stm32wbxx_hal_flash_ex.c ****   {
 884:Drivers/STM32WBxx_HAL_Driver/Src/stm32wbxx_hal_flash_ex.c ****     return rdplvl;
 885:Drivers/STM32WBxx_HAL_Driver/Src/stm32wbxx_hal_flash_ex.c ****   }
 886:Drivers/STM32WBxx_HAL_Driver/Src/stm32wbxx_hal_flash_ex.c **** }
 663              		.loc 1 886 1 view .LVU179
 664 0010 7047     		bx	lr
 665              	.L56:
 666 0012 00BF     		.align	2
 667              	.L55:
 668 0014 00400058 		.word	1476411392
 669              		.cfi_endproc
 670              	.LFE969:
 672              		.section	.text.FLASH_OB_GetUser,"ax",%progbits
 673              		.align	1
 674              		.syntax unified
 675              		.thumb
 676              		.thumb_func
 678              	FLASH_OB_GetUser:
 679              	.LFB970:
 887:Drivers/STM32WBxx_HAL_Driver/Src/stm32wbxx_hal_flash_ex.c **** 
 888:Drivers/STM32WBxx_HAL_Driver/Src/stm32wbxx_hal_flash_ex.c **** /**
 889:Drivers/STM32WBxx_HAL_Driver/Src/stm32wbxx_hal_flash_ex.c ****   * @brief  Return the FLASH User Option Byte value.
 890:Drivers/STM32WBxx_HAL_Driver/Src/stm32wbxx_hal_flash_ex.c ****   * @retval This return value can be a combination of all the following values:
 891:Drivers/STM32WBxx_HAL_Driver/Src/stm32wbxx_hal_flash_ex.c ****   *         @arg @ref OB_BOR_LEVEL_0 or @ref OB_BOR_LEVEL_1 or ... or @ref OB_BOR_LEVEL_4
 892:Drivers/STM32WBxx_HAL_Driver/Src/stm32wbxx_hal_flash_ex.c ****   *         @arg @ref OB_STOP_RST or @ref OB_STOP_RST
 893:Drivers/STM32WBxx_HAL_Driver/Src/stm32wbxx_hal_flash_ex.c ****   *         @arg @ref OB_STANDBY_RST or @ref OB_STANDBY_NORST
 894:Drivers/STM32WBxx_HAL_Driver/Src/stm32wbxx_hal_flash_ex.c ****   *         @arg @ref OB_SHUTDOWN_RST or @ref OB_SHUTDOWN_NORST
 895:Drivers/STM32WBxx_HAL_Driver/Src/stm32wbxx_hal_flash_ex.c ****   *         @arg @ref OB_IRH_ENABLE or @ref OB_IRH_DISABLE (*)
 896:Drivers/STM32WBxx_HAL_Driver/Src/stm32wbxx_hal_flash_ex.c ****   *         @arg @ref OB_IWDG_SW or @ref OB_IWDG_HW
 897:Drivers/STM32WBxx_HAL_Driver/Src/stm32wbxx_hal_flash_ex.c ****   *         @arg @ref OB_IWDG_STOP_FREEZE or @ref OB_IWDG_STOP_RUN
 898:Drivers/STM32WBxx_HAL_Driver/Src/stm32wbxx_hal_flash_ex.c ****   *         @arg @ref OB_IWDG_STDBY_FREEZE or @ref OB_IWDG_STDBY_RUN
 899:Drivers/STM32WBxx_HAL_Driver/Src/stm32wbxx_hal_flash_ex.c ****   *         @arg @ref OB_WWDG_SW or @ref OB_WWDG_HW
 900:Drivers/STM32WBxx_HAL_Driver/Src/stm32wbxx_hal_flash_ex.c ****   *         @arg @ref OB_BOOT1_SRAM or @ref OB_BOOT1_SYSTEM
 901:Drivers/STM32WBxx_HAL_Driver/Src/stm32wbxx_hal_flash_ex.c ****   *         @arg @ref OB_SRAM2_PARITY_ENABLE or @ref OB_SRAM2_PARITY_DISABLE
 902:Drivers/STM32WBxx_HAL_Driver/Src/stm32wbxx_hal_flash_ex.c ****   *         @arg @ref OB_SRAM2_RST_ERASE or @ref OB_SRAM2_RST_NOT_ERASE
 903:Drivers/STM32WBxx_HAL_Driver/Src/stm32wbxx_hal_flash_ex.c ****   *         @arg @ref OB_BOOT0_FROM_OB or @ref OB_BOOT0_FROM_PIN
 904:Drivers/STM32WBxx_HAL_Driver/Src/stm32wbxx_hal_flash_ex.c ****   *         @arg @ref OB_BOOT0_RESET or @ref OB_BOOT0_SET
 905:Drivers/STM32WBxx_HAL_Driver/Src/stm32wbxx_hal_flash_ex.c ****   *         @arg @ref OB_RESET_MODE_INPUT_ONLY or @ref OB_RESET_MODE_GPIO or @ref OB_RESET_MODE_INP
 906:Drivers/STM32WBxx_HAL_Driver/Src/stm32wbxx_hal_flash_ex.c ****   *         @arg @ref OB_AGC_TRIM_0 or @ref OB_AGC_TRIM_1 or ... or @ref OB_AGC_TRIM_7
 907:Drivers/STM32WBxx_HAL_Driver/Src/stm32wbxx_hal_flash_ex.c ****   */
 908:Drivers/STM32WBxx_HAL_Driver/Src/stm32wbxx_hal_flash_ex.c **** static uint32_t FLASH_OB_GetUser(void)
 909:Drivers/STM32WBxx_HAL_Driver/Src/stm32wbxx_hal_flash_ex.c **** {
 680              		.loc 1 909 1 is_stmt 1 view -0
 681              		.cfi_startproc
 682              		@ args = 0, pretend = 0, frame = 0
 683              		@ frame_needed = 0, uses_anonymous_args = 0
 684              		@ link register save eliminated.
 910:Drivers/STM32WBxx_HAL_Driver/Src/stm32wbxx_hal_flash_ex.c ****   uint32_t user_config = (READ_REG(FLASH->OPTR) & OB_USER_ALL);
 685              		.loc 1 910 3 view .LVU181
 686              		.loc 1 910 27 is_stmt 0 view .LVU182
 687 0000 024B     		ldr	r3, .L58
 688 0002 1B6A     		ldr	r3, [r3, #32]
 689              	.LVL60:
 911:Drivers/STM32WBxx_HAL_Driver/Src/stm32wbxx_hal_flash_ex.c ****   CLEAR_BIT(user_config, (FLASH_OPTR_RDP | FLASH_OPTR_ESE));
ARM GAS  /var/folders/98/ctz5mtps7w71v8dr53cf5qg40000gn/T//cc2XmeiS.s 			page 29


 690              		.loc 1 911 3 is_stmt 1 view .LVU183
 912:Drivers/STM32WBxx_HAL_Driver/Src/stm32wbxx_hal_flash_ex.c **** 
 913:Drivers/STM32WBxx_HAL_Driver/Src/stm32wbxx_hal_flash_ex.c ****   return user_config;
 691              		.loc 1 913 3 view .LVU184
 914:Drivers/STM32WBxx_HAL_Driver/Src/stm32wbxx_hal_flash_ex.c **** }
 692              		.loc 1 914 1 is_stmt 0 view .LVU185
 693 0004 0248     		ldr	r0, .L58+4
 694 0006 1840     		ands	r0, r0, r3
 695              	.LVL61:
 696              		.loc 1 914 1 view .LVU186
 697 0008 7047     		bx	lr
 698              	.L59:
 699 000a 00BF     		.align	2
 700              	.L58:
 701 000c 00400058 		.word	1476411392
 702 0010 007E8FEF 		.word	-275808768
 703              		.cfi_endproc
 704              	.LFE970:
 706              		.section	.text.FLASH_OB_GetPCROP,"ax",%progbits
 707              		.align	1
 708              		.syntax unified
 709              		.thumb
 710              		.thumb_func
 712              	FLASH_OB_GetPCROP:
 713              	.LVL62:
 714              	.LFB971:
 915:Drivers/STM32WBxx_HAL_Driver/Src/stm32wbxx_hal_flash_ex.c **** 
 916:Drivers/STM32WBxx_HAL_Driver/Src/stm32wbxx_hal_flash_ex.c **** /**
 917:Drivers/STM32WBxx_HAL_Driver/Src/stm32wbxx_hal_flash_ex.c ****   * @brief  Return the FLASH Write Protection Option Bytes value.
 918:Drivers/STM32WBxx_HAL_Driver/Src/stm32wbxx_hal_flash_ex.c ****   * @param PCROPConfig [out] Specifies the address where to copied the configuration of PCROP_RDP o
 919:Drivers/STM32WBxx_HAL_Driver/Src/stm32wbxx_hal_flash_ex.c ****   * @param PCROP1AStartAddr [out] Specifies the address where to copied the start address
 920:Drivers/STM32WBxx_HAL_Driver/Src/stm32wbxx_hal_flash_ex.c ****   *                         of the Zone 1A Proprietary code readout protection
 921:Drivers/STM32WBxx_HAL_Driver/Src/stm32wbxx_hal_flash_ex.c ****   * @param PCROP1AEndAddr [out] Specifies the address where to copied the end address of
 922:Drivers/STM32WBxx_HAL_Driver/Src/stm32wbxx_hal_flash_ex.c ****   *                       the Zone 1A Proprietary code readout protection
 923:Drivers/STM32WBxx_HAL_Driver/Src/stm32wbxx_hal_flash_ex.c ****   * @param PCROP1BStartAddr [out] Specifies the address where to copied the start address
 924:Drivers/STM32WBxx_HAL_Driver/Src/stm32wbxx_hal_flash_ex.c ****   *                         of the Zone 1B Proprietary code readout protection
 925:Drivers/STM32WBxx_HAL_Driver/Src/stm32wbxx_hal_flash_ex.c ****   * @param PCROP1BEndAddr [out] Specifies the address where to copied the end address of
 926:Drivers/STM32WBxx_HAL_Driver/Src/stm32wbxx_hal_flash_ex.c ****   *                       the Zone 1B Proprietary code readout protection
 927:Drivers/STM32WBxx_HAL_Driver/Src/stm32wbxx_hal_flash_ex.c ****   * @retval None
 928:Drivers/STM32WBxx_HAL_Driver/Src/stm32wbxx_hal_flash_ex.c ****   */
 929:Drivers/STM32WBxx_HAL_Driver/Src/stm32wbxx_hal_flash_ex.c **** static void FLASH_OB_GetPCROP(uint32_t *PCROPConfig, uint32_t *PCROP1AStartAddr, uint32_t *PCROP1AE
 930:Drivers/STM32WBxx_HAL_Driver/Src/stm32wbxx_hal_flash_ex.c ****                               uint32_t *PCROP1BStartAddr, uint32_t *PCROP1BEndAddr)
 931:Drivers/STM32WBxx_HAL_Driver/Src/stm32wbxx_hal_flash_ex.c **** {
 715              		.loc 1 931 1 is_stmt 1 view -0
 716              		.cfi_startproc
 717              		@ args = 4, pretend = 0, frame = 0
 718              		@ frame_needed = 0, uses_anonymous_args = 0
 719              		@ link register save eliminated.
 720              		.loc 1 931 1 is_stmt 0 view .LVU188
 721 0000 70B4     		push	{r4, r5, r6}
 722              	.LCFI6:
 723              		.cfi_def_cfa_offset 12
 724              		.cfi_offset 4, -12
 725              		.cfi_offset 5, -8
 726              		.cfi_offset 6, -4
 932:Drivers/STM32WBxx_HAL_Driver/Src/stm32wbxx_hal_flash_ex.c ****   uint32_t pcrop;
 727              		.loc 1 932 3 is_stmt 1 view .LVU189
ARM GAS  /var/folders/98/ctz5mtps7w71v8dr53cf5qg40000gn/T//cc2XmeiS.s 			page 30


 933:Drivers/STM32WBxx_HAL_Driver/Src/stm32wbxx_hal_flash_ex.c **** 
 934:Drivers/STM32WBxx_HAL_Driver/Src/stm32wbxx_hal_flash_ex.c ****   pcrop             = (READ_BIT(FLASH->PCROP1BSR, FLASH_PCROP1BSR_PCROP1B_STRT));
 728              		.loc 1 934 3 view .LVU190
 729              		.loc 1 934 24 is_stmt 0 view .LVU191
 730 0002 104D     		ldr	r5, .L62
 731 0004 6E6B     		ldr	r6, [r5, #52]
 732              	.LVL63:
 935:Drivers/STM32WBxx_HAL_Driver/Src/stm32wbxx_hal_flash_ex.c ****   *PCROP1BStartAddr = ((pcrop << FLASH_PCROP_GRANULARITY_OFFSET) + FLASH_BASE);
 733              		.loc 1 935 3 is_stmt 1 view .LVU192
 734              		.loc 1 935 31 is_stmt 0 view .LVU193
 735 0006 104C     		ldr	r4, .L62+4
 736 0008 04EAC626 		and	r6, r4, r6, lsl #11
 737              	.LVL64:
 738              		.loc 1 935 66 view .LVU194
 739 000c 06F10066 		add	r6, r6, #134217728
 740              		.loc 1 935 21 view .LVU195
 741 0010 1E60     		str	r6, [r3]
 936:Drivers/STM32WBxx_HAL_Driver/Src/stm32wbxx_hal_flash_ex.c **** 
 937:Drivers/STM32WBxx_HAL_Driver/Src/stm32wbxx_hal_flash_ex.c ****   pcrop             = (READ_BIT(FLASH->PCROP1BER, FLASH_PCROP1BER_PCROP1B_END));
 742              		.loc 1 937 3 is_stmt 1 view .LVU196
 743              		.loc 1 937 24 is_stmt 0 view .LVU197
 744 0012 AB6B     		ldr	r3, [r5, #56]
 745              	.LVL65:
 938:Drivers/STM32WBxx_HAL_Driver/Src/stm32wbxx_hal_flash_ex.c ****   *PCROP1BEndAddr   = ((pcrop << FLASH_PCROP_GRANULARITY_OFFSET) + FLASH_BASE);
 746              		.loc 1 938 3 is_stmt 1 view .LVU198
 747              		.loc 1 938 31 is_stmt 0 view .LVU199
 748 0014 04EAC323 		and	r3, r4, r3, lsl #11
 749              	.LVL66:
 750              		.loc 1 938 66 view .LVU200
 751 0018 03F10063 		add	r3, r3, #134217728
 752              		.loc 1 938 21 view .LVU201
 753 001c 039E     		ldr	r6, [sp, #12]
 754 001e 3360     		str	r3, [r6]
 939:Drivers/STM32WBxx_HAL_Driver/Src/stm32wbxx_hal_flash_ex.c **** 
 940:Drivers/STM32WBxx_HAL_Driver/Src/stm32wbxx_hal_flash_ex.c ****   pcrop             = (READ_BIT(FLASH->PCROP1ASR, FLASH_PCROP1ASR_PCROP1A_STRT));
 755              		.loc 1 940 3 is_stmt 1 view .LVU202
 756              		.loc 1 940 24 is_stmt 0 view .LVU203
 757 0020 6B6A     		ldr	r3, [r5, #36]
 758              	.LVL67:
 941:Drivers/STM32WBxx_HAL_Driver/Src/stm32wbxx_hal_flash_ex.c ****   *PCROP1AStartAddr = ((pcrop << FLASH_PCROP_GRANULARITY_OFFSET) + FLASH_BASE);
 759              		.loc 1 941 3 is_stmt 1 view .LVU204
 760              		.loc 1 941 31 is_stmt 0 view .LVU205
 761 0022 04EAC323 		and	r3, r4, r3, lsl #11
 762              	.LVL68:
 763              		.loc 1 941 66 view .LVU206
 764 0026 03F10063 		add	r3, r3, #134217728
 765              		.loc 1 941 21 view .LVU207
 766 002a 0B60     		str	r3, [r1]
 942:Drivers/STM32WBxx_HAL_Driver/Src/stm32wbxx_hal_flash_ex.c **** 
 943:Drivers/STM32WBxx_HAL_Driver/Src/stm32wbxx_hal_flash_ex.c ****   pcrop             = (READ_BIT(FLASH->PCROP1AER, FLASH_PCROP1AER_PCROP1A_END));
 767              		.loc 1 943 3 is_stmt 1 view .LVU208
 768              		.loc 1 943 24 is_stmt 0 view .LVU209
 769 002c AB6A     		ldr	r3, [r5, #40]
 770              	.LVL69:
 944:Drivers/STM32WBxx_HAL_Driver/Src/stm32wbxx_hal_flash_ex.c ****   *PCROP1AEndAddr   = ((pcrop << FLASH_PCROP_GRANULARITY_OFFSET) + FLASH_BASE);
 771              		.loc 1 944 3 is_stmt 1 view .LVU210
 772              		.loc 1 944 31 is_stmt 0 view .LVU211
ARM GAS  /var/folders/98/ctz5mtps7w71v8dr53cf5qg40000gn/T//cc2XmeiS.s 			page 31


 773 002e 04EAC324 		and	r4, r4, r3, lsl #11
 774              		.loc 1 944 66 view .LVU212
 775 0032 04F10064 		add	r4, r4, #134217728
 776              		.loc 1 944 21 view .LVU213
 777 0036 1460     		str	r4, [r2]
 945:Drivers/STM32WBxx_HAL_Driver/Src/stm32wbxx_hal_flash_ex.c **** 
 946:Drivers/STM32WBxx_HAL_Driver/Src/stm32wbxx_hal_flash_ex.c ****   *PCROPConfig      = (READ_REG(FLASH->PCROP1AER) & FLASH_PCROP1AER_PCROP_RDP);
 778              		.loc 1 946 3 is_stmt 1 view .LVU214
 779              		.loc 1 946 24 is_stmt 0 view .LVU215
 780 0038 AB6A     		ldr	r3, [r5, #40]
 781              	.LVL70:
 782              		.loc 1 946 51 view .LVU216
 783 003a 03F00043 		and	r3, r3, #-2147483648
 784              		.loc 1 946 21 view .LVU217
 785 003e 0360     		str	r3, [r0]
 947:Drivers/STM32WBxx_HAL_Driver/Src/stm32wbxx_hal_flash_ex.c **** }
 786              		.loc 1 947 1 view .LVU218
 787 0040 70BC     		pop	{r4, r5, r6}
 788              	.LCFI7:
 789              		.cfi_restore 6
 790              		.cfi_restore 5
 791              		.cfi_restore 4
 792              		.cfi_def_cfa_offset 0
 793              	.LVL71:
 794              		.loc 1 947 1 view .LVU219
 795 0042 7047     		bx	lr
 796              	.L63:
 797              		.align	2
 798              	.L62:
 799 0044 00400058 		.word	1476411392
 800 0048 00F80F00 		.word	1046528
 801              		.cfi_endproc
 802              	.LFE971:
 804              		.section	.text.FLASH_OB_GetIPCCBufferAddr,"ax",%progbits
 805              		.align	1
 806              		.syntax unified
 807              		.thumb
 808              		.thumb_func
 810              	FLASH_OB_GetIPCCBufferAddr:
 811              	.LFB972:
 948:Drivers/STM32WBxx_HAL_Driver/Src/stm32wbxx_hal_flash_ex.c **** 
 949:Drivers/STM32WBxx_HAL_Driver/Src/stm32wbxx_hal_flash_ex.c **** /**
 950:Drivers/STM32WBxx_HAL_Driver/Src/stm32wbxx_hal_flash_ex.c ****   * @brief  Return the FLASH IPCC data buffer base address Option Byte value.
 951:Drivers/STM32WBxx_HAL_Driver/Src/stm32wbxx_hal_flash_ex.c ****   * @retval Returned value is the IPCC data buffer start address area in SRAM2.
 952:Drivers/STM32WBxx_HAL_Driver/Src/stm32wbxx_hal_flash_ex.c ****   */
 953:Drivers/STM32WBxx_HAL_Driver/Src/stm32wbxx_hal_flash_ex.c **** static uint32_t FLASH_OB_GetIPCCBufferAddr(void)
 954:Drivers/STM32WBxx_HAL_Driver/Src/stm32wbxx_hal_flash_ex.c **** {
 812              		.loc 1 954 1 is_stmt 1 view -0
 813              		.cfi_startproc
 814              		@ args = 0, pretend = 0, frame = 0
 815              		@ frame_needed = 0, uses_anonymous_args = 0
 816              		@ link register save eliminated.
 955:Drivers/STM32WBxx_HAL_Driver/Src/stm32wbxx_hal_flash_ex.c ****   return (uint32_t)((READ_BIT(FLASH->IPCCBR, FLASH_IPCCBR_IPCCDBA) << 4) + SRAM2A_BASE);
 817              		.loc 1 955 3 view .LVU221
 818              		.loc 1 955 22 is_stmt 0 view .LVU222
 819 0000 044B     		ldr	r3, .L65
 820 0002 DB6B     		ldr	r3, [r3, #60]
ARM GAS  /var/folders/98/ctz5mtps7w71v8dr53cf5qg40000gn/T//cc2XmeiS.s 			page 32


 821              		.loc 1 955 68 view .LVU223
 822 0004 0448     		ldr	r0, .L65+4
 823 0006 00EA0310 		and	r0, r0, r3, lsl #4
 956:Drivers/STM32WBxx_HAL_Driver/Src/stm32wbxx_hal_flash_ex.c **** }
 824              		.loc 1 956 1 view .LVU224
 825 000a 00F10050 		add	r0, r0, #536870912
 826 000e 00F54030 		add	r0, r0, #196608
 827 0012 7047     		bx	lr
 828              	.L66:
 829              		.align	2
 830              	.L65:
 831 0014 00400058 		.word	1476411392
 832 0018 F0FF0300 		.word	262128
 833              		.cfi_endproc
 834              	.LFE972:
 836              		.section	.text.FLASH_OB_GetSecureMemoryConfig,"ax",%progbits
 837              		.align	1
 838              		.syntax unified
 839              		.thumb
 840              		.thumb_func
 842              	FLASH_OB_GetSecureMemoryConfig:
 843              	.LVL72:
 844              	.LFB973:
 957:Drivers/STM32WBxx_HAL_Driver/Src/stm32wbxx_hal_flash_ex.c **** 
 958:Drivers/STM32WBxx_HAL_Driver/Src/stm32wbxx_hal_flash_ex.c **** /**
 959:Drivers/STM32WBxx_HAL_Driver/Src/stm32wbxx_hal_flash_ex.c ****   * @brief  Return the Secure Flash start address, Secure Backup RAM2a start address, Secure non-Ba
 960:Drivers/STM32WBxx_HAL_Driver/Src/stm32wbxx_hal_flash_ex.c ****   * @param  SecureFlashStartAddr Specifies the address where to copied the Secure Flash start addre
 961:Drivers/STM32WBxx_HAL_Driver/Src/stm32wbxx_hal_flash_ex.c ****   * @param  SecureRAM2aStartAddr Specifies the address where to copied the Secure Backup RAM2a star
 962:Drivers/STM32WBxx_HAL_Driver/Src/stm32wbxx_hal_flash_ex.c ****   * @param  SecureRAM2bStartAddr Specifies the address where to copied the Secure non-Backup RAM2b 
 963:Drivers/STM32WBxx_HAL_Driver/Src/stm32wbxx_hal_flash_ex.c ****   * @param  SecureMode           Specifies the address where to copied the Secure Mode.
 964:Drivers/STM32WBxx_HAL_Driver/Src/stm32wbxx_hal_flash_ex.c ****   *                              This return value can be one of the following values:
 965:Drivers/STM32WBxx_HAL_Driver/Src/stm32wbxx_hal_flash_ex.c ****   *                              @arg @ref SYSTEM_IN_SECURE_MODE : Security enabled
 966:Drivers/STM32WBxx_HAL_Driver/Src/stm32wbxx_hal_flash_ex.c ****   *                              @arg @ref SYSTEM_NOT_IN_SECURE_MODE : Security disabled
 967:Drivers/STM32WBxx_HAL_Driver/Src/stm32wbxx_hal_flash_ex.c ****   * @retval None
 968:Drivers/STM32WBxx_HAL_Driver/Src/stm32wbxx_hal_flash_ex.c ****   */
 969:Drivers/STM32WBxx_HAL_Driver/Src/stm32wbxx_hal_flash_ex.c **** static void FLASH_OB_GetSecureMemoryConfig(uint32_t *SecureFlashStartAddr, uint32_t *SecureRAM2aSta
 970:Drivers/STM32WBxx_HAL_Driver/Src/stm32wbxx_hal_flash_ex.c ****                                            uint32_t *SecureRAM2bStartAddr, uint32_t *SecureMode)
 971:Drivers/STM32WBxx_HAL_Driver/Src/stm32wbxx_hal_flash_ex.c **** {
 845              		.loc 1 971 1 is_stmt 1 view -0
 846              		.cfi_startproc
 847              		@ args = 0, pretend = 0, frame = 0
 848              		@ frame_needed = 0, uses_anonymous_args = 0
 849              		@ link register save eliminated.
 850              		.loc 1 971 1 is_stmt 0 view .LVU226
 851 0000 70B4     		push	{r4, r5, r6}
 852              	.LCFI8:
 853              		.cfi_def_cfa_offset 12
 854              		.cfi_offset 4, -12
 855              		.cfi_offset 5, -8
 856              		.cfi_offset 6, -4
 972:Drivers/STM32WBxx_HAL_Driver/Src/stm32wbxx_hal_flash_ex.c ****   uint32_t sfr_reg_val = READ_REG(FLASH->SFR);
 857              		.loc 1 972 3 is_stmt 1 view .LVU227
 858              		.loc 1 972 12 is_stmt 0 view .LVU228
 859 0002 114E     		ldr	r6, .L69
 860 0004 D6F88050 		ldr	r5, [r6, #128]
 861              	.LVL73:
 973:Drivers/STM32WBxx_HAL_Driver/Src/stm32wbxx_hal_flash_ex.c ****   uint32_t srrvr_reg_val = READ_REG(FLASH->SRRVR);
ARM GAS  /var/folders/98/ctz5mtps7w71v8dr53cf5qg40000gn/T//cc2XmeiS.s 			page 33


 862              		.loc 1 973 3 is_stmt 1 view .LVU229
 863              		.loc 1 973 12 is_stmt 0 view .LVU230
 864 0008 D6F88440 		ldr	r4, [r6, #132]
 865              	.LVL74:
 974:Drivers/STM32WBxx_HAL_Driver/Src/stm32wbxx_hal_flash_ex.c **** 
 975:Drivers/STM32WBxx_HAL_Driver/Src/stm32wbxx_hal_flash_ex.c ****   /* Get Secure Flash start address */
 976:Drivers/STM32WBxx_HAL_Driver/Src/stm32wbxx_hal_flash_ex.c ****   uint32_t user_config = (READ_BIT(sfr_reg_val, FLASH_SFR_SFSA) >> FLASH_SFR_SFSA_Pos);
 866              		.loc 1 976 3 is_stmt 1 view .LVU231
 867              		.loc 1 976 12 is_stmt 0 view .LVU232
 868 000c EDB2     		uxtb	r5, r5
 869              	.LVL75:
 977:Drivers/STM32WBxx_HAL_Driver/Src/stm32wbxx_hal_flash_ex.c **** 
 978:Drivers/STM32WBxx_HAL_Driver/Src/stm32wbxx_hal_flash_ex.c ****   *SecureFlashStartAddr = ((user_config * FLASH_PAGE_SIZE) + FLASH_BASE);
 870              		.loc 1 978 3 is_stmt 1 view .LVU233
 871              		.loc 1 978 60 is_stmt 0 view .LVU234
 872 000e 05F50045 		add	r5, r5, #32768
 873              	.LVL76:
 874              		.loc 1 978 60 view .LVU235
 875 0012 2D03     		lsls	r5, r5, #12
 876              	.LVL77:
 877              		.loc 1 978 25 view .LVU236
 878 0014 0560     		str	r5, [r0]
 979:Drivers/STM32WBxx_HAL_Driver/Src/stm32wbxx_hal_flash_ex.c **** 
 980:Drivers/STM32WBxx_HAL_Driver/Src/stm32wbxx_hal_flash_ex.c ****   /* Get Secure SRAM2a start address */
 981:Drivers/STM32WBxx_HAL_Driver/Src/stm32wbxx_hal_flash_ex.c **** #if defined(FLASH_SRRVR_SBRSA_A)
 982:Drivers/STM32WBxx_HAL_Driver/Src/stm32wbxx_hal_flash_ex.c ****   user_config = (READ_BIT(srrvr_reg_val, FLASH_SRRVR_SBRSA_A) >> FLASH_SRRVR_SBRSA_A_Pos);
 983:Drivers/STM32WBxx_HAL_Driver/Src/stm32wbxx_hal_flash_ex.c **** #else
 984:Drivers/STM32WBxx_HAL_Driver/Src/stm32wbxx_hal_flash_ex.c ****   user_config = (READ_BIT(srrvr_reg_val, FLASH_SRRVR_SBRSA) >> FLASH_SRRVR_SBRSA_Pos);
 879              		.loc 1 984 3 is_stmt 1 view .LVU237
 880              		.loc 1 984 61 is_stmt 0 view .LVU238
 881 0016 A00C     		lsrs	r0, r4, #18
 882              	.LVL78:
 985:Drivers/STM32WBxx_HAL_Driver/Src/stm32wbxx_hal_flash_ex.c **** #endif /* FLASH_SRRVR_SBRSA_A */
 986:Drivers/STM32WBxx_HAL_Driver/Src/stm32wbxx_hal_flash_ex.c **** 
 987:Drivers/STM32WBxx_HAL_Driver/Src/stm32wbxx_hal_flash_ex.c ****   *SecureRAM2aStartAddr = ((user_config << SRAM_SECURE_PAGE_GRANULARITY_OFFSET) + SRAM2A_BASE);
 883              		.loc 1 987 3 is_stmt 1 view .LVU239
 884              		.loc 1 987 41 is_stmt 0 view .LVU240
 885 0018 8002     		lsls	r0, r0, #10
 886              	.LVL79:
 887              		.loc 1 987 41 view .LVU241
 888 001a 00F4F840 		and	r0, r0, #31744
 889              		.loc 1 987 81 view .LVU242
 890 001e 00F10050 		add	r0, r0, #536870912
 891 0022 00F54030 		add	r0, r0, #196608
 892              		.loc 1 987 25 view .LVU243
 893 0026 0860     		str	r0, [r1]
 988:Drivers/STM32WBxx_HAL_Driver/Src/stm32wbxx_hal_flash_ex.c **** 
 989:Drivers/STM32WBxx_HAL_Driver/Src/stm32wbxx_hal_flash_ex.c ****   /* Get Secure SRAM2b start address */
 990:Drivers/STM32WBxx_HAL_Driver/Src/stm32wbxx_hal_flash_ex.c **** #if defined(FLASH_SRRVR_SBRSA_B)
 991:Drivers/STM32WBxx_HAL_Driver/Src/stm32wbxx_hal_flash_ex.c ****   user_config = (READ_BIT(srrvr_reg_val, FLASH_SRRVR_SBRSA_B) >> FLASH_SRRVR_SBRSA_B_Pos);
 992:Drivers/STM32WBxx_HAL_Driver/Src/stm32wbxx_hal_flash_ex.c **** #else
 993:Drivers/STM32WBxx_HAL_Driver/Src/stm32wbxx_hal_flash_ex.c ****   user_config = (READ_BIT(srrvr_reg_val, FLASH_SRRVR_SNBRSA) >> FLASH_SRRVR_SNBRSA_Pos);
 894              		.loc 1 993 3 is_stmt 1 view .LVU244
 895              		.loc 1 993 62 is_stmt 0 view .LVU245
 896 0028 610E     		lsrs	r1, r4, #25
 897              	.LVL80:
 994:Drivers/STM32WBxx_HAL_Driver/Src/stm32wbxx_hal_flash_ex.c **** #endif /* FLASH_SRRVR_SBRSA_B */
ARM GAS  /var/folders/98/ctz5mtps7w71v8dr53cf5qg40000gn/T//cc2XmeiS.s 			page 34


 995:Drivers/STM32WBxx_HAL_Driver/Src/stm32wbxx_hal_flash_ex.c **** 
 996:Drivers/STM32WBxx_HAL_Driver/Src/stm32wbxx_hal_flash_ex.c ****   *SecureRAM2bStartAddr = ((user_config << SRAM_SECURE_PAGE_GRANULARITY_OFFSET) + SRAM2B_BASE);
 898              		.loc 1 996 3 is_stmt 1 view .LVU246
 899              		.loc 1 996 41 is_stmt 0 view .LVU247
 900 002a 8902     		lsls	r1, r1, #10
 901              	.LVL81:
 902              		.loc 1 996 41 view .LVU248
 903 002c 01F4F841 		and	r1, r1, #31744
 904              		.loc 1 996 81 view .LVU249
 905 0030 01F10051 		add	r1, r1, #536870912
 906 0034 01F56031 		add	r1, r1, #229376
 907              		.loc 1 996 25 view .LVU250
 908 0038 1160     		str	r1, [r2]
 997:Drivers/STM32WBxx_HAL_Driver/Src/stm32wbxx_hal_flash_ex.c **** 
 998:Drivers/STM32WBxx_HAL_Driver/Src/stm32wbxx_hal_flash_ex.c ****   /* Get Secure Area mode */
 999:Drivers/STM32WBxx_HAL_Driver/Src/stm32wbxx_hal_flash_ex.c ****   *SecureMode = (READ_BIT(FLASH->OPTR, FLASH_OPTR_ESE));
 909              		.loc 1 999 3 is_stmt 1 view .LVU251
 910              		.loc 1 999 18 is_stmt 0 view .LVU252
 911 003a 326A     		ldr	r2, [r6, #32]
 912              	.LVL82:
 913              		.loc 1 999 18 view .LVU253
 914 003c 02F48072 		and	r2, r2, #256
 915              		.loc 1 999 15 view .LVU254
 916 0040 1A60     		str	r2, [r3]
1000:Drivers/STM32WBxx_HAL_Driver/Src/stm32wbxx_hal_flash_ex.c **** }
 917              		.loc 1 1000 1 view .LVU255
 918 0042 70BC     		pop	{r4, r5, r6}
 919              	.LCFI9:
 920              		.cfi_restore 6
 921              		.cfi_restore 5
 922              		.cfi_restore 4
 923              		.cfi_def_cfa_offset 0
 924              	.LVL83:
 925              		.loc 1 1000 1 view .LVU256
 926 0044 7047     		bx	lr
 927              	.L70:
 928 0046 00BF     		.align	2
 929              	.L69:
 930 0048 00400058 		.word	1476411392
 931              		.cfi_endproc
 932              	.LFE973:
 934              		.section	.text.FLASH_OB_GetC2BootResetConfig,"ax",%progbits
 935              		.align	1
 936              		.syntax unified
 937              		.thumb
 938              		.thumb_func
 940              	FLASH_OB_GetC2BootResetConfig:
 941              	.LVL84:
 942              	.LFB974:
1001:Drivers/STM32WBxx_HAL_Driver/Src/stm32wbxx_hal_flash_ex.c **** 
1002:Drivers/STM32WBxx_HAL_Driver/Src/stm32wbxx_hal_flash_ex.c **** /**
1003:Drivers/STM32WBxx_HAL_Driver/Src/stm32wbxx_hal_flash_ex.c ****   * @brief  Return the CPU2 Secure Boot reset vector address and the CPU2 Secure Boot Region
1004:Drivers/STM32WBxx_HAL_Driver/Src/stm32wbxx_hal_flash_ex.c ****   * @param  C2BootResetVectAddr Specifies the address where to copied the CPU2 Secure Boot reset ve
1005:Drivers/STM32WBxx_HAL_Driver/Src/stm32wbxx_hal_flash_ex.c ****   * @param  C2BootResetRegion   Specifies the Secure Boot reset memory region
1006:Drivers/STM32WBxx_HAL_Driver/Src/stm32wbxx_hal_flash_ex.c ****   * @retval None
1007:Drivers/STM32WBxx_HAL_Driver/Src/stm32wbxx_hal_flash_ex.c ****   */
1008:Drivers/STM32WBxx_HAL_Driver/Src/stm32wbxx_hal_flash_ex.c **** static void FLASH_OB_GetC2BootResetConfig(uint32_t *C2BootResetVectAddr, uint32_t *C2BootResetRegio
ARM GAS  /var/folders/98/ctz5mtps7w71v8dr53cf5qg40000gn/T//cc2XmeiS.s 			page 35


1009:Drivers/STM32WBxx_HAL_Driver/Src/stm32wbxx_hal_flash_ex.c **** {
 943              		.loc 1 1009 1 is_stmt 1 view -0
 944              		.cfi_startproc
 945              		@ args = 0, pretend = 0, frame = 0
 946              		@ frame_needed = 0, uses_anonymous_args = 0
 947              		@ link register save eliminated.
1010:Drivers/STM32WBxx_HAL_Driver/Src/stm32wbxx_hal_flash_ex.c ****   *C2BootResetRegion = (READ_BIT(FLASH->SRRVR, FLASH_SRRVR_C2OPT));
 948              		.loc 1 1010 3 view .LVU258
 949              		.loc 1 1010 25 is_stmt 0 view .LVU259
 950 0000 0D4B     		ldr	r3, .L75
 951 0002 D3F88430 		ldr	r3, [r3, #132]
 952 0006 03F00042 		and	r2, r3, #-2147483648
 953              		.loc 1 1010 22 view .LVU260
 954 000a 0A60     		str	r2, [r1]
1011:Drivers/STM32WBxx_HAL_Driver/Src/stm32wbxx_hal_flash_ex.c **** 
1012:Drivers/STM32WBxx_HAL_Driver/Src/stm32wbxx_hal_flash_ex.c ****   if (*C2BootResetRegion == OB_C2_BOOT_FROM_FLASH)
 955              		.loc 1 1012 3 is_stmt 1 view .LVU261
 956              		.loc 1 1012 6 is_stmt 0 view .LVU262
 957 000c 002B     		cmp	r3, #0
 958 000e 09DB     		blt	.L74
1013:Drivers/STM32WBxx_HAL_Driver/Src/stm32wbxx_hal_flash_ex.c ****   {
1014:Drivers/STM32WBxx_HAL_Driver/Src/stm32wbxx_hal_flash_ex.c ****     *C2BootResetVectAddr = (uint32_t)((READ_BIT(FLASH->SRRVR, FLASH_SRRVR_SBRV) << 2) + FLASH_BASE)
1015:Drivers/STM32WBxx_HAL_Driver/Src/stm32wbxx_hal_flash_ex.c ****   }
1016:Drivers/STM32WBxx_HAL_Driver/Src/stm32wbxx_hal_flash_ex.c ****   else
1017:Drivers/STM32WBxx_HAL_Driver/Src/stm32wbxx_hal_flash_ex.c ****   {
1018:Drivers/STM32WBxx_HAL_Driver/Src/stm32wbxx_hal_flash_ex.c ****     *C2BootResetVectAddr = (uint32_t)((READ_BIT(FLASH->SRRVR, FLASH_SRRVR_SBRV) << 2) + SRAM1_BASE)
 959              		.loc 1 1018 5 is_stmt 1 view .LVU263
 960              		.loc 1 1018 40 is_stmt 0 view .LVU264
 961 0010 094B     		ldr	r3, .L75
 962 0012 D3F88420 		ldr	r2, [r3, #132]
 963              		.loc 1 1018 81 view .LVU265
 964 0016 094B     		ldr	r3, .L75+4
 965 0018 03EA8203 		and	r3, r3, r2, lsl #2
 966              		.loc 1 1018 28 view .LVU266
 967 001c 03F10053 		add	r3, r3, #536870912
 968              		.loc 1 1018 26 view .LVU267
 969 0020 0360     		str	r3, [r0]
1019:Drivers/STM32WBxx_HAL_Driver/Src/stm32wbxx_hal_flash_ex.c ****   }
1020:Drivers/STM32WBxx_HAL_Driver/Src/stm32wbxx_hal_flash_ex.c **** }
 970              		.loc 1 1020 1 view .LVU268
 971 0022 7047     		bx	lr
 972              	.L74:
1014:Drivers/STM32WBxx_HAL_Driver/Src/stm32wbxx_hal_flash_ex.c ****   }
 973              		.loc 1 1014 5 is_stmt 1 view .LVU269
1014:Drivers/STM32WBxx_HAL_Driver/Src/stm32wbxx_hal_flash_ex.c ****   }
 974              		.loc 1 1014 40 is_stmt 0 view .LVU270
 975 0024 044B     		ldr	r3, .L75
 976 0026 D3F88420 		ldr	r2, [r3, #132]
1014:Drivers/STM32WBxx_HAL_Driver/Src/stm32wbxx_hal_flash_ex.c ****   }
 977              		.loc 1 1014 81 view .LVU271
 978 002a 044B     		ldr	r3, .L75+4
 979 002c 03EA8203 		and	r3, r3, r2, lsl #2
1014:Drivers/STM32WBxx_HAL_Driver/Src/stm32wbxx_hal_flash_ex.c ****   }
 980              		.loc 1 1014 28 view .LVU272
 981 0030 03F10063 		add	r3, r3, #134217728
1014:Drivers/STM32WBxx_HAL_Driver/Src/stm32wbxx_hal_flash_ex.c ****   }
 982              		.loc 1 1014 26 view .LVU273
ARM GAS  /var/folders/98/ctz5mtps7w71v8dr53cf5qg40000gn/T//cc2XmeiS.s 			page 36


 983 0034 0360     		str	r3, [r0]
 984 0036 7047     		bx	lr
 985              	.L76:
 986              		.align	2
 987              	.L75:
 988 0038 00400058 		.word	1476411392
 989 003c FCFF0F00 		.word	1048572
 990              		.cfi_endproc
 991              	.LFE974:
 993              		.section	.text.FLASH_OB_ProceedWriteOperation,"ax",%progbits
 994              		.align	1
 995              		.syntax unified
 996              		.thumb
 997              		.thumb_func
 999              	FLASH_OB_ProceedWriteOperation:
 1000              	.LFB975:
1021:Drivers/STM32WBxx_HAL_Driver/Src/stm32wbxx_hal_flash_ex.c **** 
1022:Drivers/STM32WBxx_HAL_Driver/Src/stm32wbxx_hal_flash_ex.c **** /**
1023:Drivers/STM32WBxx_HAL_Driver/Src/stm32wbxx_hal_flash_ex.c ****   * @brief  Proceed the OB Write Operation.
1024:Drivers/STM32WBxx_HAL_Driver/Src/stm32wbxx_hal_flash_ex.c ****   * @retval HAL Status
1025:Drivers/STM32WBxx_HAL_Driver/Src/stm32wbxx_hal_flash_ex.c ****   */
1026:Drivers/STM32WBxx_HAL_Driver/Src/stm32wbxx_hal_flash_ex.c **** static HAL_StatusTypeDef FLASH_OB_ProceedWriteOperation(void)
1027:Drivers/STM32WBxx_HAL_Driver/Src/stm32wbxx_hal_flash_ex.c **** {
 1001              		.loc 1 1027 1 is_stmt 1 view -0
 1002              		.cfi_startproc
 1003              		@ args = 0, pretend = 0, frame = 0
 1004              		@ frame_needed = 0, uses_anonymous_args = 0
 1005 0000 08B5     		push	{r3, lr}
 1006              	.LCFI10:
 1007              		.cfi_def_cfa_offset 8
 1008              		.cfi_offset 3, -8
 1009              		.cfi_offset 14, -4
1028:Drivers/STM32WBxx_HAL_Driver/Src/stm32wbxx_hal_flash_ex.c ****   HAL_StatusTypeDef status;
 1010              		.loc 1 1028 3 view .LVU275
1029:Drivers/STM32WBxx_HAL_Driver/Src/stm32wbxx_hal_flash_ex.c **** 
1030:Drivers/STM32WBxx_HAL_Driver/Src/stm32wbxx_hal_flash_ex.c ****   /* Verify that next operation can be proceed */
1031:Drivers/STM32WBxx_HAL_Driver/Src/stm32wbxx_hal_flash_ex.c ****   status = FLASH_WaitForLastOperation(FLASH_TIMEOUT_VALUE);
 1011              		.loc 1 1031 3 view .LVU276
 1012              		.loc 1 1031 12 is_stmt 0 view .LVU277
 1013 0002 4FF47A70 		mov	r0, #1000
 1014 0006 FFF7FEFF 		bl	FLASH_WaitForLastOperation
 1015              	.LVL85:
1032:Drivers/STM32WBxx_HAL_Driver/Src/stm32wbxx_hal_flash_ex.c **** 
1033:Drivers/STM32WBxx_HAL_Driver/Src/stm32wbxx_hal_flash_ex.c ****   if (status == HAL_OK)
 1016              		.loc 1 1033 3 is_stmt 1 view .LVU278
 1017              		.loc 1 1033 6 is_stmt 0 view .LVU279
 1018 000a 00B1     		cbz	r0, .L80
 1019              	.L78:
 1020              	.LVL86:
1034:Drivers/STM32WBxx_HAL_Driver/Src/stm32wbxx_hal_flash_ex.c ****   {
1035:Drivers/STM32WBxx_HAL_Driver/Src/stm32wbxx_hal_flash_ex.c ****     /* Set OPTSTRT Bit */
1036:Drivers/STM32WBxx_HAL_Driver/Src/stm32wbxx_hal_flash_ex.c ****     SET_BIT(FLASH->CR, FLASH_CR_OPTSTRT);
1037:Drivers/STM32WBxx_HAL_Driver/Src/stm32wbxx_hal_flash_ex.c **** 
1038:Drivers/STM32WBxx_HAL_Driver/Src/stm32wbxx_hal_flash_ex.c ****     /* Wait for last operation to be completed */
1039:Drivers/STM32WBxx_HAL_Driver/Src/stm32wbxx_hal_flash_ex.c ****     status = FLASH_WaitForLastOperation(FLASH_TIMEOUT_VALUE);
1040:Drivers/STM32WBxx_HAL_Driver/Src/stm32wbxx_hal_flash_ex.c ****   }
1041:Drivers/STM32WBxx_HAL_Driver/Src/stm32wbxx_hal_flash_ex.c **** 
ARM GAS  /var/folders/98/ctz5mtps7w71v8dr53cf5qg40000gn/T//cc2XmeiS.s 			page 37


1042:Drivers/STM32WBxx_HAL_Driver/Src/stm32wbxx_hal_flash_ex.c ****   return status;
 1021              		.loc 1 1042 3 is_stmt 1 view .LVU280
1043:Drivers/STM32WBxx_HAL_Driver/Src/stm32wbxx_hal_flash_ex.c **** }
 1022              		.loc 1 1043 1 is_stmt 0 view .LVU281
 1023 000c 08BD     		pop	{r3, pc}
 1024              	.LVL87:
 1025              	.L80:
1036:Drivers/STM32WBxx_HAL_Driver/Src/stm32wbxx_hal_flash_ex.c **** 
 1026              		.loc 1 1036 5 is_stmt 1 view .LVU282
 1027 000e 054A     		ldr	r2, .L81
 1028 0010 5369     		ldr	r3, [r2, #20]
 1029 0012 43F40033 		orr	r3, r3, #131072
 1030 0016 5361     		str	r3, [r2, #20]
1039:Drivers/STM32WBxx_HAL_Driver/Src/stm32wbxx_hal_flash_ex.c ****   }
 1031              		.loc 1 1039 5 view .LVU283
1039:Drivers/STM32WBxx_HAL_Driver/Src/stm32wbxx_hal_flash_ex.c ****   }
 1032              		.loc 1 1039 14 is_stmt 0 view .LVU284
 1033 0018 4FF47A70 		mov	r0, #1000
 1034 001c FFF7FEFF 		bl	FLASH_WaitForLastOperation
 1035              	.LVL88:
 1036 0020 F4E7     		b	.L78
 1037              	.L82:
 1038 0022 00BF     		.align	2
 1039              	.L81:
 1040 0024 00400058 		.word	1476411392
 1041              		.cfi_endproc
 1042              	.LFE975:
 1044              		.section	.text.HAL_FLASHEx_OBProgram,"ax",%progbits
 1045              		.align	1
 1046              		.global	HAL_FLASHEx_OBProgram
 1047              		.syntax unified
 1048              		.thumb
 1049              		.thumb_func
 1051              	HAL_FLASHEx_OBProgram:
 1052              	.LVL89:
 1053              	.LFB952:
 272:Drivers/STM32WBxx_HAL_Driver/Src/stm32wbxx_hal_flash_ex.c ****   uint32_t optr;
 1054              		.loc 1 272 1 is_stmt 1 view -0
 1055              		.cfi_startproc
 1056              		@ args = 0, pretend = 0, frame = 0
 1057              		@ frame_needed = 0, uses_anonymous_args = 0
 273:Drivers/STM32WBxx_HAL_Driver/Src/stm32wbxx_hal_flash_ex.c ****   HAL_StatusTypeDef status;
 1058              		.loc 1 273 3 view .LVU286
 274:Drivers/STM32WBxx_HAL_Driver/Src/stm32wbxx_hal_flash_ex.c **** 
 1059              		.loc 1 274 3 view .LVU287
 277:Drivers/STM32WBxx_HAL_Driver/Src/stm32wbxx_hal_flash_ex.c **** 
 1060              		.loc 1 277 3 view .LVU288
 280:Drivers/STM32WBxx_HAL_Driver/Src/stm32wbxx_hal_flash_ex.c **** 
 1061              		.loc 1 280 3 view .LVU289
 280:Drivers/STM32WBxx_HAL_Driver/Src/stm32wbxx_hal_flash_ex.c **** 
 1062              		.loc 1 280 3 view .LVU290
 1063 0000 324B     		ldr	r3, .L106
 1064 0002 1B78     		ldrb	r3, [r3]	@ zero_extendqisi2
 1065 0004 012B     		cmp	r3, #1
 1066 0006 5ED0     		beq	.L93
 272:Drivers/STM32WBxx_HAL_Driver/Src/stm32wbxx_hal_flash_ex.c ****   uint32_t optr;
 1067              		.loc 1 272 1 is_stmt 0 view .LVU291
ARM GAS  /var/folders/98/ctz5mtps7w71v8dr53cf5qg40000gn/T//cc2XmeiS.s 			page 38


 1068 0008 10B5     		push	{r4, lr}
 1069              	.LCFI11:
 1070              		.cfi_def_cfa_offset 8
 1071              		.cfi_offset 4, -8
 1072              		.cfi_offset 14, -4
 1073 000a 0446     		mov	r4, r0
 280:Drivers/STM32WBxx_HAL_Driver/Src/stm32wbxx_hal_flash_ex.c **** 
 1074              		.loc 1 280 3 is_stmt 1 discriminator 2 view .LVU292
 1075 000c 2F4B     		ldr	r3, .L106
 1076 000e 0122     		movs	r2, #1
 1077 0010 1A70     		strb	r2, [r3]
 280:Drivers/STM32WBxx_HAL_Driver/Src/stm32wbxx_hal_flash_ex.c **** 
 1078              		.loc 1 280 3 view .LVU293
 282:Drivers/STM32WBxx_HAL_Driver/Src/stm32wbxx_hal_flash_ex.c **** 
 1079              		.loc 1 282 3 view .LVU294
 282:Drivers/STM32WBxx_HAL_Driver/Src/stm32wbxx_hal_flash_ex.c **** 
 1080              		.loc 1 282 20 is_stmt 0 view .LVU295
 1081 0012 0022     		movs	r2, #0
 1082 0014 5A60     		str	r2, [r3, #4]
 285:Drivers/STM32WBxx_HAL_Driver/Src/stm32wbxx_hal_flash_ex.c ****   {
 1083              		.loc 1 285 3 is_stmt 1 view .LVU296
 285:Drivers/STM32WBxx_HAL_Driver/Src/stm32wbxx_hal_flash_ex.c ****   {
 1084              		.loc 1 285 15 is_stmt 0 view .LVU297
 1085 0016 0368     		ldr	r3, [r0]
 285:Drivers/STM32WBxx_HAL_Driver/Src/stm32wbxx_hal_flash_ex.c ****   {
 1086              		.loc 1 285 6 view .LVU298
 1087 0018 13F0010F 		tst	r3, #1
 1088 001c 24D1     		bne	.L98
 1089              	.LVL90:
 1090              	.L85:
 292:Drivers/STM32WBxx_HAL_Driver/Src/stm32wbxx_hal_flash_ex.c ****   {
 1091              		.loc 1 292 3 is_stmt 1 view .LVU299
 292:Drivers/STM32WBxx_HAL_Driver/Src/stm32wbxx_hal_flash_ex.c ****   {
 1092              		.loc 1 292 15 is_stmt 0 view .LVU300
 1093 001e 2368     		ldr	r3, [r4]
 292:Drivers/STM32WBxx_HAL_Driver/Src/stm32wbxx_hal_flash_ex.c ****   {
 1094              		.loc 1 292 28 view .LVU301
 1095 0020 03F00602 		and	r2, r3, #6
 292:Drivers/STM32WBxx_HAL_Driver/Src/stm32wbxx_hal_flash_ex.c ****   {
 1096              		.loc 1 292 6 view .LVU302
 1097 0024 062A     		cmp	r2, #6
 1098 0026 25D0     		beq	.L99
 297:Drivers/STM32WBxx_HAL_Driver/Src/stm32wbxx_hal_flash_ex.c ****   {
 1099              		.loc 1 297 8 is_stmt 1 view .LVU303
 297:Drivers/STM32WBxx_HAL_Driver/Src/stm32wbxx_hal_flash_ex.c ****   {
 1100              		.loc 1 297 11 is_stmt 0 view .LVU304
 1101 0028 13F0020F 		tst	r3, #2
 1102 002c 28D1     		bne	.L100
 307:Drivers/STM32WBxx_HAL_Driver/Src/stm32wbxx_hal_flash_ex.c ****   {
 1103              		.loc 1 307 8 is_stmt 1 view .LVU305
 307:Drivers/STM32WBxx_HAL_Driver/Src/stm32wbxx_hal_flash_ex.c ****   {
 1104              		.loc 1 307 11 is_stmt 0 view .LVU306
 1105 002e 13F0040F 		tst	r3, #4
 1106 0032 2ED1     		bne	.L101
 1107              	.L87:
 316:Drivers/STM32WBxx_HAL_Driver/Src/stm32wbxx_hal_flash_ex.c **** 
 1108              		.loc 1 316 3 is_stmt 1 view .LVU307
ARM GAS  /var/folders/98/ctz5mtps7w71v8dr53cf5qg40000gn/T//cc2XmeiS.s 			page 39


 319:Drivers/STM32WBxx_HAL_Driver/Src/stm32wbxx_hal_flash_ex.c ****   {
 1109              		.loc 1 319 3 view .LVU308
 319:Drivers/STM32WBxx_HAL_Driver/Src/stm32wbxx_hal_flash_ex.c ****   {
 1110              		.loc 1 319 15 is_stmt 0 view .LVU309
 1111 0034 2368     		ldr	r3, [r4]
 319:Drivers/STM32WBxx_HAL_Driver/Src/stm32wbxx_hal_flash_ex.c ****   {
 1112              		.loc 1 319 6 view .LVU310
 1113 0036 13F0080F 		tst	r3, #8
 1114 003a 07D0     		beq	.L89
 322:Drivers/STM32WBxx_HAL_Driver/Src/stm32wbxx_hal_flash_ex.c **** 
 1115              		.loc 1 322 5 is_stmt 1 view .LVU311
 324:Drivers/STM32WBxx_HAL_Driver/Src/stm32wbxx_hal_flash_ex.c ****     {
 1116              		.loc 1 324 5 view .LVU312
 324:Drivers/STM32WBxx_HAL_Driver/Src/stm32wbxx_hal_flash_ex.c ****     {
 1117              		.loc 1 324 17 is_stmt 0 view .LVU313
 1118 003c E069     		ldr	r0, [r4, #28]
 324:Drivers/STM32WBxx_HAL_Driver/Src/stm32wbxx_hal_flash_ex.c ****     {
 1119              		.loc 1 324 8 view .LVU314
 1120 003e 244B     		ldr	r3, .L106+4
 1121 0040 1842     		tst	r0, r3
 1122 0042 2ED1     		bne	.L102
 1123              	.L90:
 330:Drivers/STM32WBxx_HAL_Driver/Src/stm32wbxx_hal_flash_ex.c ****     {
 1124              		.loc 1 330 5 is_stmt 1 view .LVU315
 330:Drivers/STM32WBxx_HAL_Driver/Src/stm32wbxx_hal_flash_ex.c ****     {
 1125              		.loc 1 330 17 is_stmt 0 view .LVU316
 1126 0044 E369     		ldr	r3, [r4, #28]
 330:Drivers/STM32WBxx_HAL_Driver/Src/stm32wbxx_hal_flash_ex.c ****     {
 1127              		.loc 1 330 8 view .LVU317
 1128 0046 13F0020F 		tst	r3, #2
 1129 004a 2FD1     		bne	.L103
 1130              	.L89:
 338:Drivers/STM32WBxx_HAL_Driver/Src/stm32wbxx_hal_flash_ex.c ****   {
 1131              		.loc 1 338 3 is_stmt 1 view .LVU318
 338:Drivers/STM32WBxx_HAL_Driver/Src/stm32wbxx_hal_flash_ex.c ****   {
 1132              		.loc 1 338 15 is_stmt 0 view .LVU319
 1133 004c 2368     		ldr	r3, [r4]
 338:Drivers/STM32WBxx_HAL_Driver/Src/stm32wbxx_hal_flash_ex.c ****   {
 1134              		.loc 1 338 6 view .LVU320
 1135 004e 13F4407F 		tst	r3, #768
 1136 0052 30D1     		bne	.L104
 1137              	.L91:
 345:Drivers/STM32WBxx_HAL_Driver/Src/stm32wbxx_hal_flash_ex.c ****   {
 1138              		.loc 1 345 3 is_stmt 1 view .LVU321
 345:Drivers/STM32WBxx_HAL_Driver/Src/stm32wbxx_hal_flash_ex.c ****   {
 1139              		.loc 1 345 15 is_stmt 0 view .LVU322
 1140 0054 2368     		ldr	r3, [r4]
 345:Drivers/STM32WBxx_HAL_Driver/Src/stm32wbxx_hal_flash_ex.c ****   {
 1141              		.loc 1 345 6 view .LVU323
 1142 0056 13F0100F 		tst	r3, #16
 1143 005a 30D1     		bne	.L105
 1144              	.L92:
 352:Drivers/STM32WBxx_HAL_Driver/Src/stm32wbxx_hal_flash_ex.c **** 
 1145              		.loc 1 352 3 is_stmt 1 view .LVU324
 352:Drivers/STM32WBxx_HAL_Driver/Src/stm32wbxx_hal_flash_ex.c **** 
 1146              		.loc 1 352 12 is_stmt 0 view .LVU325
 1147 005c FFF7FEFF 		bl	FLASH_OB_ProceedWriteOperation
ARM GAS  /var/folders/98/ctz5mtps7w71v8dr53cf5qg40000gn/T//cc2XmeiS.s 			page 40


 1148              	.LVL91:
 355:Drivers/STM32WBxx_HAL_Driver/Src/stm32wbxx_hal_flash_ex.c **** 
 1149              		.loc 1 355 3 is_stmt 1 view .LVU326
 355:Drivers/STM32WBxx_HAL_Driver/Src/stm32wbxx_hal_flash_ex.c **** 
 1150              		.loc 1 355 3 view .LVU327
 1151 0060 1A4B     		ldr	r3, .L106
 1152 0062 0022     		movs	r2, #0
 1153 0064 1A70     		strb	r2, [r3]
 355:Drivers/STM32WBxx_HAL_Driver/Src/stm32wbxx_hal_flash_ex.c **** 
 1154              		.loc 1 355 3 view .LVU328
 358:Drivers/STM32WBxx_HAL_Driver/Src/stm32wbxx_hal_flash_ex.c **** }
 1155              		.loc 1 358 3 view .LVU329
 359:Drivers/STM32WBxx_HAL_Driver/Src/stm32wbxx_hal_flash_ex.c **** 
 1156              		.loc 1 359 1 is_stmt 0 view .LVU330
 1157 0066 10BD     		pop	{r4, pc}
 1158              	.LVL92:
 1159              	.L98:
 288:Drivers/STM32WBxx_HAL_Driver/Src/stm32wbxx_hal_flash_ex.c ****   }
 1160              		.loc 1 288 5 is_stmt 1 view .LVU331
 1161 0068 C268     		ldr	r2, [r0, #12]
 1162 006a 8168     		ldr	r1, [r0, #8]
 1163 006c 4068     		ldr	r0, [r0, #4]
 1164              	.LVL93:
 288:Drivers/STM32WBxx_HAL_Driver/Src/stm32wbxx_hal_flash_ex.c ****   }
 1165              		.loc 1 288 5 is_stmt 0 view .LVU332
 1166 006e FFF7FEFF 		bl	FLASH_OB_WRPConfig
 1167              	.LVL94:
 1168 0072 D4E7     		b	.L85
 1169              	.L99:
 295:Drivers/STM32WBxx_HAL_Driver/Src/stm32wbxx_hal_flash_ex.c ****   }
 1170              		.loc 1 295 5 is_stmt 1 view .LVU333
 1171 0074 2269     		ldr	r2, [r4, #16]
 1172 0076 A169     		ldr	r1, [r4, #24]
 1173 0078 6069     		ldr	r0, [r4, #20]
 1174 007a FFF7FEFF 		bl	FLASH_OB_OptrConfig
 1175              	.LVL95:
 1176 007e D9E7     		b	.L87
 1177              	.L100:
 300:Drivers/STM32WBxx_HAL_Driver/Src/stm32wbxx_hal_flash_ex.c **** 
 1178              		.loc 1 300 5 view .LVU334
 300:Drivers/STM32WBxx_HAL_Driver/Src/stm32wbxx_hal_flash_ex.c **** 
 1179              		.loc 1 300 12 is_stmt 0 view .LVU335
 1180 0080 FFF7FEFF 		bl	FLASH_OB_GetUser
 1181              	.LVL96:
 303:Drivers/STM32WBxx_HAL_Driver/Src/stm32wbxx_hal_flash_ex.c **** 
 1182              		.loc 1 303 5 is_stmt 1 view .LVU336
 303:Drivers/STM32WBxx_HAL_Driver/Src/stm32wbxx_hal_flash_ex.c **** 
 1183              		.loc 1 303 10 is_stmt 0 view .LVU337
 1184 0084 20F46060 		bic	r0, r0, #3584
 1185              	.LVL97:
 305:Drivers/STM32WBxx_HAL_Driver/Src/stm32wbxx_hal_flash_ex.c ****   }
 1186              		.loc 1 305 5 is_stmt 1 view .LVU338
 1187 0088 2269     		ldr	r2, [r4, #16]
 1188 008a 0146     		mov	r1, r0
 1189 008c FFF7FEFF 		bl	FLASH_OB_OptrConfig
 1190              	.LVL98:
 305:Drivers/STM32WBxx_HAL_Driver/Src/stm32wbxx_hal_flash_ex.c ****   }
ARM GAS  /var/folders/98/ctz5mtps7w71v8dr53cf5qg40000gn/T//cc2XmeiS.s 			page 41


 1191              		.loc 1 305 5 is_stmt 0 view .LVU339
 1192 0090 D0E7     		b	.L87
 1193              	.LVL99:
 1194              	.L101:
 310:Drivers/STM32WBxx_HAL_Driver/Src/stm32wbxx_hal_flash_ex.c ****     FLASH_OB_OptrConfig(pOBInit->UserType, pOBInit->UserConfig, optr);
 1195              		.loc 1 310 5 is_stmt 1 view .LVU340
 310:Drivers/STM32WBxx_HAL_Driver/Src/stm32wbxx_hal_flash_ex.c ****     FLASH_OB_OptrConfig(pOBInit->UserType, pOBInit->UserConfig, optr);
 1196              		.loc 1 310 12 is_stmt 0 view .LVU341
 1197 0092 FFF7FEFF 		bl	FLASH_OB_GetRDP
 1198              	.LVL100:
 1199 0096 0246     		mov	r2, r0
 1200              	.LVL101:
 311:Drivers/STM32WBxx_HAL_Driver/Src/stm32wbxx_hal_flash_ex.c ****   }
 1201              		.loc 1 311 5 is_stmt 1 view .LVU342
 1202 0098 A169     		ldr	r1, [r4, #24]
 1203 009a 6069     		ldr	r0, [r4, #20]
 1204              	.LVL102:
 311:Drivers/STM32WBxx_HAL_Driver/Src/stm32wbxx_hal_flash_ex.c ****   }
 1205              		.loc 1 311 5 is_stmt 0 view .LVU343
 1206 009c FFF7FEFF 		bl	FLASH_OB_OptrConfig
 1207              	.LVL103:
 311:Drivers/STM32WBxx_HAL_Driver/Src/stm32wbxx_hal_flash_ex.c ****   }
 1208              		.loc 1 311 5 view .LVU344
 1209 00a0 C8E7     		b	.L87
 1210              	.LVL104:
 1211              	.L102:
 327:Drivers/STM32WBxx_HAL_Driver/Src/stm32wbxx_hal_flash_ex.c ****     }
 1212              		.loc 1 327 7 is_stmt 1 view .LVU345
 1213 00a2 626A     		ldr	r2, [r4, #36]
 1214 00a4 216A     		ldr	r1, [r4, #32]
 1215 00a6 FFF7FEFF 		bl	FLASH_OB_PCROP1AConfig
 1216              	.LVL105:
 1217 00aa CBE7     		b	.L90
 1218              	.L103:
 333:Drivers/STM32WBxx_HAL_Driver/Src/stm32wbxx_hal_flash_ex.c ****     }
 1219              		.loc 1 333 7 view .LVU346
 1220 00ac E16A     		ldr	r1, [r4, #44]
 1221 00ae A06A     		ldr	r0, [r4, #40]
 1222 00b0 FFF7FEFF 		bl	FLASH_OB_PCROP1BConfig
 1223              	.LVL106:
 1224 00b4 CAE7     		b	.L89
 1225              	.L104:
 341:Drivers/STM32WBxx_HAL_Driver/Src/stm32wbxx_hal_flash_ex.c ****   }
 1226              		.loc 1 341 5 view .LVU347
 1227 00b6 2046     		mov	r0, r4
 1228 00b8 FFF7FEFF 		bl	FLASH_OB_SecureConfig
 1229              	.LVL107:
 1230 00bc CAE7     		b	.L91
 1231              	.L105:
 348:Drivers/STM32WBxx_HAL_Driver/Src/stm32wbxx_hal_flash_ex.c ****   }
 1232              		.loc 1 348 5 view .LVU348
 1233 00be A06C     		ldr	r0, [r4, #72]
 1234 00c0 FFF7FEFF 		bl	FLASH_OB_IPCCBufferAddrConfig
 1235              	.LVL108:
 1236 00c4 CAE7     		b	.L92
 1237              	.LVL109:
 1238              	.L93:
ARM GAS  /var/folders/98/ctz5mtps7w71v8dr53cf5qg40000gn/T//cc2XmeiS.s 			page 42


 1239              	.LCFI12:
 1240              		.cfi_def_cfa_offset 0
 1241              		.cfi_restore 4
 1242              		.cfi_restore 14
 280:Drivers/STM32WBxx_HAL_Driver/Src/stm32wbxx_hal_flash_ex.c **** 
 1243              		.loc 1 280 3 is_stmt 0 discriminator 1 view .LVU349
 1244 00c6 0220     		movs	r0, #2
 1245              	.LVL110:
 359:Drivers/STM32WBxx_HAL_Driver/Src/stm32wbxx_hal_flash_ex.c **** 
 1246              		.loc 1 359 1 view .LVU350
 1247 00c8 7047     		bx	lr
 1248              	.L107:
 1249 00ca 00BF     		.align	2
 1250              	.L106:
 1251 00cc 00000000 		.word	pFlash
 1252 00d0 01000080 		.word	-2147483647
 1253              		.cfi_endproc
 1254              	.LFE952:
 1256              		.section	.text.HAL_FLASHEx_OBGetConfig,"ax",%progbits
 1257              		.align	1
 1258              		.global	HAL_FLASHEx_OBGetConfig
 1259              		.syntax unified
 1260              		.thumb
 1261              		.thumb_func
 1263              	HAL_FLASHEx_OBGetConfig:
 1264              	.LVL111:
 1265              	.LFB953:
 373:Drivers/STM32WBxx_HAL_Driver/Src/stm32wbxx_hal_flash_ex.c ****   pOBInit->OptionType = OPTIONBYTE_ALL;
 1266              		.loc 1 373 1 is_stmt 1 view -0
 1267              		.cfi_startproc
 1268              		@ args = 0, pretend = 0, frame = 0
 1269              		@ frame_needed = 0, uses_anonymous_args = 0
 373:Drivers/STM32WBxx_HAL_Driver/Src/stm32wbxx_hal_flash_ex.c ****   pOBInit->OptionType = OPTIONBYTE_ALL;
 1270              		.loc 1 373 1 is_stmt 0 view .LVU352
 1271 0000 10B5     		push	{r4, lr}
 1272              	.LCFI13:
 1273              		.cfi_def_cfa_offset 8
 1274              		.cfi_offset 4, -8
 1275              		.cfi_offset 14, -4
 1276 0002 82B0     		sub	sp, sp, #8
 1277              	.LCFI14:
 1278              		.cfi_def_cfa_offset 16
 1279 0004 0446     		mov	r4, r0
 374:Drivers/STM32WBxx_HAL_Driver/Src/stm32wbxx_hal_flash_ex.c **** 
 1280              		.loc 1 374 3 is_stmt 1 view .LVU353
 374:Drivers/STM32WBxx_HAL_Driver/Src/stm32wbxx_hal_flash_ex.c **** 
 1281              		.loc 1 374 23 is_stmt 0 view .LVU354
 1282 0006 40F21F33 		movw	r3, #799
 1283 000a 0360     		str	r3, [r0]
 376:Drivers/STM32WBxx_HAL_Driver/Src/stm32wbxx_hal_flash_ex.c ****   {
 1284              		.loc 1 376 3 is_stmt 1 view .LVU355
 376:Drivers/STM32WBxx_HAL_Driver/Src/stm32wbxx_hal_flash_ex.c ****   {
 1285              		.loc 1 376 15 is_stmt 0 view .LVU356
 1286 000c 4068     		ldr	r0, [r0, #4]
 1287              	.LVL112:
 376:Drivers/STM32WBxx_HAL_Driver/Src/stm32wbxx_hal_flash_ex.c ****   {
 1288              		.loc 1 376 6 view .LVU357
ARM GAS  /var/folders/98/ctz5mtps7w71v8dr53cf5qg40000gn/T//cc2XmeiS.s 			page 43


 1289 000e 0128     		cmp	r0, #1
 1290 0010 2DD9     		bls	.L111
 1291              	.L109:
 383:Drivers/STM32WBxx_HAL_Driver/Src/stm32wbxx_hal_flash_ex.c **** 
 1292              		.loc 1 383 3 is_stmt 1 view .LVU358
 383:Drivers/STM32WBxx_HAL_Driver/Src/stm32wbxx_hal_flash_ex.c **** 
 1293              		.loc 1 383 23 is_stmt 0 view .LVU359
 1294 0012 FFF7FEFF 		bl	FLASH_OB_GetRDP
 1295              	.LVL113:
 383:Drivers/STM32WBxx_HAL_Driver/Src/stm32wbxx_hal_flash_ex.c **** 
 1296              		.loc 1 383 21 discriminator 1 view .LVU360
 1297 0016 2061     		str	r0, [r4, #16]
 386:Drivers/STM32WBxx_HAL_Driver/Src/stm32wbxx_hal_flash_ex.c ****   pOBInit->UserType = OB_USER_ALL;
 1298              		.loc 1 386 3 is_stmt 1 view .LVU361
 386:Drivers/STM32WBxx_HAL_Driver/Src/stm32wbxx_hal_flash_ex.c ****   pOBInit->UserType = OB_USER_ALL;
 1299              		.loc 1 386 25 is_stmt 0 view .LVU362
 1300 0018 FFF7FEFF 		bl	FLASH_OB_GetUser
 1301              	.LVL114:
 386:Drivers/STM32WBxx_HAL_Driver/Src/stm32wbxx_hal_flash_ex.c ****   pOBInit->UserType = OB_USER_ALL;
 1302              		.loc 1 386 23 discriminator 1 view .LVU363
 1303 001c A061     		str	r0, [r4, #24]
 387:Drivers/STM32WBxx_HAL_Driver/Src/stm32wbxx_hal_flash_ex.c **** 
 1304              		.loc 1 387 3 is_stmt 1 view .LVU364
 387:Drivers/STM32WBxx_HAL_Driver/Src/stm32wbxx_hal_flash_ex.c **** 
 1305              		.loc 1 387 21 is_stmt 0 view .LVU365
 1306 001e 174B     		ldr	r3, .L112
 1307 0020 6361     		str	r3, [r4, #20]
 390:Drivers/STM32WBxx_HAL_Driver/Src/stm32wbxx_hal_flash_ex.c ****                     &(pOBInit->PCROP1BStartAddr), &(pOBInit->PCROP1BEndAddr));
 1308              		.loc 1 390 3 is_stmt 1 view .LVU366
 1309 0022 04F12C03 		add	r3, r4, #44
 1310 0026 0093     		str	r3, [sp]
 1311 0028 04F12803 		add	r3, r4, #40
 1312 002c 04F12402 		add	r2, r4, #36
 1313 0030 04F12001 		add	r1, r4, #32
 1314 0034 04F11C00 		add	r0, r4, #28
 1315 0038 FFF7FEFF 		bl	FLASH_OB_GetPCROP
 1316              	.LVL115:
 392:Drivers/STM32WBxx_HAL_Driver/Src/stm32wbxx_hal_flash_ex.c **** 
 1317              		.loc 1 392 3 view .LVU367
 392:Drivers/STM32WBxx_HAL_Driver/Src/stm32wbxx_hal_flash_ex.c **** 
 1318              		.loc 1 392 10 is_stmt 0 view .LVU368
 1319 003c E369     		ldr	r3, [r4, #28]
 392:Drivers/STM32WBxx_HAL_Driver/Src/stm32wbxx_hal_flash_ex.c **** 
 1320              		.loc 1 392 24 view .LVU369
 1321 003e 43F00303 		orr	r3, r3, #3
 1322 0042 E361     		str	r3, [r4, #28]
 395:Drivers/STM32WBxx_HAL_Driver/Src/stm32wbxx_hal_flash_ex.c **** 
 1323              		.loc 1 395 3 is_stmt 1 view .LVU370
 395:Drivers/STM32WBxx_HAL_Driver/Src/stm32wbxx_hal_flash_ex.c **** 
 1324              		.loc 1 395 30 is_stmt 0 view .LVU371
 1325 0044 FFF7FEFF 		bl	FLASH_OB_GetIPCCBufferAddr
 1326              	.LVL116:
 395:Drivers/STM32WBxx_HAL_Driver/Src/stm32wbxx_hal_flash_ex.c **** 
 1327              		.loc 1 395 28 discriminator 1 view .LVU372
 1328 0048 A064     		str	r0, [r4, #72]
 398:Drivers/STM32WBxx_HAL_Driver/Src/stm32wbxx_hal_flash_ex.c ****                                  &(pOBInit->SecureRAM2bStartAddr), &(pOBInit->SecureMode));
 1329              		.loc 1 398 3 is_stmt 1 view .LVU373
ARM GAS  /var/folders/98/ctz5mtps7w71v8dr53cf5qg40000gn/T//cc2XmeiS.s 			page 44


 1330 004a 04F13C03 		add	r3, r4, #60
 1331 004e 04F13802 		add	r2, r4, #56
 1332 0052 04F13401 		add	r1, r4, #52
 1333 0056 04F13000 		add	r0, r4, #48
 1334 005a FFF7FEFF 		bl	FLASH_OB_GetSecureMemoryConfig
 1335              	.LVL117:
 402:Drivers/STM32WBxx_HAL_Driver/Src/stm32wbxx_hal_flash_ex.c **** }
 1336              		.loc 1 402 3 view .LVU374
 1337 005e 04F14001 		add	r1, r4, #64
 1338 0062 04F14400 		add	r0, r4, #68
 1339 0066 FFF7FEFF 		bl	FLASH_OB_GetC2BootResetConfig
 1340              	.LVL118:
 403:Drivers/STM32WBxx_HAL_Driver/Src/stm32wbxx_hal_flash_ex.c **** 
 1341              		.loc 1 403 1 is_stmt 0 view .LVU375
 1342 006a 02B0     		add	sp, sp, #8
 1343              	.LCFI15:
 1344              		.cfi_remember_state
 1345              		.cfi_def_cfa_offset 8
 1346              		@ sp needed
 1347 006c 10BD     		pop	{r4, pc}
 1348              	.LVL119:
 1349              	.L111:
 1350              	.LCFI16:
 1351              		.cfi_restore_state
 379:Drivers/STM32WBxx_HAL_Driver/Src/stm32wbxx_hal_flash_ex.c ****   }
 1352              		.loc 1 379 5 is_stmt 1 view .LVU376
 1353 006e 04F10C02 		add	r2, r4, #12
 1354 0072 04F10801 		add	r1, r4, #8
 1355 0076 FFF7FEFF 		bl	FLASH_OB_GetWRP
 1356              	.LVL120:
 1357 007a CAE7     		b	.L109
 1358              	.L113:
 1359              		.align	2
 1360              	.L112:
 1361 007c 007E8FEF 		.word	-275808768
 1362              		.cfi_endproc
 1363              	.LFE953:
 1365              		.section	.text.HAL_FLASHEx_FlashEmptyCheck,"ax",%progbits
 1366              		.align	1
 1367              		.global	HAL_FLASHEx_FlashEmptyCheck
 1368              		.syntax unified
 1369              		.thumb
 1370              		.thumb_func
 1372              	HAL_FLASHEx_FlashEmptyCheck:
 1373              	.LFB954:
 414:Drivers/STM32WBxx_HAL_Driver/Src/stm32wbxx_hal_flash_ex.c ****   return (READ_BIT(FLASH->ACR, FLASH_ACR_EMPTY));
 1374              		.loc 1 414 1 view -0
 1375              		.cfi_startproc
 1376              		@ args = 0, pretend = 0, frame = 0
 1377              		@ frame_needed = 0, uses_anonymous_args = 0
 1378              		@ link register save eliminated.
 415:Drivers/STM32WBxx_HAL_Driver/Src/stm32wbxx_hal_flash_ex.c **** }
 1379              		.loc 1 415 3 view .LVU378
 415:Drivers/STM32WBxx_HAL_Driver/Src/stm32wbxx_hal_flash_ex.c **** }
 1380              		.loc 1 415 11 is_stmt 0 view .LVU379
 1381 0000 024B     		ldr	r3, .L115
 1382 0002 1868     		ldr	r0, [r3]
ARM GAS  /var/folders/98/ctz5mtps7w71v8dr53cf5qg40000gn/T//cc2XmeiS.s 			page 45


 416:Drivers/STM32WBxx_HAL_Driver/Src/stm32wbxx_hal_flash_ex.c **** 
 1383              		.loc 1 416 1 view .LVU380
 1384 0004 00F48030 		and	r0, r0, #65536
 1385 0008 7047     		bx	lr
 1386              	.L116:
 1387 000a 00BF     		.align	2
 1388              	.L115:
 1389 000c 00400058 		.word	1476411392
 1390              		.cfi_endproc
 1391              	.LFE954:
 1393              		.section	.text.HAL_FLASHEx_ForceFlashEmpty,"ax",%progbits
 1394              		.align	1
 1395              		.global	HAL_FLASHEx_ForceFlashEmpty
 1396              		.syntax unified
 1397              		.thumb
 1398              		.thumb_func
 1400              	HAL_FLASHEx_ForceFlashEmpty:
 1401              	.LVL121:
 1402              	.LFB955:
 431:Drivers/STM32WBxx_HAL_Driver/Src/stm32wbxx_hal_flash_ex.c ****   assert_param(IS_FLASH_EMPTY_CHECK(FlashEmpty));
 1403              		.loc 1 431 1 is_stmt 1 view -0
 1404              		.cfi_startproc
 1405              		@ args = 0, pretend = 0, frame = 0
 1406              		@ frame_needed = 0, uses_anonymous_args = 0
 1407              		@ link register save eliminated.
 432:Drivers/STM32WBxx_HAL_Driver/Src/stm32wbxx_hal_flash_ex.c **** 
 1408              		.loc 1 432 3 view .LVU382
 434:Drivers/STM32WBxx_HAL_Driver/Src/stm32wbxx_hal_flash_ex.c **** }
 1409              		.loc 1 434 3 view .LVU383
 1410 0000 034A     		ldr	r2, .L118
 1411 0002 1368     		ldr	r3, [r2]
 1412 0004 23F48033 		bic	r3, r3, #65536
 1413 0008 0343     		orrs	r3, r3, r0
 1414 000a 1360     		str	r3, [r2]
 435:Drivers/STM32WBxx_HAL_Driver/Src/stm32wbxx_hal_flash_ex.c **** 
 1415              		.loc 1 435 1 is_stmt 0 view .LVU384
 1416 000c 7047     		bx	lr
 1417              	.L119:
 1418 000e 00BF     		.align	2
 1419              	.L118:
 1420 0010 00400058 		.word	1476411392
 1421              		.cfi_endproc
 1422              	.LFE955:
 1424              		.section	.text.HAL_FLASHEx_SuspendOperation,"ax",%progbits
 1425              		.align	1
 1426              		.global	HAL_FLASHEx_SuspendOperation
 1427              		.syntax unified
 1428              		.thumb
 1429              		.thumb_func
 1431              	HAL_FLASHEx_SuspendOperation:
 1432              	.LFB956:
 447:Drivers/STM32WBxx_HAL_Driver/Src/stm32wbxx_hal_flash_ex.c ****   SET_BIT(FLASH->ACR, FLASH_ACR_PES);
 1433              		.loc 1 447 1 is_stmt 1 view -0
 1434              		.cfi_startproc
 1435              		@ args = 0, pretend = 0, frame = 0
 1436              		@ frame_needed = 0, uses_anonymous_args = 0
 1437              		@ link register save eliminated.
ARM GAS  /var/folders/98/ctz5mtps7w71v8dr53cf5qg40000gn/T//cc2XmeiS.s 			page 46


 448:Drivers/STM32WBxx_HAL_Driver/Src/stm32wbxx_hal_flash_ex.c **** }
 1438              		.loc 1 448 3 view .LVU386
 1439 0000 024A     		ldr	r2, .L121
 1440 0002 1368     		ldr	r3, [r2]
 1441 0004 43F40043 		orr	r3, r3, #32768
 1442 0008 1360     		str	r3, [r2]
 449:Drivers/STM32WBxx_HAL_Driver/Src/stm32wbxx_hal_flash_ex.c **** 
 1443              		.loc 1 449 1 is_stmt 0 view .LVU387
 1444 000a 7047     		bx	lr
 1445              	.L122:
 1446              		.align	2
 1447              	.L121:
 1448 000c 00400058 		.word	1476411392
 1449              		.cfi_endproc
 1450              	.LFE956:
 1452              		.section	.text.HAL_FLASHEx_AllowOperation,"ax",%progbits
 1453              		.align	1
 1454              		.global	HAL_FLASHEx_AllowOperation
 1455              		.syntax unified
 1456              		.thumb
 1457              		.thumb_func
 1459              	HAL_FLASHEx_AllowOperation:
 1460              	.LFB957:
 461:Drivers/STM32WBxx_HAL_Driver/Src/stm32wbxx_hal_flash_ex.c ****   CLEAR_BIT(FLASH->ACR, FLASH_ACR_PES);
 1461              		.loc 1 461 1 is_stmt 1 view -0
 1462              		.cfi_startproc
 1463              		@ args = 0, pretend = 0, frame = 0
 1464              		@ frame_needed = 0, uses_anonymous_args = 0
 1465              		@ link register save eliminated.
 462:Drivers/STM32WBxx_HAL_Driver/Src/stm32wbxx_hal_flash_ex.c **** }
 1466              		.loc 1 462 3 view .LVU389
 1467 0000 024A     		ldr	r2, .L124
 1468 0002 1368     		ldr	r3, [r2]
 1469 0004 23F40043 		bic	r3, r3, #32768
 1470 0008 1360     		str	r3, [r2]
 463:Drivers/STM32WBxx_HAL_Driver/Src/stm32wbxx_hal_flash_ex.c **** 
 1471              		.loc 1 463 1 is_stmt 0 view .LVU390
 1472 000a 7047     		bx	lr
 1473              	.L125:
 1474              		.align	2
 1475              	.L124:
 1476 000c 00400058 		.word	1476411392
 1477              		.cfi_endproc
 1478              	.LFE957:
 1480              		.section	.text.HAL_FLASHEx_IsOperationSuspended,"ax",%progbits
 1481              		.align	1
 1482              		.global	HAL_FLASHEx_IsOperationSuspended
 1483              		.syntax unified
 1484              		.thumb
 1485              		.thumb_func
 1487              	HAL_FLASHEx_IsOperationSuspended:
 1488              	.LFB958:
 477:Drivers/STM32WBxx_HAL_Driver/Src/stm32wbxx_hal_flash_ex.c ****   uint32_t status = 0U;
 1489              		.loc 1 477 1 is_stmt 1 view -0
 1490              		.cfi_startproc
 1491              		@ args = 0, pretend = 0, frame = 0
 1492              		@ frame_needed = 0, uses_anonymous_args = 0
ARM GAS  /var/folders/98/ctz5mtps7w71v8dr53cf5qg40000gn/T//cc2XmeiS.s 			page 47


 1493              		@ link register save eliminated.
 478:Drivers/STM32WBxx_HAL_Driver/Src/stm32wbxx_hal_flash_ex.c **** 
 1494              		.loc 1 478 3 view .LVU392
 1495              	.LVL122:
 480:Drivers/STM32WBxx_HAL_Driver/Src/stm32wbxx_hal_flash_ex.c ****   {
 1496              		.loc 1 480 3 view .LVU393
 480:Drivers/STM32WBxx_HAL_Driver/Src/stm32wbxx_hal_flash_ex.c ****   {
 1497              		.loc 1 480 7 is_stmt 0 view .LVU394
 1498 0000 034B     		ldr	r3, .L129
 1499 0002 1869     		ldr	r0, [r3, #16]
 480:Drivers/STM32WBxx_HAL_Driver/Src/stm32wbxx_hal_flash_ex.c ****   {
 1500              		.loc 1 480 6 view .LVU395
 1501 0004 10F40020 		ands	r0, r0, #524288
 1502 0008 00D0     		beq	.L126
 482:Drivers/STM32WBxx_HAL_Driver/Src/stm32wbxx_hal_flash_ex.c ****   }
 1503              		.loc 1 482 12 view .LVU396
 1504 000a 0120     		movs	r0, #1
 1505              	.LVL123:
 485:Drivers/STM32WBxx_HAL_Driver/Src/stm32wbxx_hal_flash_ex.c **** }
 1506              		.loc 1 485 3 is_stmt 1 view .LVU397
 1507              	.L126:
 486:Drivers/STM32WBxx_HAL_Driver/Src/stm32wbxx_hal_flash_ex.c **** 
 1508              		.loc 1 486 1 is_stmt 0 view .LVU398
 1509 000c 7047     		bx	lr
 1510              	.L130:
 1511 000e 00BF     		.align	2
 1512              	.L129:
 1513 0010 00400058 		.word	1476411392
 1514              		.cfi_endproc
 1515              	.LFE958:
 1517              		.section	.text.FLASH_PageErase,"ax",%progbits
 1518              		.align	1
 1519              		.global	FLASH_PageErase
 1520              		.syntax unified
 1521              		.thumb
 1522              		.thumb_func
 1524              	FLASH_PageErase:
 1525              	.LVL124:
 1526              	.LFB959:
 508:Drivers/STM32WBxx_HAL_Driver/Src/stm32wbxx_hal_flash_ex.c ****   /* Check the parameters */
 1527              		.loc 1 508 1 is_stmt 1 view -0
 1528              		.cfi_startproc
 1529              		@ args = 0, pretend = 0, frame = 0
 1530              		@ frame_needed = 0, uses_anonymous_args = 0
 1531              		@ link register save eliminated.
 510:Drivers/STM32WBxx_HAL_Driver/Src/stm32wbxx_hal_flash_ex.c **** 
 1532              		.loc 1 510 3 view .LVU400
 513:Drivers/STM32WBxx_HAL_Driver/Src/stm32wbxx_hal_flash_ex.c **** }
 1533              		.loc 1 513 3 view .LVU401
 1534 0000 054A     		ldr	r2, .L132
 1535 0002 5369     		ldr	r3, [r2, #20]
 1536 0004 23F4FF63 		bic	r3, r3, #2040
 1537 0008 43EAC000 		orr	r0, r3, r0, lsl #3
 1538              	.LVL125:
 513:Drivers/STM32WBxx_HAL_Driver/Src/stm32wbxx_hal_flash_ex.c **** }
 1539              		.loc 1 513 3 is_stmt 0 view .LVU402
 1540 000c 40F48030 		orr	r0, r0, #65536
ARM GAS  /var/folders/98/ctz5mtps7w71v8dr53cf5qg40000gn/T//cc2XmeiS.s 			page 48


 1541 0010 40F00200 		orr	r0, r0, #2
 1542 0014 5061     		str	r0, [r2, #20]
 514:Drivers/STM32WBxx_HAL_Driver/Src/stm32wbxx_hal_flash_ex.c **** 
 1543              		.loc 1 514 1 view .LVU403
 1544 0016 7047     		bx	lr
 1545              	.L133:
 1546              		.align	2
 1547              	.L132:
 1548 0018 00400058 		.word	1476411392
 1549              		.cfi_endproc
 1550              	.LFE959:
 1552              		.section	.text.HAL_FLASHEx_Erase,"ax",%progbits
 1553              		.align	1
 1554              		.global	HAL_FLASHEx_Erase
 1555              		.syntax unified
 1556              		.thumb
 1557              		.thumb_func
 1559              	HAL_FLASHEx_Erase:
 1560              	.LVL126:
 1561              	.LFB950:
 154:Drivers/STM32WBxx_HAL_Driver/Src/stm32wbxx_hal_flash_ex.c ****   HAL_StatusTypeDef status;
 1562              		.loc 1 154 1 is_stmt 1 view -0
 1563              		.cfi_startproc
 1564              		@ args = 0, pretend = 0, frame = 0
 1565              		@ frame_needed = 0, uses_anonymous_args = 0
 154:Drivers/STM32WBxx_HAL_Driver/Src/stm32wbxx_hal_flash_ex.c ****   HAL_StatusTypeDef status;
 1566              		.loc 1 154 1 is_stmt 0 view .LVU405
 1567 0000 F8B5     		push	{r3, r4, r5, r6, r7, lr}
 1568              	.LCFI17:
 1569              		.cfi_def_cfa_offset 24
 1570              		.cfi_offset 3, -24
 1571              		.cfi_offset 4, -20
 1572              		.cfi_offset 5, -16
 1573              		.cfi_offset 6, -12
 1574              		.cfi_offset 7, -8
 1575              		.cfi_offset 14, -4
 155:Drivers/STM32WBxx_HAL_Driver/Src/stm32wbxx_hal_flash_ex.c ****   uint32_t index;
 1576              		.loc 1 155 3 is_stmt 1 view .LVU406
 156:Drivers/STM32WBxx_HAL_Driver/Src/stm32wbxx_hal_flash_ex.c **** 
 1577              		.loc 1 156 3 view .LVU407
 159:Drivers/STM32WBxx_HAL_Driver/Src/stm32wbxx_hal_flash_ex.c **** 
 1578              		.loc 1 159 3 view .LVU408
 162:Drivers/STM32WBxx_HAL_Driver/Src/stm32wbxx_hal_flash_ex.c **** 
 1579              		.loc 1 162 3 view .LVU409
 162:Drivers/STM32WBxx_HAL_Driver/Src/stm32wbxx_hal_flash_ex.c **** 
 1580              		.loc 1 162 3 view .LVU410
 1581 0002 1B4B     		ldr	r3, .L145
 1582 0004 1B78     		ldrb	r3, [r3]	@ zero_extendqisi2
 1583 0006 012B     		cmp	r3, #1
 1584 0008 2FD0     		beq	.L142
 1585 000a 0446     		mov	r4, r0
 1586 000c 0E46     		mov	r6, r1
 162:Drivers/STM32WBxx_HAL_Driver/Src/stm32wbxx_hal_flash_ex.c **** 
 1587              		.loc 1 162 3 discriminator 2 view .LVU411
 1588 000e 184B     		ldr	r3, .L145
 1589 0010 0122     		movs	r2, #1
 1590 0012 1A70     		strb	r2, [r3]
ARM GAS  /var/folders/98/ctz5mtps7w71v8dr53cf5qg40000gn/T//cc2XmeiS.s 			page 49


 162:Drivers/STM32WBxx_HAL_Driver/Src/stm32wbxx_hal_flash_ex.c **** 
 1591              		.loc 1 162 3 view .LVU412
 165:Drivers/STM32WBxx_HAL_Driver/Src/stm32wbxx_hal_flash_ex.c **** 
 1592              		.loc 1 165 3 view .LVU413
 165:Drivers/STM32WBxx_HAL_Driver/Src/stm32wbxx_hal_flash_ex.c **** 
 1593              		.loc 1 165 20 is_stmt 0 view .LVU414
 1594 0014 0022     		movs	r2, #0
 1595 0016 5A60     		str	r2, [r3, #4]
 168:Drivers/STM32WBxx_HAL_Driver/Src/stm32wbxx_hal_flash_ex.c **** 
 1596              		.loc 1 168 3 is_stmt 1 view .LVU415
 168:Drivers/STM32WBxx_HAL_Driver/Src/stm32wbxx_hal_flash_ex.c **** 
 1597              		.loc 1 168 12 is_stmt 0 view .LVU416
 1598 0018 4FF47A70 		mov	r0, #1000
 1599              	.LVL127:
 168:Drivers/STM32WBxx_HAL_Driver/Src/stm32wbxx_hal_flash_ex.c **** 
 1600              		.loc 1 168 12 view .LVU417
 1601 001c FFF7FEFF 		bl	FLASH_WaitForLastOperation
 1602              	.LVL128:
 170:Drivers/STM32WBxx_HAL_Driver/Src/stm32wbxx_hal_flash_ex.c ****   {
 1603              		.loc 1 170 3 is_stmt 1 view .LVU418
 170:Drivers/STM32WBxx_HAL_Driver/Src/stm32wbxx_hal_flash_ex.c ****   {
 1604              		.loc 1 170 6 is_stmt 0 view .LVU419
 1605 0020 0746     		mov	r7, r0
 1606 0022 20B9     		cbnz	r0, .L136
 172:Drivers/STM32WBxx_HAL_Driver/Src/stm32wbxx_hal_flash_ex.c ****     {
 1607              		.loc 1 172 5 is_stmt 1 view .LVU420
 172:Drivers/STM32WBxx_HAL_Driver/Src/stm32wbxx_hal_flash_ex.c ****     {
 1608              		.loc 1 172 19 is_stmt 0 view .LVU421
 1609 0024 2368     		ldr	r3, [r4]
 172:Drivers/STM32WBxx_HAL_Driver/Src/stm32wbxx_hal_flash_ex.c ****     {
 1610              		.loc 1 172 8 view .LVU422
 1611 0026 022B     		cmp	r3, #2
 1612 0028 06D0     		beq	.L144
 1613              	.LVL129:
 1614              	.L137:
 198:Drivers/STM32WBxx_HAL_Driver/Src/stm32wbxx_hal_flash_ex.c ****   }
 1615              		.loc 1 198 5 is_stmt 1 view .LVU423
 1616 002a FFF7FEFF 		bl	FLASH_FlushCaches
 1617              	.LVL130:
 1618              	.L136:
 202:Drivers/STM32WBxx_HAL_Driver/Src/stm32wbxx_hal_flash_ex.c **** 
 1619              		.loc 1 202 3 view .LVU424
 202:Drivers/STM32WBxx_HAL_Driver/Src/stm32wbxx_hal_flash_ex.c **** 
 1620              		.loc 1 202 3 view .LVU425
 1621 002e 104B     		ldr	r3, .L145
 1622 0030 0022     		movs	r2, #0
 1623 0032 1A70     		strb	r2, [r3]
 202:Drivers/STM32WBxx_HAL_Driver/Src/stm32wbxx_hal_flash_ex.c **** 
 1624              		.loc 1 202 3 view .LVU426
 204:Drivers/STM32WBxx_HAL_Driver/Src/stm32wbxx_hal_flash_ex.c **** }
 1625              		.loc 1 204 3 view .LVU427
 1626              	.LVL131:
 1627              	.L135:
 205:Drivers/STM32WBxx_HAL_Driver/Src/stm32wbxx_hal_flash_ex.c **** 
 1628              		.loc 1 205 1 is_stmt 0 view .LVU428
 1629 0034 3846     		mov	r0, r7
 1630 0036 F8BD     		pop	{r3, r4, r5, r6, r7, pc}
ARM GAS  /var/folders/98/ctz5mtps7w71v8dr53cf5qg40000gn/T//cc2XmeiS.s 			page 50


 1631              	.LVL132:
 1632              	.L144:
 175:Drivers/STM32WBxx_HAL_Driver/Src/stm32wbxx_hal_flash_ex.c **** 
 1633              		.loc 1 175 7 is_stmt 1 view .LVU429
 175:Drivers/STM32WBxx_HAL_Driver/Src/stm32wbxx_hal_flash_ex.c **** 
 1634              		.loc 1 175 18 is_stmt 0 view .LVU430
 1635 0038 4FF0FF33 		mov	r3, #-1
 1636 003c 3360     		str	r3, [r6]
 177:Drivers/STM32WBxx_HAL_Driver/Src/stm32wbxx_hal_flash_ex.c ****       {
 1637              		.loc 1 177 7 is_stmt 1 view .LVU431
 177:Drivers/STM32WBxx_HAL_Driver/Src/stm32wbxx_hal_flash_ex.c ****       {
 1638              		.loc 1 177 18 is_stmt 0 view .LVU432
 1639 003e 6568     		ldr	r5, [r4, #4]
 1640              	.LVL133:
 177:Drivers/STM32WBxx_HAL_Driver/Src/stm32wbxx_hal_flash_ex.c ****       {
 1641              		.loc 1 177 7 view .LVU433
 1642 0040 00E0     		b	.L138
 1643              	.L139:
 177:Drivers/STM32WBxx_HAL_Driver/Src/stm32wbxx_hal_flash_ex.c ****       {
 1644              		.loc 1 177 93 is_stmt 1 discriminator 2 view .LVU434
 1645 0042 0135     		adds	r5, r5, #1
 1646              	.LVL134:
 1647              	.L138:
 177:Drivers/STM32WBxx_HAL_Driver/Src/stm32wbxx_hal_flash_ex.c ****       {
 1648              		.loc 1 177 44 discriminator 1 view .LVU435
 177:Drivers/STM32WBxx_HAL_Driver/Src/stm32wbxx_hal_flash_ex.c ****       {
 1649              		.loc 1 177 57 is_stmt 0 discriminator 1 view .LVU436
 1650 0044 6368     		ldr	r3, [r4, #4]
 177:Drivers/STM32WBxx_HAL_Driver/Src/stm32wbxx_hal_flash_ex.c ****       {
 1651              		.loc 1 177 76 discriminator 1 view .LVU437
 1652 0046 A268     		ldr	r2, [r4, #8]
 177:Drivers/STM32WBxx_HAL_Driver/Src/stm32wbxx_hal_flash_ex.c ****       {
 1653              		.loc 1 177 64 discriminator 1 view .LVU438
 1654 0048 1344     		add	r3, r3, r2
 177:Drivers/STM32WBxx_HAL_Driver/Src/stm32wbxx_hal_flash_ex.c ****       {
 1655              		.loc 1 177 44 discriminator 1 view .LVU439
 1656 004a AB42     		cmp	r3, r5
 1657 004c 0AD9     		bls	.L140
 180:Drivers/STM32WBxx_HAL_Driver/Src/stm32wbxx_hal_flash_ex.c **** 
 1658              		.loc 1 180 9 is_stmt 1 view .LVU440
 1659 004e 2846     		mov	r0, r5
 1660 0050 FFF7FEFF 		bl	FLASH_PageErase
 1661              	.LVL135:
 183:Drivers/STM32WBxx_HAL_Driver/Src/stm32wbxx_hal_flash_ex.c **** 
 1662              		.loc 1 183 9 view .LVU441
 183:Drivers/STM32WBxx_HAL_Driver/Src/stm32wbxx_hal_flash_ex.c **** 
 1663              		.loc 1 183 18 is_stmt 0 view .LVU442
 1664 0054 4FF47A70 		mov	r0, #1000
 1665 0058 FFF7FEFF 		bl	FLASH_WaitForLastOperation
 1666              	.LVL136:
 185:Drivers/STM32WBxx_HAL_Driver/Src/stm32wbxx_hal_flash_ex.c ****         {
 1667              		.loc 1 185 9 is_stmt 1 view .LVU443
 185:Drivers/STM32WBxx_HAL_Driver/Src/stm32wbxx_hal_flash_ex.c ****         {
 1668              		.loc 1 185 12 is_stmt 0 view .LVU444
 1669 005c 0746     		mov	r7, r0
 1670 005e 0028     		cmp	r0, #0
 1671 0060 EFD0     		beq	.L139
ARM GAS  /var/folders/98/ctz5mtps7w71v8dr53cf5qg40000gn/T//cc2XmeiS.s 			page 51


 188:Drivers/STM32WBxx_HAL_Driver/Src/stm32wbxx_hal_flash_ex.c ****           break;
 1672              		.loc 1 188 11 is_stmt 1 view .LVU445
 188:Drivers/STM32WBxx_HAL_Driver/Src/stm32wbxx_hal_flash_ex.c ****           break;
 1673              		.loc 1 188 22 is_stmt 0 view .LVU446
 1674 0062 3560     		str	r5, [r6]
 189:Drivers/STM32WBxx_HAL_Driver/Src/stm32wbxx_hal_flash_ex.c ****         }
 1675              		.loc 1 189 11 is_stmt 1 view .LVU447
 1676              	.LVL137:
 1677              	.L140:
 194:Drivers/STM32WBxx_HAL_Driver/Src/stm32wbxx_hal_flash_ex.c ****     }
 1678              		.loc 1 194 7 view .LVU448
 1679 0064 FFF7FEFF 		bl	FLASH_AcknowledgePageErase
 1680              	.LVL138:
 1681 0068 DFE7     		b	.L137
 1682              	.LVL139:
 1683              	.L142:
 162:Drivers/STM32WBxx_HAL_Driver/Src/stm32wbxx_hal_flash_ex.c **** 
 1684              		.loc 1 162 3 is_stmt 0 discriminator 1 view .LVU449
 1685 006a 0227     		movs	r7, #2
 1686 006c E2E7     		b	.L135
 1687              	.L146:
 1688 006e 00BF     		.align	2
 1689              	.L145:
 1690 0070 00000000 		.word	pFlash
 1691              		.cfi_endproc
 1692              	.LFE950:
 1694              		.section	.text.HAL_FLASHEx_Erase_IT,"ax",%progbits
 1695              		.align	1
 1696              		.global	HAL_FLASHEx_Erase_IT
 1697              		.syntax unified
 1698              		.thumb
 1699              		.thumb_func
 1701              	HAL_FLASHEx_Erase_IT:
 1702              	.LVL140:
 1703              	.LFB951:
 216:Drivers/STM32WBxx_HAL_Driver/Src/stm32wbxx_hal_flash_ex.c ****   HAL_StatusTypeDef status;
 1704              		.loc 1 216 1 is_stmt 1 view -0
 1705              		.cfi_startproc
 1706              		@ args = 0, pretend = 0, frame = 0
 1707              		@ frame_needed = 0, uses_anonymous_args = 0
 216:Drivers/STM32WBxx_HAL_Driver/Src/stm32wbxx_hal_flash_ex.c ****   HAL_StatusTypeDef status;
 1708              		.loc 1 216 1 is_stmt 0 view .LVU451
 1709 0000 38B5     		push	{r3, r4, r5, lr}
 1710              	.LCFI18:
 1711              		.cfi_def_cfa_offset 16
 1712              		.cfi_offset 3, -16
 1713              		.cfi_offset 4, -12
 1714              		.cfi_offset 5, -8
 1715              		.cfi_offset 14, -4
 217:Drivers/STM32WBxx_HAL_Driver/Src/stm32wbxx_hal_flash_ex.c **** 
 1716              		.loc 1 217 3 is_stmt 1 view .LVU452
 220:Drivers/STM32WBxx_HAL_Driver/Src/stm32wbxx_hal_flash_ex.c **** 
 1717              		.loc 1 220 3 view .LVU453
 223:Drivers/STM32WBxx_HAL_Driver/Src/stm32wbxx_hal_flash_ex.c **** 
 1718              		.loc 1 223 3 view .LVU454
 223:Drivers/STM32WBxx_HAL_Driver/Src/stm32wbxx_hal_flash_ex.c **** 
 1719              		.loc 1 223 3 view .LVU455
ARM GAS  /var/folders/98/ctz5mtps7w71v8dr53cf5qg40000gn/T//cc2XmeiS.s 			page 52


 1720 0002 144B     		ldr	r3, .L152
 1721 0004 1B78     		ldrb	r3, [r3]	@ zero_extendqisi2
 1722 0006 012B     		cmp	r3, #1
 1723 0008 22D0     		beq	.L150
 1724 000a 0446     		mov	r4, r0
 223:Drivers/STM32WBxx_HAL_Driver/Src/stm32wbxx_hal_flash_ex.c **** 
 1725              		.loc 1 223 3 discriminator 2 view .LVU456
 1726 000c 114B     		ldr	r3, .L152
 1727 000e 0122     		movs	r2, #1
 1728 0010 1A70     		strb	r2, [r3]
 223:Drivers/STM32WBxx_HAL_Driver/Src/stm32wbxx_hal_flash_ex.c **** 
 1729              		.loc 1 223 3 view .LVU457
 226:Drivers/STM32WBxx_HAL_Driver/Src/stm32wbxx_hal_flash_ex.c **** 
 1730              		.loc 1 226 3 view .LVU458
 226:Drivers/STM32WBxx_HAL_Driver/Src/stm32wbxx_hal_flash_ex.c **** 
 1731              		.loc 1 226 20 is_stmt 0 view .LVU459
 1732 0012 0022     		movs	r2, #0
 1733 0014 5A60     		str	r2, [r3, #4]
 229:Drivers/STM32WBxx_HAL_Driver/Src/stm32wbxx_hal_flash_ex.c **** 
 1734              		.loc 1 229 3 is_stmt 1 view .LVU460
 229:Drivers/STM32WBxx_HAL_Driver/Src/stm32wbxx_hal_flash_ex.c **** 
 1735              		.loc 1 229 39 is_stmt 0 view .LVU461
 1736 0016 0268     		ldr	r2, [r0]
 229:Drivers/STM32WBxx_HAL_Driver/Src/stm32wbxx_hal_flash_ex.c **** 
 1737              		.loc 1 229 27 view .LVU462
 1738 0018 9A60     		str	r2, [r3, #8]
 232:Drivers/STM32WBxx_HAL_Driver/Src/stm32wbxx_hal_flash_ex.c **** 
 1739              		.loc 1 232 3 is_stmt 1 view .LVU463
 232:Drivers/STM32WBxx_HAL_Driver/Src/stm32wbxx_hal_flash_ex.c **** 
 1740              		.loc 1 232 12 is_stmt 0 view .LVU464
 1741 001a 4FF47A70 		mov	r0, #1000
 1742              	.LVL141:
 232:Drivers/STM32WBxx_HAL_Driver/Src/stm32wbxx_hal_flash_ex.c **** 
 1743              		.loc 1 232 12 view .LVU465
 1744 001e FFF7FEFF 		bl	FLASH_WaitForLastOperation
 1745              	.LVL142:
 234:Drivers/STM32WBxx_HAL_Driver/Src/stm32wbxx_hal_flash_ex.c ****   {
 1746              		.loc 1 234 3 is_stmt 1 view .LVU466
 234:Drivers/STM32WBxx_HAL_Driver/Src/stm32wbxx_hal_flash_ex.c ****   {
 1747              		.loc 1 234 6 is_stmt 0 view .LVU467
 1748 0022 0546     		mov	r5, r0
 1749 0024 20B1     		cbz	r0, .L149
 237:Drivers/STM32WBxx_HAL_Driver/Src/stm32wbxx_hal_flash_ex.c ****   }
 1750              		.loc 1 237 5 is_stmt 1 view .LVU468
 237:Drivers/STM32WBxx_HAL_Driver/Src/stm32wbxx_hal_flash_ex.c ****   }
 1751              		.loc 1 237 5 view .LVU469
 1752 0026 0B4B     		ldr	r3, .L152
 1753 0028 0022     		movs	r2, #0
 1754 002a 1A70     		strb	r2, [r3]
 237:Drivers/STM32WBxx_HAL_Driver/Src/stm32wbxx_hal_flash_ex.c ****   }
 1755              		.loc 1 237 5 view .LVU470
 1756              	.LVL143:
 1757              	.L148:
 257:Drivers/STM32WBxx_HAL_Driver/Src/stm32wbxx_hal_flash_ex.c **** 
 1758              		.loc 1 257 1 is_stmt 0 view .LVU471
 1759 002c 2846     		mov	r0, r5
 1760 002e 38BD     		pop	{r3, r4, r5, pc}
ARM GAS  /var/folders/98/ctz5mtps7w71v8dr53cf5qg40000gn/T//cc2XmeiS.s 			page 53


 1761              	.LVL144:
 1762              	.L149:
 242:Drivers/STM32WBxx_HAL_Driver/Src/stm32wbxx_hal_flash_ex.c **** 
 1763              		.loc 1 242 5 is_stmt 1 view .LVU472
 242:Drivers/STM32WBxx_HAL_Driver/Src/stm32wbxx_hal_flash_ex.c **** 
 1764              		.loc 1 242 5 view .LVU473
 242:Drivers/STM32WBxx_HAL_Driver/Src/stm32wbxx_hal_flash_ex.c **** 
 1765              		.loc 1 242 5 discriminator 3 view .LVU474
 242:Drivers/STM32WBxx_HAL_Driver/Src/stm32wbxx_hal_flash_ex.c **** 
 1766              		.loc 1 242 5 discriminator 4 view .LVU475
 1767 0030 094A     		ldr	r2, .L152+4
 1768 0032 5369     		ldr	r3, [r2, #20]
 1769 0034 43F04073 		orr	r3, r3, #50331648
 1770 0038 5361     		str	r3, [r2, #20]
 242:Drivers/STM32WBxx_HAL_Driver/Src/stm32wbxx_hal_flash_ex.c **** 
 1771              		.loc 1 242 5 discriminator 6 view .LVU476
 244:Drivers/STM32WBxx_HAL_Driver/Src/stm32wbxx_hal_flash_ex.c ****     {
 1772              		.loc 1 244 5 view .LVU477
 244:Drivers/STM32WBxx_HAL_Driver/Src/stm32wbxx_hal_flash_ex.c ****     {
 1773              		.loc 1 244 19 is_stmt 0 view .LVU478
 1774 003a 2368     		ldr	r3, [r4]
 244:Drivers/STM32WBxx_HAL_Driver/Src/stm32wbxx_hal_flash_ex.c ****     {
 1775              		.loc 1 244 8 view .LVU479
 1776 003c 022B     		cmp	r3, #2
 1777 003e F5D1     		bne	.L148
 247:Drivers/STM32WBxx_HAL_Driver/Src/stm32wbxx_hal_flash_ex.c ****       pFlash.Page = pEraseInit->Page;
 1778              		.loc 1 247 7 is_stmt 1 view .LVU480
 247:Drivers/STM32WBxx_HAL_Driver/Src/stm32wbxx_hal_flash_ex.c ****       pFlash.Page = pEraseInit->Page;
 1779              		.loc 1 247 41 is_stmt 0 view .LVU481
 1780 0040 A268     		ldr	r2, [r4, #8]
 247:Drivers/STM32WBxx_HAL_Driver/Src/stm32wbxx_hal_flash_ex.c ****       pFlash.Page = pEraseInit->Page;
 1781              		.loc 1 247 29 view .LVU482
 1782 0042 044B     		ldr	r3, .L152
 1783 0044 5A61     		str	r2, [r3, #20]
 248:Drivers/STM32WBxx_HAL_Driver/Src/stm32wbxx_hal_flash_ex.c **** 
 1784              		.loc 1 248 7 is_stmt 1 view .LVU483
 248:Drivers/STM32WBxx_HAL_Driver/Src/stm32wbxx_hal_flash_ex.c **** 
 1785              		.loc 1 248 31 is_stmt 0 view .LVU484
 1786 0046 6068     		ldr	r0, [r4, #4]
 1787              	.LVL145:
 248:Drivers/STM32WBxx_HAL_Driver/Src/stm32wbxx_hal_flash_ex.c **** 
 1788              		.loc 1 248 19 view .LVU485
 1789 0048 1861     		str	r0, [r3, #16]
 251:Drivers/STM32WBxx_HAL_Driver/Src/stm32wbxx_hal_flash_ex.c ****     }
 1790              		.loc 1 251 7 is_stmt 1 view .LVU486
 1791 004a FFF7FEFF 		bl	FLASH_PageErase
 1792              	.LVL146:
 1793 004e EDE7     		b	.L148
 1794              	.LVL147:
 1795              	.L150:
 223:Drivers/STM32WBxx_HAL_Driver/Src/stm32wbxx_hal_flash_ex.c **** 
 1796              		.loc 1 223 3 is_stmt 0 discriminator 1 view .LVU487
 1797 0050 0225     		movs	r5, #2
 1798 0052 EBE7     		b	.L148
 1799              	.L153:
 1800              		.align	2
 1801              	.L152:
ARM GAS  /var/folders/98/ctz5mtps7w71v8dr53cf5qg40000gn/T//cc2XmeiS.s 			page 54


 1802 0054 00000000 		.word	pFlash
 1803 0058 00400058 		.word	1476411392
 1804              		.cfi_endproc
 1805              	.LFE951:
 1807              		.text
 1808              	.Letext0:
 1809              		.file 2 "/Users/yevhenvazhynskyi/Drivers/arm-gnu-toolchain-14.2.rel1-darwin-arm64-arm-none-eabi/ar
 1810              		.file 3 "/Users/yevhenvazhynskyi/Drivers/arm-gnu-toolchain-14.2.rel1-darwin-arm64-arm-none-eabi/ar
 1811              		.file 4 "Drivers/CMSIS/Device/ST/STM32WBxx/Include/stm32wb55xx.h"
 1812              		.file 5 "Drivers/STM32WBxx_HAL_Driver/Inc/stm32wbxx_hal_def.h"
 1813              		.file 6 "Drivers/STM32WBxx_HAL_Driver/Inc/stm32wbxx_hal_flash.h"
ARM GAS  /var/folders/98/ctz5mtps7w71v8dr53cf5qg40000gn/T//cc2XmeiS.s 			page 55


DEFINED SYMBOLS
                            *ABS*:00000000 stm32wbxx_hal_flash_ex.c
/var/folders/98/ctz5mtps7w71v8dr53cf5qg40000gn/T//cc2XmeiS.s:21     .text.FLASH_FlushCaches:00000000 $t
/var/folders/98/ctz5mtps7w71v8dr53cf5qg40000gn/T//cc2XmeiS.s:26     .text.FLASH_FlushCaches:00000000 FLASH_FlushCaches
/var/folders/98/ctz5mtps7w71v8dr53cf5qg40000gn/T//cc2XmeiS.s:92     .text.FLASH_FlushCaches:0000005c $d
/var/folders/98/ctz5mtps7w71v8dr53cf5qg40000gn/T//cc2XmeiS.s:97     .text.FLASH_AcknowledgePageErase:00000000 $t
/var/folders/98/ctz5mtps7w71v8dr53cf5qg40000gn/T//cc2XmeiS.s:102    .text.FLASH_AcknowledgePageErase:00000000 FLASH_AcknowledgePageErase
/var/folders/98/ctz5mtps7w71v8dr53cf5qg40000gn/T//cc2XmeiS.s:120    .text.FLASH_AcknowledgePageErase:00000010 $d
/var/folders/98/ctz5mtps7w71v8dr53cf5qg40000gn/T//cc2XmeiS.s:125    .text.FLASH_OB_WRPConfig:00000000 $t
/var/folders/98/ctz5mtps7w71v8dr53cf5qg40000gn/T//cc2XmeiS.s:130    .text.FLASH_OB_WRPConfig:00000000 FLASH_OB_WRPConfig
/var/folders/98/ctz5mtps7w71v8dr53cf5qg40000gn/T//cc2XmeiS.s:174    .text.FLASH_OB_WRPConfig:00000028 $d
/var/folders/98/ctz5mtps7w71v8dr53cf5qg40000gn/T//cc2XmeiS.s:179    .text.FLASH_OB_OptrConfig:00000000 $t
/var/folders/98/ctz5mtps7w71v8dr53cf5qg40000gn/T//cc2XmeiS.s:184    .text.FLASH_OB_OptrConfig:00000000 FLASH_OB_OptrConfig
/var/folders/98/ctz5mtps7w71v8dr53cf5qg40000gn/T//cc2XmeiS.s:230    .text.FLASH_OB_OptrConfig:0000001c $d
/var/folders/98/ctz5mtps7w71v8dr53cf5qg40000gn/T//cc2XmeiS.s:235    .text.FLASH_OB_PCROP1AConfig:00000000 $t
/var/folders/98/ctz5mtps7w71v8dr53cf5qg40000gn/T//cc2XmeiS.s:240    .text.FLASH_OB_PCROP1AConfig:00000000 FLASH_OB_PCROP1AConfig
/var/folders/98/ctz5mtps7w71v8dr53cf5qg40000gn/T//cc2XmeiS.s:346    .text.FLASH_OB_PCROP1AConfig:00000048 $d
/var/folders/98/ctz5mtps7w71v8dr53cf5qg40000gn/T//cc2XmeiS.s:351    .text.FLASH_OB_PCROP1BConfig:00000000 $t
/var/folders/98/ctz5mtps7w71v8dr53cf5qg40000gn/T//cc2XmeiS.s:356    .text.FLASH_OB_PCROP1BConfig:00000000 FLASH_OB_PCROP1BConfig
/var/folders/98/ctz5mtps7w71v8dr53cf5qg40000gn/T//cc2XmeiS.s:392    .text.FLASH_OB_PCROP1BConfig:00000014 $d
/var/folders/98/ctz5mtps7w71v8dr53cf5qg40000gn/T//cc2XmeiS.s:397    .text.FLASH_OB_IPCCBufferAddrConfig:00000000 $t
/var/folders/98/ctz5mtps7w71v8dr53cf5qg40000gn/T//cc2XmeiS.s:402    .text.FLASH_OB_IPCCBufferAddrConfig:00000000 FLASH_OB_IPCCBufferAddrConfig
/var/folders/98/ctz5mtps7w71v8dr53cf5qg40000gn/T//cc2XmeiS.s:428    .text.FLASH_OB_IPCCBufferAddrConfig:00000010 $d
/var/folders/98/ctz5mtps7w71v8dr53cf5qg40000gn/T//cc2XmeiS.s:433    .text.FLASH_OB_SecureConfig:00000000 $t
/var/folders/98/ctz5mtps7w71v8dr53cf5qg40000gn/T//cc2XmeiS.s:438    .text.FLASH_OB_SecureConfig:00000000 FLASH_OB_SecureConfig
/var/folders/98/ctz5mtps7w71v8dr53cf5qg40000gn/T//cc2XmeiS.s:565    .text.FLASH_OB_SecureConfig:000000a8 $d
/var/folders/98/ctz5mtps7w71v8dr53cf5qg40000gn/T//cc2XmeiS.s:571    .text.FLASH_OB_GetWRP:00000000 $t
/var/folders/98/ctz5mtps7w71v8dr53cf5qg40000gn/T//cc2XmeiS.s:576    .text.FLASH_OB_GetWRP:00000000 FLASH_OB_GetWRP
/var/folders/98/ctz5mtps7w71v8dr53cf5qg40000gn/T//cc2XmeiS.s:628    .text.FLASH_OB_GetWRP:00000028 $d
/var/folders/98/ctz5mtps7w71v8dr53cf5qg40000gn/T//cc2XmeiS.s:633    .text.FLASH_OB_GetRDP:00000000 $t
/var/folders/98/ctz5mtps7w71v8dr53cf5qg40000gn/T//cc2XmeiS.s:638    .text.FLASH_OB_GetRDP:00000000 FLASH_OB_GetRDP
/var/folders/98/ctz5mtps7w71v8dr53cf5qg40000gn/T//cc2XmeiS.s:668    .text.FLASH_OB_GetRDP:00000014 $d
/var/folders/98/ctz5mtps7w71v8dr53cf5qg40000gn/T//cc2XmeiS.s:673    .text.FLASH_OB_GetUser:00000000 $t
/var/folders/98/ctz5mtps7w71v8dr53cf5qg40000gn/T//cc2XmeiS.s:678    .text.FLASH_OB_GetUser:00000000 FLASH_OB_GetUser
/var/folders/98/ctz5mtps7w71v8dr53cf5qg40000gn/T//cc2XmeiS.s:701    .text.FLASH_OB_GetUser:0000000c $d
/var/folders/98/ctz5mtps7w71v8dr53cf5qg40000gn/T//cc2XmeiS.s:707    .text.FLASH_OB_GetPCROP:00000000 $t
/var/folders/98/ctz5mtps7w71v8dr53cf5qg40000gn/T//cc2XmeiS.s:712    .text.FLASH_OB_GetPCROP:00000000 FLASH_OB_GetPCROP
/var/folders/98/ctz5mtps7w71v8dr53cf5qg40000gn/T//cc2XmeiS.s:799    .text.FLASH_OB_GetPCROP:00000044 $d
/var/folders/98/ctz5mtps7w71v8dr53cf5qg40000gn/T//cc2XmeiS.s:805    .text.FLASH_OB_GetIPCCBufferAddr:00000000 $t
/var/folders/98/ctz5mtps7w71v8dr53cf5qg40000gn/T//cc2XmeiS.s:810    .text.FLASH_OB_GetIPCCBufferAddr:00000000 FLASH_OB_GetIPCCBufferAddr
/var/folders/98/ctz5mtps7w71v8dr53cf5qg40000gn/T//cc2XmeiS.s:831    .text.FLASH_OB_GetIPCCBufferAddr:00000014 $d
/var/folders/98/ctz5mtps7w71v8dr53cf5qg40000gn/T//cc2XmeiS.s:837    .text.FLASH_OB_GetSecureMemoryConfig:00000000 $t
/var/folders/98/ctz5mtps7w71v8dr53cf5qg40000gn/T//cc2XmeiS.s:842    .text.FLASH_OB_GetSecureMemoryConfig:00000000 FLASH_OB_GetSecureMemoryConfig
/var/folders/98/ctz5mtps7w71v8dr53cf5qg40000gn/T//cc2XmeiS.s:930    .text.FLASH_OB_GetSecureMemoryConfig:00000048 $d
/var/folders/98/ctz5mtps7w71v8dr53cf5qg40000gn/T//cc2XmeiS.s:935    .text.FLASH_OB_GetC2BootResetConfig:00000000 $t
/var/folders/98/ctz5mtps7w71v8dr53cf5qg40000gn/T//cc2XmeiS.s:940    .text.FLASH_OB_GetC2BootResetConfig:00000000 FLASH_OB_GetC2BootResetConfig
/var/folders/98/ctz5mtps7w71v8dr53cf5qg40000gn/T//cc2XmeiS.s:988    .text.FLASH_OB_GetC2BootResetConfig:00000038 $d
/var/folders/98/ctz5mtps7w71v8dr53cf5qg40000gn/T//cc2XmeiS.s:994    .text.FLASH_OB_ProceedWriteOperation:00000000 $t
/var/folders/98/ctz5mtps7w71v8dr53cf5qg40000gn/T//cc2XmeiS.s:999    .text.FLASH_OB_ProceedWriteOperation:00000000 FLASH_OB_ProceedWriteOperation
/var/folders/98/ctz5mtps7w71v8dr53cf5qg40000gn/T//cc2XmeiS.s:1040   .text.FLASH_OB_ProceedWriteOperation:00000024 $d
/var/folders/98/ctz5mtps7w71v8dr53cf5qg40000gn/T//cc2XmeiS.s:1045   .text.HAL_FLASHEx_OBProgram:00000000 $t
/var/folders/98/ctz5mtps7w71v8dr53cf5qg40000gn/T//cc2XmeiS.s:1051   .text.HAL_FLASHEx_OBProgram:00000000 HAL_FLASHEx_OBProgram
/var/folders/98/ctz5mtps7w71v8dr53cf5qg40000gn/T//cc2XmeiS.s:1251   .text.HAL_FLASHEx_OBProgram:000000cc $d
/var/folders/98/ctz5mtps7w71v8dr53cf5qg40000gn/T//cc2XmeiS.s:1257   .text.HAL_FLASHEx_OBGetConfig:00000000 $t
/var/folders/98/ctz5mtps7w71v8dr53cf5qg40000gn/T//cc2XmeiS.s:1263   .text.HAL_FLASHEx_OBGetConfig:00000000 HAL_FLASHEx_OBGetConfig
/var/folders/98/ctz5mtps7w71v8dr53cf5qg40000gn/T//cc2XmeiS.s:1361   .text.HAL_FLASHEx_OBGetConfig:0000007c $d
/var/folders/98/ctz5mtps7w71v8dr53cf5qg40000gn/T//cc2XmeiS.s:1366   .text.HAL_FLASHEx_FlashEmptyCheck:00000000 $t
ARM GAS  /var/folders/98/ctz5mtps7w71v8dr53cf5qg40000gn/T//cc2XmeiS.s 			page 56


/var/folders/98/ctz5mtps7w71v8dr53cf5qg40000gn/T//cc2XmeiS.s:1372   .text.HAL_FLASHEx_FlashEmptyCheck:00000000 HAL_FLASHEx_FlashEmptyCheck
/var/folders/98/ctz5mtps7w71v8dr53cf5qg40000gn/T//cc2XmeiS.s:1389   .text.HAL_FLASHEx_FlashEmptyCheck:0000000c $d
/var/folders/98/ctz5mtps7w71v8dr53cf5qg40000gn/T//cc2XmeiS.s:1394   .text.HAL_FLASHEx_ForceFlashEmpty:00000000 $t
/var/folders/98/ctz5mtps7w71v8dr53cf5qg40000gn/T//cc2XmeiS.s:1400   .text.HAL_FLASHEx_ForceFlashEmpty:00000000 HAL_FLASHEx_ForceFlashEmpty
/var/folders/98/ctz5mtps7w71v8dr53cf5qg40000gn/T//cc2XmeiS.s:1420   .text.HAL_FLASHEx_ForceFlashEmpty:00000010 $d
/var/folders/98/ctz5mtps7w71v8dr53cf5qg40000gn/T//cc2XmeiS.s:1425   .text.HAL_FLASHEx_SuspendOperation:00000000 $t
/var/folders/98/ctz5mtps7w71v8dr53cf5qg40000gn/T//cc2XmeiS.s:1431   .text.HAL_FLASHEx_SuspendOperation:00000000 HAL_FLASHEx_SuspendOperation
/var/folders/98/ctz5mtps7w71v8dr53cf5qg40000gn/T//cc2XmeiS.s:1448   .text.HAL_FLASHEx_SuspendOperation:0000000c $d
/var/folders/98/ctz5mtps7w71v8dr53cf5qg40000gn/T//cc2XmeiS.s:1453   .text.HAL_FLASHEx_AllowOperation:00000000 $t
/var/folders/98/ctz5mtps7w71v8dr53cf5qg40000gn/T//cc2XmeiS.s:1459   .text.HAL_FLASHEx_AllowOperation:00000000 HAL_FLASHEx_AllowOperation
/var/folders/98/ctz5mtps7w71v8dr53cf5qg40000gn/T//cc2XmeiS.s:1476   .text.HAL_FLASHEx_AllowOperation:0000000c $d
/var/folders/98/ctz5mtps7w71v8dr53cf5qg40000gn/T//cc2XmeiS.s:1481   .text.HAL_FLASHEx_IsOperationSuspended:00000000 $t
/var/folders/98/ctz5mtps7w71v8dr53cf5qg40000gn/T//cc2XmeiS.s:1487   .text.HAL_FLASHEx_IsOperationSuspended:00000000 HAL_FLASHEx_IsOperationSuspended
/var/folders/98/ctz5mtps7w71v8dr53cf5qg40000gn/T//cc2XmeiS.s:1513   .text.HAL_FLASHEx_IsOperationSuspended:00000010 $d
/var/folders/98/ctz5mtps7w71v8dr53cf5qg40000gn/T//cc2XmeiS.s:1518   .text.FLASH_PageErase:00000000 $t
/var/folders/98/ctz5mtps7w71v8dr53cf5qg40000gn/T//cc2XmeiS.s:1524   .text.FLASH_PageErase:00000000 FLASH_PageErase
/var/folders/98/ctz5mtps7w71v8dr53cf5qg40000gn/T//cc2XmeiS.s:1548   .text.FLASH_PageErase:00000018 $d
/var/folders/98/ctz5mtps7w71v8dr53cf5qg40000gn/T//cc2XmeiS.s:1553   .text.HAL_FLASHEx_Erase:00000000 $t
/var/folders/98/ctz5mtps7w71v8dr53cf5qg40000gn/T//cc2XmeiS.s:1559   .text.HAL_FLASHEx_Erase:00000000 HAL_FLASHEx_Erase
/var/folders/98/ctz5mtps7w71v8dr53cf5qg40000gn/T//cc2XmeiS.s:1690   .text.HAL_FLASHEx_Erase:00000070 $d
/var/folders/98/ctz5mtps7w71v8dr53cf5qg40000gn/T//cc2XmeiS.s:1695   .text.HAL_FLASHEx_Erase_IT:00000000 $t
/var/folders/98/ctz5mtps7w71v8dr53cf5qg40000gn/T//cc2XmeiS.s:1701   .text.HAL_FLASHEx_Erase_IT:00000000 HAL_FLASHEx_Erase_IT
/var/folders/98/ctz5mtps7w71v8dr53cf5qg40000gn/T//cc2XmeiS.s:1802   .text.HAL_FLASHEx_Erase_IT:00000054 $d

UNDEFINED SYMBOLS
FLASH_WaitForLastOperation
pFlash
