ARM GAS  /var/folders/98/ctz5mtps7w71v8dr53cf5qg40000gn/T//ccN8oykb.s 			page 1


   1              		.cpu cortex-m4
   2              		.arch armv7e-m
   3              		.fpu fpv4-sp-d16
   4              		.eabi_attribute 27, 1
   5              		.eabi_attribute 28, 1
   6              		.eabi_attribute 20, 1
   7              		.eabi_attribute 21, 1
   8              		.eabi_attribute 23, 3
   9              		.eabi_attribute 24, 1
  10              		.eabi_attribute 25, 1
  11              		.eabi_attribute 26, 1
  12              		.eabi_attribute 30, 1
  13              		.eabi_attribute 34, 1
  14              		.eabi_attribute 18, 4
  15              		.file	"stm32wbxx_hal_ipcc.c"
  16              		.text
  17              	.Ltext0:
  18              		.cfi_sections	.debug_frame
  19              		.file 1 "Drivers/STM32WBxx_HAL_Driver/Src/stm32wbxx_hal_ipcc.c"
  20              		.section	.text.HAL_IPCC_RxCallback,"ax",%progbits
  21              		.align	1
  22              		.weak	HAL_IPCC_RxCallback
  23              		.syntax unified
  24              		.thumb
  25              		.thumb_func
  27              	HAL_IPCC_RxCallback:
  28              	.LVL0:
  29              	.LFB960:
   1:Drivers/STM32WBxx_HAL_Driver/Src/stm32wbxx_hal_ipcc.c **** /**
   2:Drivers/STM32WBxx_HAL_Driver/Src/stm32wbxx_hal_ipcc.c ****   ******************************************************************************
   3:Drivers/STM32WBxx_HAL_Driver/Src/stm32wbxx_hal_ipcc.c ****   * @file    stm32wbxx_hal_ipcc.c
   4:Drivers/STM32WBxx_HAL_Driver/Src/stm32wbxx_hal_ipcc.c ****   * @author  MCD Application Team
   5:Drivers/STM32WBxx_HAL_Driver/Src/stm32wbxx_hal_ipcc.c ****   * @brief   IPCC HAL module driver.
   6:Drivers/STM32WBxx_HAL_Driver/Src/stm32wbxx_hal_ipcc.c ****   *          This file provides firmware functions to manage the following
   7:Drivers/STM32WBxx_HAL_Driver/Src/stm32wbxx_hal_ipcc.c ****   *          functionalities of the Inter-Processor communication controller
   8:Drivers/STM32WBxx_HAL_Driver/Src/stm32wbxx_hal_ipcc.c ****   *          peripherals (IPCC).
   9:Drivers/STM32WBxx_HAL_Driver/Src/stm32wbxx_hal_ipcc.c ****   *           + Initialization and de-initialization functions
  10:Drivers/STM32WBxx_HAL_Driver/Src/stm32wbxx_hal_ipcc.c ****   *           + Configuration, notification and interrupts handling
  11:Drivers/STM32WBxx_HAL_Driver/Src/stm32wbxx_hal_ipcc.c ****   *           + Peripheral State and Error functions
  12:Drivers/STM32WBxx_HAL_Driver/Src/stm32wbxx_hal_ipcc.c ****   ******************************************************************************
  13:Drivers/STM32WBxx_HAL_Driver/Src/stm32wbxx_hal_ipcc.c ****   * @attention
  14:Drivers/STM32WBxx_HAL_Driver/Src/stm32wbxx_hal_ipcc.c ****   *
  15:Drivers/STM32WBxx_HAL_Driver/Src/stm32wbxx_hal_ipcc.c ****   * Copyright (c) 2019 STMicroelectronics.
  16:Drivers/STM32WBxx_HAL_Driver/Src/stm32wbxx_hal_ipcc.c ****   * All rights reserved.
  17:Drivers/STM32WBxx_HAL_Driver/Src/stm32wbxx_hal_ipcc.c ****   *
  18:Drivers/STM32WBxx_HAL_Driver/Src/stm32wbxx_hal_ipcc.c ****   * This software is licensed under terms that can be found in the LICENSE file
  19:Drivers/STM32WBxx_HAL_Driver/Src/stm32wbxx_hal_ipcc.c ****   * in the root directory of this software component.
  20:Drivers/STM32WBxx_HAL_Driver/Src/stm32wbxx_hal_ipcc.c ****   * If no LICENSE file comes with this software, it is provided AS-IS.
  21:Drivers/STM32WBxx_HAL_Driver/Src/stm32wbxx_hal_ipcc.c ****   *
  22:Drivers/STM32WBxx_HAL_Driver/Src/stm32wbxx_hal_ipcc.c ****   ******************************************************************************
  23:Drivers/STM32WBxx_HAL_Driver/Src/stm32wbxx_hal_ipcc.c ****   @verbatim
  24:Drivers/STM32WBxx_HAL_Driver/Src/stm32wbxx_hal_ipcc.c ****   ==============================================================================
  25:Drivers/STM32WBxx_HAL_Driver/Src/stm32wbxx_hal_ipcc.c ****                         ##### How to use this driver #####
  26:Drivers/STM32WBxx_HAL_Driver/Src/stm32wbxx_hal_ipcc.c ****   ==============================================================================
  27:Drivers/STM32WBxx_HAL_Driver/Src/stm32wbxx_hal_ipcc.c ****     [..]
  28:Drivers/STM32WBxx_HAL_Driver/Src/stm32wbxx_hal_ipcc.c ****       The IPCC HAL driver can be used as follows:
  29:Drivers/STM32WBxx_HAL_Driver/Src/stm32wbxx_hal_ipcc.c **** 
ARM GAS  /var/folders/98/ctz5mtps7w71v8dr53cf5qg40000gn/T//ccN8oykb.s 			page 2


  30:Drivers/STM32WBxx_HAL_Driver/Src/stm32wbxx_hal_ipcc.c ****       (#) Declare a IPCC_HandleTypeDef handle structure, for example: IPCC_HandleTypeDef hipcc;
  31:Drivers/STM32WBxx_HAL_Driver/Src/stm32wbxx_hal_ipcc.c ****       (#) Initialize the IPCC low level resources by implementing the HAL_IPCC_MspInit() API:
  32:Drivers/STM32WBxx_HAL_Driver/Src/stm32wbxx_hal_ipcc.c ****         (##) Enable the IPCC interface clock
  33:Drivers/STM32WBxx_HAL_Driver/Src/stm32wbxx_hal_ipcc.c ****         (##) NVIC configuration if you need to use interrupt process
  34:Drivers/STM32WBxx_HAL_Driver/Src/stm32wbxx_hal_ipcc.c ****             (+++) Configure the IPCC interrupt priority
  35:Drivers/STM32WBxx_HAL_Driver/Src/stm32wbxx_hal_ipcc.c ****             (+++) Enable the NVIC IPCC IRQ
  36:Drivers/STM32WBxx_HAL_Driver/Src/stm32wbxx_hal_ipcc.c **** 
  37:Drivers/STM32WBxx_HAL_Driver/Src/stm32wbxx_hal_ipcc.c ****       (#) Initialize the IPCC registers by calling the HAL_IPCC_Init() API which trig
  38:Drivers/STM32WBxx_HAL_Driver/Src/stm32wbxx_hal_ipcc.c ****           HAL_IPCC_MspInit().
  39:Drivers/STM32WBxx_HAL_Driver/Src/stm32wbxx_hal_ipcc.c **** 
  40:Drivers/STM32WBxx_HAL_Driver/Src/stm32wbxx_hal_ipcc.c ****       (#) Implement the interrupt callbacks for transmission and reception to use the driver in int
  41:Drivers/STM32WBxx_HAL_Driver/Src/stm32wbxx_hal_ipcc.c **** 
  42:Drivers/STM32WBxx_HAL_Driver/Src/stm32wbxx_hal_ipcc.c ****       (#) Associate those callback to the corresponding channel and direction using HAL_IPCC_Config
  43:Drivers/STM32WBxx_HAL_Driver/Src/stm32wbxx_hal_ipcc.c ****           This is the interrupt mode.
  44:Drivers/STM32WBxx_HAL_Driver/Src/stm32wbxx_hal_ipcc.c ****           If no callback are configured for a given channel and direction, it is up to the user to 
  45:Drivers/STM32WBxx_HAL_Driver/Src/stm32wbxx_hal_ipcc.c ****           status of the communication (polling mode).
  46:Drivers/STM32WBxx_HAL_Driver/Src/stm32wbxx_hal_ipcc.c **** 
  47:Drivers/STM32WBxx_HAL_Driver/Src/stm32wbxx_hal_ipcc.c ****       (#) Notify the other MCU when a message is available in a chosen channel
  48:Drivers/STM32WBxx_HAL_Driver/Src/stm32wbxx_hal_ipcc.c ****           or when a message has been retrieved from a chosen channel by calling
  49:Drivers/STM32WBxx_HAL_Driver/Src/stm32wbxx_hal_ipcc.c ****           the HAL_IPCC_NotifyCPU() API.
  50:Drivers/STM32WBxx_HAL_Driver/Src/stm32wbxx_hal_ipcc.c **** 
  51:Drivers/STM32WBxx_HAL_Driver/Src/stm32wbxx_hal_ipcc.c **** @endverbatim
  52:Drivers/STM32WBxx_HAL_Driver/Src/stm32wbxx_hal_ipcc.c ****   ******************************************************************************
  53:Drivers/STM32WBxx_HAL_Driver/Src/stm32wbxx_hal_ipcc.c ****   */
  54:Drivers/STM32WBxx_HAL_Driver/Src/stm32wbxx_hal_ipcc.c **** 
  55:Drivers/STM32WBxx_HAL_Driver/Src/stm32wbxx_hal_ipcc.c **** /* Includes ------------------------------------------------------------------*/
  56:Drivers/STM32WBxx_HAL_Driver/Src/stm32wbxx_hal_ipcc.c **** #include "stm32wbxx_hal.h"
  57:Drivers/STM32WBxx_HAL_Driver/Src/stm32wbxx_hal_ipcc.c **** 
  58:Drivers/STM32WBxx_HAL_Driver/Src/stm32wbxx_hal_ipcc.c **** #if defined(IPCC)
  59:Drivers/STM32WBxx_HAL_Driver/Src/stm32wbxx_hal_ipcc.c **** /** @addtogroup STM32WBxx_HAL_Driver
  60:Drivers/STM32WBxx_HAL_Driver/Src/stm32wbxx_hal_ipcc.c ****   * @{
  61:Drivers/STM32WBxx_HAL_Driver/Src/stm32wbxx_hal_ipcc.c ****   */
  62:Drivers/STM32WBxx_HAL_Driver/Src/stm32wbxx_hal_ipcc.c **** 
  63:Drivers/STM32WBxx_HAL_Driver/Src/stm32wbxx_hal_ipcc.c **** /** @addtogroup IPCC
  64:Drivers/STM32WBxx_HAL_Driver/Src/stm32wbxx_hal_ipcc.c ****   * @{
  65:Drivers/STM32WBxx_HAL_Driver/Src/stm32wbxx_hal_ipcc.c ****   */
  66:Drivers/STM32WBxx_HAL_Driver/Src/stm32wbxx_hal_ipcc.c **** 
  67:Drivers/STM32WBxx_HAL_Driver/Src/stm32wbxx_hal_ipcc.c **** #ifdef HAL_IPCC_MODULE_ENABLED
  68:Drivers/STM32WBxx_HAL_Driver/Src/stm32wbxx_hal_ipcc.c **** 
  69:Drivers/STM32WBxx_HAL_Driver/Src/stm32wbxx_hal_ipcc.c **** /* Private typedef -----------------------------------------------------------*/
  70:Drivers/STM32WBxx_HAL_Driver/Src/stm32wbxx_hal_ipcc.c **** /* Private define ------------------------------------------------------------*/
  71:Drivers/STM32WBxx_HAL_Driver/Src/stm32wbxx_hal_ipcc.c **** /** @defgroup IPCC_Private_Constants IPCC Private Constants
  72:Drivers/STM32WBxx_HAL_Driver/Src/stm32wbxx_hal_ipcc.c ****   * @{
  73:Drivers/STM32WBxx_HAL_Driver/Src/stm32wbxx_hal_ipcc.c ****   */
  74:Drivers/STM32WBxx_HAL_Driver/Src/stm32wbxx_hal_ipcc.c **** #define IPCC_ALL_RX_BUF 0x0000003FU /*!< Mask for all RX buffers. */
  75:Drivers/STM32WBxx_HAL_Driver/Src/stm32wbxx_hal_ipcc.c **** #define IPCC_ALL_TX_BUF 0x003F0000U /*!< Mask for all TX buffers. */
  76:Drivers/STM32WBxx_HAL_Driver/Src/stm32wbxx_hal_ipcc.c **** #define CHANNEL_INDEX_MASK 0x0000000FU /*!< Mask the channel index to avoid overflow */
  77:Drivers/STM32WBxx_HAL_Driver/Src/stm32wbxx_hal_ipcc.c **** /**
  78:Drivers/STM32WBxx_HAL_Driver/Src/stm32wbxx_hal_ipcc.c ****   * @}
  79:Drivers/STM32WBxx_HAL_Driver/Src/stm32wbxx_hal_ipcc.c ****   */
  80:Drivers/STM32WBxx_HAL_Driver/Src/stm32wbxx_hal_ipcc.c **** 
  81:Drivers/STM32WBxx_HAL_Driver/Src/stm32wbxx_hal_ipcc.c **** /* Private macros ------------------------------------------------------------*/
  82:Drivers/STM32WBxx_HAL_Driver/Src/stm32wbxx_hal_ipcc.c **** /* Private variables ---------------------------------------------------------*/
  83:Drivers/STM32WBxx_HAL_Driver/Src/stm32wbxx_hal_ipcc.c **** /* Private function prototypes -----------------------------------------------*/
  84:Drivers/STM32WBxx_HAL_Driver/Src/stm32wbxx_hal_ipcc.c **** /** @defgroup IPCC_Private_Functions IPCC Private Functions
  85:Drivers/STM32WBxx_HAL_Driver/Src/stm32wbxx_hal_ipcc.c ****   * @{
  86:Drivers/STM32WBxx_HAL_Driver/Src/stm32wbxx_hal_ipcc.c ****   */
ARM GAS  /var/folders/98/ctz5mtps7w71v8dr53cf5qg40000gn/T//ccN8oykb.s 			page 3


  87:Drivers/STM32WBxx_HAL_Driver/Src/stm32wbxx_hal_ipcc.c **** void IPCC_MaskInterrupt(uint32_t ChannelIndex, IPCC_CHANNELDirTypeDef ChannelDir);
  88:Drivers/STM32WBxx_HAL_Driver/Src/stm32wbxx_hal_ipcc.c **** void IPCC_UnmaskInterrupt(uint32_t ChannelIndex, IPCC_CHANNELDirTypeDef ChannelDir);
  89:Drivers/STM32WBxx_HAL_Driver/Src/stm32wbxx_hal_ipcc.c **** void IPCC_SetDefaultCallbacks(IPCC_HandleTypeDef *hipcc);
  90:Drivers/STM32WBxx_HAL_Driver/Src/stm32wbxx_hal_ipcc.c **** void IPCC_Reset_Register(IPCC_CommonTypeDef *Instance);
  91:Drivers/STM32WBxx_HAL_Driver/Src/stm32wbxx_hal_ipcc.c **** /**
  92:Drivers/STM32WBxx_HAL_Driver/Src/stm32wbxx_hal_ipcc.c ****   * @}
  93:Drivers/STM32WBxx_HAL_Driver/Src/stm32wbxx_hal_ipcc.c ****   */
  94:Drivers/STM32WBxx_HAL_Driver/Src/stm32wbxx_hal_ipcc.c **** 
  95:Drivers/STM32WBxx_HAL_Driver/Src/stm32wbxx_hal_ipcc.c **** /** @addtogroup IPCC_Exported_Functions
  96:Drivers/STM32WBxx_HAL_Driver/Src/stm32wbxx_hal_ipcc.c ****   * @{
  97:Drivers/STM32WBxx_HAL_Driver/Src/stm32wbxx_hal_ipcc.c ****   */
  98:Drivers/STM32WBxx_HAL_Driver/Src/stm32wbxx_hal_ipcc.c **** 
  99:Drivers/STM32WBxx_HAL_Driver/Src/stm32wbxx_hal_ipcc.c **** /** @addtogroup IPCC_Exported_Functions_Group1
 100:Drivers/STM32WBxx_HAL_Driver/Src/stm32wbxx_hal_ipcc.c ****   *  @brief    Initialization and de-initialization functions
 101:Drivers/STM32WBxx_HAL_Driver/Src/stm32wbxx_hal_ipcc.c ****   *
 102:Drivers/STM32WBxx_HAL_Driver/Src/stm32wbxx_hal_ipcc.c **** @verbatim
 103:Drivers/STM32WBxx_HAL_Driver/Src/stm32wbxx_hal_ipcc.c ****  ===============================================================================
 104:Drivers/STM32WBxx_HAL_Driver/Src/stm32wbxx_hal_ipcc.c ****              ##### Initialization and de-initialization functions  #####
 105:Drivers/STM32WBxx_HAL_Driver/Src/stm32wbxx_hal_ipcc.c ****  ===============================================================================
 106:Drivers/STM32WBxx_HAL_Driver/Src/stm32wbxx_hal_ipcc.c ****     [..]  This subsection provides a set of functions allowing to initialize and
 107:Drivers/STM32WBxx_HAL_Driver/Src/stm32wbxx_hal_ipcc.c ****           deinitialize the IPCC peripheral:
 108:Drivers/STM32WBxx_HAL_Driver/Src/stm32wbxx_hal_ipcc.c **** 
 109:Drivers/STM32WBxx_HAL_Driver/Src/stm32wbxx_hal_ipcc.c ****       (+) User must Implement HAL_IPCC_MspInit() function in which he configures
 110:Drivers/STM32WBxx_HAL_Driver/Src/stm32wbxx_hal_ipcc.c ****           all related peripherals resources (CLOCK and NVIC ).
 111:Drivers/STM32WBxx_HAL_Driver/Src/stm32wbxx_hal_ipcc.c **** 
 112:Drivers/STM32WBxx_HAL_Driver/Src/stm32wbxx_hal_ipcc.c ****       (+) Call the function HAL_IPCC_Init() to configure the IPCC register.
 113:Drivers/STM32WBxx_HAL_Driver/Src/stm32wbxx_hal_ipcc.c **** 
 114:Drivers/STM32WBxx_HAL_Driver/Src/stm32wbxx_hal_ipcc.c ****       (+) Call the function HAL_PKA_DeInit() to restore the default configuration
 115:Drivers/STM32WBxx_HAL_Driver/Src/stm32wbxx_hal_ipcc.c ****           of the selected IPCC peripheral.
 116:Drivers/STM32WBxx_HAL_Driver/Src/stm32wbxx_hal_ipcc.c **** 
 117:Drivers/STM32WBxx_HAL_Driver/Src/stm32wbxx_hal_ipcc.c **** @endverbatim
 118:Drivers/STM32WBxx_HAL_Driver/Src/stm32wbxx_hal_ipcc.c ****   * @{
 119:Drivers/STM32WBxx_HAL_Driver/Src/stm32wbxx_hal_ipcc.c ****   */
 120:Drivers/STM32WBxx_HAL_Driver/Src/stm32wbxx_hal_ipcc.c **** 
 121:Drivers/STM32WBxx_HAL_Driver/Src/stm32wbxx_hal_ipcc.c **** /**
 122:Drivers/STM32WBxx_HAL_Driver/Src/stm32wbxx_hal_ipcc.c ****   * @brief  Initialize the IPCC peripheral.
 123:Drivers/STM32WBxx_HAL_Driver/Src/stm32wbxx_hal_ipcc.c ****   * @param  hipcc IPCC handle
 124:Drivers/STM32WBxx_HAL_Driver/Src/stm32wbxx_hal_ipcc.c ****   * @retval HAL status
 125:Drivers/STM32WBxx_HAL_Driver/Src/stm32wbxx_hal_ipcc.c ****   */
 126:Drivers/STM32WBxx_HAL_Driver/Src/stm32wbxx_hal_ipcc.c **** HAL_StatusTypeDef HAL_IPCC_Init(IPCC_HandleTypeDef *hipcc)
 127:Drivers/STM32WBxx_HAL_Driver/Src/stm32wbxx_hal_ipcc.c **** {
 128:Drivers/STM32WBxx_HAL_Driver/Src/stm32wbxx_hal_ipcc.c ****   HAL_StatusTypeDef err = HAL_OK;
 129:Drivers/STM32WBxx_HAL_Driver/Src/stm32wbxx_hal_ipcc.c **** 
 130:Drivers/STM32WBxx_HAL_Driver/Src/stm32wbxx_hal_ipcc.c ****   /* Check the IPCC handle allocation */
 131:Drivers/STM32WBxx_HAL_Driver/Src/stm32wbxx_hal_ipcc.c ****   if (hipcc != NULL)
 132:Drivers/STM32WBxx_HAL_Driver/Src/stm32wbxx_hal_ipcc.c ****   {
 133:Drivers/STM32WBxx_HAL_Driver/Src/stm32wbxx_hal_ipcc.c ****     /* Check the parameters */
 134:Drivers/STM32WBxx_HAL_Driver/Src/stm32wbxx_hal_ipcc.c ****     assert_param(IS_IPCC_ALL_INSTANCE(hipcc->Instance));
 135:Drivers/STM32WBxx_HAL_Driver/Src/stm32wbxx_hal_ipcc.c **** 
 136:Drivers/STM32WBxx_HAL_Driver/Src/stm32wbxx_hal_ipcc.c ****     IPCC_CommonTypeDef *currentInstance = IPCC_C1;
 137:Drivers/STM32WBxx_HAL_Driver/Src/stm32wbxx_hal_ipcc.c **** 
 138:Drivers/STM32WBxx_HAL_Driver/Src/stm32wbxx_hal_ipcc.c ****     if (hipcc->State == HAL_IPCC_STATE_RESET)
 139:Drivers/STM32WBxx_HAL_Driver/Src/stm32wbxx_hal_ipcc.c ****     {
 140:Drivers/STM32WBxx_HAL_Driver/Src/stm32wbxx_hal_ipcc.c ****       /* Init the low level hardware : CLOCK, NVIC */
 141:Drivers/STM32WBxx_HAL_Driver/Src/stm32wbxx_hal_ipcc.c ****       HAL_IPCC_MspInit(hipcc);
 142:Drivers/STM32WBxx_HAL_Driver/Src/stm32wbxx_hal_ipcc.c ****     }
 143:Drivers/STM32WBxx_HAL_Driver/Src/stm32wbxx_hal_ipcc.c **** 
ARM GAS  /var/folders/98/ctz5mtps7w71v8dr53cf5qg40000gn/T//ccN8oykb.s 			page 4


 144:Drivers/STM32WBxx_HAL_Driver/Src/stm32wbxx_hal_ipcc.c ****     /* Reset all registers of the current cpu to default state */
 145:Drivers/STM32WBxx_HAL_Driver/Src/stm32wbxx_hal_ipcc.c ****     IPCC_Reset_Register(currentInstance);
 146:Drivers/STM32WBxx_HAL_Driver/Src/stm32wbxx_hal_ipcc.c **** 
 147:Drivers/STM32WBxx_HAL_Driver/Src/stm32wbxx_hal_ipcc.c ****     /* Activate the interrupts */
 148:Drivers/STM32WBxx_HAL_Driver/Src/stm32wbxx_hal_ipcc.c ****     currentInstance->CR |= (IPCC_CR_RXOIE | IPCC_CR_TXFIE);
 149:Drivers/STM32WBxx_HAL_Driver/Src/stm32wbxx_hal_ipcc.c **** 
 150:Drivers/STM32WBxx_HAL_Driver/Src/stm32wbxx_hal_ipcc.c ****     /* Clear callback pointers */
 151:Drivers/STM32WBxx_HAL_Driver/Src/stm32wbxx_hal_ipcc.c ****     IPCC_SetDefaultCallbacks(hipcc);
 152:Drivers/STM32WBxx_HAL_Driver/Src/stm32wbxx_hal_ipcc.c **** 
 153:Drivers/STM32WBxx_HAL_Driver/Src/stm32wbxx_hal_ipcc.c ****     /* Reset all callback notification request */
 154:Drivers/STM32WBxx_HAL_Driver/Src/stm32wbxx_hal_ipcc.c ****     hipcc->callbackRequest = 0;
 155:Drivers/STM32WBxx_HAL_Driver/Src/stm32wbxx_hal_ipcc.c **** 
 156:Drivers/STM32WBxx_HAL_Driver/Src/stm32wbxx_hal_ipcc.c ****     hipcc->State = HAL_IPCC_STATE_READY;
 157:Drivers/STM32WBxx_HAL_Driver/Src/stm32wbxx_hal_ipcc.c ****   }
 158:Drivers/STM32WBxx_HAL_Driver/Src/stm32wbxx_hal_ipcc.c ****   else
 159:Drivers/STM32WBxx_HAL_Driver/Src/stm32wbxx_hal_ipcc.c ****   {
 160:Drivers/STM32WBxx_HAL_Driver/Src/stm32wbxx_hal_ipcc.c ****     err = HAL_ERROR;
 161:Drivers/STM32WBxx_HAL_Driver/Src/stm32wbxx_hal_ipcc.c ****   }
 162:Drivers/STM32WBxx_HAL_Driver/Src/stm32wbxx_hal_ipcc.c **** 
 163:Drivers/STM32WBxx_HAL_Driver/Src/stm32wbxx_hal_ipcc.c ****   return err;
 164:Drivers/STM32WBxx_HAL_Driver/Src/stm32wbxx_hal_ipcc.c **** }
 165:Drivers/STM32WBxx_HAL_Driver/Src/stm32wbxx_hal_ipcc.c **** 
 166:Drivers/STM32WBxx_HAL_Driver/Src/stm32wbxx_hal_ipcc.c **** /**
 167:Drivers/STM32WBxx_HAL_Driver/Src/stm32wbxx_hal_ipcc.c ****   * @brief  DeInitialize the IPCC peripheral.
 168:Drivers/STM32WBxx_HAL_Driver/Src/stm32wbxx_hal_ipcc.c ****   * @param  hipcc IPCC handle
 169:Drivers/STM32WBxx_HAL_Driver/Src/stm32wbxx_hal_ipcc.c ****   * @retval HAL status
 170:Drivers/STM32WBxx_HAL_Driver/Src/stm32wbxx_hal_ipcc.c ****   */
 171:Drivers/STM32WBxx_HAL_Driver/Src/stm32wbxx_hal_ipcc.c **** HAL_StatusTypeDef HAL_IPCC_DeInit(IPCC_HandleTypeDef *hipcc)
 172:Drivers/STM32WBxx_HAL_Driver/Src/stm32wbxx_hal_ipcc.c **** {
 173:Drivers/STM32WBxx_HAL_Driver/Src/stm32wbxx_hal_ipcc.c ****   HAL_StatusTypeDef err = HAL_OK;
 174:Drivers/STM32WBxx_HAL_Driver/Src/stm32wbxx_hal_ipcc.c **** 
 175:Drivers/STM32WBxx_HAL_Driver/Src/stm32wbxx_hal_ipcc.c ****   /* Check the IPCC handle allocation */
 176:Drivers/STM32WBxx_HAL_Driver/Src/stm32wbxx_hal_ipcc.c ****   if (hipcc != NULL)
 177:Drivers/STM32WBxx_HAL_Driver/Src/stm32wbxx_hal_ipcc.c ****   {
 178:Drivers/STM32WBxx_HAL_Driver/Src/stm32wbxx_hal_ipcc.c ****     assert_param(IS_IPCC_ALL_INSTANCE(hipcc->Instance));
 179:Drivers/STM32WBxx_HAL_Driver/Src/stm32wbxx_hal_ipcc.c ****     IPCC_CommonTypeDef *currentInstance = IPCC_C1;
 180:Drivers/STM32WBxx_HAL_Driver/Src/stm32wbxx_hal_ipcc.c **** 
 181:Drivers/STM32WBxx_HAL_Driver/Src/stm32wbxx_hal_ipcc.c ****     /* Set the state to busy */
 182:Drivers/STM32WBxx_HAL_Driver/Src/stm32wbxx_hal_ipcc.c ****     hipcc->State = HAL_IPCC_STATE_BUSY;
 183:Drivers/STM32WBxx_HAL_Driver/Src/stm32wbxx_hal_ipcc.c **** 
 184:Drivers/STM32WBxx_HAL_Driver/Src/stm32wbxx_hal_ipcc.c ****     /* Reset all registers of the current cpu to default state */
 185:Drivers/STM32WBxx_HAL_Driver/Src/stm32wbxx_hal_ipcc.c ****     IPCC_Reset_Register(currentInstance);
 186:Drivers/STM32WBxx_HAL_Driver/Src/stm32wbxx_hal_ipcc.c **** 
 187:Drivers/STM32WBxx_HAL_Driver/Src/stm32wbxx_hal_ipcc.c ****     /* Clear callback pointers */
 188:Drivers/STM32WBxx_HAL_Driver/Src/stm32wbxx_hal_ipcc.c ****     IPCC_SetDefaultCallbacks(hipcc);
 189:Drivers/STM32WBxx_HAL_Driver/Src/stm32wbxx_hal_ipcc.c **** 
 190:Drivers/STM32WBxx_HAL_Driver/Src/stm32wbxx_hal_ipcc.c ****     /* Reset all callback notification request */
 191:Drivers/STM32WBxx_HAL_Driver/Src/stm32wbxx_hal_ipcc.c ****     hipcc->callbackRequest = 0;
 192:Drivers/STM32WBxx_HAL_Driver/Src/stm32wbxx_hal_ipcc.c **** 
 193:Drivers/STM32WBxx_HAL_Driver/Src/stm32wbxx_hal_ipcc.c ****     /* DeInit the low level hardware : CLOCK, NVIC */
 194:Drivers/STM32WBxx_HAL_Driver/Src/stm32wbxx_hal_ipcc.c ****     HAL_IPCC_MspDeInit(hipcc);
 195:Drivers/STM32WBxx_HAL_Driver/Src/stm32wbxx_hal_ipcc.c **** 
 196:Drivers/STM32WBxx_HAL_Driver/Src/stm32wbxx_hal_ipcc.c ****     hipcc->State = HAL_IPCC_STATE_RESET;
 197:Drivers/STM32WBxx_HAL_Driver/Src/stm32wbxx_hal_ipcc.c ****   }
 198:Drivers/STM32WBxx_HAL_Driver/Src/stm32wbxx_hal_ipcc.c ****   else
 199:Drivers/STM32WBxx_HAL_Driver/Src/stm32wbxx_hal_ipcc.c ****   {
 200:Drivers/STM32WBxx_HAL_Driver/Src/stm32wbxx_hal_ipcc.c ****     err = HAL_ERROR;
ARM GAS  /var/folders/98/ctz5mtps7w71v8dr53cf5qg40000gn/T//ccN8oykb.s 			page 5


 201:Drivers/STM32WBxx_HAL_Driver/Src/stm32wbxx_hal_ipcc.c ****   }
 202:Drivers/STM32WBxx_HAL_Driver/Src/stm32wbxx_hal_ipcc.c **** 
 203:Drivers/STM32WBxx_HAL_Driver/Src/stm32wbxx_hal_ipcc.c ****   return err;
 204:Drivers/STM32WBxx_HAL_Driver/Src/stm32wbxx_hal_ipcc.c **** }
 205:Drivers/STM32WBxx_HAL_Driver/Src/stm32wbxx_hal_ipcc.c **** 
 206:Drivers/STM32WBxx_HAL_Driver/Src/stm32wbxx_hal_ipcc.c **** /**
 207:Drivers/STM32WBxx_HAL_Driver/Src/stm32wbxx_hal_ipcc.c ****   * @brief Initialize the IPCC MSP.
 208:Drivers/STM32WBxx_HAL_Driver/Src/stm32wbxx_hal_ipcc.c ****   * @param  hipcc IPCC handle
 209:Drivers/STM32WBxx_HAL_Driver/Src/stm32wbxx_hal_ipcc.c ****   * @retval None
 210:Drivers/STM32WBxx_HAL_Driver/Src/stm32wbxx_hal_ipcc.c ****   */
 211:Drivers/STM32WBxx_HAL_Driver/Src/stm32wbxx_hal_ipcc.c **** __weak void HAL_IPCC_MspInit(IPCC_HandleTypeDef *hipcc)
 212:Drivers/STM32WBxx_HAL_Driver/Src/stm32wbxx_hal_ipcc.c **** {
 213:Drivers/STM32WBxx_HAL_Driver/Src/stm32wbxx_hal_ipcc.c ****   /* Prevent unused argument(s) compilation warning */
 214:Drivers/STM32WBxx_HAL_Driver/Src/stm32wbxx_hal_ipcc.c ****   UNUSED(hipcc);
 215:Drivers/STM32WBxx_HAL_Driver/Src/stm32wbxx_hal_ipcc.c **** 
 216:Drivers/STM32WBxx_HAL_Driver/Src/stm32wbxx_hal_ipcc.c ****   /* NOTE : This function should not be modified. When the callback is needed
 217:Drivers/STM32WBxx_HAL_Driver/Src/stm32wbxx_hal_ipcc.c ****             the HAL_IPCC_MspInit should be implemented in the user file
 218:Drivers/STM32WBxx_HAL_Driver/Src/stm32wbxx_hal_ipcc.c ****    */
 219:Drivers/STM32WBxx_HAL_Driver/Src/stm32wbxx_hal_ipcc.c **** }
 220:Drivers/STM32WBxx_HAL_Driver/Src/stm32wbxx_hal_ipcc.c **** 
 221:Drivers/STM32WBxx_HAL_Driver/Src/stm32wbxx_hal_ipcc.c **** /**
 222:Drivers/STM32WBxx_HAL_Driver/Src/stm32wbxx_hal_ipcc.c ****   * @brief IPCC MSP DeInit
 223:Drivers/STM32WBxx_HAL_Driver/Src/stm32wbxx_hal_ipcc.c ****   * @param  hipcc IPCC handle
 224:Drivers/STM32WBxx_HAL_Driver/Src/stm32wbxx_hal_ipcc.c ****   * @retval None
 225:Drivers/STM32WBxx_HAL_Driver/Src/stm32wbxx_hal_ipcc.c ****   */
 226:Drivers/STM32WBxx_HAL_Driver/Src/stm32wbxx_hal_ipcc.c **** __weak void HAL_IPCC_MspDeInit(IPCC_HandleTypeDef *hipcc)
 227:Drivers/STM32WBxx_HAL_Driver/Src/stm32wbxx_hal_ipcc.c **** {
 228:Drivers/STM32WBxx_HAL_Driver/Src/stm32wbxx_hal_ipcc.c ****   /* Prevent unused argument(s) compilation warning */
 229:Drivers/STM32WBxx_HAL_Driver/Src/stm32wbxx_hal_ipcc.c ****   UNUSED(hipcc);
 230:Drivers/STM32WBxx_HAL_Driver/Src/stm32wbxx_hal_ipcc.c **** 
 231:Drivers/STM32WBxx_HAL_Driver/Src/stm32wbxx_hal_ipcc.c ****   /* NOTE : This function should not be modified. When the callback is needed
 232:Drivers/STM32WBxx_HAL_Driver/Src/stm32wbxx_hal_ipcc.c ****             the HAL_IPCC_MspDeInit should be implemented in the user file
 233:Drivers/STM32WBxx_HAL_Driver/Src/stm32wbxx_hal_ipcc.c ****    */
 234:Drivers/STM32WBxx_HAL_Driver/Src/stm32wbxx_hal_ipcc.c **** }
 235:Drivers/STM32WBxx_HAL_Driver/Src/stm32wbxx_hal_ipcc.c **** 
 236:Drivers/STM32WBxx_HAL_Driver/Src/stm32wbxx_hal_ipcc.c **** /**
 237:Drivers/STM32WBxx_HAL_Driver/Src/stm32wbxx_hal_ipcc.c ****   * @}
 238:Drivers/STM32WBxx_HAL_Driver/Src/stm32wbxx_hal_ipcc.c ****   */
 239:Drivers/STM32WBxx_HAL_Driver/Src/stm32wbxx_hal_ipcc.c **** 
 240:Drivers/STM32WBxx_HAL_Driver/Src/stm32wbxx_hal_ipcc.c **** 
 241:Drivers/STM32WBxx_HAL_Driver/Src/stm32wbxx_hal_ipcc.c **** /** @addtogroup IPCC_Exported_Functions_Group2
 242:Drivers/STM32WBxx_HAL_Driver/Src/stm32wbxx_hal_ipcc.c ****   *  @brief    Configuration, notification and Irq handling functions.
 243:Drivers/STM32WBxx_HAL_Driver/Src/stm32wbxx_hal_ipcc.c ****   *
 244:Drivers/STM32WBxx_HAL_Driver/Src/stm32wbxx_hal_ipcc.c **** @verbatim
 245:Drivers/STM32WBxx_HAL_Driver/Src/stm32wbxx_hal_ipcc.c ****  ===============================================================================
 246:Drivers/STM32WBxx_HAL_Driver/Src/stm32wbxx_hal_ipcc.c ****               ##### IO operation functions #####
 247:Drivers/STM32WBxx_HAL_Driver/Src/stm32wbxx_hal_ipcc.c ****  ===============================================================================
 248:Drivers/STM32WBxx_HAL_Driver/Src/stm32wbxx_hal_ipcc.c ****     [..]  This section provides functions to allow two MCU to communicate.
 249:Drivers/STM32WBxx_HAL_Driver/Src/stm32wbxx_hal_ipcc.c **** 
 250:Drivers/STM32WBxx_HAL_Driver/Src/stm32wbxx_hal_ipcc.c ****     (#) For a given channel (from 0 to IPCC_CHANNEL_NUMBER), for a given direction
 251:Drivers/STM32WBxx_HAL_Driver/Src/stm32wbxx_hal_ipcc.c ****         IPCC_CHANNEL_DIR_TX or IPCC_CHANNEL_DIR_RX, you can choose to communicate
 252:Drivers/STM32WBxx_HAL_Driver/Src/stm32wbxx_hal_ipcc.c ****         in polling mode or in interrupt mode using IPCC.
 253:Drivers/STM32WBxx_HAL_Driver/Src/stm32wbxx_hal_ipcc.c ****         By default, the IPCC HAL driver handle the communication in polling mode.
 254:Drivers/STM32WBxx_HAL_Driver/Src/stm32wbxx_hal_ipcc.c ****         By setting a callback for a channel/direction, this communication use
 255:Drivers/STM32WBxx_HAL_Driver/Src/stm32wbxx_hal_ipcc.c ****         the interrupt mode.
 256:Drivers/STM32WBxx_HAL_Driver/Src/stm32wbxx_hal_ipcc.c **** 
 257:Drivers/STM32WBxx_HAL_Driver/Src/stm32wbxx_hal_ipcc.c ****     (#) Polling mode:
ARM GAS  /var/folders/98/ctz5mtps7w71v8dr53cf5qg40000gn/T//ccN8oykb.s 			page 6


 258:Drivers/STM32WBxx_HAL_Driver/Src/stm32wbxx_hal_ipcc.c ****        (++) To transmit information, use HAL_IPCC_NotifyCPU() with
 259:Drivers/STM32WBxx_HAL_Driver/Src/stm32wbxx_hal_ipcc.c ****             IPCC_CHANNEL_DIR_TX. To know when the other processor has handled
 260:Drivers/STM32WBxx_HAL_Driver/Src/stm32wbxx_hal_ipcc.c ****             the notification, poll the communication using HAL_IPCC_NotifyCPU
 261:Drivers/STM32WBxx_HAL_Driver/Src/stm32wbxx_hal_ipcc.c ****             with IPCC_CHANNEL_DIR_TX.
 262:Drivers/STM32WBxx_HAL_Driver/Src/stm32wbxx_hal_ipcc.c **** 
 263:Drivers/STM32WBxx_HAL_Driver/Src/stm32wbxx_hal_ipcc.c ****        (++) To receive information, poll the status of the communication with
 264:Drivers/STM32WBxx_HAL_Driver/Src/stm32wbxx_hal_ipcc.c ****             HAL_IPCC_GetChannelStatus with IPCC_CHANNEL_DIR_RX. To notify the other
 265:Drivers/STM32WBxx_HAL_Driver/Src/stm32wbxx_hal_ipcc.c ****             processor that the information has been received, use HAL_IPCC_NotifyCPU
 266:Drivers/STM32WBxx_HAL_Driver/Src/stm32wbxx_hal_ipcc.c ****             with IPCC_CHANNEL_DIR_RX.
 267:Drivers/STM32WBxx_HAL_Driver/Src/stm32wbxx_hal_ipcc.c **** 
 268:Drivers/STM32WBxx_HAL_Driver/Src/stm32wbxx_hal_ipcc.c ****     (#) Interrupt mode:
 269:Drivers/STM32WBxx_HAL_Driver/Src/stm32wbxx_hal_ipcc.c ****        (++) Configure a callback for the channel and the direction using HAL_IPCC_ConfigChannel().
 270:Drivers/STM32WBxx_HAL_Driver/Src/stm32wbxx_hal_ipcc.c ****             This callback will be triggered under interrupt.
 271:Drivers/STM32WBxx_HAL_Driver/Src/stm32wbxx_hal_ipcc.c **** 
 272:Drivers/STM32WBxx_HAL_Driver/Src/stm32wbxx_hal_ipcc.c ****        (++) To transmit information, use HAL_IPCC_NotifyCPU() with
 273:Drivers/STM32WBxx_HAL_Driver/Src/stm32wbxx_hal_ipcc.c ****             IPCC_CHANNEL_DIR_TX. The callback configured with HAL_IPCC_ConfigChannel() and
 274:Drivers/STM32WBxx_HAL_Driver/Src/stm32wbxx_hal_ipcc.c ****             IPCC_CHANNEL_DIR_TX will be triggered once the communication has been handled by the
 275:Drivers/STM32WBxx_HAL_Driver/Src/stm32wbxx_hal_ipcc.c ****             other processor.
 276:Drivers/STM32WBxx_HAL_Driver/Src/stm32wbxx_hal_ipcc.c **** 
 277:Drivers/STM32WBxx_HAL_Driver/Src/stm32wbxx_hal_ipcc.c ****        (++) To receive information, the callback configured with HAL_IPCC_ConfigChannel() and
 278:Drivers/STM32WBxx_HAL_Driver/Src/stm32wbxx_hal_ipcc.c ****             IPCC_CHANNEL_DIR_RX will be triggered on reception of a communication.To notify the oth
 279:Drivers/STM32WBxx_HAL_Driver/Src/stm32wbxx_hal_ipcc.c ****             processor that the information has been received, use HAL_IPCC_NotifyCPU
 280:Drivers/STM32WBxx_HAL_Driver/Src/stm32wbxx_hal_ipcc.c ****             with IPCC_CHANNEL_DIR_RX.
 281:Drivers/STM32WBxx_HAL_Driver/Src/stm32wbxx_hal_ipcc.c **** 
 282:Drivers/STM32WBxx_HAL_Driver/Src/stm32wbxx_hal_ipcc.c ****        (++) HAL_IPCC_TX_IRQHandler must be added to the IPCC TX IRQHandler
 283:Drivers/STM32WBxx_HAL_Driver/Src/stm32wbxx_hal_ipcc.c **** 
 284:Drivers/STM32WBxx_HAL_Driver/Src/stm32wbxx_hal_ipcc.c ****        (++) HAL_IPCC_RX_IRQHandler must be added to the IPCC RX IRQHandler
 285:Drivers/STM32WBxx_HAL_Driver/Src/stm32wbxx_hal_ipcc.c **** @endverbatim
 286:Drivers/STM32WBxx_HAL_Driver/Src/stm32wbxx_hal_ipcc.c ****   * @{
 287:Drivers/STM32WBxx_HAL_Driver/Src/stm32wbxx_hal_ipcc.c ****   */
 288:Drivers/STM32WBxx_HAL_Driver/Src/stm32wbxx_hal_ipcc.c **** 
 289:Drivers/STM32WBxx_HAL_Driver/Src/stm32wbxx_hal_ipcc.c **** /**
 290:Drivers/STM32WBxx_HAL_Driver/Src/stm32wbxx_hal_ipcc.c ****   * @brief  Activate the callback notification on receive/transmit interrupt
 291:Drivers/STM32WBxx_HAL_Driver/Src/stm32wbxx_hal_ipcc.c ****   * @param  hipcc IPCC handle
 292:Drivers/STM32WBxx_HAL_Driver/Src/stm32wbxx_hal_ipcc.c ****   * @param  ChannelIndex Channel number
 293:Drivers/STM32WBxx_HAL_Driver/Src/stm32wbxx_hal_ipcc.c ****   *          This parameter can be one of the following values:
 294:Drivers/STM32WBxx_HAL_Driver/Src/stm32wbxx_hal_ipcc.c ****   *            @arg IPCC_CHANNEL_1: IPCC Channel 1
 295:Drivers/STM32WBxx_HAL_Driver/Src/stm32wbxx_hal_ipcc.c ****   *            @arg IPCC_CHANNEL_2: IPCC Channel 2
 296:Drivers/STM32WBxx_HAL_Driver/Src/stm32wbxx_hal_ipcc.c ****   *            @arg IPCC_CHANNEL_3: IPCC Channel 3
 297:Drivers/STM32WBxx_HAL_Driver/Src/stm32wbxx_hal_ipcc.c ****   *            @arg IPCC_CHANNEL_4: IPCC Channel 4
 298:Drivers/STM32WBxx_HAL_Driver/Src/stm32wbxx_hal_ipcc.c ****   *            @arg IPCC_CHANNEL_5: IPCC Channel 5
 299:Drivers/STM32WBxx_HAL_Driver/Src/stm32wbxx_hal_ipcc.c ****   *            @arg IPCC_CHANNEL_6: IPCC Channel 6
 300:Drivers/STM32WBxx_HAL_Driver/Src/stm32wbxx_hal_ipcc.c ****   * @param  ChannelDir Channel direction
 301:Drivers/STM32WBxx_HAL_Driver/Src/stm32wbxx_hal_ipcc.c ****   * @param  cb Interrupt callback
 302:Drivers/STM32WBxx_HAL_Driver/Src/stm32wbxx_hal_ipcc.c ****   * @retval HAL status
 303:Drivers/STM32WBxx_HAL_Driver/Src/stm32wbxx_hal_ipcc.c ****   */
 304:Drivers/STM32WBxx_HAL_Driver/Src/stm32wbxx_hal_ipcc.c **** HAL_StatusTypeDef HAL_IPCC_ActivateNotification(IPCC_HandleTypeDef *hipcc,
 305:Drivers/STM32WBxx_HAL_Driver/Src/stm32wbxx_hal_ipcc.c ****                                                 uint32_t ChannelIndex, IPCC_CHANNELDirTypeDef Chann
 306:Drivers/STM32WBxx_HAL_Driver/Src/stm32wbxx_hal_ipcc.c ****                                                 ChannelCb cb)
 307:Drivers/STM32WBxx_HAL_Driver/Src/stm32wbxx_hal_ipcc.c **** {
 308:Drivers/STM32WBxx_HAL_Driver/Src/stm32wbxx_hal_ipcc.c ****   HAL_StatusTypeDef err = HAL_OK;
 309:Drivers/STM32WBxx_HAL_Driver/Src/stm32wbxx_hal_ipcc.c **** 
 310:Drivers/STM32WBxx_HAL_Driver/Src/stm32wbxx_hal_ipcc.c ****   /* Check the IPCC handle allocation */
 311:Drivers/STM32WBxx_HAL_Driver/Src/stm32wbxx_hal_ipcc.c ****   if (hipcc != NULL)
 312:Drivers/STM32WBxx_HAL_Driver/Src/stm32wbxx_hal_ipcc.c ****   {
 313:Drivers/STM32WBxx_HAL_Driver/Src/stm32wbxx_hal_ipcc.c ****     /* Check the parameters */
 314:Drivers/STM32WBxx_HAL_Driver/Src/stm32wbxx_hal_ipcc.c ****     assert_param(IS_IPCC_ALL_INSTANCE(hipcc->Instance));
ARM GAS  /var/folders/98/ctz5mtps7w71v8dr53cf5qg40000gn/T//ccN8oykb.s 			page 7


 315:Drivers/STM32WBxx_HAL_Driver/Src/stm32wbxx_hal_ipcc.c **** 
 316:Drivers/STM32WBxx_HAL_Driver/Src/stm32wbxx_hal_ipcc.c ****     /* Check IPCC state */
 317:Drivers/STM32WBxx_HAL_Driver/Src/stm32wbxx_hal_ipcc.c ****     if (hipcc->State == HAL_IPCC_STATE_READY)
 318:Drivers/STM32WBxx_HAL_Driver/Src/stm32wbxx_hal_ipcc.c ****     {
 319:Drivers/STM32WBxx_HAL_Driver/Src/stm32wbxx_hal_ipcc.c ****       /* Set callback and register masking information */
 320:Drivers/STM32WBxx_HAL_Driver/Src/stm32wbxx_hal_ipcc.c ****       if (ChannelDir == IPCC_CHANNEL_DIR_TX)
 321:Drivers/STM32WBxx_HAL_Driver/Src/stm32wbxx_hal_ipcc.c ****       {
 322:Drivers/STM32WBxx_HAL_Driver/Src/stm32wbxx_hal_ipcc.c ****         hipcc->ChannelCallbackTx[ChannelIndex] = cb;
 323:Drivers/STM32WBxx_HAL_Driver/Src/stm32wbxx_hal_ipcc.c ****         hipcc->callbackRequest |= (IPCC_MR_CH1FM_Msk << (ChannelIndex & CHANNEL_INDEX_MASK));
 324:Drivers/STM32WBxx_HAL_Driver/Src/stm32wbxx_hal_ipcc.c ****       }
 325:Drivers/STM32WBxx_HAL_Driver/Src/stm32wbxx_hal_ipcc.c ****       else
 326:Drivers/STM32WBxx_HAL_Driver/Src/stm32wbxx_hal_ipcc.c ****       {
 327:Drivers/STM32WBxx_HAL_Driver/Src/stm32wbxx_hal_ipcc.c ****         hipcc->ChannelCallbackRx[ChannelIndex] = cb;
 328:Drivers/STM32WBxx_HAL_Driver/Src/stm32wbxx_hal_ipcc.c ****         hipcc->callbackRequest |= (IPCC_MR_CH1OM_Msk << (ChannelIndex & CHANNEL_INDEX_MASK));
 329:Drivers/STM32WBxx_HAL_Driver/Src/stm32wbxx_hal_ipcc.c ****       }
 330:Drivers/STM32WBxx_HAL_Driver/Src/stm32wbxx_hal_ipcc.c **** 
 331:Drivers/STM32WBxx_HAL_Driver/Src/stm32wbxx_hal_ipcc.c ****       /* Unmask only the channels in reception (Transmission channel mask/unmask is done in HAL_IPC
 332:Drivers/STM32WBxx_HAL_Driver/Src/stm32wbxx_hal_ipcc.c ****       if (ChannelDir == IPCC_CHANNEL_DIR_RX)
 333:Drivers/STM32WBxx_HAL_Driver/Src/stm32wbxx_hal_ipcc.c ****       {
 334:Drivers/STM32WBxx_HAL_Driver/Src/stm32wbxx_hal_ipcc.c ****         IPCC_UnmaskInterrupt(ChannelIndex, ChannelDir);
 335:Drivers/STM32WBxx_HAL_Driver/Src/stm32wbxx_hal_ipcc.c ****       }
 336:Drivers/STM32WBxx_HAL_Driver/Src/stm32wbxx_hal_ipcc.c ****     }
 337:Drivers/STM32WBxx_HAL_Driver/Src/stm32wbxx_hal_ipcc.c ****     else
 338:Drivers/STM32WBxx_HAL_Driver/Src/stm32wbxx_hal_ipcc.c ****     {
 339:Drivers/STM32WBxx_HAL_Driver/Src/stm32wbxx_hal_ipcc.c ****       err = HAL_ERROR;
 340:Drivers/STM32WBxx_HAL_Driver/Src/stm32wbxx_hal_ipcc.c ****     }
 341:Drivers/STM32WBxx_HAL_Driver/Src/stm32wbxx_hal_ipcc.c ****   }
 342:Drivers/STM32WBxx_HAL_Driver/Src/stm32wbxx_hal_ipcc.c ****   else
 343:Drivers/STM32WBxx_HAL_Driver/Src/stm32wbxx_hal_ipcc.c ****   {
 344:Drivers/STM32WBxx_HAL_Driver/Src/stm32wbxx_hal_ipcc.c ****     err = HAL_ERROR;
 345:Drivers/STM32WBxx_HAL_Driver/Src/stm32wbxx_hal_ipcc.c ****   }
 346:Drivers/STM32WBxx_HAL_Driver/Src/stm32wbxx_hal_ipcc.c ****   return err;
 347:Drivers/STM32WBxx_HAL_Driver/Src/stm32wbxx_hal_ipcc.c **** }
 348:Drivers/STM32WBxx_HAL_Driver/Src/stm32wbxx_hal_ipcc.c **** 
 349:Drivers/STM32WBxx_HAL_Driver/Src/stm32wbxx_hal_ipcc.c **** /**
 350:Drivers/STM32WBxx_HAL_Driver/Src/stm32wbxx_hal_ipcc.c ****   * @brief  Remove the callback notification on receive/transmit interrupt
 351:Drivers/STM32WBxx_HAL_Driver/Src/stm32wbxx_hal_ipcc.c ****   * @param  hipcc IPCC handle
 352:Drivers/STM32WBxx_HAL_Driver/Src/stm32wbxx_hal_ipcc.c ****   * @param  ChannelIndex Channel number
 353:Drivers/STM32WBxx_HAL_Driver/Src/stm32wbxx_hal_ipcc.c ****   *          This parameter can be one of the following values:
 354:Drivers/STM32WBxx_HAL_Driver/Src/stm32wbxx_hal_ipcc.c ****   *            @arg IPCC_CHANNEL_1: IPCC Channel 1
 355:Drivers/STM32WBxx_HAL_Driver/Src/stm32wbxx_hal_ipcc.c ****   *            @arg IPCC_CHANNEL_2: IPCC Channel 2
 356:Drivers/STM32WBxx_HAL_Driver/Src/stm32wbxx_hal_ipcc.c ****   *            @arg IPCC_CHANNEL_3: IPCC Channel 3
 357:Drivers/STM32WBxx_HAL_Driver/Src/stm32wbxx_hal_ipcc.c ****   *            @arg IPCC_CHANNEL_4: IPCC Channel 4
 358:Drivers/STM32WBxx_HAL_Driver/Src/stm32wbxx_hal_ipcc.c ****   *            @arg IPCC_CHANNEL_5: IPCC Channel 5
 359:Drivers/STM32WBxx_HAL_Driver/Src/stm32wbxx_hal_ipcc.c ****   *            @arg IPCC_CHANNEL_6: IPCC Channel 6
 360:Drivers/STM32WBxx_HAL_Driver/Src/stm32wbxx_hal_ipcc.c ****   * @param  ChannelDir Channel direction
 361:Drivers/STM32WBxx_HAL_Driver/Src/stm32wbxx_hal_ipcc.c ****   * @retval HAL status
 362:Drivers/STM32WBxx_HAL_Driver/Src/stm32wbxx_hal_ipcc.c ****   */
 363:Drivers/STM32WBxx_HAL_Driver/Src/stm32wbxx_hal_ipcc.c **** HAL_StatusTypeDef HAL_IPCC_DeActivateNotification(IPCC_HandleTypeDef *hipcc,
 364:Drivers/STM32WBxx_HAL_Driver/Src/stm32wbxx_hal_ipcc.c ****                                                   uint32_t ChannelIndex, IPCC_CHANNELDirTypeDef Cha
 365:Drivers/STM32WBxx_HAL_Driver/Src/stm32wbxx_hal_ipcc.c **** {
 366:Drivers/STM32WBxx_HAL_Driver/Src/stm32wbxx_hal_ipcc.c ****   HAL_StatusTypeDef err = HAL_OK;
 367:Drivers/STM32WBxx_HAL_Driver/Src/stm32wbxx_hal_ipcc.c **** 
 368:Drivers/STM32WBxx_HAL_Driver/Src/stm32wbxx_hal_ipcc.c ****   /* Check the IPCC handle allocation */
 369:Drivers/STM32WBxx_HAL_Driver/Src/stm32wbxx_hal_ipcc.c ****   if (hipcc != NULL)
 370:Drivers/STM32WBxx_HAL_Driver/Src/stm32wbxx_hal_ipcc.c ****   {
 371:Drivers/STM32WBxx_HAL_Driver/Src/stm32wbxx_hal_ipcc.c ****     /* Check the parameters */
ARM GAS  /var/folders/98/ctz5mtps7w71v8dr53cf5qg40000gn/T//ccN8oykb.s 			page 8


 372:Drivers/STM32WBxx_HAL_Driver/Src/stm32wbxx_hal_ipcc.c ****     assert_param(IS_IPCC_ALL_INSTANCE(hipcc->Instance));
 373:Drivers/STM32WBxx_HAL_Driver/Src/stm32wbxx_hal_ipcc.c **** 
 374:Drivers/STM32WBxx_HAL_Driver/Src/stm32wbxx_hal_ipcc.c ****     /* Check IPCC state */
 375:Drivers/STM32WBxx_HAL_Driver/Src/stm32wbxx_hal_ipcc.c ****     if (hipcc->State == HAL_IPCC_STATE_READY)
 376:Drivers/STM32WBxx_HAL_Driver/Src/stm32wbxx_hal_ipcc.c ****     {
 377:Drivers/STM32WBxx_HAL_Driver/Src/stm32wbxx_hal_ipcc.c ****       /* Set default callback and register masking information */
 378:Drivers/STM32WBxx_HAL_Driver/Src/stm32wbxx_hal_ipcc.c ****       if (ChannelDir == IPCC_CHANNEL_DIR_TX)
 379:Drivers/STM32WBxx_HAL_Driver/Src/stm32wbxx_hal_ipcc.c ****       {
 380:Drivers/STM32WBxx_HAL_Driver/Src/stm32wbxx_hal_ipcc.c ****         hipcc->ChannelCallbackTx[ChannelIndex] = HAL_IPCC_TxCallback;
 381:Drivers/STM32WBxx_HAL_Driver/Src/stm32wbxx_hal_ipcc.c ****         hipcc->callbackRequest &= ~(IPCC_MR_CH1FM_Msk << (ChannelIndex & CHANNEL_INDEX_MASK));
 382:Drivers/STM32WBxx_HAL_Driver/Src/stm32wbxx_hal_ipcc.c ****       }
 383:Drivers/STM32WBxx_HAL_Driver/Src/stm32wbxx_hal_ipcc.c ****       else
 384:Drivers/STM32WBxx_HAL_Driver/Src/stm32wbxx_hal_ipcc.c ****       {
 385:Drivers/STM32WBxx_HAL_Driver/Src/stm32wbxx_hal_ipcc.c ****         hipcc->ChannelCallbackRx[ChannelIndex] = HAL_IPCC_RxCallback;
 386:Drivers/STM32WBxx_HAL_Driver/Src/stm32wbxx_hal_ipcc.c ****         hipcc->callbackRequest &= ~(IPCC_MR_CH1OM_Msk << (ChannelIndex & CHANNEL_INDEX_MASK));
 387:Drivers/STM32WBxx_HAL_Driver/Src/stm32wbxx_hal_ipcc.c ****       }
 388:Drivers/STM32WBxx_HAL_Driver/Src/stm32wbxx_hal_ipcc.c **** 
 389:Drivers/STM32WBxx_HAL_Driver/Src/stm32wbxx_hal_ipcc.c ****       /* Mask the interrupt */
 390:Drivers/STM32WBxx_HAL_Driver/Src/stm32wbxx_hal_ipcc.c ****       IPCC_MaskInterrupt(ChannelIndex, ChannelDir);
 391:Drivers/STM32WBxx_HAL_Driver/Src/stm32wbxx_hal_ipcc.c ****     }
 392:Drivers/STM32WBxx_HAL_Driver/Src/stm32wbxx_hal_ipcc.c ****     else
 393:Drivers/STM32WBxx_HAL_Driver/Src/stm32wbxx_hal_ipcc.c ****     {
 394:Drivers/STM32WBxx_HAL_Driver/Src/stm32wbxx_hal_ipcc.c ****       err = HAL_ERROR;
 395:Drivers/STM32WBxx_HAL_Driver/Src/stm32wbxx_hal_ipcc.c ****     }
 396:Drivers/STM32WBxx_HAL_Driver/Src/stm32wbxx_hal_ipcc.c ****   }
 397:Drivers/STM32WBxx_HAL_Driver/Src/stm32wbxx_hal_ipcc.c ****   else
 398:Drivers/STM32WBxx_HAL_Driver/Src/stm32wbxx_hal_ipcc.c ****   {
 399:Drivers/STM32WBxx_HAL_Driver/Src/stm32wbxx_hal_ipcc.c ****     err = HAL_ERROR;
 400:Drivers/STM32WBxx_HAL_Driver/Src/stm32wbxx_hal_ipcc.c ****   }
 401:Drivers/STM32WBxx_HAL_Driver/Src/stm32wbxx_hal_ipcc.c ****   return err;
 402:Drivers/STM32WBxx_HAL_Driver/Src/stm32wbxx_hal_ipcc.c **** }
 403:Drivers/STM32WBxx_HAL_Driver/Src/stm32wbxx_hal_ipcc.c **** 
 404:Drivers/STM32WBxx_HAL_Driver/Src/stm32wbxx_hal_ipcc.c **** /**
 405:Drivers/STM32WBxx_HAL_Driver/Src/stm32wbxx_hal_ipcc.c ****   * @brief  Get state of IPCC channel
 406:Drivers/STM32WBxx_HAL_Driver/Src/stm32wbxx_hal_ipcc.c ****   * @param  hipcc IPCC handle
 407:Drivers/STM32WBxx_HAL_Driver/Src/stm32wbxx_hal_ipcc.c ****   * @param  ChannelIndex Channel number
 408:Drivers/STM32WBxx_HAL_Driver/Src/stm32wbxx_hal_ipcc.c ****   *          This parameter can be one of the following values:
 409:Drivers/STM32WBxx_HAL_Driver/Src/stm32wbxx_hal_ipcc.c ****   *            @arg IPCC_CHANNEL_1: IPCC Channel 1
 410:Drivers/STM32WBxx_HAL_Driver/Src/stm32wbxx_hal_ipcc.c ****   *            @arg IPCC_CHANNEL_2: IPCC Channel 2
 411:Drivers/STM32WBxx_HAL_Driver/Src/stm32wbxx_hal_ipcc.c ****   *            @arg IPCC_CHANNEL_3: IPCC Channel 3
 412:Drivers/STM32WBxx_HAL_Driver/Src/stm32wbxx_hal_ipcc.c ****   *            @arg IPCC_CHANNEL_4: IPCC Channel 4
 413:Drivers/STM32WBxx_HAL_Driver/Src/stm32wbxx_hal_ipcc.c ****   *            @arg IPCC_CHANNEL_5: IPCC Channel 5
 414:Drivers/STM32WBxx_HAL_Driver/Src/stm32wbxx_hal_ipcc.c ****   *            @arg IPCC_CHANNEL_6: IPCC Channel 6
 415:Drivers/STM32WBxx_HAL_Driver/Src/stm32wbxx_hal_ipcc.c ****   * @param  ChannelDir Channel direction
 416:Drivers/STM32WBxx_HAL_Driver/Src/stm32wbxx_hal_ipcc.c ****   * @retval Channel status
 417:Drivers/STM32WBxx_HAL_Driver/Src/stm32wbxx_hal_ipcc.c ****   */
 418:Drivers/STM32WBxx_HAL_Driver/Src/stm32wbxx_hal_ipcc.c **** IPCC_CHANNELStatusTypeDef HAL_IPCC_GetChannelStatus(IPCC_HandleTypeDef const *const hipcc,
 419:Drivers/STM32WBxx_HAL_Driver/Src/stm32wbxx_hal_ipcc.c ****                                                     uint32_t ChannelIndex, IPCC_CHANNELDirTypeDef C
 420:Drivers/STM32WBxx_HAL_Driver/Src/stm32wbxx_hal_ipcc.c **** {
 421:Drivers/STM32WBxx_HAL_Driver/Src/stm32wbxx_hal_ipcc.c ****   uint32_t channel_state;
 422:Drivers/STM32WBxx_HAL_Driver/Src/stm32wbxx_hal_ipcc.c ****   IPCC_CommonTypeDef *currentInstance = IPCC_C1;
 423:Drivers/STM32WBxx_HAL_Driver/Src/stm32wbxx_hal_ipcc.c ****   IPCC_CommonTypeDef *otherInstance = IPCC_C2;
 424:Drivers/STM32WBxx_HAL_Driver/Src/stm32wbxx_hal_ipcc.c **** 
 425:Drivers/STM32WBxx_HAL_Driver/Src/stm32wbxx_hal_ipcc.c ****   /* Check the parameters */
 426:Drivers/STM32WBxx_HAL_Driver/Src/stm32wbxx_hal_ipcc.c ****   assert_param(IS_IPCC_ALL_INSTANCE(hipcc->Instance));
 427:Drivers/STM32WBxx_HAL_Driver/Src/stm32wbxx_hal_ipcc.c **** 
 428:Drivers/STM32WBxx_HAL_Driver/Src/stm32wbxx_hal_ipcc.c ****   /* Read corresponding channel depending of the MCU and the direction */
ARM GAS  /var/folders/98/ctz5mtps7w71v8dr53cf5qg40000gn/T//ccN8oykb.s 			page 9


 429:Drivers/STM32WBxx_HAL_Driver/Src/stm32wbxx_hal_ipcc.c ****   if (ChannelDir == IPCC_CHANNEL_DIR_TX)
 430:Drivers/STM32WBxx_HAL_Driver/Src/stm32wbxx_hal_ipcc.c ****   {
 431:Drivers/STM32WBxx_HAL_Driver/Src/stm32wbxx_hal_ipcc.c ****     channel_state = (currentInstance->SR) & (IPCC_SR_CH1F_Msk << (ChannelIndex & CHANNEL_INDEX_MASK
 432:Drivers/STM32WBxx_HAL_Driver/Src/stm32wbxx_hal_ipcc.c ****   }
 433:Drivers/STM32WBxx_HAL_Driver/Src/stm32wbxx_hal_ipcc.c ****   else
 434:Drivers/STM32WBxx_HAL_Driver/Src/stm32wbxx_hal_ipcc.c ****   {
 435:Drivers/STM32WBxx_HAL_Driver/Src/stm32wbxx_hal_ipcc.c ****     channel_state = (otherInstance->SR) & (IPCC_SR_CH1F_Msk << (ChannelIndex & CHANNEL_INDEX_MASK))
 436:Drivers/STM32WBxx_HAL_Driver/Src/stm32wbxx_hal_ipcc.c ****   }
 437:Drivers/STM32WBxx_HAL_Driver/Src/stm32wbxx_hal_ipcc.c **** 
 438:Drivers/STM32WBxx_HAL_Driver/Src/stm32wbxx_hal_ipcc.c ****   return (channel_state == 0UL) ? IPCC_CHANNEL_STATUS_FREE : IPCC_CHANNEL_STATUS_OCCUPIED ;
 439:Drivers/STM32WBxx_HAL_Driver/Src/stm32wbxx_hal_ipcc.c **** }
 440:Drivers/STM32WBxx_HAL_Driver/Src/stm32wbxx_hal_ipcc.c **** 
 441:Drivers/STM32WBxx_HAL_Driver/Src/stm32wbxx_hal_ipcc.c **** /**
 442:Drivers/STM32WBxx_HAL_Driver/Src/stm32wbxx_hal_ipcc.c ****   * @brief  Notify remote processor
 443:Drivers/STM32WBxx_HAL_Driver/Src/stm32wbxx_hal_ipcc.c ****   * @param  hipcc IPCC handle
 444:Drivers/STM32WBxx_HAL_Driver/Src/stm32wbxx_hal_ipcc.c ****   * @param  ChannelIndex Channel number
 445:Drivers/STM32WBxx_HAL_Driver/Src/stm32wbxx_hal_ipcc.c ****   *          This parameter can be one of the following values:
 446:Drivers/STM32WBxx_HAL_Driver/Src/stm32wbxx_hal_ipcc.c ****   *            @arg IPCC_CHANNEL_1: IPCC Channel 1
 447:Drivers/STM32WBxx_HAL_Driver/Src/stm32wbxx_hal_ipcc.c ****   *            @arg IPCC_CHANNEL_2: IPCC Channel 2
 448:Drivers/STM32WBxx_HAL_Driver/Src/stm32wbxx_hal_ipcc.c ****   *            @arg IPCC_CHANNEL_3: IPCC Channel 3
 449:Drivers/STM32WBxx_HAL_Driver/Src/stm32wbxx_hal_ipcc.c ****   *            @arg IPCC_CHANNEL_4: IPCC Channel 4
 450:Drivers/STM32WBxx_HAL_Driver/Src/stm32wbxx_hal_ipcc.c ****   *            @arg IPCC_CHANNEL_5: IPCC Channel 5
 451:Drivers/STM32WBxx_HAL_Driver/Src/stm32wbxx_hal_ipcc.c ****   *            @arg IPCC_CHANNEL_6: IPCC Channel 6
 452:Drivers/STM32WBxx_HAL_Driver/Src/stm32wbxx_hal_ipcc.c ****   * @param  ChannelDir Channel direction
 453:Drivers/STM32WBxx_HAL_Driver/Src/stm32wbxx_hal_ipcc.c ****   * @retval HAL status
 454:Drivers/STM32WBxx_HAL_Driver/Src/stm32wbxx_hal_ipcc.c ****   */
 455:Drivers/STM32WBxx_HAL_Driver/Src/stm32wbxx_hal_ipcc.c **** HAL_StatusTypeDef HAL_IPCC_NotifyCPU(IPCC_HandleTypeDef const *const hipcc,
 456:Drivers/STM32WBxx_HAL_Driver/Src/stm32wbxx_hal_ipcc.c ****                                      uint32_t ChannelIndex, IPCC_CHANNELDirTypeDef ChannelDir)
 457:Drivers/STM32WBxx_HAL_Driver/Src/stm32wbxx_hal_ipcc.c **** {
 458:Drivers/STM32WBxx_HAL_Driver/Src/stm32wbxx_hal_ipcc.c ****   HAL_StatusTypeDef err = HAL_OK;
 459:Drivers/STM32WBxx_HAL_Driver/Src/stm32wbxx_hal_ipcc.c ****   uint32_t mask;
 460:Drivers/STM32WBxx_HAL_Driver/Src/stm32wbxx_hal_ipcc.c ****   IPCC_CommonTypeDef *currentInstance = IPCC_C1;
 461:Drivers/STM32WBxx_HAL_Driver/Src/stm32wbxx_hal_ipcc.c **** 
 462:Drivers/STM32WBxx_HAL_Driver/Src/stm32wbxx_hal_ipcc.c ****   /* Check the parameters */
 463:Drivers/STM32WBxx_HAL_Driver/Src/stm32wbxx_hal_ipcc.c ****   assert_param(IS_IPCC_ALL_INSTANCE(hipcc->Instance));
 464:Drivers/STM32WBxx_HAL_Driver/Src/stm32wbxx_hal_ipcc.c **** 
 465:Drivers/STM32WBxx_HAL_Driver/Src/stm32wbxx_hal_ipcc.c ****   /* Check if IPCC is initialized */
 466:Drivers/STM32WBxx_HAL_Driver/Src/stm32wbxx_hal_ipcc.c ****   if (hipcc->State == HAL_IPCC_STATE_READY)
 467:Drivers/STM32WBxx_HAL_Driver/Src/stm32wbxx_hal_ipcc.c ****   {
 468:Drivers/STM32WBxx_HAL_Driver/Src/stm32wbxx_hal_ipcc.c ****     /* For IPCC_CHANNEL_DIR_TX, set the status. For IPCC_CHANNEL_DIR_RX, clear the status */
 469:Drivers/STM32WBxx_HAL_Driver/Src/stm32wbxx_hal_ipcc.c ****     currentInstance->SCR |= ((ChannelDir == IPCC_CHANNEL_DIR_TX) ? IPCC_SCR_CH1S :
 470:Drivers/STM32WBxx_HAL_Driver/Src/stm32wbxx_hal_ipcc.c ****                              IPCC_SCR_CH1C)
 471:Drivers/STM32WBxx_HAL_Driver/Src/stm32wbxx_hal_ipcc.c ****                             << (ChannelIndex & CHANNEL_INDEX_MASK);
 472:Drivers/STM32WBxx_HAL_Driver/Src/stm32wbxx_hal_ipcc.c **** 
 473:Drivers/STM32WBxx_HAL_Driver/Src/stm32wbxx_hal_ipcc.c ****     /* Unmask interrupt if the callback is requested */
 474:Drivers/STM32WBxx_HAL_Driver/Src/stm32wbxx_hal_ipcc.c ****     mask = ((ChannelDir == IPCC_CHANNEL_DIR_TX) ? IPCC_MR_CH1FM_Msk :
 475:Drivers/STM32WBxx_HAL_Driver/Src/stm32wbxx_hal_ipcc.c ****             IPCC_MR_CH1OM_Msk) << (ChannelIndex & CHANNEL_INDEX_MASK);
 476:Drivers/STM32WBxx_HAL_Driver/Src/stm32wbxx_hal_ipcc.c ****     if ((hipcc->callbackRequest & mask) == mask)
 477:Drivers/STM32WBxx_HAL_Driver/Src/stm32wbxx_hal_ipcc.c ****     {
 478:Drivers/STM32WBxx_HAL_Driver/Src/stm32wbxx_hal_ipcc.c ****       IPCC_UnmaskInterrupt(ChannelIndex, ChannelDir);
 479:Drivers/STM32WBxx_HAL_Driver/Src/stm32wbxx_hal_ipcc.c ****     }
 480:Drivers/STM32WBxx_HAL_Driver/Src/stm32wbxx_hal_ipcc.c ****   }
 481:Drivers/STM32WBxx_HAL_Driver/Src/stm32wbxx_hal_ipcc.c ****   else
 482:Drivers/STM32WBxx_HAL_Driver/Src/stm32wbxx_hal_ipcc.c ****   {
 483:Drivers/STM32WBxx_HAL_Driver/Src/stm32wbxx_hal_ipcc.c ****     err = HAL_ERROR;
 484:Drivers/STM32WBxx_HAL_Driver/Src/stm32wbxx_hal_ipcc.c ****   }
 485:Drivers/STM32WBxx_HAL_Driver/Src/stm32wbxx_hal_ipcc.c **** 
ARM GAS  /var/folders/98/ctz5mtps7w71v8dr53cf5qg40000gn/T//ccN8oykb.s 			page 10


 486:Drivers/STM32WBxx_HAL_Driver/Src/stm32wbxx_hal_ipcc.c ****   return err;
 487:Drivers/STM32WBxx_HAL_Driver/Src/stm32wbxx_hal_ipcc.c **** }
 488:Drivers/STM32WBxx_HAL_Driver/Src/stm32wbxx_hal_ipcc.c **** 
 489:Drivers/STM32WBxx_HAL_Driver/Src/stm32wbxx_hal_ipcc.c **** /**
 490:Drivers/STM32WBxx_HAL_Driver/Src/stm32wbxx_hal_ipcc.c ****   * @}
 491:Drivers/STM32WBxx_HAL_Driver/Src/stm32wbxx_hal_ipcc.c ****   */
 492:Drivers/STM32WBxx_HAL_Driver/Src/stm32wbxx_hal_ipcc.c **** 
 493:Drivers/STM32WBxx_HAL_Driver/Src/stm32wbxx_hal_ipcc.c **** /** @addtogroup IPCC_IRQ_Handler_and_Callbacks
 494:Drivers/STM32WBxx_HAL_Driver/Src/stm32wbxx_hal_ipcc.c ****   * @{
 495:Drivers/STM32WBxx_HAL_Driver/Src/stm32wbxx_hal_ipcc.c ****   */
 496:Drivers/STM32WBxx_HAL_Driver/Src/stm32wbxx_hal_ipcc.c **** 
 497:Drivers/STM32WBxx_HAL_Driver/Src/stm32wbxx_hal_ipcc.c **** /**
 498:Drivers/STM32WBxx_HAL_Driver/Src/stm32wbxx_hal_ipcc.c ****   * @brief  This function handles IPCC Tx Free interrupt request.
 499:Drivers/STM32WBxx_HAL_Driver/Src/stm32wbxx_hal_ipcc.c ****   * @param  hipcc IPCC handle
 500:Drivers/STM32WBxx_HAL_Driver/Src/stm32wbxx_hal_ipcc.c ****   * @retval None
 501:Drivers/STM32WBxx_HAL_Driver/Src/stm32wbxx_hal_ipcc.c ****   */
 502:Drivers/STM32WBxx_HAL_Driver/Src/stm32wbxx_hal_ipcc.c **** void HAL_IPCC_TX_IRQHandler(IPCC_HandleTypeDef *const hipcc)
 503:Drivers/STM32WBxx_HAL_Driver/Src/stm32wbxx_hal_ipcc.c **** {
 504:Drivers/STM32WBxx_HAL_Driver/Src/stm32wbxx_hal_ipcc.c ****   uint32_t irqmask;
 505:Drivers/STM32WBxx_HAL_Driver/Src/stm32wbxx_hal_ipcc.c ****   uint32_t bit_pos;
 506:Drivers/STM32WBxx_HAL_Driver/Src/stm32wbxx_hal_ipcc.c ****   uint32_t ch_count = 0U;
 507:Drivers/STM32WBxx_HAL_Driver/Src/stm32wbxx_hal_ipcc.c ****   IPCC_CommonTypeDef *currentInstance = IPCC_C1;
 508:Drivers/STM32WBxx_HAL_Driver/Src/stm32wbxx_hal_ipcc.c **** 
 509:Drivers/STM32WBxx_HAL_Driver/Src/stm32wbxx_hal_ipcc.c ****   /* check the Tx free channels which are not masked */
 510:Drivers/STM32WBxx_HAL_Driver/Src/stm32wbxx_hal_ipcc.c ****   irqmask = ~(currentInstance->MR) & IPCC_ALL_TX_BUF;
 511:Drivers/STM32WBxx_HAL_Driver/Src/stm32wbxx_hal_ipcc.c ****   irqmask = irqmask & ~(currentInstance->SR << IPCC_MR_CH1FM_Pos);
 512:Drivers/STM32WBxx_HAL_Driver/Src/stm32wbxx_hal_ipcc.c **** 
 513:Drivers/STM32WBxx_HAL_Driver/Src/stm32wbxx_hal_ipcc.c ****   while (irqmask != 0UL)  /* if several bits are set, it loops to serve all of them */
 514:Drivers/STM32WBxx_HAL_Driver/Src/stm32wbxx_hal_ipcc.c ****   {
 515:Drivers/STM32WBxx_HAL_Driver/Src/stm32wbxx_hal_ipcc.c ****     bit_pos = 1UL << (IPCC_MR_CH1FM_Pos + (ch_count & CHANNEL_INDEX_MASK));
 516:Drivers/STM32WBxx_HAL_Driver/Src/stm32wbxx_hal_ipcc.c **** 
 517:Drivers/STM32WBxx_HAL_Driver/Src/stm32wbxx_hal_ipcc.c ****     if ((irqmask & bit_pos) != 0U)
 518:Drivers/STM32WBxx_HAL_Driver/Src/stm32wbxx_hal_ipcc.c ****     {
 519:Drivers/STM32WBxx_HAL_Driver/Src/stm32wbxx_hal_ipcc.c ****       /* mask the channel Free interrupt  */
 520:Drivers/STM32WBxx_HAL_Driver/Src/stm32wbxx_hal_ipcc.c ****       currentInstance->MR |= bit_pos;
 521:Drivers/STM32WBxx_HAL_Driver/Src/stm32wbxx_hal_ipcc.c ****       if (hipcc->ChannelCallbackTx[ch_count] != NULL)
 522:Drivers/STM32WBxx_HAL_Driver/Src/stm32wbxx_hal_ipcc.c ****       {
 523:Drivers/STM32WBxx_HAL_Driver/Src/stm32wbxx_hal_ipcc.c ****         hipcc->ChannelCallbackTx[ch_count](hipcc, ch_count, IPCC_CHANNEL_DIR_TX);
 524:Drivers/STM32WBxx_HAL_Driver/Src/stm32wbxx_hal_ipcc.c ****       }
 525:Drivers/STM32WBxx_HAL_Driver/Src/stm32wbxx_hal_ipcc.c ****       irqmask =  irqmask & ~(bit_pos);
 526:Drivers/STM32WBxx_HAL_Driver/Src/stm32wbxx_hal_ipcc.c ****     }
 527:Drivers/STM32WBxx_HAL_Driver/Src/stm32wbxx_hal_ipcc.c ****     ch_count++;
 528:Drivers/STM32WBxx_HAL_Driver/Src/stm32wbxx_hal_ipcc.c ****   }
 529:Drivers/STM32WBxx_HAL_Driver/Src/stm32wbxx_hal_ipcc.c **** }
 530:Drivers/STM32WBxx_HAL_Driver/Src/stm32wbxx_hal_ipcc.c **** 
 531:Drivers/STM32WBxx_HAL_Driver/Src/stm32wbxx_hal_ipcc.c **** /**
 532:Drivers/STM32WBxx_HAL_Driver/Src/stm32wbxx_hal_ipcc.c ****   * @brief  This function handles IPCC Rx Occupied interrupt request.
 533:Drivers/STM32WBxx_HAL_Driver/Src/stm32wbxx_hal_ipcc.c ****   * @param  hipcc : IPCC handle
 534:Drivers/STM32WBxx_HAL_Driver/Src/stm32wbxx_hal_ipcc.c ****   * @retval None
 535:Drivers/STM32WBxx_HAL_Driver/Src/stm32wbxx_hal_ipcc.c ****   */
 536:Drivers/STM32WBxx_HAL_Driver/Src/stm32wbxx_hal_ipcc.c **** void HAL_IPCC_RX_IRQHandler(IPCC_HandleTypeDef *const hipcc)
 537:Drivers/STM32WBxx_HAL_Driver/Src/stm32wbxx_hal_ipcc.c **** {
 538:Drivers/STM32WBxx_HAL_Driver/Src/stm32wbxx_hal_ipcc.c ****   uint32_t irqmask;
 539:Drivers/STM32WBxx_HAL_Driver/Src/stm32wbxx_hal_ipcc.c ****   uint32_t bit_pos;
 540:Drivers/STM32WBxx_HAL_Driver/Src/stm32wbxx_hal_ipcc.c ****   uint32_t ch_count = 0U;
 541:Drivers/STM32WBxx_HAL_Driver/Src/stm32wbxx_hal_ipcc.c ****   IPCC_CommonTypeDef *currentInstance = IPCC_C1;
 542:Drivers/STM32WBxx_HAL_Driver/Src/stm32wbxx_hal_ipcc.c ****   IPCC_CommonTypeDef *otherInstance = IPCC_C2;
ARM GAS  /var/folders/98/ctz5mtps7w71v8dr53cf5qg40000gn/T//ccN8oykb.s 			page 11


 543:Drivers/STM32WBxx_HAL_Driver/Src/stm32wbxx_hal_ipcc.c **** 
 544:Drivers/STM32WBxx_HAL_Driver/Src/stm32wbxx_hal_ipcc.c ****   /* check the Rx occupied channels which are not masked */
 545:Drivers/STM32WBxx_HAL_Driver/Src/stm32wbxx_hal_ipcc.c ****   irqmask = ~(currentInstance->MR) & IPCC_ALL_RX_BUF;
 546:Drivers/STM32WBxx_HAL_Driver/Src/stm32wbxx_hal_ipcc.c ****   irqmask = irqmask & otherInstance->SR;
 547:Drivers/STM32WBxx_HAL_Driver/Src/stm32wbxx_hal_ipcc.c **** 
 548:Drivers/STM32WBxx_HAL_Driver/Src/stm32wbxx_hal_ipcc.c ****   while (irqmask != 0UL)  /* if several bits are set, it loops to serve all of them */
 549:Drivers/STM32WBxx_HAL_Driver/Src/stm32wbxx_hal_ipcc.c ****   {
 550:Drivers/STM32WBxx_HAL_Driver/Src/stm32wbxx_hal_ipcc.c ****     bit_pos = 1UL << (ch_count & CHANNEL_INDEX_MASK);
 551:Drivers/STM32WBxx_HAL_Driver/Src/stm32wbxx_hal_ipcc.c **** 
 552:Drivers/STM32WBxx_HAL_Driver/Src/stm32wbxx_hal_ipcc.c ****     if ((irqmask & bit_pos) != 0U)
 553:Drivers/STM32WBxx_HAL_Driver/Src/stm32wbxx_hal_ipcc.c ****     {
 554:Drivers/STM32WBxx_HAL_Driver/Src/stm32wbxx_hal_ipcc.c ****       /* mask the channel occupied interrupt */
 555:Drivers/STM32WBxx_HAL_Driver/Src/stm32wbxx_hal_ipcc.c ****       currentInstance->MR |= bit_pos;
 556:Drivers/STM32WBxx_HAL_Driver/Src/stm32wbxx_hal_ipcc.c ****       if (hipcc->ChannelCallbackRx[ch_count] != NULL)
 557:Drivers/STM32WBxx_HAL_Driver/Src/stm32wbxx_hal_ipcc.c ****       {
 558:Drivers/STM32WBxx_HAL_Driver/Src/stm32wbxx_hal_ipcc.c ****         hipcc->ChannelCallbackRx[ch_count](hipcc, ch_count, IPCC_CHANNEL_DIR_RX);
 559:Drivers/STM32WBxx_HAL_Driver/Src/stm32wbxx_hal_ipcc.c ****       }
 560:Drivers/STM32WBxx_HAL_Driver/Src/stm32wbxx_hal_ipcc.c ****       irqmask = irqmask & ~(bit_pos);
 561:Drivers/STM32WBxx_HAL_Driver/Src/stm32wbxx_hal_ipcc.c ****     }
 562:Drivers/STM32WBxx_HAL_Driver/Src/stm32wbxx_hal_ipcc.c ****     ch_count++;
 563:Drivers/STM32WBxx_HAL_Driver/Src/stm32wbxx_hal_ipcc.c ****   }
 564:Drivers/STM32WBxx_HAL_Driver/Src/stm32wbxx_hal_ipcc.c **** }
 565:Drivers/STM32WBxx_HAL_Driver/Src/stm32wbxx_hal_ipcc.c **** 
 566:Drivers/STM32WBxx_HAL_Driver/Src/stm32wbxx_hal_ipcc.c **** /**
 567:Drivers/STM32WBxx_HAL_Driver/Src/stm32wbxx_hal_ipcc.c ****   * @brief Rx occupied callback
 568:Drivers/STM32WBxx_HAL_Driver/Src/stm32wbxx_hal_ipcc.c ****   * @param hipcc IPCC handle
 569:Drivers/STM32WBxx_HAL_Driver/Src/stm32wbxx_hal_ipcc.c ****   * @param ChannelIndex Channel number
 570:Drivers/STM32WBxx_HAL_Driver/Src/stm32wbxx_hal_ipcc.c ****   *          This parameter can be one of the following values:
 571:Drivers/STM32WBxx_HAL_Driver/Src/stm32wbxx_hal_ipcc.c ****   *            @arg IPCC_CHANNEL_1: IPCC Channel 1
 572:Drivers/STM32WBxx_HAL_Driver/Src/stm32wbxx_hal_ipcc.c ****   *            @arg IPCC_CHANNEL_2: IPCC Channel 2
 573:Drivers/STM32WBxx_HAL_Driver/Src/stm32wbxx_hal_ipcc.c ****   *            @arg IPCC_CHANNEL_3: IPCC Channel 3
 574:Drivers/STM32WBxx_HAL_Driver/Src/stm32wbxx_hal_ipcc.c ****   *            @arg IPCC_CHANNEL_4: IPCC Channel 4
 575:Drivers/STM32WBxx_HAL_Driver/Src/stm32wbxx_hal_ipcc.c ****   *            @arg IPCC_CHANNEL_5: IPCC Channel 5
 576:Drivers/STM32WBxx_HAL_Driver/Src/stm32wbxx_hal_ipcc.c ****   *            @arg IPCC_CHANNEL_6: IPCC Channel 6
 577:Drivers/STM32WBxx_HAL_Driver/Src/stm32wbxx_hal_ipcc.c ****   * @param ChannelDir Channel direction
 578:Drivers/STM32WBxx_HAL_Driver/Src/stm32wbxx_hal_ipcc.c ****   */
 579:Drivers/STM32WBxx_HAL_Driver/Src/stm32wbxx_hal_ipcc.c **** __weak void HAL_IPCC_RxCallback(IPCC_HandleTypeDef *hipcc, uint32_t ChannelIndex, IPCC_CHANNELDirTy
 580:Drivers/STM32WBxx_HAL_Driver/Src/stm32wbxx_hal_ipcc.c **** {
  30              		.loc 1 580 1 view -0
  31              		.cfi_startproc
  32              		@ args = 0, pretend = 0, frame = 0
  33              		@ frame_needed = 0, uses_anonymous_args = 0
  34              		@ link register save eliminated.
 581:Drivers/STM32WBxx_HAL_Driver/Src/stm32wbxx_hal_ipcc.c ****   /* Prevent unused argument(s) compilation warning */
 582:Drivers/STM32WBxx_HAL_Driver/Src/stm32wbxx_hal_ipcc.c ****   UNUSED(hipcc);
  35              		.loc 1 582 3 view .LVU1
 583:Drivers/STM32WBxx_HAL_Driver/Src/stm32wbxx_hal_ipcc.c ****   UNUSED(ChannelIndex);
  36              		.loc 1 583 3 view .LVU2
 584:Drivers/STM32WBxx_HAL_Driver/Src/stm32wbxx_hal_ipcc.c ****   UNUSED(ChannelDir);
  37              		.loc 1 584 3 view .LVU3
 585:Drivers/STM32WBxx_HAL_Driver/Src/stm32wbxx_hal_ipcc.c **** 
 586:Drivers/STM32WBxx_HAL_Driver/Src/stm32wbxx_hal_ipcc.c ****   /* NOTE : This function should not be modified, when the callback is needed,
 587:Drivers/STM32WBxx_HAL_Driver/Src/stm32wbxx_hal_ipcc.c ****             the HAL_IPCC_RxCallback can be implemented in the user file
 588:Drivers/STM32WBxx_HAL_Driver/Src/stm32wbxx_hal_ipcc.c ****    */
 589:Drivers/STM32WBxx_HAL_Driver/Src/stm32wbxx_hal_ipcc.c **** }
  38              		.loc 1 589 1 is_stmt 0 view .LVU4
  39 0000 7047     		bx	lr
ARM GAS  /var/folders/98/ctz5mtps7w71v8dr53cf5qg40000gn/T//ccN8oykb.s 			page 12


  40              		.cfi_endproc
  41              	.LFE960:
  43              		.section	.text.HAL_IPCC_TxCallback,"ax",%progbits
  44              		.align	1
  45              		.weak	HAL_IPCC_TxCallback
  46              		.syntax unified
  47              		.thumb
  48              		.thumb_func
  50              	HAL_IPCC_TxCallback:
  51              	.LVL1:
  52              	.LFB961:
 590:Drivers/STM32WBxx_HAL_Driver/Src/stm32wbxx_hal_ipcc.c **** 
 591:Drivers/STM32WBxx_HAL_Driver/Src/stm32wbxx_hal_ipcc.c **** /**
 592:Drivers/STM32WBxx_HAL_Driver/Src/stm32wbxx_hal_ipcc.c ****   * @brief Tx free callback
 593:Drivers/STM32WBxx_HAL_Driver/Src/stm32wbxx_hal_ipcc.c ****   * @param hipcc IPCC handle
 594:Drivers/STM32WBxx_HAL_Driver/Src/stm32wbxx_hal_ipcc.c ****   * @param ChannelIndex Channel number
 595:Drivers/STM32WBxx_HAL_Driver/Src/stm32wbxx_hal_ipcc.c ****   *          This parameter can be one of the following values:
 596:Drivers/STM32WBxx_HAL_Driver/Src/stm32wbxx_hal_ipcc.c ****   *            @arg IPCC_CHANNEL_1: IPCC Channel 1
 597:Drivers/STM32WBxx_HAL_Driver/Src/stm32wbxx_hal_ipcc.c ****   *            @arg IPCC_CHANNEL_2: IPCC Channel 2
 598:Drivers/STM32WBxx_HAL_Driver/Src/stm32wbxx_hal_ipcc.c ****   *            @arg IPCC_CHANNEL_3: IPCC Channel 3
 599:Drivers/STM32WBxx_HAL_Driver/Src/stm32wbxx_hal_ipcc.c ****   *            @arg IPCC_CHANNEL_4: IPCC Channel 4
 600:Drivers/STM32WBxx_HAL_Driver/Src/stm32wbxx_hal_ipcc.c ****   *            @arg IPCC_CHANNEL_5: IPCC Channel 5
 601:Drivers/STM32WBxx_HAL_Driver/Src/stm32wbxx_hal_ipcc.c ****   *            @arg IPCC_CHANNEL_6: IPCC Channel 6
 602:Drivers/STM32WBxx_HAL_Driver/Src/stm32wbxx_hal_ipcc.c ****   * @param ChannelDir Channel direction
 603:Drivers/STM32WBxx_HAL_Driver/Src/stm32wbxx_hal_ipcc.c ****   */
 604:Drivers/STM32WBxx_HAL_Driver/Src/stm32wbxx_hal_ipcc.c **** __weak void HAL_IPCC_TxCallback(IPCC_HandleTypeDef *hipcc, uint32_t ChannelIndex, IPCC_CHANNELDirTy
 605:Drivers/STM32WBxx_HAL_Driver/Src/stm32wbxx_hal_ipcc.c **** {
  53              		.loc 1 605 1 is_stmt 1 view -0
  54              		.cfi_startproc
  55              		@ args = 0, pretend = 0, frame = 0
  56              		@ frame_needed = 0, uses_anonymous_args = 0
  57              		@ link register save eliminated.
 606:Drivers/STM32WBxx_HAL_Driver/Src/stm32wbxx_hal_ipcc.c ****   /* Prevent unused argument(s) compilation warning */
 607:Drivers/STM32WBxx_HAL_Driver/Src/stm32wbxx_hal_ipcc.c ****   UNUSED(hipcc);
  58              		.loc 1 607 3 view .LVU6
 608:Drivers/STM32WBxx_HAL_Driver/Src/stm32wbxx_hal_ipcc.c ****   UNUSED(ChannelIndex);
  59              		.loc 1 608 3 view .LVU7
 609:Drivers/STM32WBxx_HAL_Driver/Src/stm32wbxx_hal_ipcc.c ****   UNUSED(ChannelDir);
  60              		.loc 1 609 3 view .LVU8
 610:Drivers/STM32WBxx_HAL_Driver/Src/stm32wbxx_hal_ipcc.c **** 
 611:Drivers/STM32WBxx_HAL_Driver/Src/stm32wbxx_hal_ipcc.c ****   /* NOTE : This function should not be modified, when the callback is needed,
 612:Drivers/STM32WBxx_HAL_Driver/Src/stm32wbxx_hal_ipcc.c ****             the HAL_IPCC_TxCallback can be implemented in the user file
 613:Drivers/STM32WBxx_HAL_Driver/Src/stm32wbxx_hal_ipcc.c ****    */
 614:Drivers/STM32WBxx_HAL_Driver/Src/stm32wbxx_hal_ipcc.c **** }
  61              		.loc 1 614 1 is_stmt 0 view .LVU9
  62 0000 7047     		bx	lr
  63              		.cfi_endproc
  64              	.LFE961:
  66              		.section	.text.HAL_IPCC_MspInit,"ax",%progbits
  67              		.align	1
  68              		.weak	HAL_IPCC_MspInit
  69              		.syntax unified
  70              		.thumb
  71              		.thumb_func
  73              	HAL_IPCC_MspInit:
  74              	.LVL2:
  75              	.LFB952:
ARM GAS  /var/folders/98/ctz5mtps7w71v8dr53cf5qg40000gn/T//ccN8oykb.s 			page 13


 212:Drivers/STM32WBxx_HAL_Driver/Src/stm32wbxx_hal_ipcc.c ****   /* Prevent unused argument(s) compilation warning */
  76              		.loc 1 212 1 is_stmt 1 view -0
  77              		.cfi_startproc
  78              		@ args = 0, pretend = 0, frame = 0
  79              		@ frame_needed = 0, uses_anonymous_args = 0
  80              		@ link register save eliminated.
 214:Drivers/STM32WBxx_HAL_Driver/Src/stm32wbxx_hal_ipcc.c **** 
  81              		.loc 1 214 3 view .LVU11
 219:Drivers/STM32WBxx_HAL_Driver/Src/stm32wbxx_hal_ipcc.c **** 
  82              		.loc 1 219 1 is_stmt 0 view .LVU12
  83 0000 7047     		bx	lr
  84              		.cfi_endproc
  85              	.LFE952:
  87              		.section	.text.HAL_IPCC_MspDeInit,"ax",%progbits
  88              		.align	1
  89              		.weak	HAL_IPCC_MspDeInit
  90              		.syntax unified
  91              		.thumb
  92              		.thumb_func
  94              	HAL_IPCC_MspDeInit:
  95              	.LVL3:
  96              	.LFB953:
 227:Drivers/STM32WBxx_HAL_Driver/Src/stm32wbxx_hal_ipcc.c ****   /* Prevent unused argument(s) compilation warning */
  97              		.loc 1 227 1 is_stmt 1 view -0
  98              		.cfi_startproc
  99              		@ args = 0, pretend = 0, frame = 0
 100              		@ frame_needed = 0, uses_anonymous_args = 0
 101              		@ link register save eliminated.
 229:Drivers/STM32WBxx_HAL_Driver/Src/stm32wbxx_hal_ipcc.c **** 
 102              		.loc 1 229 3 view .LVU14
 234:Drivers/STM32WBxx_HAL_Driver/Src/stm32wbxx_hal_ipcc.c **** 
 103              		.loc 1 234 1 is_stmt 0 view .LVU15
 104 0000 7047     		bx	lr
 105              		.cfi_endproc
 106              	.LFE953:
 108              		.section	.text.HAL_IPCC_GetChannelStatus,"ax",%progbits
 109              		.align	1
 110              		.global	HAL_IPCC_GetChannelStatus
 111              		.syntax unified
 112              		.thumb
 113              		.thumb_func
 115              	HAL_IPCC_GetChannelStatus:
 116              	.LVL4:
 117              	.LFB956:
 420:Drivers/STM32WBxx_HAL_Driver/Src/stm32wbxx_hal_ipcc.c ****   uint32_t channel_state;
 118              		.loc 1 420 1 is_stmt 1 view -0
 119              		.cfi_startproc
 120              		@ args = 0, pretend = 0, frame = 0
 121              		@ frame_needed = 0, uses_anonymous_args = 0
 122              		@ link register save eliminated.
 421:Drivers/STM32WBxx_HAL_Driver/Src/stm32wbxx_hal_ipcc.c ****   IPCC_CommonTypeDef *currentInstance = IPCC_C1;
 123              		.loc 1 421 3 view .LVU17
 422:Drivers/STM32WBxx_HAL_Driver/Src/stm32wbxx_hal_ipcc.c ****   IPCC_CommonTypeDef *otherInstance = IPCC_C2;
 124              		.loc 1 422 3 view .LVU18
 423:Drivers/STM32WBxx_HAL_Driver/Src/stm32wbxx_hal_ipcc.c **** 
 125              		.loc 1 423 3 view .LVU19
 426:Drivers/STM32WBxx_HAL_Driver/Src/stm32wbxx_hal_ipcc.c **** 
ARM GAS  /var/folders/98/ctz5mtps7w71v8dr53cf5qg40000gn/T//ccN8oykb.s 			page 14


 126              		.loc 1 426 3 view .LVU20
 429:Drivers/STM32WBxx_HAL_Driver/Src/stm32wbxx_hal_ipcc.c ****   {
 127              		.loc 1 429 3 view .LVU21
 429:Drivers/STM32WBxx_HAL_Driver/Src/stm32wbxx_hal_ipcc.c ****   {
 128              		.loc 1 429 6 is_stmt 0 view .LVU22
 129 0000 52B9     		cbnz	r2, .L6
 431:Drivers/STM32WBxx_HAL_Driver/Src/stm32wbxx_hal_ipcc.c ****   }
 130              		.loc 1 431 5 is_stmt 1 view .LVU23
 431:Drivers/STM32WBxx_HAL_Driver/Src/stm32wbxx_hal_ipcc.c ****   }
 131              		.loc 1 431 37 is_stmt 0 view .LVU24
 132 0002 094B     		ldr	r3, .L8
 133 0004 D868     		ldr	r0, [r3, #12]
 134              	.LVL5:
 431:Drivers/STM32WBxx_HAL_Driver/Src/stm32wbxx_hal_ipcc.c ****   }
 135              		.loc 1 431 80 view .LVU25
 136 0006 01F00F01 		and	r1, r1, #15
 137              	.LVL6:
 431:Drivers/STM32WBxx_HAL_Driver/Src/stm32wbxx_hal_ipcc.c ****   }
 138              		.loc 1 431 63 view .LVU26
 139 000a 0123     		movs	r3, #1
 140 000c 8B40     		lsls	r3, r3, r1
 431:Drivers/STM32WBxx_HAL_Driver/Src/stm32wbxx_hal_ipcc.c ****   }
 141              		.loc 1 431 19 view .LVU27
 142 000e 1840     		ands	r0, r0, r3
 143              	.LVL7:
 144              	.L7:
 438:Drivers/STM32WBxx_HAL_Driver/Src/stm32wbxx_hal_ipcc.c **** }
 145              		.loc 1 438 3 is_stmt 1 view .LVU28
 439:Drivers/STM32WBxx_HAL_Driver/Src/stm32wbxx_hal_ipcc.c **** 
 146              		.loc 1 439 1 is_stmt 0 view .LVU29
 147 0010 0038     		subs	r0, r0, #0
 439:Drivers/STM32WBxx_HAL_Driver/Src/stm32wbxx_hal_ipcc.c **** 
 148              		.loc 1 439 1 view .LVU30
 149 0012 18BF     		it	ne
 150 0014 0120     		movne	r0, #1
 151              	.LVL8:
 439:Drivers/STM32WBxx_HAL_Driver/Src/stm32wbxx_hal_ipcc.c **** 
 152              		.loc 1 439 1 view .LVU31
 153 0016 7047     		bx	lr
 154              	.LVL9:
 155              	.L6:
 435:Drivers/STM32WBxx_HAL_Driver/Src/stm32wbxx_hal_ipcc.c ****   }
 156              		.loc 1 435 5 is_stmt 1 view .LVU32
 435:Drivers/STM32WBxx_HAL_Driver/Src/stm32wbxx_hal_ipcc.c ****   }
 157              		.loc 1 435 35 is_stmt 0 view .LVU33
 158 0018 034B     		ldr	r3, .L8
 159 001a D869     		ldr	r0, [r3, #28]
 160              	.LVL10:
 435:Drivers/STM32WBxx_HAL_Driver/Src/stm32wbxx_hal_ipcc.c ****   }
 161              		.loc 1 435 78 view .LVU34
 162 001c 01F00F01 		and	r1, r1, #15
 163              	.LVL11:
 435:Drivers/STM32WBxx_HAL_Driver/Src/stm32wbxx_hal_ipcc.c ****   }
 164              		.loc 1 435 61 view .LVU35
 165 0020 0123     		movs	r3, #1
 166 0022 8B40     		lsls	r3, r3, r1
 435:Drivers/STM32WBxx_HAL_Driver/Src/stm32wbxx_hal_ipcc.c ****   }
ARM GAS  /var/folders/98/ctz5mtps7w71v8dr53cf5qg40000gn/T//ccN8oykb.s 			page 15


 167              		.loc 1 435 19 view .LVU36
 168 0024 1840     		ands	r0, r0, r3
 169 0026 F3E7     		b	.L7
 170              	.L9:
 171              		.align	2
 172              	.L8:
 173 0028 000C0058 		.word	1476398080
 174              		.cfi_endproc
 175              	.LFE956:
 177              		.section	.text.HAL_IPCC_TX_IRQHandler,"ax",%progbits
 178              		.align	1
 179              		.global	HAL_IPCC_TX_IRQHandler
 180              		.syntax unified
 181              		.thumb
 182              		.thumb_func
 184              	HAL_IPCC_TX_IRQHandler:
 185              	.LVL12:
 186              	.LFB958:
 503:Drivers/STM32WBxx_HAL_Driver/Src/stm32wbxx_hal_ipcc.c ****   uint32_t irqmask;
 187              		.loc 1 503 1 is_stmt 1 view -0
 188              		.cfi_startproc
 189              		@ args = 0, pretend = 0, frame = 0
 190              		@ frame_needed = 0, uses_anonymous_args = 0
 503:Drivers/STM32WBxx_HAL_Driver/Src/stm32wbxx_hal_ipcc.c ****   uint32_t irqmask;
 191              		.loc 1 503 1 is_stmt 0 view .LVU38
 192 0000 F8B5     		push	{r3, r4, r5, r6, r7, lr}
 193              	.LCFI0:
 194              		.cfi_def_cfa_offset 24
 195              		.cfi_offset 3, -24
 196              		.cfi_offset 4, -20
 197              		.cfi_offset 5, -16
 198              		.cfi_offset 6, -12
 199              		.cfi_offset 7, -8
 200              		.cfi_offset 14, -4
 201 0002 0746     		mov	r7, r0
 504:Drivers/STM32WBxx_HAL_Driver/Src/stm32wbxx_hal_ipcc.c ****   uint32_t bit_pos;
 202              		.loc 1 504 3 is_stmt 1 view .LVU39
 505:Drivers/STM32WBxx_HAL_Driver/Src/stm32wbxx_hal_ipcc.c ****   uint32_t ch_count = 0U;
 203              		.loc 1 505 3 view .LVU40
 506:Drivers/STM32WBxx_HAL_Driver/Src/stm32wbxx_hal_ipcc.c ****   IPCC_CommonTypeDef *currentInstance = IPCC_C1;
 204              		.loc 1 506 3 view .LVU41
 205              	.LVL13:
 507:Drivers/STM32WBxx_HAL_Driver/Src/stm32wbxx_hal_ipcc.c **** 
 206              		.loc 1 507 3 view .LVU42
 510:Drivers/STM32WBxx_HAL_Driver/Src/stm32wbxx_hal_ipcc.c ****   irqmask = irqmask & ~(currentInstance->SR << IPCC_MR_CH1FM_Pos);
 207              		.loc 1 510 3 view .LVU43
 510:Drivers/STM32WBxx_HAL_Driver/Src/stm32wbxx_hal_ipcc.c ****   irqmask = irqmask & ~(currentInstance->SR << IPCC_MR_CH1FM_Pos);
 208              		.loc 1 510 30 is_stmt 0 view .LVU44
 209 0004 124B     		ldr	r3, .L18
 210 0006 5D68     		ldr	r5, [r3, #4]
 510:Drivers/STM32WBxx_HAL_Driver/Src/stm32wbxx_hal_ipcc.c ****   irqmask = irqmask & ~(currentInstance->SR << IPCC_MR_CH1FM_Pos);
 211              		.loc 1 510 13 view .LVU45
 212 0008 ED43     		mvns	r5, r5
 510:Drivers/STM32WBxx_HAL_Driver/Src/stm32wbxx_hal_ipcc.c ****   irqmask = irqmask & ~(currentInstance->SR << IPCC_MR_CH1FM_Pos);
 213              		.loc 1 510 11 view .LVU46
 214 000a 05F47C15 		and	r5, r5, #4128768
 215              	.LVL14:
ARM GAS  /var/folders/98/ctz5mtps7w71v8dr53cf5qg40000gn/T//ccN8oykb.s 			page 16


 511:Drivers/STM32WBxx_HAL_Driver/Src/stm32wbxx_hal_ipcc.c **** 
 216              		.loc 1 511 3 is_stmt 1 view .LVU47
 511:Drivers/STM32WBxx_HAL_Driver/Src/stm32wbxx_hal_ipcc.c **** 
 217              		.loc 1 511 40 is_stmt 0 view .LVU48
 218 000e DB68     		ldr	r3, [r3, #12]
 511:Drivers/STM32WBxx_HAL_Driver/Src/stm32wbxx_hal_ipcc.c **** 
 219              		.loc 1 511 11 view .LVU49
 220 0010 25EA0345 		bic	r5, r5, r3, lsl #16
 221              	.LVL15:
 513:Drivers/STM32WBxx_HAL_Driver/Src/stm32wbxx_hal_ipcc.c ****   {
 222              		.loc 1 513 3 is_stmt 1 view .LVU50
 506:Drivers/STM32WBxx_HAL_Driver/Src/stm32wbxx_hal_ipcc.c ****   IPCC_CommonTypeDef *currentInstance = IPCC_C1;
 223              		.loc 1 506 12 is_stmt 0 view .LVU51
 224 0014 0026     		movs	r6, #0
 513:Drivers/STM32WBxx_HAL_Driver/Src/stm32wbxx_hal_ipcc.c ****   {
 225              		.loc 1 513 9 view .LVU52
 226 0016 06E0     		b	.L11
 227              	.LVL16:
 228              	.L17:
 523:Drivers/STM32WBxx_HAL_Driver/Src/stm32wbxx_hal_ipcc.c ****       }
 229              		.loc 1 523 9 is_stmt 1 view .LVU53
 230 0018 0022     		movs	r2, #0
 231 001a 3146     		mov	r1, r6
 232 001c 3846     		mov	r0, r7
 233 001e 9847     		blx	r3
 234              	.LVL17:
 235              	.L13:
 525:Drivers/STM32WBxx_HAL_Driver/Src/stm32wbxx_hal_ipcc.c ****     }
 236              		.loc 1 525 7 view .LVU54
 525:Drivers/STM32WBxx_HAL_Driver/Src/stm32wbxx_hal_ipcc.c ****     }
 237              		.loc 1 525 15 is_stmt 0 view .LVU55
 238 0020 25EA0405 		bic	r5, r5, r4
 239              	.LVL18:
 240              	.L12:
 527:Drivers/STM32WBxx_HAL_Driver/Src/stm32wbxx_hal_ipcc.c ****   }
 241              		.loc 1 527 5 is_stmt 1 view .LVU56
 527:Drivers/STM32WBxx_HAL_Driver/Src/stm32wbxx_hal_ipcc.c ****   }
 242              		.loc 1 527 13 is_stmt 0 view .LVU57
 243 0024 0136     		adds	r6, r6, #1
 244              	.LVL19:
 245              	.L11:
 513:Drivers/STM32WBxx_HAL_Driver/Src/stm32wbxx_hal_ipcc.c ****   {
 246              		.loc 1 513 18 is_stmt 1 view .LVU58
 247 0026 8DB1     		cbz	r5, .L16
 515:Drivers/STM32WBxx_HAL_Driver/Src/stm32wbxx_hal_ipcc.c **** 
 248              		.loc 1 515 5 view .LVU59
 515:Drivers/STM32WBxx_HAL_Driver/Src/stm32wbxx_hal_ipcc.c **** 
 249              		.loc 1 515 53 is_stmt 0 view .LVU60
 250 0028 06F00F03 		and	r3, r6, #15
 515:Drivers/STM32WBxx_HAL_Driver/Src/stm32wbxx_hal_ipcc.c **** 
 251              		.loc 1 515 41 view .LVU61
 252 002c 1033     		adds	r3, r3, #16
 515:Drivers/STM32WBxx_HAL_Driver/Src/stm32wbxx_hal_ipcc.c **** 
 253              		.loc 1 515 13 view .LVU62
 254 002e 0124     		movs	r4, #1
 255 0030 9C40     		lsls	r4, r4, r3
 256              	.LVL20:
ARM GAS  /var/folders/98/ctz5mtps7w71v8dr53cf5qg40000gn/T//ccN8oykb.s 			page 17


 517:Drivers/STM32WBxx_HAL_Driver/Src/stm32wbxx_hal_ipcc.c ****     {
 257              		.loc 1 517 5 is_stmt 1 view .LVU63
 517:Drivers/STM32WBxx_HAL_Driver/Src/stm32wbxx_hal_ipcc.c ****     {
 258              		.loc 1 517 8 is_stmt 0 view .LVU64
 259 0032 2542     		tst	r5, r4
 260 0034 F6D0     		beq	.L12
 520:Drivers/STM32WBxx_HAL_Driver/Src/stm32wbxx_hal_ipcc.c ****       if (hipcc->ChannelCallbackTx[ch_count] != NULL)
 261              		.loc 1 520 7 is_stmt 1 view .LVU65
 520:Drivers/STM32WBxx_HAL_Driver/Src/stm32wbxx_hal_ipcc.c ****       if (hipcc->ChannelCallbackTx[ch_count] != NULL)
 262              		.loc 1 520 22 is_stmt 0 view .LVU66
 263 0036 064A     		ldr	r2, .L18
 264 0038 5368     		ldr	r3, [r2, #4]
 520:Drivers/STM32WBxx_HAL_Driver/Src/stm32wbxx_hal_ipcc.c ****       if (hipcc->ChannelCallbackTx[ch_count] != NULL)
 265              		.loc 1 520 27 view .LVU67
 266 003a 2343     		orrs	r3, r3, r4
 267 003c 5360     		str	r3, [r2, #4]
 521:Drivers/STM32WBxx_HAL_Driver/Src/stm32wbxx_hal_ipcc.c ****       {
 268              		.loc 1 521 7 is_stmt 1 view .LVU68
 521:Drivers/STM32WBxx_HAL_Driver/Src/stm32wbxx_hal_ipcc.c ****       {
 269              		.loc 1 521 35 is_stmt 0 view .LVU69
 270 003e B31D     		adds	r3, r6, #6
 271 0040 07EB8303 		add	r3, r7, r3, lsl #2
 272 0044 5B68     		ldr	r3, [r3, #4]
 521:Drivers/STM32WBxx_HAL_Driver/Src/stm32wbxx_hal_ipcc.c ****       {
 273              		.loc 1 521 10 view .LVU70
 274 0046 002B     		cmp	r3, #0
 275 0048 E6D1     		bne	.L17
 276 004a E9E7     		b	.L13
 277              	.LVL21:
 278              	.L16:
 529:Drivers/STM32WBxx_HAL_Driver/Src/stm32wbxx_hal_ipcc.c **** 
 279              		.loc 1 529 1 view .LVU71
 280 004c F8BD     		pop	{r3, r4, r5, r6, r7, pc}
 281              	.LVL22:
 282              	.L19:
 529:Drivers/STM32WBxx_HAL_Driver/Src/stm32wbxx_hal_ipcc.c **** 
 283              		.loc 1 529 1 view .LVU72
 284 004e 00BF     		.align	2
 285              	.L18:
 286 0050 000C0058 		.word	1476398080
 287              		.cfi_endproc
 288              	.LFE958:
 290              		.section	.text.HAL_IPCC_RX_IRQHandler,"ax",%progbits
 291              		.align	1
 292              		.global	HAL_IPCC_RX_IRQHandler
 293              		.syntax unified
 294              		.thumb
 295              		.thumb_func
 297              	HAL_IPCC_RX_IRQHandler:
 298              	.LVL23:
 299              	.LFB959:
 537:Drivers/STM32WBxx_HAL_Driver/Src/stm32wbxx_hal_ipcc.c ****   uint32_t irqmask;
 300              		.loc 1 537 1 is_stmt 1 view -0
 301              		.cfi_startproc
 302              		@ args = 0, pretend = 0, frame = 0
 303              		@ frame_needed = 0, uses_anonymous_args = 0
 537:Drivers/STM32WBxx_HAL_Driver/Src/stm32wbxx_hal_ipcc.c ****   uint32_t irqmask;
ARM GAS  /var/folders/98/ctz5mtps7w71v8dr53cf5qg40000gn/T//ccN8oykb.s 			page 18


 304              		.loc 1 537 1 is_stmt 0 view .LVU74
 305 0000 F8B5     		push	{r3, r4, r5, r6, r7, lr}
 306              	.LCFI1:
 307              		.cfi_def_cfa_offset 24
 308              		.cfi_offset 3, -24
 309              		.cfi_offset 4, -20
 310              		.cfi_offset 5, -16
 311              		.cfi_offset 6, -12
 312              		.cfi_offset 7, -8
 313              		.cfi_offset 14, -4
 314 0002 0746     		mov	r7, r0
 538:Drivers/STM32WBxx_HAL_Driver/Src/stm32wbxx_hal_ipcc.c ****   uint32_t bit_pos;
 315              		.loc 1 538 3 is_stmt 1 view .LVU75
 539:Drivers/STM32WBxx_HAL_Driver/Src/stm32wbxx_hal_ipcc.c ****   uint32_t ch_count = 0U;
 316              		.loc 1 539 3 view .LVU76
 540:Drivers/STM32WBxx_HAL_Driver/Src/stm32wbxx_hal_ipcc.c ****   IPCC_CommonTypeDef *currentInstance = IPCC_C1;
 317              		.loc 1 540 3 view .LVU77
 318              	.LVL24:
 541:Drivers/STM32WBxx_HAL_Driver/Src/stm32wbxx_hal_ipcc.c ****   IPCC_CommonTypeDef *otherInstance = IPCC_C2;
 319              		.loc 1 541 3 view .LVU78
 542:Drivers/STM32WBxx_HAL_Driver/Src/stm32wbxx_hal_ipcc.c **** 
 320              		.loc 1 542 3 view .LVU79
 545:Drivers/STM32WBxx_HAL_Driver/Src/stm32wbxx_hal_ipcc.c ****   irqmask = irqmask & otherInstance->SR;
 321              		.loc 1 545 3 view .LVU80
 545:Drivers/STM32WBxx_HAL_Driver/Src/stm32wbxx_hal_ipcc.c ****   irqmask = irqmask & otherInstance->SR;
 322              		.loc 1 545 30 is_stmt 0 view .LVU81
 323 0004 104A     		ldr	r2, .L28
 324 0006 5368     		ldr	r3, [r2, #4]
 545:Drivers/STM32WBxx_HAL_Driver/Src/stm32wbxx_hal_ipcc.c ****   irqmask = irqmask & otherInstance->SR;
 325              		.loc 1 545 13 view .LVU82
 326 0008 DB43     		mvns	r3, r3
 545:Drivers/STM32WBxx_HAL_Driver/Src/stm32wbxx_hal_ipcc.c ****   irqmask = irqmask & otherInstance->SR;
 327              		.loc 1 545 11 view .LVU83
 328 000a 03F03F03 		and	r3, r3, #63
 329              	.LVL25:
 546:Drivers/STM32WBxx_HAL_Driver/Src/stm32wbxx_hal_ipcc.c **** 
 330              		.loc 1 546 3 is_stmt 1 view .LVU84
 546:Drivers/STM32WBxx_HAL_Driver/Src/stm32wbxx_hal_ipcc.c **** 
 331              		.loc 1 546 36 is_stmt 0 view .LVU85
 332 000e D669     		ldr	r6, [r2, #28]
 546:Drivers/STM32WBxx_HAL_Driver/Src/stm32wbxx_hal_ipcc.c **** 
 333              		.loc 1 546 11 view .LVU86
 334 0010 1E40     		ands	r6, r6, r3
 335              	.LVL26:
 548:Drivers/STM32WBxx_HAL_Driver/Src/stm32wbxx_hal_ipcc.c ****   {
 336              		.loc 1 548 3 is_stmt 1 view .LVU87
 540:Drivers/STM32WBxx_HAL_Driver/Src/stm32wbxx_hal_ipcc.c ****   IPCC_CommonTypeDef *currentInstance = IPCC_C1;
 337              		.loc 1 540 12 is_stmt 0 view .LVU88
 338 0012 0025     		movs	r5, #0
 548:Drivers/STM32WBxx_HAL_Driver/Src/stm32wbxx_hal_ipcc.c ****   {
 339              		.loc 1 548 9 view .LVU89
 340 0014 06E0     		b	.L21
 341              	.LVL27:
 342              	.L27:
 558:Drivers/STM32WBxx_HAL_Driver/Src/stm32wbxx_hal_ipcc.c ****       }
 343              		.loc 1 558 9 is_stmt 1 view .LVU90
 344 0016 0122     		movs	r2, #1
ARM GAS  /var/folders/98/ctz5mtps7w71v8dr53cf5qg40000gn/T//ccN8oykb.s 			page 19


 345 0018 2946     		mov	r1, r5
 346 001a 3846     		mov	r0, r7
 347 001c 9847     		blx	r3
 348              	.LVL28:
 349              	.L23:
 560:Drivers/STM32WBxx_HAL_Driver/Src/stm32wbxx_hal_ipcc.c ****     }
 350              		.loc 1 560 7 view .LVU91
 560:Drivers/STM32WBxx_HAL_Driver/Src/stm32wbxx_hal_ipcc.c ****     }
 351              		.loc 1 560 15 is_stmt 0 view .LVU92
 352 001e 26EA0406 		bic	r6, r6, r4
 353              	.LVL29:
 354              	.L22:
 562:Drivers/STM32WBxx_HAL_Driver/Src/stm32wbxx_hal_ipcc.c ****   }
 355              		.loc 1 562 5 is_stmt 1 view .LVU93
 562:Drivers/STM32WBxx_HAL_Driver/Src/stm32wbxx_hal_ipcc.c ****   }
 356              		.loc 1 562 13 is_stmt 0 view .LVU94
 357 0022 0135     		adds	r5, r5, #1
 358              	.LVL30:
 359              	.L21:
 548:Drivers/STM32WBxx_HAL_Driver/Src/stm32wbxx_hal_ipcc.c ****   {
 360              		.loc 1 548 18 is_stmt 1 view .LVU95
 361 0024 7EB1     		cbz	r6, .L26
 550:Drivers/STM32WBxx_HAL_Driver/Src/stm32wbxx_hal_ipcc.c **** 
 362              		.loc 1 550 5 view .LVU96
 550:Drivers/STM32WBxx_HAL_Driver/Src/stm32wbxx_hal_ipcc.c **** 
 363              		.loc 1 550 32 is_stmt 0 view .LVU97
 364 0026 05F00F03 		and	r3, r5, #15
 550:Drivers/STM32WBxx_HAL_Driver/Src/stm32wbxx_hal_ipcc.c **** 
 365              		.loc 1 550 13 view .LVU98
 366 002a 0124     		movs	r4, #1
 367 002c 9C40     		lsls	r4, r4, r3
 368              	.LVL31:
 552:Drivers/STM32WBxx_HAL_Driver/Src/stm32wbxx_hal_ipcc.c ****     {
 369              		.loc 1 552 5 is_stmt 1 view .LVU99
 552:Drivers/STM32WBxx_HAL_Driver/Src/stm32wbxx_hal_ipcc.c ****     {
 370              		.loc 1 552 8 is_stmt 0 view .LVU100
 371 002e 2642     		tst	r6, r4
 372 0030 F7D0     		beq	.L22
 555:Drivers/STM32WBxx_HAL_Driver/Src/stm32wbxx_hal_ipcc.c ****       if (hipcc->ChannelCallbackRx[ch_count] != NULL)
 373              		.loc 1 555 7 is_stmt 1 view .LVU101
 555:Drivers/STM32WBxx_HAL_Driver/Src/stm32wbxx_hal_ipcc.c ****       if (hipcc->ChannelCallbackRx[ch_count] != NULL)
 374              		.loc 1 555 22 is_stmt 0 view .LVU102
 375 0032 054A     		ldr	r2, .L28
 376 0034 5368     		ldr	r3, [r2, #4]
 555:Drivers/STM32WBxx_HAL_Driver/Src/stm32wbxx_hal_ipcc.c ****       if (hipcc->ChannelCallbackRx[ch_count] != NULL)
 377              		.loc 1 555 27 view .LVU103
 378 0036 2343     		orrs	r3, r3, r4
 379 0038 5360     		str	r3, [r2, #4]
 556:Drivers/STM32WBxx_HAL_Driver/Src/stm32wbxx_hal_ipcc.c ****       {
 380              		.loc 1 556 7 is_stmt 1 view .LVU104
 556:Drivers/STM32WBxx_HAL_Driver/Src/stm32wbxx_hal_ipcc.c ****       {
 381              		.loc 1 556 35 is_stmt 0 view .LVU105
 382 003a 07EB8503 		add	r3, r7, r5, lsl #2
 383 003e 5B68     		ldr	r3, [r3, #4]
 556:Drivers/STM32WBxx_HAL_Driver/Src/stm32wbxx_hal_ipcc.c ****       {
 384              		.loc 1 556 10 view .LVU106
 385 0040 002B     		cmp	r3, #0
ARM GAS  /var/folders/98/ctz5mtps7w71v8dr53cf5qg40000gn/T//ccN8oykb.s 			page 20


 386 0042 E8D1     		bne	.L27
 387 0044 EBE7     		b	.L23
 388              	.LVL32:
 389              	.L26:
 564:Drivers/STM32WBxx_HAL_Driver/Src/stm32wbxx_hal_ipcc.c **** 
 390              		.loc 1 564 1 view .LVU107
 391 0046 F8BD     		pop	{r3, r4, r5, r6, r7, pc}
 392              	.LVL33:
 393              	.L29:
 564:Drivers/STM32WBxx_HAL_Driver/Src/stm32wbxx_hal_ipcc.c **** 
 394              		.loc 1 564 1 view .LVU108
 395              		.align	2
 396              	.L28:
 397 0048 000C0058 		.word	1476398080
 398              		.cfi_endproc
 399              	.LFE959:
 401              		.section	.text.HAL_IPCC_GetState,"ax",%progbits
 402              		.align	1
 403              		.global	HAL_IPCC_GetState
 404              		.syntax unified
 405              		.thumb
 406              		.thumb_func
 408              	HAL_IPCC_GetState:
 409              	.LVL34:
 410              	.LFB962:
 615:Drivers/STM32WBxx_HAL_Driver/Src/stm32wbxx_hal_ipcc.c **** 
 616:Drivers/STM32WBxx_HAL_Driver/Src/stm32wbxx_hal_ipcc.c **** /**
 617:Drivers/STM32WBxx_HAL_Driver/Src/stm32wbxx_hal_ipcc.c ****   * @}
 618:Drivers/STM32WBxx_HAL_Driver/Src/stm32wbxx_hal_ipcc.c ****   */
 619:Drivers/STM32WBxx_HAL_Driver/Src/stm32wbxx_hal_ipcc.c **** 
 620:Drivers/STM32WBxx_HAL_Driver/Src/stm32wbxx_hal_ipcc.c **** /** @addtogroup IPCC_Exported_Functions_Group3
 621:Drivers/STM32WBxx_HAL_Driver/Src/stm32wbxx_hal_ipcc.c ****   *  @brief   IPCC Peripheral State and Error functions
 622:Drivers/STM32WBxx_HAL_Driver/Src/stm32wbxx_hal_ipcc.c ****   *
 623:Drivers/STM32WBxx_HAL_Driver/Src/stm32wbxx_hal_ipcc.c **** @verbatim
 624:Drivers/STM32WBxx_HAL_Driver/Src/stm32wbxx_hal_ipcc.c ****   ==============================================================================
 625:Drivers/STM32WBxx_HAL_Driver/Src/stm32wbxx_hal_ipcc.c ****             ##### Peripheral State and Error functions #####
 626:Drivers/STM32WBxx_HAL_Driver/Src/stm32wbxx_hal_ipcc.c ****   ==============================================================================
 627:Drivers/STM32WBxx_HAL_Driver/Src/stm32wbxx_hal_ipcc.c ****     [..]
 628:Drivers/STM32WBxx_HAL_Driver/Src/stm32wbxx_hal_ipcc.c ****     This subsection permit to get in run-time the status of the peripheral
 629:Drivers/STM32WBxx_HAL_Driver/Src/stm32wbxx_hal_ipcc.c ****     and the data flow.
 630:Drivers/STM32WBxx_HAL_Driver/Src/stm32wbxx_hal_ipcc.c **** 
 631:Drivers/STM32WBxx_HAL_Driver/Src/stm32wbxx_hal_ipcc.c **** @endverbatim
 632:Drivers/STM32WBxx_HAL_Driver/Src/stm32wbxx_hal_ipcc.c ****   * @{
 633:Drivers/STM32WBxx_HAL_Driver/Src/stm32wbxx_hal_ipcc.c ****   */
 634:Drivers/STM32WBxx_HAL_Driver/Src/stm32wbxx_hal_ipcc.c **** 
 635:Drivers/STM32WBxx_HAL_Driver/Src/stm32wbxx_hal_ipcc.c **** /**
 636:Drivers/STM32WBxx_HAL_Driver/Src/stm32wbxx_hal_ipcc.c ****   * @brief Return the IPCC handle state.
 637:Drivers/STM32WBxx_HAL_Driver/Src/stm32wbxx_hal_ipcc.c ****   * @param  hipcc IPCC handle
 638:Drivers/STM32WBxx_HAL_Driver/Src/stm32wbxx_hal_ipcc.c ****   * @retval IPCC handle state
 639:Drivers/STM32WBxx_HAL_Driver/Src/stm32wbxx_hal_ipcc.c ****   */
 640:Drivers/STM32WBxx_HAL_Driver/Src/stm32wbxx_hal_ipcc.c **** HAL_IPCC_StateTypeDef HAL_IPCC_GetState(IPCC_HandleTypeDef const *const hipcc)
 641:Drivers/STM32WBxx_HAL_Driver/Src/stm32wbxx_hal_ipcc.c **** {
 411              		.loc 1 641 1 is_stmt 1 view -0
 412              		.cfi_startproc
 413              		@ args = 0, pretend = 0, frame = 0
 414              		@ frame_needed = 0, uses_anonymous_args = 0
 415              		@ link register save eliminated.
ARM GAS  /var/folders/98/ctz5mtps7w71v8dr53cf5qg40000gn/T//ccN8oykb.s 			page 21


 642:Drivers/STM32WBxx_HAL_Driver/Src/stm32wbxx_hal_ipcc.c ****   return hipcc->State;
 416              		.loc 1 642 3 view .LVU110
 417              		.loc 1 642 15 is_stmt 0 view .LVU111
 418 0000 90F83800 		ldrb	r0, [r0, #56]	@ zero_extendqisi2
 419              	.LVL35:
 643:Drivers/STM32WBxx_HAL_Driver/Src/stm32wbxx_hal_ipcc.c **** }
 420              		.loc 1 643 1 view .LVU112
 421 0004 7047     		bx	lr
 422              		.cfi_endproc
 423              	.LFE962:
 425              		.section	.text.IPCC_MaskInterrupt,"ax",%progbits
 426              		.align	1
 427              		.global	IPCC_MaskInterrupt
 428              		.syntax unified
 429              		.thumb
 430              		.thumb_func
 432              	IPCC_MaskInterrupt:
 433              	.LVL36:
 434              	.LFB963:
 644:Drivers/STM32WBxx_HAL_Driver/Src/stm32wbxx_hal_ipcc.c **** 
 645:Drivers/STM32WBxx_HAL_Driver/Src/stm32wbxx_hal_ipcc.c **** /**
 646:Drivers/STM32WBxx_HAL_Driver/Src/stm32wbxx_hal_ipcc.c ****   * @}
 647:Drivers/STM32WBxx_HAL_Driver/Src/stm32wbxx_hal_ipcc.c ****   */
 648:Drivers/STM32WBxx_HAL_Driver/Src/stm32wbxx_hal_ipcc.c **** 
 649:Drivers/STM32WBxx_HAL_Driver/Src/stm32wbxx_hal_ipcc.c **** /**
 650:Drivers/STM32WBxx_HAL_Driver/Src/stm32wbxx_hal_ipcc.c ****   * @}
 651:Drivers/STM32WBxx_HAL_Driver/Src/stm32wbxx_hal_ipcc.c ****   */
 652:Drivers/STM32WBxx_HAL_Driver/Src/stm32wbxx_hal_ipcc.c **** 
 653:Drivers/STM32WBxx_HAL_Driver/Src/stm32wbxx_hal_ipcc.c **** /** @addtogroup IPCC_Private_Functions
 654:Drivers/STM32WBxx_HAL_Driver/Src/stm32wbxx_hal_ipcc.c ****   * @{
 655:Drivers/STM32WBxx_HAL_Driver/Src/stm32wbxx_hal_ipcc.c ****   */
 656:Drivers/STM32WBxx_HAL_Driver/Src/stm32wbxx_hal_ipcc.c **** 
 657:Drivers/STM32WBxx_HAL_Driver/Src/stm32wbxx_hal_ipcc.c **** /**
 658:Drivers/STM32WBxx_HAL_Driver/Src/stm32wbxx_hal_ipcc.c ****   * @brief  Mask IPCC interrupts.
 659:Drivers/STM32WBxx_HAL_Driver/Src/stm32wbxx_hal_ipcc.c ****   * @param  ChannelIndex Channel number
 660:Drivers/STM32WBxx_HAL_Driver/Src/stm32wbxx_hal_ipcc.c ****   *          This parameter can be one of the following values:
 661:Drivers/STM32WBxx_HAL_Driver/Src/stm32wbxx_hal_ipcc.c ****   *            @arg IPCC_CHANNEL_1: IPCC Channel 1
 662:Drivers/STM32WBxx_HAL_Driver/Src/stm32wbxx_hal_ipcc.c ****   *            @arg IPCC_CHANNEL_2: IPCC Channel 2
 663:Drivers/STM32WBxx_HAL_Driver/Src/stm32wbxx_hal_ipcc.c ****   *            @arg IPCC_CHANNEL_3: IPCC Channel 3
 664:Drivers/STM32WBxx_HAL_Driver/Src/stm32wbxx_hal_ipcc.c ****   *            @arg IPCC_CHANNEL_4: IPCC Channel 4
 665:Drivers/STM32WBxx_HAL_Driver/Src/stm32wbxx_hal_ipcc.c ****   *            @arg IPCC_CHANNEL_5: IPCC Channel 5
 666:Drivers/STM32WBxx_HAL_Driver/Src/stm32wbxx_hal_ipcc.c ****   *            @arg IPCC_CHANNEL_6: IPCC Channel 6
 667:Drivers/STM32WBxx_HAL_Driver/Src/stm32wbxx_hal_ipcc.c ****   * @param  ChannelDir Channel direction
 668:Drivers/STM32WBxx_HAL_Driver/Src/stm32wbxx_hal_ipcc.c ****   */
 669:Drivers/STM32WBxx_HAL_Driver/Src/stm32wbxx_hal_ipcc.c **** void IPCC_MaskInterrupt(uint32_t ChannelIndex, IPCC_CHANNELDirTypeDef ChannelDir)
 670:Drivers/STM32WBxx_HAL_Driver/Src/stm32wbxx_hal_ipcc.c **** {
 435              		.loc 1 670 1 is_stmt 1 view -0
 436              		.cfi_startproc
 437              		@ args = 0, pretend = 0, frame = 0
 438              		@ frame_needed = 0, uses_anonymous_args = 0
 439              		@ link register save eliminated.
 671:Drivers/STM32WBxx_HAL_Driver/Src/stm32wbxx_hal_ipcc.c ****   IPCC_CommonTypeDef *currentInstance = IPCC_C1;
 440              		.loc 1 671 3 view .LVU114
 672:Drivers/STM32WBxx_HAL_Driver/Src/stm32wbxx_hal_ipcc.c ****   if (ChannelDir == IPCC_CHANNEL_DIR_TX)
 441              		.loc 1 672 3 view .LVU115
 442              		.loc 1 672 6 is_stmt 0 view .LVU116
 443 0000 49B9     		cbnz	r1, .L32
ARM GAS  /var/folders/98/ctz5mtps7w71v8dr53cf5qg40000gn/T//ccN8oykb.s 			page 22


 673:Drivers/STM32WBxx_HAL_Driver/Src/stm32wbxx_hal_ipcc.c ****   {
 674:Drivers/STM32WBxx_HAL_Driver/Src/stm32wbxx_hal_ipcc.c ****     /* Mask interrupt */
 675:Drivers/STM32WBxx_HAL_Driver/Src/stm32wbxx_hal_ipcc.c ****     currentInstance->MR |= (IPCC_MR_CH1FM_Msk << (ChannelIndex & CHANNEL_INDEX_MASK));
 444              		.loc 1 675 5 is_stmt 1 view .LVU117
 445              		.loc 1 675 20 is_stmt 0 view .LVU118
 446 0002 0949     		ldr	r1, .L34
 447              	.LVL37:
 448              		.loc 1 675 20 view .LVU119
 449 0004 4B68     		ldr	r3, [r1, #4]
 450              		.loc 1 675 64 view .LVU120
 451 0006 00F00F00 		and	r0, r0, #15
 452              	.LVL38:
 453              		.loc 1 675 47 view .LVU121
 454 000a 4FF48032 		mov	r2, #65536
 455 000e 8240     		lsls	r2, r2, r0
 456              		.loc 1 675 25 view .LVU122
 457 0010 1343     		orrs	r3, r3, r2
 458 0012 4B60     		str	r3, [r1, #4]
 459 0014 7047     		bx	lr
 460              	.LVL39:
 461              	.L32:
 676:Drivers/STM32WBxx_HAL_Driver/Src/stm32wbxx_hal_ipcc.c ****   }
 677:Drivers/STM32WBxx_HAL_Driver/Src/stm32wbxx_hal_ipcc.c ****   else
 678:Drivers/STM32WBxx_HAL_Driver/Src/stm32wbxx_hal_ipcc.c ****   {
 679:Drivers/STM32WBxx_HAL_Driver/Src/stm32wbxx_hal_ipcc.c ****     /* Mask interrupt */
 680:Drivers/STM32WBxx_HAL_Driver/Src/stm32wbxx_hal_ipcc.c ****     currentInstance->MR |= (IPCC_MR_CH1OM_Msk << (ChannelIndex & CHANNEL_INDEX_MASK));
 462              		.loc 1 680 5 is_stmt 1 view .LVU123
 463              		.loc 1 680 20 is_stmt 0 view .LVU124
 464 0016 0449     		ldr	r1, .L34
 465              	.LVL40:
 466              		.loc 1 680 20 view .LVU125
 467 0018 4B68     		ldr	r3, [r1, #4]
 468              		.loc 1 680 64 view .LVU126
 469 001a 00F00F00 		and	r0, r0, #15
 470              	.LVL41:
 471              		.loc 1 680 47 view .LVU127
 472 001e 0122     		movs	r2, #1
 473 0020 8240     		lsls	r2, r2, r0
 474              		.loc 1 680 25 view .LVU128
 475 0022 1343     		orrs	r3, r3, r2
 476 0024 4B60     		str	r3, [r1, #4]
 681:Drivers/STM32WBxx_HAL_Driver/Src/stm32wbxx_hal_ipcc.c ****   }
 682:Drivers/STM32WBxx_HAL_Driver/Src/stm32wbxx_hal_ipcc.c **** }
 477              		.loc 1 682 1 view .LVU129
 478 0026 7047     		bx	lr
 479              	.L35:
 480              		.align	2
 481              	.L34:
 482 0028 000C0058 		.word	1476398080
 483              		.cfi_endproc
 484              	.LFE963:
 486              		.section	.text.HAL_IPCC_DeActivateNotification,"ax",%progbits
 487              		.align	1
 488              		.global	HAL_IPCC_DeActivateNotification
 489              		.syntax unified
 490              		.thumb
 491              		.thumb_func
ARM GAS  /var/folders/98/ctz5mtps7w71v8dr53cf5qg40000gn/T//ccN8oykb.s 			page 23


 493              	HAL_IPCC_DeActivateNotification:
 494              	.LVL42:
 495              	.LFB955:
 365:Drivers/STM32WBxx_HAL_Driver/Src/stm32wbxx_hal_ipcc.c ****   HAL_StatusTypeDef err = HAL_OK;
 496              		.loc 1 365 1 is_stmt 1 view -0
 497              		.cfi_startproc
 498              		@ args = 0, pretend = 0, frame = 0
 499              		@ frame_needed = 0, uses_anonymous_args = 0
 366:Drivers/STM32WBxx_HAL_Driver/Src/stm32wbxx_hal_ipcc.c **** 
 500              		.loc 1 366 3 view .LVU131
 369:Drivers/STM32WBxx_HAL_Driver/Src/stm32wbxx_hal_ipcc.c ****   {
 501              		.loc 1 369 3 view .LVU132
 369:Drivers/STM32WBxx_HAL_Driver/Src/stm32wbxx_hal_ipcc.c ****   {
 502              		.loc 1 369 6 is_stmt 0 view .LVU133
 503 0000 68B3     		cbz	r0, .L40
 365:Drivers/STM32WBxx_HAL_Driver/Src/stm32wbxx_hal_ipcc.c ****   HAL_StatusTypeDef err = HAL_OK;
 504              		.loc 1 365 1 view .LVU134
 505 0002 08B5     		push	{r3, lr}
 506              	.LCFI2:
 507              		.cfi_def_cfa_offset 8
 508              		.cfi_offset 3, -8
 509              		.cfi_offset 14, -4
 510 0004 8C46     		mov	ip, r1
 511 0006 0346     		mov	r3, r0
 372:Drivers/STM32WBxx_HAL_Driver/Src/stm32wbxx_hal_ipcc.c **** 
 512              		.loc 1 372 5 is_stmt 1 view .LVU135
 375:Drivers/STM32WBxx_HAL_Driver/Src/stm32wbxx_hal_ipcc.c ****     {
 513              		.loc 1 375 5 view .LVU136
 375:Drivers/STM32WBxx_HAL_Driver/Src/stm32wbxx_hal_ipcc.c ****     {
 514              		.loc 1 375 14 is_stmt 0 view .LVU137
 515 0008 90F83810 		ldrb	r1, [r0, #56]	@ zero_extendqisi2
 516              	.LVL43:
 375:Drivers/STM32WBxx_HAL_Driver/Src/stm32wbxx_hal_ipcc.c ****     {
 517              		.loc 1 375 8 view .LVU138
 518 000c 0129     		cmp	r1, #1
 519 000e 01D0     		beq	.L46
 394:Drivers/STM32WBxx_HAL_Driver/Src/stm32wbxx_hal_ipcc.c ****     }
 520              		.loc 1 394 11 view .LVU139
 521 0010 0120     		movs	r0, #1
 522              	.LVL44:
 523              	.L37:
 401:Drivers/STM32WBxx_HAL_Driver/Src/stm32wbxx_hal_ipcc.c **** }
 524              		.loc 1 401 3 is_stmt 1 view .LVU140
 402:Drivers/STM32WBxx_HAL_Driver/Src/stm32wbxx_hal_ipcc.c **** 
 525              		.loc 1 402 1 is_stmt 0 view .LVU141
 526 0012 08BD     		pop	{r3, pc}
 527              	.LVL45:
 528              	.L46:
 378:Drivers/STM32WBxx_HAL_Driver/Src/stm32wbxx_hal_ipcc.c ****       {
 529              		.loc 1 378 7 is_stmt 1 view .LVU142
 378:Drivers/STM32WBxx_HAL_Driver/Src/stm32wbxx_hal_ipcc.c ****       {
 530              		.loc 1 378 10 is_stmt 0 view .LVU143
 531 0014 AAB9     		cbnz	r2, .L38
 380:Drivers/STM32WBxx_HAL_Driver/Src/stm32wbxx_hal_ipcc.c ****         hipcc->callbackRequest &= ~(IPCC_MR_CH1FM_Msk << (ChannelIndex & CHANNEL_INDEX_MASK));
 532              		.loc 1 380 9 is_stmt 1 view .LVU144
 380:Drivers/STM32WBxx_HAL_Driver/Src/stm32wbxx_hal_ipcc.c ****         hipcc->callbackRequest &= ~(IPCC_MR_CH1FM_Msk << (ChannelIndex & CHANNEL_INDEX_MASK));
 533              		.loc 1 380 48 is_stmt 0 view .LVU145
ARM GAS  /var/folders/98/ctz5mtps7w71v8dr53cf5qg40000gn/T//ccN8oykb.s 			page 24


 534 0016 0CF10601 		add	r1, ip, #6
 535 001a 00EB8101 		add	r1, r0, r1, lsl #2
 536 001e 1148     		ldr	r0, .L47
 537              	.LVL46:
 380:Drivers/STM32WBxx_HAL_Driver/Src/stm32wbxx_hal_ipcc.c ****         hipcc->callbackRequest &= ~(IPCC_MR_CH1FM_Msk << (ChannelIndex & CHANNEL_INDEX_MASK));
 538              		.loc 1 380 48 view .LVU146
 539 0020 4860     		str	r0, [r1, #4]
 381:Drivers/STM32WBxx_HAL_Driver/Src/stm32wbxx_hal_ipcc.c ****       }
 540              		.loc 1 381 9 is_stmt 1 view .LVU147
 381:Drivers/STM32WBxx_HAL_Driver/Src/stm32wbxx_hal_ipcc.c ****       }
 541              		.loc 1 381 14 is_stmt 0 view .LVU148
 542 0022 596B     		ldr	r1, [r3, #52]
 381:Drivers/STM32WBxx_HAL_Driver/Src/stm32wbxx_hal_ipcc.c ****       }
 543              		.loc 1 381 72 view .LVU149
 544 0024 0CF00F0E 		and	lr, ip, #15
 381:Drivers/STM32WBxx_HAL_Driver/Src/stm32wbxx_hal_ipcc.c ****       }
 545              		.loc 1 381 55 view .LVU150
 546 0028 4FF48030 		mov	r0, #65536
 547 002c 00FA0EF0 		lsl	r0, r0, lr
 381:Drivers/STM32WBxx_HAL_Driver/Src/stm32wbxx_hal_ipcc.c ****       }
 548              		.loc 1 381 32 view .LVU151
 549 0030 21EA0001 		bic	r1, r1, r0
 550 0034 5963     		str	r1, [r3, #52]
 551              	.L39:
 390:Drivers/STM32WBxx_HAL_Driver/Src/stm32wbxx_hal_ipcc.c ****     }
 552              		.loc 1 390 7 is_stmt 1 view .LVU152
 553 0036 1146     		mov	r1, r2
 554 0038 6046     		mov	r0, ip
 555 003a FFF7FEFF 		bl	IPCC_MaskInterrupt
 556              	.LVL47:
 366:Drivers/STM32WBxx_HAL_Driver/Src/stm32wbxx_hal_ipcc.c **** 
 557              		.loc 1 366 21 is_stmt 0 view .LVU153
 558 003e 0020     		movs	r0, #0
 559 0040 E7E7     		b	.L37
 560              	.LVL48:
 561              	.L38:
 385:Drivers/STM32WBxx_HAL_Driver/Src/stm32wbxx_hal_ipcc.c ****         hipcc->callbackRequest &= ~(IPCC_MR_CH1OM_Msk << (ChannelIndex & CHANNEL_INDEX_MASK));
 562              		.loc 1 385 9 is_stmt 1 view .LVU154
 385:Drivers/STM32WBxx_HAL_Driver/Src/stm32wbxx_hal_ipcc.c ****         hipcc->callbackRequest &= ~(IPCC_MR_CH1OM_Msk << (ChannelIndex & CHANNEL_INDEX_MASK));
 563              		.loc 1 385 48 is_stmt 0 view .LVU155
 564 0042 00EB8C01 		add	r1, r0, ip, lsl #2
 565 0046 0848     		ldr	r0, .L47+4
 566              	.LVL49:
 385:Drivers/STM32WBxx_HAL_Driver/Src/stm32wbxx_hal_ipcc.c ****         hipcc->callbackRequest &= ~(IPCC_MR_CH1OM_Msk << (ChannelIndex & CHANNEL_INDEX_MASK));
 567              		.loc 1 385 48 view .LVU156
 568 0048 4860     		str	r0, [r1, #4]
 386:Drivers/STM32WBxx_HAL_Driver/Src/stm32wbxx_hal_ipcc.c ****       }
 569              		.loc 1 386 9 is_stmt 1 view .LVU157
 386:Drivers/STM32WBxx_HAL_Driver/Src/stm32wbxx_hal_ipcc.c ****       }
 570              		.loc 1 386 14 is_stmt 0 view .LVU158
 571 004a 596B     		ldr	r1, [r3, #52]
 386:Drivers/STM32WBxx_HAL_Driver/Src/stm32wbxx_hal_ipcc.c ****       }
 572              		.loc 1 386 72 view .LVU159
 573 004c 0CF00F0E 		and	lr, ip, #15
 386:Drivers/STM32WBxx_HAL_Driver/Src/stm32wbxx_hal_ipcc.c ****       }
 574              		.loc 1 386 55 view .LVU160
 575 0050 0120     		movs	r0, #1
ARM GAS  /var/folders/98/ctz5mtps7w71v8dr53cf5qg40000gn/T//ccN8oykb.s 			page 25


 576 0052 00FA0EF0 		lsl	r0, r0, lr
 386:Drivers/STM32WBxx_HAL_Driver/Src/stm32wbxx_hal_ipcc.c ****       }
 577              		.loc 1 386 32 view .LVU161
 578 0056 21EA0001 		bic	r1, r1, r0
 579 005a 5963     		str	r1, [r3, #52]
 580 005c EBE7     		b	.L39
 581              	.LVL50:
 582              	.L40:
 583              	.LCFI3:
 584              		.cfi_def_cfa_offset 0
 585              		.cfi_restore 3
 586              		.cfi_restore 14
 399:Drivers/STM32WBxx_HAL_Driver/Src/stm32wbxx_hal_ipcc.c ****   }
 587              		.loc 1 399 9 view .LVU162
 588 005e 0120     		movs	r0, #1
 589              	.LVL51:
 401:Drivers/STM32WBxx_HAL_Driver/Src/stm32wbxx_hal_ipcc.c **** }
 590              		.loc 1 401 3 is_stmt 1 view .LVU163
 402:Drivers/STM32WBxx_HAL_Driver/Src/stm32wbxx_hal_ipcc.c **** 
 591              		.loc 1 402 1 is_stmt 0 view .LVU164
 592 0060 7047     		bx	lr
 593              	.L48:
 594 0062 00BF     		.align	2
 595              	.L47:
 596 0064 00000000 		.word	HAL_IPCC_TxCallback
 597 0068 00000000 		.word	HAL_IPCC_RxCallback
 598              		.cfi_endproc
 599              	.LFE955:
 601              		.section	.text.IPCC_UnmaskInterrupt,"ax",%progbits
 602              		.align	1
 603              		.global	IPCC_UnmaskInterrupt
 604              		.syntax unified
 605              		.thumb
 606              		.thumb_func
 608              	IPCC_UnmaskInterrupt:
 609              	.LVL52:
 610              	.LFB964:
 683:Drivers/STM32WBxx_HAL_Driver/Src/stm32wbxx_hal_ipcc.c **** /**
 684:Drivers/STM32WBxx_HAL_Driver/Src/stm32wbxx_hal_ipcc.c ****   * @brief  Unmask IPCC interrupts.
 685:Drivers/STM32WBxx_HAL_Driver/Src/stm32wbxx_hal_ipcc.c ****   * @param  ChannelIndex Channel number
 686:Drivers/STM32WBxx_HAL_Driver/Src/stm32wbxx_hal_ipcc.c ****   *          This parameter can be one of the following values:
 687:Drivers/STM32WBxx_HAL_Driver/Src/stm32wbxx_hal_ipcc.c ****   *            @arg IPCC_CHANNEL_1: IPCC Channel 1
 688:Drivers/STM32WBxx_HAL_Driver/Src/stm32wbxx_hal_ipcc.c ****   *            @arg IPCC_CHANNEL_2: IPCC Channel 2
 689:Drivers/STM32WBxx_HAL_Driver/Src/stm32wbxx_hal_ipcc.c ****   *            @arg IPCC_CHANNEL_3: IPCC Channel 3
 690:Drivers/STM32WBxx_HAL_Driver/Src/stm32wbxx_hal_ipcc.c ****   *            @arg IPCC_CHANNEL_4: IPCC Channel 4
 691:Drivers/STM32WBxx_HAL_Driver/Src/stm32wbxx_hal_ipcc.c ****   *            @arg IPCC_CHANNEL_5: IPCC Channel 5
 692:Drivers/STM32WBxx_HAL_Driver/Src/stm32wbxx_hal_ipcc.c ****   *            @arg IPCC_CHANNEL_6: IPCC Channel 6
 693:Drivers/STM32WBxx_HAL_Driver/Src/stm32wbxx_hal_ipcc.c ****   * @param  ChannelDir Channel direction
 694:Drivers/STM32WBxx_HAL_Driver/Src/stm32wbxx_hal_ipcc.c ****   */
 695:Drivers/STM32WBxx_HAL_Driver/Src/stm32wbxx_hal_ipcc.c **** void IPCC_UnmaskInterrupt(uint32_t ChannelIndex, IPCC_CHANNELDirTypeDef ChannelDir)
 696:Drivers/STM32WBxx_HAL_Driver/Src/stm32wbxx_hal_ipcc.c **** {
 611              		.loc 1 696 1 is_stmt 1 view -0
 612              		.cfi_startproc
 613              		@ args = 0, pretend = 0, frame = 0
 614              		@ frame_needed = 0, uses_anonymous_args = 0
 615              		@ link register save eliminated.
 697:Drivers/STM32WBxx_HAL_Driver/Src/stm32wbxx_hal_ipcc.c ****   IPCC_CommonTypeDef *currentInstance = IPCC_C1;
ARM GAS  /var/folders/98/ctz5mtps7w71v8dr53cf5qg40000gn/T//ccN8oykb.s 			page 26


 616              		.loc 1 697 3 view .LVU166
 698:Drivers/STM32WBxx_HAL_Driver/Src/stm32wbxx_hal_ipcc.c ****   if (ChannelDir == IPCC_CHANNEL_DIR_TX)
 617              		.loc 1 698 3 view .LVU167
 618              		.loc 1 698 6 is_stmt 0 view .LVU168
 619 0000 51B9     		cbnz	r1, .L50
 699:Drivers/STM32WBxx_HAL_Driver/Src/stm32wbxx_hal_ipcc.c ****   {
 700:Drivers/STM32WBxx_HAL_Driver/Src/stm32wbxx_hal_ipcc.c ****     /* Unmask interrupt */
 701:Drivers/STM32WBxx_HAL_Driver/Src/stm32wbxx_hal_ipcc.c ****     currentInstance->MR &= ~(IPCC_MR_CH1FM_Msk << (ChannelIndex & CHANNEL_INDEX_MASK));
 620              		.loc 1 701 5 is_stmt 1 view .LVU169
 621              		.loc 1 701 20 is_stmt 0 view .LVU170
 622 0002 0A49     		ldr	r1, .L52
 623              	.LVL53:
 624              		.loc 1 701 20 view .LVU171
 625 0004 4B68     		ldr	r3, [r1, #4]
 626              		.loc 1 701 65 view .LVU172
 627 0006 00F00F00 		and	r0, r0, #15
 628              	.LVL54:
 629              		.loc 1 701 48 view .LVU173
 630 000a 4FF48032 		mov	r2, #65536
 631 000e 8240     		lsls	r2, r2, r0
 632              		.loc 1 701 25 view .LVU174
 633 0010 23EA0203 		bic	r3, r3, r2
 634 0014 4B60     		str	r3, [r1, #4]
 635 0016 7047     		bx	lr
 636              	.LVL55:
 637              	.L50:
 702:Drivers/STM32WBxx_HAL_Driver/Src/stm32wbxx_hal_ipcc.c ****   }
 703:Drivers/STM32WBxx_HAL_Driver/Src/stm32wbxx_hal_ipcc.c ****   else
 704:Drivers/STM32WBxx_HAL_Driver/Src/stm32wbxx_hal_ipcc.c ****   {
 705:Drivers/STM32WBxx_HAL_Driver/Src/stm32wbxx_hal_ipcc.c ****     /* Unmask interrupt */
 706:Drivers/STM32WBxx_HAL_Driver/Src/stm32wbxx_hal_ipcc.c ****     currentInstance->MR &= ~(IPCC_MR_CH1OM_Msk << (ChannelIndex & CHANNEL_INDEX_MASK));
 638              		.loc 1 706 5 is_stmt 1 view .LVU175
 639              		.loc 1 706 20 is_stmt 0 view .LVU176
 640 0018 0449     		ldr	r1, .L52
 641              	.LVL56:
 642              		.loc 1 706 20 view .LVU177
 643 001a 4B68     		ldr	r3, [r1, #4]
 644              		.loc 1 706 65 view .LVU178
 645 001c 00F00F00 		and	r0, r0, #15
 646              	.LVL57:
 647              		.loc 1 706 48 view .LVU179
 648 0020 0122     		movs	r2, #1
 649 0022 8240     		lsls	r2, r2, r0
 650              		.loc 1 706 25 view .LVU180
 651 0024 23EA0203 		bic	r3, r3, r2
 652 0028 4B60     		str	r3, [r1, #4]
 707:Drivers/STM32WBxx_HAL_Driver/Src/stm32wbxx_hal_ipcc.c ****   }
 708:Drivers/STM32WBxx_HAL_Driver/Src/stm32wbxx_hal_ipcc.c **** }
 653              		.loc 1 708 1 view .LVU181
 654 002a 7047     		bx	lr
 655              	.L53:
 656              		.align	2
 657              	.L52:
 658 002c 000C0058 		.word	1476398080
 659              		.cfi_endproc
 660              	.LFE964:
 662              		.section	.text.HAL_IPCC_ActivateNotification,"ax",%progbits
ARM GAS  /var/folders/98/ctz5mtps7w71v8dr53cf5qg40000gn/T//ccN8oykb.s 			page 27


 663              		.align	1
 664              		.global	HAL_IPCC_ActivateNotification
 665              		.syntax unified
 666              		.thumb
 667              		.thumb_func
 669              	HAL_IPCC_ActivateNotification:
 670              	.LVL58:
 671              	.LFB954:
 307:Drivers/STM32WBxx_HAL_Driver/Src/stm32wbxx_hal_ipcc.c ****   HAL_StatusTypeDef err = HAL_OK;
 672              		.loc 1 307 1 is_stmt 1 view -0
 673              		.cfi_startproc
 674              		@ args = 0, pretend = 0, frame = 0
 675              		@ frame_needed = 0, uses_anonymous_args = 0
 308:Drivers/STM32WBxx_HAL_Driver/Src/stm32wbxx_hal_ipcc.c **** 
 676              		.loc 1 308 3 view .LVU183
 311:Drivers/STM32WBxx_HAL_Driver/Src/stm32wbxx_hal_ipcc.c ****   {
 677              		.loc 1 311 3 view .LVU184
 311:Drivers/STM32WBxx_HAL_Driver/Src/stm32wbxx_hal_ipcc.c ****   {
 678              		.loc 1 311 6 is_stmt 0 view .LVU185
 679 0000 68B3     		cbz	r0, .L58
 307:Drivers/STM32WBxx_HAL_Driver/Src/stm32wbxx_hal_ipcc.c ****   HAL_StatusTypeDef err = HAL_OK;
 680              		.loc 1 307 1 view .LVU186
 681 0002 08B5     		push	{r3, lr}
 682              	.LCFI4:
 683              		.cfi_def_cfa_offset 8
 684              		.cfi_offset 3, -8
 685              		.cfi_offset 14, -4
 686 0004 8E46     		mov	lr, r1
 687 0006 8446     		mov	ip, r0
 314:Drivers/STM32WBxx_HAL_Driver/Src/stm32wbxx_hal_ipcc.c **** 
 688              		.loc 1 314 5 is_stmt 1 view .LVU187
 317:Drivers/STM32WBxx_HAL_Driver/Src/stm32wbxx_hal_ipcc.c ****     {
 689              		.loc 1 317 5 view .LVU188
 317:Drivers/STM32WBxx_HAL_Driver/Src/stm32wbxx_hal_ipcc.c ****     {
 690              		.loc 1 317 14 is_stmt 0 view .LVU189
 691 0008 90F83810 		ldrb	r1, [r0, #56]	@ zero_extendqisi2
 692              	.LVL59:
 317:Drivers/STM32WBxx_HAL_Driver/Src/stm32wbxx_hal_ipcc.c ****     {
 693              		.loc 1 317 8 view .LVU190
 694 000c 0129     		cmp	r1, #1
 695 000e 01D0     		beq	.L65
 339:Drivers/STM32WBxx_HAL_Driver/Src/stm32wbxx_hal_ipcc.c ****     }
 696              		.loc 1 339 11 view .LVU191
 697 0010 0120     		movs	r0, #1
 698              	.LVL60:
 699              	.L55:
 346:Drivers/STM32WBxx_HAL_Driver/Src/stm32wbxx_hal_ipcc.c **** }
 700              		.loc 1 346 3 is_stmt 1 view .LVU192
 347:Drivers/STM32WBxx_HAL_Driver/Src/stm32wbxx_hal_ipcc.c **** 
 701              		.loc 1 347 1 is_stmt 0 view .LVU193
 702 0012 08BD     		pop	{r3, pc}
 703              	.LVL61:
 704              	.L65:
 320:Drivers/STM32WBxx_HAL_Driver/Src/stm32wbxx_hal_ipcc.c ****       {
 705              		.loc 1 320 7 is_stmt 1 view .LVU194
 320:Drivers/STM32WBxx_HAL_Driver/Src/stm32wbxx_hal_ipcc.c ****       {
 706              		.loc 1 320 10 is_stmt 0 view .LVU195
ARM GAS  /var/folders/98/ctz5mtps7w71v8dr53cf5qg40000gn/T//ccN8oykb.s 			page 28


 707 0014 8AB9     		cbnz	r2, .L56
 322:Drivers/STM32WBxx_HAL_Driver/Src/stm32wbxx_hal_ipcc.c ****         hipcc->callbackRequest |= (IPCC_MR_CH1FM_Msk << (ChannelIndex & CHANNEL_INDEX_MASK));
 708              		.loc 1 322 9 is_stmt 1 view .LVU196
 322:Drivers/STM32WBxx_HAL_Driver/Src/stm32wbxx_hal_ipcc.c ****         hipcc->callbackRequest |= (IPCC_MR_CH1FM_Msk << (ChannelIndex & CHANNEL_INDEX_MASK));
 709              		.loc 1 322 48 is_stmt 0 view .LVU197
 710 0016 0EF10601 		add	r1, lr, #6
 711 001a 00EB8101 		add	r1, r0, r1, lsl #2
 712 001e 4B60     		str	r3, [r1, #4]
 323:Drivers/STM32WBxx_HAL_Driver/Src/stm32wbxx_hal_ipcc.c ****       }
 713              		.loc 1 323 9 is_stmt 1 view .LVU198
 323:Drivers/STM32WBxx_HAL_Driver/Src/stm32wbxx_hal_ipcc.c ****       }
 714              		.loc 1 323 14 is_stmt 0 view .LVU199
 715 0020 436B     		ldr	r3, [r0, #52]
 716              	.LVL62:
 323:Drivers/STM32WBxx_HAL_Driver/Src/stm32wbxx_hal_ipcc.c ****       }
 717              		.loc 1 323 71 view .LVU200
 718 0022 0EF00F00 		and	r0, lr, #15
 719              	.LVL63:
 323:Drivers/STM32WBxx_HAL_Driver/Src/stm32wbxx_hal_ipcc.c ****       }
 720              		.loc 1 323 54 view .LVU201
 721 0026 4FF48031 		mov	r1, #65536
 722              	.LVL64:
 323:Drivers/STM32WBxx_HAL_Driver/Src/stm32wbxx_hal_ipcc.c ****       }
 723              		.loc 1 323 54 view .LVU202
 724 002a 8140     		lsls	r1, r1, r0
 323:Drivers/STM32WBxx_HAL_Driver/Src/stm32wbxx_hal_ipcc.c ****       }
 725              		.loc 1 323 32 view .LVU203
 726 002c 0B43     		orrs	r3, r3, r1
 727 002e CCF83430 		str	r3, [ip, #52]
 728              	.LVL65:
 729              	.L57:
 332:Drivers/STM32WBxx_HAL_Driver/Src/stm32wbxx_hal_ipcc.c ****       {
 730              		.loc 1 332 7 is_stmt 1 view .LVU204
 332:Drivers/STM32WBxx_HAL_Driver/Src/stm32wbxx_hal_ipcc.c ****       {
 731              		.loc 1 332 10 is_stmt 0 view .LVU205
 732 0032 012A     		cmp	r2, #1
 733 0034 0DD0     		beq	.L66
 308:Drivers/STM32WBxx_HAL_Driver/Src/stm32wbxx_hal_ipcc.c **** 
 734              		.loc 1 308 21 view .LVU206
 735 0036 0020     		movs	r0, #0
 736 0038 EBE7     		b	.L55
 737              	.LVL66:
 738              	.L56:
 327:Drivers/STM32WBxx_HAL_Driver/Src/stm32wbxx_hal_ipcc.c ****         hipcc->callbackRequest |= (IPCC_MR_CH1OM_Msk << (ChannelIndex & CHANNEL_INDEX_MASK));
 739              		.loc 1 327 9 is_stmt 1 view .LVU207
 327:Drivers/STM32WBxx_HAL_Driver/Src/stm32wbxx_hal_ipcc.c ****         hipcc->callbackRequest |= (IPCC_MR_CH1OM_Msk << (ChannelIndex & CHANNEL_INDEX_MASK));
 740              		.loc 1 327 48 is_stmt 0 view .LVU208
 741 003a 00EB8E01 		add	r1, r0, lr, lsl #2
 742 003e 4B60     		str	r3, [r1, #4]
 328:Drivers/STM32WBxx_HAL_Driver/Src/stm32wbxx_hal_ipcc.c ****       }
 743              		.loc 1 328 9 is_stmt 1 view .LVU209
 328:Drivers/STM32WBxx_HAL_Driver/Src/stm32wbxx_hal_ipcc.c ****       }
 744              		.loc 1 328 14 is_stmt 0 view .LVU210
 745 0040 436B     		ldr	r3, [r0, #52]
 746              	.LVL67:
 328:Drivers/STM32WBxx_HAL_Driver/Src/stm32wbxx_hal_ipcc.c ****       }
 747              		.loc 1 328 71 view .LVU211
ARM GAS  /var/folders/98/ctz5mtps7w71v8dr53cf5qg40000gn/T//ccN8oykb.s 			page 29


 748 0042 0EF00F00 		and	r0, lr, #15
 749              	.LVL68:
 328:Drivers/STM32WBxx_HAL_Driver/Src/stm32wbxx_hal_ipcc.c ****       }
 750              		.loc 1 328 54 view .LVU212
 751 0046 0121     		movs	r1, #1
 752              	.LVL69:
 328:Drivers/STM32WBxx_HAL_Driver/Src/stm32wbxx_hal_ipcc.c ****       }
 753              		.loc 1 328 54 view .LVU213
 754 0048 8140     		lsls	r1, r1, r0
 328:Drivers/STM32WBxx_HAL_Driver/Src/stm32wbxx_hal_ipcc.c ****       }
 755              		.loc 1 328 32 view .LVU214
 756 004a 0B43     		orrs	r3, r3, r1
 757 004c CCF83430 		str	r3, [ip, #52]
 758              	.LVL70:
 328:Drivers/STM32WBxx_HAL_Driver/Src/stm32wbxx_hal_ipcc.c ****       }
 759              		.loc 1 328 32 view .LVU215
 760 0050 EFE7     		b	.L57
 761              	.L66:
 334:Drivers/STM32WBxx_HAL_Driver/Src/stm32wbxx_hal_ipcc.c ****       }
 762              		.loc 1 334 9 is_stmt 1 view .LVU216
 763 0052 1146     		mov	r1, r2
 764 0054 7046     		mov	r0, lr
 765 0056 FFF7FEFF 		bl	IPCC_UnmaskInterrupt
 766              	.LVL71:
 308:Drivers/STM32WBxx_HAL_Driver/Src/stm32wbxx_hal_ipcc.c **** 
 767              		.loc 1 308 21 is_stmt 0 view .LVU217
 768 005a 0020     		movs	r0, #0
 769 005c D9E7     		b	.L55
 770              	.LVL72:
 771              	.L58:
 772              	.LCFI5:
 773              		.cfi_def_cfa_offset 0
 774              		.cfi_restore 3
 775              		.cfi_restore 14
 344:Drivers/STM32WBxx_HAL_Driver/Src/stm32wbxx_hal_ipcc.c ****   }
 776              		.loc 1 344 9 view .LVU218
 777 005e 0120     		movs	r0, #1
 778              	.LVL73:
 346:Drivers/STM32WBxx_HAL_Driver/Src/stm32wbxx_hal_ipcc.c **** }
 779              		.loc 1 346 3 is_stmt 1 view .LVU219
 347:Drivers/STM32WBxx_HAL_Driver/Src/stm32wbxx_hal_ipcc.c **** 
 780              		.loc 1 347 1 is_stmt 0 view .LVU220
 781 0060 7047     		bx	lr
 782              		.cfi_endproc
 783              	.LFE954:
 785              		.section	.text.HAL_IPCC_NotifyCPU,"ax",%progbits
 786              		.align	1
 787              		.global	HAL_IPCC_NotifyCPU
 788              		.syntax unified
 789              		.thumb
 790              		.thumb_func
 792              	HAL_IPCC_NotifyCPU:
 793              	.LVL74:
 794              	.LFB957:
 457:Drivers/STM32WBxx_HAL_Driver/Src/stm32wbxx_hal_ipcc.c ****   HAL_StatusTypeDef err = HAL_OK;
 795              		.loc 1 457 1 is_stmt 1 view -0
 796              		.cfi_startproc
ARM GAS  /var/folders/98/ctz5mtps7w71v8dr53cf5qg40000gn/T//ccN8oykb.s 			page 30


 797              		@ args = 0, pretend = 0, frame = 0
 798              		@ frame_needed = 0, uses_anonymous_args = 0
 458:Drivers/STM32WBxx_HAL_Driver/Src/stm32wbxx_hal_ipcc.c ****   uint32_t mask;
 799              		.loc 1 458 3 view .LVU222
 459:Drivers/STM32WBxx_HAL_Driver/Src/stm32wbxx_hal_ipcc.c ****   IPCC_CommonTypeDef *currentInstance = IPCC_C1;
 800              		.loc 1 459 3 view .LVU223
 460:Drivers/STM32WBxx_HAL_Driver/Src/stm32wbxx_hal_ipcc.c **** 
 801              		.loc 1 460 3 view .LVU224
 463:Drivers/STM32WBxx_HAL_Driver/Src/stm32wbxx_hal_ipcc.c **** 
 802              		.loc 1 463 3 view .LVU225
 466:Drivers/STM32WBxx_HAL_Driver/Src/stm32wbxx_hal_ipcc.c ****   {
 803              		.loc 1 466 3 view .LVU226
 466:Drivers/STM32WBxx_HAL_Driver/Src/stm32wbxx_hal_ipcc.c ****   {
 804              		.loc 1 466 12 is_stmt 0 view .LVU227
 805 0000 90F83830 		ldrb	r3, [r0, #56]	@ zero_extendqisi2
 466:Drivers/STM32WBxx_HAL_Driver/Src/stm32wbxx_hal_ipcc.c ****   {
 806              		.loc 1 466 6 view .LVU228
 807 0004 012B     		cmp	r3, #1
 808 0006 01D0     		beq	.L77
 483:Drivers/STM32WBxx_HAL_Driver/Src/stm32wbxx_hal_ipcc.c ****   }
 809              		.loc 1 483 9 view .LVU229
 810 0008 0120     		movs	r0, #1
 811              	.LVL75:
 486:Drivers/STM32WBxx_HAL_Driver/Src/stm32wbxx_hal_ipcc.c **** }
 812              		.loc 1 486 3 is_stmt 1 view .LVU230
 487:Drivers/STM32WBxx_HAL_Driver/Src/stm32wbxx_hal_ipcc.c **** 
 813              		.loc 1 487 1 is_stmt 0 view .LVU231
 814 000a 7047     		bx	lr
 815              	.LVL76:
 816              	.L77:
 457:Drivers/STM32WBxx_HAL_Driver/Src/stm32wbxx_hal_ipcc.c ****   HAL_StatusTypeDef err = HAL_OK;
 817              		.loc 1 457 1 view .LVU232
 818 000c 10B5     		push	{r4, lr}
 819              	.LCFI6:
 820              		.cfi_def_cfa_offset 8
 821              		.cfi_offset 4, -8
 822              		.cfi_offset 14, -4
 823 000e 8C46     		mov	ip, r1
 469:Drivers/STM32WBxx_HAL_Driver/Src/stm32wbxx_hal_ipcc.c ****                              IPCC_SCR_CH1C)
 824              		.loc 1 469 5 is_stmt 1 view .LVU233
 469:Drivers/STM32WBxx_HAL_Driver/Src/stm32wbxx_hal_ipcc.c ****                              IPCC_SCR_CH1C)
 825              		.loc 1 469 20 is_stmt 0 view .LVU234
 826 0010 0B4B     		ldr	r3, .L79
 827 0012 9968     		ldr	r1, [r3, #8]
 828              	.LVL77:
 469:Drivers/STM32WBxx_HAL_Driver/Src/stm32wbxx_hal_ipcc.c ****                              IPCC_SCR_CH1C)
 829              		.loc 1 469 82 view .LVU235
 830 0014 62B9     		cbnz	r2, .L71
 469:Drivers/STM32WBxx_HAL_Driver/Src/stm32wbxx_hal_ipcc.c ****                              IPCC_SCR_CH1C)
 831              		.loc 1 469 82 discriminator 1 view .LVU236
 832 0016 4FF48033 		mov	r3, #65536
 833              	.L69:
 471:Drivers/STM32WBxx_HAL_Driver/Src/stm32wbxx_hal_ipcc.c **** 
 834              		.loc 1 471 46 view .LVU237
 835 001a 0CF00F04 		and	r4, ip, #15
 471:Drivers/STM32WBxx_HAL_Driver/Src/stm32wbxx_hal_ipcc.c **** 
 836              		.loc 1 471 29 view .LVU238
ARM GAS  /var/folders/98/ctz5mtps7w71v8dr53cf5qg40000gn/T//ccN8oykb.s 			page 31


 837 001e A340     		lsls	r3, r3, r4
 469:Drivers/STM32WBxx_HAL_Driver/Src/stm32wbxx_hal_ipcc.c ****                              IPCC_SCR_CH1C)
 838              		.loc 1 469 26 view .LVU239
 839 0020 1943     		orrs	r1, r1, r3
 840 0022 074C     		ldr	r4, .L79
 841 0024 A160     		str	r1, [r4, #8]
 474:Drivers/STM32WBxx_HAL_Driver/Src/stm32wbxx_hal_ipcc.c ****             IPCC_MR_CH1OM_Msk) << (ChannelIndex & CHANNEL_INDEX_MASK);
 842              		.loc 1 474 5 is_stmt 1 view .LVU240
 843              	.LVL78:
 476:Drivers/STM32WBxx_HAL_Driver/Src/stm32wbxx_hal_ipcc.c ****     {
 844              		.loc 1 476 5 view .LVU241
 476:Drivers/STM32WBxx_HAL_Driver/Src/stm32wbxx_hal_ipcc.c ****     {
 845              		.loc 1 476 15 is_stmt 0 view .LVU242
 846 0026 416B     		ldr	r1, [r0, #52]
 476:Drivers/STM32WBxx_HAL_Driver/Src/stm32wbxx_hal_ipcc.c ****     {
 847              		.loc 1 476 8 view .LVU243
 848 0028 8B43     		bics	r3, r3, r1
 849              	.LVL79:
 476:Drivers/STM32WBxx_HAL_Driver/Src/stm32wbxx_hal_ipcc.c ****     {
 850              		.loc 1 476 8 view .LVU244
 851 002a 03D0     		beq	.L78
 458:Drivers/STM32WBxx_HAL_Driver/Src/stm32wbxx_hal_ipcc.c ****   uint32_t mask;
 852              		.loc 1 458 21 view .LVU245
 853 002c 0020     		movs	r0, #0
 854              	.LVL80:
 855              	.L68:
 486:Drivers/STM32WBxx_HAL_Driver/Src/stm32wbxx_hal_ipcc.c **** }
 856              		.loc 1 486 3 is_stmt 1 view .LVU246
 487:Drivers/STM32WBxx_HAL_Driver/Src/stm32wbxx_hal_ipcc.c **** 
 857              		.loc 1 487 1 is_stmt 0 view .LVU247
 858 002e 10BD     		pop	{r4, pc}
 859              	.LVL81:
 860              	.L71:
 469:Drivers/STM32WBxx_HAL_Driver/Src/stm32wbxx_hal_ipcc.c ****                              IPCC_SCR_CH1C)
 861              		.loc 1 469 82 discriminator 2 view .LVU248
 862 0030 0123     		movs	r3, #1
 863 0032 F2E7     		b	.L69
 864              	.LVL82:
 865              	.L78:
 478:Drivers/STM32WBxx_HAL_Driver/Src/stm32wbxx_hal_ipcc.c ****     }
 866              		.loc 1 478 7 is_stmt 1 view .LVU249
 867 0034 1146     		mov	r1, r2
 868 0036 6046     		mov	r0, ip
 869              	.LVL83:
 478:Drivers/STM32WBxx_HAL_Driver/Src/stm32wbxx_hal_ipcc.c ****     }
 870              		.loc 1 478 7 is_stmt 0 view .LVU250
 871 0038 FFF7FEFF 		bl	IPCC_UnmaskInterrupt
 872              	.LVL84:
 458:Drivers/STM32WBxx_HAL_Driver/Src/stm32wbxx_hal_ipcc.c ****   uint32_t mask;
 873              		.loc 1 458 21 view .LVU251
 874 003c 0020     		movs	r0, #0
 875 003e F6E7     		b	.L68
 876              	.L80:
 877              		.align	2
 878              	.L79:
 879 0040 000C0058 		.word	1476398080
 880              		.cfi_endproc
ARM GAS  /var/folders/98/ctz5mtps7w71v8dr53cf5qg40000gn/T//ccN8oykb.s 			page 32


 881              	.LFE957:
 883              		.section	.text.IPCC_SetDefaultCallbacks,"ax",%progbits
 884              		.align	1
 885              		.global	IPCC_SetDefaultCallbacks
 886              		.syntax unified
 887              		.thumb
 888              		.thumb_func
 890              	IPCC_SetDefaultCallbacks:
 891              	.LVL85:
 892              	.LFB965:
 709:Drivers/STM32WBxx_HAL_Driver/Src/stm32wbxx_hal_ipcc.c **** 
 710:Drivers/STM32WBxx_HAL_Driver/Src/stm32wbxx_hal_ipcc.c **** /**
 711:Drivers/STM32WBxx_HAL_Driver/Src/stm32wbxx_hal_ipcc.c ****   * @brief Reset all callbacks of the handle to NULL.
 712:Drivers/STM32WBxx_HAL_Driver/Src/stm32wbxx_hal_ipcc.c ****   * @param  hipcc IPCC handle
 713:Drivers/STM32WBxx_HAL_Driver/Src/stm32wbxx_hal_ipcc.c ****   */
 714:Drivers/STM32WBxx_HAL_Driver/Src/stm32wbxx_hal_ipcc.c **** void IPCC_SetDefaultCallbacks(IPCC_HandleTypeDef *hipcc)
 715:Drivers/STM32WBxx_HAL_Driver/Src/stm32wbxx_hal_ipcc.c **** {
 893              		.loc 1 715 1 is_stmt 1 view -0
 894              		.cfi_startproc
 895              		@ args = 0, pretend = 0, frame = 0
 896              		@ frame_needed = 0, uses_anonymous_args = 0
 897              		@ link register save eliminated.
 716:Drivers/STM32WBxx_HAL_Driver/Src/stm32wbxx_hal_ipcc.c ****   uint32_t i;
 898              		.loc 1 716 3 view .LVU253
 717:Drivers/STM32WBxx_HAL_Driver/Src/stm32wbxx_hal_ipcc.c ****   /* Set all callbacks to default */
 718:Drivers/STM32WBxx_HAL_Driver/Src/stm32wbxx_hal_ipcc.c ****   for (i = 0; i < IPCC_CHANNEL_NUMBER; i++)
 899              		.loc 1 718 3 view .LVU254
 900              		.loc 1 718 10 is_stmt 0 view .LVU255
 901 0000 0023     		movs	r3, #0
 902              		.loc 1 718 3 view .LVU256
 903 0002 09E0     		b	.L82
 904              	.LVL86:
 905              	.L83:
 719:Drivers/STM32WBxx_HAL_Driver/Src/stm32wbxx_hal_ipcc.c ****   {
 720:Drivers/STM32WBxx_HAL_Driver/Src/stm32wbxx_hal_ipcc.c ****     hipcc->ChannelCallbackRx[i] = HAL_IPCC_RxCallback;
 906              		.loc 1 720 5 is_stmt 1 view .LVU257
 907              		.loc 1 720 33 is_stmt 0 view .LVU258
 908 0004 00EB8302 		add	r2, r0, r3, lsl #2
 909 0008 0549     		ldr	r1, .L84
 910 000a 5160     		str	r1, [r2, #4]
 721:Drivers/STM32WBxx_HAL_Driver/Src/stm32wbxx_hal_ipcc.c ****     hipcc->ChannelCallbackTx[i] = HAL_IPCC_TxCallback;
 911              		.loc 1 721 5 is_stmt 1 view .LVU259
 912              		.loc 1 721 33 is_stmt 0 view .LVU260
 913 000c 9A1D     		adds	r2, r3, #6
 914 000e 00EB8202 		add	r2, r0, r2, lsl #2
 915 0012 0449     		ldr	r1, .L84+4
 916 0014 5160     		str	r1, [r2, #4]
 718:Drivers/STM32WBxx_HAL_Driver/Src/stm32wbxx_hal_ipcc.c ****   {
 917              		.loc 1 718 41 is_stmt 1 discriminator 3 view .LVU261
 918 0016 0133     		adds	r3, r3, #1
 919              	.LVL87:
 920              	.L82:
 718:Drivers/STM32WBxx_HAL_Driver/Src/stm32wbxx_hal_ipcc.c ****   {
 921              		.loc 1 718 17 discriminator 1 view .LVU262
 922 0018 052B     		cmp	r3, #5
 923 001a F3D9     		bls	.L83
 722:Drivers/STM32WBxx_HAL_Driver/Src/stm32wbxx_hal_ipcc.c ****   }
ARM GAS  /var/folders/98/ctz5mtps7w71v8dr53cf5qg40000gn/T//ccN8oykb.s 			page 33


 723:Drivers/STM32WBxx_HAL_Driver/Src/stm32wbxx_hal_ipcc.c **** }
 924              		.loc 1 723 1 is_stmt 0 view .LVU263
 925 001c 7047     		bx	lr
 926              	.L85:
 927 001e 00BF     		.align	2
 928              	.L84:
 929 0020 00000000 		.word	HAL_IPCC_RxCallback
 930 0024 00000000 		.word	HAL_IPCC_TxCallback
 931              		.cfi_endproc
 932              	.LFE965:
 934              		.section	.text.IPCC_Reset_Register,"ax",%progbits
 935              		.align	1
 936              		.global	IPCC_Reset_Register
 937              		.syntax unified
 938              		.thumb
 939              		.thumb_func
 941              	IPCC_Reset_Register:
 942              	.LVL88:
 943              	.LFB966:
 724:Drivers/STM32WBxx_HAL_Driver/Src/stm32wbxx_hal_ipcc.c **** 
 725:Drivers/STM32WBxx_HAL_Driver/Src/stm32wbxx_hal_ipcc.c **** /**
 726:Drivers/STM32WBxx_HAL_Driver/Src/stm32wbxx_hal_ipcc.c ****   * @brief Reset IPCC register to default value for the concerned instance.
 727:Drivers/STM32WBxx_HAL_Driver/Src/stm32wbxx_hal_ipcc.c ****   * @param  Instance pointer to register
 728:Drivers/STM32WBxx_HAL_Driver/Src/stm32wbxx_hal_ipcc.c ****   */
 729:Drivers/STM32WBxx_HAL_Driver/Src/stm32wbxx_hal_ipcc.c **** void IPCC_Reset_Register(IPCC_CommonTypeDef *Instance)
 730:Drivers/STM32WBxx_HAL_Driver/Src/stm32wbxx_hal_ipcc.c **** {
 944              		.loc 1 730 1 is_stmt 1 view -0
 945              		.cfi_startproc
 946              		@ args = 0, pretend = 0, frame = 0
 947              		@ frame_needed = 0, uses_anonymous_args = 0
 948              		@ link register save eliminated.
 731:Drivers/STM32WBxx_HAL_Driver/Src/stm32wbxx_hal_ipcc.c ****   /* Disable RX and TX interrupts */
 732:Drivers/STM32WBxx_HAL_Driver/Src/stm32wbxx_hal_ipcc.c ****   Instance->CR  = 0x00000000U;
 949              		.loc 1 732 3 view .LVU265
 950              		.loc 1 732 17 is_stmt 0 view .LVU266
 951 0000 0023     		movs	r3, #0
 952 0002 0360     		str	r3, [r0]
 733:Drivers/STM32WBxx_HAL_Driver/Src/stm32wbxx_hal_ipcc.c **** 
 734:Drivers/STM32WBxx_HAL_Driver/Src/stm32wbxx_hal_ipcc.c ****   /* Mask RX and TX interrupts */
 735:Drivers/STM32WBxx_HAL_Driver/Src/stm32wbxx_hal_ipcc.c ****   Instance->MR  = (IPCC_ALL_TX_BUF | IPCC_ALL_RX_BUF);
 953              		.loc 1 735 3 is_stmt 1 view .LVU267
 954              		.loc 1 735 17 is_stmt 0 view .LVU268
 955 0004 4FF03F13 		mov	r3, #4128831
 956 0008 4360     		str	r3, [r0, #4]
 736:Drivers/STM32WBxx_HAL_Driver/Src/stm32wbxx_hal_ipcc.c **** 
 737:Drivers/STM32WBxx_HAL_Driver/Src/stm32wbxx_hal_ipcc.c ****   /* Clear RX status */
 738:Drivers/STM32WBxx_HAL_Driver/Src/stm32wbxx_hal_ipcc.c ****   Instance->SCR = IPCC_ALL_RX_BUF;
 957              		.loc 1 738 3 is_stmt 1 view .LVU269
 958              		.loc 1 738 17 is_stmt 0 view .LVU270
 959 000a 3F23     		movs	r3, #63
 960 000c 8360     		str	r3, [r0, #8]
 739:Drivers/STM32WBxx_HAL_Driver/Src/stm32wbxx_hal_ipcc.c **** }
 961              		.loc 1 739 1 view .LVU271
 962 000e 7047     		bx	lr
 963              		.cfi_endproc
 964              	.LFE966:
 966              		.section	.text.HAL_IPCC_Init,"ax",%progbits
ARM GAS  /var/folders/98/ctz5mtps7w71v8dr53cf5qg40000gn/T//ccN8oykb.s 			page 34


 967              		.align	1
 968              		.global	HAL_IPCC_Init
 969              		.syntax unified
 970              		.thumb
 971              		.thumb_func
 973              	HAL_IPCC_Init:
 974              	.LVL89:
 975              	.LFB950:
 127:Drivers/STM32WBxx_HAL_Driver/Src/stm32wbxx_hal_ipcc.c ****   HAL_StatusTypeDef err = HAL_OK;
 976              		.loc 1 127 1 is_stmt 1 view -0
 977              		.cfi_startproc
 978              		@ args = 0, pretend = 0, frame = 0
 979              		@ frame_needed = 0, uses_anonymous_args = 0
 128:Drivers/STM32WBxx_HAL_Driver/Src/stm32wbxx_hal_ipcc.c **** 
 980              		.loc 1 128 3 view .LVU273
 131:Drivers/STM32WBxx_HAL_Driver/Src/stm32wbxx_hal_ipcc.c ****   {
 981              		.loc 1 131 3 view .LVU274
 131:Drivers/STM32WBxx_HAL_Driver/Src/stm32wbxx_hal_ipcc.c ****   {
 982              		.loc 1 131 6 is_stmt 0 view .LVU275
 983 0000 C0B1     		cbz	r0, .L90
 127:Drivers/STM32WBxx_HAL_Driver/Src/stm32wbxx_hal_ipcc.c ****   HAL_StatusTypeDef err = HAL_OK;
 984              		.loc 1 127 1 view .LVU276
 985 0002 38B5     		push	{r3, r4, r5, lr}
 986              	.LCFI7:
 987              		.cfi_def_cfa_offset 16
 988              		.cfi_offset 3, -16
 989              		.cfi_offset 4, -12
 990              		.cfi_offset 5, -8
 991              		.cfi_offset 14, -4
 992 0004 0446     		mov	r4, r0
 993              	.LBB2:
 134:Drivers/STM32WBxx_HAL_Driver/Src/stm32wbxx_hal_ipcc.c **** 
 994              		.loc 1 134 5 is_stmt 1 view .LVU277
 136:Drivers/STM32WBxx_HAL_Driver/Src/stm32wbxx_hal_ipcc.c **** 
 995              		.loc 1 136 5 view .LVU278
 996              	.LVL90:
 138:Drivers/STM32WBxx_HAL_Driver/Src/stm32wbxx_hal_ipcc.c ****     {
 997              		.loc 1 138 5 view .LVU279
 138:Drivers/STM32WBxx_HAL_Driver/Src/stm32wbxx_hal_ipcc.c ****     {
 998              		.loc 1 138 14 is_stmt 0 view .LVU280
 999 0006 90F83830 		ldrb	r3, [r0, #56]	@ zero_extendqisi2
 138:Drivers/STM32WBxx_HAL_Driver/Src/stm32wbxx_hal_ipcc.c ****     {
 1000              		.loc 1 138 8 view .LVU281
 1001 000a 83B1     		cbz	r3, .L95
 1002              	.LVL91:
 1003              	.L89:
 145:Drivers/STM32WBxx_HAL_Driver/Src/stm32wbxx_hal_ipcc.c **** 
 1004              		.loc 1 145 5 is_stmt 1 view .LVU282
 1005 000c 0A4D     		ldr	r5, .L96
 1006 000e 2846     		mov	r0, r5
 1007 0010 FFF7FEFF 		bl	IPCC_Reset_Register
 1008              	.LVL92:
 148:Drivers/STM32WBxx_HAL_Driver/Src/stm32wbxx_hal_ipcc.c **** 
 1009              		.loc 1 148 5 view .LVU283
 148:Drivers/STM32WBxx_HAL_Driver/Src/stm32wbxx_hal_ipcc.c **** 
 1010              		.loc 1 148 20 is_stmt 0 view .LVU284
 1011 0014 2B68     		ldr	r3, [r5]
ARM GAS  /var/folders/98/ctz5mtps7w71v8dr53cf5qg40000gn/T//ccN8oykb.s 			page 35


 148:Drivers/STM32WBxx_HAL_Driver/Src/stm32wbxx_hal_ipcc.c **** 
 1012              		.loc 1 148 25 view .LVU285
 1013 0016 43F00113 		orr	r3, r3, #65537
 1014 001a 2B60     		str	r3, [r5]
 151:Drivers/STM32WBxx_HAL_Driver/Src/stm32wbxx_hal_ipcc.c **** 
 1015              		.loc 1 151 5 is_stmt 1 view .LVU286
 1016 001c 2046     		mov	r0, r4
 1017 001e FFF7FEFF 		bl	IPCC_SetDefaultCallbacks
 1018              	.LVL93:
 154:Drivers/STM32WBxx_HAL_Driver/Src/stm32wbxx_hal_ipcc.c **** 
 1019              		.loc 1 154 5 view .LVU287
 154:Drivers/STM32WBxx_HAL_Driver/Src/stm32wbxx_hal_ipcc.c **** 
 1020              		.loc 1 154 28 is_stmt 0 view .LVU288
 1021 0022 0020     		movs	r0, #0
 1022 0024 6063     		str	r0, [r4, #52]
 156:Drivers/STM32WBxx_HAL_Driver/Src/stm32wbxx_hal_ipcc.c ****   }
 1023              		.loc 1 156 5 is_stmt 1 view .LVU289
 156:Drivers/STM32WBxx_HAL_Driver/Src/stm32wbxx_hal_ipcc.c ****   }
 1024              		.loc 1 156 18 is_stmt 0 view .LVU290
 1025 0026 0123     		movs	r3, #1
 1026 0028 84F83830 		strb	r3, [r4, #56]
 1027              	.LVL94:
 156:Drivers/STM32WBxx_HAL_Driver/Src/stm32wbxx_hal_ipcc.c ****   }
 1028              		.loc 1 156 18 view .LVU291
 1029              	.LBE2:
 163:Drivers/STM32WBxx_HAL_Driver/Src/stm32wbxx_hal_ipcc.c **** }
 1030              		.loc 1 163 3 is_stmt 1 view .LVU292
 164:Drivers/STM32WBxx_HAL_Driver/Src/stm32wbxx_hal_ipcc.c **** 
 1031              		.loc 1 164 1 is_stmt 0 view .LVU293
 1032 002c 38BD     		pop	{r3, r4, r5, pc}
 1033              	.LVL95:
 1034              	.L95:
 1035              	.LBB3:
 141:Drivers/STM32WBxx_HAL_Driver/Src/stm32wbxx_hal_ipcc.c ****     }
 1036              		.loc 1 141 7 is_stmt 1 view .LVU294
 1037 002e FFF7FEFF 		bl	HAL_IPCC_MspInit
 1038              	.LVL96:
 141:Drivers/STM32WBxx_HAL_Driver/Src/stm32wbxx_hal_ipcc.c ****     }
 1039              		.loc 1 141 7 is_stmt 0 view .LVU295
 1040 0032 EBE7     		b	.L89
 1041              	.LVL97:
 1042              	.L90:
 1043              	.LCFI8:
 1044              		.cfi_def_cfa_offset 0
 1045              		.cfi_restore 3
 1046              		.cfi_restore 4
 1047              		.cfi_restore 5
 1048              		.cfi_restore 14
 141:Drivers/STM32WBxx_HAL_Driver/Src/stm32wbxx_hal_ipcc.c ****     }
 1049              		.loc 1 141 7 view .LVU296
 1050              	.LBE3:
 160:Drivers/STM32WBxx_HAL_Driver/Src/stm32wbxx_hal_ipcc.c ****   }
 1051              		.loc 1 160 9 view .LVU297
 1052 0034 0120     		movs	r0, #1
 1053              	.LVL98:
 163:Drivers/STM32WBxx_HAL_Driver/Src/stm32wbxx_hal_ipcc.c **** }
 1054              		.loc 1 163 3 is_stmt 1 view .LVU298
ARM GAS  /var/folders/98/ctz5mtps7w71v8dr53cf5qg40000gn/T//ccN8oykb.s 			page 36


 164:Drivers/STM32WBxx_HAL_Driver/Src/stm32wbxx_hal_ipcc.c **** 
 1055              		.loc 1 164 1 is_stmt 0 view .LVU299
 1056 0036 7047     		bx	lr
 1057              	.L97:
 1058              		.align	2
 1059              	.L96:
 1060 0038 000C0058 		.word	1476398080
 1061              		.cfi_endproc
 1062              	.LFE950:
 1064              		.section	.text.HAL_IPCC_DeInit,"ax",%progbits
 1065              		.align	1
 1066              		.global	HAL_IPCC_DeInit
 1067              		.syntax unified
 1068              		.thumb
 1069              		.thumb_func
 1071              	HAL_IPCC_DeInit:
 1072              	.LVL99:
 1073              	.LFB951:
 172:Drivers/STM32WBxx_HAL_Driver/Src/stm32wbxx_hal_ipcc.c ****   HAL_StatusTypeDef err = HAL_OK;
 1074              		.loc 1 172 1 is_stmt 1 view -0
 1075              		.cfi_startproc
 1076              		@ args = 0, pretend = 0, frame = 0
 1077              		@ frame_needed = 0, uses_anonymous_args = 0
 173:Drivers/STM32WBxx_HAL_Driver/Src/stm32wbxx_hal_ipcc.c **** 
 1078              		.loc 1 173 3 view .LVU301
 176:Drivers/STM32WBxx_HAL_Driver/Src/stm32wbxx_hal_ipcc.c ****   {
 1079              		.loc 1 176 3 view .LVU302
 176:Drivers/STM32WBxx_HAL_Driver/Src/stm32wbxx_hal_ipcc.c ****   {
 1080              		.loc 1 176 6 is_stmt 0 view .LVU303
 1081 0000 98B1     		cbz	r0, .L100
 172:Drivers/STM32WBxx_HAL_Driver/Src/stm32wbxx_hal_ipcc.c ****   HAL_StatusTypeDef err = HAL_OK;
 1082              		.loc 1 172 1 view .LVU304
 1083 0002 38B5     		push	{r3, r4, r5, lr}
 1084              	.LCFI9:
 1085              		.cfi_def_cfa_offset 16
 1086              		.cfi_offset 3, -16
 1087              		.cfi_offset 4, -12
 1088              		.cfi_offset 5, -8
 1089              		.cfi_offset 14, -4
 1090 0004 0546     		mov	r5, r0
 1091              	.LBB4:
 178:Drivers/STM32WBxx_HAL_Driver/Src/stm32wbxx_hal_ipcc.c ****     IPCC_CommonTypeDef *currentInstance = IPCC_C1;
 1092              		.loc 1 178 5 is_stmt 1 view .LVU305
 179:Drivers/STM32WBxx_HAL_Driver/Src/stm32wbxx_hal_ipcc.c **** 
 1093              		.loc 1 179 5 view .LVU306
 1094              	.LVL100:
 182:Drivers/STM32WBxx_HAL_Driver/Src/stm32wbxx_hal_ipcc.c **** 
 1095              		.loc 1 182 5 view .LVU307
 182:Drivers/STM32WBxx_HAL_Driver/Src/stm32wbxx_hal_ipcc.c **** 
 1096              		.loc 1 182 18 is_stmt 0 view .LVU308
 1097 0006 0223     		movs	r3, #2
 1098 0008 80F83830 		strb	r3, [r0, #56]
 185:Drivers/STM32WBxx_HAL_Driver/Src/stm32wbxx_hal_ipcc.c **** 
 1099              		.loc 1 185 5 is_stmt 1 view .LVU309
 1100 000c 0848     		ldr	r0, .L105
 1101              	.LVL101:
 185:Drivers/STM32WBxx_HAL_Driver/Src/stm32wbxx_hal_ipcc.c **** 
ARM GAS  /var/folders/98/ctz5mtps7w71v8dr53cf5qg40000gn/T//ccN8oykb.s 			page 37


 1102              		.loc 1 185 5 is_stmt 0 view .LVU310
 1103 000e FFF7FEFF 		bl	IPCC_Reset_Register
 1104              	.LVL102:
 188:Drivers/STM32WBxx_HAL_Driver/Src/stm32wbxx_hal_ipcc.c **** 
 1105              		.loc 1 188 5 is_stmt 1 view .LVU311
 1106 0012 2846     		mov	r0, r5
 1107 0014 FFF7FEFF 		bl	IPCC_SetDefaultCallbacks
 1108              	.LVL103:
 191:Drivers/STM32WBxx_HAL_Driver/Src/stm32wbxx_hal_ipcc.c **** 
 1109              		.loc 1 191 5 view .LVU312
 191:Drivers/STM32WBxx_HAL_Driver/Src/stm32wbxx_hal_ipcc.c **** 
 1110              		.loc 1 191 28 is_stmt 0 view .LVU313
 1111 0018 0024     		movs	r4, #0
 1112 001a 6C63     		str	r4, [r5, #52]
 194:Drivers/STM32WBxx_HAL_Driver/Src/stm32wbxx_hal_ipcc.c **** 
 1113              		.loc 1 194 5 is_stmt 1 view .LVU314
 1114 001c 2846     		mov	r0, r5
 1115 001e FFF7FEFF 		bl	HAL_IPCC_MspDeInit
 1116              	.LVL104:
 196:Drivers/STM32WBxx_HAL_Driver/Src/stm32wbxx_hal_ipcc.c ****   }
 1117              		.loc 1 196 5 view .LVU315
 196:Drivers/STM32WBxx_HAL_Driver/Src/stm32wbxx_hal_ipcc.c ****   }
 1118              		.loc 1 196 18 is_stmt 0 view .LVU316
 1119 0022 85F83840 		strb	r4, [r5, #56]
 1120              	.LBE4:
 173:Drivers/STM32WBxx_HAL_Driver/Src/stm32wbxx_hal_ipcc.c **** 
 1121              		.loc 1 173 21 view .LVU317
 1122 0026 2046     		mov	r0, r4
 1123              	.LVL105:
 203:Drivers/STM32WBxx_HAL_Driver/Src/stm32wbxx_hal_ipcc.c **** }
 1124              		.loc 1 203 3 is_stmt 1 view .LVU318
 204:Drivers/STM32WBxx_HAL_Driver/Src/stm32wbxx_hal_ipcc.c **** 
 1125              		.loc 1 204 1 is_stmt 0 view .LVU319
 1126 0028 38BD     		pop	{r3, r4, r5, pc}
 1127              	.LVL106:
 1128              	.L100:
 1129              	.LCFI10:
 1130              		.cfi_def_cfa_offset 0
 1131              		.cfi_restore 3
 1132              		.cfi_restore 4
 1133              		.cfi_restore 5
 1134              		.cfi_restore 14
 200:Drivers/STM32WBxx_HAL_Driver/Src/stm32wbxx_hal_ipcc.c ****   }
 1135              		.loc 1 200 9 view .LVU320
 1136 002a 0120     		movs	r0, #1
 1137              	.LVL107:
 203:Drivers/STM32WBxx_HAL_Driver/Src/stm32wbxx_hal_ipcc.c **** }
 1138              		.loc 1 203 3 is_stmt 1 view .LVU321
 204:Drivers/STM32WBxx_HAL_Driver/Src/stm32wbxx_hal_ipcc.c **** 
 1139              		.loc 1 204 1 is_stmt 0 view .LVU322
 1140 002c 7047     		bx	lr
 1141              	.L106:
 1142 002e 00BF     		.align	2
 1143              	.L105:
 1144 0030 000C0058 		.word	1476398080
 1145              		.cfi_endproc
 1146              	.LFE951:
ARM GAS  /var/folders/98/ctz5mtps7w71v8dr53cf5qg40000gn/T//ccN8oykb.s 			page 38


 1148              		.text
 1149              	.Letext0:
 1150              		.file 2 "/Users/yevhenvazhynskyi/Drivers/arm-gnu-toolchain-14.2.rel1-darwin-arm64-arm-none-eabi/ar
 1151              		.file 3 "/Users/yevhenvazhynskyi/Drivers/arm-gnu-toolchain-14.2.rel1-darwin-arm64-arm-none-eabi/ar
 1152              		.file 4 "Drivers/CMSIS/Device/ST/STM32WBxx/Include/stm32wb55xx.h"
 1153              		.file 5 "Drivers/STM32WBxx_HAL_Driver/Inc/stm32wbxx_hal_def.h"
 1154              		.file 6 "Drivers/STM32WBxx_HAL_Driver/Inc/stm32wbxx_hal_ipcc.h"
ARM GAS  /var/folders/98/ctz5mtps7w71v8dr53cf5qg40000gn/T//ccN8oykb.s 			page 39


DEFINED SYMBOLS
                            *ABS*:00000000 stm32wbxx_hal_ipcc.c
/var/folders/98/ctz5mtps7w71v8dr53cf5qg40000gn/T//ccN8oykb.s:21     .text.HAL_IPCC_RxCallback:00000000 $t
/var/folders/98/ctz5mtps7w71v8dr53cf5qg40000gn/T//ccN8oykb.s:27     .text.HAL_IPCC_RxCallback:00000000 HAL_IPCC_RxCallback
/var/folders/98/ctz5mtps7w71v8dr53cf5qg40000gn/T//ccN8oykb.s:44     .text.HAL_IPCC_TxCallback:00000000 $t
/var/folders/98/ctz5mtps7w71v8dr53cf5qg40000gn/T//ccN8oykb.s:50     .text.HAL_IPCC_TxCallback:00000000 HAL_IPCC_TxCallback
/var/folders/98/ctz5mtps7w71v8dr53cf5qg40000gn/T//ccN8oykb.s:67     .text.HAL_IPCC_MspInit:00000000 $t
/var/folders/98/ctz5mtps7w71v8dr53cf5qg40000gn/T//ccN8oykb.s:73     .text.HAL_IPCC_MspInit:00000000 HAL_IPCC_MspInit
/var/folders/98/ctz5mtps7w71v8dr53cf5qg40000gn/T//ccN8oykb.s:88     .text.HAL_IPCC_MspDeInit:00000000 $t
/var/folders/98/ctz5mtps7w71v8dr53cf5qg40000gn/T//ccN8oykb.s:94     .text.HAL_IPCC_MspDeInit:00000000 HAL_IPCC_MspDeInit
/var/folders/98/ctz5mtps7w71v8dr53cf5qg40000gn/T//ccN8oykb.s:109    .text.HAL_IPCC_GetChannelStatus:00000000 $t
/var/folders/98/ctz5mtps7w71v8dr53cf5qg40000gn/T//ccN8oykb.s:115    .text.HAL_IPCC_GetChannelStatus:00000000 HAL_IPCC_GetChannelStatus
/var/folders/98/ctz5mtps7w71v8dr53cf5qg40000gn/T//ccN8oykb.s:173    .text.HAL_IPCC_GetChannelStatus:00000028 $d
/var/folders/98/ctz5mtps7w71v8dr53cf5qg40000gn/T//ccN8oykb.s:178    .text.HAL_IPCC_TX_IRQHandler:00000000 $t
/var/folders/98/ctz5mtps7w71v8dr53cf5qg40000gn/T//ccN8oykb.s:184    .text.HAL_IPCC_TX_IRQHandler:00000000 HAL_IPCC_TX_IRQHandler
/var/folders/98/ctz5mtps7w71v8dr53cf5qg40000gn/T//ccN8oykb.s:286    .text.HAL_IPCC_TX_IRQHandler:00000050 $d
/var/folders/98/ctz5mtps7w71v8dr53cf5qg40000gn/T//ccN8oykb.s:291    .text.HAL_IPCC_RX_IRQHandler:00000000 $t
/var/folders/98/ctz5mtps7w71v8dr53cf5qg40000gn/T//ccN8oykb.s:297    .text.HAL_IPCC_RX_IRQHandler:00000000 HAL_IPCC_RX_IRQHandler
/var/folders/98/ctz5mtps7w71v8dr53cf5qg40000gn/T//ccN8oykb.s:397    .text.HAL_IPCC_RX_IRQHandler:00000048 $d
/var/folders/98/ctz5mtps7w71v8dr53cf5qg40000gn/T//ccN8oykb.s:402    .text.HAL_IPCC_GetState:00000000 $t
/var/folders/98/ctz5mtps7w71v8dr53cf5qg40000gn/T//ccN8oykb.s:408    .text.HAL_IPCC_GetState:00000000 HAL_IPCC_GetState
/var/folders/98/ctz5mtps7w71v8dr53cf5qg40000gn/T//ccN8oykb.s:426    .text.IPCC_MaskInterrupt:00000000 $t
/var/folders/98/ctz5mtps7w71v8dr53cf5qg40000gn/T//ccN8oykb.s:432    .text.IPCC_MaskInterrupt:00000000 IPCC_MaskInterrupt
/var/folders/98/ctz5mtps7w71v8dr53cf5qg40000gn/T//ccN8oykb.s:482    .text.IPCC_MaskInterrupt:00000028 $d
/var/folders/98/ctz5mtps7w71v8dr53cf5qg40000gn/T//ccN8oykb.s:487    .text.HAL_IPCC_DeActivateNotification:00000000 $t
/var/folders/98/ctz5mtps7w71v8dr53cf5qg40000gn/T//ccN8oykb.s:493    .text.HAL_IPCC_DeActivateNotification:00000000 HAL_IPCC_DeActivateNotification
/var/folders/98/ctz5mtps7w71v8dr53cf5qg40000gn/T//ccN8oykb.s:596    .text.HAL_IPCC_DeActivateNotification:00000064 $d
/var/folders/98/ctz5mtps7w71v8dr53cf5qg40000gn/T//ccN8oykb.s:602    .text.IPCC_UnmaskInterrupt:00000000 $t
/var/folders/98/ctz5mtps7w71v8dr53cf5qg40000gn/T//ccN8oykb.s:608    .text.IPCC_UnmaskInterrupt:00000000 IPCC_UnmaskInterrupt
/var/folders/98/ctz5mtps7w71v8dr53cf5qg40000gn/T//ccN8oykb.s:658    .text.IPCC_UnmaskInterrupt:0000002c $d
/var/folders/98/ctz5mtps7w71v8dr53cf5qg40000gn/T//ccN8oykb.s:663    .text.HAL_IPCC_ActivateNotification:00000000 $t
/var/folders/98/ctz5mtps7w71v8dr53cf5qg40000gn/T//ccN8oykb.s:669    .text.HAL_IPCC_ActivateNotification:00000000 HAL_IPCC_ActivateNotification
/var/folders/98/ctz5mtps7w71v8dr53cf5qg40000gn/T//ccN8oykb.s:786    .text.HAL_IPCC_NotifyCPU:00000000 $t
/var/folders/98/ctz5mtps7w71v8dr53cf5qg40000gn/T//ccN8oykb.s:792    .text.HAL_IPCC_NotifyCPU:00000000 HAL_IPCC_NotifyCPU
/var/folders/98/ctz5mtps7w71v8dr53cf5qg40000gn/T//ccN8oykb.s:879    .text.HAL_IPCC_NotifyCPU:00000040 $d
/var/folders/98/ctz5mtps7w71v8dr53cf5qg40000gn/T//ccN8oykb.s:884    .text.IPCC_SetDefaultCallbacks:00000000 $t
/var/folders/98/ctz5mtps7w71v8dr53cf5qg40000gn/T//ccN8oykb.s:890    .text.IPCC_SetDefaultCallbacks:00000000 IPCC_SetDefaultCallbacks
/var/folders/98/ctz5mtps7w71v8dr53cf5qg40000gn/T//ccN8oykb.s:929    .text.IPCC_SetDefaultCallbacks:00000020 $d
/var/folders/98/ctz5mtps7w71v8dr53cf5qg40000gn/T//ccN8oykb.s:935    .text.IPCC_Reset_Register:00000000 $t
/var/folders/98/ctz5mtps7w71v8dr53cf5qg40000gn/T//ccN8oykb.s:941    .text.IPCC_Reset_Register:00000000 IPCC_Reset_Register
/var/folders/98/ctz5mtps7w71v8dr53cf5qg40000gn/T//ccN8oykb.s:967    .text.HAL_IPCC_Init:00000000 $t
/var/folders/98/ctz5mtps7w71v8dr53cf5qg40000gn/T//ccN8oykb.s:973    .text.HAL_IPCC_Init:00000000 HAL_IPCC_Init
/var/folders/98/ctz5mtps7w71v8dr53cf5qg40000gn/T//ccN8oykb.s:1060   .text.HAL_IPCC_Init:00000038 $d
/var/folders/98/ctz5mtps7w71v8dr53cf5qg40000gn/T//ccN8oykb.s:1065   .text.HAL_IPCC_DeInit:00000000 $t
/var/folders/98/ctz5mtps7w71v8dr53cf5qg40000gn/T//ccN8oykb.s:1071   .text.HAL_IPCC_DeInit:00000000 HAL_IPCC_DeInit
/var/folders/98/ctz5mtps7w71v8dr53cf5qg40000gn/T//ccN8oykb.s:1144   .text.HAL_IPCC_DeInit:00000030 $d

NO UNDEFINED SYMBOLS
