ARM GAS  /var/folders/98/ctz5mtps7w71v8dr53cf5qg40000gn/T//ccO5oMcB.s 			page 1


   1              		.cpu cortex-m4
   2              		.arch armv7e-m
   3              		.fpu fpv4-sp-d16
   4              		.eabi_attribute 27, 1
   5              		.eabi_attribute 28, 1
   6              		.eabi_attribute 20, 1
   7              		.eabi_attribute 21, 1
   8              		.eabi_attribute 23, 3
   9              		.eabi_attribute 24, 1
  10              		.eabi_attribute 25, 1
  11              		.eabi_attribute 26, 1
  12              		.eabi_attribute 30, 1
  13              		.eabi_attribute 34, 1
  14              		.eabi_attribute 18, 4
  15              		.file	"stm32wbxx_hal_tim_ex.c"
  16              		.text
  17              	.Ltext0:
  18              		.cfi_sections	.debug_frame
  19              		.file 1 "Drivers/STM32WBxx_HAL_Driver/Src/stm32wbxx_hal_tim_ex.c"
  20              		.section	.text.TIM_CCxNChannelCmd,"ax",%progbits
  21              		.align	1
  22              		.syntax unified
  23              		.thumb
  24              		.thumb_func
  26              	TIM_CCxNChannelCmd:
  27              	.LVL0:
  28              	.LFB996:
   1:Drivers/STM32WBxx_HAL_Driver/Src/stm32wbxx_hal_tim_ex.c **** /**
   2:Drivers/STM32WBxx_HAL_Driver/Src/stm32wbxx_hal_tim_ex.c ****   ******************************************************************************
   3:Drivers/STM32WBxx_HAL_Driver/Src/stm32wbxx_hal_tim_ex.c ****   * @file    stm32wbxx_hal_tim_ex.c
   4:Drivers/STM32WBxx_HAL_Driver/Src/stm32wbxx_hal_tim_ex.c ****   * @author  MCD Application Team
   5:Drivers/STM32WBxx_HAL_Driver/Src/stm32wbxx_hal_tim_ex.c ****   * @brief   TIM HAL module driver.
   6:Drivers/STM32WBxx_HAL_Driver/Src/stm32wbxx_hal_tim_ex.c ****   *          This file provides firmware functions to manage the following
   7:Drivers/STM32WBxx_HAL_Driver/Src/stm32wbxx_hal_tim_ex.c ****   *          functionalities of the Timer Extended peripheral:
   8:Drivers/STM32WBxx_HAL_Driver/Src/stm32wbxx_hal_tim_ex.c ****   *           + Time Hall Sensor Interface Initialization
   9:Drivers/STM32WBxx_HAL_Driver/Src/stm32wbxx_hal_tim_ex.c ****   *           + Time Hall Sensor Interface Start
  10:Drivers/STM32WBxx_HAL_Driver/Src/stm32wbxx_hal_tim_ex.c ****   *           + Time Complementary signal break and dead time configuration
  11:Drivers/STM32WBxx_HAL_Driver/Src/stm32wbxx_hal_tim_ex.c ****   *           + Time Master and Slave synchronization configuration
  12:Drivers/STM32WBxx_HAL_Driver/Src/stm32wbxx_hal_tim_ex.c ****   *           + Time Output Compare/PWM Channel Configuration (for channels 5 and 6)
  13:Drivers/STM32WBxx_HAL_Driver/Src/stm32wbxx_hal_tim_ex.c ****   *           + Time OCRef clear configuration
  14:Drivers/STM32WBxx_HAL_Driver/Src/stm32wbxx_hal_tim_ex.c ****   *           + Timer remapping capabilities configuration
  15:Drivers/STM32WBxx_HAL_Driver/Src/stm32wbxx_hal_tim_ex.c ****   ******************************************************************************
  16:Drivers/STM32WBxx_HAL_Driver/Src/stm32wbxx_hal_tim_ex.c ****   * @attention
  17:Drivers/STM32WBxx_HAL_Driver/Src/stm32wbxx_hal_tim_ex.c ****   *
  18:Drivers/STM32WBxx_HAL_Driver/Src/stm32wbxx_hal_tim_ex.c ****   * Copyright (c) 2019 STMicroelectronics.
  19:Drivers/STM32WBxx_HAL_Driver/Src/stm32wbxx_hal_tim_ex.c ****   * All rights reserved.
  20:Drivers/STM32WBxx_HAL_Driver/Src/stm32wbxx_hal_tim_ex.c ****   *
  21:Drivers/STM32WBxx_HAL_Driver/Src/stm32wbxx_hal_tim_ex.c ****   * This software is licensed under terms that can be found in the LICENSE file
  22:Drivers/STM32WBxx_HAL_Driver/Src/stm32wbxx_hal_tim_ex.c ****   * in the root directory of this software component.
  23:Drivers/STM32WBxx_HAL_Driver/Src/stm32wbxx_hal_tim_ex.c ****   * If no LICENSE file comes with this software, it is provided AS-IS.
  24:Drivers/STM32WBxx_HAL_Driver/Src/stm32wbxx_hal_tim_ex.c ****   *
  25:Drivers/STM32WBxx_HAL_Driver/Src/stm32wbxx_hal_tim_ex.c ****   ******************************************************************************
  26:Drivers/STM32WBxx_HAL_Driver/Src/stm32wbxx_hal_tim_ex.c ****   @verbatim
  27:Drivers/STM32WBxx_HAL_Driver/Src/stm32wbxx_hal_tim_ex.c ****   ==============================================================================
  28:Drivers/STM32WBxx_HAL_Driver/Src/stm32wbxx_hal_tim_ex.c ****                       ##### TIMER Extended features #####
  29:Drivers/STM32WBxx_HAL_Driver/Src/stm32wbxx_hal_tim_ex.c ****   ==============================================================================
  30:Drivers/STM32WBxx_HAL_Driver/Src/stm32wbxx_hal_tim_ex.c ****   [..]
ARM GAS  /var/folders/98/ctz5mtps7w71v8dr53cf5qg40000gn/T//ccO5oMcB.s 			page 2


  31:Drivers/STM32WBxx_HAL_Driver/Src/stm32wbxx_hal_tim_ex.c ****     The Timer Extended features include:
  32:Drivers/STM32WBxx_HAL_Driver/Src/stm32wbxx_hal_tim_ex.c ****     (#) Complementary outputs with programmable dead-time for :
  33:Drivers/STM32WBxx_HAL_Driver/Src/stm32wbxx_hal_tim_ex.c ****         (++) Output Compare
  34:Drivers/STM32WBxx_HAL_Driver/Src/stm32wbxx_hal_tim_ex.c ****         (++) PWM generation (Edge and Center-aligned Mode)
  35:Drivers/STM32WBxx_HAL_Driver/Src/stm32wbxx_hal_tim_ex.c ****         (++) One-pulse mode output
  36:Drivers/STM32WBxx_HAL_Driver/Src/stm32wbxx_hal_tim_ex.c ****     (#) Synchronization circuit to control the timer with external signals and to
  37:Drivers/STM32WBxx_HAL_Driver/Src/stm32wbxx_hal_tim_ex.c ****         interconnect several timers together.
  38:Drivers/STM32WBxx_HAL_Driver/Src/stm32wbxx_hal_tim_ex.c ****     (#) Break input to put the timer output signals in reset state or in a known state.
  39:Drivers/STM32WBxx_HAL_Driver/Src/stm32wbxx_hal_tim_ex.c ****     (#) Supports incremental (quadrature) encoder and hall-sensor circuitry for
  40:Drivers/STM32WBxx_HAL_Driver/Src/stm32wbxx_hal_tim_ex.c ****         positioning purposes
  41:Drivers/STM32WBxx_HAL_Driver/Src/stm32wbxx_hal_tim_ex.c **** 
  42:Drivers/STM32WBxx_HAL_Driver/Src/stm32wbxx_hal_tim_ex.c ****             ##### How to use this driver #####
  43:Drivers/STM32WBxx_HAL_Driver/Src/stm32wbxx_hal_tim_ex.c ****   ==============================================================================
  44:Drivers/STM32WBxx_HAL_Driver/Src/stm32wbxx_hal_tim_ex.c ****     [..]
  45:Drivers/STM32WBxx_HAL_Driver/Src/stm32wbxx_hal_tim_ex.c ****      (#) Initialize the TIM low level resources by implementing the following functions
  46:Drivers/STM32WBxx_HAL_Driver/Src/stm32wbxx_hal_tim_ex.c ****          depending on the selected feature:
  47:Drivers/STM32WBxx_HAL_Driver/Src/stm32wbxx_hal_tim_ex.c ****            (++) Hall Sensor output : HAL_TIMEx_HallSensor_MspInit()
  48:Drivers/STM32WBxx_HAL_Driver/Src/stm32wbxx_hal_tim_ex.c **** 
  49:Drivers/STM32WBxx_HAL_Driver/Src/stm32wbxx_hal_tim_ex.c ****      (#) Initialize the TIM low level resources :
  50:Drivers/STM32WBxx_HAL_Driver/Src/stm32wbxx_hal_tim_ex.c ****         (##) Enable the TIM interface clock using __HAL_RCC_TIMx_CLK_ENABLE();
  51:Drivers/STM32WBxx_HAL_Driver/Src/stm32wbxx_hal_tim_ex.c ****         (##) TIM pins configuration
  52:Drivers/STM32WBxx_HAL_Driver/Src/stm32wbxx_hal_tim_ex.c ****             (+++) Enable the clock for the TIM GPIOs using the following function:
  53:Drivers/STM32WBxx_HAL_Driver/Src/stm32wbxx_hal_tim_ex.c ****               __HAL_RCC_GPIOx_CLK_ENABLE();
  54:Drivers/STM32WBxx_HAL_Driver/Src/stm32wbxx_hal_tim_ex.c ****             (+++) Configure these TIM pins in Alternate function mode using HAL_GPIO_Init();
  55:Drivers/STM32WBxx_HAL_Driver/Src/stm32wbxx_hal_tim_ex.c **** 
  56:Drivers/STM32WBxx_HAL_Driver/Src/stm32wbxx_hal_tim_ex.c ****      (#) The external Clock can be configured, if needed (the default clock is the
  57:Drivers/STM32WBxx_HAL_Driver/Src/stm32wbxx_hal_tim_ex.c ****          internal clock from the APBx), using the following function:
  58:Drivers/STM32WBxx_HAL_Driver/Src/stm32wbxx_hal_tim_ex.c ****          HAL_TIM_ConfigClockSource, the clock configuration should be done before
  59:Drivers/STM32WBxx_HAL_Driver/Src/stm32wbxx_hal_tim_ex.c ****          any start function.
  60:Drivers/STM32WBxx_HAL_Driver/Src/stm32wbxx_hal_tim_ex.c **** 
  61:Drivers/STM32WBxx_HAL_Driver/Src/stm32wbxx_hal_tim_ex.c ****      (#) Configure the TIM in the desired functioning mode using one of the
  62:Drivers/STM32WBxx_HAL_Driver/Src/stm32wbxx_hal_tim_ex.c ****          initialization function of this driver:
  63:Drivers/STM32WBxx_HAL_Driver/Src/stm32wbxx_hal_tim_ex.c ****           (++) HAL_TIMEx_HallSensor_Init() and HAL_TIMEx_ConfigCommutEvent(): to use the
  64:Drivers/STM32WBxx_HAL_Driver/Src/stm32wbxx_hal_tim_ex.c ****                Timer Hall Sensor Interface and the commutation event with the corresponding
  65:Drivers/STM32WBxx_HAL_Driver/Src/stm32wbxx_hal_tim_ex.c ****                Interrupt and DMA request if needed (Note that One Timer is used to interface
  66:Drivers/STM32WBxx_HAL_Driver/Src/stm32wbxx_hal_tim_ex.c ****                with the Hall sensor Interface and another Timer should be used to use
  67:Drivers/STM32WBxx_HAL_Driver/Src/stm32wbxx_hal_tim_ex.c ****                the commutation event).
  68:Drivers/STM32WBxx_HAL_Driver/Src/stm32wbxx_hal_tim_ex.c **** 
  69:Drivers/STM32WBxx_HAL_Driver/Src/stm32wbxx_hal_tim_ex.c ****      (#) Activate the TIM peripheral using one of the start functions:
  70:Drivers/STM32WBxx_HAL_Driver/Src/stm32wbxx_hal_tim_ex.c ****            (++) Complementary Output Compare : HAL_TIMEx_OCN_Start(), HAL_TIMEx_OCN_Start_DMA(),
  71:Drivers/STM32WBxx_HAL_Driver/Src/stm32wbxx_hal_tim_ex.c ****                 HAL_TIMEx_OCN_Start_IT()
  72:Drivers/STM32WBxx_HAL_Driver/Src/stm32wbxx_hal_tim_ex.c ****            (++) Complementary PWM generation : HAL_TIMEx_PWMN_Start(), HAL_TIMEx_PWMN_Start_DMA(),
  73:Drivers/STM32WBxx_HAL_Driver/Src/stm32wbxx_hal_tim_ex.c ****                 HAL_TIMEx_PWMN_Start_IT()
  74:Drivers/STM32WBxx_HAL_Driver/Src/stm32wbxx_hal_tim_ex.c ****            (++) Complementary One-pulse mode output : HAL_TIMEx_OnePulseN_Start(), HAL_TIMEx_OnePul
  75:Drivers/STM32WBxx_HAL_Driver/Src/stm32wbxx_hal_tim_ex.c ****            (++) Hall Sensor output : HAL_TIMEx_HallSensor_Start(), HAL_TIMEx_HallSensor_Start_DMA()
  76:Drivers/STM32WBxx_HAL_Driver/Src/stm32wbxx_hal_tim_ex.c ****                 HAL_TIMEx_HallSensor_Start_IT().
  77:Drivers/STM32WBxx_HAL_Driver/Src/stm32wbxx_hal_tim_ex.c **** 
  78:Drivers/STM32WBxx_HAL_Driver/Src/stm32wbxx_hal_tim_ex.c ****   @endverbatim
  79:Drivers/STM32WBxx_HAL_Driver/Src/stm32wbxx_hal_tim_ex.c ****   ******************************************************************************
  80:Drivers/STM32WBxx_HAL_Driver/Src/stm32wbxx_hal_tim_ex.c ****   */
  81:Drivers/STM32WBxx_HAL_Driver/Src/stm32wbxx_hal_tim_ex.c **** 
  82:Drivers/STM32WBxx_HAL_Driver/Src/stm32wbxx_hal_tim_ex.c **** /* Includes ------------------------------------------------------------------*/
  83:Drivers/STM32WBxx_HAL_Driver/Src/stm32wbxx_hal_tim_ex.c **** #include "stm32wbxx_hal.h"
  84:Drivers/STM32WBxx_HAL_Driver/Src/stm32wbxx_hal_tim_ex.c **** 
  85:Drivers/STM32WBxx_HAL_Driver/Src/stm32wbxx_hal_tim_ex.c **** /** @addtogroup STM32WBxx_HAL_Driver
  86:Drivers/STM32WBxx_HAL_Driver/Src/stm32wbxx_hal_tim_ex.c ****   * @{
  87:Drivers/STM32WBxx_HAL_Driver/Src/stm32wbxx_hal_tim_ex.c ****   */
ARM GAS  /var/folders/98/ctz5mtps7w71v8dr53cf5qg40000gn/T//ccO5oMcB.s 			page 3


  88:Drivers/STM32WBxx_HAL_Driver/Src/stm32wbxx_hal_tim_ex.c **** 
  89:Drivers/STM32WBxx_HAL_Driver/Src/stm32wbxx_hal_tim_ex.c **** /** @defgroup TIMEx TIMEx
  90:Drivers/STM32WBxx_HAL_Driver/Src/stm32wbxx_hal_tim_ex.c ****   * @brief TIM Extended HAL module driver
  91:Drivers/STM32WBxx_HAL_Driver/Src/stm32wbxx_hal_tim_ex.c ****   * @{
  92:Drivers/STM32WBxx_HAL_Driver/Src/stm32wbxx_hal_tim_ex.c ****   */
  93:Drivers/STM32WBxx_HAL_Driver/Src/stm32wbxx_hal_tim_ex.c **** 
  94:Drivers/STM32WBxx_HAL_Driver/Src/stm32wbxx_hal_tim_ex.c **** #ifdef HAL_TIM_MODULE_ENABLED
  95:Drivers/STM32WBxx_HAL_Driver/Src/stm32wbxx_hal_tim_ex.c **** 
  96:Drivers/STM32WBxx_HAL_Driver/Src/stm32wbxx_hal_tim_ex.c **** /* Private typedef -----------------------------------------------------------*/
  97:Drivers/STM32WBxx_HAL_Driver/Src/stm32wbxx_hal_tim_ex.c **** /* Private define ------------------------------------------------------------*/
  98:Drivers/STM32WBxx_HAL_Driver/Src/stm32wbxx_hal_tim_ex.c **** /* Private constants ---------------------------------------------------------*/
  99:Drivers/STM32WBxx_HAL_Driver/Src/stm32wbxx_hal_tim_ex.c **** /** @defgroup TIMEx_Private_Constants TIM Extended Private Constants
 100:Drivers/STM32WBxx_HAL_Driver/Src/stm32wbxx_hal_tim_ex.c ****   * @{
 101:Drivers/STM32WBxx_HAL_Driver/Src/stm32wbxx_hal_tim_ex.c ****   */
 102:Drivers/STM32WBxx_HAL_Driver/Src/stm32wbxx_hal_tim_ex.c **** /* Timeout for break input rearm */
 103:Drivers/STM32WBxx_HAL_Driver/Src/stm32wbxx_hal_tim_ex.c **** #define TIM_BREAKINPUT_REARM_TIMEOUT    5UL /* 5 milliseconds */
 104:Drivers/STM32WBxx_HAL_Driver/Src/stm32wbxx_hal_tim_ex.c **** /**
 105:Drivers/STM32WBxx_HAL_Driver/Src/stm32wbxx_hal_tim_ex.c ****   * @}
 106:Drivers/STM32WBxx_HAL_Driver/Src/stm32wbxx_hal_tim_ex.c ****   */
 107:Drivers/STM32WBxx_HAL_Driver/Src/stm32wbxx_hal_tim_ex.c **** /* End of private constants --------------------------------------------------*/
 108:Drivers/STM32WBxx_HAL_Driver/Src/stm32wbxx_hal_tim_ex.c **** 
 109:Drivers/STM32WBxx_HAL_Driver/Src/stm32wbxx_hal_tim_ex.c **** /* Private macros ------------------------------------------------------------*/
 110:Drivers/STM32WBxx_HAL_Driver/Src/stm32wbxx_hal_tim_ex.c **** /** @addtogroup TIMEx_Private_Macros
 111:Drivers/STM32WBxx_HAL_Driver/Src/stm32wbxx_hal_tim_ex.c ****   * @{
 112:Drivers/STM32WBxx_HAL_Driver/Src/stm32wbxx_hal_tim_ex.c ****   */
 113:Drivers/STM32WBxx_HAL_Driver/Src/stm32wbxx_hal_tim_ex.c **** #if defined(STM32WB55xx) || defined(STM32WB5Mxx) || defined(STM32WB35xx)
 114:Drivers/STM32WBxx_HAL_Driver/Src/stm32wbxx_hal_tim_ex.c **** #define TIM_GET_OR_MASK(__INSTANCE__)                                                  \
 115:Drivers/STM32WBxx_HAL_Driver/Src/stm32wbxx_hal_tim_ex.c ****   (((__INSTANCE__) == TIM1) ? (TIM1_OR_ETR_ADC1_RMP | TIM1_OR_TI1_RMP) :               \
 116:Drivers/STM32WBxx_HAL_Driver/Src/stm32wbxx_hal_tim_ex.c ****    ((__INSTANCE__) == TIM2) ? (TIM2_OR_TI4_RMP | TIM2_OR_ETR_RMP | TIM2_OR_ITR1_RMP) : \
 117:Drivers/STM32WBxx_HAL_Driver/Src/stm32wbxx_hal_tim_ex.c ****    ((__INSTANCE__) == TIM16) ? TIM16_OR_TI1_RMP : TIM17_OR_TI1_RMP)
 118:Drivers/STM32WBxx_HAL_Driver/Src/stm32wbxx_hal_tim_ex.c **** #elif defined(STM32WB10xx)
 119:Drivers/STM32WBxx_HAL_Driver/Src/stm32wbxx_hal_tim_ex.c **** #define TIM_GET_OR_MASK(__INSTANCE__)                                    \
 120:Drivers/STM32WBxx_HAL_Driver/Src/stm32wbxx_hal_tim_ex.c ****   (((__INSTANCE__) == TIM1) ? (TIM1_OR_ETR_ADC1_RMP) : (TIM2_OR_ETR_RMP))
 121:Drivers/STM32WBxx_HAL_Driver/Src/stm32wbxx_hal_tim_ex.c **** #elif defined(STM32WB15xx) || defined(STM32WB1Mxx)
 122:Drivers/STM32WBxx_HAL_Driver/Src/stm32wbxx_hal_tim_ex.c **** #define TIM_GET_OR_MASK(__INSTANCE__)                                    \
 123:Drivers/STM32WBxx_HAL_Driver/Src/stm32wbxx_hal_tim_ex.c ****   (((__INSTANCE__) == TIM1) ? (TIM1_OR_ETR_ADC1_RMP | TIM1_OR_TI1_RMP) : \
 124:Drivers/STM32WBxx_HAL_Driver/Src/stm32wbxx_hal_tim_ex.c ****    (TIM2_OR_TI4_RMP | TIM2_OR_ETR_RMP))
 125:Drivers/STM32WBxx_HAL_Driver/Src/stm32wbxx_hal_tim_ex.c **** #else
 126:Drivers/STM32WBxx_HAL_Driver/Src/stm32wbxx_hal_tim_ex.c **** #define TIM_GET_OR_MASK(__INSTANCE__)                                    \
 127:Drivers/STM32WBxx_HAL_Driver/Src/stm32wbxx_hal_tim_ex.c ****   (((__INSTANCE__) == TIM1) ? (TIM1_OR_ETR_ADC1_RMP | TIM1_OR_TI1_RMP) : \
 128:Drivers/STM32WBxx_HAL_Driver/Src/stm32wbxx_hal_tim_ex.c ****    ((__INSTANCE__) == TIM2) ? TIM2_OR_ETR_RMP :                          \
 129:Drivers/STM32WBxx_HAL_Driver/Src/stm32wbxx_hal_tim_ex.c ****    ((__INSTANCE__) == TIM16) ? TIM16_OR_TI1_RMP : TIM17_OR_TI1_RMP)
 130:Drivers/STM32WBxx_HAL_Driver/Src/stm32wbxx_hal_tim_ex.c **** #endif
 131:Drivers/STM32WBxx_HAL_Driver/Src/stm32wbxx_hal_tim_ex.c **** /**
 132:Drivers/STM32WBxx_HAL_Driver/Src/stm32wbxx_hal_tim_ex.c ****   * @}
 133:Drivers/STM32WBxx_HAL_Driver/Src/stm32wbxx_hal_tim_ex.c ****   */
 134:Drivers/STM32WBxx_HAL_Driver/Src/stm32wbxx_hal_tim_ex.c **** 
 135:Drivers/STM32WBxx_HAL_Driver/Src/stm32wbxx_hal_tim_ex.c **** /* Private variables ---------------------------------------------------------*/
 136:Drivers/STM32WBxx_HAL_Driver/Src/stm32wbxx_hal_tim_ex.c **** /* Private function prototypes -----------------------------------------------*/
 137:Drivers/STM32WBxx_HAL_Driver/Src/stm32wbxx_hal_tim_ex.c **** static void TIM_DMADelayPulseNCplt(DMA_HandleTypeDef *hdma);
 138:Drivers/STM32WBxx_HAL_Driver/Src/stm32wbxx_hal_tim_ex.c **** static void TIM_DMAErrorCCxN(DMA_HandleTypeDef *hdma);
 139:Drivers/STM32WBxx_HAL_Driver/Src/stm32wbxx_hal_tim_ex.c **** static void TIM_CCxNChannelCmd(TIM_TypeDef *TIMx, uint32_t Channel, uint32_t ChannelNState);
 140:Drivers/STM32WBxx_HAL_Driver/Src/stm32wbxx_hal_tim_ex.c **** 
 141:Drivers/STM32WBxx_HAL_Driver/Src/stm32wbxx_hal_tim_ex.c **** /* Exported functions --------------------------------------------------------*/
 142:Drivers/STM32WBxx_HAL_Driver/Src/stm32wbxx_hal_tim_ex.c **** /** @defgroup TIMEx_Exported_Functions TIM Extended Exported Functions
 143:Drivers/STM32WBxx_HAL_Driver/Src/stm32wbxx_hal_tim_ex.c ****   * @{
 144:Drivers/STM32WBxx_HAL_Driver/Src/stm32wbxx_hal_tim_ex.c ****   */
ARM GAS  /var/folders/98/ctz5mtps7w71v8dr53cf5qg40000gn/T//ccO5oMcB.s 			page 4


 145:Drivers/STM32WBxx_HAL_Driver/Src/stm32wbxx_hal_tim_ex.c **** 
 146:Drivers/STM32WBxx_HAL_Driver/Src/stm32wbxx_hal_tim_ex.c **** /** @defgroup TIMEx_Exported_Functions_Group1 Extended Timer Hall Sensor functions
 147:Drivers/STM32WBxx_HAL_Driver/Src/stm32wbxx_hal_tim_ex.c ****   * @brief    Timer Hall Sensor functions
 148:Drivers/STM32WBxx_HAL_Driver/Src/stm32wbxx_hal_tim_ex.c ****   *
 149:Drivers/STM32WBxx_HAL_Driver/Src/stm32wbxx_hal_tim_ex.c **** @verbatim
 150:Drivers/STM32WBxx_HAL_Driver/Src/stm32wbxx_hal_tim_ex.c ****   ==============================================================================
 151:Drivers/STM32WBxx_HAL_Driver/Src/stm32wbxx_hal_tim_ex.c ****                       ##### Timer Hall Sensor functions #####
 152:Drivers/STM32WBxx_HAL_Driver/Src/stm32wbxx_hal_tim_ex.c ****   ==============================================================================
 153:Drivers/STM32WBxx_HAL_Driver/Src/stm32wbxx_hal_tim_ex.c ****   [..]
 154:Drivers/STM32WBxx_HAL_Driver/Src/stm32wbxx_hal_tim_ex.c ****     This section provides functions allowing to:
 155:Drivers/STM32WBxx_HAL_Driver/Src/stm32wbxx_hal_tim_ex.c ****     (+) Initialize and configure TIM HAL Sensor.
 156:Drivers/STM32WBxx_HAL_Driver/Src/stm32wbxx_hal_tim_ex.c ****     (+) De-initialize TIM HAL Sensor.
 157:Drivers/STM32WBxx_HAL_Driver/Src/stm32wbxx_hal_tim_ex.c ****     (+) Start the Hall Sensor Interface.
 158:Drivers/STM32WBxx_HAL_Driver/Src/stm32wbxx_hal_tim_ex.c ****     (+) Stop the Hall Sensor Interface.
 159:Drivers/STM32WBxx_HAL_Driver/Src/stm32wbxx_hal_tim_ex.c ****     (+) Start the Hall Sensor Interface and enable interrupts.
 160:Drivers/STM32WBxx_HAL_Driver/Src/stm32wbxx_hal_tim_ex.c ****     (+) Stop the Hall Sensor Interface and disable interrupts.
 161:Drivers/STM32WBxx_HAL_Driver/Src/stm32wbxx_hal_tim_ex.c ****     (+) Start the Hall Sensor Interface and enable DMA transfers.
 162:Drivers/STM32WBxx_HAL_Driver/Src/stm32wbxx_hal_tim_ex.c ****     (+) Stop the Hall Sensor Interface and disable DMA transfers.
 163:Drivers/STM32WBxx_HAL_Driver/Src/stm32wbxx_hal_tim_ex.c **** 
 164:Drivers/STM32WBxx_HAL_Driver/Src/stm32wbxx_hal_tim_ex.c **** @endverbatim
 165:Drivers/STM32WBxx_HAL_Driver/Src/stm32wbxx_hal_tim_ex.c ****   * @{
 166:Drivers/STM32WBxx_HAL_Driver/Src/stm32wbxx_hal_tim_ex.c ****   */
 167:Drivers/STM32WBxx_HAL_Driver/Src/stm32wbxx_hal_tim_ex.c **** /**
 168:Drivers/STM32WBxx_HAL_Driver/Src/stm32wbxx_hal_tim_ex.c ****   * @brief  Initializes the TIM Hall Sensor Interface and initialize the associated handle.
 169:Drivers/STM32WBxx_HAL_Driver/Src/stm32wbxx_hal_tim_ex.c ****   * @note   When the timer instance is initialized in Hall Sensor Interface mode,
 170:Drivers/STM32WBxx_HAL_Driver/Src/stm32wbxx_hal_tim_ex.c ****   *         timer channels 1 and channel 2 are reserved and cannot be used for
 171:Drivers/STM32WBxx_HAL_Driver/Src/stm32wbxx_hal_tim_ex.c ****   *         other purpose.
 172:Drivers/STM32WBxx_HAL_Driver/Src/stm32wbxx_hal_tim_ex.c ****   * @param  htim TIM Hall Sensor Interface handle
 173:Drivers/STM32WBxx_HAL_Driver/Src/stm32wbxx_hal_tim_ex.c ****   * @param  sConfig TIM Hall Sensor configuration structure
 174:Drivers/STM32WBxx_HAL_Driver/Src/stm32wbxx_hal_tim_ex.c ****   * @retval HAL status
 175:Drivers/STM32WBxx_HAL_Driver/Src/stm32wbxx_hal_tim_ex.c ****   */
 176:Drivers/STM32WBxx_HAL_Driver/Src/stm32wbxx_hal_tim_ex.c **** HAL_StatusTypeDef HAL_TIMEx_HallSensor_Init(TIM_HandleTypeDef *htim, const TIM_HallSensor_InitTypeD
 177:Drivers/STM32WBxx_HAL_Driver/Src/stm32wbxx_hal_tim_ex.c **** {
 178:Drivers/STM32WBxx_HAL_Driver/Src/stm32wbxx_hal_tim_ex.c ****   TIM_OC_InitTypeDef OC_Config;
 179:Drivers/STM32WBxx_HAL_Driver/Src/stm32wbxx_hal_tim_ex.c **** 
 180:Drivers/STM32WBxx_HAL_Driver/Src/stm32wbxx_hal_tim_ex.c ****   /* Check the TIM handle allocation */
 181:Drivers/STM32WBxx_HAL_Driver/Src/stm32wbxx_hal_tim_ex.c ****   if (htim == NULL)
 182:Drivers/STM32WBxx_HAL_Driver/Src/stm32wbxx_hal_tim_ex.c ****   {
 183:Drivers/STM32WBxx_HAL_Driver/Src/stm32wbxx_hal_tim_ex.c ****     return HAL_ERROR;
 184:Drivers/STM32WBxx_HAL_Driver/Src/stm32wbxx_hal_tim_ex.c ****   }
 185:Drivers/STM32WBxx_HAL_Driver/Src/stm32wbxx_hal_tim_ex.c **** 
 186:Drivers/STM32WBxx_HAL_Driver/Src/stm32wbxx_hal_tim_ex.c ****   /* Check the parameters */
 187:Drivers/STM32WBxx_HAL_Driver/Src/stm32wbxx_hal_tim_ex.c ****   assert_param(IS_TIM_HALL_SENSOR_INTERFACE_INSTANCE(htim->Instance));
 188:Drivers/STM32WBxx_HAL_Driver/Src/stm32wbxx_hal_tim_ex.c ****   assert_param(IS_TIM_COUNTER_MODE(htim->Init.CounterMode));
 189:Drivers/STM32WBxx_HAL_Driver/Src/stm32wbxx_hal_tim_ex.c ****   assert_param(IS_TIM_CLOCKDIVISION_DIV(htim->Init.ClockDivision));
 190:Drivers/STM32WBxx_HAL_Driver/Src/stm32wbxx_hal_tim_ex.c ****   assert_param(IS_TIM_AUTORELOAD_PRELOAD(htim->Init.AutoReloadPreload));
 191:Drivers/STM32WBxx_HAL_Driver/Src/stm32wbxx_hal_tim_ex.c ****   assert_param(IS_TIM_IC_POLARITY(sConfig->IC1Polarity));
 192:Drivers/STM32WBxx_HAL_Driver/Src/stm32wbxx_hal_tim_ex.c ****   assert_param(IS_TIM_PERIOD(htim, htim->Init.Period));
 193:Drivers/STM32WBxx_HAL_Driver/Src/stm32wbxx_hal_tim_ex.c ****   assert_param(IS_TIM_IC_PRESCALER(sConfig->IC1Prescaler));
 194:Drivers/STM32WBxx_HAL_Driver/Src/stm32wbxx_hal_tim_ex.c ****   assert_param(IS_TIM_IC_FILTER(sConfig->IC1Filter));
 195:Drivers/STM32WBxx_HAL_Driver/Src/stm32wbxx_hal_tim_ex.c **** 
 196:Drivers/STM32WBxx_HAL_Driver/Src/stm32wbxx_hal_tim_ex.c ****   if (htim->State == HAL_TIM_STATE_RESET)
 197:Drivers/STM32WBxx_HAL_Driver/Src/stm32wbxx_hal_tim_ex.c ****   {
 198:Drivers/STM32WBxx_HAL_Driver/Src/stm32wbxx_hal_tim_ex.c ****     /* Allocate lock resource and initialize it */
 199:Drivers/STM32WBxx_HAL_Driver/Src/stm32wbxx_hal_tim_ex.c ****     htim->Lock = HAL_UNLOCKED;
 200:Drivers/STM32WBxx_HAL_Driver/Src/stm32wbxx_hal_tim_ex.c **** 
 201:Drivers/STM32WBxx_HAL_Driver/Src/stm32wbxx_hal_tim_ex.c **** #if (USE_HAL_TIM_REGISTER_CALLBACKS == 1)
ARM GAS  /var/folders/98/ctz5mtps7w71v8dr53cf5qg40000gn/T//ccO5oMcB.s 			page 5


 202:Drivers/STM32WBxx_HAL_Driver/Src/stm32wbxx_hal_tim_ex.c ****     /* Reset interrupt callbacks to legacy week callbacks */
 203:Drivers/STM32WBxx_HAL_Driver/Src/stm32wbxx_hal_tim_ex.c ****     TIM_ResetCallback(htim);
 204:Drivers/STM32WBxx_HAL_Driver/Src/stm32wbxx_hal_tim_ex.c **** 
 205:Drivers/STM32WBxx_HAL_Driver/Src/stm32wbxx_hal_tim_ex.c ****     if (htim->HallSensor_MspInitCallback == NULL)
 206:Drivers/STM32WBxx_HAL_Driver/Src/stm32wbxx_hal_tim_ex.c ****     {
 207:Drivers/STM32WBxx_HAL_Driver/Src/stm32wbxx_hal_tim_ex.c ****       htim->HallSensor_MspInitCallback = HAL_TIMEx_HallSensor_MspInit;
 208:Drivers/STM32WBxx_HAL_Driver/Src/stm32wbxx_hal_tim_ex.c ****     }
 209:Drivers/STM32WBxx_HAL_Driver/Src/stm32wbxx_hal_tim_ex.c ****     /* Init the low level hardware : GPIO, CLOCK, NVIC */
 210:Drivers/STM32WBxx_HAL_Driver/Src/stm32wbxx_hal_tim_ex.c ****     htim->HallSensor_MspInitCallback(htim);
 211:Drivers/STM32WBxx_HAL_Driver/Src/stm32wbxx_hal_tim_ex.c **** #else
 212:Drivers/STM32WBxx_HAL_Driver/Src/stm32wbxx_hal_tim_ex.c ****     /* Init the low level hardware : GPIO, CLOCK, NVIC and DMA */
 213:Drivers/STM32WBxx_HAL_Driver/Src/stm32wbxx_hal_tim_ex.c ****     HAL_TIMEx_HallSensor_MspInit(htim);
 214:Drivers/STM32WBxx_HAL_Driver/Src/stm32wbxx_hal_tim_ex.c **** #endif /* USE_HAL_TIM_REGISTER_CALLBACKS */
 215:Drivers/STM32WBxx_HAL_Driver/Src/stm32wbxx_hal_tim_ex.c ****   }
 216:Drivers/STM32WBxx_HAL_Driver/Src/stm32wbxx_hal_tim_ex.c **** 
 217:Drivers/STM32WBxx_HAL_Driver/Src/stm32wbxx_hal_tim_ex.c ****   /* Set the TIM state */
 218:Drivers/STM32WBxx_HAL_Driver/Src/stm32wbxx_hal_tim_ex.c ****   htim->State = HAL_TIM_STATE_BUSY;
 219:Drivers/STM32WBxx_HAL_Driver/Src/stm32wbxx_hal_tim_ex.c **** 
 220:Drivers/STM32WBxx_HAL_Driver/Src/stm32wbxx_hal_tim_ex.c ****   /* Configure the Time base in the Encoder Mode */
 221:Drivers/STM32WBxx_HAL_Driver/Src/stm32wbxx_hal_tim_ex.c ****   TIM_Base_SetConfig(htim->Instance, &htim->Init);
 222:Drivers/STM32WBxx_HAL_Driver/Src/stm32wbxx_hal_tim_ex.c **** 
 223:Drivers/STM32WBxx_HAL_Driver/Src/stm32wbxx_hal_tim_ex.c ****   /* Configure the Channel 1 as Input Channel to interface with the three Outputs of the  Hall sens
 224:Drivers/STM32WBxx_HAL_Driver/Src/stm32wbxx_hal_tim_ex.c ****   TIM_TI1_SetConfig(htim->Instance, sConfig->IC1Polarity, TIM_ICSELECTION_TRC, sConfig->IC1Filter);
 225:Drivers/STM32WBxx_HAL_Driver/Src/stm32wbxx_hal_tim_ex.c **** 
 226:Drivers/STM32WBxx_HAL_Driver/Src/stm32wbxx_hal_tim_ex.c ****   /* Reset the IC1PSC Bits */
 227:Drivers/STM32WBxx_HAL_Driver/Src/stm32wbxx_hal_tim_ex.c ****   htim->Instance->CCMR1 &= ~TIM_CCMR1_IC1PSC;
 228:Drivers/STM32WBxx_HAL_Driver/Src/stm32wbxx_hal_tim_ex.c ****   /* Set the IC1PSC value */
 229:Drivers/STM32WBxx_HAL_Driver/Src/stm32wbxx_hal_tim_ex.c ****   htim->Instance->CCMR1 |= sConfig->IC1Prescaler;
 230:Drivers/STM32WBxx_HAL_Driver/Src/stm32wbxx_hal_tim_ex.c **** 
 231:Drivers/STM32WBxx_HAL_Driver/Src/stm32wbxx_hal_tim_ex.c ****   /* Enable the Hall sensor interface (XOR function of the three inputs) */
 232:Drivers/STM32WBxx_HAL_Driver/Src/stm32wbxx_hal_tim_ex.c ****   htim->Instance->CR2 |= TIM_CR2_TI1S;
 233:Drivers/STM32WBxx_HAL_Driver/Src/stm32wbxx_hal_tim_ex.c **** 
 234:Drivers/STM32WBxx_HAL_Driver/Src/stm32wbxx_hal_tim_ex.c ****   /* Select the TIM_TS_TI1F_ED signal as Input trigger for the TIM */
 235:Drivers/STM32WBxx_HAL_Driver/Src/stm32wbxx_hal_tim_ex.c ****   htim->Instance->SMCR &= ~TIM_SMCR_TS;
 236:Drivers/STM32WBxx_HAL_Driver/Src/stm32wbxx_hal_tim_ex.c ****   htim->Instance->SMCR |= TIM_TS_TI1F_ED;
 237:Drivers/STM32WBxx_HAL_Driver/Src/stm32wbxx_hal_tim_ex.c **** 
 238:Drivers/STM32WBxx_HAL_Driver/Src/stm32wbxx_hal_tim_ex.c ****   /* Use the TIM_TS_TI1F_ED signal to reset the TIM counter each edge detection */
 239:Drivers/STM32WBxx_HAL_Driver/Src/stm32wbxx_hal_tim_ex.c ****   htim->Instance->SMCR &= ~TIM_SMCR_SMS;
 240:Drivers/STM32WBxx_HAL_Driver/Src/stm32wbxx_hal_tim_ex.c ****   htim->Instance->SMCR |= TIM_SLAVEMODE_RESET;
 241:Drivers/STM32WBxx_HAL_Driver/Src/stm32wbxx_hal_tim_ex.c **** 
 242:Drivers/STM32WBxx_HAL_Driver/Src/stm32wbxx_hal_tim_ex.c ****   /* Program channel 2 in PWM 2 mode with the desired Commutation_Delay*/
 243:Drivers/STM32WBxx_HAL_Driver/Src/stm32wbxx_hal_tim_ex.c ****   OC_Config.OCFastMode = TIM_OCFAST_DISABLE;
 244:Drivers/STM32WBxx_HAL_Driver/Src/stm32wbxx_hal_tim_ex.c ****   OC_Config.OCIdleState = TIM_OCIDLESTATE_RESET;
 245:Drivers/STM32WBxx_HAL_Driver/Src/stm32wbxx_hal_tim_ex.c ****   OC_Config.OCMode = TIM_OCMODE_PWM2;
 246:Drivers/STM32WBxx_HAL_Driver/Src/stm32wbxx_hal_tim_ex.c ****   OC_Config.OCNIdleState = TIM_OCNIDLESTATE_RESET;
 247:Drivers/STM32WBxx_HAL_Driver/Src/stm32wbxx_hal_tim_ex.c ****   OC_Config.OCNPolarity = TIM_OCNPOLARITY_HIGH;
 248:Drivers/STM32WBxx_HAL_Driver/Src/stm32wbxx_hal_tim_ex.c ****   OC_Config.OCPolarity = TIM_OCPOLARITY_HIGH;
 249:Drivers/STM32WBxx_HAL_Driver/Src/stm32wbxx_hal_tim_ex.c ****   OC_Config.Pulse = sConfig->Commutation_Delay;
 250:Drivers/STM32WBxx_HAL_Driver/Src/stm32wbxx_hal_tim_ex.c **** 
 251:Drivers/STM32WBxx_HAL_Driver/Src/stm32wbxx_hal_tim_ex.c ****   TIM_OC2_SetConfig(htim->Instance, &OC_Config);
 252:Drivers/STM32WBxx_HAL_Driver/Src/stm32wbxx_hal_tim_ex.c **** 
 253:Drivers/STM32WBxx_HAL_Driver/Src/stm32wbxx_hal_tim_ex.c ****   /* Select OC2REF as trigger output on TRGO: write the MMS bits in the TIMx_CR2
 254:Drivers/STM32WBxx_HAL_Driver/Src/stm32wbxx_hal_tim_ex.c ****     register to 101 */
 255:Drivers/STM32WBxx_HAL_Driver/Src/stm32wbxx_hal_tim_ex.c ****   htim->Instance->CR2 &= ~TIM_CR2_MMS;
 256:Drivers/STM32WBxx_HAL_Driver/Src/stm32wbxx_hal_tim_ex.c ****   htim->Instance->CR2 |= TIM_TRGO_OC2REF;
 257:Drivers/STM32WBxx_HAL_Driver/Src/stm32wbxx_hal_tim_ex.c **** 
 258:Drivers/STM32WBxx_HAL_Driver/Src/stm32wbxx_hal_tim_ex.c ****   /* Initialize the DMA burst operation state */
ARM GAS  /var/folders/98/ctz5mtps7w71v8dr53cf5qg40000gn/T//ccO5oMcB.s 			page 6


 259:Drivers/STM32WBxx_HAL_Driver/Src/stm32wbxx_hal_tim_ex.c ****   htim->DMABurstState = HAL_DMA_BURST_STATE_READY;
 260:Drivers/STM32WBxx_HAL_Driver/Src/stm32wbxx_hal_tim_ex.c **** 
 261:Drivers/STM32WBxx_HAL_Driver/Src/stm32wbxx_hal_tim_ex.c ****   /* Initialize the TIM channels state */
 262:Drivers/STM32WBxx_HAL_Driver/Src/stm32wbxx_hal_tim_ex.c ****   TIM_CHANNEL_STATE_SET(htim, TIM_CHANNEL_1, HAL_TIM_CHANNEL_STATE_READY);
 263:Drivers/STM32WBxx_HAL_Driver/Src/stm32wbxx_hal_tim_ex.c ****   TIM_CHANNEL_STATE_SET(htim, TIM_CHANNEL_2, HAL_TIM_CHANNEL_STATE_READY);
 264:Drivers/STM32WBxx_HAL_Driver/Src/stm32wbxx_hal_tim_ex.c ****   TIM_CHANNEL_N_STATE_SET(htim, TIM_CHANNEL_1, HAL_TIM_CHANNEL_STATE_READY);
 265:Drivers/STM32WBxx_HAL_Driver/Src/stm32wbxx_hal_tim_ex.c ****   TIM_CHANNEL_N_STATE_SET(htim, TIM_CHANNEL_2, HAL_TIM_CHANNEL_STATE_READY);
 266:Drivers/STM32WBxx_HAL_Driver/Src/stm32wbxx_hal_tim_ex.c **** 
 267:Drivers/STM32WBxx_HAL_Driver/Src/stm32wbxx_hal_tim_ex.c ****   /* Initialize the TIM state*/
 268:Drivers/STM32WBxx_HAL_Driver/Src/stm32wbxx_hal_tim_ex.c ****   htim->State = HAL_TIM_STATE_READY;
 269:Drivers/STM32WBxx_HAL_Driver/Src/stm32wbxx_hal_tim_ex.c **** 
 270:Drivers/STM32WBxx_HAL_Driver/Src/stm32wbxx_hal_tim_ex.c ****   return HAL_OK;
 271:Drivers/STM32WBxx_HAL_Driver/Src/stm32wbxx_hal_tim_ex.c **** }
 272:Drivers/STM32WBxx_HAL_Driver/Src/stm32wbxx_hal_tim_ex.c **** 
 273:Drivers/STM32WBxx_HAL_Driver/Src/stm32wbxx_hal_tim_ex.c **** /**
 274:Drivers/STM32WBxx_HAL_Driver/Src/stm32wbxx_hal_tim_ex.c ****   * @brief  DeInitializes the TIM Hall Sensor interface
 275:Drivers/STM32WBxx_HAL_Driver/Src/stm32wbxx_hal_tim_ex.c ****   * @param  htim TIM Hall Sensor Interface handle
 276:Drivers/STM32WBxx_HAL_Driver/Src/stm32wbxx_hal_tim_ex.c ****   * @retval HAL status
 277:Drivers/STM32WBxx_HAL_Driver/Src/stm32wbxx_hal_tim_ex.c ****   */
 278:Drivers/STM32WBxx_HAL_Driver/Src/stm32wbxx_hal_tim_ex.c **** HAL_StatusTypeDef HAL_TIMEx_HallSensor_DeInit(TIM_HandleTypeDef *htim)
 279:Drivers/STM32WBxx_HAL_Driver/Src/stm32wbxx_hal_tim_ex.c **** {
 280:Drivers/STM32WBxx_HAL_Driver/Src/stm32wbxx_hal_tim_ex.c ****   /* Check the parameters */
 281:Drivers/STM32WBxx_HAL_Driver/Src/stm32wbxx_hal_tim_ex.c ****   assert_param(IS_TIM_INSTANCE(htim->Instance));
 282:Drivers/STM32WBxx_HAL_Driver/Src/stm32wbxx_hal_tim_ex.c **** 
 283:Drivers/STM32WBxx_HAL_Driver/Src/stm32wbxx_hal_tim_ex.c ****   htim->State = HAL_TIM_STATE_BUSY;
 284:Drivers/STM32WBxx_HAL_Driver/Src/stm32wbxx_hal_tim_ex.c **** 
 285:Drivers/STM32WBxx_HAL_Driver/Src/stm32wbxx_hal_tim_ex.c ****   /* Disable the TIM Peripheral Clock */
 286:Drivers/STM32WBxx_HAL_Driver/Src/stm32wbxx_hal_tim_ex.c ****   __HAL_TIM_DISABLE(htim);
 287:Drivers/STM32WBxx_HAL_Driver/Src/stm32wbxx_hal_tim_ex.c **** 
 288:Drivers/STM32WBxx_HAL_Driver/Src/stm32wbxx_hal_tim_ex.c **** #if (USE_HAL_TIM_REGISTER_CALLBACKS == 1)
 289:Drivers/STM32WBxx_HAL_Driver/Src/stm32wbxx_hal_tim_ex.c ****   if (htim->HallSensor_MspDeInitCallback == NULL)
 290:Drivers/STM32WBxx_HAL_Driver/Src/stm32wbxx_hal_tim_ex.c ****   {
 291:Drivers/STM32WBxx_HAL_Driver/Src/stm32wbxx_hal_tim_ex.c ****     htim->HallSensor_MspDeInitCallback = HAL_TIMEx_HallSensor_MspDeInit;
 292:Drivers/STM32WBxx_HAL_Driver/Src/stm32wbxx_hal_tim_ex.c ****   }
 293:Drivers/STM32WBxx_HAL_Driver/Src/stm32wbxx_hal_tim_ex.c ****   /* DeInit the low level hardware */
 294:Drivers/STM32WBxx_HAL_Driver/Src/stm32wbxx_hal_tim_ex.c ****   htim->HallSensor_MspDeInitCallback(htim);
 295:Drivers/STM32WBxx_HAL_Driver/Src/stm32wbxx_hal_tim_ex.c **** #else
 296:Drivers/STM32WBxx_HAL_Driver/Src/stm32wbxx_hal_tim_ex.c ****   /* DeInit the low level hardware: GPIO, CLOCK, NVIC */
 297:Drivers/STM32WBxx_HAL_Driver/Src/stm32wbxx_hal_tim_ex.c ****   HAL_TIMEx_HallSensor_MspDeInit(htim);
 298:Drivers/STM32WBxx_HAL_Driver/Src/stm32wbxx_hal_tim_ex.c **** #endif /* USE_HAL_TIM_REGISTER_CALLBACKS */
 299:Drivers/STM32WBxx_HAL_Driver/Src/stm32wbxx_hal_tim_ex.c **** 
 300:Drivers/STM32WBxx_HAL_Driver/Src/stm32wbxx_hal_tim_ex.c ****   /* Change the DMA burst operation state */
 301:Drivers/STM32WBxx_HAL_Driver/Src/stm32wbxx_hal_tim_ex.c ****   htim->DMABurstState = HAL_DMA_BURST_STATE_RESET;
 302:Drivers/STM32WBxx_HAL_Driver/Src/stm32wbxx_hal_tim_ex.c **** 
 303:Drivers/STM32WBxx_HAL_Driver/Src/stm32wbxx_hal_tim_ex.c ****   /* Change the TIM channels state */
 304:Drivers/STM32WBxx_HAL_Driver/Src/stm32wbxx_hal_tim_ex.c ****   TIM_CHANNEL_STATE_SET(htim, TIM_CHANNEL_1, HAL_TIM_CHANNEL_STATE_RESET);
 305:Drivers/STM32WBxx_HAL_Driver/Src/stm32wbxx_hal_tim_ex.c ****   TIM_CHANNEL_STATE_SET(htim, TIM_CHANNEL_2, HAL_TIM_CHANNEL_STATE_RESET);
 306:Drivers/STM32WBxx_HAL_Driver/Src/stm32wbxx_hal_tim_ex.c ****   TIM_CHANNEL_N_STATE_SET(htim, TIM_CHANNEL_1, HAL_TIM_CHANNEL_STATE_RESET);
 307:Drivers/STM32WBxx_HAL_Driver/Src/stm32wbxx_hal_tim_ex.c ****   TIM_CHANNEL_N_STATE_SET(htim, TIM_CHANNEL_2, HAL_TIM_CHANNEL_STATE_RESET);
 308:Drivers/STM32WBxx_HAL_Driver/Src/stm32wbxx_hal_tim_ex.c **** 
 309:Drivers/STM32WBxx_HAL_Driver/Src/stm32wbxx_hal_tim_ex.c ****   /* Change TIM state */
 310:Drivers/STM32WBxx_HAL_Driver/Src/stm32wbxx_hal_tim_ex.c ****   htim->State = HAL_TIM_STATE_RESET;
 311:Drivers/STM32WBxx_HAL_Driver/Src/stm32wbxx_hal_tim_ex.c **** 
 312:Drivers/STM32WBxx_HAL_Driver/Src/stm32wbxx_hal_tim_ex.c ****   /* Release Lock */
 313:Drivers/STM32WBxx_HAL_Driver/Src/stm32wbxx_hal_tim_ex.c ****   __HAL_UNLOCK(htim);
 314:Drivers/STM32WBxx_HAL_Driver/Src/stm32wbxx_hal_tim_ex.c **** 
 315:Drivers/STM32WBxx_HAL_Driver/Src/stm32wbxx_hal_tim_ex.c ****   return HAL_OK;
ARM GAS  /var/folders/98/ctz5mtps7w71v8dr53cf5qg40000gn/T//ccO5oMcB.s 			page 7


 316:Drivers/STM32WBxx_HAL_Driver/Src/stm32wbxx_hal_tim_ex.c **** }
 317:Drivers/STM32WBxx_HAL_Driver/Src/stm32wbxx_hal_tim_ex.c **** 
 318:Drivers/STM32WBxx_HAL_Driver/Src/stm32wbxx_hal_tim_ex.c **** /**
 319:Drivers/STM32WBxx_HAL_Driver/Src/stm32wbxx_hal_tim_ex.c ****   * @brief  Initializes the TIM Hall Sensor MSP.
 320:Drivers/STM32WBxx_HAL_Driver/Src/stm32wbxx_hal_tim_ex.c ****   * @param  htim TIM Hall Sensor Interface handle
 321:Drivers/STM32WBxx_HAL_Driver/Src/stm32wbxx_hal_tim_ex.c ****   * @retval None
 322:Drivers/STM32WBxx_HAL_Driver/Src/stm32wbxx_hal_tim_ex.c ****   */
 323:Drivers/STM32WBxx_HAL_Driver/Src/stm32wbxx_hal_tim_ex.c **** __weak void HAL_TIMEx_HallSensor_MspInit(TIM_HandleTypeDef *htim)
 324:Drivers/STM32WBxx_HAL_Driver/Src/stm32wbxx_hal_tim_ex.c **** {
 325:Drivers/STM32WBxx_HAL_Driver/Src/stm32wbxx_hal_tim_ex.c ****   /* Prevent unused argument(s) compilation warning */
 326:Drivers/STM32WBxx_HAL_Driver/Src/stm32wbxx_hal_tim_ex.c ****   UNUSED(htim);
 327:Drivers/STM32WBxx_HAL_Driver/Src/stm32wbxx_hal_tim_ex.c **** 
 328:Drivers/STM32WBxx_HAL_Driver/Src/stm32wbxx_hal_tim_ex.c ****   /* NOTE : This function should not be modified, when the callback is needed,
 329:Drivers/STM32WBxx_HAL_Driver/Src/stm32wbxx_hal_tim_ex.c ****             the HAL_TIMEx_HallSensor_MspInit could be implemented in the user file
 330:Drivers/STM32WBxx_HAL_Driver/Src/stm32wbxx_hal_tim_ex.c ****    */
 331:Drivers/STM32WBxx_HAL_Driver/Src/stm32wbxx_hal_tim_ex.c **** }
 332:Drivers/STM32WBxx_HAL_Driver/Src/stm32wbxx_hal_tim_ex.c **** 
 333:Drivers/STM32WBxx_HAL_Driver/Src/stm32wbxx_hal_tim_ex.c **** /**
 334:Drivers/STM32WBxx_HAL_Driver/Src/stm32wbxx_hal_tim_ex.c ****   * @brief  DeInitializes TIM Hall Sensor MSP.
 335:Drivers/STM32WBxx_HAL_Driver/Src/stm32wbxx_hal_tim_ex.c ****   * @param  htim TIM Hall Sensor Interface handle
 336:Drivers/STM32WBxx_HAL_Driver/Src/stm32wbxx_hal_tim_ex.c ****   * @retval None
 337:Drivers/STM32WBxx_HAL_Driver/Src/stm32wbxx_hal_tim_ex.c ****   */
 338:Drivers/STM32WBxx_HAL_Driver/Src/stm32wbxx_hal_tim_ex.c **** __weak void HAL_TIMEx_HallSensor_MspDeInit(TIM_HandleTypeDef *htim)
 339:Drivers/STM32WBxx_HAL_Driver/Src/stm32wbxx_hal_tim_ex.c **** {
 340:Drivers/STM32WBxx_HAL_Driver/Src/stm32wbxx_hal_tim_ex.c ****   /* Prevent unused argument(s) compilation warning */
 341:Drivers/STM32WBxx_HAL_Driver/Src/stm32wbxx_hal_tim_ex.c ****   UNUSED(htim);
 342:Drivers/STM32WBxx_HAL_Driver/Src/stm32wbxx_hal_tim_ex.c **** 
 343:Drivers/STM32WBxx_HAL_Driver/Src/stm32wbxx_hal_tim_ex.c ****   /* NOTE : This function should not be modified, when the callback is needed,
 344:Drivers/STM32WBxx_HAL_Driver/Src/stm32wbxx_hal_tim_ex.c ****             the HAL_TIMEx_HallSensor_MspDeInit could be implemented in the user file
 345:Drivers/STM32WBxx_HAL_Driver/Src/stm32wbxx_hal_tim_ex.c ****    */
 346:Drivers/STM32WBxx_HAL_Driver/Src/stm32wbxx_hal_tim_ex.c **** }
 347:Drivers/STM32WBxx_HAL_Driver/Src/stm32wbxx_hal_tim_ex.c **** 
 348:Drivers/STM32WBxx_HAL_Driver/Src/stm32wbxx_hal_tim_ex.c **** /**
 349:Drivers/STM32WBxx_HAL_Driver/Src/stm32wbxx_hal_tim_ex.c ****   * @brief  Starts the TIM Hall Sensor Interface.
 350:Drivers/STM32WBxx_HAL_Driver/Src/stm32wbxx_hal_tim_ex.c ****   * @param  htim TIM Hall Sensor Interface handle
 351:Drivers/STM32WBxx_HAL_Driver/Src/stm32wbxx_hal_tim_ex.c ****   * @retval HAL status
 352:Drivers/STM32WBxx_HAL_Driver/Src/stm32wbxx_hal_tim_ex.c ****   */
 353:Drivers/STM32WBxx_HAL_Driver/Src/stm32wbxx_hal_tim_ex.c **** HAL_StatusTypeDef HAL_TIMEx_HallSensor_Start(TIM_HandleTypeDef *htim)
 354:Drivers/STM32WBxx_HAL_Driver/Src/stm32wbxx_hal_tim_ex.c **** {
 355:Drivers/STM32WBxx_HAL_Driver/Src/stm32wbxx_hal_tim_ex.c ****   uint32_t tmpsmcr;
 356:Drivers/STM32WBxx_HAL_Driver/Src/stm32wbxx_hal_tim_ex.c ****   HAL_TIM_ChannelStateTypeDef channel_1_state = TIM_CHANNEL_STATE_GET(htim, TIM_CHANNEL_1);
 357:Drivers/STM32WBxx_HAL_Driver/Src/stm32wbxx_hal_tim_ex.c ****   HAL_TIM_ChannelStateTypeDef channel_2_state = TIM_CHANNEL_STATE_GET(htim, TIM_CHANNEL_2);
 358:Drivers/STM32WBxx_HAL_Driver/Src/stm32wbxx_hal_tim_ex.c ****   HAL_TIM_ChannelStateTypeDef complementary_channel_1_state = TIM_CHANNEL_N_STATE_GET(htim, TIM_CHA
 359:Drivers/STM32WBxx_HAL_Driver/Src/stm32wbxx_hal_tim_ex.c ****   HAL_TIM_ChannelStateTypeDef complementary_channel_2_state = TIM_CHANNEL_N_STATE_GET(htim, TIM_CHA
 360:Drivers/STM32WBxx_HAL_Driver/Src/stm32wbxx_hal_tim_ex.c **** 
 361:Drivers/STM32WBxx_HAL_Driver/Src/stm32wbxx_hal_tim_ex.c ****   /* Check the parameters */
 362:Drivers/STM32WBxx_HAL_Driver/Src/stm32wbxx_hal_tim_ex.c ****   assert_param(IS_TIM_HALL_SENSOR_INTERFACE_INSTANCE(htim->Instance));
 363:Drivers/STM32WBxx_HAL_Driver/Src/stm32wbxx_hal_tim_ex.c **** 
 364:Drivers/STM32WBxx_HAL_Driver/Src/stm32wbxx_hal_tim_ex.c ****   /* Check the TIM channels state */
 365:Drivers/STM32WBxx_HAL_Driver/Src/stm32wbxx_hal_tim_ex.c ****   if ((channel_1_state != HAL_TIM_CHANNEL_STATE_READY)
 366:Drivers/STM32WBxx_HAL_Driver/Src/stm32wbxx_hal_tim_ex.c ****       || (channel_2_state != HAL_TIM_CHANNEL_STATE_READY)
 367:Drivers/STM32WBxx_HAL_Driver/Src/stm32wbxx_hal_tim_ex.c ****       || (complementary_channel_1_state != HAL_TIM_CHANNEL_STATE_READY)
 368:Drivers/STM32WBxx_HAL_Driver/Src/stm32wbxx_hal_tim_ex.c ****       || (complementary_channel_2_state != HAL_TIM_CHANNEL_STATE_READY))
 369:Drivers/STM32WBxx_HAL_Driver/Src/stm32wbxx_hal_tim_ex.c ****   {
 370:Drivers/STM32WBxx_HAL_Driver/Src/stm32wbxx_hal_tim_ex.c ****     return HAL_ERROR;
 371:Drivers/STM32WBxx_HAL_Driver/Src/stm32wbxx_hal_tim_ex.c ****   }
 372:Drivers/STM32WBxx_HAL_Driver/Src/stm32wbxx_hal_tim_ex.c **** 
ARM GAS  /var/folders/98/ctz5mtps7w71v8dr53cf5qg40000gn/T//ccO5oMcB.s 			page 8


 373:Drivers/STM32WBxx_HAL_Driver/Src/stm32wbxx_hal_tim_ex.c ****   /* Set the TIM channels state */
 374:Drivers/STM32WBxx_HAL_Driver/Src/stm32wbxx_hal_tim_ex.c ****   TIM_CHANNEL_STATE_SET(htim, TIM_CHANNEL_1, HAL_TIM_CHANNEL_STATE_BUSY);
 375:Drivers/STM32WBxx_HAL_Driver/Src/stm32wbxx_hal_tim_ex.c ****   TIM_CHANNEL_STATE_SET(htim, TIM_CHANNEL_2, HAL_TIM_CHANNEL_STATE_BUSY);
 376:Drivers/STM32WBxx_HAL_Driver/Src/stm32wbxx_hal_tim_ex.c ****   TIM_CHANNEL_N_STATE_SET(htim, TIM_CHANNEL_1, HAL_TIM_CHANNEL_STATE_BUSY);
 377:Drivers/STM32WBxx_HAL_Driver/Src/stm32wbxx_hal_tim_ex.c ****   TIM_CHANNEL_N_STATE_SET(htim, TIM_CHANNEL_2, HAL_TIM_CHANNEL_STATE_BUSY);
 378:Drivers/STM32WBxx_HAL_Driver/Src/stm32wbxx_hal_tim_ex.c **** 
 379:Drivers/STM32WBxx_HAL_Driver/Src/stm32wbxx_hal_tim_ex.c ****   /* Enable the Input Capture channel 1
 380:Drivers/STM32WBxx_HAL_Driver/Src/stm32wbxx_hal_tim_ex.c ****   (in the Hall Sensor Interface the three possible channels that can be used are TIM_CHANNEL_1,
 381:Drivers/STM32WBxx_HAL_Driver/Src/stm32wbxx_hal_tim_ex.c ****   TIM_CHANNEL_2 and TIM_CHANNEL_3) */
 382:Drivers/STM32WBxx_HAL_Driver/Src/stm32wbxx_hal_tim_ex.c ****   TIM_CCxChannelCmd(htim->Instance, TIM_CHANNEL_1, TIM_CCx_ENABLE);
 383:Drivers/STM32WBxx_HAL_Driver/Src/stm32wbxx_hal_tim_ex.c **** 
 384:Drivers/STM32WBxx_HAL_Driver/Src/stm32wbxx_hal_tim_ex.c ****   /* Enable the Peripheral, except in trigger mode where enable is automatically done with trigger 
 385:Drivers/STM32WBxx_HAL_Driver/Src/stm32wbxx_hal_tim_ex.c ****   if (IS_TIM_SLAVE_INSTANCE(htim->Instance))
 386:Drivers/STM32WBxx_HAL_Driver/Src/stm32wbxx_hal_tim_ex.c ****   {
 387:Drivers/STM32WBxx_HAL_Driver/Src/stm32wbxx_hal_tim_ex.c ****     tmpsmcr = htim->Instance->SMCR & TIM_SMCR_SMS;
 388:Drivers/STM32WBxx_HAL_Driver/Src/stm32wbxx_hal_tim_ex.c ****     if (!IS_TIM_SLAVEMODE_TRIGGER_ENABLED(tmpsmcr))
 389:Drivers/STM32WBxx_HAL_Driver/Src/stm32wbxx_hal_tim_ex.c ****     {
 390:Drivers/STM32WBxx_HAL_Driver/Src/stm32wbxx_hal_tim_ex.c ****       __HAL_TIM_ENABLE(htim);
 391:Drivers/STM32WBxx_HAL_Driver/Src/stm32wbxx_hal_tim_ex.c ****     }
 392:Drivers/STM32WBxx_HAL_Driver/Src/stm32wbxx_hal_tim_ex.c ****   }
 393:Drivers/STM32WBxx_HAL_Driver/Src/stm32wbxx_hal_tim_ex.c ****   else
 394:Drivers/STM32WBxx_HAL_Driver/Src/stm32wbxx_hal_tim_ex.c ****   {
 395:Drivers/STM32WBxx_HAL_Driver/Src/stm32wbxx_hal_tim_ex.c ****     __HAL_TIM_ENABLE(htim);
 396:Drivers/STM32WBxx_HAL_Driver/Src/stm32wbxx_hal_tim_ex.c ****   }
 397:Drivers/STM32WBxx_HAL_Driver/Src/stm32wbxx_hal_tim_ex.c **** 
 398:Drivers/STM32WBxx_HAL_Driver/Src/stm32wbxx_hal_tim_ex.c ****   /* Return function status */
 399:Drivers/STM32WBxx_HAL_Driver/Src/stm32wbxx_hal_tim_ex.c ****   return HAL_OK;
 400:Drivers/STM32WBxx_HAL_Driver/Src/stm32wbxx_hal_tim_ex.c **** }
 401:Drivers/STM32WBxx_HAL_Driver/Src/stm32wbxx_hal_tim_ex.c **** 
 402:Drivers/STM32WBxx_HAL_Driver/Src/stm32wbxx_hal_tim_ex.c **** /**
 403:Drivers/STM32WBxx_HAL_Driver/Src/stm32wbxx_hal_tim_ex.c ****   * @brief  Stops the TIM Hall sensor Interface.
 404:Drivers/STM32WBxx_HAL_Driver/Src/stm32wbxx_hal_tim_ex.c ****   * @param  htim TIM Hall Sensor Interface handle
 405:Drivers/STM32WBxx_HAL_Driver/Src/stm32wbxx_hal_tim_ex.c ****   * @retval HAL status
 406:Drivers/STM32WBxx_HAL_Driver/Src/stm32wbxx_hal_tim_ex.c ****   */
 407:Drivers/STM32WBxx_HAL_Driver/Src/stm32wbxx_hal_tim_ex.c **** HAL_StatusTypeDef HAL_TIMEx_HallSensor_Stop(TIM_HandleTypeDef *htim)
 408:Drivers/STM32WBxx_HAL_Driver/Src/stm32wbxx_hal_tim_ex.c **** {
 409:Drivers/STM32WBxx_HAL_Driver/Src/stm32wbxx_hal_tim_ex.c ****   /* Check the parameters */
 410:Drivers/STM32WBxx_HAL_Driver/Src/stm32wbxx_hal_tim_ex.c ****   assert_param(IS_TIM_HALL_SENSOR_INTERFACE_INSTANCE(htim->Instance));
 411:Drivers/STM32WBxx_HAL_Driver/Src/stm32wbxx_hal_tim_ex.c **** 
 412:Drivers/STM32WBxx_HAL_Driver/Src/stm32wbxx_hal_tim_ex.c ****   /* Disable the Input Capture channels 1, 2 and 3
 413:Drivers/STM32WBxx_HAL_Driver/Src/stm32wbxx_hal_tim_ex.c ****   (in the Hall Sensor Interface the three possible channels that can be used are TIM_CHANNEL_1,
 414:Drivers/STM32WBxx_HAL_Driver/Src/stm32wbxx_hal_tim_ex.c ****   TIM_CHANNEL_2 and TIM_CHANNEL_3) */
 415:Drivers/STM32WBxx_HAL_Driver/Src/stm32wbxx_hal_tim_ex.c ****   TIM_CCxChannelCmd(htim->Instance, TIM_CHANNEL_1, TIM_CCx_DISABLE);
 416:Drivers/STM32WBxx_HAL_Driver/Src/stm32wbxx_hal_tim_ex.c **** 
 417:Drivers/STM32WBxx_HAL_Driver/Src/stm32wbxx_hal_tim_ex.c ****   /* Disable the Peripheral */
 418:Drivers/STM32WBxx_HAL_Driver/Src/stm32wbxx_hal_tim_ex.c ****   __HAL_TIM_DISABLE(htim);
 419:Drivers/STM32WBxx_HAL_Driver/Src/stm32wbxx_hal_tim_ex.c **** 
 420:Drivers/STM32WBxx_HAL_Driver/Src/stm32wbxx_hal_tim_ex.c ****   /* Set the TIM channels state */
 421:Drivers/STM32WBxx_HAL_Driver/Src/stm32wbxx_hal_tim_ex.c ****   TIM_CHANNEL_STATE_SET(htim, TIM_CHANNEL_1, HAL_TIM_CHANNEL_STATE_READY);
 422:Drivers/STM32WBxx_HAL_Driver/Src/stm32wbxx_hal_tim_ex.c ****   TIM_CHANNEL_STATE_SET(htim, TIM_CHANNEL_2, HAL_TIM_CHANNEL_STATE_READY);
 423:Drivers/STM32WBxx_HAL_Driver/Src/stm32wbxx_hal_tim_ex.c ****   TIM_CHANNEL_N_STATE_SET(htim, TIM_CHANNEL_1, HAL_TIM_CHANNEL_STATE_READY);
 424:Drivers/STM32WBxx_HAL_Driver/Src/stm32wbxx_hal_tim_ex.c ****   TIM_CHANNEL_N_STATE_SET(htim, TIM_CHANNEL_2, HAL_TIM_CHANNEL_STATE_READY);
 425:Drivers/STM32WBxx_HAL_Driver/Src/stm32wbxx_hal_tim_ex.c **** 
 426:Drivers/STM32WBxx_HAL_Driver/Src/stm32wbxx_hal_tim_ex.c ****   /* Return function status */
 427:Drivers/STM32WBxx_HAL_Driver/Src/stm32wbxx_hal_tim_ex.c ****   return HAL_OK;
 428:Drivers/STM32WBxx_HAL_Driver/Src/stm32wbxx_hal_tim_ex.c **** }
 429:Drivers/STM32WBxx_HAL_Driver/Src/stm32wbxx_hal_tim_ex.c **** 
ARM GAS  /var/folders/98/ctz5mtps7w71v8dr53cf5qg40000gn/T//ccO5oMcB.s 			page 9


 430:Drivers/STM32WBxx_HAL_Driver/Src/stm32wbxx_hal_tim_ex.c **** /**
 431:Drivers/STM32WBxx_HAL_Driver/Src/stm32wbxx_hal_tim_ex.c ****   * @brief  Starts the TIM Hall Sensor Interface in interrupt mode.
 432:Drivers/STM32WBxx_HAL_Driver/Src/stm32wbxx_hal_tim_ex.c ****   * @param  htim TIM Hall Sensor Interface handle
 433:Drivers/STM32WBxx_HAL_Driver/Src/stm32wbxx_hal_tim_ex.c ****   * @retval HAL status
 434:Drivers/STM32WBxx_HAL_Driver/Src/stm32wbxx_hal_tim_ex.c ****   */
 435:Drivers/STM32WBxx_HAL_Driver/Src/stm32wbxx_hal_tim_ex.c **** HAL_StatusTypeDef HAL_TIMEx_HallSensor_Start_IT(TIM_HandleTypeDef *htim)
 436:Drivers/STM32WBxx_HAL_Driver/Src/stm32wbxx_hal_tim_ex.c **** {
 437:Drivers/STM32WBxx_HAL_Driver/Src/stm32wbxx_hal_tim_ex.c ****   uint32_t tmpsmcr;
 438:Drivers/STM32WBxx_HAL_Driver/Src/stm32wbxx_hal_tim_ex.c ****   HAL_TIM_ChannelStateTypeDef channel_1_state = TIM_CHANNEL_STATE_GET(htim, TIM_CHANNEL_1);
 439:Drivers/STM32WBxx_HAL_Driver/Src/stm32wbxx_hal_tim_ex.c ****   HAL_TIM_ChannelStateTypeDef channel_2_state = TIM_CHANNEL_STATE_GET(htim, TIM_CHANNEL_2);
 440:Drivers/STM32WBxx_HAL_Driver/Src/stm32wbxx_hal_tim_ex.c ****   HAL_TIM_ChannelStateTypeDef complementary_channel_1_state = TIM_CHANNEL_N_STATE_GET(htim, TIM_CHA
 441:Drivers/STM32WBxx_HAL_Driver/Src/stm32wbxx_hal_tim_ex.c ****   HAL_TIM_ChannelStateTypeDef complementary_channel_2_state = TIM_CHANNEL_N_STATE_GET(htim, TIM_CHA
 442:Drivers/STM32WBxx_HAL_Driver/Src/stm32wbxx_hal_tim_ex.c **** 
 443:Drivers/STM32WBxx_HAL_Driver/Src/stm32wbxx_hal_tim_ex.c ****   /* Check the parameters */
 444:Drivers/STM32WBxx_HAL_Driver/Src/stm32wbxx_hal_tim_ex.c ****   assert_param(IS_TIM_HALL_SENSOR_INTERFACE_INSTANCE(htim->Instance));
 445:Drivers/STM32WBxx_HAL_Driver/Src/stm32wbxx_hal_tim_ex.c **** 
 446:Drivers/STM32WBxx_HAL_Driver/Src/stm32wbxx_hal_tim_ex.c ****   /* Check the TIM channels state */
 447:Drivers/STM32WBxx_HAL_Driver/Src/stm32wbxx_hal_tim_ex.c ****   if ((channel_1_state != HAL_TIM_CHANNEL_STATE_READY)
 448:Drivers/STM32WBxx_HAL_Driver/Src/stm32wbxx_hal_tim_ex.c ****       || (channel_2_state != HAL_TIM_CHANNEL_STATE_READY)
 449:Drivers/STM32WBxx_HAL_Driver/Src/stm32wbxx_hal_tim_ex.c ****       || (complementary_channel_1_state != HAL_TIM_CHANNEL_STATE_READY)
 450:Drivers/STM32WBxx_HAL_Driver/Src/stm32wbxx_hal_tim_ex.c ****       || (complementary_channel_2_state != HAL_TIM_CHANNEL_STATE_READY))
 451:Drivers/STM32WBxx_HAL_Driver/Src/stm32wbxx_hal_tim_ex.c ****   {
 452:Drivers/STM32WBxx_HAL_Driver/Src/stm32wbxx_hal_tim_ex.c ****     return HAL_ERROR;
 453:Drivers/STM32WBxx_HAL_Driver/Src/stm32wbxx_hal_tim_ex.c ****   }
 454:Drivers/STM32WBxx_HAL_Driver/Src/stm32wbxx_hal_tim_ex.c **** 
 455:Drivers/STM32WBxx_HAL_Driver/Src/stm32wbxx_hal_tim_ex.c ****   /* Set the TIM channels state */
 456:Drivers/STM32WBxx_HAL_Driver/Src/stm32wbxx_hal_tim_ex.c ****   TIM_CHANNEL_STATE_SET(htim, TIM_CHANNEL_1, HAL_TIM_CHANNEL_STATE_BUSY);
 457:Drivers/STM32WBxx_HAL_Driver/Src/stm32wbxx_hal_tim_ex.c ****   TIM_CHANNEL_STATE_SET(htim, TIM_CHANNEL_2, HAL_TIM_CHANNEL_STATE_BUSY);
 458:Drivers/STM32WBxx_HAL_Driver/Src/stm32wbxx_hal_tim_ex.c ****   TIM_CHANNEL_N_STATE_SET(htim, TIM_CHANNEL_1, HAL_TIM_CHANNEL_STATE_BUSY);
 459:Drivers/STM32WBxx_HAL_Driver/Src/stm32wbxx_hal_tim_ex.c ****   TIM_CHANNEL_N_STATE_SET(htim, TIM_CHANNEL_2, HAL_TIM_CHANNEL_STATE_BUSY);
 460:Drivers/STM32WBxx_HAL_Driver/Src/stm32wbxx_hal_tim_ex.c **** 
 461:Drivers/STM32WBxx_HAL_Driver/Src/stm32wbxx_hal_tim_ex.c ****   /* Enable the capture compare Interrupts 1 event */
 462:Drivers/STM32WBxx_HAL_Driver/Src/stm32wbxx_hal_tim_ex.c ****   __HAL_TIM_ENABLE_IT(htim, TIM_IT_CC1);
 463:Drivers/STM32WBxx_HAL_Driver/Src/stm32wbxx_hal_tim_ex.c **** 
 464:Drivers/STM32WBxx_HAL_Driver/Src/stm32wbxx_hal_tim_ex.c ****   /* Enable the Input Capture channel 1
 465:Drivers/STM32WBxx_HAL_Driver/Src/stm32wbxx_hal_tim_ex.c ****   (in the Hall Sensor Interface the three possible channels that can be used are TIM_CHANNEL_1,
 466:Drivers/STM32WBxx_HAL_Driver/Src/stm32wbxx_hal_tim_ex.c ****   TIM_CHANNEL_2 and TIM_CHANNEL_3) */
 467:Drivers/STM32WBxx_HAL_Driver/Src/stm32wbxx_hal_tim_ex.c ****   TIM_CCxChannelCmd(htim->Instance, TIM_CHANNEL_1, TIM_CCx_ENABLE);
 468:Drivers/STM32WBxx_HAL_Driver/Src/stm32wbxx_hal_tim_ex.c **** 
 469:Drivers/STM32WBxx_HAL_Driver/Src/stm32wbxx_hal_tim_ex.c ****   /* Enable the Peripheral, except in trigger mode where enable is automatically done with trigger 
 470:Drivers/STM32WBxx_HAL_Driver/Src/stm32wbxx_hal_tim_ex.c ****   if (IS_TIM_SLAVE_INSTANCE(htim->Instance))
 471:Drivers/STM32WBxx_HAL_Driver/Src/stm32wbxx_hal_tim_ex.c ****   {
 472:Drivers/STM32WBxx_HAL_Driver/Src/stm32wbxx_hal_tim_ex.c ****     tmpsmcr = htim->Instance->SMCR & TIM_SMCR_SMS;
 473:Drivers/STM32WBxx_HAL_Driver/Src/stm32wbxx_hal_tim_ex.c ****     if (!IS_TIM_SLAVEMODE_TRIGGER_ENABLED(tmpsmcr))
 474:Drivers/STM32WBxx_HAL_Driver/Src/stm32wbxx_hal_tim_ex.c ****     {
 475:Drivers/STM32WBxx_HAL_Driver/Src/stm32wbxx_hal_tim_ex.c ****       __HAL_TIM_ENABLE(htim);
 476:Drivers/STM32WBxx_HAL_Driver/Src/stm32wbxx_hal_tim_ex.c ****     }
 477:Drivers/STM32WBxx_HAL_Driver/Src/stm32wbxx_hal_tim_ex.c ****   }
 478:Drivers/STM32WBxx_HAL_Driver/Src/stm32wbxx_hal_tim_ex.c ****   else
 479:Drivers/STM32WBxx_HAL_Driver/Src/stm32wbxx_hal_tim_ex.c ****   {
 480:Drivers/STM32WBxx_HAL_Driver/Src/stm32wbxx_hal_tim_ex.c ****     __HAL_TIM_ENABLE(htim);
 481:Drivers/STM32WBxx_HAL_Driver/Src/stm32wbxx_hal_tim_ex.c ****   }
 482:Drivers/STM32WBxx_HAL_Driver/Src/stm32wbxx_hal_tim_ex.c **** 
 483:Drivers/STM32WBxx_HAL_Driver/Src/stm32wbxx_hal_tim_ex.c ****   /* Return function status */
 484:Drivers/STM32WBxx_HAL_Driver/Src/stm32wbxx_hal_tim_ex.c ****   return HAL_OK;
 485:Drivers/STM32WBxx_HAL_Driver/Src/stm32wbxx_hal_tim_ex.c **** }
 486:Drivers/STM32WBxx_HAL_Driver/Src/stm32wbxx_hal_tim_ex.c **** 
ARM GAS  /var/folders/98/ctz5mtps7w71v8dr53cf5qg40000gn/T//ccO5oMcB.s 			page 10


 487:Drivers/STM32WBxx_HAL_Driver/Src/stm32wbxx_hal_tim_ex.c **** /**
 488:Drivers/STM32WBxx_HAL_Driver/Src/stm32wbxx_hal_tim_ex.c ****   * @brief  Stops the TIM Hall Sensor Interface in interrupt mode.
 489:Drivers/STM32WBxx_HAL_Driver/Src/stm32wbxx_hal_tim_ex.c ****   * @param  htim TIM Hall Sensor Interface handle
 490:Drivers/STM32WBxx_HAL_Driver/Src/stm32wbxx_hal_tim_ex.c ****   * @retval HAL status
 491:Drivers/STM32WBxx_HAL_Driver/Src/stm32wbxx_hal_tim_ex.c ****   */
 492:Drivers/STM32WBxx_HAL_Driver/Src/stm32wbxx_hal_tim_ex.c **** HAL_StatusTypeDef HAL_TIMEx_HallSensor_Stop_IT(TIM_HandleTypeDef *htim)
 493:Drivers/STM32WBxx_HAL_Driver/Src/stm32wbxx_hal_tim_ex.c **** {
 494:Drivers/STM32WBxx_HAL_Driver/Src/stm32wbxx_hal_tim_ex.c ****   /* Check the parameters */
 495:Drivers/STM32WBxx_HAL_Driver/Src/stm32wbxx_hal_tim_ex.c ****   assert_param(IS_TIM_HALL_SENSOR_INTERFACE_INSTANCE(htim->Instance));
 496:Drivers/STM32WBxx_HAL_Driver/Src/stm32wbxx_hal_tim_ex.c **** 
 497:Drivers/STM32WBxx_HAL_Driver/Src/stm32wbxx_hal_tim_ex.c ****   /* Disable the Input Capture channel 1
 498:Drivers/STM32WBxx_HAL_Driver/Src/stm32wbxx_hal_tim_ex.c ****   (in the Hall Sensor Interface the three possible channels that can be used are TIM_CHANNEL_1,
 499:Drivers/STM32WBxx_HAL_Driver/Src/stm32wbxx_hal_tim_ex.c ****   TIM_CHANNEL_2 and TIM_CHANNEL_3) */
 500:Drivers/STM32WBxx_HAL_Driver/Src/stm32wbxx_hal_tim_ex.c ****   TIM_CCxChannelCmd(htim->Instance, TIM_CHANNEL_1, TIM_CCx_DISABLE);
 501:Drivers/STM32WBxx_HAL_Driver/Src/stm32wbxx_hal_tim_ex.c **** 
 502:Drivers/STM32WBxx_HAL_Driver/Src/stm32wbxx_hal_tim_ex.c ****   /* Disable the capture compare Interrupts event */
 503:Drivers/STM32WBxx_HAL_Driver/Src/stm32wbxx_hal_tim_ex.c ****   __HAL_TIM_DISABLE_IT(htim, TIM_IT_CC1);
 504:Drivers/STM32WBxx_HAL_Driver/Src/stm32wbxx_hal_tim_ex.c **** 
 505:Drivers/STM32WBxx_HAL_Driver/Src/stm32wbxx_hal_tim_ex.c ****   /* Disable the Peripheral */
 506:Drivers/STM32WBxx_HAL_Driver/Src/stm32wbxx_hal_tim_ex.c ****   __HAL_TIM_DISABLE(htim);
 507:Drivers/STM32WBxx_HAL_Driver/Src/stm32wbxx_hal_tim_ex.c **** 
 508:Drivers/STM32WBxx_HAL_Driver/Src/stm32wbxx_hal_tim_ex.c ****   /* Set the TIM channels state */
 509:Drivers/STM32WBxx_HAL_Driver/Src/stm32wbxx_hal_tim_ex.c ****   TIM_CHANNEL_STATE_SET(htim, TIM_CHANNEL_1, HAL_TIM_CHANNEL_STATE_READY);
 510:Drivers/STM32WBxx_HAL_Driver/Src/stm32wbxx_hal_tim_ex.c ****   TIM_CHANNEL_STATE_SET(htim, TIM_CHANNEL_2, HAL_TIM_CHANNEL_STATE_READY);
 511:Drivers/STM32WBxx_HAL_Driver/Src/stm32wbxx_hal_tim_ex.c ****   TIM_CHANNEL_N_STATE_SET(htim, TIM_CHANNEL_1, HAL_TIM_CHANNEL_STATE_READY);
 512:Drivers/STM32WBxx_HAL_Driver/Src/stm32wbxx_hal_tim_ex.c ****   TIM_CHANNEL_N_STATE_SET(htim, TIM_CHANNEL_2, HAL_TIM_CHANNEL_STATE_READY);
 513:Drivers/STM32WBxx_HAL_Driver/Src/stm32wbxx_hal_tim_ex.c **** 
 514:Drivers/STM32WBxx_HAL_Driver/Src/stm32wbxx_hal_tim_ex.c ****   /* Return function status */
 515:Drivers/STM32WBxx_HAL_Driver/Src/stm32wbxx_hal_tim_ex.c ****   return HAL_OK;
 516:Drivers/STM32WBxx_HAL_Driver/Src/stm32wbxx_hal_tim_ex.c **** }
 517:Drivers/STM32WBxx_HAL_Driver/Src/stm32wbxx_hal_tim_ex.c **** 
 518:Drivers/STM32WBxx_HAL_Driver/Src/stm32wbxx_hal_tim_ex.c **** /**
 519:Drivers/STM32WBxx_HAL_Driver/Src/stm32wbxx_hal_tim_ex.c ****   * @brief  Starts the TIM Hall Sensor Interface in DMA mode.
 520:Drivers/STM32WBxx_HAL_Driver/Src/stm32wbxx_hal_tim_ex.c ****   * @param  htim TIM Hall Sensor Interface handle
 521:Drivers/STM32WBxx_HAL_Driver/Src/stm32wbxx_hal_tim_ex.c ****   * @param  pData The destination Buffer address.
 522:Drivers/STM32WBxx_HAL_Driver/Src/stm32wbxx_hal_tim_ex.c ****   * @param  Length The length of data to be transferred from TIM peripheral to memory.
 523:Drivers/STM32WBxx_HAL_Driver/Src/stm32wbxx_hal_tim_ex.c ****   * @retval HAL status
 524:Drivers/STM32WBxx_HAL_Driver/Src/stm32wbxx_hal_tim_ex.c ****   */
 525:Drivers/STM32WBxx_HAL_Driver/Src/stm32wbxx_hal_tim_ex.c **** HAL_StatusTypeDef HAL_TIMEx_HallSensor_Start_DMA(TIM_HandleTypeDef *htim, uint32_t *pData, uint16_t
 526:Drivers/STM32WBxx_HAL_Driver/Src/stm32wbxx_hal_tim_ex.c **** {
 527:Drivers/STM32WBxx_HAL_Driver/Src/stm32wbxx_hal_tim_ex.c ****   uint32_t tmpsmcr;
 528:Drivers/STM32WBxx_HAL_Driver/Src/stm32wbxx_hal_tim_ex.c ****   HAL_TIM_ChannelStateTypeDef channel_1_state = TIM_CHANNEL_STATE_GET(htim, TIM_CHANNEL_1);
 529:Drivers/STM32WBxx_HAL_Driver/Src/stm32wbxx_hal_tim_ex.c ****   HAL_TIM_ChannelStateTypeDef complementary_channel_1_state = TIM_CHANNEL_N_STATE_GET(htim, TIM_CHA
 530:Drivers/STM32WBxx_HAL_Driver/Src/stm32wbxx_hal_tim_ex.c **** 
 531:Drivers/STM32WBxx_HAL_Driver/Src/stm32wbxx_hal_tim_ex.c ****   /* Check the parameters */
 532:Drivers/STM32WBxx_HAL_Driver/Src/stm32wbxx_hal_tim_ex.c ****   assert_param(IS_TIM_HALL_SENSOR_INTERFACE_INSTANCE(htim->Instance));
 533:Drivers/STM32WBxx_HAL_Driver/Src/stm32wbxx_hal_tim_ex.c **** 
 534:Drivers/STM32WBxx_HAL_Driver/Src/stm32wbxx_hal_tim_ex.c ****   /* Set the TIM channel state */
 535:Drivers/STM32WBxx_HAL_Driver/Src/stm32wbxx_hal_tim_ex.c ****   if ((channel_1_state == HAL_TIM_CHANNEL_STATE_BUSY)
 536:Drivers/STM32WBxx_HAL_Driver/Src/stm32wbxx_hal_tim_ex.c ****       || (complementary_channel_1_state == HAL_TIM_CHANNEL_STATE_BUSY))
 537:Drivers/STM32WBxx_HAL_Driver/Src/stm32wbxx_hal_tim_ex.c ****   {
 538:Drivers/STM32WBxx_HAL_Driver/Src/stm32wbxx_hal_tim_ex.c ****     return HAL_BUSY;
 539:Drivers/STM32WBxx_HAL_Driver/Src/stm32wbxx_hal_tim_ex.c ****   }
 540:Drivers/STM32WBxx_HAL_Driver/Src/stm32wbxx_hal_tim_ex.c ****   else if ((channel_1_state == HAL_TIM_CHANNEL_STATE_READY)
 541:Drivers/STM32WBxx_HAL_Driver/Src/stm32wbxx_hal_tim_ex.c ****            && (complementary_channel_1_state == HAL_TIM_CHANNEL_STATE_READY))
 542:Drivers/STM32WBxx_HAL_Driver/Src/stm32wbxx_hal_tim_ex.c ****   {
 543:Drivers/STM32WBxx_HAL_Driver/Src/stm32wbxx_hal_tim_ex.c ****     if ((pData == NULL) || (Length == 0U))
ARM GAS  /var/folders/98/ctz5mtps7w71v8dr53cf5qg40000gn/T//ccO5oMcB.s 			page 11


 544:Drivers/STM32WBxx_HAL_Driver/Src/stm32wbxx_hal_tim_ex.c ****     {
 545:Drivers/STM32WBxx_HAL_Driver/Src/stm32wbxx_hal_tim_ex.c ****       return HAL_ERROR;
 546:Drivers/STM32WBxx_HAL_Driver/Src/stm32wbxx_hal_tim_ex.c ****     }
 547:Drivers/STM32WBxx_HAL_Driver/Src/stm32wbxx_hal_tim_ex.c ****     else
 548:Drivers/STM32WBxx_HAL_Driver/Src/stm32wbxx_hal_tim_ex.c ****     {
 549:Drivers/STM32WBxx_HAL_Driver/Src/stm32wbxx_hal_tim_ex.c ****       TIM_CHANNEL_STATE_SET(htim, TIM_CHANNEL_1, HAL_TIM_CHANNEL_STATE_BUSY);
 550:Drivers/STM32WBxx_HAL_Driver/Src/stm32wbxx_hal_tim_ex.c ****       TIM_CHANNEL_N_STATE_SET(htim, TIM_CHANNEL_1, HAL_TIM_CHANNEL_STATE_BUSY);
 551:Drivers/STM32WBxx_HAL_Driver/Src/stm32wbxx_hal_tim_ex.c ****     }
 552:Drivers/STM32WBxx_HAL_Driver/Src/stm32wbxx_hal_tim_ex.c ****   }
 553:Drivers/STM32WBxx_HAL_Driver/Src/stm32wbxx_hal_tim_ex.c ****   else
 554:Drivers/STM32WBxx_HAL_Driver/Src/stm32wbxx_hal_tim_ex.c ****   {
 555:Drivers/STM32WBxx_HAL_Driver/Src/stm32wbxx_hal_tim_ex.c ****     return HAL_ERROR;
 556:Drivers/STM32WBxx_HAL_Driver/Src/stm32wbxx_hal_tim_ex.c ****   }
 557:Drivers/STM32WBxx_HAL_Driver/Src/stm32wbxx_hal_tim_ex.c **** 
 558:Drivers/STM32WBxx_HAL_Driver/Src/stm32wbxx_hal_tim_ex.c ****   /* Enable the Input Capture channel 1
 559:Drivers/STM32WBxx_HAL_Driver/Src/stm32wbxx_hal_tim_ex.c ****   (in the Hall Sensor Interface the three possible channels that can be used are TIM_CHANNEL_1,
 560:Drivers/STM32WBxx_HAL_Driver/Src/stm32wbxx_hal_tim_ex.c ****   TIM_CHANNEL_2 and TIM_CHANNEL_3) */
 561:Drivers/STM32WBxx_HAL_Driver/Src/stm32wbxx_hal_tim_ex.c ****   TIM_CCxChannelCmd(htim->Instance, TIM_CHANNEL_1, TIM_CCx_ENABLE);
 562:Drivers/STM32WBxx_HAL_Driver/Src/stm32wbxx_hal_tim_ex.c **** 
 563:Drivers/STM32WBxx_HAL_Driver/Src/stm32wbxx_hal_tim_ex.c ****   /* Set the DMA Input Capture 1 Callbacks */
 564:Drivers/STM32WBxx_HAL_Driver/Src/stm32wbxx_hal_tim_ex.c ****   htim->hdma[TIM_DMA_ID_CC1]->XferCpltCallback = TIM_DMACaptureCplt;
 565:Drivers/STM32WBxx_HAL_Driver/Src/stm32wbxx_hal_tim_ex.c ****   htim->hdma[TIM_DMA_ID_CC1]->XferHalfCpltCallback = TIM_DMACaptureHalfCplt;
 566:Drivers/STM32WBxx_HAL_Driver/Src/stm32wbxx_hal_tim_ex.c ****   /* Set the DMA error callback */
 567:Drivers/STM32WBxx_HAL_Driver/Src/stm32wbxx_hal_tim_ex.c ****   htim->hdma[TIM_DMA_ID_CC1]->XferErrorCallback = TIM_DMAError ;
 568:Drivers/STM32WBxx_HAL_Driver/Src/stm32wbxx_hal_tim_ex.c **** 
 569:Drivers/STM32WBxx_HAL_Driver/Src/stm32wbxx_hal_tim_ex.c ****   /* Enable the DMA channel for Capture 1*/
 570:Drivers/STM32WBxx_HAL_Driver/Src/stm32wbxx_hal_tim_ex.c ****   if (HAL_DMA_Start_IT(htim->hdma[TIM_DMA_ID_CC1], (uint32_t)&htim->Instance->CCR1, (uint32_t)pData
 571:Drivers/STM32WBxx_HAL_Driver/Src/stm32wbxx_hal_tim_ex.c ****   {
 572:Drivers/STM32WBxx_HAL_Driver/Src/stm32wbxx_hal_tim_ex.c ****     /* Return error status */
 573:Drivers/STM32WBxx_HAL_Driver/Src/stm32wbxx_hal_tim_ex.c ****     return HAL_ERROR;
 574:Drivers/STM32WBxx_HAL_Driver/Src/stm32wbxx_hal_tim_ex.c ****   }
 575:Drivers/STM32WBxx_HAL_Driver/Src/stm32wbxx_hal_tim_ex.c ****   /* Enable the capture compare 1 Interrupt */
 576:Drivers/STM32WBxx_HAL_Driver/Src/stm32wbxx_hal_tim_ex.c ****   __HAL_TIM_ENABLE_DMA(htim, TIM_DMA_CC1);
 577:Drivers/STM32WBxx_HAL_Driver/Src/stm32wbxx_hal_tim_ex.c **** 
 578:Drivers/STM32WBxx_HAL_Driver/Src/stm32wbxx_hal_tim_ex.c ****   /* Enable the Peripheral, except in trigger mode where enable is automatically done with trigger 
 579:Drivers/STM32WBxx_HAL_Driver/Src/stm32wbxx_hal_tim_ex.c ****   if (IS_TIM_SLAVE_INSTANCE(htim->Instance))
 580:Drivers/STM32WBxx_HAL_Driver/Src/stm32wbxx_hal_tim_ex.c ****   {
 581:Drivers/STM32WBxx_HAL_Driver/Src/stm32wbxx_hal_tim_ex.c ****     tmpsmcr = htim->Instance->SMCR & TIM_SMCR_SMS;
 582:Drivers/STM32WBxx_HAL_Driver/Src/stm32wbxx_hal_tim_ex.c ****     if (!IS_TIM_SLAVEMODE_TRIGGER_ENABLED(tmpsmcr))
 583:Drivers/STM32WBxx_HAL_Driver/Src/stm32wbxx_hal_tim_ex.c ****     {
 584:Drivers/STM32WBxx_HAL_Driver/Src/stm32wbxx_hal_tim_ex.c ****       __HAL_TIM_ENABLE(htim);
 585:Drivers/STM32WBxx_HAL_Driver/Src/stm32wbxx_hal_tim_ex.c ****     }
 586:Drivers/STM32WBxx_HAL_Driver/Src/stm32wbxx_hal_tim_ex.c ****   }
 587:Drivers/STM32WBxx_HAL_Driver/Src/stm32wbxx_hal_tim_ex.c ****   else
 588:Drivers/STM32WBxx_HAL_Driver/Src/stm32wbxx_hal_tim_ex.c ****   {
 589:Drivers/STM32WBxx_HAL_Driver/Src/stm32wbxx_hal_tim_ex.c ****     __HAL_TIM_ENABLE(htim);
 590:Drivers/STM32WBxx_HAL_Driver/Src/stm32wbxx_hal_tim_ex.c ****   }
 591:Drivers/STM32WBxx_HAL_Driver/Src/stm32wbxx_hal_tim_ex.c **** 
 592:Drivers/STM32WBxx_HAL_Driver/Src/stm32wbxx_hal_tim_ex.c ****   /* Return function status */
 593:Drivers/STM32WBxx_HAL_Driver/Src/stm32wbxx_hal_tim_ex.c ****   return HAL_OK;
 594:Drivers/STM32WBxx_HAL_Driver/Src/stm32wbxx_hal_tim_ex.c **** }
 595:Drivers/STM32WBxx_HAL_Driver/Src/stm32wbxx_hal_tim_ex.c **** 
 596:Drivers/STM32WBxx_HAL_Driver/Src/stm32wbxx_hal_tim_ex.c **** /**
 597:Drivers/STM32WBxx_HAL_Driver/Src/stm32wbxx_hal_tim_ex.c ****   * @brief  Stops the TIM Hall Sensor Interface in DMA mode.
 598:Drivers/STM32WBxx_HAL_Driver/Src/stm32wbxx_hal_tim_ex.c ****   * @param  htim TIM Hall Sensor Interface handle
 599:Drivers/STM32WBxx_HAL_Driver/Src/stm32wbxx_hal_tim_ex.c ****   * @retval HAL status
 600:Drivers/STM32WBxx_HAL_Driver/Src/stm32wbxx_hal_tim_ex.c ****   */
ARM GAS  /var/folders/98/ctz5mtps7w71v8dr53cf5qg40000gn/T//ccO5oMcB.s 			page 12


 601:Drivers/STM32WBxx_HAL_Driver/Src/stm32wbxx_hal_tim_ex.c **** HAL_StatusTypeDef HAL_TIMEx_HallSensor_Stop_DMA(TIM_HandleTypeDef *htim)
 602:Drivers/STM32WBxx_HAL_Driver/Src/stm32wbxx_hal_tim_ex.c **** {
 603:Drivers/STM32WBxx_HAL_Driver/Src/stm32wbxx_hal_tim_ex.c ****   /* Check the parameters */
 604:Drivers/STM32WBxx_HAL_Driver/Src/stm32wbxx_hal_tim_ex.c ****   assert_param(IS_TIM_HALL_SENSOR_INTERFACE_INSTANCE(htim->Instance));
 605:Drivers/STM32WBxx_HAL_Driver/Src/stm32wbxx_hal_tim_ex.c **** 
 606:Drivers/STM32WBxx_HAL_Driver/Src/stm32wbxx_hal_tim_ex.c ****   /* Disable the Input Capture channel 1
 607:Drivers/STM32WBxx_HAL_Driver/Src/stm32wbxx_hal_tim_ex.c ****   (in the Hall Sensor Interface the three possible channels that can be used are TIM_CHANNEL_1,
 608:Drivers/STM32WBxx_HAL_Driver/Src/stm32wbxx_hal_tim_ex.c ****   TIM_CHANNEL_2 and TIM_CHANNEL_3) */
 609:Drivers/STM32WBxx_HAL_Driver/Src/stm32wbxx_hal_tim_ex.c ****   TIM_CCxChannelCmd(htim->Instance, TIM_CHANNEL_1, TIM_CCx_DISABLE);
 610:Drivers/STM32WBxx_HAL_Driver/Src/stm32wbxx_hal_tim_ex.c **** 
 611:Drivers/STM32WBxx_HAL_Driver/Src/stm32wbxx_hal_tim_ex.c **** 
 612:Drivers/STM32WBxx_HAL_Driver/Src/stm32wbxx_hal_tim_ex.c ****   /* Disable the capture compare Interrupts 1 event */
 613:Drivers/STM32WBxx_HAL_Driver/Src/stm32wbxx_hal_tim_ex.c ****   __HAL_TIM_DISABLE_DMA(htim, TIM_DMA_CC1);
 614:Drivers/STM32WBxx_HAL_Driver/Src/stm32wbxx_hal_tim_ex.c **** 
 615:Drivers/STM32WBxx_HAL_Driver/Src/stm32wbxx_hal_tim_ex.c ****   (void)HAL_DMA_Abort_IT(htim->hdma[TIM_DMA_ID_CC1]);
 616:Drivers/STM32WBxx_HAL_Driver/Src/stm32wbxx_hal_tim_ex.c **** 
 617:Drivers/STM32WBxx_HAL_Driver/Src/stm32wbxx_hal_tim_ex.c ****   /* Disable the Peripheral */
 618:Drivers/STM32WBxx_HAL_Driver/Src/stm32wbxx_hal_tim_ex.c ****   __HAL_TIM_DISABLE(htim);
 619:Drivers/STM32WBxx_HAL_Driver/Src/stm32wbxx_hal_tim_ex.c **** 
 620:Drivers/STM32WBxx_HAL_Driver/Src/stm32wbxx_hal_tim_ex.c ****   /* Set the TIM channel state */
 621:Drivers/STM32WBxx_HAL_Driver/Src/stm32wbxx_hal_tim_ex.c ****   TIM_CHANNEL_STATE_SET(htim, TIM_CHANNEL_1, HAL_TIM_CHANNEL_STATE_READY);
 622:Drivers/STM32WBxx_HAL_Driver/Src/stm32wbxx_hal_tim_ex.c ****   TIM_CHANNEL_N_STATE_SET(htim, TIM_CHANNEL_1, HAL_TIM_CHANNEL_STATE_READY);
 623:Drivers/STM32WBxx_HAL_Driver/Src/stm32wbxx_hal_tim_ex.c **** 
 624:Drivers/STM32WBxx_HAL_Driver/Src/stm32wbxx_hal_tim_ex.c ****   /* Return function status */
 625:Drivers/STM32WBxx_HAL_Driver/Src/stm32wbxx_hal_tim_ex.c ****   return HAL_OK;
 626:Drivers/STM32WBxx_HAL_Driver/Src/stm32wbxx_hal_tim_ex.c **** }
 627:Drivers/STM32WBxx_HAL_Driver/Src/stm32wbxx_hal_tim_ex.c **** 
 628:Drivers/STM32WBxx_HAL_Driver/Src/stm32wbxx_hal_tim_ex.c **** /**
 629:Drivers/STM32WBxx_HAL_Driver/Src/stm32wbxx_hal_tim_ex.c ****   * @}
 630:Drivers/STM32WBxx_HAL_Driver/Src/stm32wbxx_hal_tim_ex.c ****   */
 631:Drivers/STM32WBxx_HAL_Driver/Src/stm32wbxx_hal_tim_ex.c **** 
 632:Drivers/STM32WBxx_HAL_Driver/Src/stm32wbxx_hal_tim_ex.c **** /** @defgroup TIMEx_Exported_Functions_Group2 Extended Timer Complementary Output Compare functions
 633:Drivers/STM32WBxx_HAL_Driver/Src/stm32wbxx_hal_tim_ex.c ****   *  @brief   Timer Complementary Output Compare functions
 634:Drivers/STM32WBxx_HAL_Driver/Src/stm32wbxx_hal_tim_ex.c ****   *
 635:Drivers/STM32WBxx_HAL_Driver/Src/stm32wbxx_hal_tim_ex.c **** @verbatim
 636:Drivers/STM32WBxx_HAL_Driver/Src/stm32wbxx_hal_tim_ex.c ****   ==============================================================================
 637:Drivers/STM32WBxx_HAL_Driver/Src/stm32wbxx_hal_tim_ex.c ****               ##### Timer Complementary Output Compare functions #####
 638:Drivers/STM32WBxx_HAL_Driver/Src/stm32wbxx_hal_tim_ex.c ****   ==============================================================================
 639:Drivers/STM32WBxx_HAL_Driver/Src/stm32wbxx_hal_tim_ex.c ****   [..]
 640:Drivers/STM32WBxx_HAL_Driver/Src/stm32wbxx_hal_tim_ex.c ****     This section provides functions allowing to:
 641:Drivers/STM32WBxx_HAL_Driver/Src/stm32wbxx_hal_tim_ex.c ****     (+) Start the Complementary Output Compare/PWM.
 642:Drivers/STM32WBxx_HAL_Driver/Src/stm32wbxx_hal_tim_ex.c ****     (+) Stop the Complementary Output Compare/PWM.
 643:Drivers/STM32WBxx_HAL_Driver/Src/stm32wbxx_hal_tim_ex.c ****     (+) Start the Complementary Output Compare/PWM and enable interrupts.
 644:Drivers/STM32WBxx_HAL_Driver/Src/stm32wbxx_hal_tim_ex.c ****     (+) Stop the Complementary Output Compare/PWM and disable interrupts.
 645:Drivers/STM32WBxx_HAL_Driver/Src/stm32wbxx_hal_tim_ex.c ****     (+) Start the Complementary Output Compare/PWM and enable DMA transfers.
 646:Drivers/STM32WBxx_HAL_Driver/Src/stm32wbxx_hal_tim_ex.c ****     (+) Stop the Complementary Output Compare/PWM and disable DMA transfers.
 647:Drivers/STM32WBxx_HAL_Driver/Src/stm32wbxx_hal_tim_ex.c **** 
 648:Drivers/STM32WBxx_HAL_Driver/Src/stm32wbxx_hal_tim_ex.c **** @endverbatim
 649:Drivers/STM32WBxx_HAL_Driver/Src/stm32wbxx_hal_tim_ex.c ****   * @{
 650:Drivers/STM32WBxx_HAL_Driver/Src/stm32wbxx_hal_tim_ex.c ****   */
 651:Drivers/STM32WBxx_HAL_Driver/Src/stm32wbxx_hal_tim_ex.c **** 
 652:Drivers/STM32WBxx_HAL_Driver/Src/stm32wbxx_hal_tim_ex.c **** /**
 653:Drivers/STM32WBxx_HAL_Driver/Src/stm32wbxx_hal_tim_ex.c ****   * @brief  Starts the TIM Output Compare signal generation on the complementary
 654:Drivers/STM32WBxx_HAL_Driver/Src/stm32wbxx_hal_tim_ex.c ****   *         output.
 655:Drivers/STM32WBxx_HAL_Driver/Src/stm32wbxx_hal_tim_ex.c ****   * @param  htim TIM Output Compare handle
 656:Drivers/STM32WBxx_HAL_Driver/Src/stm32wbxx_hal_tim_ex.c ****   * @param  Channel TIM Channel to be enabled
 657:Drivers/STM32WBxx_HAL_Driver/Src/stm32wbxx_hal_tim_ex.c ****   *          This parameter can be one of the following values:
ARM GAS  /var/folders/98/ctz5mtps7w71v8dr53cf5qg40000gn/T//ccO5oMcB.s 			page 13


 658:Drivers/STM32WBxx_HAL_Driver/Src/stm32wbxx_hal_tim_ex.c ****   *            @arg TIM_CHANNEL_1: TIM Channel 1 selected
 659:Drivers/STM32WBxx_HAL_Driver/Src/stm32wbxx_hal_tim_ex.c ****   *            @arg TIM_CHANNEL_2: TIM Channel 2 selected
 660:Drivers/STM32WBxx_HAL_Driver/Src/stm32wbxx_hal_tim_ex.c ****   *            @arg TIM_CHANNEL_3: TIM Channel 3 selected
 661:Drivers/STM32WBxx_HAL_Driver/Src/stm32wbxx_hal_tim_ex.c ****   * @retval HAL status
 662:Drivers/STM32WBxx_HAL_Driver/Src/stm32wbxx_hal_tim_ex.c ****   */
 663:Drivers/STM32WBxx_HAL_Driver/Src/stm32wbxx_hal_tim_ex.c **** HAL_StatusTypeDef HAL_TIMEx_OCN_Start(TIM_HandleTypeDef *htim, uint32_t Channel)
 664:Drivers/STM32WBxx_HAL_Driver/Src/stm32wbxx_hal_tim_ex.c **** {
 665:Drivers/STM32WBxx_HAL_Driver/Src/stm32wbxx_hal_tim_ex.c ****   uint32_t tmpsmcr;
 666:Drivers/STM32WBxx_HAL_Driver/Src/stm32wbxx_hal_tim_ex.c **** 
 667:Drivers/STM32WBxx_HAL_Driver/Src/stm32wbxx_hal_tim_ex.c ****   /* Check the parameters */
 668:Drivers/STM32WBxx_HAL_Driver/Src/stm32wbxx_hal_tim_ex.c ****   assert_param(IS_TIM_CCXN_INSTANCE(htim->Instance, Channel));
 669:Drivers/STM32WBxx_HAL_Driver/Src/stm32wbxx_hal_tim_ex.c **** 
 670:Drivers/STM32WBxx_HAL_Driver/Src/stm32wbxx_hal_tim_ex.c ****   /* Check the TIM complementary channel state */
 671:Drivers/STM32WBxx_HAL_Driver/Src/stm32wbxx_hal_tim_ex.c ****   if (TIM_CHANNEL_N_STATE_GET(htim, Channel) != HAL_TIM_CHANNEL_STATE_READY)
 672:Drivers/STM32WBxx_HAL_Driver/Src/stm32wbxx_hal_tim_ex.c ****   {
 673:Drivers/STM32WBxx_HAL_Driver/Src/stm32wbxx_hal_tim_ex.c ****     return HAL_ERROR;
 674:Drivers/STM32WBxx_HAL_Driver/Src/stm32wbxx_hal_tim_ex.c ****   }
 675:Drivers/STM32WBxx_HAL_Driver/Src/stm32wbxx_hal_tim_ex.c **** 
 676:Drivers/STM32WBxx_HAL_Driver/Src/stm32wbxx_hal_tim_ex.c ****   /* Set the TIM complementary channel state */
 677:Drivers/STM32WBxx_HAL_Driver/Src/stm32wbxx_hal_tim_ex.c ****   TIM_CHANNEL_N_STATE_SET(htim, Channel, HAL_TIM_CHANNEL_STATE_BUSY);
 678:Drivers/STM32WBxx_HAL_Driver/Src/stm32wbxx_hal_tim_ex.c **** 
 679:Drivers/STM32WBxx_HAL_Driver/Src/stm32wbxx_hal_tim_ex.c ****   /* Enable the Capture compare channel N */
 680:Drivers/STM32WBxx_HAL_Driver/Src/stm32wbxx_hal_tim_ex.c ****   TIM_CCxNChannelCmd(htim->Instance, Channel, TIM_CCxN_ENABLE);
 681:Drivers/STM32WBxx_HAL_Driver/Src/stm32wbxx_hal_tim_ex.c **** 
 682:Drivers/STM32WBxx_HAL_Driver/Src/stm32wbxx_hal_tim_ex.c ****   /* Enable the Main Output */
 683:Drivers/STM32WBxx_HAL_Driver/Src/stm32wbxx_hal_tim_ex.c ****   __HAL_TIM_MOE_ENABLE(htim);
 684:Drivers/STM32WBxx_HAL_Driver/Src/stm32wbxx_hal_tim_ex.c **** 
 685:Drivers/STM32WBxx_HAL_Driver/Src/stm32wbxx_hal_tim_ex.c ****   /* Enable the Peripheral, except in trigger mode where enable is automatically done with trigger 
 686:Drivers/STM32WBxx_HAL_Driver/Src/stm32wbxx_hal_tim_ex.c ****   if (IS_TIM_SLAVE_INSTANCE(htim->Instance))
 687:Drivers/STM32WBxx_HAL_Driver/Src/stm32wbxx_hal_tim_ex.c ****   {
 688:Drivers/STM32WBxx_HAL_Driver/Src/stm32wbxx_hal_tim_ex.c ****     tmpsmcr = htim->Instance->SMCR & TIM_SMCR_SMS;
 689:Drivers/STM32WBxx_HAL_Driver/Src/stm32wbxx_hal_tim_ex.c ****     if (!IS_TIM_SLAVEMODE_TRIGGER_ENABLED(tmpsmcr))
 690:Drivers/STM32WBxx_HAL_Driver/Src/stm32wbxx_hal_tim_ex.c ****     {
 691:Drivers/STM32WBxx_HAL_Driver/Src/stm32wbxx_hal_tim_ex.c ****       __HAL_TIM_ENABLE(htim);
 692:Drivers/STM32WBxx_HAL_Driver/Src/stm32wbxx_hal_tim_ex.c ****     }
 693:Drivers/STM32WBxx_HAL_Driver/Src/stm32wbxx_hal_tim_ex.c ****   }
 694:Drivers/STM32WBxx_HAL_Driver/Src/stm32wbxx_hal_tim_ex.c ****   else
 695:Drivers/STM32WBxx_HAL_Driver/Src/stm32wbxx_hal_tim_ex.c ****   {
 696:Drivers/STM32WBxx_HAL_Driver/Src/stm32wbxx_hal_tim_ex.c ****     __HAL_TIM_ENABLE(htim);
 697:Drivers/STM32WBxx_HAL_Driver/Src/stm32wbxx_hal_tim_ex.c ****   }
 698:Drivers/STM32WBxx_HAL_Driver/Src/stm32wbxx_hal_tim_ex.c **** 
 699:Drivers/STM32WBxx_HAL_Driver/Src/stm32wbxx_hal_tim_ex.c ****   /* Return function status */
 700:Drivers/STM32WBxx_HAL_Driver/Src/stm32wbxx_hal_tim_ex.c ****   return HAL_OK;
 701:Drivers/STM32WBxx_HAL_Driver/Src/stm32wbxx_hal_tim_ex.c **** }
 702:Drivers/STM32WBxx_HAL_Driver/Src/stm32wbxx_hal_tim_ex.c **** 
 703:Drivers/STM32WBxx_HAL_Driver/Src/stm32wbxx_hal_tim_ex.c **** /**
 704:Drivers/STM32WBxx_HAL_Driver/Src/stm32wbxx_hal_tim_ex.c ****   * @brief  Stops the TIM Output Compare signal generation on the complementary
 705:Drivers/STM32WBxx_HAL_Driver/Src/stm32wbxx_hal_tim_ex.c ****   *         output.
 706:Drivers/STM32WBxx_HAL_Driver/Src/stm32wbxx_hal_tim_ex.c ****   * @param  htim TIM handle
 707:Drivers/STM32WBxx_HAL_Driver/Src/stm32wbxx_hal_tim_ex.c ****   * @param  Channel TIM Channel to be disabled
 708:Drivers/STM32WBxx_HAL_Driver/Src/stm32wbxx_hal_tim_ex.c ****   *          This parameter can be one of the following values:
 709:Drivers/STM32WBxx_HAL_Driver/Src/stm32wbxx_hal_tim_ex.c ****   *            @arg TIM_CHANNEL_1: TIM Channel 1 selected
 710:Drivers/STM32WBxx_HAL_Driver/Src/stm32wbxx_hal_tim_ex.c ****   *            @arg TIM_CHANNEL_2: TIM Channel 2 selected
 711:Drivers/STM32WBxx_HAL_Driver/Src/stm32wbxx_hal_tim_ex.c ****   *            @arg TIM_CHANNEL_3: TIM Channel 3 selected
 712:Drivers/STM32WBxx_HAL_Driver/Src/stm32wbxx_hal_tim_ex.c ****   * @retval HAL status
 713:Drivers/STM32WBxx_HAL_Driver/Src/stm32wbxx_hal_tim_ex.c ****   */
 714:Drivers/STM32WBxx_HAL_Driver/Src/stm32wbxx_hal_tim_ex.c **** HAL_StatusTypeDef HAL_TIMEx_OCN_Stop(TIM_HandleTypeDef *htim, uint32_t Channel)
ARM GAS  /var/folders/98/ctz5mtps7w71v8dr53cf5qg40000gn/T//ccO5oMcB.s 			page 14


 715:Drivers/STM32WBxx_HAL_Driver/Src/stm32wbxx_hal_tim_ex.c **** {
 716:Drivers/STM32WBxx_HAL_Driver/Src/stm32wbxx_hal_tim_ex.c ****   /* Check the parameters */
 717:Drivers/STM32WBxx_HAL_Driver/Src/stm32wbxx_hal_tim_ex.c ****   assert_param(IS_TIM_CCXN_INSTANCE(htim->Instance, Channel));
 718:Drivers/STM32WBxx_HAL_Driver/Src/stm32wbxx_hal_tim_ex.c **** 
 719:Drivers/STM32WBxx_HAL_Driver/Src/stm32wbxx_hal_tim_ex.c ****   /* Disable the Capture compare channel N */
 720:Drivers/STM32WBxx_HAL_Driver/Src/stm32wbxx_hal_tim_ex.c ****   TIM_CCxNChannelCmd(htim->Instance, Channel, TIM_CCxN_DISABLE);
 721:Drivers/STM32WBxx_HAL_Driver/Src/stm32wbxx_hal_tim_ex.c **** 
 722:Drivers/STM32WBxx_HAL_Driver/Src/stm32wbxx_hal_tim_ex.c ****   /* Disable the Main Output */
 723:Drivers/STM32WBxx_HAL_Driver/Src/stm32wbxx_hal_tim_ex.c ****   __HAL_TIM_MOE_DISABLE(htim);
 724:Drivers/STM32WBxx_HAL_Driver/Src/stm32wbxx_hal_tim_ex.c **** 
 725:Drivers/STM32WBxx_HAL_Driver/Src/stm32wbxx_hal_tim_ex.c ****   /* Disable the Peripheral */
 726:Drivers/STM32WBxx_HAL_Driver/Src/stm32wbxx_hal_tim_ex.c ****   __HAL_TIM_DISABLE(htim);
 727:Drivers/STM32WBxx_HAL_Driver/Src/stm32wbxx_hal_tim_ex.c **** 
 728:Drivers/STM32WBxx_HAL_Driver/Src/stm32wbxx_hal_tim_ex.c ****   /* Set the TIM complementary channel state */
 729:Drivers/STM32WBxx_HAL_Driver/Src/stm32wbxx_hal_tim_ex.c ****   TIM_CHANNEL_N_STATE_SET(htim, Channel, HAL_TIM_CHANNEL_STATE_READY);
 730:Drivers/STM32WBxx_HAL_Driver/Src/stm32wbxx_hal_tim_ex.c **** 
 731:Drivers/STM32WBxx_HAL_Driver/Src/stm32wbxx_hal_tim_ex.c ****   /* Return function status */
 732:Drivers/STM32WBxx_HAL_Driver/Src/stm32wbxx_hal_tim_ex.c ****   return HAL_OK;
 733:Drivers/STM32WBxx_HAL_Driver/Src/stm32wbxx_hal_tim_ex.c **** }
 734:Drivers/STM32WBxx_HAL_Driver/Src/stm32wbxx_hal_tim_ex.c **** 
 735:Drivers/STM32WBxx_HAL_Driver/Src/stm32wbxx_hal_tim_ex.c **** /**
 736:Drivers/STM32WBxx_HAL_Driver/Src/stm32wbxx_hal_tim_ex.c ****   * @brief  Starts the TIM Output Compare signal generation in interrupt mode
 737:Drivers/STM32WBxx_HAL_Driver/Src/stm32wbxx_hal_tim_ex.c ****   *         on the complementary output.
 738:Drivers/STM32WBxx_HAL_Driver/Src/stm32wbxx_hal_tim_ex.c ****   * @param  htim TIM OC handle
 739:Drivers/STM32WBxx_HAL_Driver/Src/stm32wbxx_hal_tim_ex.c ****   * @param  Channel TIM Channel to be enabled
 740:Drivers/STM32WBxx_HAL_Driver/Src/stm32wbxx_hal_tim_ex.c ****   *          This parameter can be one of the following values:
 741:Drivers/STM32WBxx_HAL_Driver/Src/stm32wbxx_hal_tim_ex.c ****   *            @arg TIM_CHANNEL_1: TIM Channel 1 selected
 742:Drivers/STM32WBxx_HAL_Driver/Src/stm32wbxx_hal_tim_ex.c ****   *            @arg TIM_CHANNEL_2: TIM Channel 2 selected
 743:Drivers/STM32WBxx_HAL_Driver/Src/stm32wbxx_hal_tim_ex.c ****   *            @arg TIM_CHANNEL_3: TIM Channel 3 selected
 744:Drivers/STM32WBxx_HAL_Driver/Src/stm32wbxx_hal_tim_ex.c ****   * @retval HAL status
 745:Drivers/STM32WBxx_HAL_Driver/Src/stm32wbxx_hal_tim_ex.c ****   */
 746:Drivers/STM32WBxx_HAL_Driver/Src/stm32wbxx_hal_tim_ex.c **** HAL_StatusTypeDef HAL_TIMEx_OCN_Start_IT(TIM_HandleTypeDef *htim, uint32_t Channel)
 747:Drivers/STM32WBxx_HAL_Driver/Src/stm32wbxx_hal_tim_ex.c **** {
 748:Drivers/STM32WBxx_HAL_Driver/Src/stm32wbxx_hal_tim_ex.c ****   HAL_StatusTypeDef status = HAL_OK;
 749:Drivers/STM32WBxx_HAL_Driver/Src/stm32wbxx_hal_tim_ex.c ****   uint32_t tmpsmcr;
 750:Drivers/STM32WBxx_HAL_Driver/Src/stm32wbxx_hal_tim_ex.c **** 
 751:Drivers/STM32WBxx_HAL_Driver/Src/stm32wbxx_hal_tim_ex.c ****   /* Check the parameters */
 752:Drivers/STM32WBxx_HAL_Driver/Src/stm32wbxx_hal_tim_ex.c ****   assert_param(IS_TIM_CCXN_INSTANCE(htim->Instance, Channel));
 753:Drivers/STM32WBxx_HAL_Driver/Src/stm32wbxx_hal_tim_ex.c **** 
 754:Drivers/STM32WBxx_HAL_Driver/Src/stm32wbxx_hal_tim_ex.c ****   /* Check the TIM complementary channel state */
 755:Drivers/STM32WBxx_HAL_Driver/Src/stm32wbxx_hal_tim_ex.c ****   if (TIM_CHANNEL_N_STATE_GET(htim, Channel) != HAL_TIM_CHANNEL_STATE_READY)
 756:Drivers/STM32WBxx_HAL_Driver/Src/stm32wbxx_hal_tim_ex.c ****   {
 757:Drivers/STM32WBxx_HAL_Driver/Src/stm32wbxx_hal_tim_ex.c ****     return HAL_ERROR;
 758:Drivers/STM32WBxx_HAL_Driver/Src/stm32wbxx_hal_tim_ex.c ****   }
 759:Drivers/STM32WBxx_HAL_Driver/Src/stm32wbxx_hal_tim_ex.c **** 
 760:Drivers/STM32WBxx_HAL_Driver/Src/stm32wbxx_hal_tim_ex.c ****   /* Set the TIM complementary channel state */
 761:Drivers/STM32WBxx_HAL_Driver/Src/stm32wbxx_hal_tim_ex.c ****   TIM_CHANNEL_N_STATE_SET(htim, Channel, HAL_TIM_CHANNEL_STATE_BUSY);
 762:Drivers/STM32WBxx_HAL_Driver/Src/stm32wbxx_hal_tim_ex.c **** 
 763:Drivers/STM32WBxx_HAL_Driver/Src/stm32wbxx_hal_tim_ex.c ****   switch (Channel)
 764:Drivers/STM32WBxx_HAL_Driver/Src/stm32wbxx_hal_tim_ex.c ****   {
 765:Drivers/STM32WBxx_HAL_Driver/Src/stm32wbxx_hal_tim_ex.c ****     case TIM_CHANNEL_1:
 766:Drivers/STM32WBxx_HAL_Driver/Src/stm32wbxx_hal_tim_ex.c ****     {
 767:Drivers/STM32WBxx_HAL_Driver/Src/stm32wbxx_hal_tim_ex.c ****       /* Enable the TIM Output Compare interrupt */
 768:Drivers/STM32WBxx_HAL_Driver/Src/stm32wbxx_hal_tim_ex.c ****       __HAL_TIM_ENABLE_IT(htim, TIM_IT_CC1);
 769:Drivers/STM32WBxx_HAL_Driver/Src/stm32wbxx_hal_tim_ex.c ****       break;
 770:Drivers/STM32WBxx_HAL_Driver/Src/stm32wbxx_hal_tim_ex.c ****     }
 771:Drivers/STM32WBxx_HAL_Driver/Src/stm32wbxx_hal_tim_ex.c **** 
ARM GAS  /var/folders/98/ctz5mtps7w71v8dr53cf5qg40000gn/T//ccO5oMcB.s 			page 15


 772:Drivers/STM32WBxx_HAL_Driver/Src/stm32wbxx_hal_tim_ex.c ****     case TIM_CHANNEL_2:
 773:Drivers/STM32WBxx_HAL_Driver/Src/stm32wbxx_hal_tim_ex.c ****     {
 774:Drivers/STM32WBxx_HAL_Driver/Src/stm32wbxx_hal_tim_ex.c ****       /* Enable the TIM Output Compare interrupt */
 775:Drivers/STM32WBxx_HAL_Driver/Src/stm32wbxx_hal_tim_ex.c ****       __HAL_TIM_ENABLE_IT(htim, TIM_IT_CC2);
 776:Drivers/STM32WBxx_HAL_Driver/Src/stm32wbxx_hal_tim_ex.c ****       break;
 777:Drivers/STM32WBxx_HAL_Driver/Src/stm32wbxx_hal_tim_ex.c ****     }
 778:Drivers/STM32WBxx_HAL_Driver/Src/stm32wbxx_hal_tim_ex.c **** 
 779:Drivers/STM32WBxx_HAL_Driver/Src/stm32wbxx_hal_tim_ex.c ****     case TIM_CHANNEL_3:
 780:Drivers/STM32WBxx_HAL_Driver/Src/stm32wbxx_hal_tim_ex.c ****     {
 781:Drivers/STM32WBxx_HAL_Driver/Src/stm32wbxx_hal_tim_ex.c ****       /* Enable the TIM Output Compare interrupt */
 782:Drivers/STM32WBxx_HAL_Driver/Src/stm32wbxx_hal_tim_ex.c ****       __HAL_TIM_ENABLE_IT(htim, TIM_IT_CC3);
 783:Drivers/STM32WBxx_HAL_Driver/Src/stm32wbxx_hal_tim_ex.c ****       break;
 784:Drivers/STM32WBxx_HAL_Driver/Src/stm32wbxx_hal_tim_ex.c ****     }
 785:Drivers/STM32WBxx_HAL_Driver/Src/stm32wbxx_hal_tim_ex.c **** 
 786:Drivers/STM32WBxx_HAL_Driver/Src/stm32wbxx_hal_tim_ex.c **** 
 787:Drivers/STM32WBxx_HAL_Driver/Src/stm32wbxx_hal_tim_ex.c ****     default:
 788:Drivers/STM32WBxx_HAL_Driver/Src/stm32wbxx_hal_tim_ex.c ****       status = HAL_ERROR;
 789:Drivers/STM32WBxx_HAL_Driver/Src/stm32wbxx_hal_tim_ex.c ****       break;
 790:Drivers/STM32WBxx_HAL_Driver/Src/stm32wbxx_hal_tim_ex.c ****   }
 791:Drivers/STM32WBxx_HAL_Driver/Src/stm32wbxx_hal_tim_ex.c **** 
 792:Drivers/STM32WBxx_HAL_Driver/Src/stm32wbxx_hal_tim_ex.c ****   if (status == HAL_OK)
 793:Drivers/STM32WBxx_HAL_Driver/Src/stm32wbxx_hal_tim_ex.c ****   {
 794:Drivers/STM32WBxx_HAL_Driver/Src/stm32wbxx_hal_tim_ex.c ****     /* Enable the TIM Break interrupt */
 795:Drivers/STM32WBxx_HAL_Driver/Src/stm32wbxx_hal_tim_ex.c ****     __HAL_TIM_ENABLE_IT(htim, TIM_IT_BREAK);
 796:Drivers/STM32WBxx_HAL_Driver/Src/stm32wbxx_hal_tim_ex.c **** 
 797:Drivers/STM32WBxx_HAL_Driver/Src/stm32wbxx_hal_tim_ex.c ****     /* Enable the Capture compare channel N */
 798:Drivers/STM32WBxx_HAL_Driver/Src/stm32wbxx_hal_tim_ex.c ****     TIM_CCxNChannelCmd(htim->Instance, Channel, TIM_CCxN_ENABLE);
 799:Drivers/STM32WBxx_HAL_Driver/Src/stm32wbxx_hal_tim_ex.c **** 
 800:Drivers/STM32WBxx_HAL_Driver/Src/stm32wbxx_hal_tim_ex.c ****     /* Enable the Main Output */
 801:Drivers/STM32WBxx_HAL_Driver/Src/stm32wbxx_hal_tim_ex.c ****     __HAL_TIM_MOE_ENABLE(htim);
 802:Drivers/STM32WBxx_HAL_Driver/Src/stm32wbxx_hal_tim_ex.c **** 
 803:Drivers/STM32WBxx_HAL_Driver/Src/stm32wbxx_hal_tim_ex.c ****     /* Enable the Peripheral, except in trigger mode where enable is automatically done with trigge
 804:Drivers/STM32WBxx_HAL_Driver/Src/stm32wbxx_hal_tim_ex.c ****     if (IS_TIM_SLAVE_INSTANCE(htim->Instance))
 805:Drivers/STM32WBxx_HAL_Driver/Src/stm32wbxx_hal_tim_ex.c ****     {
 806:Drivers/STM32WBxx_HAL_Driver/Src/stm32wbxx_hal_tim_ex.c ****       tmpsmcr = htim->Instance->SMCR & TIM_SMCR_SMS;
 807:Drivers/STM32WBxx_HAL_Driver/Src/stm32wbxx_hal_tim_ex.c ****       if (!IS_TIM_SLAVEMODE_TRIGGER_ENABLED(tmpsmcr))
 808:Drivers/STM32WBxx_HAL_Driver/Src/stm32wbxx_hal_tim_ex.c ****       {
 809:Drivers/STM32WBxx_HAL_Driver/Src/stm32wbxx_hal_tim_ex.c ****         __HAL_TIM_ENABLE(htim);
 810:Drivers/STM32WBxx_HAL_Driver/Src/stm32wbxx_hal_tim_ex.c ****       }
 811:Drivers/STM32WBxx_HAL_Driver/Src/stm32wbxx_hal_tim_ex.c ****     }
 812:Drivers/STM32WBxx_HAL_Driver/Src/stm32wbxx_hal_tim_ex.c ****     else
 813:Drivers/STM32WBxx_HAL_Driver/Src/stm32wbxx_hal_tim_ex.c ****     {
 814:Drivers/STM32WBxx_HAL_Driver/Src/stm32wbxx_hal_tim_ex.c ****       __HAL_TIM_ENABLE(htim);
 815:Drivers/STM32WBxx_HAL_Driver/Src/stm32wbxx_hal_tim_ex.c ****     }
 816:Drivers/STM32WBxx_HAL_Driver/Src/stm32wbxx_hal_tim_ex.c ****   }
 817:Drivers/STM32WBxx_HAL_Driver/Src/stm32wbxx_hal_tim_ex.c **** 
 818:Drivers/STM32WBxx_HAL_Driver/Src/stm32wbxx_hal_tim_ex.c ****   /* Return function status */
 819:Drivers/STM32WBxx_HAL_Driver/Src/stm32wbxx_hal_tim_ex.c ****   return status;
 820:Drivers/STM32WBxx_HAL_Driver/Src/stm32wbxx_hal_tim_ex.c **** }
 821:Drivers/STM32WBxx_HAL_Driver/Src/stm32wbxx_hal_tim_ex.c **** 
 822:Drivers/STM32WBxx_HAL_Driver/Src/stm32wbxx_hal_tim_ex.c **** /**
 823:Drivers/STM32WBxx_HAL_Driver/Src/stm32wbxx_hal_tim_ex.c ****   * @brief  Stops the TIM Output Compare signal generation in interrupt mode
 824:Drivers/STM32WBxx_HAL_Driver/Src/stm32wbxx_hal_tim_ex.c ****   *         on the complementary output.
 825:Drivers/STM32WBxx_HAL_Driver/Src/stm32wbxx_hal_tim_ex.c ****   * @param  htim TIM Output Compare handle
 826:Drivers/STM32WBxx_HAL_Driver/Src/stm32wbxx_hal_tim_ex.c ****   * @param  Channel TIM Channel to be disabled
 827:Drivers/STM32WBxx_HAL_Driver/Src/stm32wbxx_hal_tim_ex.c ****   *          This parameter can be one of the following values:
 828:Drivers/STM32WBxx_HAL_Driver/Src/stm32wbxx_hal_tim_ex.c ****   *            @arg TIM_CHANNEL_1: TIM Channel 1 selected
ARM GAS  /var/folders/98/ctz5mtps7w71v8dr53cf5qg40000gn/T//ccO5oMcB.s 			page 16


 829:Drivers/STM32WBxx_HAL_Driver/Src/stm32wbxx_hal_tim_ex.c ****   *            @arg TIM_CHANNEL_2: TIM Channel 2 selected
 830:Drivers/STM32WBxx_HAL_Driver/Src/stm32wbxx_hal_tim_ex.c ****   *            @arg TIM_CHANNEL_3: TIM Channel 3 selected
 831:Drivers/STM32WBxx_HAL_Driver/Src/stm32wbxx_hal_tim_ex.c ****   * @retval HAL status
 832:Drivers/STM32WBxx_HAL_Driver/Src/stm32wbxx_hal_tim_ex.c ****   */
 833:Drivers/STM32WBxx_HAL_Driver/Src/stm32wbxx_hal_tim_ex.c **** HAL_StatusTypeDef HAL_TIMEx_OCN_Stop_IT(TIM_HandleTypeDef *htim, uint32_t Channel)
 834:Drivers/STM32WBxx_HAL_Driver/Src/stm32wbxx_hal_tim_ex.c **** {
 835:Drivers/STM32WBxx_HAL_Driver/Src/stm32wbxx_hal_tim_ex.c ****   HAL_StatusTypeDef status = HAL_OK;
 836:Drivers/STM32WBxx_HAL_Driver/Src/stm32wbxx_hal_tim_ex.c ****   uint32_t tmpccer;
 837:Drivers/STM32WBxx_HAL_Driver/Src/stm32wbxx_hal_tim_ex.c **** 
 838:Drivers/STM32WBxx_HAL_Driver/Src/stm32wbxx_hal_tim_ex.c ****   /* Check the parameters */
 839:Drivers/STM32WBxx_HAL_Driver/Src/stm32wbxx_hal_tim_ex.c ****   assert_param(IS_TIM_CCXN_INSTANCE(htim->Instance, Channel));
 840:Drivers/STM32WBxx_HAL_Driver/Src/stm32wbxx_hal_tim_ex.c **** 
 841:Drivers/STM32WBxx_HAL_Driver/Src/stm32wbxx_hal_tim_ex.c ****   switch (Channel)
 842:Drivers/STM32WBxx_HAL_Driver/Src/stm32wbxx_hal_tim_ex.c ****   {
 843:Drivers/STM32WBxx_HAL_Driver/Src/stm32wbxx_hal_tim_ex.c ****     case TIM_CHANNEL_1:
 844:Drivers/STM32WBxx_HAL_Driver/Src/stm32wbxx_hal_tim_ex.c ****     {
 845:Drivers/STM32WBxx_HAL_Driver/Src/stm32wbxx_hal_tim_ex.c ****       /* Disable the TIM Output Compare interrupt */
 846:Drivers/STM32WBxx_HAL_Driver/Src/stm32wbxx_hal_tim_ex.c ****       __HAL_TIM_DISABLE_IT(htim, TIM_IT_CC1);
 847:Drivers/STM32WBxx_HAL_Driver/Src/stm32wbxx_hal_tim_ex.c ****       break;
 848:Drivers/STM32WBxx_HAL_Driver/Src/stm32wbxx_hal_tim_ex.c ****     }
 849:Drivers/STM32WBxx_HAL_Driver/Src/stm32wbxx_hal_tim_ex.c **** 
 850:Drivers/STM32WBxx_HAL_Driver/Src/stm32wbxx_hal_tim_ex.c ****     case TIM_CHANNEL_2:
 851:Drivers/STM32WBxx_HAL_Driver/Src/stm32wbxx_hal_tim_ex.c ****     {
 852:Drivers/STM32WBxx_HAL_Driver/Src/stm32wbxx_hal_tim_ex.c ****       /* Disable the TIM Output Compare interrupt */
 853:Drivers/STM32WBxx_HAL_Driver/Src/stm32wbxx_hal_tim_ex.c ****       __HAL_TIM_DISABLE_IT(htim, TIM_IT_CC2);
 854:Drivers/STM32WBxx_HAL_Driver/Src/stm32wbxx_hal_tim_ex.c ****       break;
 855:Drivers/STM32WBxx_HAL_Driver/Src/stm32wbxx_hal_tim_ex.c ****     }
 856:Drivers/STM32WBxx_HAL_Driver/Src/stm32wbxx_hal_tim_ex.c **** 
 857:Drivers/STM32WBxx_HAL_Driver/Src/stm32wbxx_hal_tim_ex.c ****     case TIM_CHANNEL_3:
 858:Drivers/STM32WBxx_HAL_Driver/Src/stm32wbxx_hal_tim_ex.c ****     {
 859:Drivers/STM32WBxx_HAL_Driver/Src/stm32wbxx_hal_tim_ex.c ****       /* Disable the TIM Output Compare interrupt */
 860:Drivers/STM32WBxx_HAL_Driver/Src/stm32wbxx_hal_tim_ex.c ****       __HAL_TIM_DISABLE_IT(htim, TIM_IT_CC3);
 861:Drivers/STM32WBxx_HAL_Driver/Src/stm32wbxx_hal_tim_ex.c ****       break;
 862:Drivers/STM32WBxx_HAL_Driver/Src/stm32wbxx_hal_tim_ex.c ****     }
 863:Drivers/STM32WBxx_HAL_Driver/Src/stm32wbxx_hal_tim_ex.c **** 
 864:Drivers/STM32WBxx_HAL_Driver/Src/stm32wbxx_hal_tim_ex.c ****     default:
 865:Drivers/STM32WBxx_HAL_Driver/Src/stm32wbxx_hal_tim_ex.c ****       status = HAL_ERROR;
 866:Drivers/STM32WBxx_HAL_Driver/Src/stm32wbxx_hal_tim_ex.c ****       break;
 867:Drivers/STM32WBxx_HAL_Driver/Src/stm32wbxx_hal_tim_ex.c ****   }
 868:Drivers/STM32WBxx_HAL_Driver/Src/stm32wbxx_hal_tim_ex.c **** 
 869:Drivers/STM32WBxx_HAL_Driver/Src/stm32wbxx_hal_tim_ex.c ****   if (status == HAL_OK)
 870:Drivers/STM32WBxx_HAL_Driver/Src/stm32wbxx_hal_tim_ex.c ****   {
 871:Drivers/STM32WBxx_HAL_Driver/Src/stm32wbxx_hal_tim_ex.c ****     /* Disable the Capture compare channel N */
 872:Drivers/STM32WBxx_HAL_Driver/Src/stm32wbxx_hal_tim_ex.c ****     TIM_CCxNChannelCmd(htim->Instance, Channel, TIM_CCxN_DISABLE);
 873:Drivers/STM32WBxx_HAL_Driver/Src/stm32wbxx_hal_tim_ex.c **** 
 874:Drivers/STM32WBxx_HAL_Driver/Src/stm32wbxx_hal_tim_ex.c ****     /* Disable the TIM Break interrupt (only if no more channel is active) */
 875:Drivers/STM32WBxx_HAL_Driver/Src/stm32wbxx_hal_tim_ex.c ****     tmpccer = htim->Instance->CCER;
 876:Drivers/STM32WBxx_HAL_Driver/Src/stm32wbxx_hal_tim_ex.c ****     if ((tmpccer & TIM_CCER_CCxNE_MASK) == (uint32_t)RESET)
 877:Drivers/STM32WBxx_HAL_Driver/Src/stm32wbxx_hal_tim_ex.c ****     {
 878:Drivers/STM32WBxx_HAL_Driver/Src/stm32wbxx_hal_tim_ex.c ****       __HAL_TIM_DISABLE_IT(htim, TIM_IT_BREAK);
 879:Drivers/STM32WBxx_HAL_Driver/Src/stm32wbxx_hal_tim_ex.c ****     }
 880:Drivers/STM32WBxx_HAL_Driver/Src/stm32wbxx_hal_tim_ex.c **** 
 881:Drivers/STM32WBxx_HAL_Driver/Src/stm32wbxx_hal_tim_ex.c ****     /* Disable the Main Output */
 882:Drivers/STM32WBxx_HAL_Driver/Src/stm32wbxx_hal_tim_ex.c ****     __HAL_TIM_MOE_DISABLE(htim);
 883:Drivers/STM32WBxx_HAL_Driver/Src/stm32wbxx_hal_tim_ex.c **** 
 884:Drivers/STM32WBxx_HAL_Driver/Src/stm32wbxx_hal_tim_ex.c ****     /* Disable the Peripheral */
 885:Drivers/STM32WBxx_HAL_Driver/Src/stm32wbxx_hal_tim_ex.c ****     __HAL_TIM_DISABLE(htim);
ARM GAS  /var/folders/98/ctz5mtps7w71v8dr53cf5qg40000gn/T//ccO5oMcB.s 			page 17


 886:Drivers/STM32WBxx_HAL_Driver/Src/stm32wbxx_hal_tim_ex.c **** 
 887:Drivers/STM32WBxx_HAL_Driver/Src/stm32wbxx_hal_tim_ex.c ****     /* Set the TIM complementary channel state */
 888:Drivers/STM32WBxx_HAL_Driver/Src/stm32wbxx_hal_tim_ex.c ****     TIM_CHANNEL_N_STATE_SET(htim, Channel, HAL_TIM_CHANNEL_STATE_READY);
 889:Drivers/STM32WBxx_HAL_Driver/Src/stm32wbxx_hal_tim_ex.c ****   }
 890:Drivers/STM32WBxx_HAL_Driver/Src/stm32wbxx_hal_tim_ex.c **** 
 891:Drivers/STM32WBxx_HAL_Driver/Src/stm32wbxx_hal_tim_ex.c ****   /* Return function status */
 892:Drivers/STM32WBxx_HAL_Driver/Src/stm32wbxx_hal_tim_ex.c ****   return status;
 893:Drivers/STM32WBxx_HAL_Driver/Src/stm32wbxx_hal_tim_ex.c **** }
 894:Drivers/STM32WBxx_HAL_Driver/Src/stm32wbxx_hal_tim_ex.c **** 
 895:Drivers/STM32WBxx_HAL_Driver/Src/stm32wbxx_hal_tim_ex.c **** /**
 896:Drivers/STM32WBxx_HAL_Driver/Src/stm32wbxx_hal_tim_ex.c ****   * @brief  Starts the TIM Output Compare signal generation in DMA mode
 897:Drivers/STM32WBxx_HAL_Driver/Src/stm32wbxx_hal_tim_ex.c ****   *         on the complementary output.
 898:Drivers/STM32WBxx_HAL_Driver/Src/stm32wbxx_hal_tim_ex.c ****   * @param  htim TIM Output Compare handle
 899:Drivers/STM32WBxx_HAL_Driver/Src/stm32wbxx_hal_tim_ex.c ****   * @param  Channel TIM Channel to be enabled
 900:Drivers/STM32WBxx_HAL_Driver/Src/stm32wbxx_hal_tim_ex.c ****   *          This parameter can be one of the following values:
 901:Drivers/STM32WBxx_HAL_Driver/Src/stm32wbxx_hal_tim_ex.c ****   *            @arg TIM_CHANNEL_1: TIM Channel 1 selected
 902:Drivers/STM32WBxx_HAL_Driver/Src/stm32wbxx_hal_tim_ex.c ****   *            @arg TIM_CHANNEL_2: TIM Channel 2 selected
 903:Drivers/STM32WBxx_HAL_Driver/Src/stm32wbxx_hal_tim_ex.c ****   *            @arg TIM_CHANNEL_3: TIM Channel 3 selected
 904:Drivers/STM32WBxx_HAL_Driver/Src/stm32wbxx_hal_tim_ex.c ****   * @param  pData The source Buffer address.
 905:Drivers/STM32WBxx_HAL_Driver/Src/stm32wbxx_hal_tim_ex.c ****   * @param  Length The length of data to be transferred from memory to TIM peripheral
 906:Drivers/STM32WBxx_HAL_Driver/Src/stm32wbxx_hal_tim_ex.c ****   * @retval HAL status
 907:Drivers/STM32WBxx_HAL_Driver/Src/stm32wbxx_hal_tim_ex.c ****   */
 908:Drivers/STM32WBxx_HAL_Driver/Src/stm32wbxx_hal_tim_ex.c **** HAL_StatusTypeDef HAL_TIMEx_OCN_Start_DMA(TIM_HandleTypeDef *htim, uint32_t Channel, const uint32_t
 909:Drivers/STM32WBxx_HAL_Driver/Src/stm32wbxx_hal_tim_ex.c ****                                           uint16_t Length)
 910:Drivers/STM32WBxx_HAL_Driver/Src/stm32wbxx_hal_tim_ex.c **** {
 911:Drivers/STM32WBxx_HAL_Driver/Src/stm32wbxx_hal_tim_ex.c ****   HAL_StatusTypeDef status = HAL_OK;
 912:Drivers/STM32WBxx_HAL_Driver/Src/stm32wbxx_hal_tim_ex.c ****   uint32_t tmpsmcr;
 913:Drivers/STM32WBxx_HAL_Driver/Src/stm32wbxx_hal_tim_ex.c **** 
 914:Drivers/STM32WBxx_HAL_Driver/Src/stm32wbxx_hal_tim_ex.c ****   /* Check the parameters */
 915:Drivers/STM32WBxx_HAL_Driver/Src/stm32wbxx_hal_tim_ex.c ****   assert_param(IS_TIM_CCXN_INSTANCE(htim->Instance, Channel));
 916:Drivers/STM32WBxx_HAL_Driver/Src/stm32wbxx_hal_tim_ex.c **** 
 917:Drivers/STM32WBxx_HAL_Driver/Src/stm32wbxx_hal_tim_ex.c ****   /* Set the TIM complementary channel state */
 918:Drivers/STM32WBxx_HAL_Driver/Src/stm32wbxx_hal_tim_ex.c ****   if (TIM_CHANNEL_N_STATE_GET(htim, Channel) == HAL_TIM_CHANNEL_STATE_BUSY)
 919:Drivers/STM32WBxx_HAL_Driver/Src/stm32wbxx_hal_tim_ex.c ****   {
 920:Drivers/STM32WBxx_HAL_Driver/Src/stm32wbxx_hal_tim_ex.c ****     return HAL_BUSY;
 921:Drivers/STM32WBxx_HAL_Driver/Src/stm32wbxx_hal_tim_ex.c ****   }
 922:Drivers/STM32WBxx_HAL_Driver/Src/stm32wbxx_hal_tim_ex.c ****   else if (TIM_CHANNEL_N_STATE_GET(htim, Channel) == HAL_TIM_CHANNEL_STATE_READY)
 923:Drivers/STM32WBxx_HAL_Driver/Src/stm32wbxx_hal_tim_ex.c ****   {
 924:Drivers/STM32WBxx_HAL_Driver/Src/stm32wbxx_hal_tim_ex.c ****     if ((pData == NULL) || (Length == 0U))
 925:Drivers/STM32WBxx_HAL_Driver/Src/stm32wbxx_hal_tim_ex.c ****     {
 926:Drivers/STM32WBxx_HAL_Driver/Src/stm32wbxx_hal_tim_ex.c ****       return HAL_ERROR;
 927:Drivers/STM32WBxx_HAL_Driver/Src/stm32wbxx_hal_tim_ex.c ****     }
 928:Drivers/STM32WBxx_HAL_Driver/Src/stm32wbxx_hal_tim_ex.c ****     else
 929:Drivers/STM32WBxx_HAL_Driver/Src/stm32wbxx_hal_tim_ex.c ****     {
 930:Drivers/STM32WBxx_HAL_Driver/Src/stm32wbxx_hal_tim_ex.c ****       TIM_CHANNEL_N_STATE_SET(htim, Channel, HAL_TIM_CHANNEL_STATE_BUSY);
 931:Drivers/STM32WBxx_HAL_Driver/Src/stm32wbxx_hal_tim_ex.c ****     }
 932:Drivers/STM32WBxx_HAL_Driver/Src/stm32wbxx_hal_tim_ex.c ****   }
 933:Drivers/STM32WBxx_HAL_Driver/Src/stm32wbxx_hal_tim_ex.c ****   else
 934:Drivers/STM32WBxx_HAL_Driver/Src/stm32wbxx_hal_tim_ex.c ****   {
 935:Drivers/STM32WBxx_HAL_Driver/Src/stm32wbxx_hal_tim_ex.c ****     return HAL_ERROR;
 936:Drivers/STM32WBxx_HAL_Driver/Src/stm32wbxx_hal_tim_ex.c ****   }
 937:Drivers/STM32WBxx_HAL_Driver/Src/stm32wbxx_hal_tim_ex.c **** 
 938:Drivers/STM32WBxx_HAL_Driver/Src/stm32wbxx_hal_tim_ex.c ****   switch (Channel)
 939:Drivers/STM32WBxx_HAL_Driver/Src/stm32wbxx_hal_tim_ex.c ****   {
 940:Drivers/STM32WBxx_HAL_Driver/Src/stm32wbxx_hal_tim_ex.c ****     case TIM_CHANNEL_1:
 941:Drivers/STM32WBxx_HAL_Driver/Src/stm32wbxx_hal_tim_ex.c ****     {
 942:Drivers/STM32WBxx_HAL_Driver/Src/stm32wbxx_hal_tim_ex.c ****       /* Set the DMA compare callbacks */
ARM GAS  /var/folders/98/ctz5mtps7w71v8dr53cf5qg40000gn/T//ccO5oMcB.s 			page 18


 943:Drivers/STM32WBxx_HAL_Driver/Src/stm32wbxx_hal_tim_ex.c ****       htim->hdma[TIM_DMA_ID_CC1]->XferCpltCallback = TIM_DMADelayPulseNCplt;
 944:Drivers/STM32WBxx_HAL_Driver/Src/stm32wbxx_hal_tim_ex.c ****       htim->hdma[TIM_DMA_ID_CC1]->XferHalfCpltCallback = TIM_DMADelayPulseHalfCplt;
 945:Drivers/STM32WBxx_HAL_Driver/Src/stm32wbxx_hal_tim_ex.c **** 
 946:Drivers/STM32WBxx_HAL_Driver/Src/stm32wbxx_hal_tim_ex.c ****       /* Set the DMA error callback */
 947:Drivers/STM32WBxx_HAL_Driver/Src/stm32wbxx_hal_tim_ex.c ****       htim->hdma[TIM_DMA_ID_CC1]->XferErrorCallback = TIM_DMAErrorCCxN ;
 948:Drivers/STM32WBxx_HAL_Driver/Src/stm32wbxx_hal_tim_ex.c **** 
 949:Drivers/STM32WBxx_HAL_Driver/Src/stm32wbxx_hal_tim_ex.c ****       /* Enable the DMA channel */
 950:Drivers/STM32WBxx_HAL_Driver/Src/stm32wbxx_hal_tim_ex.c ****       if (HAL_DMA_Start_IT(htim->hdma[TIM_DMA_ID_CC1], (uint32_t)pData, (uint32_t)&htim->Instance->
 951:Drivers/STM32WBxx_HAL_Driver/Src/stm32wbxx_hal_tim_ex.c ****                            Length) != HAL_OK)
 952:Drivers/STM32WBxx_HAL_Driver/Src/stm32wbxx_hal_tim_ex.c ****       {
 953:Drivers/STM32WBxx_HAL_Driver/Src/stm32wbxx_hal_tim_ex.c ****         /* Return error status */
 954:Drivers/STM32WBxx_HAL_Driver/Src/stm32wbxx_hal_tim_ex.c ****         return HAL_ERROR;
 955:Drivers/STM32WBxx_HAL_Driver/Src/stm32wbxx_hal_tim_ex.c ****       }
 956:Drivers/STM32WBxx_HAL_Driver/Src/stm32wbxx_hal_tim_ex.c ****       /* Enable the TIM Output Compare DMA request */
 957:Drivers/STM32WBxx_HAL_Driver/Src/stm32wbxx_hal_tim_ex.c ****       __HAL_TIM_ENABLE_DMA(htim, TIM_DMA_CC1);
 958:Drivers/STM32WBxx_HAL_Driver/Src/stm32wbxx_hal_tim_ex.c ****       break;
 959:Drivers/STM32WBxx_HAL_Driver/Src/stm32wbxx_hal_tim_ex.c ****     }
 960:Drivers/STM32WBxx_HAL_Driver/Src/stm32wbxx_hal_tim_ex.c **** 
 961:Drivers/STM32WBxx_HAL_Driver/Src/stm32wbxx_hal_tim_ex.c ****     case TIM_CHANNEL_2:
 962:Drivers/STM32WBxx_HAL_Driver/Src/stm32wbxx_hal_tim_ex.c ****     {
 963:Drivers/STM32WBxx_HAL_Driver/Src/stm32wbxx_hal_tim_ex.c ****       /* Set the DMA compare callbacks */
 964:Drivers/STM32WBxx_HAL_Driver/Src/stm32wbxx_hal_tim_ex.c ****       htim->hdma[TIM_DMA_ID_CC2]->XferCpltCallback = TIM_DMADelayPulseNCplt;
 965:Drivers/STM32WBxx_HAL_Driver/Src/stm32wbxx_hal_tim_ex.c ****       htim->hdma[TIM_DMA_ID_CC2]->XferHalfCpltCallback = TIM_DMADelayPulseHalfCplt;
 966:Drivers/STM32WBxx_HAL_Driver/Src/stm32wbxx_hal_tim_ex.c **** 
 967:Drivers/STM32WBxx_HAL_Driver/Src/stm32wbxx_hal_tim_ex.c ****       /* Set the DMA error callback */
 968:Drivers/STM32WBxx_HAL_Driver/Src/stm32wbxx_hal_tim_ex.c ****       htim->hdma[TIM_DMA_ID_CC2]->XferErrorCallback = TIM_DMAErrorCCxN ;
 969:Drivers/STM32WBxx_HAL_Driver/Src/stm32wbxx_hal_tim_ex.c **** 
 970:Drivers/STM32WBxx_HAL_Driver/Src/stm32wbxx_hal_tim_ex.c ****       /* Enable the DMA channel */
 971:Drivers/STM32WBxx_HAL_Driver/Src/stm32wbxx_hal_tim_ex.c ****       if (HAL_DMA_Start_IT(htim->hdma[TIM_DMA_ID_CC2], (uint32_t)pData, (uint32_t)&htim->Instance->
 972:Drivers/STM32WBxx_HAL_Driver/Src/stm32wbxx_hal_tim_ex.c ****                            Length) != HAL_OK)
 973:Drivers/STM32WBxx_HAL_Driver/Src/stm32wbxx_hal_tim_ex.c ****       {
 974:Drivers/STM32WBxx_HAL_Driver/Src/stm32wbxx_hal_tim_ex.c ****         /* Return error status */
 975:Drivers/STM32WBxx_HAL_Driver/Src/stm32wbxx_hal_tim_ex.c ****         return HAL_ERROR;
 976:Drivers/STM32WBxx_HAL_Driver/Src/stm32wbxx_hal_tim_ex.c ****       }
 977:Drivers/STM32WBxx_HAL_Driver/Src/stm32wbxx_hal_tim_ex.c ****       /* Enable the TIM Output Compare DMA request */
 978:Drivers/STM32WBxx_HAL_Driver/Src/stm32wbxx_hal_tim_ex.c ****       __HAL_TIM_ENABLE_DMA(htim, TIM_DMA_CC2);
 979:Drivers/STM32WBxx_HAL_Driver/Src/stm32wbxx_hal_tim_ex.c ****       break;
 980:Drivers/STM32WBxx_HAL_Driver/Src/stm32wbxx_hal_tim_ex.c ****     }
 981:Drivers/STM32WBxx_HAL_Driver/Src/stm32wbxx_hal_tim_ex.c **** 
 982:Drivers/STM32WBxx_HAL_Driver/Src/stm32wbxx_hal_tim_ex.c ****     case TIM_CHANNEL_3:
 983:Drivers/STM32WBxx_HAL_Driver/Src/stm32wbxx_hal_tim_ex.c ****     {
 984:Drivers/STM32WBxx_HAL_Driver/Src/stm32wbxx_hal_tim_ex.c ****       /* Set the DMA compare callbacks */
 985:Drivers/STM32WBxx_HAL_Driver/Src/stm32wbxx_hal_tim_ex.c ****       htim->hdma[TIM_DMA_ID_CC3]->XferCpltCallback = TIM_DMADelayPulseNCplt;
 986:Drivers/STM32WBxx_HAL_Driver/Src/stm32wbxx_hal_tim_ex.c ****       htim->hdma[TIM_DMA_ID_CC3]->XferHalfCpltCallback = TIM_DMADelayPulseHalfCplt;
 987:Drivers/STM32WBxx_HAL_Driver/Src/stm32wbxx_hal_tim_ex.c **** 
 988:Drivers/STM32WBxx_HAL_Driver/Src/stm32wbxx_hal_tim_ex.c ****       /* Set the DMA error callback */
 989:Drivers/STM32WBxx_HAL_Driver/Src/stm32wbxx_hal_tim_ex.c ****       htim->hdma[TIM_DMA_ID_CC3]->XferErrorCallback = TIM_DMAErrorCCxN ;
 990:Drivers/STM32WBxx_HAL_Driver/Src/stm32wbxx_hal_tim_ex.c **** 
 991:Drivers/STM32WBxx_HAL_Driver/Src/stm32wbxx_hal_tim_ex.c ****       /* Enable the DMA channel */
 992:Drivers/STM32WBxx_HAL_Driver/Src/stm32wbxx_hal_tim_ex.c ****       if (HAL_DMA_Start_IT(htim->hdma[TIM_DMA_ID_CC3], (uint32_t)pData, (uint32_t)&htim->Instance->
 993:Drivers/STM32WBxx_HAL_Driver/Src/stm32wbxx_hal_tim_ex.c ****                            Length) != HAL_OK)
 994:Drivers/STM32WBxx_HAL_Driver/Src/stm32wbxx_hal_tim_ex.c ****       {
 995:Drivers/STM32WBxx_HAL_Driver/Src/stm32wbxx_hal_tim_ex.c ****         /* Return error status */
 996:Drivers/STM32WBxx_HAL_Driver/Src/stm32wbxx_hal_tim_ex.c ****         return HAL_ERROR;
 997:Drivers/STM32WBxx_HAL_Driver/Src/stm32wbxx_hal_tim_ex.c ****       }
 998:Drivers/STM32WBxx_HAL_Driver/Src/stm32wbxx_hal_tim_ex.c ****       /* Enable the TIM Output Compare DMA request */
 999:Drivers/STM32WBxx_HAL_Driver/Src/stm32wbxx_hal_tim_ex.c ****       __HAL_TIM_ENABLE_DMA(htim, TIM_DMA_CC3);
ARM GAS  /var/folders/98/ctz5mtps7w71v8dr53cf5qg40000gn/T//ccO5oMcB.s 			page 19


1000:Drivers/STM32WBxx_HAL_Driver/Src/stm32wbxx_hal_tim_ex.c ****       break;
1001:Drivers/STM32WBxx_HAL_Driver/Src/stm32wbxx_hal_tim_ex.c ****     }
1002:Drivers/STM32WBxx_HAL_Driver/Src/stm32wbxx_hal_tim_ex.c **** 
1003:Drivers/STM32WBxx_HAL_Driver/Src/stm32wbxx_hal_tim_ex.c ****     default:
1004:Drivers/STM32WBxx_HAL_Driver/Src/stm32wbxx_hal_tim_ex.c ****       status = HAL_ERROR;
1005:Drivers/STM32WBxx_HAL_Driver/Src/stm32wbxx_hal_tim_ex.c ****       break;
1006:Drivers/STM32WBxx_HAL_Driver/Src/stm32wbxx_hal_tim_ex.c ****   }
1007:Drivers/STM32WBxx_HAL_Driver/Src/stm32wbxx_hal_tim_ex.c **** 
1008:Drivers/STM32WBxx_HAL_Driver/Src/stm32wbxx_hal_tim_ex.c ****   if (status == HAL_OK)
1009:Drivers/STM32WBxx_HAL_Driver/Src/stm32wbxx_hal_tim_ex.c ****   {
1010:Drivers/STM32WBxx_HAL_Driver/Src/stm32wbxx_hal_tim_ex.c ****     /* Enable the Capture compare channel N */
1011:Drivers/STM32WBxx_HAL_Driver/Src/stm32wbxx_hal_tim_ex.c ****     TIM_CCxNChannelCmd(htim->Instance, Channel, TIM_CCxN_ENABLE);
1012:Drivers/STM32WBxx_HAL_Driver/Src/stm32wbxx_hal_tim_ex.c **** 
1013:Drivers/STM32WBxx_HAL_Driver/Src/stm32wbxx_hal_tim_ex.c ****     /* Enable the Main Output */
1014:Drivers/STM32WBxx_HAL_Driver/Src/stm32wbxx_hal_tim_ex.c ****     __HAL_TIM_MOE_ENABLE(htim);
1015:Drivers/STM32WBxx_HAL_Driver/Src/stm32wbxx_hal_tim_ex.c **** 
1016:Drivers/STM32WBxx_HAL_Driver/Src/stm32wbxx_hal_tim_ex.c ****     /* Enable the Peripheral, except in trigger mode where enable is automatically done with trigge
1017:Drivers/STM32WBxx_HAL_Driver/Src/stm32wbxx_hal_tim_ex.c ****     if (IS_TIM_SLAVE_INSTANCE(htim->Instance))
1018:Drivers/STM32WBxx_HAL_Driver/Src/stm32wbxx_hal_tim_ex.c ****     {
1019:Drivers/STM32WBxx_HAL_Driver/Src/stm32wbxx_hal_tim_ex.c ****       tmpsmcr = htim->Instance->SMCR & TIM_SMCR_SMS;
1020:Drivers/STM32WBxx_HAL_Driver/Src/stm32wbxx_hal_tim_ex.c ****       if (!IS_TIM_SLAVEMODE_TRIGGER_ENABLED(tmpsmcr))
1021:Drivers/STM32WBxx_HAL_Driver/Src/stm32wbxx_hal_tim_ex.c ****       {
1022:Drivers/STM32WBxx_HAL_Driver/Src/stm32wbxx_hal_tim_ex.c ****         __HAL_TIM_ENABLE(htim);
1023:Drivers/STM32WBxx_HAL_Driver/Src/stm32wbxx_hal_tim_ex.c ****       }
1024:Drivers/STM32WBxx_HAL_Driver/Src/stm32wbxx_hal_tim_ex.c ****     }
1025:Drivers/STM32WBxx_HAL_Driver/Src/stm32wbxx_hal_tim_ex.c ****     else
1026:Drivers/STM32WBxx_HAL_Driver/Src/stm32wbxx_hal_tim_ex.c ****     {
1027:Drivers/STM32WBxx_HAL_Driver/Src/stm32wbxx_hal_tim_ex.c ****       __HAL_TIM_ENABLE(htim);
1028:Drivers/STM32WBxx_HAL_Driver/Src/stm32wbxx_hal_tim_ex.c ****     }
1029:Drivers/STM32WBxx_HAL_Driver/Src/stm32wbxx_hal_tim_ex.c ****   }
1030:Drivers/STM32WBxx_HAL_Driver/Src/stm32wbxx_hal_tim_ex.c **** 
1031:Drivers/STM32WBxx_HAL_Driver/Src/stm32wbxx_hal_tim_ex.c ****   /* Return function status */
1032:Drivers/STM32WBxx_HAL_Driver/Src/stm32wbxx_hal_tim_ex.c ****   return status;
1033:Drivers/STM32WBxx_HAL_Driver/Src/stm32wbxx_hal_tim_ex.c **** }
1034:Drivers/STM32WBxx_HAL_Driver/Src/stm32wbxx_hal_tim_ex.c **** 
1035:Drivers/STM32WBxx_HAL_Driver/Src/stm32wbxx_hal_tim_ex.c **** /**
1036:Drivers/STM32WBxx_HAL_Driver/Src/stm32wbxx_hal_tim_ex.c ****   * @brief  Stops the TIM Output Compare signal generation in DMA mode
1037:Drivers/STM32WBxx_HAL_Driver/Src/stm32wbxx_hal_tim_ex.c ****   *         on the complementary output.
1038:Drivers/STM32WBxx_HAL_Driver/Src/stm32wbxx_hal_tim_ex.c ****   * @param  htim TIM Output Compare handle
1039:Drivers/STM32WBxx_HAL_Driver/Src/stm32wbxx_hal_tim_ex.c ****   * @param  Channel TIM Channel to be disabled
1040:Drivers/STM32WBxx_HAL_Driver/Src/stm32wbxx_hal_tim_ex.c ****   *          This parameter can be one of the following values:
1041:Drivers/STM32WBxx_HAL_Driver/Src/stm32wbxx_hal_tim_ex.c ****   *            @arg TIM_CHANNEL_1: TIM Channel 1 selected
1042:Drivers/STM32WBxx_HAL_Driver/Src/stm32wbxx_hal_tim_ex.c ****   *            @arg TIM_CHANNEL_2: TIM Channel 2 selected
1043:Drivers/STM32WBxx_HAL_Driver/Src/stm32wbxx_hal_tim_ex.c ****   *            @arg TIM_CHANNEL_3: TIM Channel 3 selected
1044:Drivers/STM32WBxx_HAL_Driver/Src/stm32wbxx_hal_tim_ex.c ****   * @retval HAL status
1045:Drivers/STM32WBxx_HAL_Driver/Src/stm32wbxx_hal_tim_ex.c ****   */
1046:Drivers/STM32WBxx_HAL_Driver/Src/stm32wbxx_hal_tim_ex.c **** HAL_StatusTypeDef HAL_TIMEx_OCN_Stop_DMA(TIM_HandleTypeDef *htim, uint32_t Channel)
1047:Drivers/STM32WBxx_HAL_Driver/Src/stm32wbxx_hal_tim_ex.c **** {
1048:Drivers/STM32WBxx_HAL_Driver/Src/stm32wbxx_hal_tim_ex.c ****   HAL_StatusTypeDef status = HAL_OK;
1049:Drivers/STM32WBxx_HAL_Driver/Src/stm32wbxx_hal_tim_ex.c **** 
1050:Drivers/STM32WBxx_HAL_Driver/Src/stm32wbxx_hal_tim_ex.c ****   /* Check the parameters */
1051:Drivers/STM32WBxx_HAL_Driver/Src/stm32wbxx_hal_tim_ex.c ****   assert_param(IS_TIM_CCXN_INSTANCE(htim->Instance, Channel));
1052:Drivers/STM32WBxx_HAL_Driver/Src/stm32wbxx_hal_tim_ex.c **** 
1053:Drivers/STM32WBxx_HAL_Driver/Src/stm32wbxx_hal_tim_ex.c ****   switch (Channel)
1054:Drivers/STM32WBxx_HAL_Driver/Src/stm32wbxx_hal_tim_ex.c ****   {
1055:Drivers/STM32WBxx_HAL_Driver/Src/stm32wbxx_hal_tim_ex.c ****     case TIM_CHANNEL_1:
1056:Drivers/STM32WBxx_HAL_Driver/Src/stm32wbxx_hal_tim_ex.c ****     {
ARM GAS  /var/folders/98/ctz5mtps7w71v8dr53cf5qg40000gn/T//ccO5oMcB.s 			page 20


1057:Drivers/STM32WBxx_HAL_Driver/Src/stm32wbxx_hal_tim_ex.c ****       /* Disable the TIM Output Compare DMA request */
1058:Drivers/STM32WBxx_HAL_Driver/Src/stm32wbxx_hal_tim_ex.c ****       __HAL_TIM_DISABLE_DMA(htim, TIM_DMA_CC1);
1059:Drivers/STM32WBxx_HAL_Driver/Src/stm32wbxx_hal_tim_ex.c ****       (void)HAL_DMA_Abort_IT(htim->hdma[TIM_DMA_ID_CC1]);
1060:Drivers/STM32WBxx_HAL_Driver/Src/stm32wbxx_hal_tim_ex.c ****       break;
1061:Drivers/STM32WBxx_HAL_Driver/Src/stm32wbxx_hal_tim_ex.c ****     }
1062:Drivers/STM32WBxx_HAL_Driver/Src/stm32wbxx_hal_tim_ex.c **** 
1063:Drivers/STM32WBxx_HAL_Driver/Src/stm32wbxx_hal_tim_ex.c ****     case TIM_CHANNEL_2:
1064:Drivers/STM32WBxx_HAL_Driver/Src/stm32wbxx_hal_tim_ex.c ****     {
1065:Drivers/STM32WBxx_HAL_Driver/Src/stm32wbxx_hal_tim_ex.c ****       /* Disable the TIM Output Compare DMA request */
1066:Drivers/STM32WBxx_HAL_Driver/Src/stm32wbxx_hal_tim_ex.c ****       __HAL_TIM_DISABLE_DMA(htim, TIM_DMA_CC2);
1067:Drivers/STM32WBxx_HAL_Driver/Src/stm32wbxx_hal_tim_ex.c ****       (void)HAL_DMA_Abort_IT(htim->hdma[TIM_DMA_ID_CC2]);
1068:Drivers/STM32WBxx_HAL_Driver/Src/stm32wbxx_hal_tim_ex.c ****       break;
1069:Drivers/STM32WBxx_HAL_Driver/Src/stm32wbxx_hal_tim_ex.c ****     }
1070:Drivers/STM32WBxx_HAL_Driver/Src/stm32wbxx_hal_tim_ex.c **** 
1071:Drivers/STM32WBxx_HAL_Driver/Src/stm32wbxx_hal_tim_ex.c ****     case TIM_CHANNEL_3:
1072:Drivers/STM32WBxx_HAL_Driver/Src/stm32wbxx_hal_tim_ex.c ****     {
1073:Drivers/STM32WBxx_HAL_Driver/Src/stm32wbxx_hal_tim_ex.c ****       /* Disable the TIM Output Compare DMA request */
1074:Drivers/STM32WBxx_HAL_Driver/Src/stm32wbxx_hal_tim_ex.c ****       __HAL_TIM_DISABLE_DMA(htim, TIM_DMA_CC3);
1075:Drivers/STM32WBxx_HAL_Driver/Src/stm32wbxx_hal_tim_ex.c ****       (void)HAL_DMA_Abort_IT(htim->hdma[TIM_DMA_ID_CC3]);
1076:Drivers/STM32WBxx_HAL_Driver/Src/stm32wbxx_hal_tim_ex.c ****       break;
1077:Drivers/STM32WBxx_HAL_Driver/Src/stm32wbxx_hal_tim_ex.c ****     }
1078:Drivers/STM32WBxx_HAL_Driver/Src/stm32wbxx_hal_tim_ex.c **** 
1079:Drivers/STM32WBxx_HAL_Driver/Src/stm32wbxx_hal_tim_ex.c ****     default:
1080:Drivers/STM32WBxx_HAL_Driver/Src/stm32wbxx_hal_tim_ex.c ****       status = HAL_ERROR;
1081:Drivers/STM32WBxx_HAL_Driver/Src/stm32wbxx_hal_tim_ex.c ****       break;
1082:Drivers/STM32WBxx_HAL_Driver/Src/stm32wbxx_hal_tim_ex.c ****   }
1083:Drivers/STM32WBxx_HAL_Driver/Src/stm32wbxx_hal_tim_ex.c **** 
1084:Drivers/STM32WBxx_HAL_Driver/Src/stm32wbxx_hal_tim_ex.c ****   if (status == HAL_OK)
1085:Drivers/STM32WBxx_HAL_Driver/Src/stm32wbxx_hal_tim_ex.c ****   {
1086:Drivers/STM32WBxx_HAL_Driver/Src/stm32wbxx_hal_tim_ex.c ****     /* Disable the Capture compare channel N */
1087:Drivers/STM32WBxx_HAL_Driver/Src/stm32wbxx_hal_tim_ex.c ****     TIM_CCxNChannelCmd(htim->Instance, Channel, TIM_CCxN_DISABLE);
1088:Drivers/STM32WBxx_HAL_Driver/Src/stm32wbxx_hal_tim_ex.c **** 
1089:Drivers/STM32WBxx_HAL_Driver/Src/stm32wbxx_hal_tim_ex.c ****     /* Disable the Main Output */
1090:Drivers/STM32WBxx_HAL_Driver/Src/stm32wbxx_hal_tim_ex.c ****     __HAL_TIM_MOE_DISABLE(htim);
1091:Drivers/STM32WBxx_HAL_Driver/Src/stm32wbxx_hal_tim_ex.c **** 
1092:Drivers/STM32WBxx_HAL_Driver/Src/stm32wbxx_hal_tim_ex.c ****     /* Disable the Peripheral */
1093:Drivers/STM32WBxx_HAL_Driver/Src/stm32wbxx_hal_tim_ex.c ****     __HAL_TIM_DISABLE(htim);
1094:Drivers/STM32WBxx_HAL_Driver/Src/stm32wbxx_hal_tim_ex.c **** 
1095:Drivers/STM32WBxx_HAL_Driver/Src/stm32wbxx_hal_tim_ex.c ****     /* Set the TIM complementary channel state */
1096:Drivers/STM32WBxx_HAL_Driver/Src/stm32wbxx_hal_tim_ex.c ****     TIM_CHANNEL_N_STATE_SET(htim, Channel, HAL_TIM_CHANNEL_STATE_READY);
1097:Drivers/STM32WBxx_HAL_Driver/Src/stm32wbxx_hal_tim_ex.c ****   }
1098:Drivers/STM32WBxx_HAL_Driver/Src/stm32wbxx_hal_tim_ex.c **** 
1099:Drivers/STM32WBxx_HAL_Driver/Src/stm32wbxx_hal_tim_ex.c ****   /* Return function status */
1100:Drivers/STM32WBxx_HAL_Driver/Src/stm32wbxx_hal_tim_ex.c ****   return status;
1101:Drivers/STM32WBxx_HAL_Driver/Src/stm32wbxx_hal_tim_ex.c **** }
1102:Drivers/STM32WBxx_HAL_Driver/Src/stm32wbxx_hal_tim_ex.c **** 
1103:Drivers/STM32WBxx_HAL_Driver/Src/stm32wbxx_hal_tim_ex.c **** /**
1104:Drivers/STM32WBxx_HAL_Driver/Src/stm32wbxx_hal_tim_ex.c ****   * @}
1105:Drivers/STM32WBxx_HAL_Driver/Src/stm32wbxx_hal_tim_ex.c ****   */
1106:Drivers/STM32WBxx_HAL_Driver/Src/stm32wbxx_hal_tim_ex.c **** 
1107:Drivers/STM32WBxx_HAL_Driver/Src/stm32wbxx_hal_tim_ex.c **** /** @defgroup TIMEx_Exported_Functions_Group3 Extended Timer Complementary PWM functions
1108:Drivers/STM32WBxx_HAL_Driver/Src/stm32wbxx_hal_tim_ex.c ****   * @brief    Timer Complementary PWM functions
1109:Drivers/STM32WBxx_HAL_Driver/Src/stm32wbxx_hal_tim_ex.c ****   *
1110:Drivers/STM32WBxx_HAL_Driver/Src/stm32wbxx_hal_tim_ex.c **** @verbatim
1111:Drivers/STM32WBxx_HAL_Driver/Src/stm32wbxx_hal_tim_ex.c ****   ==============================================================================
1112:Drivers/STM32WBxx_HAL_Driver/Src/stm32wbxx_hal_tim_ex.c ****                  ##### Timer Complementary PWM functions #####
1113:Drivers/STM32WBxx_HAL_Driver/Src/stm32wbxx_hal_tim_ex.c ****   ==============================================================================
ARM GAS  /var/folders/98/ctz5mtps7w71v8dr53cf5qg40000gn/T//ccO5oMcB.s 			page 21


1114:Drivers/STM32WBxx_HAL_Driver/Src/stm32wbxx_hal_tim_ex.c ****   [..]
1115:Drivers/STM32WBxx_HAL_Driver/Src/stm32wbxx_hal_tim_ex.c ****     This section provides functions allowing to:
1116:Drivers/STM32WBxx_HAL_Driver/Src/stm32wbxx_hal_tim_ex.c ****     (+) Start the Complementary PWM.
1117:Drivers/STM32WBxx_HAL_Driver/Src/stm32wbxx_hal_tim_ex.c ****     (+) Stop the Complementary PWM.
1118:Drivers/STM32WBxx_HAL_Driver/Src/stm32wbxx_hal_tim_ex.c ****     (+) Start the Complementary PWM and enable interrupts.
1119:Drivers/STM32WBxx_HAL_Driver/Src/stm32wbxx_hal_tim_ex.c ****     (+) Stop the Complementary PWM and disable interrupts.
1120:Drivers/STM32WBxx_HAL_Driver/Src/stm32wbxx_hal_tim_ex.c ****     (+) Start the Complementary PWM and enable DMA transfers.
1121:Drivers/STM32WBxx_HAL_Driver/Src/stm32wbxx_hal_tim_ex.c ****     (+) Stop the Complementary PWM and disable DMA transfers.
1122:Drivers/STM32WBxx_HAL_Driver/Src/stm32wbxx_hal_tim_ex.c **** @endverbatim
1123:Drivers/STM32WBxx_HAL_Driver/Src/stm32wbxx_hal_tim_ex.c ****   * @{
1124:Drivers/STM32WBxx_HAL_Driver/Src/stm32wbxx_hal_tim_ex.c ****   */
1125:Drivers/STM32WBxx_HAL_Driver/Src/stm32wbxx_hal_tim_ex.c **** 
1126:Drivers/STM32WBxx_HAL_Driver/Src/stm32wbxx_hal_tim_ex.c **** /**
1127:Drivers/STM32WBxx_HAL_Driver/Src/stm32wbxx_hal_tim_ex.c ****   * @brief  Starts the PWM signal generation on the complementary output.
1128:Drivers/STM32WBxx_HAL_Driver/Src/stm32wbxx_hal_tim_ex.c ****   * @param  htim TIM handle
1129:Drivers/STM32WBxx_HAL_Driver/Src/stm32wbxx_hal_tim_ex.c ****   * @param  Channel TIM Channel to be enabled
1130:Drivers/STM32WBxx_HAL_Driver/Src/stm32wbxx_hal_tim_ex.c ****   *          This parameter can be one of the following values:
1131:Drivers/STM32WBxx_HAL_Driver/Src/stm32wbxx_hal_tim_ex.c ****   *            @arg TIM_CHANNEL_1: TIM Channel 1 selected
1132:Drivers/STM32WBxx_HAL_Driver/Src/stm32wbxx_hal_tim_ex.c ****   *            @arg TIM_CHANNEL_2: TIM Channel 2 selected
1133:Drivers/STM32WBxx_HAL_Driver/Src/stm32wbxx_hal_tim_ex.c ****   *            @arg TIM_CHANNEL_3: TIM Channel 3 selected
1134:Drivers/STM32WBxx_HAL_Driver/Src/stm32wbxx_hal_tim_ex.c ****   * @retval HAL status
1135:Drivers/STM32WBxx_HAL_Driver/Src/stm32wbxx_hal_tim_ex.c ****   */
1136:Drivers/STM32WBxx_HAL_Driver/Src/stm32wbxx_hal_tim_ex.c **** HAL_StatusTypeDef HAL_TIMEx_PWMN_Start(TIM_HandleTypeDef *htim, uint32_t Channel)
1137:Drivers/STM32WBxx_HAL_Driver/Src/stm32wbxx_hal_tim_ex.c **** {
1138:Drivers/STM32WBxx_HAL_Driver/Src/stm32wbxx_hal_tim_ex.c ****   uint32_t tmpsmcr;
1139:Drivers/STM32WBxx_HAL_Driver/Src/stm32wbxx_hal_tim_ex.c **** 
1140:Drivers/STM32WBxx_HAL_Driver/Src/stm32wbxx_hal_tim_ex.c ****   /* Check the parameters */
1141:Drivers/STM32WBxx_HAL_Driver/Src/stm32wbxx_hal_tim_ex.c ****   assert_param(IS_TIM_CCXN_INSTANCE(htim->Instance, Channel));
1142:Drivers/STM32WBxx_HAL_Driver/Src/stm32wbxx_hal_tim_ex.c **** 
1143:Drivers/STM32WBxx_HAL_Driver/Src/stm32wbxx_hal_tim_ex.c ****   /* Check the TIM complementary channel state */
1144:Drivers/STM32WBxx_HAL_Driver/Src/stm32wbxx_hal_tim_ex.c ****   if (TIM_CHANNEL_N_STATE_GET(htim, Channel) != HAL_TIM_CHANNEL_STATE_READY)
1145:Drivers/STM32WBxx_HAL_Driver/Src/stm32wbxx_hal_tim_ex.c ****   {
1146:Drivers/STM32WBxx_HAL_Driver/Src/stm32wbxx_hal_tim_ex.c ****     return HAL_ERROR;
1147:Drivers/STM32WBxx_HAL_Driver/Src/stm32wbxx_hal_tim_ex.c ****   }
1148:Drivers/STM32WBxx_HAL_Driver/Src/stm32wbxx_hal_tim_ex.c **** 
1149:Drivers/STM32WBxx_HAL_Driver/Src/stm32wbxx_hal_tim_ex.c ****   /* Set the TIM complementary channel state */
1150:Drivers/STM32WBxx_HAL_Driver/Src/stm32wbxx_hal_tim_ex.c ****   TIM_CHANNEL_N_STATE_SET(htim, Channel, HAL_TIM_CHANNEL_STATE_BUSY);
1151:Drivers/STM32WBxx_HAL_Driver/Src/stm32wbxx_hal_tim_ex.c **** 
1152:Drivers/STM32WBxx_HAL_Driver/Src/stm32wbxx_hal_tim_ex.c ****   /* Enable the complementary PWM output  */
1153:Drivers/STM32WBxx_HAL_Driver/Src/stm32wbxx_hal_tim_ex.c ****   TIM_CCxNChannelCmd(htim->Instance, Channel, TIM_CCxN_ENABLE);
1154:Drivers/STM32WBxx_HAL_Driver/Src/stm32wbxx_hal_tim_ex.c **** 
1155:Drivers/STM32WBxx_HAL_Driver/Src/stm32wbxx_hal_tim_ex.c ****   /* Enable the Main Output */
1156:Drivers/STM32WBxx_HAL_Driver/Src/stm32wbxx_hal_tim_ex.c ****   __HAL_TIM_MOE_ENABLE(htim);
1157:Drivers/STM32WBxx_HAL_Driver/Src/stm32wbxx_hal_tim_ex.c **** 
1158:Drivers/STM32WBxx_HAL_Driver/Src/stm32wbxx_hal_tim_ex.c ****   /* Enable the Peripheral, except in trigger mode where enable is automatically done with trigger 
1159:Drivers/STM32WBxx_HAL_Driver/Src/stm32wbxx_hal_tim_ex.c ****   if (IS_TIM_SLAVE_INSTANCE(htim->Instance))
1160:Drivers/STM32WBxx_HAL_Driver/Src/stm32wbxx_hal_tim_ex.c ****   {
1161:Drivers/STM32WBxx_HAL_Driver/Src/stm32wbxx_hal_tim_ex.c ****     tmpsmcr = htim->Instance->SMCR & TIM_SMCR_SMS;
1162:Drivers/STM32WBxx_HAL_Driver/Src/stm32wbxx_hal_tim_ex.c ****     if (!IS_TIM_SLAVEMODE_TRIGGER_ENABLED(tmpsmcr))
1163:Drivers/STM32WBxx_HAL_Driver/Src/stm32wbxx_hal_tim_ex.c ****     {
1164:Drivers/STM32WBxx_HAL_Driver/Src/stm32wbxx_hal_tim_ex.c ****       __HAL_TIM_ENABLE(htim);
1165:Drivers/STM32WBxx_HAL_Driver/Src/stm32wbxx_hal_tim_ex.c ****     }
1166:Drivers/STM32WBxx_HAL_Driver/Src/stm32wbxx_hal_tim_ex.c ****   }
1167:Drivers/STM32WBxx_HAL_Driver/Src/stm32wbxx_hal_tim_ex.c ****   else
1168:Drivers/STM32WBxx_HAL_Driver/Src/stm32wbxx_hal_tim_ex.c ****   {
1169:Drivers/STM32WBxx_HAL_Driver/Src/stm32wbxx_hal_tim_ex.c ****     __HAL_TIM_ENABLE(htim);
1170:Drivers/STM32WBxx_HAL_Driver/Src/stm32wbxx_hal_tim_ex.c ****   }
ARM GAS  /var/folders/98/ctz5mtps7w71v8dr53cf5qg40000gn/T//ccO5oMcB.s 			page 22


1171:Drivers/STM32WBxx_HAL_Driver/Src/stm32wbxx_hal_tim_ex.c **** 
1172:Drivers/STM32WBxx_HAL_Driver/Src/stm32wbxx_hal_tim_ex.c ****   /* Return function status */
1173:Drivers/STM32WBxx_HAL_Driver/Src/stm32wbxx_hal_tim_ex.c ****   return HAL_OK;
1174:Drivers/STM32WBxx_HAL_Driver/Src/stm32wbxx_hal_tim_ex.c **** }
1175:Drivers/STM32WBxx_HAL_Driver/Src/stm32wbxx_hal_tim_ex.c **** 
1176:Drivers/STM32WBxx_HAL_Driver/Src/stm32wbxx_hal_tim_ex.c **** /**
1177:Drivers/STM32WBxx_HAL_Driver/Src/stm32wbxx_hal_tim_ex.c ****   * @brief  Stops the PWM signal generation on the complementary output.
1178:Drivers/STM32WBxx_HAL_Driver/Src/stm32wbxx_hal_tim_ex.c ****   * @param  htim TIM handle
1179:Drivers/STM32WBxx_HAL_Driver/Src/stm32wbxx_hal_tim_ex.c ****   * @param  Channel TIM Channel to be disabled
1180:Drivers/STM32WBxx_HAL_Driver/Src/stm32wbxx_hal_tim_ex.c ****   *          This parameter can be one of the following values:
1181:Drivers/STM32WBxx_HAL_Driver/Src/stm32wbxx_hal_tim_ex.c ****   *            @arg TIM_CHANNEL_1: TIM Channel 1 selected
1182:Drivers/STM32WBxx_HAL_Driver/Src/stm32wbxx_hal_tim_ex.c ****   *            @arg TIM_CHANNEL_2: TIM Channel 2 selected
1183:Drivers/STM32WBxx_HAL_Driver/Src/stm32wbxx_hal_tim_ex.c ****   *            @arg TIM_CHANNEL_3: TIM Channel 3 selected
1184:Drivers/STM32WBxx_HAL_Driver/Src/stm32wbxx_hal_tim_ex.c ****   * @retval HAL status
1185:Drivers/STM32WBxx_HAL_Driver/Src/stm32wbxx_hal_tim_ex.c ****   */
1186:Drivers/STM32WBxx_HAL_Driver/Src/stm32wbxx_hal_tim_ex.c **** HAL_StatusTypeDef HAL_TIMEx_PWMN_Stop(TIM_HandleTypeDef *htim, uint32_t Channel)
1187:Drivers/STM32WBxx_HAL_Driver/Src/stm32wbxx_hal_tim_ex.c **** {
1188:Drivers/STM32WBxx_HAL_Driver/Src/stm32wbxx_hal_tim_ex.c ****   /* Check the parameters */
1189:Drivers/STM32WBxx_HAL_Driver/Src/stm32wbxx_hal_tim_ex.c ****   assert_param(IS_TIM_CCXN_INSTANCE(htim->Instance, Channel));
1190:Drivers/STM32WBxx_HAL_Driver/Src/stm32wbxx_hal_tim_ex.c **** 
1191:Drivers/STM32WBxx_HAL_Driver/Src/stm32wbxx_hal_tim_ex.c ****   /* Disable the complementary PWM output  */
1192:Drivers/STM32WBxx_HAL_Driver/Src/stm32wbxx_hal_tim_ex.c ****   TIM_CCxNChannelCmd(htim->Instance, Channel, TIM_CCxN_DISABLE);
1193:Drivers/STM32WBxx_HAL_Driver/Src/stm32wbxx_hal_tim_ex.c **** 
1194:Drivers/STM32WBxx_HAL_Driver/Src/stm32wbxx_hal_tim_ex.c ****   /* Disable the Main Output */
1195:Drivers/STM32WBxx_HAL_Driver/Src/stm32wbxx_hal_tim_ex.c ****   __HAL_TIM_MOE_DISABLE(htim);
1196:Drivers/STM32WBxx_HAL_Driver/Src/stm32wbxx_hal_tim_ex.c **** 
1197:Drivers/STM32WBxx_HAL_Driver/Src/stm32wbxx_hal_tim_ex.c ****   /* Disable the Peripheral */
1198:Drivers/STM32WBxx_HAL_Driver/Src/stm32wbxx_hal_tim_ex.c ****   __HAL_TIM_DISABLE(htim);
1199:Drivers/STM32WBxx_HAL_Driver/Src/stm32wbxx_hal_tim_ex.c **** 
1200:Drivers/STM32WBxx_HAL_Driver/Src/stm32wbxx_hal_tim_ex.c ****   /* Set the TIM complementary channel state */
1201:Drivers/STM32WBxx_HAL_Driver/Src/stm32wbxx_hal_tim_ex.c ****   TIM_CHANNEL_N_STATE_SET(htim, Channel, HAL_TIM_CHANNEL_STATE_READY);
1202:Drivers/STM32WBxx_HAL_Driver/Src/stm32wbxx_hal_tim_ex.c **** 
1203:Drivers/STM32WBxx_HAL_Driver/Src/stm32wbxx_hal_tim_ex.c ****   /* Return function status */
1204:Drivers/STM32WBxx_HAL_Driver/Src/stm32wbxx_hal_tim_ex.c ****   return HAL_OK;
1205:Drivers/STM32WBxx_HAL_Driver/Src/stm32wbxx_hal_tim_ex.c **** }
1206:Drivers/STM32WBxx_HAL_Driver/Src/stm32wbxx_hal_tim_ex.c **** 
1207:Drivers/STM32WBxx_HAL_Driver/Src/stm32wbxx_hal_tim_ex.c **** /**
1208:Drivers/STM32WBxx_HAL_Driver/Src/stm32wbxx_hal_tim_ex.c ****   * @brief  Starts the PWM signal generation in interrupt mode on the
1209:Drivers/STM32WBxx_HAL_Driver/Src/stm32wbxx_hal_tim_ex.c ****   *         complementary output.
1210:Drivers/STM32WBxx_HAL_Driver/Src/stm32wbxx_hal_tim_ex.c ****   * @param  htim TIM handle
1211:Drivers/STM32WBxx_HAL_Driver/Src/stm32wbxx_hal_tim_ex.c ****   * @param  Channel TIM Channel to be disabled
1212:Drivers/STM32WBxx_HAL_Driver/Src/stm32wbxx_hal_tim_ex.c ****   *          This parameter can be one of the following values:
1213:Drivers/STM32WBxx_HAL_Driver/Src/stm32wbxx_hal_tim_ex.c ****   *            @arg TIM_CHANNEL_1: TIM Channel 1 selected
1214:Drivers/STM32WBxx_HAL_Driver/Src/stm32wbxx_hal_tim_ex.c ****   *            @arg TIM_CHANNEL_2: TIM Channel 2 selected
1215:Drivers/STM32WBxx_HAL_Driver/Src/stm32wbxx_hal_tim_ex.c ****   *            @arg TIM_CHANNEL_3: TIM Channel 3 selected
1216:Drivers/STM32WBxx_HAL_Driver/Src/stm32wbxx_hal_tim_ex.c ****   * @retval HAL status
1217:Drivers/STM32WBxx_HAL_Driver/Src/stm32wbxx_hal_tim_ex.c ****   */
1218:Drivers/STM32WBxx_HAL_Driver/Src/stm32wbxx_hal_tim_ex.c **** HAL_StatusTypeDef HAL_TIMEx_PWMN_Start_IT(TIM_HandleTypeDef *htim, uint32_t Channel)
1219:Drivers/STM32WBxx_HAL_Driver/Src/stm32wbxx_hal_tim_ex.c **** {
1220:Drivers/STM32WBxx_HAL_Driver/Src/stm32wbxx_hal_tim_ex.c ****   HAL_StatusTypeDef status = HAL_OK;
1221:Drivers/STM32WBxx_HAL_Driver/Src/stm32wbxx_hal_tim_ex.c ****   uint32_t tmpsmcr;
1222:Drivers/STM32WBxx_HAL_Driver/Src/stm32wbxx_hal_tim_ex.c **** 
1223:Drivers/STM32WBxx_HAL_Driver/Src/stm32wbxx_hal_tim_ex.c ****   /* Check the parameters */
1224:Drivers/STM32WBxx_HAL_Driver/Src/stm32wbxx_hal_tim_ex.c ****   assert_param(IS_TIM_CCXN_INSTANCE(htim->Instance, Channel));
1225:Drivers/STM32WBxx_HAL_Driver/Src/stm32wbxx_hal_tim_ex.c **** 
1226:Drivers/STM32WBxx_HAL_Driver/Src/stm32wbxx_hal_tim_ex.c ****   /* Check the TIM complementary channel state */
1227:Drivers/STM32WBxx_HAL_Driver/Src/stm32wbxx_hal_tim_ex.c ****   if (TIM_CHANNEL_N_STATE_GET(htim, Channel) != HAL_TIM_CHANNEL_STATE_READY)
ARM GAS  /var/folders/98/ctz5mtps7w71v8dr53cf5qg40000gn/T//ccO5oMcB.s 			page 23


1228:Drivers/STM32WBxx_HAL_Driver/Src/stm32wbxx_hal_tim_ex.c ****   {
1229:Drivers/STM32WBxx_HAL_Driver/Src/stm32wbxx_hal_tim_ex.c ****     return HAL_ERROR;
1230:Drivers/STM32WBxx_HAL_Driver/Src/stm32wbxx_hal_tim_ex.c ****   }
1231:Drivers/STM32WBxx_HAL_Driver/Src/stm32wbxx_hal_tim_ex.c **** 
1232:Drivers/STM32WBxx_HAL_Driver/Src/stm32wbxx_hal_tim_ex.c ****   /* Set the TIM complementary channel state */
1233:Drivers/STM32WBxx_HAL_Driver/Src/stm32wbxx_hal_tim_ex.c ****   TIM_CHANNEL_N_STATE_SET(htim, Channel, HAL_TIM_CHANNEL_STATE_BUSY);
1234:Drivers/STM32WBxx_HAL_Driver/Src/stm32wbxx_hal_tim_ex.c **** 
1235:Drivers/STM32WBxx_HAL_Driver/Src/stm32wbxx_hal_tim_ex.c ****   switch (Channel)
1236:Drivers/STM32WBxx_HAL_Driver/Src/stm32wbxx_hal_tim_ex.c ****   {
1237:Drivers/STM32WBxx_HAL_Driver/Src/stm32wbxx_hal_tim_ex.c ****     case TIM_CHANNEL_1:
1238:Drivers/STM32WBxx_HAL_Driver/Src/stm32wbxx_hal_tim_ex.c ****     {
1239:Drivers/STM32WBxx_HAL_Driver/Src/stm32wbxx_hal_tim_ex.c ****       /* Enable the TIM Capture/Compare 1 interrupt */
1240:Drivers/STM32WBxx_HAL_Driver/Src/stm32wbxx_hal_tim_ex.c ****       __HAL_TIM_ENABLE_IT(htim, TIM_IT_CC1);
1241:Drivers/STM32WBxx_HAL_Driver/Src/stm32wbxx_hal_tim_ex.c ****       break;
1242:Drivers/STM32WBxx_HAL_Driver/Src/stm32wbxx_hal_tim_ex.c ****     }
1243:Drivers/STM32WBxx_HAL_Driver/Src/stm32wbxx_hal_tim_ex.c **** 
1244:Drivers/STM32WBxx_HAL_Driver/Src/stm32wbxx_hal_tim_ex.c ****     case TIM_CHANNEL_2:
1245:Drivers/STM32WBxx_HAL_Driver/Src/stm32wbxx_hal_tim_ex.c ****     {
1246:Drivers/STM32WBxx_HAL_Driver/Src/stm32wbxx_hal_tim_ex.c ****       /* Enable the TIM Capture/Compare 2 interrupt */
1247:Drivers/STM32WBxx_HAL_Driver/Src/stm32wbxx_hal_tim_ex.c ****       __HAL_TIM_ENABLE_IT(htim, TIM_IT_CC2);
1248:Drivers/STM32WBxx_HAL_Driver/Src/stm32wbxx_hal_tim_ex.c ****       break;
1249:Drivers/STM32WBxx_HAL_Driver/Src/stm32wbxx_hal_tim_ex.c ****     }
1250:Drivers/STM32WBxx_HAL_Driver/Src/stm32wbxx_hal_tim_ex.c **** 
1251:Drivers/STM32WBxx_HAL_Driver/Src/stm32wbxx_hal_tim_ex.c ****     case TIM_CHANNEL_3:
1252:Drivers/STM32WBxx_HAL_Driver/Src/stm32wbxx_hal_tim_ex.c ****     {
1253:Drivers/STM32WBxx_HAL_Driver/Src/stm32wbxx_hal_tim_ex.c ****       /* Enable the TIM Capture/Compare 3 interrupt */
1254:Drivers/STM32WBxx_HAL_Driver/Src/stm32wbxx_hal_tim_ex.c ****       __HAL_TIM_ENABLE_IT(htim, TIM_IT_CC3);
1255:Drivers/STM32WBxx_HAL_Driver/Src/stm32wbxx_hal_tim_ex.c ****       break;
1256:Drivers/STM32WBxx_HAL_Driver/Src/stm32wbxx_hal_tim_ex.c ****     }
1257:Drivers/STM32WBxx_HAL_Driver/Src/stm32wbxx_hal_tim_ex.c **** 
1258:Drivers/STM32WBxx_HAL_Driver/Src/stm32wbxx_hal_tim_ex.c ****     default:
1259:Drivers/STM32WBxx_HAL_Driver/Src/stm32wbxx_hal_tim_ex.c ****       status = HAL_ERROR;
1260:Drivers/STM32WBxx_HAL_Driver/Src/stm32wbxx_hal_tim_ex.c ****       break;
1261:Drivers/STM32WBxx_HAL_Driver/Src/stm32wbxx_hal_tim_ex.c ****   }
1262:Drivers/STM32WBxx_HAL_Driver/Src/stm32wbxx_hal_tim_ex.c **** 
1263:Drivers/STM32WBxx_HAL_Driver/Src/stm32wbxx_hal_tim_ex.c ****   if (status == HAL_OK)
1264:Drivers/STM32WBxx_HAL_Driver/Src/stm32wbxx_hal_tim_ex.c ****   {
1265:Drivers/STM32WBxx_HAL_Driver/Src/stm32wbxx_hal_tim_ex.c ****     /* Enable the TIM Break interrupt */
1266:Drivers/STM32WBxx_HAL_Driver/Src/stm32wbxx_hal_tim_ex.c ****     __HAL_TIM_ENABLE_IT(htim, TIM_IT_BREAK);
1267:Drivers/STM32WBxx_HAL_Driver/Src/stm32wbxx_hal_tim_ex.c **** 
1268:Drivers/STM32WBxx_HAL_Driver/Src/stm32wbxx_hal_tim_ex.c ****     /* Enable the complementary PWM output  */
1269:Drivers/STM32WBxx_HAL_Driver/Src/stm32wbxx_hal_tim_ex.c ****     TIM_CCxNChannelCmd(htim->Instance, Channel, TIM_CCxN_ENABLE);
1270:Drivers/STM32WBxx_HAL_Driver/Src/stm32wbxx_hal_tim_ex.c **** 
1271:Drivers/STM32WBxx_HAL_Driver/Src/stm32wbxx_hal_tim_ex.c ****     /* Enable the Main Output */
1272:Drivers/STM32WBxx_HAL_Driver/Src/stm32wbxx_hal_tim_ex.c ****     __HAL_TIM_MOE_ENABLE(htim);
1273:Drivers/STM32WBxx_HAL_Driver/Src/stm32wbxx_hal_tim_ex.c **** 
1274:Drivers/STM32WBxx_HAL_Driver/Src/stm32wbxx_hal_tim_ex.c ****     /* Enable the Peripheral, except in trigger mode where enable is automatically done with trigge
1275:Drivers/STM32WBxx_HAL_Driver/Src/stm32wbxx_hal_tim_ex.c ****     if (IS_TIM_SLAVE_INSTANCE(htim->Instance))
1276:Drivers/STM32WBxx_HAL_Driver/Src/stm32wbxx_hal_tim_ex.c ****     {
1277:Drivers/STM32WBxx_HAL_Driver/Src/stm32wbxx_hal_tim_ex.c ****       tmpsmcr = htim->Instance->SMCR & TIM_SMCR_SMS;
1278:Drivers/STM32WBxx_HAL_Driver/Src/stm32wbxx_hal_tim_ex.c ****       if (!IS_TIM_SLAVEMODE_TRIGGER_ENABLED(tmpsmcr))
1279:Drivers/STM32WBxx_HAL_Driver/Src/stm32wbxx_hal_tim_ex.c ****       {
1280:Drivers/STM32WBxx_HAL_Driver/Src/stm32wbxx_hal_tim_ex.c ****         __HAL_TIM_ENABLE(htim);
1281:Drivers/STM32WBxx_HAL_Driver/Src/stm32wbxx_hal_tim_ex.c ****       }
1282:Drivers/STM32WBxx_HAL_Driver/Src/stm32wbxx_hal_tim_ex.c ****     }
1283:Drivers/STM32WBxx_HAL_Driver/Src/stm32wbxx_hal_tim_ex.c ****     else
1284:Drivers/STM32WBxx_HAL_Driver/Src/stm32wbxx_hal_tim_ex.c ****     {
ARM GAS  /var/folders/98/ctz5mtps7w71v8dr53cf5qg40000gn/T//ccO5oMcB.s 			page 24


1285:Drivers/STM32WBxx_HAL_Driver/Src/stm32wbxx_hal_tim_ex.c ****       __HAL_TIM_ENABLE(htim);
1286:Drivers/STM32WBxx_HAL_Driver/Src/stm32wbxx_hal_tim_ex.c ****     }
1287:Drivers/STM32WBxx_HAL_Driver/Src/stm32wbxx_hal_tim_ex.c ****   }
1288:Drivers/STM32WBxx_HAL_Driver/Src/stm32wbxx_hal_tim_ex.c **** 
1289:Drivers/STM32WBxx_HAL_Driver/Src/stm32wbxx_hal_tim_ex.c ****   /* Return function status */
1290:Drivers/STM32WBxx_HAL_Driver/Src/stm32wbxx_hal_tim_ex.c ****   return status;
1291:Drivers/STM32WBxx_HAL_Driver/Src/stm32wbxx_hal_tim_ex.c **** }
1292:Drivers/STM32WBxx_HAL_Driver/Src/stm32wbxx_hal_tim_ex.c **** 
1293:Drivers/STM32WBxx_HAL_Driver/Src/stm32wbxx_hal_tim_ex.c **** /**
1294:Drivers/STM32WBxx_HAL_Driver/Src/stm32wbxx_hal_tim_ex.c ****   * @brief  Stops the PWM signal generation in interrupt mode on the
1295:Drivers/STM32WBxx_HAL_Driver/Src/stm32wbxx_hal_tim_ex.c ****   *         complementary output.
1296:Drivers/STM32WBxx_HAL_Driver/Src/stm32wbxx_hal_tim_ex.c ****   * @param  htim TIM handle
1297:Drivers/STM32WBxx_HAL_Driver/Src/stm32wbxx_hal_tim_ex.c ****   * @param  Channel TIM Channel to be disabled
1298:Drivers/STM32WBxx_HAL_Driver/Src/stm32wbxx_hal_tim_ex.c ****   *          This parameter can be one of the following values:
1299:Drivers/STM32WBxx_HAL_Driver/Src/stm32wbxx_hal_tim_ex.c ****   *            @arg TIM_CHANNEL_1: TIM Channel 1 selected
1300:Drivers/STM32WBxx_HAL_Driver/Src/stm32wbxx_hal_tim_ex.c ****   *            @arg TIM_CHANNEL_2: TIM Channel 2 selected
1301:Drivers/STM32WBxx_HAL_Driver/Src/stm32wbxx_hal_tim_ex.c ****   *            @arg TIM_CHANNEL_3: TIM Channel 3 selected
1302:Drivers/STM32WBxx_HAL_Driver/Src/stm32wbxx_hal_tim_ex.c ****   * @retval HAL status
1303:Drivers/STM32WBxx_HAL_Driver/Src/stm32wbxx_hal_tim_ex.c ****   */
1304:Drivers/STM32WBxx_HAL_Driver/Src/stm32wbxx_hal_tim_ex.c **** HAL_StatusTypeDef HAL_TIMEx_PWMN_Stop_IT(TIM_HandleTypeDef *htim, uint32_t Channel)
1305:Drivers/STM32WBxx_HAL_Driver/Src/stm32wbxx_hal_tim_ex.c **** {
1306:Drivers/STM32WBxx_HAL_Driver/Src/stm32wbxx_hal_tim_ex.c ****   HAL_StatusTypeDef status = HAL_OK;
1307:Drivers/STM32WBxx_HAL_Driver/Src/stm32wbxx_hal_tim_ex.c ****   uint32_t tmpccer;
1308:Drivers/STM32WBxx_HAL_Driver/Src/stm32wbxx_hal_tim_ex.c **** 
1309:Drivers/STM32WBxx_HAL_Driver/Src/stm32wbxx_hal_tim_ex.c ****   /* Check the parameters */
1310:Drivers/STM32WBxx_HAL_Driver/Src/stm32wbxx_hal_tim_ex.c ****   assert_param(IS_TIM_CCXN_INSTANCE(htim->Instance, Channel));
1311:Drivers/STM32WBxx_HAL_Driver/Src/stm32wbxx_hal_tim_ex.c **** 
1312:Drivers/STM32WBxx_HAL_Driver/Src/stm32wbxx_hal_tim_ex.c ****   switch (Channel)
1313:Drivers/STM32WBxx_HAL_Driver/Src/stm32wbxx_hal_tim_ex.c ****   {
1314:Drivers/STM32WBxx_HAL_Driver/Src/stm32wbxx_hal_tim_ex.c ****     case TIM_CHANNEL_1:
1315:Drivers/STM32WBxx_HAL_Driver/Src/stm32wbxx_hal_tim_ex.c ****     {
1316:Drivers/STM32WBxx_HAL_Driver/Src/stm32wbxx_hal_tim_ex.c ****       /* Disable the TIM Capture/Compare 1 interrupt */
1317:Drivers/STM32WBxx_HAL_Driver/Src/stm32wbxx_hal_tim_ex.c ****       __HAL_TIM_DISABLE_IT(htim, TIM_IT_CC1);
1318:Drivers/STM32WBxx_HAL_Driver/Src/stm32wbxx_hal_tim_ex.c ****       break;
1319:Drivers/STM32WBxx_HAL_Driver/Src/stm32wbxx_hal_tim_ex.c ****     }
1320:Drivers/STM32WBxx_HAL_Driver/Src/stm32wbxx_hal_tim_ex.c **** 
1321:Drivers/STM32WBxx_HAL_Driver/Src/stm32wbxx_hal_tim_ex.c ****     case TIM_CHANNEL_2:
1322:Drivers/STM32WBxx_HAL_Driver/Src/stm32wbxx_hal_tim_ex.c ****     {
1323:Drivers/STM32WBxx_HAL_Driver/Src/stm32wbxx_hal_tim_ex.c ****       /* Disable the TIM Capture/Compare 2 interrupt */
1324:Drivers/STM32WBxx_HAL_Driver/Src/stm32wbxx_hal_tim_ex.c ****       __HAL_TIM_DISABLE_IT(htim, TIM_IT_CC2);
1325:Drivers/STM32WBxx_HAL_Driver/Src/stm32wbxx_hal_tim_ex.c ****       break;
1326:Drivers/STM32WBxx_HAL_Driver/Src/stm32wbxx_hal_tim_ex.c ****     }
1327:Drivers/STM32WBxx_HAL_Driver/Src/stm32wbxx_hal_tim_ex.c **** 
1328:Drivers/STM32WBxx_HAL_Driver/Src/stm32wbxx_hal_tim_ex.c ****     case TIM_CHANNEL_3:
1329:Drivers/STM32WBxx_HAL_Driver/Src/stm32wbxx_hal_tim_ex.c ****     {
1330:Drivers/STM32WBxx_HAL_Driver/Src/stm32wbxx_hal_tim_ex.c ****       /* Disable the TIM Capture/Compare 3 interrupt */
1331:Drivers/STM32WBxx_HAL_Driver/Src/stm32wbxx_hal_tim_ex.c ****       __HAL_TIM_DISABLE_IT(htim, TIM_IT_CC3);
1332:Drivers/STM32WBxx_HAL_Driver/Src/stm32wbxx_hal_tim_ex.c ****       break;
1333:Drivers/STM32WBxx_HAL_Driver/Src/stm32wbxx_hal_tim_ex.c ****     }
1334:Drivers/STM32WBxx_HAL_Driver/Src/stm32wbxx_hal_tim_ex.c **** 
1335:Drivers/STM32WBxx_HAL_Driver/Src/stm32wbxx_hal_tim_ex.c ****     default:
1336:Drivers/STM32WBxx_HAL_Driver/Src/stm32wbxx_hal_tim_ex.c ****       status = HAL_ERROR;
1337:Drivers/STM32WBxx_HAL_Driver/Src/stm32wbxx_hal_tim_ex.c ****       break;
1338:Drivers/STM32WBxx_HAL_Driver/Src/stm32wbxx_hal_tim_ex.c ****   }
1339:Drivers/STM32WBxx_HAL_Driver/Src/stm32wbxx_hal_tim_ex.c **** 
1340:Drivers/STM32WBxx_HAL_Driver/Src/stm32wbxx_hal_tim_ex.c ****   if (status == HAL_OK)
1341:Drivers/STM32WBxx_HAL_Driver/Src/stm32wbxx_hal_tim_ex.c ****   {
ARM GAS  /var/folders/98/ctz5mtps7w71v8dr53cf5qg40000gn/T//ccO5oMcB.s 			page 25


1342:Drivers/STM32WBxx_HAL_Driver/Src/stm32wbxx_hal_tim_ex.c ****     /* Disable the complementary PWM output  */
1343:Drivers/STM32WBxx_HAL_Driver/Src/stm32wbxx_hal_tim_ex.c ****     TIM_CCxNChannelCmd(htim->Instance, Channel, TIM_CCxN_DISABLE);
1344:Drivers/STM32WBxx_HAL_Driver/Src/stm32wbxx_hal_tim_ex.c **** 
1345:Drivers/STM32WBxx_HAL_Driver/Src/stm32wbxx_hal_tim_ex.c ****     /* Disable the TIM Break interrupt (only if no more channel is active) */
1346:Drivers/STM32WBxx_HAL_Driver/Src/stm32wbxx_hal_tim_ex.c ****     tmpccer = htim->Instance->CCER;
1347:Drivers/STM32WBxx_HAL_Driver/Src/stm32wbxx_hal_tim_ex.c ****     if ((tmpccer & TIM_CCER_CCxNE_MASK) == (uint32_t)RESET)
1348:Drivers/STM32WBxx_HAL_Driver/Src/stm32wbxx_hal_tim_ex.c ****     {
1349:Drivers/STM32WBxx_HAL_Driver/Src/stm32wbxx_hal_tim_ex.c ****       __HAL_TIM_DISABLE_IT(htim, TIM_IT_BREAK);
1350:Drivers/STM32WBxx_HAL_Driver/Src/stm32wbxx_hal_tim_ex.c ****     }
1351:Drivers/STM32WBxx_HAL_Driver/Src/stm32wbxx_hal_tim_ex.c **** 
1352:Drivers/STM32WBxx_HAL_Driver/Src/stm32wbxx_hal_tim_ex.c ****     /* Disable the Main Output */
1353:Drivers/STM32WBxx_HAL_Driver/Src/stm32wbxx_hal_tim_ex.c ****     __HAL_TIM_MOE_DISABLE(htim);
1354:Drivers/STM32WBxx_HAL_Driver/Src/stm32wbxx_hal_tim_ex.c **** 
1355:Drivers/STM32WBxx_HAL_Driver/Src/stm32wbxx_hal_tim_ex.c ****     /* Disable the Peripheral */
1356:Drivers/STM32WBxx_HAL_Driver/Src/stm32wbxx_hal_tim_ex.c ****     __HAL_TIM_DISABLE(htim);
1357:Drivers/STM32WBxx_HAL_Driver/Src/stm32wbxx_hal_tim_ex.c **** 
1358:Drivers/STM32WBxx_HAL_Driver/Src/stm32wbxx_hal_tim_ex.c ****     /* Set the TIM complementary channel state */
1359:Drivers/STM32WBxx_HAL_Driver/Src/stm32wbxx_hal_tim_ex.c ****     TIM_CHANNEL_N_STATE_SET(htim, Channel, HAL_TIM_CHANNEL_STATE_READY);
1360:Drivers/STM32WBxx_HAL_Driver/Src/stm32wbxx_hal_tim_ex.c ****   }
1361:Drivers/STM32WBxx_HAL_Driver/Src/stm32wbxx_hal_tim_ex.c **** 
1362:Drivers/STM32WBxx_HAL_Driver/Src/stm32wbxx_hal_tim_ex.c ****   /* Return function status */
1363:Drivers/STM32WBxx_HAL_Driver/Src/stm32wbxx_hal_tim_ex.c ****   return status;
1364:Drivers/STM32WBxx_HAL_Driver/Src/stm32wbxx_hal_tim_ex.c **** }
1365:Drivers/STM32WBxx_HAL_Driver/Src/stm32wbxx_hal_tim_ex.c **** 
1366:Drivers/STM32WBxx_HAL_Driver/Src/stm32wbxx_hal_tim_ex.c **** /**
1367:Drivers/STM32WBxx_HAL_Driver/Src/stm32wbxx_hal_tim_ex.c ****   * @brief  Starts the TIM PWM signal generation in DMA mode on the
1368:Drivers/STM32WBxx_HAL_Driver/Src/stm32wbxx_hal_tim_ex.c ****   *         complementary output
1369:Drivers/STM32WBxx_HAL_Driver/Src/stm32wbxx_hal_tim_ex.c ****   * @param  htim TIM handle
1370:Drivers/STM32WBxx_HAL_Driver/Src/stm32wbxx_hal_tim_ex.c ****   * @param  Channel TIM Channel to be enabled
1371:Drivers/STM32WBxx_HAL_Driver/Src/stm32wbxx_hal_tim_ex.c ****   *          This parameter can be one of the following values:
1372:Drivers/STM32WBxx_HAL_Driver/Src/stm32wbxx_hal_tim_ex.c ****   *            @arg TIM_CHANNEL_1: TIM Channel 1 selected
1373:Drivers/STM32WBxx_HAL_Driver/Src/stm32wbxx_hal_tim_ex.c ****   *            @arg TIM_CHANNEL_2: TIM Channel 2 selected
1374:Drivers/STM32WBxx_HAL_Driver/Src/stm32wbxx_hal_tim_ex.c ****   *            @arg TIM_CHANNEL_3: TIM Channel 3 selected
1375:Drivers/STM32WBxx_HAL_Driver/Src/stm32wbxx_hal_tim_ex.c ****   * @param  pData The source Buffer address.
1376:Drivers/STM32WBxx_HAL_Driver/Src/stm32wbxx_hal_tim_ex.c ****   * @param  Length The length of data to be transferred from memory to TIM peripheral
1377:Drivers/STM32WBxx_HAL_Driver/Src/stm32wbxx_hal_tim_ex.c ****   * @retval HAL status
1378:Drivers/STM32WBxx_HAL_Driver/Src/stm32wbxx_hal_tim_ex.c ****   */
1379:Drivers/STM32WBxx_HAL_Driver/Src/stm32wbxx_hal_tim_ex.c **** HAL_StatusTypeDef HAL_TIMEx_PWMN_Start_DMA(TIM_HandleTypeDef *htim, uint32_t Channel, const uint32_
1380:Drivers/STM32WBxx_HAL_Driver/Src/stm32wbxx_hal_tim_ex.c ****                                            uint16_t Length)
1381:Drivers/STM32WBxx_HAL_Driver/Src/stm32wbxx_hal_tim_ex.c **** {
1382:Drivers/STM32WBxx_HAL_Driver/Src/stm32wbxx_hal_tim_ex.c ****   HAL_StatusTypeDef status = HAL_OK;
1383:Drivers/STM32WBxx_HAL_Driver/Src/stm32wbxx_hal_tim_ex.c ****   uint32_t tmpsmcr;
1384:Drivers/STM32WBxx_HAL_Driver/Src/stm32wbxx_hal_tim_ex.c **** 
1385:Drivers/STM32WBxx_HAL_Driver/Src/stm32wbxx_hal_tim_ex.c ****   /* Check the parameters */
1386:Drivers/STM32WBxx_HAL_Driver/Src/stm32wbxx_hal_tim_ex.c ****   assert_param(IS_TIM_CCXN_INSTANCE(htim->Instance, Channel));
1387:Drivers/STM32WBxx_HAL_Driver/Src/stm32wbxx_hal_tim_ex.c **** 
1388:Drivers/STM32WBxx_HAL_Driver/Src/stm32wbxx_hal_tim_ex.c ****   /* Set the TIM complementary channel state */
1389:Drivers/STM32WBxx_HAL_Driver/Src/stm32wbxx_hal_tim_ex.c ****   if (TIM_CHANNEL_N_STATE_GET(htim, Channel) == HAL_TIM_CHANNEL_STATE_BUSY)
1390:Drivers/STM32WBxx_HAL_Driver/Src/stm32wbxx_hal_tim_ex.c ****   {
1391:Drivers/STM32WBxx_HAL_Driver/Src/stm32wbxx_hal_tim_ex.c ****     return HAL_BUSY;
1392:Drivers/STM32WBxx_HAL_Driver/Src/stm32wbxx_hal_tim_ex.c ****   }
1393:Drivers/STM32WBxx_HAL_Driver/Src/stm32wbxx_hal_tim_ex.c ****   else if (TIM_CHANNEL_N_STATE_GET(htim, Channel) == HAL_TIM_CHANNEL_STATE_READY)
1394:Drivers/STM32WBxx_HAL_Driver/Src/stm32wbxx_hal_tim_ex.c ****   {
1395:Drivers/STM32WBxx_HAL_Driver/Src/stm32wbxx_hal_tim_ex.c ****     if ((pData == NULL) || (Length == 0U))
1396:Drivers/STM32WBxx_HAL_Driver/Src/stm32wbxx_hal_tim_ex.c ****     {
1397:Drivers/STM32WBxx_HAL_Driver/Src/stm32wbxx_hal_tim_ex.c ****       return HAL_ERROR;
1398:Drivers/STM32WBxx_HAL_Driver/Src/stm32wbxx_hal_tim_ex.c ****     }
ARM GAS  /var/folders/98/ctz5mtps7w71v8dr53cf5qg40000gn/T//ccO5oMcB.s 			page 26


1399:Drivers/STM32WBxx_HAL_Driver/Src/stm32wbxx_hal_tim_ex.c ****     else
1400:Drivers/STM32WBxx_HAL_Driver/Src/stm32wbxx_hal_tim_ex.c ****     {
1401:Drivers/STM32WBxx_HAL_Driver/Src/stm32wbxx_hal_tim_ex.c ****       TIM_CHANNEL_N_STATE_SET(htim, Channel, HAL_TIM_CHANNEL_STATE_BUSY);
1402:Drivers/STM32WBxx_HAL_Driver/Src/stm32wbxx_hal_tim_ex.c ****     }
1403:Drivers/STM32WBxx_HAL_Driver/Src/stm32wbxx_hal_tim_ex.c ****   }
1404:Drivers/STM32WBxx_HAL_Driver/Src/stm32wbxx_hal_tim_ex.c ****   else
1405:Drivers/STM32WBxx_HAL_Driver/Src/stm32wbxx_hal_tim_ex.c ****   {
1406:Drivers/STM32WBxx_HAL_Driver/Src/stm32wbxx_hal_tim_ex.c ****     return HAL_ERROR;
1407:Drivers/STM32WBxx_HAL_Driver/Src/stm32wbxx_hal_tim_ex.c ****   }
1408:Drivers/STM32WBxx_HAL_Driver/Src/stm32wbxx_hal_tim_ex.c **** 
1409:Drivers/STM32WBxx_HAL_Driver/Src/stm32wbxx_hal_tim_ex.c ****   switch (Channel)
1410:Drivers/STM32WBxx_HAL_Driver/Src/stm32wbxx_hal_tim_ex.c ****   {
1411:Drivers/STM32WBxx_HAL_Driver/Src/stm32wbxx_hal_tim_ex.c ****     case TIM_CHANNEL_1:
1412:Drivers/STM32WBxx_HAL_Driver/Src/stm32wbxx_hal_tim_ex.c ****     {
1413:Drivers/STM32WBxx_HAL_Driver/Src/stm32wbxx_hal_tim_ex.c ****       /* Set the DMA compare callbacks */
1414:Drivers/STM32WBxx_HAL_Driver/Src/stm32wbxx_hal_tim_ex.c ****       htim->hdma[TIM_DMA_ID_CC1]->XferCpltCallback = TIM_DMADelayPulseNCplt;
1415:Drivers/STM32WBxx_HAL_Driver/Src/stm32wbxx_hal_tim_ex.c ****       htim->hdma[TIM_DMA_ID_CC1]->XferHalfCpltCallback = TIM_DMADelayPulseHalfCplt;
1416:Drivers/STM32WBxx_HAL_Driver/Src/stm32wbxx_hal_tim_ex.c **** 
1417:Drivers/STM32WBxx_HAL_Driver/Src/stm32wbxx_hal_tim_ex.c ****       /* Set the DMA error callback */
1418:Drivers/STM32WBxx_HAL_Driver/Src/stm32wbxx_hal_tim_ex.c ****       htim->hdma[TIM_DMA_ID_CC1]->XferErrorCallback = TIM_DMAErrorCCxN ;
1419:Drivers/STM32WBxx_HAL_Driver/Src/stm32wbxx_hal_tim_ex.c **** 
1420:Drivers/STM32WBxx_HAL_Driver/Src/stm32wbxx_hal_tim_ex.c ****       /* Enable the DMA channel */
1421:Drivers/STM32WBxx_HAL_Driver/Src/stm32wbxx_hal_tim_ex.c ****       if (HAL_DMA_Start_IT(htim->hdma[TIM_DMA_ID_CC1], (uint32_t)pData, (uint32_t)&htim->Instance->
1422:Drivers/STM32WBxx_HAL_Driver/Src/stm32wbxx_hal_tim_ex.c ****                            Length) != HAL_OK)
1423:Drivers/STM32WBxx_HAL_Driver/Src/stm32wbxx_hal_tim_ex.c ****       {
1424:Drivers/STM32WBxx_HAL_Driver/Src/stm32wbxx_hal_tim_ex.c ****         /* Return error status */
1425:Drivers/STM32WBxx_HAL_Driver/Src/stm32wbxx_hal_tim_ex.c ****         return HAL_ERROR;
1426:Drivers/STM32WBxx_HAL_Driver/Src/stm32wbxx_hal_tim_ex.c ****       }
1427:Drivers/STM32WBxx_HAL_Driver/Src/stm32wbxx_hal_tim_ex.c ****       /* Enable the TIM Capture/Compare 1 DMA request */
1428:Drivers/STM32WBxx_HAL_Driver/Src/stm32wbxx_hal_tim_ex.c ****       __HAL_TIM_ENABLE_DMA(htim, TIM_DMA_CC1);
1429:Drivers/STM32WBxx_HAL_Driver/Src/stm32wbxx_hal_tim_ex.c ****       break;
1430:Drivers/STM32WBxx_HAL_Driver/Src/stm32wbxx_hal_tim_ex.c ****     }
1431:Drivers/STM32WBxx_HAL_Driver/Src/stm32wbxx_hal_tim_ex.c **** 
1432:Drivers/STM32WBxx_HAL_Driver/Src/stm32wbxx_hal_tim_ex.c ****     case TIM_CHANNEL_2:
1433:Drivers/STM32WBxx_HAL_Driver/Src/stm32wbxx_hal_tim_ex.c ****     {
1434:Drivers/STM32WBxx_HAL_Driver/Src/stm32wbxx_hal_tim_ex.c ****       /* Set the DMA compare callbacks */
1435:Drivers/STM32WBxx_HAL_Driver/Src/stm32wbxx_hal_tim_ex.c ****       htim->hdma[TIM_DMA_ID_CC2]->XferCpltCallback = TIM_DMADelayPulseNCplt;
1436:Drivers/STM32WBxx_HAL_Driver/Src/stm32wbxx_hal_tim_ex.c ****       htim->hdma[TIM_DMA_ID_CC2]->XferHalfCpltCallback = TIM_DMADelayPulseHalfCplt;
1437:Drivers/STM32WBxx_HAL_Driver/Src/stm32wbxx_hal_tim_ex.c **** 
1438:Drivers/STM32WBxx_HAL_Driver/Src/stm32wbxx_hal_tim_ex.c ****       /* Set the DMA error callback */
1439:Drivers/STM32WBxx_HAL_Driver/Src/stm32wbxx_hal_tim_ex.c ****       htim->hdma[TIM_DMA_ID_CC2]->XferErrorCallback = TIM_DMAErrorCCxN ;
1440:Drivers/STM32WBxx_HAL_Driver/Src/stm32wbxx_hal_tim_ex.c **** 
1441:Drivers/STM32WBxx_HAL_Driver/Src/stm32wbxx_hal_tim_ex.c ****       /* Enable the DMA channel */
1442:Drivers/STM32WBxx_HAL_Driver/Src/stm32wbxx_hal_tim_ex.c ****       if (HAL_DMA_Start_IT(htim->hdma[TIM_DMA_ID_CC2], (uint32_t)pData, (uint32_t)&htim->Instance->
1443:Drivers/STM32WBxx_HAL_Driver/Src/stm32wbxx_hal_tim_ex.c ****                            Length) != HAL_OK)
1444:Drivers/STM32WBxx_HAL_Driver/Src/stm32wbxx_hal_tim_ex.c ****       {
1445:Drivers/STM32WBxx_HAL_Driver/Src/stm32wbxx_hal_tim_ex.c ****         /* Return error status */
1446:Drivers/STM32WBxx_HAL_Driver/Src/stm32wbxx_hal_tim_ex.c ****         return HAL_ERROR;
1447:Drivers/STM32WBxx_HAL_Driver/Src/stm32wbxx_hal_tim_ex.c ****       }
1448:Drivers/STM32WBxx_HAL_Driver/Src/stm32wbxx_hal_tim_ex.c ****       /* Enable the TIM Capture/Compare 2 DMA request */
1449:Drivers/STM32WBxx_HAL_Driver/Src/stm32wbxx_hal_tim_ex.c ****       __HAL_TIM_ENABLE_DMA(htim, TIM_DMA_CC2);
1450:Drivers/STM32WBxx_HAL_Driver/Src/stm32wbxx_hal_tim_ex.c ****       break;
1451:Drivers/STM32WBxx_HAL_Driver/Src/stm32wbxx_hal_tim_ex.c ****     }
1452:Drivers/STM32WBxx_HAL_Driver/Src/stm32wbxx_hal_tim_ex.c **** 
1453:Drivers/STM32WBxx_HAL_Driver/Src/stm32wbxx_hal_tim_ex.c ****     case TIM_CHANNEL_3:
1454:Drivers/STM32WBxx_HAL_Driver/Src/stm32wbxx_hal_tim_ex.c ****     {
1455:Drivers/STM32WBxx_HAL_Driver/Src/stm32wbxx_hal_tim_ex.c ****       /* Set the DMA compare callbacks */
ARM GAS  /var/folders/98/ctz5mtps7w71v8dr53cf5qg40000gn/T//ccO5oMcB.s 			page 27


1456:Drivers/STM32WBxx_HAL_Driver/Src/stm32wbxx_hal_tim_ex.c ****       htim->hdma[TIM_DMA_ID_CC3]->XferCpltCallback = TIM_DMADelayPulseNCplt;
1457:Drivers/STM32WBxx_HAL_Driver/Src/stm32wbxx_hal_tim_ex.c ****       htim->hdma[TIM_DMA_ID_CC3]->XferHalfCpltCallback = TIM_DMADelayPulseHalfCplt;
1458:Drivers/STM32WBxx_HAL_Driver/Src/stm32wbxx_hal_tim_ex.c **** 
1459:Drivers/STM32WBxx_HAL_Driver/Src/stm32wbxx_hal_tim_ex.c ****       /* Set the DMA error callback */
1460:Drivers/STM32WBxx_HAL_Driver/Src/stm32wbxx_hal_tim_ex.c ****       htim->hdma[TIM_DMA_ID_CC3]->XferErrorCallback = TIM_DMAErrorCCxN ;
1461:Drivers/STM32WBxx_HAL_Driver/Src/stm32wbxx_hal_tim_ex.c **** 
1462:Drivers/STM32WBxx_HAL_Driver/Src/stm32wbxx_hal_tim_ex.c ****       /* Enable the DMA channel */
1463:Drivers/STM32WBxx_HAL_Driver/Src/stm32wbxx_hal_tim_ex.c ****       if (HAL_DMA_Start_IT(htim->hdma[TIM_DMA_ID_CC3], (uint32_t)pData, (uint32_t)&htim->Instance->
1464:Drivers/STM32WBxx_HAL_Driver/Src/stm32wbxx_hal_tim_ex.c ****                            Length) != HAL_OK)
1465:Drivers/STM32WBxx_HAL_Driver/Src/stm32wbxx_hal_tim_ex.c ****       {
1466:Drivers/STM32WBxx_HAL_Driver/Src/stm32wbxx_hal_tim_ex.c ****         /* Return error status */
1467:Drivers/STM32WBxx_HAL_Driver/Src/stm32wbxx_hal_tim_ex.c ****         return HAL_ERROR;
1468:Drivers/STM32WBxx_HAL_Driver/Src/stm32wbxx_hal_tim_ex.c ****       }
1469:Drivers/STM32WBxx_HAL_Driver/Src/stm32wbxx_hal_tim_ex.c ****       /* Enable the TIM Capture/Compare 3 DMA request */
1470:Drivers/STM32WBxx_HAL_Driver/Src/stm32wbxx_hal_tim_ex.c ****       __HAL_TIM_ENABLE_DMA(htim, TIM_DMA_CC3);
1471:Drivers/STM32WBxx_HAL_Driver/Src/stm32wbxx_hal_tim_ex.c ****       break;
1472:Drivers/STM32WBxx_HAL_Driver/Src/stm32wbxx_hal_tim_ex.c ****     }
1473:Drivers/STM32WBxx_HAL_Driver/Src/stm32wbxx_hal_tim_ex.c **** 
1474:Drivers/STM32WBxx_HAL_Driver/Src/stm32wbxx_hal_tim_ex.c ****     default:
1475:Drivers/STM32WBxx_HAL_Driver/Src/stm32wbxx_hal_tim_ex.c ****       status = HAL_ERROR;
1476:Drivers/STM32WBxx_HAL_Driver/Src/stm32wbxx_hal_tim_ex.c ****       break;
1477:Drivers/STM32WBxx_HAL_Driver/Src/stm32wbxx_hal_tim_ex.c ****   }
1478:Drivers/STM32WBxx_HAL_Driver/Src/stm32wbxx_hal_tim_ex.c **** 
1479:Drivers/STM32WBxx_HAL_Driver/Src/stm32wbxx_hal_tim_ex.c ****   if (status == HAL_OK)
1480:Drivers/STM32WBxx_HAL_Driver/Src/stm32wbxx_hal_tim_ex.c ****   {
1481:Drivers/STM32WBxx_HAL_Driver/Src/stm32wbxx_hal_tim_ex.c ****     /* Enable the complementary PWM output  */
1482:Drivers/STM32WBxx_HAL_Driver/Src/stm32wbxx_hal_tim_ex.c ****     TIM_CCxNChannelCmd(htim->Instance, Channel, TIM_CCxN_ENABLE);
1483:Drivers/STM32WBxx_HAL_Driver/Src/stm32wbxx_hal_tim_ex.c **** 
1484:Drivers/STM32WBxx_HAL_Driver/Src/stm32wbxx_hal_tim_ex.c ****     /* Enable the Main Output */
1485:Drivers/STM32WBxx_HAL_Driver/Src/stm32wbxx_hal_tim_ex.c ****     __HAL_TIM_MOE_ENABLE(htim);
1486:Drivers/STM32WBxx_HAL_Driver/Src/stm32wbxx_hal_tim_ex.c **** 
1487:Drivers/STM32WBxx_HAL_Driver/Src/stm32wbxx_hal_tim_ex.c ****     /* Enable the Peripheral, except in trigger mode where enable is automatically done with trigge
1488:Drivers/STM32WBxx_HAL_Driver/Src/stm32wbxx_hal_tim_ex.c ****     if (IS_TIM_SLAVE_INSTANCE(htim->Instance))
1489:Drivers/STM32WBxx_HAL_Driver/Src/stm32wbxx_hal_tim_ex.c ****     {
1490:Drivers/STM32WBxx_HAL_Driver/Src/stm32wbxx_hal_tim_ex.c ****       tmpsmcr = htim->Instance->SMCR & TIM_SMCR_SMS;
1491:Drivers/STM32WBxx_HAL_Driver/Src/stm32wbxx_hal_tim_ex.c ****       if (!IS_TIM_SLAVEMODE_TRIGGER_ENABLED(tmpsmcr))
1492:Drivers/STM32WBxx_HAL_Driver/Src/stm32wbxx_hal_tim_ex.c ****       {
1493:Drivers/STM32WBxx_HAL_Driver/Src/stm32wbxx_hal_tim_ex.c ****         __HAL_TIM_ENABLE(htim);
1494:Drivers/STM32WBxx_HAL_Driver/Src/stm32wbxx_hal_tim_ex.c ****       }
1495:Drivers/STM32WBxx_HAL_Driver/Src/stm32wbxx_hal_tim_ex.c ****     }
1496:Drivers/STM32WBxx_HAL_Driver/Src/stm32wbxx_hal_tim_ex.c ****     else
1497:Drivers/STM32WBxx_HAL_Driver/Src/stm32wbxx_hal_tim_ex.c ****     {
1498:Drivers/STM32WBxx_HAL_Driver/Src/stm32wbxx_hal_tim_ex.c ****       __HAL_TIM_ENABLE(htim);
1499:Drivers/STM32WBxx_HAL_Driver/Src/stm32wbxx_hal_tim_ex.c ****     }
1500:Drivers/STM32WBxx_HAL_Driver/Src/stm32wbxx_hal_tim_ex.c ****   }
1501:Drivers/STM32WBxx_HAL_Driver/Src/stm32wbxx_hal_tim_ex.c **** 
1502:Drivers/STM32WBxx_HAL_Driver/Src/stm32wbxx_hal_tim_ex.c ****   /* Return function status */
1503:Drivers/STM32WBxx_HAL_Driver/Src/stm32wbxx_hal_tim_ex.c ****   return status;
1504:Drivers/STM32WBxx_HAL_Driver/Src/stm32wbxx_hal_tim_ex.c **** }
1505:Drivers/STM32WBxx_HAL_Driver/Src/stm32wbxx_hal_tim_ex.c **** 
1506:Drivers/STM32WBxx_HAL_Driver/Src/stm32wbxx_hal_tim_ex.c **** /**
1507:Drivers/STM32WBxx_HAL_Driver/Src/stm32wbxx_hal_tim_ex.c ****   * @brief  Stops the TIM PWM signal generation in DMA mode on the complementary
1508:Drivers/STM32WBxx_HAL_Driver/Src/stm32wbxx_hal_tim_ex.c ****   *         output
1509:Drivers/STM32WBxx_HAL_Driver/Src/stm32wbxx_hal_tim_ex.c ****   * @param  htim TIM handle
1510:Drivers/STM32WBxx_HAL_Driver/Src/stm32wbxx_hal_tim_ex.c ****   * @param  Channel TIM Channel to be disabled
1511:Drivers/STM32WBxx_HAL_Driver/Src/stm32wbxx_hal_tim_ex.c ****   *          This parameter can be one of the following values:
1512:Drivers/STM32WBxx_HAL_Driver/Src/stm32wbxx_hal_tim_ex.c ****   *            @arg TIM_CHANNEL_1: TIM Channel 1 selected
ARM GAS  /var/folders/98/ctz5mtps7w71v8dr53cf5qg40000gn/T//ccO5oMcB.s 			page 28


1513:Drivers/STM32WBxx_HAL_Driver/Src/stm32wbxx_hal_tim_ex.c ****   *            @arg TIM_CHANNEL_2: TIM Channel 2 selected
1514:Drivers/STM32WBxx_HAL_Driver/Src/stm32wbxx_hal_tim_ex.c ****   *            @arg TIM_CHANNEL_3: TIM Channel 3 selected
1515:Drivers/STM32WBxx_HAL_Driver/Src/stm32wbxx_hal_tim_ex.c ****   * @retval HAL status
1516:Drivers/STM32WBxx_HAL_Driver/Src/stm32wbxx_hal_tim_ex.c ****   */
1517:Drivers/STM32WBxx_HAL_Driver/Src/stm32wbxx_hal_tim_ex.c **** HAL_StatusTypeDef HAL_TIMEx_PWMN_Stop_DMA(TIM_HandleTypeDef *htim, uint32_t Channel)
1518:Drivers/STM32WBxx_HAL_Driver/Src/stm32wbxx_hal_tim_ex.c **** {
1519:Drivers/STM32WBxx_HAL_Driver/Src/stm32wbxx_hal_tim_ex.c ****   HAL_StatusTypeDef status = HAL_OK;
1520:Drivers/STM32WBxx_HAL_Driver/Src/stm32wbxx_hal_tim_ex.c **** 
1521:Drivers/STM32WBxx_HAL_Driver/Src/stm32wbxx_hal_tim_ex.c ****   /* Check the parameters */
1522:Drivers/STM32WBxx_HAL_Driver/Src/stm32wbxx_hal_tim_ex.c ****   assert_param(IS_TIM_CCXN_INSTANCE(htim->Instance, Channel));
1523:Drivers/STM32WBxx_HAL_Driver/Src/stm32wbxx_hal_tim_ex.c **** 
1524:Drivers/STM32WBxx_HAL_Driver/Src/stm32wbxx_hal_tim_ex.c ****   switch (Channel)
1525:Drivers/STM32WBxx_HAL_Driver/Src/stm32wbxx_hal_tim_ex.c ****   {
1526:Drivers/STM32WBxx_HAL_Driver/Src/stm32wbxx_hal_tim_ex.c ****     case TIM_CHANNEL_1:
1527:Drivers/STM32WBxx_HAL_Driver/Src/stm32wbxx_hal_tim_ex.c ****     {
1528:Drivers/STM32WBxx_HAL_Driver/Src/stm32wbxx_hal_tim_ex.c ****       /* Disable the TIM Capture/Compare 1 DMA request */
1529:Drivers/STM32WBxx_HAL_Driver/Src/stm32wbxx_hal_tim_ex.c ****       __HAL_TIM_DISABLE_DMA(htim, TIM_DMA_CC1);
1530:Drivers/STM32WBxx_HAL_Driver/Src/stm32wbxx_hal_tim_ex.c ****       (void)HAL_DMA_Abort_IT(htim->hdma[TIM_DMA_ID_CC1]);
1531:Drivers/STM32WBxx_HAL_Driver/Src/stm32wbxx_hal_tim_ex.c ****       break;
1532:Drivers/STM32WBxx_HAL_Driver/Src/stm32wbxx_hal_tim_ex.c ****     }
1533:Drivers/STM32WBxx_HAL_Driver/Src/stm32wbxx_hal_tim_ex.c **** 
1534:Drivers/STM32WBxx_HAL_Driver/Src/stm32wbxx_hal_tim_ex.c ****     case TIM_CHANNEL_2:
1535:Drivers/STM32WBxx_HAL_Driver/Src/stm32wbxx_hal_tim_ex.c ****     {
1536:Drivers/STM32WBxx_HAL_Driver/Src/stm32wbxx_hal_tim_ex.c ****       /* Disable the TIM Capture/Compare 2 DMA request */
1537:Drivers/STM32WBxx_HAL_Driver/Src/stm32wbxx_hal_tim_ex.c ****       __HAL_TIM_DISABLE_DMA(htim, TIM_DMA_CC2);
1538:Drivers/STM32WBxx_HAL_Driver/Src/stm32wbxx_hal_tim_ex.c ****       (void)HAL_DMA_Abort_IT(htim->hdma[TIM_DMA_ID_CC2]);
1539:Drivers/STM32WBxx_HAL_Driver/Src/stm32wbxx_hal_tim_ex.c ****       break;
1540:Drivers/STM32WBxx_HAL_Driver/Src/stm32wbxx_hal_tim_ex.c ****     }
1541:Drivers/STM32WBxx_HAL_Driver/Src/stm32wbxx_hal_tim_ex.c **** 
1542:Drivers/STM32WBxx_HAL_Driver/Src/stm32wbxx_hal_tim_ex.c ****     case TIM_CHANNEL_3:
1543:Drivers/STM32WBxx_HAL_Driver/Src/stm32wbxx_hal_tim_ex.c ****     {
1544:Drivers/STM32WBxx_HAL_Driver/Src/stm32wbxx_hal_tim_ex.c ****       /* Disable the TIM Capture/Compare 3 DMA request */
1545:Drivers/STM32WBxx_HAL_Driver/Src/stm32wbxx_hal_tim_ex.c ****       __HAL_TIM_DISABLE_DMA(htim, TIM_DMA_CC3);
1546:Drivers/STM32WBxx_HAL_Driver/Src/stm32wbxx_hal_tim_ex.c ****       (void)HAL_DMA_Abort_IT(htim->hdma[TIM_DMA_ID_CC3]);
1547:Drivers/STM32WBxx_HAL_Driver/Src/stm32wbxx_hal_tim_ex.c ****       break;
1548:Drivers/STM32WBxx_HAL_Driver/Src/stm32wbxx_hal_tim_ex.c ****     }
1549:Drivers/STM32WBxx_HAL_Driver/Src/stm32wbxx_hal_tim_ex.c **** 
1550:Drivers/STM32WBxx_HAL_Driver/Src/stm32wbxx_hal_tim_ex.c ****     default:
1551:Drivers/STM32WBxx_HAL_Driver/Src/stm32wbxx_hal_tim_ex.c ****       status = HAL_ERROR;
1552:Drivers/STM32WBxx_HAL_Driver/Src/stm32wbxx_hal_tim_ex.c ****       break;
1553:Drivers/STM32WBxx_HAL_Driver/Src/stm32wbxx_hal_tim_ex.c ****   }
1554:Drivers/STM32WBxx_HAL_Driver/Src/stm32wbxx_hal_tim_ex.c **** 
1555:Drivers/STM32WBxx_HAL_Driver/Src/stm32wbxx_hal_tim_ex.c ****   if (status == HAL_OK)
1556:Drivers/STM32WBxx_HAL_Driver/Src/stm32wbxx_hal_tim_ex.c ****   {
1557:Drivers/STM32WBxx_HAL_Driver/Src/stm32wbxx_hal_tim_ex.c ****     /* Disable the complementary PWM output */
1558:Drivers/STM32WBxx_HAL_Driver/Src/stm32wbxx_hal_tim_ex.c ****     TIM_CCxNChannelCmd(htim->Instance, Channel, TIM_CCxN_DISABLE);
1559:Drivers/STM32WBxx_HAL_Driver/Src/stm32wbxx_hal_tim_ex.c **** 
1560:Drivers/STM32WBxx_HAL_Driver/Src/stm32wbxx_hal_tim_ex.c ****     /* Disable the Main Output */
1561:Drivers/STM32WBxx_HAL_Driver/Src/stm32wbxx_hal_tim_ex.c ****     __HAL_TIM_MOE_DISABLE(htim);
1562:Drivers/STM32WBxx_HAL_Driver/Src/stm32wbxx_hal_tim_ex.c **** 
1563:Drivers/STM32WBxx_HAL_Driver/Src/stm32wbxx_hal_tim_ex.c ****     /* Disable the Peripheral */
1564:Drivers/STM32WBxx_HAL_Driver/Src/stm32wbxx_hal_tim_ex.c ****     __HAL_TIM_DISABLE(htim);
1565:Drivers/STM32WBxx_HAL_Driver/Src/stm32wbxx_hal_tim_ex.c **** 
1566:Drivers/STM32WBxx_HAL_Driver/Src/stm32wbxx_hal_tim_ex.c ****     /* Set the TIM complementary channel state */
1567:Drivers/STM32WBxx_HAL_Driver/Src/stm32wbxx_hal_tim_ex.c ****     TIM_CHANNEL_N_STATE_SET(htim, Channel, HAL_TIM_CHANNEL_STATE_READY);
1568:Drivers/STM32WBxx_HAL_Driver/Src/stm32wbxx_hal_tim_ex.c ****   }
1569:Drivers/STM32WBxx_HAL_Driver/Src/stm32wbxx_hal_tim_ex.c **** 
ARM GAS  /var/folders/98/ctz5mtps7w71v8dr53cf5qg40000gn/T//ccO5oMcB.s 			page 29


1570:Drivers/STM32WBxx_HAL_Driver/Src/stm32wbxx_hal_tim_ex.c ****   /* Return function status */
1571:Drivers/STM32WBxx_HAL_Driver/Src/stm32wbxx_hal_tim_ex.c ****   return status;
1572:Drivers/STM32WBxx_HAL_Driver/Src/stm32wbxx_hal_tim_ex.c **** }
1573:Drivers/STM32WBxx_HAL_Driver/Src/stm32wbxx_hal_tim_ex.c **** 
1574:Drivers/STM32WBxx_HAL_Driver/Src/stm32wbxx_hal_tim_ex.c **** /**
1575:Drivers/STM32WBxx_HAL_Driver/Src/stm32wbxx_hal_tim_ex.c ****   * @}
1576:Drivers/STM32WBxx_HAL_Driver/Src/stm32wbxx_hal_tim_ex.c ****   */
1577:Drivers/STM32WBxx_HAL_Driver/Src/stm32wbxx_hal_tim_ex.c **** 
1578:Drivers/STM32WBxx_HAL_Driver/Src/stm32wbxx_hal_tim_ex.c **** /** @defgroup TIMEx_Exported_Functions_Group4 Extended Timer Complementary One Pulse functions
1579:Drivers/STM32WBxx_HAL_Driver/Src/stm32wbxx_hal_tim_ex.c ****   * @brief    Timer Complementary One Pulse functions
1580:Drivers/STM32WBxx_HAL_Driver/Src/stm32wbxx_hal_tim_ex.c ****   *
1581:Drivers/STM32WBxx_HAL_Driver/Src/stm32wbxx_hal_tim_ex.c **** @verbatim
1582:Drivers/STM32WBxx_HAL_Driver/Src/stm32wbxx_hal_tim_ex.c ****   ==============================================================================
1583:Drivers/STM32WBxx_HAL_Driver/Src/stm32wbxx_hal_tim_ex.c ****                 ##### Timer Complementary One Pulse functions #####
1584:Drivers/STM32WBxx_HAL_Driver/Src/stm32wbxx_hal_tim_ex.c ****   ==============================================================================
1585:Drivers/STM32WBxx_HAL_Driver/Src/stm32wbxx_hal_tim_ex.c ****   [..]
1586:Drivers/STM32WBxx_HAL_Driver/Src/stm32wbxx_hal_tim_ex.c ****     This section provides functions allowing to:
1587:Drivers/STM32WBxx_HAL_Driver/Src/stm32wbxx_hal_tim_ex.c ****     (+) Start the Complementary One Pulse generation.
1588:Drivers/STM32WBxx_HAL_Driver/Src/stm32wbxx_hal_tim_ex.c ****     (+) Stop the Complementary One Pulse.
1589:Drivers/STM32WBxx_HAL_Driver/Src/stm32wbxx_hal_tim_ex.c ****     (+) Start the Complementary One Pulse and enable interrupts.
1590:Drivers/STM32WBxx_HAL_Driver/Src/stm32wbxx_hal_tim_ex.c ****     (+) Stop the Complementary One Pulse and disable interrupts.
1591:Drivers/STM32WBxx_HAL_Driver/Src/stm32wbxx_hal_tim_ex.c **** 
1592:Drivers/STM32WBxx_HAL_Driver/Src/stm32wbxx_hal_tim_ex.c **** @endverbatim
1593:Drivers/STM32WBxx_HAL_Driver/Src/stm32wbxx_hal_tim_ex.c ****   * @{
1594:Drivers/STM32WBxx_HAL_Driver/Src/stm32wbxx_hal_tim_ex.c ****   */
1595:Drivers/STM32WBxx_HAL_Driver/Src/stm32wbxx_hal_tim_ex.c **** 
1596:Drivers/STM32WBxx_HAL_Driver/Src/stm32wbxx_hal_tim_ex.c **** /**
1597:Drivers/STM32WBxx_HAL_Driver/Src/stm32wbxx_hal_tim_ex.c ****   * @brief  Starts the TIM One Pulse signal generation on the complementary
1598:Drivers/STM32WBxx_HAL_Driver/Src/stm32wbxx_hal_tim_ex.c ****   *         output.
1599:Drivers/STM32WBxx_HAL_Driver/Src/stm32wbxx_hal_tim_ex.c ****   * @note OutputChannel must match the pulse output channel chosen when calling
1600:Drivers/STM32WBxx_HAL_Driver/Src/stm32wbxx_hal_tim_ex.c ****   *       @ref HAL_TIM_OnePulse_ConfigChannel().
1601:Drivers/STM32WBxx_HAL_Driver/Src/stm32wbxx_hal_tim_ex.c ****   * @param  htim TIM One Pulse handle
1602:Drivers/STM32WBxx_HAL_Driver/Src/stm32wbxx_hal_tim_ex.c ****   * @param  OutputChannel pulse output channel to enable
1603:Drivers/STM32WBxx_HAL_Driver/Src/stm32wbxx_hal_tim_ex.c ****   *          This parameter can be one of the following values:
1604:Drivers/STM32WBxx_HAL_Driver/Src/stm32wbxx_hal_tim_ex.c ****   *            @arg TIM_CHANNEL_1: TIM Channel 1 selected
1605:Drivers/STM32WBxx_HAL_Driver/Src/stm32wbxx_hal_tim_ex.c ****   *            @arg TIM_CHANNEL_2: TIM Channel 2 selected
1606:Drivers/STM32WBxx_HAL_Driver/Src/stm32wbxx_hal_tim_ex.c ****   * @retval HAL status
1607:Drivers/STM32WBxx_HAL_Driver/Src/stm32wbxx_hal_tim_ex.c ****   */
1608:Drivers/STM32WBxx_HAL_Driver/Src/stm32wbxx_hal_tim_ex.c **** HAL_StatusTypeDef HAL_TIMEx_OnePulseN_Start(TIM_HandleTypeDef *htim, uint32_t OutputChannel)
1609:Drivers/STM32WBxx_HAL_Driver/Src/stm32wbxx_hal_tim_ex.c **** {
1610:Drivers/STM32WBxx_HAL_Driver/Src/stm32wbxx_hal_tim_ex.c ****   uint32_t input_channel = (OutputChannel == TIM_CHANNEL_1) ? TIM_CHANNEL_2 : TIM_CHANNEL_1;
1611:Drivers/STM32WBxx_HAL_Driver/Src/stm32wbxx_hal_tim_ex.c ****   HAL_TIM_ChannelStateTypeDef channel_1_state = TIM_CHANNEL_STATE_GET(htim, TIM_CHANNEL_1);
1612:Drivers/STM32WBxx_HAL_Driver/Src/stm32wbxx_hal_tim_ex.c ****   HAL_TIM_ChannelStateTypeDef channel_2_state = TIM_CHANNEL_STATE_GET(htim, TIM_CHANNEL_2);
1613:Drivers/STM32WBxx_HAL_Driver/Src/stm32wbxx_hal_tim_ex.c ****   HAL_TIM_ChannelStateTypeDef complementary_channel_1_state = TIM_CHANNEL_N_STATE_GET(htim, TIM_CHA
1614:Drivers/STM32WBxx_HAL_Driver/Src/stm32wbxx_hal_tim_ex.c ****   HAL_TIM_ChannelStateTypeDef complementary_channel_2_state = TIM_CHANNEL_N_STATE_GET(htim, TIM_CHA
1615:Drivers/STM32WBxx_HAL_Driver/Src/stm32wbxx_hal_tim_ex.c **** 
1616:Drivers/STM32WBxx_HAL_Driver/Src/stm32wbxx_hal_tim_ex.c ****   /* Check the parameters */
1617:Drivers/STM32WBxx_HAL_Driver/Src/stm32wbxx_hal_tim_ex.c ****   assert_param(IS_TIM_CCXN_INSTANCE(htim->Instance, OutputChannel));
1618:Drivers/STM32WBxx_HAL_Driver/Src/stm32wbxx_hal_tim_ex.c **** 
1619:Drivers/STM32WBxx_HAL_Driver/Src/stm32wbxx_hal_tim_ex.c ****   /* Check the TIM channels state */
1620:Drivers/STM32WBxx_HAL_Driver/Src/stm32wbxx_hal_tim_ex.c ****   if ((channel_1_state != HAL_TIM_CHANNEL_STATE_READY)
1621:Drivers/STM32WBxx_HAL_Driver/Src/stm32wbxx_hal_tim_ex.c ****       || (channel_2_state != HAL_TIM_CHANNEL_STATE_READY)
1622:Drivers/STM32WBxx_HAL_Driver/Src/stm32wbxx_hal_tim_ex.c ****       || (complementary_channel_1_state != HAL_TIM_CHANNEL_STATE_READY)
1623:Drivers/STM32WBxx_HAL_Driver/Src/stm32wbxx_hal_tim_ex.c ****       || (complementary_channel_2_state != HAL_TIM_CHANNEL_STATE_READY))
1624:Drivers/STM32WBxx_HAL_Driver/Src/stm32wbxx_hal_tim_ex.c ****   {
1625:Drivers/STM32WBxx_HAL_Driver/Src/stm32wbxx_hal_tim_ex.c ****     return HAL_ERROR;
1626:Drivers/STM32WBxx_HAL_Driver/Src/stm32wbxx_hal_tim_ex.c ****   }
ARM GAS  /var/folders/98/ctz5mtps7w71v8dr53cf5qg40000gn/T//ccO5oMcB.s 			page 30


1627:Drivers/STM32WBxx_HAL_Driver/Src/stm32wbxx_hal_tim_ex.c **** 
1628:Drivers/STM32WBxx_HAL_Driver/Src/stm32wbxx_hal_tim_ex.c ****   /* Set the TIM channels state */
1629:Drivers/STM32WBxx_HAL_Driver/Src/stm32wbxx_hal_tim_ex.c ****   TIM_CHANNEL_STATE_SET(htim, TIM_CHANNEL_1, HAL_TIM_CHANNEL_STATE_BUSY);
1630:Drivers/STM32WBxx_HAL_Driver/Src/stm32wbxx_hal_tim_ex.c ****   TIM_CHANNEL_STATE_SET(htim, TIM_CHANNEL_2, HAL_TIM_CHANNEL_STATE_BUSY);
1631:Drivers/STM32WBxx_HAL_Driver/Src/stm32wbxx_hal_tim_ex.c ****   TIM_CHANNEL_N_STATE_SET(htim, TIM_CHANNEL_1, HAL_TIM_CHANNEL_STATE_BUSY);
1632:Drivers/STM32WBxx_HAL_Driver/Src/stm32wbxx_hal_tim_ex.c ****   TIM_CHANNEL_N_STATE_SET(htim, TIM_CHANNEL_2, HAL_TIM_CHANNEL_STATE_BUSY);
1633:Drivers/STM32WBxx_HAL_Driver/Src/stm32wbxx_hal_tim_ex.c **** 
1634:Drivers/STM32WBxx_HAL_Driver/Src/stm32wbxx_hal_tim_ex.c ****   /* Enable the complementary One Pulse output channel and the Input Capture channel */
1635:Drivers/STM32WBxx_HAL_Driver/Src/stm32wbxx_hal_tim_ex.c ****   TIM_CCxNChannelCmd(htim->Instance, OutputChannel, TIM_CCxN_ENABLE);
1636:Drivers/STM32WBxx_HAL_Driver/Src/stm32wbxx_hal_tim_ex.c ****   TIM_CCxChannelCmd(htim->Instance, input_channel, TIM_CCx_ENABLE);
1637:Drivers/STM32WBxx_HAL_Driver/Src/stm32wbxx_hal_tim_ex.c **** 
1638:Drivers/STM32WBxx_HAL_Driver/Src/stm32wbxx_hal_tim_ex.c ****   /* Enable the Main Output */
1639:Drivers/STM32WBxx_HAL_Driver/Src/stm32wbxx_hal_tim_ex.c ****   __HAL_TIM_MOE_ENABLE(htim);
1640:Drivers/STM32WBxx_HAL_Driver/Src/stm32wbxx_hal_tim_ex.c **** 
1641:Drivers/STM32WBxx_HAL_Driver/Src/stm32wbxx_hal_tim_ex.c ****   /* Return function status */
1642:Drivers/STM32WBxx_HAL_Driver/Src/stm32wbxx_hal_tim_ex.c ****   return HAL_OK;
1643:Drivers/STM32WBxx_HAL_Driver/Src/stm32wbxx_hal_tim_ex.c **** }
1644:Drivers/STM32WBxx_HAL_Driver/Src/stm32wbxx_hal_tim_ex.c **** 
1645:Drivers/STM32WBxx_HAL_Driver/Src/stm32wbxx_hal_tim_ex.c **** /**
1646:Drivers/STM32WBxx_HAL_Driver/Src/stm32wbxx_hal_tim_ex.c ****   * @brief  Stops the TIM One Pulse signal generation on the complementary
1647:Drivers/STM32WBxx_HAL_Driver/Src/stm32wbxx_hal_tim_ex.c ****   *         output.
1648:Drivers/STM32WBxx_HAL_Driver/Src/stm32wbxx_hal_tim_ex.c ****   * @note OutputChannel must match the pulse output channel chosen when calling
1649:Drivers/STM32WBxx_HAL_Driver/Src/stm32wbxx_hal_tim_ex.c ****   *       @ref HAL_TIM_OnePulse_ConfigChannel().
1650:Drivers/STM32WBxx_HAL_Driver/Src/stm32wbxx_hal_tim_ex.c ****   * @param  htim TIM One Pulse handle
1651:Drivers/STM32WBxx_HAL_Driver/Src/stm32wbxx_hal_tim_ex.c ****   * @param  OutputChannel pulse output channel to disable
1652:Drivers/STM32WBxx_HAL_Driver/Src/stm32wbxx_hal_tim_ex.c ****   *          This parameter can be one of the following values:
1653:Drivers/STM32WBxx_HAL_Driver/Src/stm32wbxx_hal_tim_ex.c ****   *            @arg TIM_CHANNEL_1: TIM Channel 1 selected
1654:Drivers/STM32WBxx_HAL_Driver/Src/stm32wbxx_hal_tim_ex.c ****   *            @arg TIM_CHANNEL_2: TIM Channel 2 selected
1655:Drivers/STM32WBxx_HAL_Driver/Src/stm32wbxx_hal_tim_ex.c ****   * @retval HAL status
1656:Drivers/STM32WBxx_HAL_Driver/Src/stm32wbxx_hal_tim_ex.c ****   */
1657:Drivers/STM32WBxx_HAL_Driver/Src/stm32wbxx_hal_tim_ex.c **** HAL_StatusTypeDef HAL_TIMEx_OnePulseN_Stop(TIM_HandleTypeDef *htim, uint32_t OutputChannel)
1658:Drivers/STM32WBxx_HAL_Driver/Src/stm32wbxx_hal_tim_ex.c **** {
1659:Drivers/STM32WBxx_HAL_Driver/Src/stm32wbxx_hal_tim_ex.c ****   uint32_t input_channel = (OutputChannel == TIM_CHANNEL_1) ? TIM_CHANNEL_2 : TIM_CHANNEL_1;
1660:Drivers/STM32WBxx_HAL_Driver/Src/stm32wbxx_hal_tim_ex.c **** 
1661:Drivers/STM32WBxx_HAL_Driver/Src/stm32wbxx_hal_tim_ex.c ****   /* Check the parameters */
1662:Drivers/STM32WBxx_HAL_Driver/Src/stm32wbxx_hal_tim_ex.c ****   assert_param(IS_TIM_CCXN_INSTANCE(htim->Instance, OutputChannel));
1663:Drivers/STM32WBxx_HAL_Driver/Src/stm32wbxx_hal_tim_ex.c **** 
1664:Drivers/STM32WBxx_HAL_Driver/Src/stm32wbxx_hal_tim_ex.c ****   /* Disable the complementary One Pulse output channel and the Input Capture channel */
1665:Drivers/STM32WBxx_HAL_Driver/Src/stm32wbxx_hal_tim_ex.c ****   TIM_CCxNChannelCmd(htim->Instance, OutputChannel, TIM_CCxN_DISABLE);
1666:Drivers/STM32WBxx_HAL_Driver/Src/stm32wbxx_hal_tim_ex.c ****   TIM_CCxChannelCmd(htim->Instance, input_channel, TIM_CCx_DISABLE);
1667:Drivers/STM32WBxx_HAL_Driver/Src/stm32wbxx_hal_tim_ex.c **** 
1668:Drivers/STM32WBxx_HAL_Driver/Src/stm32wbxx_hal_tim_ex.c ****   /* Disable the Main Output */
1669:Drivers/STM32WBxx_HAL_Driver/Src/stm32wbxx_hal_tim_ex.c ****   __HAL_TIM_MOE_DISABLE(htim);
1670:Drivers/STM32WBxx_HAL_Driver/Src/stm32wbxx_hal_tim_ex.c **** 
1671:Drivers/STM32WBxx_HAL_Driver/Src/stm32wbxx_hal_tim_ex.c ****   /* Disable the Peripheral */
1672:Drivers/STM32WBxx_HAL_Driver/Src/stm32wbxx_hal_tim_ex.c ****   __HAL_TIM_DISABLE(htim);
1673:Drivers/STM32WBxx_HAL_Driver/Src/stm32wbxx_hal_tim_ex.c **** 
1674:Drivers/STM32WBxx_HAL_Driver/Src/stm32wbxx_hal_tim_ex.c ****   /* Set the TIM  channels state */
1675:Drivers/STM32WBxx_HAL_Driver/Src/stm32wbxx_hal_tim_ex.c ****   TIM_CHANNEL_STATE_SET(htim, TIM_CHANNEL_1, HAL_TIM_CHANNEL_STATE_READY);
1676:Drivers/STM32WBxx_HAL_Driver/Src/stm32wbxx_hal_tim_ex.c ****   TIM_CHANNEL_STATE_SET(htim, TIM_CHANNEL_2, HAL_TIM_CHANNEL_STATE_READY);
1677:Drivers/STM32WBxx_HAL_Driver/Src/stm32wbxx_hal_tim_ex.c ****   TIM_CHANNEL_N_STATE_SET(htim, TIM_CHANNEL_1, HAL_TIM_CHANNEL_STATE_READY);
1678:Drivers/STM32WBxx_HAL_Driver/Src/stm32wbxx_hal_tim_ex.c ****   TIM_CHANNEL_N_STATE_SET(htim, TIM_CHANNEL_2, HAL_TIM_CHANNEL_STATE_READY);
1679:Drivers/STM32WBxx_HAL_Driver/Src/stm32wbxx_hal_tim_ex.c **** 
1680:Drivers/STM32WBxx_HAL_Driver/Src/stm32wbxx_hal_tim_ex.c ****   /* Return function status */
1681:Drivers/STM32WBxx_HAL_Driver/Src/stm32wbxx_hal_tim_ex.c ****   return HAL_OK;
1682:Drivers/STM32WBxx_HAL_Driver/Src/stm32wbxx_hal_tim_ex.c **** }
1683:Drivers/STM32WBxx_HAL_Driver/Src/stm32wbxx_hal_tim_ex.c **** 
ARM GAS  /var/folders/98/ctz5mtps7w71v8dr53cf5qg40000gn/T//ccO5oMcB.s 			page 31


1684:Drivers/STM32WBxx_HAL_Driver/Src/stm32wbxx_hal_tim_ex.c **** /**
1685:Drivers/STM32WBxx_HAL_Driver/Src/stm32wbxx_hal_tim_ex.c ****   * @brief  Starts the TIM One Pulse signal generation in interrupt mode on the
1686:Drivers/STM32WBxx_HAL_Driver/Src/stm32wbxx_hal_tim_ex.c ****   *         complementary channel.
1687:Drivers/STM32WBxx_HAL_Driver/Src/stm32wbxx_hal_tim_ex.c ****   * @note OutputChannel must match the pulse output channel chosen when calling
1688:Drivers/STM32WBxx_HAL_Driver/Src/stm32wbxx_hal_tim_ex.c ****   *       @ref HAL_TIM_OnePulse_ConfigChannel().
1689:Drivers/STM32WBxx_HAL_Driver/Src/stm32wbxx_hal_tim_ex.c ****   * @param  htim TIM One Pulse handle
1690:Drivers/STM32WBxx_HAL_Driver/Src/stm32wbxx_hal_tim_ex.c ****   * @param  OutputChannel pulse output channel to enable
1691:Drivers/STM32WBxx_HAL_Driver/Src/stm32wbxx_hal_tim_ex.c ****   *          This parameter can be one of the following values:
1692:Drivers/STM32WBxx_HAL_Driver/Src/stm32wbxx_hal_tim_ex.c ****   *            @arg TIM_CHANNEL_1: TIM Channel 1 selected
1693:Drivers/STM32WBxx_HAL_Driver/Src/stm32wbxx_hal_tim_ex.c ****   *            @arg TIM_CHANNEL_2: TIM Channel 2 selected
1694:Drivers/STM32WBxx_HAL_Driver/Src/stm32wbxx_hal_tim_ex.c ****   * @retval HAL status
1695:Drivers/STM32WBxx_HAL_Driver/Src/stm32wbxx_hal_tim_ex.c ****   */
1696:Drivers/STM32WBxx_HAL_Driver/Src/stm32wbxx_hal_tim_ex.c **** HAL_StatusTypeDef HAL_TIMEx_OnePulseN_Start_IT(TIM_HandleTypeDef *htim, uint32_t OutputChannel)
1697:Drivers/STM32WBxx_HAL_Driver/Src/stm32wbxx_hal_tim_ex.c **** {
1698:Drivers/STM32WBxx_HAL_Driver/Src/stm32wbxx_hal_tim_ex.c ****   uint32_t input_channel = (OutputChannel == TIM_CHANNEL_1) ? TIM_CHANNEL_2 : TIM_CHANNEL_1;
1699:Drivers/STM32WBxx_HAL_Driver/Src/stm32wbxx_hal_tim_ex.c ****   HAL_TIM_ChannelStateTypeDef channel_1_state = TIM_CHANNEL_STATE_GET(htim, TIM_CHANNEL_1);
1700:Drivers/STM32WBxx_HAL_Driver/Src/stm32wbxx_hal_tim_ex.c ****   HAL_TIM_ChannelStateTypeDef channel_2_state = TIM_CHANNEL_STATE_GET(htim, TIM_CHANNEL_2);
1701:Drivers/STM32WBxx_HAL_Driver/Src/stm32wbxx_hal_tim_ex.c ****   HAL_TIM_ChannelStateTypeDef complementary_channel_1_state = TIM_CHANNEL_N_STATE_GET(htim, TIM_CHA
1702:Drivers/STM32WBxx_HAL_Driver/Src/stm32wbxx_hal_tim_ex.c ****   HAL_TIM_ChannelStateTypeDef complementary_channel_2_state = TIM_CHANNEL_N_STATE_GET(htim, TIM_CHA
1703:Drivers/STM32WBxx_HAL_Driver/Src/stm32wbxx_hal_tim_ex.c **** 
1704:Drivers/STM32WBxx_HAL_Driver/Src/stm32wbxx_hal_tim_ex.c ****   /* Check the parameters */
1705:Drivers/STM32WBxx_HAL_Driver/Src/stm32wbxx_hal_tim_ex.c ****   assert_param(IS_TIM_CCXN_INSTANCE(htim->Instance, OutputChannel));
1706:Drivers/STM32WBxx_HAL_Driver/Src/stm32wbxx_hal_tim_ex.c **** 
1707:Drivers/STM32WBxx_HAL_Driver/Src/stm32wbxx_hal_tim_ex.c ****   /* Check the TIM channels state */
1708:Drivers/STM32WBxx_HAL_Driver/Src/stm32wbxx_hal_tim_ex.c ****   if ((channel_1_state != HAL_TIM_CHANNEL_STATE_READY)
1709:Drivers/STM32WBxx_HAL_Driver/Src/stm32wbxx_hal_tim_ex.c ****       || (channel_2_state != HAL_TIM_CHANNEL_STATE_READY)
1710:Drivers/STM32WBxx_HAL_Driver/Src/stm32wbxx_hal_tim_ex.c ****       || (complementary_channel_1_state != HAL_TIM_CHANNEL_STATE_READY)
1711:Drivers/STM32WBxx_HAL_Driver/Src/stm32wbxx_hal_tim_ex.c ****       || (complementary_channel_2_state != HAL_TIM_CHANNEL_STATE_READY))
1712:Drivers/STM32WBxx_HAL_Driver/Src/stm32wbxx_hal_tim_ex.c ****   {
1713:Drivers/STM32WBxx_HAL_Driver/Src/stm32wbxx_hal_tim_ex.c ****     return HAL_ERROR;
1714:Drivers/STM32WBxx_HAL_Driver/Src/stm32wbxx_hal_tim_ex.c ****   }
1715:Drivers/STM32WBxx_HAL_Driver/Src/stm32wbxx_hal_tim_ex.c **** 
1716:Drivers/STM32WBxx_HAL_Driver/Src/stm32wbxx_hal_tim_ex.c ****   /* Set the TIM channels state */
1717:Drivers/STM32WBxx_HAL_Driver/Src/stm32wbxx_hal_tim_ex.c ****   TIM_CHANNEL_STATE_SET(htim, TIM_CHANNEL_1, HAL_TIM_CHANNEL_STATE_BUSY);
1718:Drivers/STM32WBxx_HAL_Driver/Src/stm32wbxx_hal_tim_ex.c ****   TIM_CHANNEL_STATE_SET(htim, TIM_CHANNEL_2, HAL_TIM_CHANNEL_STATE_BUSY);
1719:Drivers/STM32WBxx_HAL_Driver/Src/stm32wbxx_hal_tim_ex.c ****   TIM_CHANNEL_N_STATE_SET(htim, TIM_CHANNEL_1, HAL_TIM_CHANNEL_STATE_BUSY);
1720:Drivers/STM32WBxx_HAL_Driver/Src/stm32wbxx_hal_tim_ex.c ****   TIM_CHANNEL_N_STATE_SET(htim, TIM_CHANNEL_2, HAL_TIM_CHANNEL_STATE_BUSY);
1721:Drivers/STM32WBxx_HAL_Driver/Src/stm32wbxx_hal_tim_ex.c **** 
1722:Drivers/STM32WBxx_HAL_Driver/Src/stm32wbxx_hal_tim_ex.c ****   /* Enable the TIM Capture/Compare 1 interrupt */
1723:Drivers/STM32WBxx_HAL_Driver/Src/stm32wbxx_hal_tim_ex.c ****   __HAL_TIM_ENABLE_IT(htim, TIM_IT_CC1);
1724:Drivers/STM32WBxx_HAL_Driver/Src/stm32wbxx_hal_tim_ex.c **** 
1725:Drivers/STM32WBxx_HAL_Driver/Src/stm32wbxx_hal_tim_ex.c ****   /* Enable the TIM Capture/Compare 2 interrupt */
1726:Drivers/STM32WBxx_HAL_Driver/Src/stm32wbxx_hal_tim_ex.c ****   __HAL_TIM_ENABLE_IT(htim, TIM_IT_CC2);
1727:Drivers/STM32WBxx_HAL_Driver/Src/stm32wbxx_hal_tim_ex.c **** 
1728:Drivers/STM32WBxx_HAL_Driver/Src/stm32wbxx_hal_tim_ex.c ****   /* Enable the complementary One Pulse output channel and the Input Capture channel */
1729:Drivers/STM32WBxx_HAL_Driver/Src/stm32wbxx_hal_tim_ex.c ****   TIM_CCxNChannelCmd(htim->Instance, OutputChannel, TIM_CCxN_ENABLE);
1730:Drivers/STM32WBxx_HAL_Driver/Src/stm32wbxx_hal_tim_ex.c ****   TIM_CCxChannelCmd(htim->Instance, input_channel, TIM_CCx_ENABLE);
1731:Drivers/STM32WBxx_HAL_Driver/Src/stm32wbxx_hal_tim_ex.c **** 
1732:Drivers/STM32WBxx_HAL_Driver/Src/stm32wbxx_hal_tim_ex.c ****   /* Enable the Main Output */
1733:Drivers/STM32WBxx_HAL_Driver/Src/stm32wbxx_hal_tim_ex.c ****   __HAL_TIM_MOE_ENABLE(htim);
1734:Drivers/STM32WBxx_HAL_Driver/Src/stm32wbxx_hal_tim_ex.c **** 
1735:Drivers/STM32WBxx_HAL_Driver/Src/stm32wbxx_hal_tim_ex.c ****   /* Return function status */
1736:Drivers/STM32WBxx_HAL_Driver/Src/stm32wbxx_hal_tim_ex.c ****   return HAL_OK;
1737:Drivers/STM32WBxx_HAL_Driver/Src/stm32wbxx_hal_tim_ex.c **** }
1738:Drivers/STM32WBxx_HAL_Driver/Src/stm32wbxx_hal_tim_ex.c **** 
1739:Drivers/STM32WBxx_HAL_Driver/Src/stm32wbxx_hal_tim_ex.c **** /**
1740:Drivers/STM32WBxx_HAL_Driver/Src/stm32wbxx_hal_tim_ex.c ****   * @brief  Stops the TIM One Pulse signal generation in interrupt mode on the
ARM GAS  /var/folders/98/ctz5mtps7w71v8dr53cf5qg40000gn/T//ccO5oMcB.s 			page 32


1741:Drivers/STM32WBxx_HAL_Driver/Src/stm32wbxx_hal_tim_ex.c ****   *         complementary channel.
1742:Drivers/STM32WBxx_HAL_Driver/Src/stm32wbxx_hal_tim_ex.c ****   * @note OutputChannel must match the pulse output channel chosen when calling
1743:Drivers/STM32WBxx_HAL_Driver/Src/stm32wbxx_hal_tim_ex.c ****   *       @ref HAL_TIM_OnePulse_ConfigChannel().
1744:Drivers/STM32WBxx_HAL_Driver/Src/stm32wbxx_hal_tim_ex.c ****   * @param  htim TIM One Pulse handle
1745:Drivers/STM32WBxx_HAL_Driver/Src/stm32wbxx_hal_tim_ex.c ****   * @param  OutputChannel pulse output channel to disable
1746:Drivers/STM32WBxx_HAL_Driver/Src/stm32wbxx_hal_tim_ex.c ****   *          This parameter can be one of the following values:
1747:Drivers/STM32WBxx_HAL_Driver/Src/stm32wbxx_hal_tim_ex.c ****   *            @arg TIM_CHANNEL_1: TIM Channel 1 selected
1748:Drivers/STM32WBxx_HAL_Driver/Src/stm32wbxx_hal_tim_ex.c ****   *            @arg TIM_CHANNEL_2: TIM Channel 2 selected
1749:Drivers/STM32WBxx_HAL_Driver/Src/stm32wbxx_hal_tim_ex.c ****   * @retval HAL status
1750:Drivers/STM32WBxx_HAL_Driver/Src/stm32wbxx_hal_tim_ex.c ****   */
1751:Drivers/STM32WBxx_HAL_Driver/Src/stm32wbxx_hal_tim_ex.c **** HAL_StatusTypeDef HAL_TIMEx_OnePulseN_Stop_IT(TIM_HandleTypeDef *htim, uint32_t OutputChannel)
1752:Drivers/STM32WBxx_HAL_Driver/Src/stm32wbxx_hal_tim_ex.c **** {
1753:Drivers/STM32WBxx_HAL_Driver/Src/stm32wbxx_hal_tim_ex.c ****   uint32_t input_channel = (OutputChannel == TIM_CHANNEL_1) ? TIM_CHANNEL_2 : TIM_CHANNEL_1;
1754:Drivers/STM32WBxx_HAL_Driver/Src/stm32wbxx_hal_tim_ex.c **** 
1755:Drivers/STM32WBxx_HAL_Driver/Src/stm32wbxx_hal_tim_ex.c ****   /* Check the parameters */
1756:Drivers/STM32WBxx_HAL_Driver/Src/stm32wbxx_hal_tim_ex.c ****   assert_param(IS_TIM_CCXN_INSTANCE(htim->Instance, OutputChannel));
1757:Drivers/STM32WBxx_HAL_Driver/Src/stm32wbxx_hal_tim_ex.c **** 
1758:Drivers/STM32WBxx_HAL_Driver/Src/stm32wbxx_hal_tim_ex.c ****   /* Disable the TIM Capture/Compare 1 interrupt */
1759:Drivers/STM32WBxx_HAL_Driver/Src/stm32wbxx_hal_tim_ex.c ****   __HAL_TIM_DISABLE_IT(htim, TIM_IT_CC1);
1760:Drivers/STM32WBxx_HAL_Driver/Src/stm32wbxx_hal_tim_ex.c **** 
1761:Drivers/STM32WBxx_HAL_Driver/Src/stm32wbxx_hal_tim_ex.c ****   /* Disable the TIM Capture/Compare 2 interrupt */
1762:Drivers/STM32WBxx_HAL_Driver/Src/stm32wbxx_hal_tim_ex.c ****   __HAL_TIM_DISABLE_IT(htim, TIM_IT_CC2);
1763:Drivers/STM32WBxx_HAL_Driver/Src/stm32wbxx_hal_tim_ex.c **** 
1764:Drivers/STM32WBxx_HAL_Driver/Src/stm32wbxx_hal_tim_ex.c ****   /* Disable the complementary One Pulse output channel and the Input Capture channel */
1765:Drivers/STM32WBxx_HAL_Driver/Src/stm32wbxx_hal_tim_ex.c ****   TIM_CCxNChannelCmd(htim->Instance, OutputChannel, TIM_CCxN_DISABLE);
1766:Drivers/STM32WBxx_HAL_Driver/Src/stm32wbxx_hal_tim_ex.c ****   TIM_CCxChannelCmd(htim->Instance, input_channel, TIM_CCx_DISABLE);
1767:Drivers/STM32WBxx_HAL_Driver/Src/stm32wbxx_hal_tim_ex.c **** 
1768:Drivers/STM32WBxx_HAL_Driver/Src/stm32wbxx_hal_tim_ex.c ****   /* Disable the Main Output */
1769:Drivers/STM32WBxx_HAL_Driver/Src/stm32wbxx_hal_tim_ex.c ****   __HAL_TIM_MOE_DISABLE(htim);
1770:Drivers/STM32WBxx_HAL_Driver/Src/stm32wbxx_hal_tim_ex.c **** 
1771:Drivers/STM32WBxx_HAL_Driver/Src/stm32wbxx_hal_tim_ex.c ****   /* Disable the Peripheral */
1772:Drivers/STM32WBxx_HAL_Driver/Src/stm32wbxx_hal_tim_ex.c ****   __HAL_TIM_DISABLE(htim);
1773:Drivers/STM32WBxx_HAL_Driver/Src/stm32wbxx_hal_tim_ex.c **** 
1774:Drivers/STM32WBxx_HAL_Driver/Src/stm32wbxx_hal_tim_ex.c ****   /* Set the TIM  channels state */
1775:Drivers/STM32WBxx_HAL_Driver/Src/stm32wbxx_hal_tim_ex.c ****   TIM_CHANNEL_STATE_SET(htim, TIM_CHANNEL_1, HAL_TIM_CHANNEL_STATE_READY);
1776:Drivers/STM32WBxx_HAL_Driver/Src/stm32wbxx_hal_tim_ex.c ****   TIM_CHANNEL_STATE_SET(htim, TIM_CHANNEL_2, HAL_TIM_CHANNEL_STATE_READY);
1777:Drivers/STM32WBxx_HAL_Driver/Src/stm32wbxx_hal_tim_ex.c ****   TIM_CHANNEL_N_STATE_SET(htim, TIM_CHANNEL_1, HAL_TIM_CHANNEL_STATE_READY);
1778:Drivers/STM32WBxx_HAL_Driver/Src/stm32wbxx_hal_tim_ex.c ****   TIM_CHANNEL_N_STATE_SET(htim, TIM_CHANNEL_2, HAL_TIM_CHANNEL_STATE_READY);
1779:Drivers/STM32WBxx_HAL_Driver/Src/stm32wbxx_hal_tim_ex.c **** 
1780:Drivers/STM32WBxx_HAL_Driver/Src/stm32wbxx_hal_tim_ex.c ****   /* Return function status */
1781:Drivers/STM32WBxx_HAL_Driver/Src/stm32wbxx_hal_tim_ex.c ****   return HAL_OK;
1782:Drivers/STM32WBxx_HAL_Driver/Src/stm32wbxx_hal_tim_ex.c **** }
1783:Drivers/STM32WBxx_HAL_Driver/Src/stm32wbxx_hal_tim_ex.c **** 
1784:Drivers/STM32WBxx_HAL_Driver/Src/stm32wbxx_hal_tim_ex.c **** /**
1785:Drivers/STM32WBxx_HAL_Driver/Src/stm32wbxx_hal_tim_ex.c ****   * @}
1786:Drivers/STM32WBxx_HAL_Driver/Src/stm32wbxx_hal_tim_ex.c ****   */
1787:Drivers/STM32WBxx_HAL_Driver/Src/stm32wbxx_hal_tim_ex.c **** 
1788:Drivers/STM32WBxx_HAL_Driver/Src/stm32wbxx_hal_tim_ex.c **** /** @defgroup TIMEx_Exported_Functions_Group5 Extended Peripheral Control functions
1789:Drivers/STM32WBxx_HAL_Driver/Src/stm32wbxx_hal_tim_ex.c ****   * @brief    Peripheral Control functions
1790:Drivers/STM32WBxx_HAL_Driver/Src/stm32wbxx_hal_tim_ex.c ****   *
1791:Drivers/STM32WBxx_HAL_Driver/Src/stm32wbxx_hal_tim_ex.c **** @verbatim
1792:Drivers/STM32WBxx_HAL_Driver/Src/stm32wbxx_hal_tim_ex.c ****   ==============================================================================
1793:Drivers/STM32WBxx_HAL_Driver/Src/stm32wbxx_hal_tim_ex.c ****                     ##### Peripheral Control functions #####
1794:Drivers/STM32WBxx_HAL_Driver/Src/stm32wbxx_hal_tim_ex.c ****   ==============================================================================
1795:Drivers/STM32WBxx_HAL_Driver/Src/stm32wbxx_hal_tim_ex.c ****   [..]
1796:Drivers/STM32WBxx_HAL_Driver/Src/stm32wbxx_hal_tim_ex.c ****     This section provides functions allowing to:
1797:Drivers/STM32WBxx_HAL_Driver/Src/stm32wbxx_hal_tim_ex.c ****       (+) Configure the commutation event in case of use of the Hall sensor interface.
ARM GAS  /var/folders/98/ctz5mtps7w71v8dr53cf5qg40000gn/T//ccO5oMcB.s 			page 33


1798:Drivers/STM32WBxx_HAL_Driver/Src/stm32wbxx_hal_tim_ex.c ****       (+) Configure Output channels for OC and PWM mode.
1799:Drivers/STM32WBxx_HAL_Driver/Src/stm32wbxx_hal_tim_ex.c **** 
1800:Drivers/STM32WBxx_HAL_Driver/Src/stm32wbxx_hal_tim_ex.c ****       (+) Configure Complementary channels, break features and dead time.
1801:Drivers/STM32WBxx_HAL_Driver/Src/stm32wbxx_hal_tim_ex.c ****       (+) Configure Master synchronization.
1802:Drivers/STM32WBxx_HAL_Driver/Src/stm32wbxx_hal_tim_ex.c ****       (+) Configure timer remapping capabilities.
1803:Drivers/STM32WBxx_HAL_Driver/Src/stm32wbxx_hal_tim_ex.c ****       (+) Enable or disable channel grouping.
1804:Drivers/STM32WBxx_HAL_Driver/Src/stm32wbxx_hal_tim_ex.c **** 
1805:Drivers/STM32WBxx_HAL_Driver/Src/stm32wbxx_hal_tim_ex.c **** @endverbatim
1806:Drivers/STM32WBxx_HAL_Driver/Src/stm32wbxx_hal_tim_ex.c ****   * @{
1807:Drivers/STM32WBxx_HAL_Driver/Src/stm32wbxx_hal_tim_ex.c ****   */
1808:Drivers/STM32WBxx_HAL_Driver/Src/stm32wbxx_hal_tim_ex.c **** 
1809:Drivers/STM32WBxx_HAL_Driver/Src/stm32wbxx_hal_tim_ex.c **** /**
1810:Drivers/STM32WBxx_HAL_Driver/Src/stm32wbxx_hal_tim_ex.c ****   * @brief  Configure the TIM commutation event sequence.
1811:Drivers/STM32WBxx_HAL_Driver/Src/stm32wbxx_hal_tim_ex.c ****   * @note  This function is mandatory to use the commutation event in order to
1812:Drivers/STM32WBxx_HAL_Driver/Src/stm32wbxx_hal_tim_ex.c ****   *        update the configuration at each commutation detection on the TRGI input of the Timer,
1813:Drivers/STM32WBxx_HAL_Driver/Src/stm32wbxx_hal_tim_ex.c ****   *        the typical use of this feature is with the use of another Timer(interface Timer)
1814:Drivers/STM32WBxx_HAL_Driver/Src/stm32wbxx_hal_tim_ex.c ****   *        configured in Hall sensor interface, this interface Timer will generate the
1815:Drivers/STM32WBxx_HAL_Driver/Src/stm32wbxx_hal_tim_ex.c ****   *        commutation at its TRGO output (connected to Timer used in this function) each time
1816:Drivers/STM32WBxx_HAL_Driver/Src/stm32wbxx_hal_tim_ex.c ****   *        the TI1 of the Interface Timer detect a commutation at its input TI1.
1817:Drivers/STM32WBxx_HAL_Driver/Src/stm32wbxx_hal_tim_ex.c ****   * @param  htim TIM handle
1818:Drivers/STM32WBxx_HAL_Driver/Src/stm32wbxx_hal_tim_ex.c ****   * @param  InputTrigger the Internal trigger corresponding to the Timer Interfacing with the Hall 
1819:Drivers/STM32WBxx_HAL_Driver/Src/stm32wbxx_hal_tim_ex.c ****   *          This parameter can be one of the following values:
1820:Drivers/STM32WBxx_HAL_Driver/Src/stm32wbxx_hal_tim_ex.c ****   *            @arg TIM_TS_ITR0: Internal trigger 0 selected
1821:Drivers/STM32WBxx_HAL_Driver/Src/stm32wbxx_hal_tim_ex.c ****   *            @arg TIM_TS_ITR1: Internal trigger 1 selected
1822:Drivers/STM32WBxx_HAL_Driver/Src/stm32wbxx_hal_tim_ex.c ****   *            @arg TIM_TS_ITR2: Internal trigger 2 selected
1823:Drivers/STM32WBxx_HAL_Driver/Src/stm32wbxx_hal_tim_ex.c ****   *            @arg TIM_TS_ITR3: Internal trigger 3 selected
1824:Drivers/STM32WBxx_HAL_Driver/Src/stm32wbxx_hal_tim_ex.c ****   *            @arg TIM_TS_NONE: No trigger is needed
1825:Drivers/STM32WBxx_HAL_Driver/Src/stm32wbxx_hal_tim_ex.c ****   * @param  CommutationSource the Commutation Event source
1826:Drivers/STM32WBxx_HAL_Driver/Src/stm32wbxx_hal_tim_ex.c ****   *          This parameter can be one of the following values:
1827:Drivers/STM32WBxx_HAL_Driver/Src/stm32wbxx_hal_tim_ex.c ****   *            @arg TIM_COMMUTATION_TRGI: Commutation source is the TRGI of the Interface Timer
1828:Drivers/STM32WBxx_HAL_Driver/Src/stm32wbxx_hal_tim_ex.c ****   *            @arg TIM_COMMUTATION_SOFTWARE:  Commutation source is set by software using the COMG
1829:Drivers/STM32WBxx_HAL_Driver/Src/stm32wbxx_hal_tim_ex.c ****   * @retval HAL status
1830:Drivers/STM32WBxx_HAL_Driver/Src/stm32wbxx_hal_tim_ex.c ****   */
1831:Drivers/STM32WBxx_HAL_Driver/Src/stm32wbxx_hal_tim_ex.c **** HAL_StatusTypeDef HAL_TIMEx_ConfigCommutEvent(TIM_HandleTypeDef *htim, uint32_t  InputTrigger,
1832:Drivers/STM32WBxx_HAL_Driver/Src/stm32wbxx_hal_tim_ex.c ****                                               uint32_t  CommutationSource)
1833:Drivers/STM32WBxx_HAL_Driver/Src/stm32wbxx_hal_tim_ex.c **** {
1834:Drivers/STM32WBxx_HAL_Driver/Src/stm32wbxx_hal_tim_ex.c ****   /* Check the parameters */
1835:Drivers/STM32WBxx_HAL_Driver/Src/stm32wbxx_hal_tim_ex.c ****   assert_param(IS_TIM_COMMUTATION_EVENT_INSTANCE(htim->Instance));
1836:Drivers/STM32WBxx_HAL_Driver/Src/stm32wbxx_hal_tim_ex.c ****   assert_param(IS_TIM_INTERNAL_TRIGGEREVENT_SELECTION(InputTrigger));
1837:Drivers/STM32WBxx_HAL_Driver/Src/stm32wbxx_hal_tim_ex.c **** 
1838:Drivers/STM32WBxx_HAL_Driver/Src/stm32wbxx_hal_tim_ex.c ****   __HAL_LOCK(htim);
1839:Drivers/STM32WBxx_HAL_Driver/Src/stm32wbxx_hal_tim_ex.c **** 
1840:Drivers/STM32WBxx_HAL_Driver/Src/stm32wbxx_hal_tim_ex.c ****   if ((InputTrigger == TIM_TS_ITR0) || (InputTrigger == TIM_TS_ITR1) ||
1841:Drivers/STM32WBxx_HAL_Driver/Src/stm32wbxx_hal_tim_ex.c ****       (InputTrigger == TIM_TS_ITR2) || (InputTrigger == TIM_TS_ITR3))
1842:Drivers/STM32WBxx_HAL_Driver/Src/stm32wbxx_hal_tim_ex.c ****   {
1843:Drivers/STM32WBxx_HAL_Driver/Src/stm32wbxx_hal_tim_ex.c ****     /* Select the Input trigger */
1844:Drivers/STM32WBxx_HAL_Driver/Src/stm32wbxx_hal_tim_ex.c ****     htim->Instance->SMCR &= ~TIM_SMCR_TS;
1845:Drivers/STM32WBxx_HAL_Driver/Src/stm32wbxx_hal_tim_ex.c ****     htim->Instance->SMCR |= InputTrigger;
1846:Drivers/STM32WBxx_HAL_Driver/Src/stm32wbxx_hal_tim_ex.c ****   }
1847:Drivers/STM32WBxx_HAL_Driver/Src/stm32wbxx_hal_tim_ex.c **** 
1848:Drivers/STM32WBxx_HAL_Driver/Src/stm32wbxx_hal_tim_ex.c ****   /* Select the Capture Compare preload feature */
1849:Drivers/STM32WBxx_HAL_Driver/Src/stm32wbxx_hal_tim_ex.c ****   htim->Instance->CR2 |= TIM_CR2_CCPC;
1850:Drivers/STM32WBxx_HAL_Driver/Src/stm32wbxx_hal_tim_ex.c ****   /* Select the Commutation event source */
1851:Drivers/STM32WBxx_HAL_Driver/Src/stm32wbxx_hal_tim_ex.c ****   htim->Instance->CR2 &= ~TIM_CR2_CCUS;
1852:Drivers/STM32WBxx_HAL_Driver/Src/stm32wbxx_hal_tim_ex.c ****   htim->Instance->CR2 |= CommutationSource;
1853:Drivers/STM32WBxx_HAL_Driver/Src/stm32wbxx_hal_tim_ex.c **** 
1854:Drivers/STM32WBxx_HAL_Driver/Src/stm32wbxx_hal_tim_ex.c ****   /* Disable Commutation Interrupt */
ARM GAS  /var/folders/98/ctz5mtps7w71v8dr53cf5qg40000gn/T//ccO5oMcB.s 			page 34


1855:Drivers/STM32WBxx_HAL_Driver/Src/stm32wbxx_hal_tim_ex.c ****   __HAL_TIM_DISABLE_IT(htim, TIM_IT_COM);
1856:Drivers/STM32WBxx_HAL_Driver/Src/stm32wbxx_hal_tim_ex.c **** 
1857:Drivers/STM32WBxx_HAL_Driver/Src/stm32wbxx_hal_tim_ex.c ****   /* Disable Commutation DMA request */
1858:Drivers/STM32WBxx_HAL_Driver/Src/stm32wbxx_hal_tim_ex.c ****   __HAL_TIM_DISABLE_DMA(htim, TIM_DMA_COM);
1859:Drivers/STM32WBxx_HAL_Driver/Src/stm32wbxx_hal_tim_ex.c **** 
1860:Drivers/STM32WBxx_HAL_Driver/Src/stm32wbxx_hal_tim_ex.c ****   __HAL_UNLOCK(htim);
1861:Drivers/STM32WBxx_HAL_Driver/Src/stm32wbxx_hal_tim_ex.c **** 
1862:Drivers/STM32WBxx_HAL_Driver/Src/stm32wbxx_hal_tim_ex.c ****   return HAL_OK;
1863:Drivers/STM32WBxx_HAL_Driver/Src/stm32wbxx_hal_tim_ex.c **** }
1864:Drivers/STM32WBxx_HAL_Driver/Src/stm32wbxx_hal_tim_ex.c **** 
1865:Drivers/STM32WBxx_HAL_Driver/Src/stm32wbxx_hal_tim_ex.c **** /**
1866:Drivers/STM32WBxx_HAL_Driver/Src/stm32wbxx_hal_tim_ex.c ****   * @brief  Configure the TIM commutation event sequence with interrupt.
1867:Drivers/STM32WBxx_HAL_Driver/Src/stm32wbxx_hal_tim_ex.c ****   * @note  This function is mandatory to use the commutation event in order to
1868:Drivers/STM32WBxx_HAL_Driver/Src/stm32wbxx_hal_tim_ex.c ****   *        update the configuration at each commutation detection on the TRGI input of the Timer,
1869:Drivers/STM32WBxx_HAL_Driver/Src/stm32wbxx_hal_tim_ex.c ****   *        the typical use of this feature is with the use of another Timer(interface Timer)
1870:Drivers/STM32WBxx_HAL_Driver/Src/stm32wbxx_hal_tim_ex.c ****   *        configured in Hall sensor interface, this interface Timer will generate the
1871:Drivers/STM32WBxx_HAL_Driver/Src/stm32wbxx_hal_tim_ex.c ****   *        commutation at its TRGO output (connected to Timer used in this function) each time
1872:Drivers/STM32WBxx_HAL_Driver/Src/stm32wbxx_hal_tim_ex.c ****   *        the TI1 of the Interface Timer detect a commutation at its input TI1.
1873:Drivers/STM32WBxx_HAL_Driver/Src/stm32wbxx_hal_tim_ex.c ****   * @param  htim TIM handle
1874:Drivers/STM32WBxx_HAL_Driver/Src/stm32wbxx_hal_tim_ex.c ****   * @param  InputTrigger the Internal trigger corresponding to the Timer Interfacing with the Hall 
1875:Drivers/STM32WBxx_HAL_Driver/Src/stm32wbxx_hal_tim_ex.c ****   *          This parameter can be one of the following values:
1876:Drivers/STM32WBxx_HAL_Driver/Src/stm32wbxx_hal_tim_ex.c ****   *            @arg TIM_TS_ITR0: Internal trigger 0 selected
1877:Drivers/STM32WBxx_HAL_Driver/Src/stm32wbxx_hal_tim_ex.c ****   *            @arg TIM_TS_ITR1: Internal trigger 1 selected
1878:Drivers/STM32WBxx_HAL_Driver/Src/stm32wbxx_hal_tim_ex.c ****   *            @arg TIM_TS_ITR2: Internal trigger 2 selected
1879:Drivers/STM32WBxx_HAL_Driver/Src/stm32wbxx_hal_tim_ex.c ****   *            @arg TIM_TS_ITR3: Internal trigger 3 selected
1880:Drivers/STM32WBxx_HAL_Driver/Src/stm32wbxx_hal_tim_ex.c ****   *            @arg TIM_TS_NONE: No trigger is needed
1881:Drivers/STM32WBxx_HAL_Driver/Src/stm32wbxx_hal_tim_ex.c ****   * @param  CommutationSource the Commutation Event source
1882:Drivers/STM32WBxx_HAL_Driver/Src/stm32wbxx_hal_tim_ex.c ****   *          This parameter can be one of the following values:
1883:Drivers/STM32WBxx_HAL_Driver/Src/stm32wbxx_hal_tim_ex.c ****   *            @arg TIM_COMMUTATION_TRGI: Commutation source is the TRGI of the Interface Timer
1884:Drivers/STM32WBxx_HAL_Driver/Src/stm32wbxx_hal_tim_ex.c ****   *            @arg TIM_COMMUTATION_SOFTWARE:  Commutation source is set by software using the COMG
1885:Drivers/STM32WBxx_HAL_Driver/Src/stm32wbxx_hal_tim_ex.c ****   * @retval HAL status
1886:Drivers/STM32WBxx_HAL_Driver/Src/stm32wbxx_hal_tim_ex.c ****   */
1887:Drivers/STM32WBxx_HAL_Driver/Src/stm32wbxx_hal_tim_ex.c **** HAL_StatusTypeDef HAL_TIMEx_ConfigCommutEvent_IT(TIM_HandleTypeDef *htim, uint32_t  InputTrigger,
1888:Drivers/STM32WBxx_HAL_Driver/Src/stm32wbxx_hal_tim_ex.c ****                                                  uint32_t  CommutationSource)
1889:Drivers/STM32WBxx_HAL_Driver/Src/stm32wbxx_hal_tim_ex.c **** {
1890:Drivers/STM32WBxx_HAL_Driver/Src/stm32wbxx_hal_tim_ex.c ****   /* Check the parameters */
1891:Drivers/STM32WBxx_HAL_Driver/Src/stm32wbxx_hal_tim_ex.c ****   assert_param(IS_TIM_COMMUTATION_EVENT_INSTANCE(htim->Instance));
1892:Drivers/STM32WBxx_HAL_Driver/Src/stm32wbxx_hal_tim_ex.c ****   assert_param(IS_TIM_INTERNAL_TRIGGEREVENT_SELECTION(InputTrigger));
1893:Drivers/STM32WBxx_HAL_Driver/Src/stm32wbxx_hal_tim_ex.c **** 
1894:Drivers/STM32WBxx_HAL_Driver/Src/stm32wbxx_hal_tim_ex.c ****   __HAL_LOCK(htim);
1895:Drivers/STM32WBxx_HAL_Driver/Src/stm32wbxx_hal_tim_ex.c **** 
1896:Drivers/STM32WBxx_HAL_Driver/Src/stm32wbxx_hal_tim_ex.c ****   if ((InputTrigger == TIM_TS_ITR0) || (InputTrigger == TIM_TS_ITR1) ||
1897:Drivers/STM32WBxx_HAL_Driver/Src/stm32wbxx_hal_tim_ex.c ****       (InputTrigger == TIM_TS_ITR2) || (InputTrigger == TIM_TS_ITR3))
1898:Drivers/STM32WBxx_HAL_Driver/Src/stm32wbxx_hal_tim_ex.c ****   {
1899:Drivers/STM32WBxx_HAL_Driver/Src/stm32wbxx_hal_tim_ex.c ****     /* Select the Input trigger */
1900:Drivers/STM32WBxx_HAL_Driver/Src/stm32wbxx_hal_tim_ex.c ****     htim->Instance->SMCR &= ~TIM_SMCR_TS;
1901:Drivers/STM32WBxx_HAL_Driver/Src/stm32wbxx_hal_tim_ex.c ****     htim->Instance->SMCR |= InputTrigger;
1902:Drivers/STM32WBxx_HAL_Driver/Src/stm32wbxx_hal_tim_ex.c ****   }
1903:Drivers/STM32WBxx_HAL_Driver/Src/stm32wbxx_hal_tim_ex.c **** 
1904:Drivers/STM32WBxx_HAL_Driver/Src/stm32wbxx_hal_tim_ex.c ****   /* Select the Capture Compare preload feature */
1905:Drivers/STM32WBxx_HAL_Driver/Src/stm32wbxx_hal_tim_ex.c ****   htim->Instance->CR2 |= TIM_CR2_CCPC;
1906:Drivers/STM32WBxx_HAL_Driver/Src/stm32wbxx_hal_tim_ex.c ****   /* Select the Commutation event source */
1907:Drivers/STM32WBxx_HAL_Driver/Src/stm32wbxx_hal_tim_ex.c ****   htim->Instance->CR2 &= ~TIM_CR2_CCUS;
1908:Drivers/STM32WBxx_HAL_Driver/Src/stm32wbxx_hal_tim_ex.c ****   htim->Instance->CR2 |= CommutationSource;
1909:Drivers/STM32WBxx_HAL_Driver/Src/stm32wbxx_hal_tim_ex.c **** 
1910:Drivers/STM32WBxx_HAL_Driver/Src/stm32wbxx_hal_tim_ex.c ****   /* Disable Commutation DMA request */
1911:Drivers/STM32WBxx_HAL_Driver/Src/stm32wbxx_hal_tim_ex.c ****   __HAL_TIM_DISABLE_DMA(htim, TIM_DMA_COM);
ARM GAS  /var/folders/98/ctz5mtps7w71v8dr53cf5qg40000gn/T//ccO5oMcB.s 			page 35


1912:Drivers/STM32WBxx_HAL_Driver/Src/stm32wbxx_hal_tim_ex.c **** 
1913:Drivers/STM32WBxx_HAL_Driver/Src/stm32wbxx_hal_tim_ex.c ****   /* Enable the Commutation Interrupt */
1914:Drivers/STM32WBxx_HAL_Driver/Src/stm32wbxx_hal_tim_ex.c ****   __HAL_TIM_ENABLE_IT(htim, TIM_IT_COM);
1915:Drivers/STM32WBxx_HAL_Driver/Src/stm32wbxx_hal_tim_ex.c **** 
1916:Drivers/STM32WBxx_HAL_Driver/Src/stm32wbxx_hal_tim_ex.c ****   __HAL_UNLOCK(htim);
1917:Drivers/STM32WBxx_HAL_Driver/Src/stm32wbxx_hal_tim_ex.c **** 
1918:Drivers/STM32WBxx_HAL_Driver/Src/stm32wbxx_hal_tim_ex.c ****   return HAL_OK;
1919:Drivers/STM32WBxx_HAL_Driver/Src/stm32wbxx_hal_tim_ex.c **** }
1920:Drivers/STM32WBxx_HAL_Driver/Src/stm32wbxx_hal_tim_ex.c **** 
1921:Drivers/STM32WBxx_HAL_Driver/Src/stm32wbxx_hal_tim_ex.c **** /**
1922:Drivers/STM32WBxx_HAL_Driver/Src/stm32wbxx_hal_tim_ex.c ****   * @brief  Configure the TIM commutation event sequence with DMA.
1923:Drivers/STM32WBxx_HAL_Driver/Src/stm32wbxx_hal_tim_ex.c ****   * @note  This function is mandatory to use the commutation event in order to
1924:Drivers/STM32WBxx_HAL_Driver/Src/stm32wbxx_hal_tim_ex.c ****   *        update the configuration at each commutation detection on the TRGI input of the Timer,
1925:Drivers/STM32WBxx_HAL_Driver/Src/stm32wbxx_hal_tim_ex.c ****   *        the typical use of this feature is with the use of another Timer(interface Timer)
1926:Drivers/STM32WBxx_HAL_Driver/Src/stm32wbxx_hal_tim_ex.c ****   *        configured in Hall sensor interface, this interface Timer will generate the
1927:Drivers/STM32WBxx_HAL_Driver/Src/stm32wbxx_hal_tim_ex.c ****   *        commutation at its TRGO output (connected to Timer used in this function) each time
1928:Drivers/STM32WBxx_HAL_Driver/Src/stm32wbxx_hal_tim_ex.c ****   *        the TI1 of the Interface Timer detect a commutation at its input TI1.
1929:Drivers/STM32WBxx_HAL_Driver/Src/stm32wbxx_hal_tim_ex.c ****   * @note  The user should configure the DMA in his own software, in This function only the COMDE b
1930:Drivers/STM32WBxx_HAL_Driver/Src/stm32wbxx_hal_tim_ex.c ****   * @param  htim TIM handle
1931:Drivers/STM32WBxx_HAL_Driver/Src/stm32wbxx_hal_tim_ex.c ****   * @param  InputTrigger the Internal trigger corresponding to the Timer Interfacing with the Hall 
1932:Drivers/STM32WBxx_HAL_Driver/Src/stm32wbxx_hal_tim_ex.c ****   *          This parameter can be one of the following values:
1933:Drivers/STM32WBxx_HAL_Driver/Src/stm32wbxx_hal_tim_ex.c ****   *            @arg TIM_TS_ITR0: Internal trigger 0 selected
1934:Drivers/STM32WBxx_HAL_Driver/Src/stm32wbxx_hal_tim_ex.c ****   *            @arg TIM_TS_ITR1: Internal trigger 1 selected
1935:Drivers/STM32WBxx_HAL_Driver/Src/stm32wbxx_hal_tim_ex.c ****   *            @arg TIM_TS_ITR2: Internal trigger 2 selected
1936:Drivers/STM32WBxx_HAL_Driver/Src/stm32wbxx_hal_tim_ex.c ****   *            @arg TIM_TS_ITR3: Internal trigger 3 selected
1937:Drivers/STM32WBxx_HAL_Driver/Src/stm32wbxx_hal_tim_ex.c ****   *            @arg TIM_TS_NONE: No trigger is needed
1938:Drivers/STM32WBxx_HAL_Driver/Src/stm32wbxx_hal_tim_ex.c ****   * @param  CommutationSource the Commutation Event source
1939:Drivers/STM32WBxx_HAL_Driver/Src/stm32wbxx_hal_tim_ex.c ****   *          This parameter can be one of the following values:
1940:Drivers/STM32WBxx_HAL_Driver/Src/stm32wbxx_hal_tim_ex.c ****   *            @arg TIM_COMMUTATION_TRGI: Commutation source is the TRGI of the Interface Timer
1941:Drivers/STM32WBxx_HAL_Driver/Src/stm32wbxx_hal_tim_ex.c ****   *            @arg TIM_COMMUTATION_SOFTWARE:  Commutation source is set by software using the COMG
1942:Drivers/STM32WBxx_HAL_Driver/Src/stm32wbxx_hal_tim_ex.c ****   * @retval HAL status
1943:Drivers/STM32WBxx_HAL_Driver/Src/stm32wbxx_hal_tim_ex.c ****   */
1944:Drivers/STM32WBxx_HAL_Driver/Src/stm32wbxx_hal_tim_ex.c **** HAL_StatusTypeDef HAL_TIMEx_ConfigCommutEvent_DMA(TIM_HandleTypeDef *htim, uint32_t  InputTrigger,
1945:Drivers/STM32WBxx_HAL_Driver/Src/stm32wbxx_hal_tim_ex.c ****                                                   uint32_t  CommutationSource)
1946:Drivers/STM32WBxx_HAL_Driver/Src/stm32wbxx_hal_tim_ex.c **** {
1947:Drivers/STM32WBxx_HAL_Driver/Src/stm32wbxx_hal_tim_ex.c ****   /* Check the parameters */
1948:Drivers/STM32WBxx_HAL_Driver/Src/stm32wbxx_hal_tim_ex.c ****   assert_param(IS_TIM_COMMUTATION_EVENT_INSTANCE(htim->Instance));
1949:Drivers/STM32WBxx_HAL_Driver/Src/stm32wbxx_hal_tim_ex.c ****   assert_param(IS_TIM_INTERNAL_TRIGGEREVENT_SELECTION(InputTrigger));
1950:Drivers/STM32WBxx_HAL_Driver/Src/stm32wbxx_hal_tim_ex.c **** 
1951:Drivers/STM32WBxx_HAL_Driver/Src/stm32wbxx_hal_tim_ex.c ****   __HAL_LOCK(htim);
1952:Drivers/STM32WBxx_HAL_Driver/Src/stm32wbxx_hal_tim_ex.c **** 
1953:Drivers/STM32WBxx_HAL_Driver/Src/stm32wbxx_hal_tim_ex.c ****   if ((InputTrigger == TIM_TS_ITR0) || (InputTrigger == TIM_TS_ITR1) ||
1954:Drivers/STM32WBxx_HAL_Driver/Src/stm32wbxx_hal_tim_ex.c ****       (InputTrigger == TIM_TS_ITR2) || (InputTrigger == TIM_TS_ITR3))
1955:Drivers/STM32WBxx_HAL_Driver/Src/stm32wbxx_hal_tim_ex.c ****   {
1956:Drivers/STM32WBxx_HAL_Driver/Src/stm32wbxx_hal_tim_ex.c ****     /* Select the Input trigger */
1957:Drivers/STM32WBxx_HAL_Driver/Src/stm32wbxx_hal_tim_ex.c ****     htim->Instance->SMCR &= ~TIM_SMCR_TS;
1958:Drivers/STM32WBxx_HAL_Driver/Src/stm32wbxx_hal_tim_ex.c ****     htim->Instance->SMCR |= InputTrigger;
1959:Drivers/STM32WBxx_HAL_Driver/Src/stm32wbxx_hal_tim_ex.c ****   }
1960:Drivers/STM32WBxx_HAL_Driver/Src/stm32wbxx_hal_tim_ex.c **** 
1961:Drivers/STM32WBxx_HAL_Driver/Src/stm32wbxx_hal_tim_ex.c ****   /* Select the Capture Compare preload feature */
1962:Drivers/STM32WBxx_HAL_Driver/Src/stm32wbxx_hal_tim_ex.c ****   htim->Instance->CR2 |= TIM_CR2_CCPC;
1963:Drivers/STM32WBxx_HAL_Driver/Src/stm32wbxx_hal_tim_ex.c ****   /* Select the Commutation event source */
1964:Drivers/STM32WBxx_HAL_Driver/Src/stm32wbxx_hal_tim_ex.c ****   htim->Instance->CR2 &= ~TIM_CR2_CCUS;
1965:Drivers/STM32WBxx_HAL_Driver/Src/stm32wbxx_hal_tim_ex.c ****   htim->Instance->CR2 |= CommutationSource;
1966:Drivers/STM32WBxx_HAL_Driver/Src/stm32wbxx_hal_tim_ex.c **** 
1967:Drivers/STM32WBxx_HAL_Driver/Src/stm32wbxx_hal_tim_ex.c ****   /* Enable the Commutation DMA Request */
1968:Drivers/STM32WBxx_HAL_Driver/Src/stm32wbxx_hal_tim_ex.c ****   /* Set the DMA Commutation Callback */
ARM GAS  /var/folders/98/ctz5mtps7w71v8dr53cf5qg40000gn/T//ccO5oMcB.s 			page 36


1969:Drivers/STM32WBxx_HAL_Driver/Src/stm32wbxx_hal_tim_ex.c ****   htim->hdma[TIM_DMA_ID_COMMUTATION]->XferCpltCallback = TIMEx_DMACommutationCplt;
1970:Drivers/STM32WBxx_HAL_Driver/Src/stm32wbxx_hal_tim_ex.c ****   htim->hdma[TIM_DMA_ID_COMMUTATION]->XferHalfCpltCallback = TIMEx_DMACommutationHalfCplt;
1971:Drivers/STM32WBxx_HAL_Driver/Src/stm32wbxx_hal_tim_ex.c ****   /* Set the DMA error callback */
1972:Drivers/STM32WBxx_HAL_Driver/Src/stm32wbxx_hal_tim_ex.c ****   htim->hdma[TIM_DMA_ID_COMMUTATION]->XferErrorCallback = TIM_DMAError;
1973:Drivers/STM32WBxx_HAL_Driver/Src/stm32wbxx_hal_tim_ex.c **** 
1974:Drivers/STM32WBxx_HAL_Driver/Src/stm32wbxx_hal_tim_ex.c ****   /* Disable Commutation Interrupt */
1975:Drivers/STM32WBxx_HAL_Driver/Src/stm32wbxx_hal_tim_ex.c ****   __HAL_TIM_DISABLE_IT(htim, TIM_IT_COM);
1976:Drivers/STM32WBxx_HAL_Driver/Src/stm32wbxx_hal_tim_ex.c **** 
1977:Drivers/STM32WBxx_HAL_Driver/Src/stm32wbxx_hal_tim_ex.c ****   /* Enable the Commutation DMA Request */
1978:Drivers/STM32WBxx_HAL_Driver/Src/stm32wbxx_hal_tim_ex.c ****   __HAL_TIM_ENABLE_DMA(htim, TIM_DMA_COM);
1979:Drivers/STM32WBxx_HAL_Driver/Src/stm32wbxx_hal_tim_ex.c **** 
1980:Drivers/STM32WBxx_HAL_Driver/Src/stm32wbxx_hal_tim_ex.c ****   __HAL_UNLOCK(htim);
1981:Drivers/STM32WBxx_HAL_Driver/Src/stm32wbxx_hal_tim_ex.c **** 
1982:Drivers/STM32WBxx_HAL_Driver/Src/stm32wbxx_hal_tim_ex.c ****   return HAL_OK;
1983:Drivers/STM32WBxx_HAL_Driver/Src/stm32wbxx_hal_tim_ex.c **** }
1984:Drivers/STM32WBxx_HAL_Driver/Src/stm32wbxx_hal_tim_ex.c **** 
1985:Drivers/STM32WBxx_HAL_Driver/Src/stm32wbxx_hal_tim_ex.c **** /**
1986:Drivers/STM32WBxx_HAL_Driver/Src/stm32wbxx_hal_tim_ex.c ****   * @brief  Configures the TIM in master mode.
1987:Drivers/STM32WBxx_HAL_Driver/Src/stm32wbxx_hal_tim_ex.c ****   * @param  htim TIM handle.
1988:Drivers/STM32WBxx_HAL_Driver/Src/stm32wbxx_hal_tim_ex.c ****   * @param  sMasterConfig pointer to a TIM_MasterConfigTypeDef structure that
1989:Drivers/STM32WBxx_HAL_Driver/Src/stm32wbxx_hal_tim_ex.c ****   *         contains the selected trigger output (TRGO) and the Master/Slave
1990:Drivers/STM32WBxx_HAL_Driver/Src/stm32wbxx_hal_tim_ex.c ****   *         mode.
1991:Drivers/STM32WBxx_HAL_Driver/Src/stm32wbxx_hal_tim_ex.c ****   * @retval HAL status
1992:Drivers/STM32WBxx_HAL_Driver/Src/stm32wbxx_hal_tim_ex.c ****   */
1993:Drivers/STM32WBxx_HAL_Driver/Src/stm32wbxx_hal_tim_ex.c **** HAL_StatusTypeDef HAL_TIMEx_MasterConfigSynchronization(TIM_HandleTypeDef *htim,
1994:Drivers/STM32WBxx_HAL_Driver/Src/stm32wbxx_hal_tim_ex.c ****                                                         const TIM_MasterConfigTypeDef *sMasterConfi
1995:Drivers/STM32WBxx_HAL_Driver/Src/stm32wbxx_hal_tim_ex.c **** {
1996:Drivers/STM32WBxx_HAL_Driver/Src/stm32wbxx_hal_tim_ex.c ****   uint32_t tmpcr2;
1997:Drivers/STM32WBxx_HAL_Driver/Src/stm32wbxx_hal_tim_ex.c ****   uint32_t tmpsmcr;
1998:Drivers/STM32WBxx_HAL_Driver/Src/stm32wbxx_hal_tim_ex.c **** 
1999:Drivers/STM32WBxx_HAL_Driver/Src/stm32wbxx_hal_tim_ex.c ****   /* Check the parameters */
2000:Drivers/STM32WBxx_HAL_Driver/Src/stm32wbxx_hal_tim_ex.c ****   assert_param(IS_TIM_MASTER_INSTANCE(htim->Instance));
2001:Drivers/STM32WBxx_HAL_Driver/Src/stm32wbxx_hal_tim_ex.c ****   assert_param(IS_TIM_TRGO_SOURCE(sMasterConfig->MasterOutputTrigger));
2002:Drivers/STM32WBxx_HAL_Driver/Src/stm32wbxx_hal_tim_ex.c ****   assert_param(IS_TIM_MSM_STATE(sMasterConfig->MasterSlaveMode));
2003:Drivers/STM32WBxx_HAL_Driver/Src/stm32wbxx_hal_tim_ex.c **** 
2004:Drivers/STM32WBxx_HAL_Driver/Src/stm32wbxx_hal_tim_ex.c ****   /* Check input state */
2005:Drivers/STM32WBxx_HAL_Driver/Src/stm32wbxx_hal_tim_ex.c ****   __HAL_LOCK(htim);
2006:Drivers/STM32WBxx_HAL_Driver/Src/stm32wbxx_hal_tim_ex.c **** 
2007:Drivers/STM32WBxx_HAL_Driver/Src/stm32wbxx_hal_tim_ex.c ****   /* Change the handler state */
2008:Drivers/STM32WBxx_HAL_Driver/Src/stm32wbxx_hal_tim_ex.c ****   htim->State = HAL_TIM_STATE_BUSY;
2009:Drivers/STM32WBxx_HAL_Driver/Src/stm32wbxx_hal_tim_ex.c **** 
2010:Drivers/STM32WBxx_HAL_Driver/Src/stm32wbxx_hal_tim_ex.c ****   /* Get the TIMx CR2 register value */
2011:Drivers/STM32WBxx_HAL_Driver/Src/stm32wbxx_hal_tim_ex.c ****   tmpcr2 = htim->Instance->CR2;
2012:Drivers/STM32WBxx_HAL_Driver/Src/stm32wbxx_hal_tim_ex.c **** 
2013:Drivers/STM32WBxx_HAL_Driver/Src/stm32wbxx_hal_tim_ex.c ****   /* Get the TIMx SMCR register value */
2014:Drivers/STM32WBxx_HAL_Driver/Src/stm32wbxx_hal_tim_ex.c ****   tmpsmcr = htim->Instance->SMCR;
2015:Drivers/STM32WBxx_HAL_Driver/Src/stm32wbxx_hal_tim_ex.c **** 
2016:Drivers/STM32WBxx_HAL_Driver/Src/stm32wbxx_hal_tim_ex.c ****   /* If the timer supports ADC synchronization through TRGO2, set the master mode selection 2 */
2017:Drivers/STM32WBxx_HAL_Driver/Src/stm32wbxx_hal_tim_ex.c ****   if (IS_TIM_TRGO2_INSTANCE(htim->Instance))
2018:Drivers/STM32WBxx_HAL_Driver/Src/stm32wbxx_hal_tim_ex.c ****   {
2019:Drivers/STM32WBxx_HAL_Driver/Src/stm32wbxx_hal_tim_ex.c ****     /* Check the parameters */
2020:Drivers/STM32WBxx_HAL_Driver/Src/stm32wbxx_hal_tim_ex.c ****     assert_param(IS_TIM_TRGO2_SOURCE(sMasterConfig->MasterOutputTrigger2));
2021:Drivers/STM32WBxx_HAL_Driver/Src/stm32wbxx_hal_tim_ex.c **** 
2022:Drivers/STM32WBxx_HAL_Driver/Src/stm32wbxx_hal_tim_ex.c ****     /* Clear the MMS2 bits */
2023:Drivers/STM32WBxx_HAL_Driver/Src/stm32wbxx_hal_tim_ex.c ****     tmpcr2 &= ~TIM_CR2_MMS2;
2024:Drivers/STM32WBxx_HAL_Driver/Src/stm32wbxx_hal_tim_ex.c ****     /* Select the TRGO2 source*/
2025:Drivers/STM32WBxx_HAL_Driver/Src/stm32wbxx_hal_tim_ex.c ****     tmpcr2 |= sMasterConfig->MasterOutputTrigger2;
ARM GAS  /var/folders/98/ctz5mtps7w71v8dr53cf5qg40000gn/T//ccO5oMcB.s 			page 37


2026:Drivers/STM32WBxx_HAL_Driver/Src/stm32wbxx_hal_tim_ex.c ****   }
2027:Drivers/STM32WBxx_HAL_Driver/Src/stm32wbxx_hal_tim_ex.c **** 
2028:Drivers/STM32WBxx_HAL_Driver/Src/stm32wbxx_hal_tim_ex.c ****   /* Reset the MMS Bits */
2029:Drivers/STM32WBxx_HAL_Driver/Src/stm32wbxx_hal_tim_ex.c ****   tmpcr2 &= ~TIM_CR2_MMS;
2030:Drivers/STM32WBxx_HAL_Driver/Src/stm32wbxx_hal_tim_ex.c ****   /* Select the TRGO source */
2031:Drivers/STM32WBxx_HAL_Driver/Src/stm32wbxx_hal_tim_ex.c ****   tmpcr2 |=  sMasterConfig->MasterOutputTrigger;
2032:Drivers/STM32WBxx_HAL_Driver/Src/stm32wbxx_hal_tim_ex.c **** 
2033:Drivers/STM32WBxx_HAL_Driver/Src/stm32wbxx_hal_tim_ex.c ****   /* Update TIMx CR2 */
2034:Drivers/STM32WBxx_HAL_Driver/Src/stm32wbxx_hal_tim_ex.c ****   htim->Instance->CR2 = tmpcr2;
2035:Drivers/STM32WBxx_HAL_Driver/Src/stm32wbxx_hal_tim_ex.c **** 
2036:Drivers/STM32WBxx_HAL_Driver/Src/stm32wbxx_hal_tim_ex.c ****   if (IS_TIM_SLAVE_INSTANCE(htim->Instance))
2037:Drivers/STM32WBxx_HAL_Driver/Src/stm32wbxx_hal_tim_ex.c ****   {
2038:Drivers/STM32WBxx_HAL_Driver/Src/stm32wbxx_hal_tim_ex.c ****     /* Reset the MSM Bit */
2039:Drivers/STM32WBxx_HAL_Driver/Src/stm32wbxx_hal_tim_ex.c ****     tmpsmcr &= ~TIM_SMCR_MSM;
2040:Drivers/STM32WBxx_HAL_Driver/Src/stm32wbxx_hal_tim_ex.c ****     /* Set master mode */
2041:Drivers/STM32WBxx_HAL_Driver/Src/stm32wbxx_hal_tim_ex.c ****     tmpsmcr |= sMasterConfig->MasterSlaveMode;
2042:Drivers/STM32WBxx_HAL_Driver/Src/stm32wbxx_hal_tim_ex.c **** 
2043:Drivers/STM32WBxx_HAL_Driver/Src/stm32wbxx_hal_tim_ex.c ****     /* Update TIMx SMCR */
2044:Drivers/STM32WBxx_HAL_Driver/Src/stm32wbxx_hal_tim_ex.c ****     htim->Instance->SMCR = tmpsmcr;
2045:Drivers/STM32WBxx_HAL_Driver/Src/stm32wbxx_hal_tim_ex.c ****   }
2046:Drivers/STM32WBxx_HAL_Driver/Src/stm32wbxx_hal_tim_ex.c **** 
2047:Drivers/STM32WBxx_HAL_Driver/Src/stm32wbxx_hal_tim_ex.c ****   /* Change the htim state */
2048:Drivers/STM32WBxx_HAL_Driver/Src/stm32wbxx_hal_tim_ex.c ****   htim->State = HAL_TIM_STATE_READY;
2049:Drivers/STM32WBxx_HAL_Driver/Src/stm32wbxx_hal_tim_ex.c **** 
2050:Drivers/STM32WBxx_HAL_Driver/Src/stm32wbxx_hal_tim_ex.c ****   __HAL_UNLOCK(htim);
2051:Drivers/STM32WBxx_HAL_Driver/Src/stm32wbxx_hal_tim_ex.c **** 
2052:Drivers/STM32WBxx_HAL_Driver/Src/stm32wbxx_hal_tim_ex.c ****   return HAL_OK;
2053:Drivers/STM32WBxx_HAL_Driver/Src/stm32wbxx_hal_tim_ex.c **** }
2054:Drivers/STM32WBxx_HAL_Driver/Src/stm32wbxx_hal_tim_ex.c **** 
2055:Drivers/STM32WBxx_HAL_Driver/Src/stm32wbxx_hal_tim_ex.c **** /**
2056:Drivers/STM32WBxx_HAL_Driver/Src/stm32wbxx_hal_tim_ex.c ****   * @brief  Configures the Break feature, dead time, Lock level, OSSI/OSSR State
2057:Drivers/STM32WBxx_HAL_Driver/Src/stm32wbxx_hal_tim_ex.c ****   *         and the AOE(automatic output enable).
2058:Drivers/STM32WBxx_HAL_Driver/Src/stm32wbxx_hal_tim_ex.c ****   * @param  htim TIM handle
2059:Drivers/STM32WBxx_HAL_Driver/Src/stm32wbxx_hal_tim_ex.c ****   * @param  sBreakDeadTimeConfig pointer to a TIM_ConfigBreakDeadConfigTypeDef structure that
2060:Drivers/STM32WBxx_HAL_Driver/Src/stm32wbxx_hal_tim_ex.c ****   *         contains the BDTR Register configuration  information for the TIM peripheral.
2061:Drivers/STM32WBxx_HAL_Driver/Src/stm32wbxx_hal_tim_ex.c ****   * @note   Interrupts can be generated when an active level is detected on the
2062:Drivers/STM32WBxx_HAL_Driver/Src/stm32wbxx_hal_tim_ex.c ****   *         break input, the break 2 input or the system break input. Break
2063:Drivers/STM32WBxx_HAL_Driver/Src/stm32wbxx_hal_tim_ex.c ****   *         interrupt can be enabled by calling the @ref __HAL_TIM_ENABLE_IT macro.
2064:Drivers/STM32WBxx_HAL_Driver/Src/stm32wbxx_hal_tim_ex.c ****   * @retval HAL status
2065:Drivers/STM32WBxx_HAL_Driver/Src/stm32wbxx_hal_tim_ex.c ****   */
2066:Drivers/STM32WBxx_HAL_Driver/Src/stm32wbxx_hal_tim_ex.c **** HAL_StatusTypeDef HAL_TIMEx_ConfigBreakDeadTime(TIM_HandleTypeDef *htim,
2067:Drivers/STM32WBxx_HAL_Driver/Src/stm32wbxx_hal_tim_ex.c ****                                                 const TIM_BreakDeadTimeConfigTypeDef *sBreakDeadTim
2068:Drivers/STM32WBxx_HAL_Driver/Src/stm32wbxx_hal_tim_ex.c **** {
2069:Drivers/STM32WBxx_HAL_Driver/Src/stm32wbxx_hal_tim_ex.c ****   /* Keep this variable initialized to 0 as it is used to configure BDTR register */
2070:Drivers/STM32WBxx_HAL_Driver/Src/stm32wbxx_hal_tim_ex.c ****   uint32_t tmpbdtr = 0U;
2071:Drivers/STM32WBxx_HAL_Driver/Src/stm32wbxx_hal_tim_ex.c **** 
2072:Drivers/STM32WBxx_HAL_Driver/Src/stm32wbxx_hal_tim_ex.c ****   /* Check the parameters */
2073:Drivers/STM32WBxx_HAL_Driver/Src/stm32wbxx_hal_tim_ex.c ****   assert_param(IS_TIM_BREAK_INSTANCE(htim->Instance));
2074:Drivers/STM32WBxx_HAL_Driver/Src/stm32wbxx_hal_tim_ex.c ****   assert_param(IS_TIM_OSSR_STATE(sBreakDeadTimeConfig->OffStateRunMode));
2075:Drivers/STM32WBxx_HAL_Driver/Src/stm32wbxx_hal_tim_ex.c ****   assert_param(IS_TIM_OSSI_STATE(sBreakDeadTimeConfig->OffStateIDLEMode));
2076:Drivers/STM32WBxx_HAL_Driver/Src/stm32wbxx_hal_tim_ex.c ****   assert_param(IS_TIM_LOCK_LEVEL(sBreakDeadTimeConfig->LockLevel));
2077:Drivers/STM32WBxx_HAL_Driver/Src/stm32wbxx_hal_tim_ex.c ****   assert_param(IS_TIM_DEADTIME(sBreakDeadTimeConfig->DeadTime));
2078:Drivers/STM32WBxx_HAL_Driver/Src/stm32wbxx_hal_tim_ex.c ****   assert_param(IS_TIM_BREAK_STATE(sBreakDeadTimeConfig->BreakState));
2079:Drivers/STM32WBxx_HAL_Driver/Src/stm32wbxx_hal_tim_ex.c ****   assert_param(IS_TIM_BREAK_POLARITY(sBreakDeadTimeConfig->BreakPolarity));
2080:Drivers/STM32WBxx_HAL_Driver/Src/stm32wbxx_hal_tim_ex.c ****   assert_param(IS_TIM_BREAK_FILTER(sBreakDeadTimeConfig->BreakFilter));
2081:Drivers/STM32WBxx_HAL_Driver/Src/stm32wbxx_hal_tim_ex.c ****   assert_param(IS_TIM_AUTOMATIC_OUTPUT_STATE(sBreakDeadTimeConfig->AutomaticOutput));
2082:Drivers/STM32WBxx_HAL_Driver/Src/stm32wbxx_hal_tim_ex.c ****   assert_param(IS_TIM_BREAK_AFMODE(sBreakDeadTimeConfig->BreakAFMode));
ARM GAS  /var/folders/98/ctz5mtps7w71v8dr53cf5qg40000gn/T//ccO5oMcB.s 			page 38


2083:Drivers/STM32WBxx_HAL_Driver/Src/stm32wbxx_hal_tim_ex.c **** 
2084:Drivers/STM32WBxx_HAL_Driver/Src/stm32wbxx_hal_tim_ex.c ****   /* Check input state */
2085:Drivers/STM32WBxx_HAL_Driver/Src/stm32wbxx_hal_tim_ex.c ****   __HAL_LOCK(htim);
2086:Drivers/STM32WBxx_HAL_Driver/Src/stm32wbxx_hal_tim_ex.c **** 
2087:Drivers/STM32WBxx_HAL_Driver/Src/stm32wbxx_hal_tim_ex.c ****   /* Set the Lock level, the Break enable Bit and the Polarity, the OSSR State,
2088:Drivers/STM32WBxx_HAL_Driver/Src/stm32wbxx_hal_tim_ex.c ****      the OSSI State, the dead time value and the Automatic Output Enable Bit */
2089:Drivers/STM32WBxx_HAL_Driver/Src/stm32wbxx_hal_tim_ex.c **** 
2090:Drivers/STM32WBxx_HAL_Driver/Src/stm32wbxx_hal_tim_ex.c ****   /* Set the BDTR bits */
2091:Drivers/STM32WBxx_HAL_Driver/Src/stm32wbxx_hal_tim_ex.c ****   MODIFY_REG(tmpbdtr, TIM_BDTR_DTG, sBreakDeadTimeConfig->DeadTime);
2092:Drivers/STM32WBxx_HAL_Driver/Src/stm32wbxx_hal_tim_ex.c ****   MODIFY_REG(tmpbdtr, TIM_BDTR_LOCK, sBreakDeadTimeConfig->LockLevel);
2093:Drivers/STM32WBxx_HAL_Driver/Src/stm32wbxx_hal_tim_ex.c ****   MODIFY_REG(tmpbdtr, TIM_BDTR_OSSI, sBreakDeadTimeConfig->OffStateIDLEMode);
2094:Drivers/STM32WBxx_HAL_Driver/Src/stm32wbxx_hal_tim_ex.c ****   MODIFY_REG(tmpbdtr, TIM_BDTR_OSSR, sBreakDeadTimeConfig->OffStateRunMode);
2095:Drivers/STM32WBxx_HAL_Driver/Src/stm32wbxx_hal_tim_ex.c ****   MODIFY_REG(tmpbdtr, TIM_BDTR_BKE, sBreakDeadTimeConfig->BreakState);
2096:Drivers/STM32WBxx_HAL_Driver/Src/stm32wbxx_hal_tim_ex.c ****   MODIFY_REG(tmpbdtr, TIM_BDTR_BKP, sBreakDeadTimeConfig->BreakPolarity);
2097:Drivers/STM32WBxx_HAL_Driver/Src/stm32wbxx_hal_tim_ex.c ****   MODIFY_REG(tmpbdtr, TIM_BDTR_AOE, sBreakDeadTimeConfig->AutomaticOutput);
2098:Drivers/STM32WBxx_HAL_Driver/Src/stm32wbxx_hal_tim_ex.c ****   MODIFY_REG(tmpbdtr, TIM_BDTR_BKF, (sBreakDeadTimeConfig->BreakFilter << TIM_BDTR_BKF_Pos));
2099:Drivers/STM32WBxx_HAL_Driver/Src/stm32wbxx_hal_tim_ex.c ****   MODIFY_REG(tmpbdtr, TIM_BDTR_BKBID, sBreakDeadTimeConfig->BreakAFMode);
2100:Drivers/STM32WBxx_HAL_Driver/Src/stm32wbxx_hal_tim_ex.c **** 
2101:Drivers/STM32WBxx_HAL_Driver/Src/stm32wbxx_hal_tim_ex.c ****   if (IS_TIM_BKIN2_INSTANCE(htim->Instance))
2102:Drivers/STM32WBxx_HAL_Driver/Src/stm32wbxx_hal_tim_ex.c ****   {
2103:Drivers/STM32WBxx_HAL_Driver/Src/stm32wbxx_hal_tim_ex.c ****     /* Check the parameters */
2104:Drivers/STM32WBxx_HAL_Driver/Src/stm32wbxx_hal_tim_ex.c ****     assert_param(IS_TIM_BREAK2_STATE(sBreakDeadTimeConfig->Break2State));
2105:Drivers/STM32WBxx_HAL_Driver/Src/stm32wbxx_hal_tim_ex.c ****     assert_param(IS_TIM_BREAK2_POLARITY(sBreakDeadTimeConfig->Break2Polarity));
2106:Drivers/STM32WBxx_HAL_Driver/Src/stm32wbxx_hal_tim_ex.c ****     assert_param(IS_TIM_BREAK_FILTER(sBreakDeadTimeConfig->Break2Filter));
2107:Drivers/STM32WBxx_HAL_Driver/Src/stm32wbxx_hal_tim_ex.c ****     assert_param(IS_TIM_BREAK2_AFMODE(sBreakDeadTimeConfig->Break2AFMode));
2108:Drivers/STM32WBxx_HAL_Driver/Src/stm32wbxx_hal_tim_ex.c **** 
2109:Drivers/STM32WBxx_HAL_Driver/Src/stm32wbxx_hal_tim_ex.c ****     /* Set the BREAK2 input related BDTR bits */
2110:Drivers/STM32WBxx_HAL_Driver/Src/stm32wbxx_hal_tim_ex.c ****     MODIFY_REG(tmpbdtr, TIM_BDTR_BK2F, (sBreakDeadTimeConfig->Break2Filter << TIM_BDTR_BK2F_Pos));
2111:Drivers/STM32WBxx_HAL_Driver/Src/stm32wbxx_hal_tim_ex.c ****     MODIFY_REG(tmpbdtr, TIM_BDTR_BK2E, sBreakDeadTimeConfig->Break2State);
2112:Drivers/STM32WBxx_HAL_Driver/Src/stm32wbxx_hal_tim_ex.c ****     MODIFY_REG(tmpbdtr, TIM_BDTR_BK2P, sBreakDeadTimeConfig->Break2Polarity);
2113:Drivers/STM32WBxx_HAL_Driver/Src/stm32wbxx_hal_tim_ex.c ****     MODIFY_REG(tmpbdtr, TIM_BDTR_BK2BID, sBreakDeadTimeConfig->Break2AFMode);
2114:Drivers/STM32WBxx_HAL_Driver/Src/stm32wbxx_hal_tim_ex.c ****   }
2115:Drivers/STM32WBxx_HAL_Driver/Src/stm32wbxx_hal_tim_ex.c **** 
2116:Drivers/STM32WBxx_HAL_Driver/Src/stm32wbxx_hal_tim_ex.c ****   /* Set TIMx_BDTR */
2117:Drivers/STM32WBxx_HAL_Driver/Src/stm32wbxx_hal_tim_ex.c ****   htim->Instance->BDTR = tmpbdtr;
2118:Drivers/STM32WBxx_HAL_Driver/Src/stm32wbxx_hal_tim_ex.c **** 
2119:Drivers/STM32WBxx_HAL_Driver/Src/stm32wbxx_hal_tim_ex.c ****   __HAL_UNLOCK(htim);
2120:Drivers/STM32WBxx_HAL_Driver/Src/stm32wbxx_hal_tim_ex.c **** 
2121:Drivers/STM32WBxx_HAL_Driver/Src/stm32wbxx_hal_tim_ex.c ****   return HAL_OK;
2122:Drivers/STM32WBxx_HAL_Driver/Src/stm32wbxx_hal_tim_ex.c **** }
2123:Drivers/STM32WBxx_HAL_Driver/Src/stm32wbxx_hal_tim_ex.c **** 
2124:Drivers/STM32WBxx_HAL_Driver/Src/stm32wbxx_hal_tim_ex.c **** /**
2125:Drivers/STM32WBxx_HAL_Driver/Src/stm32wbxx_hal_tim_ex.c ****   * @brief  Configures the break input source.
2126:Drivers/STM32WBxx_HAL_Driver/Src/stm32wbxx_hal_tim_ex.c ****   * @param  htim TIM handle.
2127:Drivers/STM32WBxx_HAL_Driver/Src/stm32wbxx_hal_tim_ex.c ****   * @param  BreakInput Break input to configure
2128:Drivers/STM32WBxx_HAL_Driver/Src/stm32wbxx_hal_tim_ex.c ****   *          This parameter can be one of the following values:
2129:Drivers/STM32WBxx_HAL_Driver/Src/stm32wbxx_hal_tim_ex.c ****   *            @arg TIM_BREAKINPUT_BRK: Timer break input
2130:Drivers/STM32WBxx_HAL_Driver/Src/stm32wbxx_hal_tim_ex.c ****   *            @arg TIM_BREAKINPUT_BRK2: Timer break 2 input
2131:Drivers/STM32WBxx_HAL_Driver/Src/stm32wbxx_hal_tim_ex.c ****   * @param  sBreakInputConfig Break input source configuration
2132:Drivers/STM32WBxx_HAL_Driver/Src/stm32wbxx_hal_tim_ex.c ****   * @retval HAL status
2133:Drivers/STM32WBxx_HAL_Driver/Src/stm32wbxx_hal_tim_ex.c ****   */
2134:Drivers/STM32WBxx_HAL_Driver/Src/stm32wbxx_hal_tim_ex.c **** HAL_StatusTypeDef HAL_TIMEx_ConfigBreakInput(TIM_HandleTypeDef *htim,
2135:Drivers/STM32WBxx_HAL_Driver/Src/stm32wbxx_hal_tim_ex.c ****                                              uint32_t BreakInput,
2136:Drivers/STM32WBxx_HAL_Driver/Src/stm32wbxx_hal_tim_ex.c ****                                              const TIMEx_BreakInputConfigTypeDef *sBreakInputConfig
2137:Drivers/STM32WBxx_HAL_Driver/Src/stm32wbxx_hal_tim_ex.c **** {
2138:Drivers/STM32WBxx_HAL_Driver/Src/stm32wbxx_hal_tim_ex.c ****   HAL_StatusTypeDef status = HAL_OK;
2139:Drivers/STM32WBxx_HAL_Driver/Src/stm32wbxx_hal_tim_ex.c ****   uint32_t tmporx;
ARM GAS  /var/folders/98/ctz5mtps7w71v8dr53cf5qg40000gn/T//ccO5oMcB.s 			page 39


2140:Drivers/STM32WBxx_HAL_Driver/Src/stm32wbxx_hal_tim_ex.c ****   uint32_t bkin_enable_mask;
2141:Drivers/STM32WBxx_HAL_Driver/Src/stm32wbxx_hal_tim_ex.c ****   uint32_t bkin_polarity_mask;
2142:Drivers/STM32WBxx_HAL_Driver/Src/stm32wbxx_hal_tim_ex.c ****   uint32_t bkin_enable_bitpos;
2143:Drivers/STM32WBxx_HAL_Driver/Src/stm32wbxx_hal_tim_ex.c ****   uint32_t bkin_polarity_bitpos;
2144:Drivers/STM32WBxx_HAL_Driver/Src/stm32wbxx_hal_tim_ex.c **** 
2145:Drivers/STM32WBxx_HAL_Driver/Src/stm32wbxx_hal_tim_ex.c ****   /* Check the parameters */
2146:Drivers/STM32WBxx_HAL_Driver/Src/stm32wbxx_hal_tim_ex.c ****   assert_param(IS_TIM_BREAK_INSTANCE(htim->Instance));
2147:Drivers/STM32WBxx_HAL_Driver/Src/stm32wbxx_hal_tim_ex.c ****   assert_param(IS_TIM_BREAKINPUT(BreakInput));
2148:Drivers/STM32WBxx_HAL_Driver/Src/stm32wbxx_hal_tim_ex.c ****   assert_param(IS_TIM_BREAKINPUTSOURCE(sBreakInputConfig->Source));
2149:Drivers/STM32WBxx_HAL_Driver/Src/stm32wbxx_hal_tim_ex.c ****   assert_param(IS_TIM_BREAKINPUTSOURCE_STATE(sBreakInputConfig->Enable));
2150:Drivers/STM32WBxx_HAL_Driver/Src/stm32wbxx_hal_tim_ex.c ****   assert_param(IS_TIM_BREAKINPUTSOURCE_POLARITY(sBreakInputConfig->Polarity));
2151:Drivers/STM32WBxx_HAL_Driver/Src/stm32wbxx_hal_tim_ex.c **** 
2152:Drivers/STM32WBxx_HAL_Driver/Src/stm32wbxx_hal_tim_ex.c ****   /* Check input state */
2153:Drivers/STM32WBxx_HAL_Driver/Src/stm32wbxx_hal_tim_ex.c ****   __HAL_LOCK(htim);
2154:Drivers/STM32WBxx_HAL_Driver/Src/stm32wbxx_hal_tim_ex.c **** 
2155:Drivers/STM32WBxx_HAL_Driver/Src/stm32wbxx_hal_tim_ex.c ****   switch (sBreakInputConfig->Source)
2156:Drivers/STM32WBxx_HAL_Driver/Src/stm32wbxx_hal_tim_ex.c ****   {
2157:Drivers/STM32WBxx_HAL_Driver/Src/stm32wbxx_hal_tim_ex.c ****     case TIM_BREAKINPUTSOURCE_BKIN:
2158:Drivers/STM32WBxx_HAL_Driver/Src/stm32wbxx_hal_tim_ex.c ****     {
2159:Drivers/STM32WBxx_HAL_Driver/Src/stm32wbxx_hal_tim_ex.c ****       bkin_enable_mask = TIM1_AF1_BKINE;
2160:Drivers/STM32WBxx_HAL_Driver/Src/stm32wbxx_hal_tim_ex.c ****       bkin_enable_bitpos = TIM1_AF1_BKINE_Pos;
2161:Drivers/STM32WBxx_HAL_Driver/Src/stm32wbxx_hal_tim_ex.c ****       bkin_polarity_mask = TIM1_AF1_BKINP;
2162:Drivers/STM32WBxx_HAL_Driver/Src/stm32wbxx_hal_tim_ex.c ****       bkin_polarity_bitpos = TIM1_AF1_BKINP_Pos;
2163:Drivers/STM32WBxx_HAL_Driver/Src/stm32wbxx_hal_tim_ex.c ****       break;
2164:Drivers/STM32WBxx_HAL_Driver/Src/stm32wbxx_hal_tim_ex.c ****     }
2165:Drivers/STM32WBxx_HAL_Driver/Src/stm32wbxx_hal_tim_ex.c **** #if defined(COMP1) && defined(COMP2)
2166:Drivers/STM32WBxx_HAL_Driver/Src/stm32wbxx_hal_tim_ex.c ****     case TIM_BREAKINPUTSOURCE_COMP1:
2167:Drivers/STM32WBxx_HAL_Driver/Src/stm32wbxx_hal_tim_ex.c ****     {
2168:Drivers/STM32WBxx_HAL_Driver/Src/stm32wbxx_hal_tim_ex.c ****       bkin_enable_mask = TIM1_AF1_BKCMP1E;
2169:Drivers/STM32WBxx_HAL_Driver/Src/stm32wbxx_hal_tim_ex.c ****       bkin_enable_bitpos = TIM1_AF1_BKCMP1E_Pos;
2170:Drivers/STM32WBxx_HAL_Driver/Src/stm32wbxx_hal_tim_ex.c ****       bkin_polarity_mask = TIM1_AF1_BKCMP1P;
2171:Drivers/STM32WBxx_HAL_Driver/Src/stm32wbxx_hal_tim_ex.c ****       bkin_polarity_bitpos = TIM1_AF1_BKCMP1P_Pos;
2172:Drivers/STM32WBxx_HAL_Driver/Src/stm32wbxx_hal_tim_ex.c ****       break;
2173:Drivers/STM32WBxx_HAL_Driver/Src/stm32wbxx_hal_tim_ex.c ****     }
2174:Drivers/STM32WBxx_HAL_Driver/Src/stm32wbxx_hal_tim_ex.c ****     case TIM_BREAKINPUTSOURCE_COMP2:
2175:Drivers/STM32WBxx_HAL_Driver/Src/stm32wbxx_hal_tim_ex.c ****     {
2176:Drivers/STM32WBxx_HAL_Driver/Src/stm32wbxx_hal_tim_ex.c ****       bkin_enable_mask = TIM1_AF1_BKCMP2E;
2177:Drivers/STM32WBxx_HAL_Driver/Src/stm32wbxx_hal_tim_ex.c ****       bkin_enable_bitpos = TIM1_AF1_BKCMP2E_Pos;
2178:Drivers/STM32WBxx_HAL_Driver/Src/stm32wbxx_hal_tim_ex.c ****       bkin_polarity_mask = TIM1_AF1_BKCMP2P;
2179:Drivers/STM32WBxx_HAL_Driver/Src/stm32wbxx_hal_tim_ex.c ****       bkin_polarity_bitpos = TIM1_AF1_BKCMP2P_Pos;
2180:Drivers/STM32WBxx_HAL_Driver/Src/stm32wbxx_hal_tim_ex.c ****       break;
2181:Drivers/STM32WBxx_HAL_Driver/Src/stm32wbxx_hal_tim_ex.c ****     }
2182:Drivers/STM32WBxx_HAL_Driver/Src/stm32wbxx_hal_tim_ex.c **** #endif /* COMP1 && COMP2 */
2183:Drivers/STM32WBxx_HAL_Driver/Src/stm32wbxx_hal_tim_ex.c **** 
2184:Drivers/STM32WBxx_HAL_Driver/Src/stm32wbxx_hal_tim_ex.c ****     default:
2185:Drivers/STM32WBxx_HAL_Driver/Src/stm32wbxx_hal_tim_ex.c ****     {
2186:Drivers/STM32WBxx_HAL_Driver/Src/stm32wbxx_hal_tim_ex.c ****       bkin_enable_mask = 0U;
2187:Drivers/STM32WBxx_HAL_Driver/Src/stm32wbxx_hal_tim_ex.c ****       bkin_polarity_mask = 0U;
2188:Drivers/STM32WBxx_HAL_Driver/Src/stm32wbxx_hal_tim_ex.c ****       bkin_enable_bitpos = 0U;
2189:Drivers/STM32WBxx_HAL_Driver/Src/stm32wbxx_hal_tim_ex.c ****       bkin_polarity_bitpos = 0U;
2190:Drivers/STM32WBxx_HAL_Driver/Src/stm32wbxx_hal_tim_ex.c ****       break;
2191:Drivers/STM32WBxx_HAL_Driver/Src/stm32wbxx_hal_tim_ex.c ****     }
2192:Drivers/STM32WBxx_HAL_Driver/Src/stm32wbxx_hal_tim_ex.c ****   }
2193:Drivers/STM32WBxx_HAL_Driver/Src/stm32wbxx_hal_tim_ex.c **** 
2194:Drivers/STM32WBxx_HAL_Driver/Src/stm32wbxx_hal_tim_ex.c ****   switch (BreakInput)
2195:Drivers/STM32WBxx_HAL_Driver/Src/stm32wbxx_hal_tim_ex.c ****   {
2196:Drivers/STM32WBxx_HAL_Driver/Src/stm32wbxx_hal_tim_ex.c ****     case TIM_BREAKINPUT_BRK:
ARM GAS  /var/folders/98/ctz5mtps7w71v8dr53cf5qg40000gn/T//ccO5oMcB.s 			page 40


2197:Drivers/STM32WBxx_HAL_Driver/Src/stm32wbxx_hal_tim_ex.c ****     {
2198:Drivers/STM32WBxx_HAL_Driver/Src/stm32wbxx_hal_tim_ex.c ****       /* Get the TIMx_AF1 register value */
2199:Drivers/STM32WBxx_HAL_Driver/Src/stm32wbxx_hal_tim_ex.c ****       tmporx = htim->Instance->AF1;
2200:Drivers/STM32WBxx_HAL_Driver/Src/stm32wbxx_hal_tim_ex.c **** 
2201:Drivers/STM32WBxx_HAL_Driver/Src/stm32wbxx_hal_tim_ex.c ****       /* Enable the break input */
2202:Drivers/STM32WBxx_HAL_Driver/Src/stm32wbxx_hal_tim_ex.c ****       tmporx &= ~bkin_enable_mask;
2203:Drivers/STM32WBxx_HAL_Driver/Src/stm32wbxx_hal_tim_ex.c ****       tmporx |= (sBreakInputConfig->Enable << bkin_enable_bitpos) & bkin_enable_mask;
2204:Drivers/STM32WBxx_HAL_Driver/Src/stm32wbxx_hal_tim_ex.c **** 
2205:Drivers/STM32WBxx_HAL_Driver/Src/stm32wbxx_hal_tim_ex.c ****       /* Set the break input polarity */
2206:Drivers/STM32WBxx_HAL_Driver/Src/stm32wbxx_hal_tim_ex.c ****       tmporx &= ~bkin_polarity_mask;
2207:Drivers/STM32WBxx_HAL_Driver/Src/stm32wbxx_hal_tim_ex.c ****       tmporx |= (sBreakInputConfig->Polarity << bkin_polarity_bitpos) & bkin_polarity_mask;
2208:Drivers/STM32WBxx_HAL_Driver/Src/stm32wbxx_hal_tim_ex.c **** 
2209:Drivers/STM32WBxx_HAL_Driver/Src/stm32wbxx_hal_tim_ex.c ****       /* Set TIMx_AF1 */
2210:Drivers/STM32WBxx_HAL_Driver/Src/stm32wbxx_hal_tim_ex.c ****       htim->Instance->AF1 = tmporx;
2211:Drivers/STM32WBxx_HAL_Driver/Src/stm32wbxx_hal_tim_ex.c ****       break;
2212:Drivers/STM32WBxx_HAL_Driver/Src/stm32wbxx_hal_tim_ex.c ****     }
2213:Drivers/STM32WBxx_HAL_Driver/Src/stm32wbxx_hal_tim_ex.c ****     case TIM_BREAKINPUT_BRK2:
2214:Drivers/STM32WBxx_HAL_Driver/Src/stm32wbxx_hal_tim_ex.c ****     {
2215:Drivers/STM32WBxx_HAL_Driver/Src/stm32wbxx_hal_tim_ex.c ****       /* Get the TIMx_AF2 register value */
2216:Drivers/STM32WBxx_HAL_Driver/Src/stm32wbxx_hal_tim_ex.c ****       tmporx = htim->Instance->AF2;
2217:Drivers/STM32WBxx_HAL_Driver/Src/stm32wbxx_hal_tim_ex.c **** 
2218:Drivers/STM32WBxx_HAL_Driver/Src/stm32wbxx_hal_tim_ex.c ****       /* Enable the break input */
2219:Drivers/STM32WBxx_HAL_Driver/Src/stm32wbxx_hal_tim_ex.c ****       tmporx &= ~bkin_enable_mask;
2220:Drivers/STM32WBxx_HAL_Driver/Src/stm32wbxx_hal_tim_ex.c ****       tmporx |= (sBreakInputConfig->Enable << bkin_enable_bitpos) & bkin_enable_mask;
2221:Drivers/STM32WBxx_HAL_Driver/Src/stm32wbxx_hal_tim_ex.c **** 
2222:Drivers/STM32WBxx_HAL_Driver/Src/stm32wbxx_hal_tim_ex.c ****       /* Set the break input polarity */
2223:Drivers/STM32WBxx_HAL_Driver/Src/stm32wbxx_hal_tim_ex.c ****       tmporx &= ~bkin_polarity_mask;
2224:Drivers/STM32WBxx_HAL_Driver/Src/stm32wbxx_hal_tim_ex.c ****       tmporx |= (sBreakInputConfig->Polarity << bkin_polarity_bitpos) & bkin_polarity_mask;
2225:Drivers/STM32WBxx_HAL_Driver/Src/stm32wbxx_hal_tim_ex.c **** 
2226:Drivers/STM32WBxx_HAL_Driver/Src/stm32wbxx_hal_tim_ex.c ****       /* Set TIMx_AF2 */
2227:Drivers/STM32WBxx_HAL_Driver/Src/stm32wbxx_hal_tim_ex.c ****       htim->Instance->AF2 = tmporx;
2228:Drivers/STM32WBxx_HAL_Driver/Src/stm32wbxx_hal_tim_ex.c ****       break;
2229:Drivers/STM32WBxx_HAL_Driver/Src/stm32wbxx_hal_tim_ex.c ****     }
2230:Drivers/STM32WBxx_HAL_Driver/Src/stm32wbxx_hal_tim_ex.c ****     default:
2231:Drivers/STM32WBxx_HAL_Driver/Src/stm32wbxx_hal_tim_ex.c ****       status = HAL_ERROR;
2232:Drivers/STM32WBxx_HAL_Driver/Src/stm32wbxx_hal_tim_ex.c ****       break;
2233:Drivers/STM32WBxx_HAL_Driver/Src/stm32wbxx_hal_tim_ex.c ****   }
2234:Drivers/STM32WBxx_HAL_Driver/Src/stm32wbxx_hal_tim_ex.c **** 
2235:Drivers/STM32WBxx_HAL_Driver/Src/stm32wbxx_hal_tim_ex.c ****   __HAL_UNLOCK(htim);
2236:Drivers/STM32WBxx_HAL_Driver/Src/stm32wbxx_hal_tim_ex.c **** 
2237:Drivers/STM32WBxx_HAL_Driver/Src/stm32wbxx_hal_tim_ex.c ****   return status;
2238:Drivers/STM32WBxx_HAL_Driver/Src/stm32wbxx_hal_tim_ex.c **** }
2239:Drivers/STM32WBxx_HAL_Driver/Src/stm32wbxx_hal_tim_ex.c **** 
2240:Drivers/STM32WBxx_HAL_Driver/Src/stm32wbxx_hal_tim_ex.c **** /**
2241:Drivers/STM32WBxx_HAL_Driver/Src/stm32wbxx_hal_tim_ex.c ****   * @brief  Configures the TIMx Remapping input capabilities.
2242:Drivers/STM32WBxx_HAL_Driver/Src/stm32wbxx_hal_tim_ex.c ****   * @param  htim TIM handle.
2243:Drivers/STM32WBxx_HAL_Driver/Src/stm32wbxx_hal_tim_ex.c ****   * @param  Remap specifies the TIM remapping source.
2244:Drivers/STM32WBxx_HAL_Driver/Src/stm32wbxx_hal_tim_ex.c ****   *     For TIM1, the parameter is a combination of 2 fields (field1 | field2):
2245:Drivers/STM32WBxx_HAL_Driver/Src/stm32wbxx_hal_tim_ex.c ****   *
2246:Drivers/STM32WBxx_HAL_Driver/Src/stm32wbxx_hal_tim_ex.c ****   *       field1 can have the following values:
2247:Drivers/STM32WBxx_HAL_Driver/Src/stm32wbxx_hal_tim_ex.c ****   *            @arg TIM_TIM1_ETR_ADC1_GPIO:           TIM1_ETR is connected to I/O
2248:Drivers/STM32WBxx_HAL_Driver/Src/stm32wbxx_hal_tim_ex.c ****   *            @arg TIM_TIM1_ETR_ADC1_AWD1:           TIM1_ETR is connected to ADC1 AWD1
2249:Drivers/STM32WBxx_HAL_Driver/Src/stm32wbxx_hal_tim_ex.c ****   *            @arg TIM_TIM1_ETR_ADC1_AWD2:           TIM1_ETR is connected to ADC1 AWD2 (*)
2250:Drivers/STM32WBxx_HAL_Driver/Src/stm32wbxx_hal_tim_ex.c ****   *            @arg TIM_TIM1_ETR_ADC1_AWD3:           TIM1_ETR is connected to ADC1 AWD3 (*)
2251:Drivers/STM32WBxx_HAL_Driver/Src/stm32wbxx_hal_tim_ex.c ****   *            @arg TIM_TIM1_ETR_COMP1:               TIM1_ETR is connected to COMP1 output (*)
2252:Drivers/STM32WBxx_HAL_Driver/Src/stm32wbxx_hal_tim_ex.c ****   *            @arg TIM_TIM1_ETR_COMP2:               TIM1_ETR is connected to COMP2 output (*)
2253:Drivers/STM32WBxx_HAL_Driver/Src/stm32wbxx_hal_tim_ex.c ****   *       field2 can have the following values:
ARM GAS  /var/folders/98/ctz5mtps7w71v8dr53cf5qg40000gn/T//ccO5oMcB.s 			page 41


2254:Drivers/STM32WBxx_HAL_Driver/Src/stm32wbxx_hal_tim_ex.c ****   *            @arg TIM_TIM1_TI1_GPIO:                TIM1 TI1 is connected to I/O
2255:Drivers/STM32WBxx_HAL_Driver/Src/stm32wbxx_hal_tim_ex.c ****   *            @arg TIM_TIM1_TI1_COMP1:               TIM1 TI1 is connected to COMP1 output (*)
2256:Drivers/STM32WBxx_HAL_Driver/Src/stm32wbxx_hal_tim_ex.c ****   *
2257:Drivers/STM32WBxx_HAL_Driver/Src/stm32wbxx_hal_tim_ex.c ****   *        For TIM2, the parameter is a combination of 3 fields (field1 | field2 | field3):
2258:Drivers/STM32WBxx_HAL_Driver/Src/stm32wbxx_hal_tim_ex.c ****   *
2259:Drivers/STM32WBxx_HAL_Driver/Src/stm32wbxx_hal_tim_ex.c ****   *       field1 can have the following values:
2260:Drivers/STM32WBxx_HAL_Driver/Src/stm32wbxx_hal_tim_ex.c ****   *            @arg TIM_TIM2_ITR1_NONE:               No internal trigger on TIM2_ITR1
2261:Drivers/STM32WBxx_HAL_Driver/Src/stm32wbxx_hal_tim_ex.c ****   *            @arg TIM_TIM2_ITR1_USB:                TIM2_ITR1 is connected to USB SOF (*)
2262:Drivers/STM32WBxx_HAL_Driver/Src/stm32wbxx_hal_tim_ex.c ****   *
2263:Drivers/STM32WBxx_HAL_Driver/Src/stm32wbxx_hal_tim_ex.c ****   *       field2 can have the following values:
2264:Drivers/STM32WBxx_HAL_Driver/Src/stm32wbxx_hal_tim_ex.c ****   *            @arg TIM_TIM2_ETR_GPIO:                TIM2_ETR is connected to I/O
2265:Drivers/STM32WBxx_HAL_Driver/Src/stm32wbxx_hal_tim_ex.c ****   *            @arg TIM_TIM2_ETR_LSE:                 TIM2_ETR is connected to LSE
2266:Drivers/STM32WBxx_HAL_Driver/Src/stm32wbxx_hal_tim_ex.c ****   *            @arg TIM_TIM2_ETR_COMP1:               TIM2_ETR is connected to COMP1 output (*)
2267:Drivers/STM32WBxx_HAL_Driver/Src/stm32wbxx_hal_tim_ex.c ****   *            @arg TIM_TIM2_ETR_COMP2:               TIM2_ETR is connected to COMP2 output (*)
2268:Drivers/STM32WBxx_HAL_Driver/Src/stm32wbxx_hal_tim_ex.c ****   *
2269:Drivers/STM32WBxx_HAL_Driver/Src/stm32wbxx_hal_tim_ex.c ****   *       field3 can have the following values:
2270:Drivers/STM32WBxx_HAL_Driver/Src/stm32wbxx_hal_tim_ex.c ****   *            @arg TIM_TIM2_TI4_GPIO:                TIM2 TI4 is connected to I/O
2271:Drivers/STM32WBxx_HAL_Driver/Src/stm32wbxx_hal_tim_ex.c ****   *            @arg TIM_TIM2_TI4_COMP1:               TIM2 TI4 is connected to COMP1 output (*)
2272:Drivers/STM32WBxx_HAL_Driver/Src/stm32wbxx_hal_tim_ex.c ****   *            @arg TIM_TIM2_TI4_COMP2:               TIM2 TI4 is connected to COMP2 output (*)
2273:Drivers/STM32WBxx_HAL_Driver/Src/stm32wbxx_hal_tim_ex.c ****   *            @arg TIM_TIM2_TI4_COMP1_COMP2:         TIM2 TI4 is connected to logical OR between C
2274:Drivers/STM32WBxx_HAL_Driver/Src/stm32wbxx_hal_tim_ex.c ****   *
2275:Drivers/STM32WBxx_HAL_Driver/Src/stm32wbxx_hal_tim_ex.c ****   *     For TIM16, the parameter can have the following values:
2276:Drivers/STM32WBxx_HAL_Driver/Src/stm32wbxx_hal_tim_ex.c ****   *            @arg TIM_TIM16_TI1_GPIO:              TIM16 TI1 is connected to I/O
2277:Drivers/STM32WBxx_HAL_Driver/Src/stm32wbxx_hal_tim_ex.c ****   *            @arg TIM_TIM16_TI1_LSI:               TIM16 TI1 is connected to LSI
2278:Drivers/STM32WBxx_HAL_Driver/Src/stm32wbxx_hal_tim_ex.c ****   *            @arg TIM_TIM16_TI1_LSE:               TIM16 TI1 is connected to LSE
2279:Drivers/STM32WBxx_HAL_Driver/Src/stm32wbxx_hal_tim_ex.c ****   *            @arg TIM_TIM16_TI1_RTC:               TIM16 TI1 is connected to RTC wakeup interrupt
2280:Drivers/STM32WBxx_HAL_Driver/Src/stm32wbxx_hal_tim_ex.c ****   *
2281:Drivers/STM32WBxx_HAL_Driver/Src/stm32wbxx_hal_tim_ex.c ****   *     For TIM17, the parameter can have the following values:
2282:Drivers/STM32WBxx_HAL_Driver/Src/stm32wbxx_hal_tim_ex.c ****   *            @arg TIM_TIM17_TI1_GPIO:              TIM17 TI1 is connected to I/O
2283:Drivers/STM32WBxx_HAL_Driver/Src/stm32wbxx_hal_tim_ex.c ****   *            @arg TIM_TIM17_TI1_MSI:               TIM17 TI1 is connected to MSI  (constraint: MS
2284:Drivers/STM32WBxx_HAL_Driver/Src/stm32wbxx_hal_tim_ex.c ****   *            @arg TIM_TIM17_TI1_HSE:               TIM17 TI1 is connected to HSE div 32
2285:Drivers/STM32WBxx_HAL_Driver/Src/stm32wbxx_hal_tim_ex.c ****   *            @arg TIM_TIM17_TI1_MCO:               TIM17 TI1 is connected to MCO
2286:Drivers/STM32WBxx_HAL_Driver/Src/stm32wbxx_hal_tim_ex.c ****   *
2287:Drivers/STM32WBxx_HAL_Driver/Src/stm32wbxx_hal_tim_ex.c ****   *         (*)  Value not defined in all devices.
2288:Drivers/STM32WBxx_HAL_Driver/Src/stm32wbxx_hal_tim_ex.c ****   *
2289:Drivers/STM32WBxx_HAL_Driver/Src/stm32wbxx_hal_tim_ex.c ****   * @retval HAL status
2290:Drivers/STM32WBxx_HAL_Driver/Src/stm32wbxx_hal_tim_ex.c ****   */
2291:Drivers/STM32WBxx_HAL_Driver/Src/stm32wbxx_hal_tim_ex.c **** HAL_StatusTypeDef HAL_TIMEx_RemapConfig(TIM_HandleTypeDef *htim, uint32_t Remap)
2292:Drivers/STM32WBxx_HAL_Driver/Src/stm32wbxx_hal_tim_ex.c **** {
2293:Drivers/STM32WBxx_HAL_Driver/Src/stm32wbxx_hal_tim_ex.c ****   uint32_t tmpor;
2294:Drivers/STM32WBxx_HAL_Driver/Src/stm32wbxx_hal_tim_ex.c ****   uint32_t tmpaf1;
2295:Drivers/STM32WBxx_HAL_Driver/Src/stm32wbxx_hal_tim_ex.c **** 
2296:Drivers/STM32WBxx_HAL_Driver/Src/stm32wbxx_hal_tim_ex.c ****   /* Check parameters */
2297:Drivers/STM32WBxx_HAL_Driver/Src/stm32wbxx_hal_tim_ex.c ****   assert_param(IS_TIM_REMAP(htim->Instance, Remap));
2298:Drivers/STM32WBxx_HAL_Driver/Src/stm32wbxx_hal_tim_ex.c **** 
2299:Drivers/STM32WBxx_HAL_Driver/Src/stm32wbxx_hal_tim_ex.c ****   __HAL_LOCK(htim);
2300:Drivers/STM32WBxx_HAL_Driver/Src/stm32wbxx_hal_tim_ex.c **** 
2301:Drivers/STM32WBxx_HAL_Driver/Src/stm32wbxx_hal_tim_ex.c ****   /* Read TIMx_OR */
2302:Drivers/STM32WBxx_HAL_Driver/Src/stm32wbxx_hal_tim_ex.c ****   tmpor = READ_REG(htim->Instance->OR);
2303:Drivers/STM32WBxx_HAL_Driver/Src/stm32wbxx_hal_tim_ex.c **** 
2304:Drivers/STM32WBxx_HAL_Driver/Src/stm32wbxx_hal_tim_ex.c ****   /* Read TIMx_AF1 */
2305:Drivers/STM32WBxx_HAL_Driver/Src/stm32wbxx_hal_tim_ex.c ****   tmpaf1 = READ_REG(htim->Instance->AF1);
2306:Drivers/STM32WBxx_HAL_Driver/Src/stm32wbxx_hal_tim_ex.c **** 
2307:Drivers/STM32WBxx_HAL_Driver/Src/stm32wbxx_hal_tim_ex.c ****   /* Set ETR_SEL bit field (if required) */
2308:Drivers/STM32WBxx_HAL_Driver/Src/stm32wbxx_hal_tim_ex.c ****   if (IS_TIM_ETRSEL_INSTANCE(htim->Instance))
2309:Drivers/STM32WBxx_HAL_Driver/Src/stm32wbxx_hal_tim_ex.c ****   {
2310:Drivers/STM32WBxx_HAL_Driver/Src/stm32wbxx_hal_tim_ex.c ****     if ((Remap & TIM1_AF1_ETRSEL) != (uint32_t)RESET)
ARM GAS  /var/folders/98/ctz5mtps7w71v8dr53cf5qg40000gn/T//ccO5oMcB.s 			page 42


2311:Drivers/STM32WBxx_HAL_Driver/Src/stm32wbxx_hal_tim_ex.c ****     {
2312:Drivers/STM32WBxx_HAL_Driver/Src/stm32wbxx_hal_tim_ex.c ****       /* COMP1 output or COMP2 output connected to ETR input */
2313:Drivers/STM32WBxx_HAL_Driver/Src/stm32wbxx_hal_tim_ex.c ****       MODIFY_REG(tmpaf1, TIM1_AF1_ETRSEL, (Remap & TIM1_AF1_ETRSEL));
2314:Drivers/STM32WBxx_HAL_Driver/Src/stm32wbxx_hal_tim_ex.c ****     }
2315:Drivers/STM32WBxx_HAL_Driver/Src/stm32wbxx_hal_tim_ex.c ****     else
2316:Drivers/STM32WBxx_HAL_Driver/Src/stm32wbxx_hal_tim_ex.c ****     {
2317:Drivers/STM32WBxx_HAL_Driver/Src/stm32wbxx_hal_tim_ex.c ****       /* ETR legacy mode */
2318:Drivers/STM32WBxx_HAL_Driver/Src/stm32wbxx_hal_tim_ex.c ****       MODIFY_REG(tmpaf1, TIM1_AF1_ETRSEL, 0U);
2319:Drivers/STM32WBxx_HAL_Driver/Src/stm32wbxx_hal_tim_ex.c ****     }
2320:Drivers/STM32WBxx_HAL_Driver/Src/stm32wbxx_hal_tim_ex.c **** 
2321:Drivers/STM32WBxx_HAL_Driver/Src/stm32wbxx_hal_tim_ex.c ****     /* Set TIMx_AF1 */
2322:Drivers/STM32WBxx_HAL_Driver/Src/stm32wbxx_hal_tim_ex.c ****     WRITE_REG(htim->Instance->AF1, tmpaf1);
2323:Drivers/STM32WBxx_HAL_Driver/Src/stm32wbxx_hal_tim_ex.c ****   }
2324:Drivers/STM32WBxx_HAL_Driver/Src/stm32wbxx_hal_tim_ex.c **** 
2325:Drivers/STM32WBxx_HAL_Driver/Src/stm32wbxx_hal_tim_ex.c ****   /* Set other remapping capabilities */
2326:Drivers/STM32WBxx_HAL_Driver/Src/stm32wbxx_hal_tim_ex.c ****   MODIFY_REG(tmpor, TIM_GET_OR_MASK(htim->Instance), (Remap & (~TIM1_AF1_ETRSEL)));
2327:Drivers/STM32WBxx_HAL_Driver/Src/stm32wbxx_hal_tim_ex.c **** 
2328:Drivers/STM32WBxx_HAL_Driver/Src/stm32wbxx_hal_tim_ex.c ****   /* Set TIMx_OR */
2329:Drivers/STM32WBxx_HAL_Driver/Src/stm32wbxx_hal_tim_ex.c ****   WRITE_REG(htim->Instance->OR, tmpor);
2330:Drivers/STM32WBxx_HAL_Driver/Src/stm32wbxx_hal_tim_ex.c **** 
2331:Drivers/STM32WBxx_HAL_Driver/Src/stm32wbxx_hal_tim_ex.c ****   __HAL_UNLOCK(htim);
2332:Drivers/STM32WBxx_HAL_Driver/Src/stm32wbxx_hal_tim_ex.c **** 
2333:Drivers/STM32WBxx_HAL_Driver/Src/stm32wbxx_hal_tim_ex.c ****   return HAL_OK;
2334:Drivers/STM32WBxx_HAL_Driver/Src/stm32wbxx_hal_tim_ex.c **** }
2335:Drivers/STM32WBxx_HAL_Driver/Src/stm32wbxx_hal_tim_ex.c **** 
2336:Drivers/STM32WBxx_HAL_Driver/Src/stm32wbxx_hal_tim_ex.c **** /**
2337:Drivers/STM32WBxx_HAL_Driver/Src/stm32wbxx_hal_tim_ex.c ****   * @brief  Group channel 5 and channel 1, 2 or 3
2338:Drivers/STM32WBxx_HAL_Driver/Src/stm32wbxx_hal_tim_ex.c ****   * @param  htim TIM handle.
2339:Drivers/STM32WBxx_HAL_Driver/Src/stm32wbxx_hal_tim_ex.c ****   * @param  Channels specifies the reference signal(s) the OC5REF is combined with.
2340:Drivers/STM32WBxx_HAL_Driver/Src/stm32wbxx_hal_tim_ex.c ****   *         This parameter can be any combination of the following values:
2341:Drivers/STM32WBxx_HAL_Driver/Src/stm32wbxx_hal_tim_ex.c ****   *         TIM_GROUPCH5_NONE: No effect of OC5REF on OC1REFC, OC2REFC and OC3REFC
2342:Drivers/STM32WBxx_HAL_Driver/Src/stm32wbxx_hal_tim_ex.c ****   *         TIM_GROUPCH5_OC1REFC: OC1REFC is the logical AND of OC1REFC and OC5REF
2343:Drivers/STM32WBxx_HAL_Driver/Src/stm32wbxx_hal_tim_ex.c ****   *         TIM_GROUPCH5_OC2REFC: OC2REFC is the logical AND of OC2REFC and OC5REF
2344:Drivers/STM32WBxx_HAL_Driver/Src/stm32wbxx_hal_tim_ex.c ****   *         TIM_GROUPCH5_OC3REFC: OC3REFC is the logical AND of OC3REFC and OC5REF
2345:Drivers/STM32WBxx_HAL_Driver/Src/stm32wbxx_hal_tim_ex.c ****   * @retval HAL status
2346:Drivers/STM32WBxx_HAL_Driver/Src/stm32wbxx_hal_tim_ex.c ****   */
2347:Drivers/STM32WBxx_HAL_Driver/Src/stm32wbxx_hal_tim_ex.c **** HAL_StatusTypeDef HAL_TIMEx_GroupChannel5(TIM_HandleTypeDef *htim, uint32_t Channels)
2348:Drivers/STM32WBxx_HAL_Driver/Src/stm32wbxx_hal_tim_ex.c **** {
2349:Drivers/STM32WBxx_HAL_Driver/Src/stm32wbxx_hal_tim_ex.c ****   /* Check parameters */
2350:Drivers/STM32WBxx_HAL_Driver/Src/stm32wbxx_hal_tim_ex.c ****   assert_param(IS_TIM_COMBINED3PHASEPWM_INSTANCE(htim->Instance));
2351:Drivers/STM32WBxx_HAL_Driver/Src/stm32wbxx_hal_tim_ex.c ****   assert_param(IS_TIM_GROUPCH5(Channels));
2352:Drivers/STM32WBxx_HAL_Driver/Src/stm32wbxx_hal_tim_ex.c **** 
2353:Drivers/STM32WBxx_HAL_Driver/Src/stm32wbxx_hal_tim_ex.c ****   /* Process Locked */
2354:Drivers/STM32WBxx_HAL_Driver/Src/stm32wbxx_hal_tim_ex.c ****   __HAL_LOCK(htim);
2355:Drivers/STM32WBxx_HAL_Driver/Src/stm32wbxx_hal_tim_ex.c **** 
2356:Drivers/STM32WBxx_HAL_Driver/Src/stm32wbxx_hal_tim_ex.c ****   htim->State = HAL_TIM_STATE_BUSY;
2357:Drivers/STM32WBxx_HAL_Driver/Src/stm32wbxx_hal_tim_ex.c **** 
2358:Drivers/STM32WBxx_HAL_Driver/Src/stm32wbxx_hal_tim_ex.c ****   /* Clear GC5Cx bit fields */
2359:Drivers/STM32WBxx_HAL_Driver/Src/stm32wbxx_hal_tim_ex.c ****   htim->Instance->CCR5 &= ~(TIM_CCR5_GC5C3 | TIM_CCR5_GC5C2 | TIM_CCR5_GC5C1);
2360:Drivers/STM32WBxx_HAL_Driver/Src/stm32wbxx_hal_tim_ex.c **** 
2361:Drivers/STM32WBxx_HAL_Driver/Src/stm32wbxx_hal_tim_ex.c ****   /* Set GC5Cx bit fields */
2362:Drivers/STM32WBxx_HAL_Driver/Src/stm32wbxx_hal_tim_ex.c ****   htim->Instance->CCR5 |= Channels;
2363:Drivers/STM32WBxx_HAL_Driver/Src/stm32wbxx_hal_tim_ex.c **** 
2364:Drivers/STM32WBxx_HAL_Driver/Src/stm32wbxx_hal_tim_ex.c ****   /* Change the htim state */
2365:Drivers/STM32WBxx_HAL_Driver/Src/stm32wbxx_hal_tim_ex.c ****   htim->State = HAL_TIM_STATE_READY;
2366:Drivers/STM32WBxx_HAL_Driver/Src/stm32wbxx_hal_tim_ex.c **** 
2367:Drivers/STM32WBxx_HAL_Driver/Src/stm32wbxx_hal_tim_ex.c ****   __HAL_UNLOCK(htim);
ARM GAS  /var/folders/98/ctz5mtps7w71v8dr53cf5qg40000gn/T//ccO5oMcB.s 			page 43


2368:Drivers/STM32WBxx_HAL_Driver/Src/stm32wbxx_hal_tim_ex.c **** 
2369:Drivers/STM32WBxx_HAL_Driver/Src/stm32wbxx_hal_tim_ex.c ****   return HAL_OK;
2370:Drivers/STM32WBxx_HAL_Driver/Src/stm32wbxx_hal_tim_ex.c **** }
2371:Drivers/STM32WBxx_HAL_Driver/Src/stm32wbxx_hal_tim_ex.c **** 
2372:Drivers/STM32WBxx_HAL_Driver/Src/stm32wbxx_hal_tim_ex.c **** /**
2373:Drivers/STM32WBxx_HAL_Driver/Src/stm32wbxx_hal_tim_ex.c ****   * @brief  Disarm the designated break input (when it operates in bidirectional mode).
2374:Drivers/STM32WBxx_HAL_Driver/Src/stm32wbxx_hal_tim_ex.c ****   * @param  htim TIM handle.
2375:Drivers/STM32WBxx_HAL_Driver/Src/stm32wbxx_hal_tim_ex.c ****   * @param  BreakInput Break input to disarm
2376:Drivers/STM32WBxx_HAL_Driver/Src/stm32wbxx_hal_tim_ex.c ****   *          This parameter can be one of the following values:
2377:Drivers/STM32WBxx_HAL_Driver/Src/stm32wbxx_hal_tim_ex.c ****   *            @arg TIM_BREAKINPUT_BRK: Timer break input
2378:Drivers/STM32WBxx_HAL_Driver/Src/stm32wbxx_hal_tim_ex.c ****   *            @arg TIM_BREAKINPUT_BRK2: Timer break 2 input
2379:Drivers/STM32WBxx_HAL_Driver/Src/stm32wbxx_hal_tim_ex.c ****   * @note  The break input can be disarmed only when it is configured in
2380:Drivers/STM32WBxx_HAL_Driver/Src/stm32wbxx_hal_tim_ex.c ****   *        bidirectional mode and when when MOE is reset.
2381:Drivers/STM32WBxx_HAL_Driver/Src/stm32wbxx_hal_tim_ex.c ****   * @note  Purpose is to be able to have the input voltage back to high-state,
2382:Drivers/STM32WBxx_HAL_Driver/Src/stm32wbxx_hal_tim_ex.c ****   *        whatever the time constant on the output .
2383:Drivers/STM32WBxx_HAL_Driver/Src/stm32wbxx_hal_tim_ex.c ****   * @retval HAL status
2384:Drivers/STM32WBxx_HAL_Driver/Src/stm32wbxx_hal_tim_ex.c ****   */
2385:Drivers/STM32WBxx_HAL_Driver/Src/stm32wbxx_hal_tim_ex.c **** HAL_StatusTypeDef HAL_TIMEx_DisarmBreakInput(TIM_HandleTypeDef *htim, uint32_t BreakInput)
2386:Drivers/STM32WBxx_HAL_Driver/Src/stm32wbxx_hal_tim_ex.c **** {
2387:Drivers/STM32WBxx_HAL_Driver/Src/stm32wbxx_hal_tim_ex.c ****   HAL_StatusTypeDef status = HAL_OK;
2388:Drivers/STM32WBxx_HAL_Driver/Src/stm32wbxx_hal_tim_ex.c ****   uint32_t tmpbdtr;
2389:Drivers/STM32WBxx_HAL_Driver/Src/stm32wbxx_hal_tim_ex.c **** 
2390:Drivers/STM32WBxx_HAL_Driver/Src/stm32wbxx_hal_tim_ex.c ****   /* Check the parameters */
2391:Drivers/STM32WBxx_HAL_Driver/Src/stm32wbxx_hal_tim_ex.c ****   assert_param(IS_TIM_BREAK_INSTANCE(htim->Instance));
2392:Drivers/STM32WBxx_HAL_Driver/Src/stm32wbxx_hal_tim_ex.c ****   assert_param(IS_TIM_BREAKINPUT(BreakInput));
2393:Drivers/STM32WBxx_HAL_Driver/Src/stm32wbxx_hal_tim_ex.c **** 
2394:Drivers/STM32WBxx_HAL_Driver/Src/stm32wbxx_hal_tim_ex.c ****   switch (BreakInput)
2395:Drivers/STM32WBxx_HAL_Driver/Src/stm32wbxx_hal_tim_ex.c ****   {
2396:Drivers/STM32WBxx_HAL_Driver/Src/stm32wbxx_hal_tim_ex.c ****     case TIM_BREAKINPUT_BRK:
2397:Drivers/STM32WBxx_HAL_Driver/Src/stm32wbxx_hal_tim_ex.c ****     {
2398:Drivers/STM32WBxx_HAL_Driver/Src/stm32wbxx_hal_tim_ex.c ****       /* Check initial conditions */
2399:Drivers/STM32WBxx_HAL_Driver/Src/stm32wbxx_hal_tim_ex.c ****       tmpbdtr = READ_REG(htim->Instance->BDTR);
2400:Drivers/STM32WBxx_HAL_Driver/Src/stm32wbxx_hal_tim_ex.c ****       if ((READ_BIT(tmpbdtr, TIM_BDTR_BKBID) == TIM_BDTR_BKBID) &&
2401:Drivers/STM32WBxx_HAL_Driver/Src/stm32wbxx_hal_tim_ex.c ****           (READ_BIT(tmpbdtr, TIM_BDTR_MOE) == 0U))
2402:Drivers/STM32WBxx_HAL_Driver/Src/stm32wbxx_hal_tim_ex.c ****       {
2403:Drivers/STM32WBxx_HAL_Driver/Src/stm32wbxx_hal_tim_ex.c ****         /* Break input BRK is disarmed */
2404:Drivers/STM32WBxx_HAL_Driver/Src/stm32wbxx_hal_tim_ex.c ****         SET_BIT(htim->Instance->BDTR, TIM_BDTR_BKDSRM);
2405:Drivers/STM32WBxx_HAL_Driver/Src/stm32wbxx_hal_tim_ex.c ****       }
2406:Drivers/STM32WBxx_HAL_Driver/Src/stm32wbxx_hal_tim_ex.c ****       break;
2407:Drivers/STM32WBxx_HAL_Driver/Src/stm32wbxx_hal_tim_ex.c ****     }
2408:Drivers/STM32WBxx_HAL_Driver/Src/stm32wbxx_hal_tim_ex.c ****     case TIM_BREAKINPUT_BRK2:
2409:Drivers/STM32WBxx_HAL_Driver/Src/stm32wbxx_hal_tim_ex.c ****     {
2410:Drivers/STM32WBxx_HAL_Driver/Src/stm32wbxx_hal_tim_ex.c ****       /* Check initial conditions */
2411:Drivers/STM32WBxx_HAL_Driver/Src/stm32wbxx_hal_tim_ex.c ****       tmpbdtr = READ_REG(htim->Instance->BDTR);
2412:Drivers/STM32WBxx_HAL_Driver/Src/stm32wbxx_hal_tim_ex.c ****       if ((READ_BIT(tmpbdtr, TIM_BDTR_BK2BID) == TIM_BDTR_BK2BID) &&
2413:Drivers/STM32WBxx_HAL_Driver/Src/stm32wbxx_hal_tim_ex.c ****           (READ_BIT(tmpbdtr, TIM_BDTR_MOE) == 0U))
2414:Drivers/STM32WBxx_HAL_Driver/Src/stm32wbxx_hal_tim_ex.c ****       {
2415:Drivers/STM32WBxx_HAL_Driver/Src/stm32wbxx_hal_tim_ex.c ****         /* Break input BRK is disarmed */
2416:Drivers/STM32WBxx_HAL_Driver/Src/stm32wbxx_hal_tim_ex.c ****         SET_BIT(htim->Instance->BDTR, TIM_BDTR_BK2DSRM);
2417:Drivers/STM32WBxx_HAL_Driver/Src/stm32wbxx_hal_tim_ex.c ****       }
2418:Drivers/STM32WBxx_HAL_Driver/Src/stm32wbxx_hal_tim_ex.c ****       break;
2419:Drivers/STM32WBxx_HAL_Driver/Src/stm32wbxx_hal_tim_ex.c ****     }
2420:Drivers/STM32WBxx_HAL_Driver/Src/stm32wbxx_hal_tim_ex.c ****     default:
2421:Drivers/STM32WBxx_HAL_Driver/Src/stm32wbxx_hal_tim_ex.c ****       status = HAL_ERROR;
2422:Drivers/STM32WBxx_HAL_Driver/Src/stm32wbxx_hal_tim_ex.c ****       break;
2423:Drivers/STM32WBxx_HAL_Driver/Src/stm32wbxx_hal_tim_ex.c ****   }
2424:Drivers/STM32WBxx_HAL_Driver/Src/stm32wbxx_hal_tim_ex.c **** 
ARM GAS  /var/folders/98/ctz5mtps7w71v8dr53cf5qg40000gn/T//ccO5oMcB.s 			page 44


2425:Drivers/STM32WBxx_HAL_Driver/Src/stm32wbxx_hal_tim_ex.c ****   return status;
2426:Drivers/STM32WBxx_HAL_Driver/Src/stm32wbxx_hal_tim_ex.c **** }
2427:Drivers/STM32WBxx_HAL_Driver/Src/stm32wbxx_hal_tim_ex.c **** 
2428:Drivers/STM32WBxx_HAL_Driver/Src/stm32wbxx_hal_tim_ex.c **** /**
2429:Drivers/STM32WBxx_HAL_Driver/Src/stm32wbxx_hal_tim_ex.c ****   * @brief  Arm the designated break input (when it operates in bidirectional mode).
2430:Drivers/STM32WBxx_HAL_Driver/Src/stm32wbxx_hal_tim_ex.c ****   * @param  htim TIM handle.
2431:Drivers/STM32WBxx_HAL_Driver/Src/stm32wbxx_hal_tim_ex.c ****   * @param  BreakInput Break input to arm
2432:Drivers/STM32WBxx_HAL_Driver/Src/stm32wbxx_hal_tim_ex.c ****   *          This parameter can be one of the following values:
2433:Drivers/STM32WBxx_HAL_Driver/Src/stm32wbxx_hal_tim_ex.c ****   *            @arg TIM_BREAKINPUT_BRK: Timer break input
2434:Drivers/STM32WBxx_HAL_Driver/Src/stm32wbxx_hal_tim_ex.c ****   *            @arg TIM_BREAKINPUT_BRK2: Timer break 2 input
2435:Drivers/STM32WBxx_HAL_Driver/Src/stm32wbxx_hal_tim_ex.c ****   * @note  Arming is possible at anytime, even if fault is present.
2436:Drivers/STM32WBxx_HAL_Driver/Src/stm32wbxx_hal_tim_ex.c ****   * @note  Break input is automatically armed as soon as MOE bit is set.
2437:Drivers/STM32WBxx_HAL_Driver/Src/stm32wbxx_hal_tim_ex.c ****   * @retval HAL status
2438:Drivers/STM32WBxx_HAL_Driver/Src/stm32wbxx_hal_tim_ex.c ****   */
2439:Drivers/STM32WBxx_HAL_Driver/Src/stm32wbxx_hal_tim_ex.c **** HAL_StatusTypeDef HAL_TIMEx_ReArmBreakInput(const TIM_HandleTypeDef *htim, uint32_t BreakInput)
2440:Drivers/STM32WBxx_HAL_Driver/Src/stm32wbxx_hal_tim_ex.c **** {
2441:Drivers/STM32WBxx_HAL_Driver/Src/stm32wbxx_hal_tim_ex.c ****   HAL_StatusTypeDef status = HAL_OK;
2442:Drivers/STM32WBxx_HAL_Driver/Src/stm32wbxx_hal_tim_ex.c ****   uint32_t tickstart;
2443:Drivers/STM32WBxx_HAL_Driver/Src/stm32wbxx_hal_tim_ex.c **** 
2444:Drivers/STM32WBxx_HAL_Driver/Src/stm32wbxx_hal_tim_ex.c ****   /* Check the parameters */
2445:Drivers/STM32WBxx_HAL_Driver/Src/stm32wbxx_hal_tim_ex.c ****   assert_param(IS_TIM_BREAK_INSTANCE(htim->Instance));
2446:Drivers/STM32WBxx_HAL_Driver/Src/stm32wbxx_hal_tim_ex.c ****   assert_param(IS_TIM_BREAKINPUT(BreakInput));
2447:Drivers/STM32WBxx_HAL_Driver/Src/stm32wbxx_hal_tim_ex.c **** 
2448:Drivers/STM32WBxx_HAL_Driver/Src/stm32wbxx_hal_tim_ex.c ****   switch (BreakInput)
2449:Drivers/STM32WBxx_HAL_Driver/Src/stm32wbxx_hal_tim_ex.c ****   {
2450:Drivers/STM32WBxx_HAL_Driver/Src/stm32wbxx_hal_tim_ex.c ****     case TIM_BREAKINPUT_BRK:
2451:Drivers/STM32WBxx_HAL_Driver/Src/stm32wbxx_hal_tim_ex.c ****     {
2452:Drivers/STM32WBxx_HAL_Driver/Src/stm32wbxx_hal_tim_ex.c ****       /* Check initial conditions */
2453:Drivers/STM32WBxx_HAL_Driver/Src/stm32wbxx_hal_tim_ex.c ****       if (READ_BIT(htim->Instance->BDTR, TIM_BDTR_BKBID) == TIM_BDTR_BKBID)
2454:Drivers/STM32WBxx_HAL_Driver/Src/stm32wbxx_hal_tim_ex.c ****       {
2455:Drivers/STM32WBxx_HAL_Driver/Src/stm32wbxx_hal_tim_ex.c ****         /* Break input BRK is re-armed automatically by hardware. Poll to check whether fault condi
2456:Drivers/STM32WBxx_HAL_Driver/Src/stm32wbxx_hal_tim_ex.c ****         /* Init tickstart for timeout management */
2457:Drivers/STM32WBxx_HAL_Driver/Src/stm32wbxx_hal_tim_ex.c ****         tickstart = HAL_GetTick();
2458:Drivers/STM32WBxx_HAL_Driver/Src/stm32wbxx_hal_tim_ex.c ****         while (READ_BIT(htim->Instance->BDTR, TIM_BDTR_BKDSRM) != 0UL)
2459:Drivers/STM32WBxx_HAL_Driver/Src/stm32wbxx_hal_tim_ex.c ****         {
2460:Drivers/STM32WBxx_HAL_Driver/Src/stm32wbxx_hal_tim_ex.c ****           if ((HAL_GetTick() - tickstart) > TIM_BREAKINPUT_REARM_TIMEOUT)
2461:Drivers/STM32WBxx_HAL_Driver/Src/stm32wbxx_hal_tim_ex.c ****           {
2462:Drivers/STM32WBxx_HAL_Driver/Src/stm32wbxx_hal_tim_ex.c ****             /* New check to avoid false timeout detection in case of preemption */
2463:Drivers/STM32WBxx_HAL_Driver/Src/stm32wbxx_hal_tim_ex.c ****             if (READ_BIT(htim->Instance->BDTR, TIM_BDTR_BKDSRM) != 0UL)
2464:Drivers/STM32WBxx_HAL_Driver/Src/stm32wbxx_hal_tim_ex.c ****             {
2465:Drivers/STM32WBxx_HAL_Driver/Src/stm32wbxx_hal_tim_ex.c ****               return HAL_TIMEOUT;
2466:Drivers/STM32WBxx_HAL_Driver/Src/stm32wbxx_hal_tim_ex.c ****             }
2467:Drivers/STM32WBxx_HAL_Driver/Src/stm32wbxx_hal_tim_ex.c ****           }
2468:Drivers/STM32WBxx_HAL_Driver/Src/stm32wbxx_hal_tim_ex.c ****         }
2469:Drivers/STM32WBxx_HAL_Driver/Src/stm32wbxx_hal_tim_ex.c ****       }
2470:Drivers/STM32WBxx_HAL_Driver/Src/stm32wbxx_hal_tim_ex.c ****       break;
2471:Drivers/STM32WBxx_HAL_Driver/Src/stm32wbxx_hal_tim_ex.c ****     }
2472:Drivers/STM32WBxx_HAL_Driver/Src/stm32wbxx_hal_tim_ex.c **** 
2473:Drivers/STM32WBxx_HAL_Driver/Src/stm32wbxx_hal_tim_ex.c ****     case TIM_BREAKINPUT_BRK2:
2474:Drivers/STM32WBxx_HAL_Driver/Src/stm32wbxx_hal_tim_ex.c ****     {
2475:Drivers/STM32WBxx_HAL_Driver/Src/stm32wbxx_hal_tim_ex.c ****       /* Check initial conditions */
2476:Drivers/STM32WBxx_HAL_Driver/Src/stm32wbxx_hal_tim_ex.c ****       if (READ_BIT(htim->Instance->BDTR, TIM_BDTR_BK2BID) == TIM_BDTR_BK2BID)
2477:Drivers/STM32WBxx_HAL_Driver/Src/stm32wbxx_hal_tim_ex.c ****       {
2478:Drivers/STM32WBxx_HAL_Driver/Src/stm32wbxx_hal_tim_ex.c ****         /* Break input BRK2 is re-armed automatically by hardware. Poll to check whether fault cond
2479:Drivers/STM32WBxx_HAL_Driver/Src/stm32wbxx_hal_tim_ex.c ****         /* Init tickstart for timeout management */
2480:Drivers/STM32WBxx_HAL_Driver/Src/stm32wbxx_hal_tim_ex.c ****         tickstart = HAL_GetTick();
2481:Drivers/STM32WBxx_HAL_Driver/Src/stm32wbxx_hal_tim_ex.c ****         while (READ_BIT(htim->Instance->BDTR, TIM_BDTR_BK2DSRM) != 0UL)
ARM GAS  /var/folders/98/ctz5mtps7w71v8dr53cf5qg40000gn/T//ccO5oMcB.s 			page 45


2482:Drivers/STM32WBxx_HAL_Driver/Src/stm32wbxx_hal_tim_ex.c ****         {
2483:Drivers/STM32WBxx_HAL_Driver/Src/stm32wbxx_hal_tim_ex.c ****           if ((HAL_GetTick() - tickstart) > TIM_BREAKINPUT_REARM_TIMEOUT)
2484:Drivers/STM32WBxx_HAL_Driver/Src/stm32wbxx_hal_tim_ex.c ****           {
2485:Drivers/STM32WBxx_HAL_Driver/Src/stm32wbxx_hal_tim_ex.c ****             /* New check to avoid false timeout detection in case of preemption */
2486:Drivers/STM32WBxx_HAL_Driver/Src/stm32wbxx_hal_tim_ex.c ****             if (READ_BIT(htim->Instance->BDTR, TIM_BDTR_BK2DSRM) != 0UL)
2487:Drivers/STM32WBxx_HAL_Driver/Src/stm32wbxx_hal_tim_ex.c ****             {
2488:Drivers/STM32WBxx_HAL_Driver/Src/stm32wbxx_hal_tim_ex.c ****               return HAL_TIMEOUT;
2489:Drivers/STM32WBxx_HAL_Driver/Src/stm32wbxx_hal_tim_ex.c ****             }
2490:Drivers/STM32WBxx_HAL_Driver/Src/stm32wbxx_hal_tim_ex.c ****           }
2491:Drivers/STM32WBxx_HAL_Driver/Src/stm32wbxx_hal_tim_ex.c ****         }
2492:Drivers/STM32WBxx_HAL_Driver/Src/stm32wbxx_hal_tim_ex.c ****       }
2493:Drivers/STM32WBxx_HAL_Driver/Src/stm32wbxx_hal_tim_ex.c ****       break;
2494:Drivers/STM32WBxx_HAL_Driver/Src/stm32wbxx_hal_tim_ex.c ****     }
2495:Drivers/STM32WBxx_HAL_Driver/Src/stm32wbxx_hal_tim_ex.c ****     default:
2496:Drivers/STM32WBxx_HAL_Driver/Src/stm32wbxx_hal_tim_ex.c ****       status = HAL_ERROR;
2497:Drivers/STM32WBxx_HAL_Driver/Src/stm32wbxx_hal_tim_ex.c ****       break;
2498:Drivers/STM32WBxx_HAL_Driver/Src/stm32wbxx_hal_tim_ex.c ****   }
2499:Drivers/STM32WBxx_HAL_Driver/Src/stm32wbxx_hal_tim_ex.c **** 
2500:Drivers/STM32WBxx_HAL_Driver/Src/stm32wbxx_hal_tim_ex.c ****   return status;
2501:Drivers/STM32WBxx_HAL_Driver/Src/stm32wbxx_hal_tim_ex.c **** }
2502:Drivers/STM32WBxx_HAL_Driver/Src/stm32wbxx_hal_tim_ex.c **** 
2503:Drivers/STM32WBxx_HAL_Driver/Src/stm32wbxx_hal_tim_ex.c **** /**
2504:Drivers/STM32WBxx_HAL_Driver/Src/stm32wbxx_hal_tim_ex.c ****   * @}
2505:Drivers/STM32WBxx_HAL_Driver/Src/stm32wbxx_hal_tim_ex.c ****   */
2506:Drivers/STM32WBxx_HAL_Driver/Src/stm32wbxx_hal_tim_ex.c **** 
2507:Drivers/STM32WBxx_HAL_Driver/Src/stm32wbxx_hal_tim_ex.c **** /** @defgroup TIMEx_Exported_Functions_Group6 Extended Callbacks functions
2508:Drivers/STM32WBxx_HAL_Driver/Src/stm32wbxx_hal_tim_ex.c ****   * @brief    Extended Callbacks functions
2509:Drivers/STM32WBxx_HAL_Driver/Src/stm32wbxx_hal_tim_ex.c ****   *
2510:Drivers/STM32WBxx_HAL_Driver/Src/stm32wbxx_hal_tim_ex.c **** @verbatim
2511:Drivers/STM32WBxx_HAL_Driver/Src/stm32wbxx_hal_tim_ex.c ****   ==============================================================================
2512:Drivers/STM32WBxx_HAL_Driver/Src/stm32wbxx_hal_tim_ex.c ****                     ##### Extended Callbacks functions #####
2513:Drivers/STM32WBxx_HAL_Driver/Src/stm32wbxx_hal_tim_ex.c ****   ==============================================================================
2514:Drivers/STM32WBxx_HAL_Driver/Src/stm32wbxx_hal_tim_ex.c ****   [..]
2515:Drivers/STM32WBxx_HAL_Driver/Src/stm32wbxx_hal_tim_ex.c ****     This section provides Extended TIM callback functions:
2516:Drivers/STM32WBxx_HAL_Driver/Src/stm32wbxx_hal_tim_ex.c ****     (+) Timer Commutation callback
2517:Drivers/STM32WBxx_HAL_Driver/Src/stm32wbxx_hal_tim_ex.c ****     (+) Timer Break callback
2518:Drivers/STM32WBxx_HAL_Driver/Src/stm32wbxx_hal_tim_ex.c **** 
2519:Drivers/STM32WBxx_HAL_Driver/Src/stm32wbxx_hal_tim_ex.c **** @endverbatim
2520:Drivers/STM32WBxx_HAL_Driver/Src/stm32wbxx_hal_tim_ex.c ****   * @{
2521:Drivers/STM32WBxx_HAL_Driver/Src/stm32wbxx_hal_tim_ex.c ****   */
2522:Drivers/STM32WBxx_HAL_Driver/Src/stm32wbxx_hal_tim_ex.c **** 
2523:Drivers/STM32WBxx_HAL_Driver/Src/stm32wbxx_hal_tim_ex.c **** /**
2524:Drivers/STM32WBxx_HAL_Driver/Src/stm32wbxx_hal_tim_ex.c ****   * @brief  Commutation callback in non-blocking mode
2525:Drivers/STM32WBxx_HAL_Driver/Src/stm32wbxx_hal_tim_ex.c ****   * @param  htim TIM handle
2526:Drivers/STM32WBxx_HAL_Driver/Src/stm32wbxx_hal_tim_ex.c ****   * @retval None
2527:Drivers/STM32WBxx_HAL_Driver/Src/stm32wbxx_hal_tim_ex.c ****   */
2528:Drivers/STM32WBxx_HAL_Driver/Src/stm32wbxx_hal_tim_ex.c **** __weak void HAL_TIMEx_CommutCallback(TIM_HandleTypeDef *htim)
2529:Drivers/STM32WBxx_HAL_Driver/Src/stm32wbxx_hal_tim_ex.c **** {
2530:Drivers/STM32WBxx_HAL_Driver/Src/stm32wbxx_hal_tim_ex.c ****   /* Prevent unused argument(s) compilation warning */
2531:Drivers/STM32WBxx_HAL_Driver/Src/stm32wbxx_hal_tim_ex.c ****   UNUSED(htim);
2532:Drivers/STM32WBxx_HAL_Driver/Src/stm32wbxx_hal_tim_ex.c **** 
2533:Drivers/STM32WBxx_HAL_Driver/Src/stm32wbxx_hal_tim_ex.c ****   /* NOTE : This function should not be modified, when the callback is needed,
2534:Drivers/STM32WBxx_HAL_Driver/Src/stm32wbxx_hal_tim_ex.c ****             the HAL_TIMEx_CommutCallback could be implemented in the user file
2535:Drivers/STM32WBxx_HAL_Driver/Src/stm32wbxx_hal_tim_ex.c ****    */
2536:Drivers/STM32WBxx_HAL_Driver/Src/stm32wbxx_hal_tim_ex.c **** }
2537:Drivers/STM32WBxx_HAL_Driver/Src/stm32wbxx_hal_tim_ex.c **** /**
2538:Drivers/STM32WBxx_HAL_Driver/Src/stm32wbxx_hal_tim_ex.c ****   * @brief  Commutation half complete callback in non-blocking mode
ARM GAS  /var/folders/98/ctz5mtps7w71v8dr53cf5qg40000gn/T//ccO5oMcB.s 			page 46


2539:Drivers/STM32WBxx_HAL_Driver/Src/stm32wbxx_hal_tim_ex.c ****   * @param  htim TIM handle
2540:Drivers/STM32WBxx_HAL_Driver/Src/stm32wbxx_hal_tim_ex.c ****   * @retval None
2541:Drivers/STM32WBxx_HAL_Driver/Src/stm32wbxx_hal_tim_ex.c ****   */
2542:Drivers/STM32WBxx_HAL_Driver/Src/stm32wbxx_hal_tim_ex.c **** __weak void HAL_TIMEx_CommutHalfCpltCallback(TIM_HandleTypeDef *htim)
2543:Drivers/STM32WBxx_HAL_Driver/Src/stm32wbxx_hal_tim_ex.c **** {
2544:Drivers/STM32WBxx_HAL_Driver/Src/stm32wbxx_hal_tim_ex.c ****   /* Prevent unused argument(s) compilation warning */
2545:Drivers/STM32WBxx_HAL_Driver/Src/stm32wbxx_hal_tim_ex.c ****   UNUSED(htim);
2546:Drivers/STM32WBxx_HAL_Driver/Src/stm32wbxx_hal_tim_ex.c **** 
2547:Drivers/STM32WBxx_HAL_Driver/Src/stm32wbxx_hal_tim_ex.c ****   /* NOTE : This function should not be modified, when the callback is needed,
2548:Drivers/STM32WBxx_HAL_Driver/Src/stm32wbxx_hal_tim_ex.c ****             the HAL_TIMEx_CommutHalfCpltCallback could be implemented in the user file
2549:Drivers/STM32WBxx_HAL_Driver/Src/stm32wbxx_hal_tim_ex.c ****    */
2550:Drivers/STM32WBxx_HAL_Driver/Src/stm32wbxx_hal_tim_ex.c **** }
2551:Drivers/STM32WBxx_HAL_Driver/Src/stm32wbxx_hal_tim_ex.c **** 
2552:Drivers/STM32WBxx_HAL_Driver/Src/stm32wbxx_hal_tim_ex.c **** /**
2553:Drivers/STM32WBxx_HAL_Driver/Src/stm32wbxx_hal_tim_ex.c ****   * @brief  Break detection callback in non-blocking mode
2554:Drivers/STM32WBxx_HAL_Driver/Src/stm32wbxx_hal_tim_ex.c ****   * @param  htim TIM handle
2555:Drivers/STM32WBxx_HAL_Driver/Src/stm32wbxx_hal_tim_ex.c ****   * @retval None
2556:Drivers/STM32WBxx_HAL_Driver/Src/stm32wbxx_hal_tim_ex.c ****   */
2557:Drivers/STM32WBxx_HAL_Driver/Src/stm32wbxx_hal_tim_ex.c **** __weak void HAL_TIMEx_BreakCallback(TIM_HandleTypeDef *htim)
2558:Drivers/STM32WBxx_HAL_Driver/Src/stm32wbxx_hal_tim_ex.c **** {
2559:Drivers/STM32WBxx_HAL_Driver/Src/stm32wbxx_hal_tim_ex.c ****   /* Prevent unused argument(s) compilation warning */
2560:Drivers/STM32WBxx_HAL_Driver/Src/stm32wbxx_hal_tim_ex.c ****   UNUSED(htim);
2561:Drivers/STM32WBxx_HAL_Driver/Src/stm32wbxx_hal_tim_ex.c **** 
2562:Drivers/STM32WBxx_HAL_Driver/Src/stm32wbxx_hal_tim_ex.c ****   /* NOTE : This function should not be modified, when the callback is needed,
2563:Drivers/STM32WBxx_HAL_Driver/Src/stm32wbxx_hal_tim_ex.c ****             the HAL_TIMEx_BreakCallback could be implemented in the user file
2564:Drivers/STM32WBxx_HAL_Driver/Src/stm32wbxx_hal_tim_ex.c ****    */
2565:Drivers/STM32WBxx_HAL_Driver/Src/stm32wbxx_hal_tim_ex.c **** }
2566:Drivers/STM32WBxx_HAL_Driver/Src/stm32wbxx_hal_tim_ex.c **** 
2567:Drivers/STM32WBxx_HAL_Driver/Src/stm32wbxx_hal_tim_ex.c **** /**
2568:Drivers/STM32WBxx_HAL_Driver/Src/stm32wbxx_hal_tim_ex.c ****   * @brief  Break2 detection callback in non blocking mode
2569:Drivers/STM32WBxx_HAL_Driver/Src/stm32wbxx_hal_tim_ex.c ****   * @param  htim: TIM handle
2570:Drivers/STM32WBxx_HAL_Driver/Src/stm32wbxx_hal_tim_ex.c ****   * @retval None
2571:Drivers/STM32WBxx_HAL_Driver/Src/stm32wbxx_hal_tim_ex.c ****   */
2572:Drivers/STM32WBxx_HAL_Driver/Src/stm32wbxx_hal_tim_ex.c **** __weak void HAL_TIMEx_Break2Callback(TIM_HandleTypeDef *htim)
2573:Drivers/STM32WBxx_HAL_Driver/Src/stm32wbxx_hal_tim_ex.c **** {
2574:Drivers/STM32WBxx_HAL_Driver/Src/stm32wbxx_hal_tim_ex.c ****   /* Prevent unused argument(s) compilation warning */
2575:Drivers/STM32WBxx_HAL_Driver/Src/stm32wbxx_hal_tim_ex.c ****   UNUSED(htim);
2576:Drivers/STM32WBxx_HAL_Driver/Src/stm32wbxx_hal_tim_ex.c **** 
2577:Drivers/STM32WBxx_HAL_Driver/Src/stm32wbxx_hal_tim_ex.c ****   /* NOTE : This function Should not be modified, when the callback is needed,
2578:Drivers/STM32WBxx_HAL_Driver/Src/stm32wbxx_hal_tim_ex.c ****             the HAL_TIMEx_Break2Callback could be implemented in the user file
2579:Drivers/STM32WBxx_HAL_Driver/Src/stm32wbxx_hal_tim_ex.c ****    */
2580:Drivers/STM32WBxx_HAL_Driver/Src/stm32wbxx_hal_tim_ex.c **** }
2581:Drivers/STM32WBxx_HAL_Driver/Src/stm32wbxx_hal_tim_ex.c **** /**
2582:Drivers/STM32WBxx_HAL_Driver/Src/stm32wbxx_hal_tim_ex.c ****   * @}
2583:Drivers/STM32WBxx_HAL_Driver/Src/stm32wbxx_hal_tim_ex.c ****   */
2584:Drivers/STM32WBxx_HAL_Driver/Src/stm32wbxx_hal_tim_ex.c **** 
2585:Drivers/STM32WBxx_HAL_Driver/Src/stm32wbxx_hal_tim_ex.c **** /** @defgroup TIMEx_Exported_Functions_Group7 Extended Peripheral State functions
2586:Drivers/STM32WBxx_HAL_Driver/Src/stm32wbxx_hal_tim_ex.c ****   * @brief    Extended Peripheral State functions
2587:Drivers/STM32WBxx_HAL_Driver/Src/stm32wbxx_hal_tim_ex.c ****   *
2588:Drivers/STM32WBxx_HAL_Driver/Src/stm32wbxx_hal_tim_ex.c **** @verbatim
2589:Drivers/STM32WBxx_HAL_Driver/Src/stm32wbxx_hal_tim_ex.c ****   ==============================================================================
2590:Drivers/STM32WBxx_HAL_Driver/Src/stm32wbxx_hal_tim_ex.c ****                 ##### Extended Peripheral State functions #####
2591:Drivers/STM32WBxx_HAL_Driver/Src/stm32wbxx_hal_tim_ex.c ****   ==============================================================================
2592:Drivers/STM32WBxx_HAL_Driver/Src/stm32wbxx_hal_tim_ex.c ****   [..]
2593:Drivers/STM32WBxx_HAL_Driver/Src/stm32wbxx_hal_tim_ex.c ****     This subsection permits to get in run-time the status of the peripheral
2594:Drivers/STM32WBxx_HAL_Driver/Src/stm32wbxx_hal_tim_ex.c ****     and the data flow.
2595:Drivers/STM32WBxx_HAL_Driver/Src/stm32wbxx_hal_tim_ex.c **** 
ARM GAS  /var/folders/98/ctz5mtps7w71v8dr53cf5qg40000gn/T//ccO5oMcB.s 			page 47


2596:Drivers/STM32WBxx_HAL_Driver/Src/stm32wbxx_hal_tim_ex.c **** @endverbatim
2597:Drivers/STM32WBxx_HAL_Driver/Src/stm32wbxx_hal_tim_ex.c ****   * @{
2598:Drivers/STM32WBxx_HAL_Driver/Src/stm32wbxx_hal_tim_ex.c ****   */
2599:Drivers/STM32WBxx_HAL_Driver/Src/stm32wbxx_hal_tim_ex.c **** 
2600:Drivers/STM32WBxx_HAL_Driver/Src/stm32wbxx_hal_tim_ex.c **** /**
2601:Drivers/STM32WBxx_HAL_Driver/Src/stm32wbxx_hal_tim_ex.c ****   * @brief  Return the TIM Hall Sensor interface handle state.
2602:Drivers/STM32WBxx_HAL_Driver/Src/stm32wbxx_hal_tim_ex.c ****   * @param  htim TIM Hall Sensor handle
2603:Drivers/STM32WBxx_HAL_Driver/Src/stm32wbxx_hal_tim_ex.c ****   * @retval HAL state
2604:Drivers/STM32WBxx_HAL_Driver/Src/stm32wbxx_hal_tim_ex.c ****   */
2605:Drivers/STM32WBxx_HAL_Driver/Src/stm32wbxx_hal_tim_ex.c **** HAL_TIM_StateTypeDef HAL_TIMEx_HallSensor_GetState(const TIM_HandleTypeDef *htim)
2606:Drivers/STM32WBxx_HAL_Driver/Src/stm32wbxx_hal_tim_ex.c **** {
2607:Drivers/STM32WBxx_HAL_Driver/Src/stm32wbxx_hal_tim_ex.c ****   return htim->State;
2608:Drivers/STM32WBxx_HAL_Driver/Src/stm32wbxx_hal_tim_ex.c **** }
2609:Drivers/STM32WBxx_HAL_Driver/Src/stm32wbxx_hal_tim_ex.c **** 
2610:Drivers/STM32WBxx_HAL_Driver/Src/stm32wbxx_hal_tim_ex.c **** /**
2611:Drivers/STM32WBxx_HAL_Driver/Src/stm32wbxx_hal_tim_ex.c ****   * @brief  Return actual state of the TIM complementary channel.
2612:Drivers/STM32WBxx_HAL_Driver/Src/stm32wbxx_hal_tim_ex.c ****   * @param  htim TIM handle
2613:Drivers/STM32WBxx_HAL_Driver/Src/stm32wbxx_hal_tim_ex.c ****   * @param  ChannelN TIM Complementary channel
2614:Drivers/STM32WBxx_HAL_Driver/Src/stm32wbxx_hal_tim_ex.c ****   *          This parameter can be one of the following values:
2615:Drivers/STM32WBxx_HAL_Driver/Src/stm32wbxx_hal_tim_ex.c ****   *            @arg TIM_CHANNEL_1: TIM Channel 1
2616:Drivers/STM32WBxx_HAL_Driver/Src/stm32wbxx_hal_tim_ex.c ****   *            @arg TIM_CHANNEL_2: TIM Channel 2
2617:Drivers/STM32WBxx_HAL_Driver/Src/stm32wbxx_hal_tim_ex.c ****   *            @arg TIM_CHANNEL_3: TIM Channel 3
2618:Drivers/STM32WBxx_HAL_Driver/Src/stm32wbxx_hal_tim_ex.c ****   * @retval TIM Complementary channel state
2619:Drivers/STM32WBxx_HAL_Driver/Src/stm32wbxx_hal_tim_ex.c ****   */
2620:Drivers/STM32WBxx_HAL_Driver/Src/stm32wbxx_hal_tim_ex.c **** HAL_TIM_ChannelStateTypeDef HAL_TIMEx_GetChannelNState(const TIM_HandleTypeDef *htim,  uint32_t Cha
2621:Drivers/STM32WBxx_HAL_Driver/Src/stm32wbxx_hal_tim_ex.c **** {
2622:Drivers/STM32WBxx_HAL_Driver/Src/stm32wbxx_hal_tim_ex.c ****   HAL_TIM_ChannelStateTypeDef channel_state;
2623:Drivers/STM32WBxx_HAL_Driver/Src/stm32wbxx_hal_tim_ex.c **** 
2624:Drivers/STM32WBxx_HAL_Driver/Src/stm32wbxx_hal_tim_ex.c ****   /* Check the parameters */
2625:Drivers/STM32WBxx_HAL_Driver/Src/stm32wbxx_hal_tim_ex.c ****   assert_param(IS_TIM_CCXN_INSTANCE(htim->Instance, ChannelN));
2626:Drivers/STM32WBxx_HAL_Driver/Src/stm32wbxx_hal_tim_ex.c **** 
2627:Drivers/STM32WBxx_HAL_Driver/Src/stm32wbxx_hal_tim_ex.c ****   channel_state = TIM_CHANNEL_N_STATE_GET(htim, ChannelN);
2628:Drivers/STM32WBxx_HAL_Driver/Src/stm32wbxx_hal_tim_ex.c **** 
2629:Drivers/STM32WBxx_HAL_Driver/Src/stm32wbxx_hal_tim_ex.c ****   return channel_state;
2630:Drivers/STM32WBxx_HAL_Driver/Src/stm32wbxx_hal_tim_ex.c **** }
2631:Drivers/STM32WBxx_HAL_Driver/Src/stm32wbxx_hal_tim_ex.c **** /**
2632:Drivers/STM32WBxx_HAL_Driver/Src/stm32wbxx_hal_tim_ex.c ****   * @}
2633:Drivers/STM32WBxx_HAL_Driver/Src/stm32wbxx_hal_tim_ex.c ****   */
2634:Drivers/STM32WBxx_HAL_Driver/Src/stm32wbxx_hal_tim_ex.c **** 
2635:Drivers/STM32WBxx_HAL_Driver/Src/stm32wbxx_hal_tim_ex.c **** /**
2636:Drivers/STM32WBxx_HAL_Driver/Src/stm32wbxx_hal_tim_ex.c ****   * @}
2637:Drivers/STM32WBxx_HAL_Driver/Src/stm32wbxx_hal_tim_ex.c ****   */
2638:Drivers/STM32WBxx_HAL_Driver/Src/stm32wbxx_hal_tim_ex.c **** 
2639:Drivers/STM32WBxx_HAL_Driver/Src/stm32wbxx_hal_tim_ex.c **** /* Private functions ---------------------------------------------------------*/
2640:Drivers/STM32WBxx_HAL_Driver/Src/stm32wbxx_hal_tim_ex.c **** /** @defgroup TIMEx_Private_Functions TIM Extended Private Functions
2641:Drivers/STM32WBxx_HAL_Driver/Src/stm32wbxx_hal_tim_ex.c ****   * @{
2642:Drivers/STM32WBxx_HAL_Driver/Src/stm32wbxx_hal_tim_ex.c ****   */
2643:Drivers/STM32WBxx_HAL_Driver/Src/stm32wbxx_hal_tim_ex.c **** 
2644:Drivers/STM32WBxx_HAL_Driver/Src/stm32wbxx_hal_tim_ex.c **** /**
2645:Drivers/STM32WBxx_HAL_Driver/Src/stm32wbxx_hal_tim_ex.c ****   * @brief  TIM DMA Commutation callback.
2646:Drivers/STM32WBxx_HAL_Driver/Src/stm32wbxx_hal_tim_ex.c ****   * @param  hdma pointer to DMA handle.
2647:Drivers/STM32WBxx_HAL_Driver/Src/stm32wbxx_hal_tim_ex.c ****   * @retval None
2648:Drivers/STM32WBxx_HAL_Driver/Src/stm32wbxx_hal_tim_ex.c ****   */
2649:Drivers/STM32WBxx_HAL_Driver/Src/stm32wbxx_hal_tim_ex.c **** void TIMEx_DMACommutationCplt(DMA_HandleTypeDef *hdma)
2650:Drivers/STM32WBxx_HAL_Driver/Src/stm32wbxx_hal_tim_ex.c **** {
2651:Drivers/STM32WBxx_HAL_Driver/Src/stm32wbxx_hal_tim_ex.c ****   TIM_HandleTypeDef *htim = (TIM_HandleTypeDef *)((DMA_HandleTypeDef *)hdma)->Parent;
2652:Drivers/STM32WBxx_HAL_Driver/Src/stm32wbxx_hal_tim_ex.c **** 
ARM GAS  /var/folders/98/ctz5mtps7w71v8dr53cf5qg40000gn/T//ccO5oMcB.s 			page 48


2653:Drivers/STM32WBxx_HAL_Driver/Src/stm32wbxx_hal_tim_ex.c ****   /* Change the htim state */
2654:Drivers/STM32WBxx_HAL_Driver/Src/stm32wbxx_hal_tim_ex.c ****   htim->State = HAL_TIM_STATE_READY;
2655:Drivers/STM32WBxx_HAL_Driver/Src/stm32wbxx_hal_tim_ex.c **** 
2656:Drivers/STM32WBxx_HAL_Driver/Src/stm32wbxx_hal_tim_ex.c **** #if (USE_HAL_TIM_REGISTER_CALLBACKS == 1)
2657:Drivers/STM32WBxx_HAL_Driver/Src/stm32wbxx_hal_tim_ex.c ****   htim->CommutationCallback(htim);
2658:Drivers/STM32WBxx_HAL_Driver/Src/stm32wbxx_hal_tim_ex.c **** #else
2659:Drivers/STM32WBxx_HAL_Driver/Src/stm32wbxx_hal_tim_ex.c ****   HAL_TIMEx_CommutCallback(htim);
2660:Drivers/STM32WBxx_HAL_Driver/Src/stm32wbxx_hal_tim_ex.c **** #endif /* USE_HAL_TIM_REGISTER_CALLBACKS */
2661:Drivers/STM32WBxx_HAL_Driver/Src/stm32wbxx_hal_tim_ex.c **** }
2662:Drivers/STM32WBxx_HAL_Driver/Src/stm32wbxx_hal_tim_ex.c **** 
2663:Drivers/STM32WBxx_HAL_Driver/Src/stm32wbxx_hal_tim_ex.c **** /**
2664:Drivers/STM32WBxx_HAL_Driver/Src/stm32wbxx_hal_tim_ex.c ****   * @brief  TIM DMA Commutation half complete callback.
2665:Drivers/STM32WBxx_HAL_Driver/Src/stm32wbxx_hal_tim_ex.c ****   * @param  hdma pointer to DMA handle.
2666:Drivers/STM32WBxx_HAL_Driver/Src/stm32wbxx_hal_tim_ex.c ****   * @retval None
2667:Drivers/STM32WBxx_HAL_Driver/Src/stm32wbxx_hal_tim_ex.c ****   */
2668:Drivers/STM32WBxx_HAL_Driver/Src/stm32wbxx_hal_tim_ex.c **** void TIMEx_DMACommutationHalfCplt(DMA_HandleTypeDef *hdma)
2669:Drivers/STM32WBxx_HAL_Driver/Src/stm32wbxx_hal_tim_ex.c **** {
2670:Drivers/STM32WBxx_HAL_Driver/Src/stm32wbxx_hal_tim_ex.c ****   TIM_HandleTypeDef *htim = (TIM_HandleTypeDef *)((DMA_HandleTypeDef *)hdma)->Parent;
2671:Drivers/STM32WBxx_HAL_Driver/Src/stm32wbxx_hal_tim_ex.c **** 
2672:Drivers/STM32WBxx_HAL_Driver/Src/stm32wbxx_hal_tim_ex.c ****   /* Change the htim state */
2673:Drivers/STM32WBxx_HAL_Driver/Src/stm32wbxx_hal_tim_ex.c ****   htim->State = HAL_TIM_STATE_READY;
2674:Drivers/STM32WBxx_HAL_Driver/Src/stm32wbxx_hal_tim_ex.c **** 
2675:Drivers/STM32WBxx_HAL_Driver/Src/stm32wbxx_hal_tim_ex.c **** #if (USE_HAL_TIM_REGISTER_CALLBACKS == 1)
2676:Drivers/STM32WBxx_HAL_Driver/Src/stm32wbxx_hal_tim_ex.c ****   htim->CommutationHalfCpltCallback(htim);
2677:Drivers/STM32WBxx_HAL_Driver/Src/stm32wbxx_hal_tim_ex.c **** #else
2678:Drivers/STM32WBxx_HAL_Driver/Src/stm32wbxx_hal_tim_ex.c ****   HAL_TIMEx_CommutHalfCpltCallback(htim);
2679:Drivers/STM32WBxx_HAL_Driver/Src/stm32wbxx_hal_tim_ex.c **** #endif /* USE_HAL_TIM_REGISTER_CALLBACKS */
2680:Drivers/STM32WBxx_HAL_Driver/Src/stm32wbxx_hal_tim_ex.c **** }
2681:Drivers/STM32WBxx_HAL_Driver/Src/stm32wbxx_hal_tim_ex.c **** 
2682:Drivers/STM32WBxx_HAL_Driver/Src/stm32wbxx_hal_tim_ex.c **** 
2683:Drivers/STM32WBxx_HAL_Driver/Src/stm32wbxx_hal_tim_ex.c **** /**
2684:Drivers/STM32WBxx_HAL_Driver/Src/stm32wbxx_hal_tim_ex.c ****   * @brief  TIM DMA Delay Pulse complete callback (complementary channel).
2685:Drivers/STM32WBxx_HAL_Driver/Src/stm32wbxx_hal_tim_ex.c ****   * @param  hdma pointer to DMA handle.
2686:Drivers/STM32WBxx_HAL_Driver/Src/stm32wbxx_hal_tim_ex.c ****   * @retval None
2687:Drivers/STM32WBxx_HAL_Driver/Src/stm32wbxx_hal_tim_ex.c ****   */
2688:Drivers/STM32WBxx_HAL_Driver/Src/stm32wbxx_hal_tim_ex.c **** static void TIM_DMADelayPulseNCplt(DMA_HandleTypeDef *hdma)
2689:Drivers/STM32WBxx_HAL_Driver/Src/stm32wbxx_hal_tim_ex.c **** {
2690:Drivers/STM32WBxx_HAL_Driver/Src/stm32wbxx_hal_tim_ex.c ****   TIM_HandleTypeDef *htim = (TIM_HandleTypeDef *)((DMA_HandleTypeDef *)hdma)->Parent;
2691:Drivers/STM32WBxx_HAL_Driver/Src/stm32wbxx_hal_tim_ex.c **** 
2692:Drivers/STM32WBxx_HAL_Driver/Src/stm32wbxx_hal_tim_ex.c ****   if (hdma == htim->hdma[TIM_DMA_ID_CC1])
2693:Drivers/STM32WBxx_HAL_Driver/Src/stm32wbxx_hal_tim_ex.c ****   {
2694:Drivers/STM32WBxx_HAL_Driver/Src/stm32wbxx_hal_tim_ex.c ****     htim->Channel = HAL_TIM_ACTIVE_CHANNEL_1;
2695:Drivers/STM32WBxx_HAL_Driver/Src/stm32wbxx_hal_tim_ex.c **** 
2696:Drivers/STM32WBxx_HAL_Driver/Src/stm32wbxx_hal_tim_ex.c ****     if (hdma->Init.Mode == DMA_NORMAL)
2697:Drivers/STM32WBxx_HAL_Driver/Src/stm32wbxx_hal_tim_ex.c ****     {
2698:Drivers/STM32WBxx_HAL_Driver/Src/stm32wbxx_hal_tim_ex.c ****       TIM_CHANNEL_N_STATE_SET(htim, TIM_CHANNEL_1, HAL_TIM_CHANNEL_STATE_READY);
2699:Drivers/STM32WBxx_HAL_Driver/Src/stm32wbxx_hal_tim_ex.c ****     }
2700:Drivers/STM32WBxx_HAL_Driver/Src/stm32wbxx_hal_tim_ex.c ****   }
2701:Drivers/STM32WBxx_HAL_Driver/Src/stm32wbxx_hal_tim_ex.c ****   else if (hdma == htim->hdma[TIM_DMA_ID_CC2])
2702:Drivers/STM32WBxx_HAL_Driver/Src/stm32wbxx_hal_tim_ex.c ****   {
2703:Drivers/STM32WBxx_HAL_Driver/Src/stm32wbxx_hal_tim_ex.c ****     htim->Channel = HAL_TIM_ACTIVE_CHANNEL_2;
2704:Drivers/STM32WBxx_HAL_Driver/Src/stm32wbxx_hal_tim_ex.c **** 
2705:Drivers/STM32WBxx_HAL_Driver/Src/stm32wbxx_hal_tim_ex.c ****     if (hdma->Init.Mode == DMA_NORMAL)
2706:Drivers/STM32WBxx_HAL_Driver/Src/stm32wbxx_hal_tim_ex.c ****     {
2707:Drivers/STM32WBxx_HAL_Driver/Src/stm32wbxx_hal_tim_ex.c ****       TIM_CHANNEL_N_STATE_SET(htim, TIM_CHANNEL_2, HAL_TIM_CHANNEL_STATE_READY);
2708:Drivers/STM32WBxx_HAL_Driver/Src/stm32wbxx_hal_tim_ex.c ****     }
2709:Drivers/STM32WBxx_HAL_Driver/Src/stm32wbxx_hal_tim_ex.c ****   }
ARM GAS  /var/folders/98/ctz5mtps7w71v8dr53cf5qg40000gn/T//ccO5oMcB.s 			page 49


2710:Drivers/STM32WBxx_HAL_Driver/Src/stm32wbxx_hal_tim_ex.c ****   else if (hdma == htim->hdma[TIM_DMA_ID_CC3])
2711:Drivers/STM32WBxx_HAL_Driver/Src/stm32wbxx_hal_tim_ex.c ****   {
2712:Drivers/STM32WBxx_HAL_Driver/Src/stm32wbxx_hal_tim_ex.c ****     htim->Channel = HAL_TIM_ACTIVE_CHANNEL_3;
2713:Drivers/STM32WBxx_HAL_Driver/Src/stm32wbxx_hal_tim_ex.c **** 
2714:Drivers/STM32WBxx_HAL_Driver/Src/stm32wbxx_hal_tim_ex.c ****     if (hdma->Init.Mode == DMA_NORMAL)
2715:Drivers/STM32WBxx_HAL_Driver/Src/stm32wbxx_hal_tim_ex.c ****     {
2716:Drivers/STM32WBxx_HAL_Driver/Src/stm32wbxx_hal_tim_ex.c ****       TIM_CHANNEL_N_STATE_SET(htim, TIM_CHANNEL_3, HAL_TIM_CHANNEL_STATE_READY);
2717:Drivers/STM32WBxx_HAL_Driver/Src/stm32wbxx_hal_tim_ex.c ****     }
2718:Drivers/STM32WBxx_HAL_Driver/Src/stm32wbxx_hal_tim_ex.c ****   }
2719:Drivers/STM32WBxx_HAL_Driver/Src/stm32wbxx_hal_tim_ex.c ****   else
2720:Drivers/STM32WBxx_HAL_Driver/Src/stm32wbxx_hal_tim_ex.c ****   {
2721:Drivers/STM32WBxx_HAL_Driver/Src/stm32wbxx_hal_tim_ex.c ****     /* nothing to do */
2722:Drivers/STM32WBxx_HAL_Driver/Src/stm32wbxx_hal_tim_ex.c ****   }
2723:Drivers/STM32WBxx_HAL_Driver/Src/stm32wbxx_hal_tim_ex.c **** 
2724:Drivers/STM32WBxx_HAL_Driver/Src/stm32wbxx_hal_tim_ex.c **** #if (USE_HAL_TIM_REGISTER_CALLBACKS == 1)
2725:Drivers/STM32WBxx_HAL_Driver/Src/stm32wbxx_hal_tim_ex.c ****   htim->PWM_PulseFinishedCallback(htim);
2726:Drivers/STM32WBxx_HAL_Driver/Src/stm32wbxx_hal_tim_ex.c **** #else
2727:Drivers/STM32WBxx_HAL_Driver/Src/stm32wbxx_hal_tim_ex.c ****   HAL_TIM_PWM_PulseFinishedCallback(htim);
2728:Drivers/STM32WBxx_HAL_Driver/Src/stm32wbxx_hal_tim_ex.c **** #endif /* USE_HAL_TIM_REGISTER_CALLBACKS */
2729:Drivers/STM32WBxx_HAL_Driver/Src/stm32wbxx_hal_tim_ex.c **** 
2730:Drivers/STM32WBxx_HAL_Driver/Src/stm32wbxx_hal_tim_ex.c ****   htim->Channel = HAL_TIM_ACTIVE_CHANNEL_CLEARED;
2731:Drivers/STM32WBxx_HAL_Driver/Src/stm32wbxx_hal_tim_ex.c **** }
2732:Drivers/STM32WBxx_HAL_Driver/Src/stm32wbxx_hal_tim_ex.c **** 
2733:Drivers/STM32WBxx_HAL_Driver/Src/stm32wbxx_hal_tim_ex.c **** /**
2734:Drivers/STM32WBxx_HAL_Driver/Src/stm32wbxx_hal_tim_ex.c ****   * @brief  TIM DMA error callback (complementary channel)
2735:Drivers/STM32WBxx_HAL_Driver/Src/stm32wbxx_hal_tim_ex.c ****   * @param  hdma pointer to DMA handle.
2736:Drivers/STM32WBxx_HAL_Driver/Src/stm32wbxx_hal_tim_ex.c ****   * @retval None
2737:Drivers/STM32WBxx_HAL_Driver/Src/stm32wbxx_hal_tim_ex.c ****   */
2738:Drivers/STM32WBxx_HAL_Driver/Src/stm32wbxx_hal_tim_ex.c **** static void TIM_DMAErrorCCxN(DMA_HandleTypeDef *hdma)
2739:Drivers/STM32WBxx_HAL_Driver/Src/stm32wbxx_hal_tim_ex.c **** {
2740:Drivers/STM32WBxx_HAL_Driver/Src/stm32wbxx_hal_tim_ex.c ****   TIM_HandleTypeDef *htim = (TIM_HandleTypeDef *)((DMA_HandleTypeDef *)hdma)->Parent;
2741:Drivers/STM32WBxx_HAL_Driver/Src/stm32wbxx_hal_tim_ex.c **** 
2742:Drivers/STM32WBxx_HAL_Driver/Src/stm32wbxx_hal_tim_ex.c ****   if (hdma == htim->hdma[TIM_DMA_ID_CC1])
2743:Drivers/STM32WBxx_HAL_Driver/Src/stm32wbxx_hal_tim_ex.c ****   {
2744:Drivers/STM32WBxx_HAL_Driver/Src/stm32wbxx_hal_tim_ex.c ****     htim->Channel = HAL_TIM_ACTIVE_CHANNEL_1;
2745:Drivers/STM32WBxx_HAL_Driver/Src/stm32wbxx_hal_tim_ex.c ****     TIM_CHANNEL_N_STATE_SET(htim, TIM_CHANNEL_1, HAL_TIM_CHANNEL_STATE_READY);
2746:Drivers/STM32WBxx_HAL_Driver/Src/stm32wbxx_hal_tim_ex.c ****   }
2747:Drivers/STM32WBxx_HAL_Driver/Src/stm32wbxx_hal_tim_ex.c ****   else if (hdma == htim->hdma[TIM_DMA_ID_CC2])
2748:Drivers/STM32WBxx_HAL_Driver/Src/stm32wbxx_hal_tim_ex.c ****   {
2749:Drivers/STM32WBxx_HAL_Driver/Src/stm32wbxx_hal_tim_ex.c ****     htim->Channel = HAL_TIM_ACTIVE_CHANNEL_2;
2750:Drivers/STM32WBxx_HAL_Driver/Src/stm32wbxx_hal_tim_ex.c ****     TIM_CHANNEL_N_STATE_SET(htim, TIM_CHANNEL_2, HAL_TIM_CHANNEL_STATE_READY);
2751:Drivers/STM32WBxx_HAL_Driver/Src/stm32wbxx_hal_tim_ex.c ****   }
2752:Drivers/STM32WBxx_HAL_Driver/Src/stm32wbxx_hal_tim_ex.c ****   else if (hdma == htim->hdma[TIM_DMA_ID_CC3])
2753:Drivers/STM32WBxx_HAL_Driver/Src/stm32wbxx_hal_tim_ex.c ****   {
2754:Drivers/STM32WBxx_HAL_Driver/Src/stm32wbxx_hal_tim_ex.c ****     htim->Channel = HAL_TIM_ACTIVE_CHANNEL_3;
2755:Drivers/STM32WBxx_HAL_Driver/Src/stm32wbxx_hal_tim_ex.c ****     TIM_CHANNEL_N_STATE_SET(htim, TIM_CHANNEL_3, HAL_TIM_CHANNEL_STATE_READY);
2756:Drivers/STM32WBxx_HAL_Driver/Src/stm32wbxx_hal_tim_ex.c ****   }
2757:Drivers/STM32WBxx_HAL_Driver/Src/stm32wbxx_hal_tim_ex.c ****   else
2758:Drivers/STM32WBxx_HAL_Driver/Src/stm32wbxx_hal_tim_ex.c ****   {
2759:Drivers/STM32WBxx_HAL_Driver/Src/stm32wbxx_hal_tim_ex.c ****     /* nothing to do */
2760:Drivers/STM32WBxx_HAL_Driver/Src/stm32wbxx_hal_tim_ex.c ****   }
2761:Drivers/STM32WBxx_HAL_Driver/Src/stm32wbxx_hal_tim_ex.c **** 
2762:Drivers/STM32WBxx_HAL_Driver/Src/stm32wbxx_hal_tim_ex.c **** #if (USE_HAL_TIM_REGISTER_CALLBACKS == 1)
2763:Drivers/STM32WBxx_HAL_Driver/Src/stm32wbxx_hal_tim_ex.c ****   htim->ErrorCallback(htim);
2764:Drivers/STM32WBxx_HAL_Driver/Src/stm32wbxx_hal_tim_ex.c **** #else
2765:Drivers/STM32WBxx_HAL_Driver/Src/stm32wbxx_hal_tim_ex.c ****   HAL_TIM_ErrorCallback(htim);
2766:Drivers/STM32WBxx_HAL_Driver/Src/stm32wbxx_hal_tim_ex.c **** #endif /* USE_HAL_TIM_REGISTER_CALLBACKS */
ARM GAS  /var/folders/98/ctz5mtps7w71v8dr53cf5qg40000gn/T//ccO5oMcB.s 			page 50


2767:Drivers/STM32WBxx_HAL_Driver/Src/stm32wbxx_hal_tim_ex.c **** 
2768:Drivers/STM32WBxx_HAL_Driver/Src/stm32wbxx_hal_tim_ex.c ****   htim->Channel = HAL_TIM_ACTIVE_CHANNEL_CLEARED;
2769:Drivers/STM32WBxx_HAL_Driver/Src/stm32wbxx_hal_tim_ex.c **** }
2770:Drivers/STM32WBxx_HAL_Driver/Src/stm32wbxx_hal_tim_ex.c **** 
2771:Drivers/STM32WBxx_HAL_Driver/Src/stm32wbxx_hal_tim_ex.c **** /**
2772:Drivers/STM32WBxx_HAL_Driver/Src/stm32wbxx_hal_tim_ex.c ****   * @brief  Enables or disables the TIM Capture Compare Channel xN.
2773:Drivers/STM32WBxx_HAL_Driver/Src/stm32wbxx_hal_tim_ex.c ****   * @param  TIMx to select the TIM peripheral
2774:Drivers/STM32WBxx_HAL_Driver/Src/stm32wbxx_hal_tim_ex.c ****   * @param  Channel specifies the TIM Channel
2775:Drivers/STM32WBxx_HAL_Driver/Src/stm32wbxx_hal_tim_ex.c ****   *          This parameter can be one of the following values:
2776:Drivers/STM32WBxx_HAL_Driver/Src/stm32wbxx_hal_tim_ex.c ****   *            @arg TIM_CHANNEL_1: TIM Channel 1
2777:Drivers/STM32WBxx_HAL_Driver/Src/stm32wbxx_hal_tim_ex.c ****   *            @arg TIM_CHANNEL_2: TIM Channel 2
2778:Drivers/STM32WBxx_HAL_Driver/Src/stm32wbxx_hal_tim_ex.c ****   *            @arg TIM_CHANNEL_3: TIM Channel 3
2779:Drivers/STM32WBxx_HAL_Driver/Src/stm32wbxx_hal_tim_ex.c ****   * @param  ChannelNState specifies the TIM Channel CCxNE bit new state.
2780:Drivers/STM32WBxx_HAL_Driver/Src/stm32wbxx_hal_tim_ex.c ****   *          This parameter can be: TIM_CCxN_ENABLE or TIM_CCxN_Disable.
2781:Drivers/STM32WBxx_HAL_Driver/Src/stm32wbxx_hal_tim_ex.c ****   * @retval None
2782:Drivers/STM32WBxx_HAL_Driver/Src/stm32wbxx_hal_tim_ex.c ****   */
2783:Drivers/STM32WBxx_HAL_Driver/Src/stm32wbxx_hal_tim_ex.c **** static void TIM_CCxNChannelCmd(TIM_TypeDef *TIMx, uint32_t Channel, uint32_t ChannelNState)
2784:Drivers/STM32WBxx_HAL_Driver/Src/stm32wbxx_hal_tim_ex.c **** {
  29              		.loc 1 2784 1 view -0
  30              		.cfi_startproc
  31              		@ args = 0, pretend = 0, frame = 0
  32              		@ frame_needed = 0, uses_anonymous_args = 0
  33              		@ link register save eliminated.
2785:Drivers/STM32WBxx_HAL_Driver/Src/stm32wbxx_hal_tim_ex.c ****   uint32_t tmp;
  34              		.loc 1 2785 3 view .LVU1
2786:Drivers/STM32WBxx_HAL_Driver/Src/stm32wbxx_hal_tim_ex.c **** 
2787:Drivers/STM32WBxx_HAL_Driver/Src/stm32wbxx_hal_tim_ex.c ****   tmp = TIM_CCER_CC1NE << (Channel & 0xFU); /* 0xFU = 15 bits max shift */
  35              		.loc 1 2787 3 view .LVU2
  36              		.loc 1 2787 36 is_stmt 0 view .LVU3
  37 0000 01F00F01 		and	r1, r1, #15
  38              	.LVL1:
  39              		.loc 1 2787 7 view .LVU4
  40 0004 4FF0040C 		mov	ip, #4
  41 0008 0CFA01FC 		lsl	ip, ip, r1
  42              	.LVL2:
2788:Drivers/STM32WBxx_HAL_Driver/Src/stm32wbxx_hal_tim_ex.c **** 
2789:Drivers/STM32WBxx_HAL_Driver/Src/stm32wbxx_hal_tim_ex.c ****   /* Reset the CCxNE Bit */
2790:Drivers/STM32WBxx_HAL_Driver/Src/stm32wbxx_hal_tim_ex.c ****   TIMx->CCER &=  ~tmp;
  43              		.loc 1 2790 3 is_stmt 1 view .LVU5
  44              		.loc 1 2790 7 is_stmt 0 view .LVU6
  45 000c 036A     		ldr	r3, [r0, #32]
  46              		.loc 1 2790 14 view .LVU7
  47 000e 23EA0C03 		bic	r3, r3, ip
  48 0012 0362     		str	r3, [r0, #32]
2791:Drivers/STM32WBxx_HAL_Driver/Src/stm32wbxx_hal_tim_ex.c **** 
2792:Drivers/STM32WBxx_HAL_Driver/Src/stm32wbxx_hal_tim_ex.c ****   /* Set or reset the CCxNE Bit */
2793:Drivers/STM32WBxx_HAL_Driver/Src/stm32wbxx_hal_tim_ex.c ****   TIMx->CCER |= (uint32_t)(ChannelNState << (Channel & 0xFU)); /* 0xFU = 15 bits max shift */
  49              		.loc 1 2793 3 is_stmt 1 view .LVU8
  50              		.loc 1 2793 7 is_stmt 0 view .LVU9
  51 0014 036A     		ldr	r3, [r0, #32]
  52              		.loc 1 2793 42 view .LVU10
  53 0016 8A40     		lsls	r2, r2, r1
  54              	.LVL3:
  55              		.loc 1 2793 14 view .LVU11
  56 0018 1343     		orrs	r3, r3, r2
  57 001a 0362     		str	r3, [r0, #32]
2794:Drivers/STM32WBxx_HAL_Driver/Src/stm32wbxx_hal_tim_ex.c **** }
ARM GAS  /var/folders/98/ctz5mtps7w71v8dr53cf5qg40000gn/T//ccO5oMcB.s 			page 51


  58              		.loc 1 2794 1 view .LVU12
  59 001c 7047     		bx	lr
  60              		.cfi_endproc
  61              	.LFE996:
  63              		.section	.text.TIM_DMAErrorCCxN,"ax",%progbits
  64              		.align	1
  65              		.syntax unified
  66              		.thumb
  67              		.thumb_func
  69              	TIM_DMAErrorCCxN:
  70              	.LVL4:
  71              	.LFB995:
2739:Drivers/STM32WBxx_HAL_Driver/Src/stm32wbxx_hal_tim_ex.c ****   TIM_HandleTypeDef *htim = (TIM_HandleTypeDef *)((DMA_HandleTypeDef *)hdma)->Parent;
  72              		.loc 1 2739 1 is_stmt 1 view -0
  73              		.cfi_startproc
  74              		@ args = 0, pretend = 0, frame = 0
  75              		@ frame_needed = 0, uses_anonymous_args = 0
2739:Drivers/STM32WBxx_HAL_Driver/Src/stm32wbxx_hal_tim_ex.c ****   TIM_HandleTypeDef *htim = (TIM_HandleTypeDef *)((DMA_HandleTypeDef *)hdma)->Parent;
  76              		.loc 1 2739 1 is_stmt 0 view .LVU14
  77 0000 10B5     		push	{r4, lr}
  78              	.LCFI0:
  79              		.cfi_def_cfa_offset 8
  80              		.cfi_offset 4, -8
  81              		.cfi_offset 14, -4
2740:Drivers/STM32WBxx_HAL_Driver/Src/stm32wbxx_hal_tim_ex.c **** 
  82              		.loc 1 2740 3 is_stmt 1 view .LVU15
2740:Drivers/STM32WBxx_HAL_Driver/Src/stm32wbxx_hal_tim_ex.c **** 
  83              		.loc 1 2740 22 is_stmt 0 view .LVU16
  84 0002 846A     		ldr	r4, [r0, #40]
  85              	.LVL5:
2742:Drivers/STM32WBxx_HAL_Driver/Src/stm32wbxx_hal_tim_ex.c ****   {
  86              		.loc 1 2742 3 is_stmt 1 view .LVU17
2742:Drivers/STM32WBxx_HAL_Driver/Src/stm32wbxx_hal_tim_ex.c ****   {
  87              		.loc 1 2742 25 is_stmt 0 view .LVU18
  88 0004 636A     		ldr	r3, [r4, #36]
2742:Drivers/STM32WBxx_HAL_Driver/Src/stm32wbxx_hal_tim_ex.c ****   {
  89              		.loc 1 2742 6 view .LVU19
  90 0006 8342     		cmp	r3, r0
  91 0008 0BD0     		beq	.L7
2747:Drivers/STM32WBxx_HAL_Driver/Src/stm32wbxx_hal_tim_ex.c ****   {
  92              		.loc 1 2747 8 is_stmt 1 view .LVU20
2747:Drivers/STM32WBxx_HAL_Driver/Src/stm32wbxx_hal_tim_ex.c ****   {
  93              		.loc 1 2747 30 is_stmt 0 view .LVU21
  94 000a A36A     		ldr	r3, [r4, #40]
2747:Drivers/STM32WBxx_HAL_Driver/Src/stm32wbxx_hal_tim_ex.c ****   {
  95              		.loc 1 2747 11 view .LVU22
  96 000c 8342     		cmp	r3, r0
  97 000e 0DD0     		beq	.L8
2752:Drivers/STM32WBxx_HAL_Driver/Src/stm32wbxx_hal_tim_ex.c ****   {
  98              		.loc 1 2752 8 is_stmt 1 view .LVU23
2752:Drivers/STM32WBxx_HAL_Driver/Src/stm32wbxx_hal_tim_ex.c ****   {
  99              		.loc 1 2752 30 is_stmt 0 view .LVU24
 100 0010 E36A     		ldr	r3, [r4, #44]
2752:Drivers/STM32WBxx_HAL_Driver/Src/stm32wbxx_hal_tim_ex.c ****   {
 101              		.loc 1 2752 11 view .LVU25
 102 0012 8342     		cmp	r3, r0
 103 0014 10D0     		beq	.L9
ARM GAS  /var/folders/98/ctz5mtps7w71v8dr53cf5qg40000gn/T//ccO5oMcB.s 			page 52


 104              	.L4:
2760:Drivers/STM32WBxx_HAL_Driver/Src/stm32wbxx_hal_tim_ex.c **** 
 105              		.loc 1 2760 3 is_stmt 1 view .LVU26
2765:Drivers/STM32WBxx_HAL_Driver/Src/stm32wbxx_hal_tim_ex.c **** #endif /* USE_HAL_TIM_REGISTER_CALLBACKS */
 106              		.loc 1 2765 3 view .LVU27
 107 0016 2046     		mov	r0, r4
 108              	.LVL6:
2765:Drivers/STM32WBxx_HAL_Driver/Src/stm32wbxx_hal_tim_ex.c **** #endif /* USE_HAL_TIM_REGISTER_CALLBACKS */
 109              		.loc 1 2765 3 is_stmt 0 view .LVU28
 110 0018 FFF7FEFF 		bl	HAL_TIM_ErrorCallback
 111              	.LVL7:
2768:Drivers/STM32WBxx_HAL_Driver/Src/stm32wbxx_hal_tim_ex.c **** }
 112              		.loc 1 2768 3 is_stmt 1 view .LVU29
2768:Drivers/STM32WBxx_HAL_Driver/Src/stm32wbxx_hal_tim_ex.c **** }
 113              		.loc 1 2768 17 is_stmt 0 view .LVU30
 114 001c 0023     		movs	r3, #0
 115 001e 2377     		strb	r3, [r4, #28]
2769:Drivers/STM32WBxx_HAL_Driver/Src/stm32wbxx_hal_tim_ex.c **** 
 116              		.loc 1 2769 1 view .LVU31
 117 0020 10BD     		pop	{r4, pc}
 118              	.LVL8:
 119              	.L7:
2744:Drivers/STM32WBxx_HAL_Driver/Src/stm32wbxx_hal_tim_ex.c ****     TIM_CHANNEL_N_STATE_SET(htim, TIM_CHANNEL_1, HAL_TIM_CHANNEL_STATE_READY);
 120              		.loc 1 2744 5 is_stmt 1 view .LVU32
2744:Drivers/STM32WBxx_HAL_Driver/Src/stm32wbxx_hal_tim_ex.c ****     TIM_CHANNEL_N_STATE_SET(htim, TIM_CHANNEL_1, HAL_TIM_CHANNEL_STATE_READY);
 121              		.loc 1 2744 19 is_stmt 0 view .LVU33
 122 0022 0123     		movs	r3, #1
 123 0024 2377     		strb	r3, [r4, #28]
2745:Drivers/STM32WBxx_HAL_Driver/Src/stm32wbxx_hal_tim_ex.c ****   }
 124              		.loc 1 2745 5 is_stmt 1 view .LVU34
 125 0026 84F84430 		strb	r3, [r4, #68]
 126 002a F4E7     		b	.L4
 127              	.L8:
2749:Drivers/STM32WBxx_HAL_Driver/Src/stm32wbxx_hal_tim_ex.c ****     TIM_CHANNEL_N_STATE_SET(htim, TIM_CHANNEL_2, HAL_TIM_CHANNEL_STATE_READY);
 128              		.loc 1 2749 5 view .LVU35
2749:Drivers/STM32WBxx_HAL_Driver/Src/stm32wbxx_hal_tim_ex.c ****     TIM_CHANNEL_N_STATE_SET(htim, TIM_CHANNEL_2, HAL_TIM_CHANNEL_STATE_READY);
 129              		.loc 1 2749 19 is_stmt 0 view .LVU36
 130 002c 0223     		movs	r3, #2
 131 002e 2377     		strb	r3, [r4, #28]
2750:Drivers/STM32WBxx_HAL_Driver/Src/stm32wbxx_hal_tim_ex.c ****   }
 132              		.loc 1 2750 5 is_stmt 1 view .LVU37
 133 0030 0123     		movs	r3, #1
 134 0032 84F84530 		strb	r3, [r4, #69]
 135 0036 EEE7     		b	.L4
 136              	.L9:
2754:Drivers/STM32WBxx_HAL_Driver/Src/stm32wbxx_hal_tim_ex.c ****     TIM_CHANNEL_N_STATE_SET(htim, TIM_CHANNEL_3, HAL_TIM_CHANNEL_STATE_READY);
 137              		.loc 1 2754 5 view .LVU38
2754:Drivers/STM32WBxx_HAL_Driver/Src/stm32wbxx_hal_tim_ex.c ****     TIM_CHANNEL_N_STATE_SET(htim, TIM_CHANNEL_3, HAL_TIM_CHANNEL_STATE_READY);
 138              		.loc 1 2754 19 is_stmt 0 view .LVU39
 139 0038 0423     		movs	r3, #4
 140 003a 2377     		strb	r3, [r4, #28]
2755:Drivers/STM32WBxx_HAL_Driver/Src/stm32wbxx_hal_tim_ex.c ****   }
 141              		.loc 1 2755 5 is_stmt 1 view .LVU40
 142 003c 0123     		movs	r3, #1
 143 003e 84F84630 		strb	r3, [r4, #70]
 144 0042 E8E7     		b	.L4
 145              		.cfi_endproc
ARM GAS  /var/folders/98/ctz5mtps7w71v8dr53cf5qg40000gn/T//ccO5oMcB.s 			page 53


 146              	.LFE995:
 148              		.section	.text.TIM_DMADelayPulseNCplt,"ax",%progbits
 149              		.align	1
 150              		.syntax unified
 151              		.thumb
 152              		.thumb_func
 154              	TIM_DMADelayPulseNCplt:
 155              	.LVL9:
 156              	.LFB994:
2689:Drivers/STM32WBxx_HAL_Driver/Src/stm32wbxx_hal_tim_ex.c ****   TIM_HandleTypeDef *htim = (TIM_HandleTypeDef *)((DMA_HandleTypeDef *)hdma)->Parent;
 157              		.loc 1 2689 1 view -0
 158              		.cfi_startproc
 159              		@ args = 0, pretend = 0, frame = 0
 160              		@ frame_needed = 0, uses_anonymous_args = 0
2689:Drivers/STM32WBxx_HAL_Driver/Src/stm32wbxx_hal_tim_ex.c ****   TIM_HandleTypeDef *htim = (TIM_HandleTypeDef *)((DMA_HandleTypeDef *)hdma)->Parent;
 161              		.loc 1 2689 1 is_stmt 0 view .LVU42
 162 0000 10B5     		push	{r4, lr}
 163              	.LCFI1:
 164              		.cfi_def_cfa_offset 8
 165              		.cfi_offset 4, -8
 166              		.cfi_offset 14, -4
2690:Drivers/STM32WBxx_HAL_Driver/Src/stm32wbxx_hal_tim_ex.c **** 
 167              		.loc 1 2690 3 is_stmt 1 view .LVU43
2690:Drivers/STM32WBxx_HAL_Driver/Src/stm32wbxx_hal_tim_ex.c **** 
 168              		.loc 1 2690 22 is_stmt 0 view .LVU44
 169 0002 846A     		ldr	r4, [r0, #40]
 170              	.LVL10:
2692:Drivers/STM32WBxx_HAL_Driver/Src/stm32wbxx_hal_tim_ex.c ****   {
 171              		.loc 1 2692 3 is_stmt 1 view .LVU45
2692:Drivers/STM32WBxx_HAL_Driver/Src/stm32wbxx_hal_tim_ex.c ****   {
 172              		.loc 1 2692 25 is_stmt 0 view .LVU46
 173 0004 636A     		ldr	r3, [r4, #36]
2692:Drivers/STM32WBxx_HAL_Driver/Src/stm32wbxx_hal_tim_ex.c ****   {
 174              		.loc 1 2692 6 view .LVU47
 175 0006 8342     		cmp	r3, r0
 176 0008 0BD0     		beq	.L15
2701:Drivers/STM32WBxx_HAL_Driver/Src/stm32wbxx_hal_tim_ex.c ****   {
 177              		.loc 1 2701 8 is_stmt 1 view .LVU48
2701:Drivers/STM32WBxx_HAL_Driver/Src/stm32wbxx_hal_tim_ex.c ****   {
 178              		.loc 1 2701 30 is_stmt 0 view .LVU49
 179 000a A36A     		ldr	r3, [r4, #40]
2701:Drivers/STM32WBxx_HAL_Driver/Src/stm32wbxx_hal_tim_ex.c ****   {
 180              		.loc 1 2701 11 view .LVU50
 181 000c 8342     		cmp	r3, r0
 182 000e 11D0     		beq	.L16
2710:Drivers/STM32WBxx_HAL_Driver/Src/stm32wbxx_hal_tim_ex.c ****   {
 183              		.loc 1 2710 8 is_stmt 1 view .LVU51
2710:Drivers/STM32WBxx_HAL_Driver/Src/stm32wbxx_hal_tim_ex.c ****   {
 184              		.loc 1 2710 30 is_stmt 0 view .LVU52
 185 0010 E36A     		ldr	r3, [r4, #44]
2710:Drivers/STM32WBxx_HAL_Driver/Src/stm32wbxx_hal_tim_ex.c ****   {
 186              		.loc 1 2710 11 view .LVU53
 187 0012 8342     		cmp	r3, r0
 188 0014 17D0     		beq	.L17
 189              	.L12:
2722:Drivers/STM32WBxx_HAL_Driver/Src/stm32wbxx_hal_tim_ex.c **** 
 190              		.loc 1 2722 3 is_stmt 1 view .LVU54
ARM GAS  /var/folders/98/ctz5mtps7w71v8dr53cf5qg40000gn/T//ccO5oMcB.s 			page 54


2727:Drivers/STM32WBxx_HAL_Driver/Src/stm32wbxx_hal_tim_ex.c **** #endif /* USE_HAL_TIM_REGISTER_CALLBACKS */
 191              		.loc 1 2727 3 view .LVU55
 192 0016 2046     		mov	r0, r4
 193              	.LVL11:
2727:Drivers/STM32WBxx_HAL_Driver/Src/stm32wbxx_hal_tim_ex.c **** #endif /* USE_HAL_TIM_REGISTER_CALLBACKS */
 194              		.loc 1 2727 3 is_stmt 0 view .LVU56
 195 0018 FFF7FEFF 		bl	HAL_TIM_PWM_PulseFinishedCallback
 196              	.LVL12:
2730:Drivers/STM32WBxx_HAL_Driver/Src/stm32wbxx_hal_tim_ex.c **** }
 197              		.loc 1 2730 3 is_stmt 1 view .LVU57
2730:Drivers/STM32WBxx_HAL_Driver/Src/stm32wbxx_hal_tim_ex.c **** }
 198              		.loc 1 2730 17 is_stmt 0 view .LVU58
 199 001c 0023     		movs	r3, #0
 200 001e 2377     		strb	r3, [r4, #28]
2731:Drivers/STM32WBxx_HAL_Driver/Src/stm32wbxx_hal_tim_ex.c **** 
 201              		.loc 1 2731 1 view .LVU59
 202 0020 10BD     		pop	{r4, pc}
 203              	.LVL13:
 204              	.L15:
2694:Drivers/STM32WBxx_HAL_Driver/Src/stm32wbxx_hal_tim_ex.c **** 
 205              		.loc 1 2694 5 is_stmt 1 view .LVU60
2694:Drivers/STM32WBxx_HAL_Driver/Src/stm32wbxx_hal_tim_ex.c **** 
 206              		.loc 1 2694 19 is_stmt 0 view .LVU61
 207 0022 0123     		movs	r3, #1
 208 0024 2377     		strb	r3, [r4, #28]
2696:Drivers/STM32WBxx_HAL_Driver/Src/stm32wbxx_hal_tim_ex.c ****     {
 209              		.loc 1 2696 5 is_stmt 1 view .LVU62
2696:Drivers/STM32WBxx_HAL_Driver/Src/stm32wbxx_hal_tim_ex.c ****     {
 210              		.loc 1 2696 19 is_stmt 0 view .LVU63
 211 0026 C369     		ldr	r3, [r0, #28]
2696:Drivers/STM32WBxx_HAL_Driver/Src/stm32wbxx_hal_tim_ex.c ****     {
 212              		.loc 1 2696 8 view .LVU64
 213 0028 002B     		cmp	r3, #0
 214 002a F4D1     		bne	.L12
2698:Drivers/STM32WBxx_HAL_Driver/Src/stm32wbxx_hal_tim_ex.c ****     }
 215              		.loc 1 2698 7 is_stmt 1 view .LVU65
 216 002c 0123     		movs	r3, #1
 217 002e 84F84430 		strb	r3, [r4, #68]
 218 0032 F0E7     		b	.L12
 219              	.L16:
2703:Drivers/STM32WBxx_HAL_Driver/Src/stm32wbxx_hal_tim_ex.c **** 
 220              		.loc 1 2703 5 view .LVU66
2703:Drivers/STM32WBxx_HAL_Driver/Src/stm32wbxx_hal_tim_ex.c **** 
 221              		.loc 1 2703 19 is_stmt 0 view .LVU67
 222 0034 0223     		movs	r3, #2
 223 0036 2377     		strb	r3, [r4, #28]
2705:Drivers/STM32WBxx_HAL_Driver/Src/stm32wbxx_hal_tim_ex.c ****     {
 224              		.loc 1 2705 5 is_stmt 1 view .LVU68
2705:Drivers/STM32WBxx_HAL_Driver/Src/stm32wbxx_hal_tim_ex.c ****     {
 225              		.loc 1 2705 19 is_stmt 0 view .LVU69
 226 0038 C369     		ldr	r3, [r0, #28]
2705:Drivers/STM32WBxx_HAL_Driver/Src/stm32wbxx_hal_tim_ex.c ****     {
 227              		.loc 1 2705 8 view .LVU70
 228 003a 002B     		cmp	r3, #0
 229 003c EBD1     		bne	.L12
2707:Drivers/STM32WBxx_HAL_Driver/Src/stm32wbxx_hal_tim_ex.c ****     }
 230              		.loc 1 2707 7 is_stmt 1 view .LVU71
ARM GAS  /var/folders/98/ctz5mtps7w71v8dr53cf5qg40000gn/T//ccO5oMcB.s 			page 55


 231 003e 0123     		movs	r3, #1
 232 0040 84F84530 		strb	r3, [r4, #69]
 233 0044 E7E7     		b	.L12
 234              	.L17:
2712:Drivers/STM32WBxx_HAL_Driver/Src/stm32wbxx_hal_tim_ex.c **** 
 235              		.loc 1 2712 5 view .LVU72
2712:Drivers/STM32WBxx_HAL_Driver/Src/stm32wbxx_hal_tim_ex.c **** 
 236              		.loc 1 2712 19 is_stmt 0 view .LVU73
 237 0046 0423     		movs	r3, #4
 238 0048 2377     		strb	r3, [r4, #28]
2714:Drivers/STM32WBxx_HAL_Driver/Src/stm32wbxx_hal_tim_ex.c ****     {
 239              		.loc 1 2714 5 is_stmt 1 view .LVU74
2714:Drivers/STM32WBxx_HAL_Driver/Src/stm32wbxx_hal_tim_ex.c ****     {
 240              		.loc 1 2714 19 is_stmt 0 view .LVU75
 241 004a C369     		ldr	r3, [r0, #28]
2714:Drivers/STM32WBxx_HAL_Driver/Src/stm32wbxx_hal_tim_ex.c ****     {
 242              		.loc 1 2714 8 view .LVU76
 243 004c 002B     		cmp	r3, #0
 244 004e E2D1     		bne	.L12
2716:Drivers/STM32WBxx_HAL_Driver/Src/stm32wbxx_hal_tim_ex.c ****     }
 245              		.loc 1 2716 7 is_stmt 1 view .LVU77
 246 0050 0123     		movs	r3, #1
 247 0052 84F84630 		strb	r3, [r4, #70]
 248 0056 DEE7     		b	.L12
 249              		.cfi_endproc
 250              	.LFE994:
 252              		.section	.text.HAL_TIMEx_HallSensor_MspInit,"ax",%progbits
 253              		.align	1
 254              		.weak	HAL_TIMEx_HallSensor_MspInit
 255              		.syntax unified
 256              		.thumb
 257              		.thumb_func
 259              	HAL_TIMEx_HallSensor_MspInit:
 260              	.LVL14:
 261              	.LFB952:
 324:Drivers/STM32WBxx_HAL_Driver/Src/stm32wbxx_hal_tim_ex.c ****   /* Prevent unused argument(s) compilation warning */
 262              		.loc 1 324 1 view -0
 263              		.cfi_startproc
 264              		@ args = 0, pretend = 0, frame = 0
 265              		@ frame_needed = 0, uses_anonymous_args = 0
 266              		@ link register save eliminated.
 326:Drivers/STM32WBxx_HAL_Driver/Src/stm32wbxx_hal_tim_ex.c **** 
 267              		.loc 1 326 3 view .LVU79
 331:Drivers/STM32WBxx_HAL_Driver/Src/stm32wbxx_hal_tim_ex.c **** 
 268              		.loc 1 331 1 is_stmt 0 view .LVU80
 269 0000 7047     		bx	lr
 270              		.cfi_endproc
 271              	.LFE952:
 273              		.section	.text.HAL_TIMEx_HallSensor_Init,"ax",%progbits
 274              		.align	1
 275              		.global	HAL_TIMEx_HallSensor_Init
 276              		.syntax unified
 277              		.thumb
 278              		.thumb_func
 280              	HAL_TIMEx_HallSensor_Init:
 281              	.LVL15:
 282              	.LFB950:
ARM GAS  /var/folders/98/ctz5mtps7w71v8dr53cf5qg40000gn/T//ccO5oMcB.s 			page 56


 177:Drivers/STM32WBxx_HAL_Driver/Src/stm32wbxx_hal_tim_ex.c ****   TIM_OC_InitTypeDef OC_Config;
 283              		.loc 1 177 1 is_stmt 1 view -0
 284              		.cfi_startproc
 285              		@ args = 0, pretend = 0, frame = 32
 286              		@ frame_needed = 0, uses_anonymous_args = 0
 178:Drivers/STM32WBxx_HAL_Driver/Src/stm32wbxx_hal_tim_ex.c **** 
 287              		.loc 1 178 3 view .LVU82
 181:Drivers/STM32WBxx_HAL_Driver/Src/stm32wbxx_hal_tim_ex.c ****   {
 288              		.loc 1 181 3 view .LVU83
 181:Drivers/STM32WBxx_HAL_Driver/Src/stm32wbxx_hal_tim_ex.c ****   {
 289              		.loc 1 181 6 is_stmt 0 view .LVU84
 290 0000 0028     		cmp	r0, #0
 291 0002 69D0     		beq	.L22
 177:Drivers/STM32WBxx_HAL_Driver/Src/stm32wbxx_hal_tim_ex.c ****   TIM_OC_InitTypeDef OC_Config;
 292              		.loc 1 177 1 view .LVU85
 293 0004 70B5     		push	{r4, r5, r6, lr}
 294              	.LCFI2:
 295              		.cfi_def_cfa_offset 16
 296              		.cfi_offset 4, -16
 297              		.cfi_offset 5, -12
 298              		.cfi_offset 6, -8
 299              		.cfi_offset 14, -4
 300 0006 88B0     		sub	sp, sp, #32
 301              	.LCFI3:
 302              		.cfi_def_cfa_offset 48
 303 0008 0E46     		mov	r6, r1
 304 000a 0446     		mov	r4, r0
 187:Drivers/STM32WBxx_HAL_Driver/Src/stm32wbxx_hal_tim_ex.c ****   assert_param(IS_TIM_COUNTER_MODE(htim->Init.CounterMode));
 305              		.loc 1 187 3 is_stmt 1 view .LVU86
 188:Drivers/STM32WBxx_HAL_Driver/Src/stm32wbxx_hal_tim_ex.c ****   assert_param(IS_TIM_CLOCKDIVISION_DIV(htim->Init.ClockDivision));
 306              		.loc 1 188 3 view .LVU87
 189:Drivers/STM32WBxx_HAL_Driver/Src/stm32wbxx_hal_tim_ex.c ****   assert_param(IS_TIM_AUTORELOAD_PRELOAD(htim->Init.AutoReloadPreload));
 307              		.loc 1 189 3 view .LVU88
 190:Drivers/STM32WBxx_HAL_Driver/Src/stm32wbxx_hal_tim_ex.c ****   assert_param(IS_TIM_IC_POLARITY(sConfig->IC1Polarity));
 308              		.loc 1 190 3 view .LVU89
 191:Drivers/STM32WBxx_HAL_Driver/Src/stm32wbxx_hal_tim_ex.c ****   assert_param(IS_TIM_PERIOD(htim, htim->Init.Period));
 309              		.loc 1 191 3 view .LVU90
 192:Drivers/STM32WBxx_HAL_Driver/Src/stm32wbxx_hal_tim_ex.c ****   assert_param(IS_TIM_IC_PRESCALER(sConfig->IC1Prescaler));
 310              		.loc 1 192 3 view .LVU91
 193:Drivers/STM32WBxx_HAL_Driver/Src/stm32wbxx_hal_tim_ex.c ****   assert_param(IS_TIM_IC_FILTER(sConfig->IC1Filter));
 311              		.loc 1 193 3 view .LVU92
 194:Drivers/STM32WBxx_HAL_Driver/Src/stm32wbxx_hal_tim_ex.c **** 
 312              		.loc 1 194 3 view .LVU93
 196:Drivers/STM32WBxx_HAL_Driver/Src/stm32wbxx_hal_tim_ex.c ****   {
 313              		.loc 1 196 3 view .LVU94
 196:Drivers/STM32WBxx_HAL_Driver/Src/stm32wbxx_hal_tim_ex.c ****   {
 314              		.loc 1 196 11 is_stmt 0 view .LVU95
 315 000c 90F83D30 		ldrb	r3, [r0, #61]	@ zero_extendqisi2
 196:Drivers/STM32WBxx_HAL_Driver/Src/stm32wbxx_hal_tim_ex.c ****   {
 316              		.loc 1 196 6 view .LVU96
 317 0010 002B     		cmp	r3, #0
 318 0012 5CD0     		beq	.L27
 319              	.LVL16:
 320              	.L21:
 218:Drivers/STM32WBxx_HAL_Driver/Src/stm32wbxx_hal_tim_ex.c **** 
 321              		.loc 1 218 3 is_stmt 1 view .LVU97
 218:Drivers/STM32WBxx_HAL_Driver/Src/stm32wbxx_hal_tim_ex.c **** 
ARM GAS  /var/folders/98/ctz5mtps7w71v8dr53cf5qg40000gn/T//ccO5oMcB.s 			page 57


 322              		.loc 1 218 15 is_stmt 0 view .LVU98
 323 0014 0223     		movs	r3, #2
 324 0016 84F83D30 		strb	r3, [r4, #61]
 221:Drivers/STM32WBxx_HAL_Driver/Src/stm32wbxx_hal_tim_ex.c **** 
 325              		.loc 1 221 3 is_stmt 1 view .LVU99
 221:Drivers/STM32WBxx_HAL_Driver/Src/stm32wbxx_hal_tim_ex.c **** 
 326              		.loc 1 221 38 is_stmt 0 view .LVU100
 327 001a 2146     		mov	r1, r4
 221:Drivers/STM32WBxx_HAL_Driver/Src/stm32wbxx_hal_tim_ex.c **** 
 328              		.loc 1 221 3 view .LVU101
 329 001c 51F8040B 		ldr	r0, [r1], #4
 330 0020 FFF7FEFF 		bl	TIM_Base_SetConfig
 331              	.LVL17:
 224:Drivers/STM32WBxx_HAL_Driver/Src/stm32wbxx_hal_tim_ex.c **** 
 332              		.loc 1 224 3 is_stmt 1 view .LVU102
 333 0024 B368     		ldr	r3, [r6, #8]
 334 0026 0322     		movs	r2, #3
 335 0028 3168     		ldr	r1, [r6]
 336 002a 2068     		ldr	r0, [r4]
 337 002c FFF7FEFF 		bl	TIM_TI1_SetConfig
 338              	.LVL18:
 227:Drivers/STM32WBxx_HAL_Driver/Src/stm32wbxx_hal_tim_ex.c ****   /* Set the IC1PSC value */
 339              		.loc 1 227 3 view .LVU103
 227:Drivers/STM32WBxx_HAL_Driver/Src/stm32wbxx_hal_tim_ex.c ****   /* Set the IC1PSC value */
 340              		.loc 1 227 7 is_stmt 0 view .LVU104
 341 0030 2268     		ldr	r2, [r4]
 227:Drivers/STM32WBxx_HAL_Driver/Src/stm32wbxx_hal_tim_ex.c ****   /* Set the IC1PSC value */
 342              		.loc 1 227 17 view .LVU105
 343 0032 9369     		ldr	r3, [r2, #24]
 227:Drivers/STM32WBxx_HAL_Driver/Src/stm32wbxx_hal_tim_ex.c ****   /* Set the IC1PSC value */
 344              		.loc 1 227 25 view .LVU106
 345 0034 23F00C03 		bic	r3, r3, #12
 346 0038 9361     		str	r3, [r2, #24]
 229:Drivers/STM32WBxx_HAL_Driver/Src/stm32wbxx_hal_tim_ex.c **** 
 347              		.loc 1 229 3 is_stmt 1 view .LVU107
 229:Drivers/STM32WBxx_HAL_Driver/Src/stm32wbxx_hal_tim_ex.c **** 
 348              		.loc 1 229 7 is_stmt 0 view .LVU108
 349 003a 2268     		ldr	r2, [r4]
 229:Drivers/STM32WBxx_HAL_Driver/Src/stm32wbxx_hal_tim_ex.c **** 
 350              		.loc 1 229 17 view .LVU109
 351 003c 9369     		ldr	r3, [r2, #24]
 229:Drivers/STM32WBxx_HAL_Driver/Src/stm32wbxx_hal_tim_ex.c **** 
 352              		.loc 1 229 35 view .LVU110
 353 003e 7168     		ldr	r1, [r6, #4]
 229:Drivers/STM32WBxx_HAL_Driver/Src/stm32wbxx_hal_tim_ex.c **** 
 354              		.loc 1 229 25 view .LVU111
 355 0040 0B43     		orrs	r3, r3, r1
 356 0042 9361     		str	r3, [r2, #24]
 232:Drivers/STM32WBxx_HAL_Driver/Src/stm32wbxx_hal_tim_ex.c **** 
 357              		.loc 1 232 3 is_stmt 1 view .LVU112
 232:Drivers/STM32WBxx_HAL_Driver/Src/stm32wbxx_hal_tim_ex.c **** 
 358              		.loc 1 232 7 is_stmt 0 view .LVU113
 359 0044 2268     		ldr	r2, [r4]
 232:Drivers/STM32WBxx_HAL_Driver/Src/stm32wbxx_hal_tim_ex.c **** 
 360              		.loc 1 232 17 view .LVU114
 361 0046 5368     		ldr	r3, [r2, #4]
 232:Drivers/STM32WBxx_HAL_Driver/Src/stm32wbxx_hal_tim_ex.c **** 
ARM GAS  /var/folders/98/ctz5mtps7w71v8dr53cf5qg40000gn/T//ccO5oMcB.s 			page 58


 362              		.loc 1 232 23 view .LVU115
 363 0048 43F08003 		orr	r3, r3, #128
 364 004c 5360     		str	r3, [r2, #4]
 235:Drivers/STM32WBxx_HAL_Driver/Src/stm32wbxx_hal_tim_ex.c ****   htim->Instance->SMCR |= TIM_TS_TI1F_ED;
 365              		.loc 1 235 3 is_stmt 1 view .LVU116
 235:Drivers/STM32WBxx_HAL_Driver/Src/stm32wbxx_hal_tim_ex.c ****   htim->Instance->SMCR |= TIM_TS_TI1F_ED;
 366              		.loc 1 235 7 is_stmt 0 view .LVU117
 367 004e 2268     		ldr	r2, [r4]
 235:Drivers/STM32WBxx_HAL_Driver/Src/stm32wbxx_hal_tim_ex.c ****   htim->Instance->SMCR |= TIM_TS_TI1F_ED;
 368              		.loc 1 235 17 view .LVU118
 369 0050 9368     		ldr	r3, [r2, #8]
 235:Drivers/STM32WBxx_HAL_Driver/Src/stm32wbxx_hal_tim_ex.c ****   htim->Instance->SMCR |= TIM_TS_TI1F_ED;
 370              		.loc 1 235 24 view .LVU119
 371 0052 23F44013 		bic	r3, r3, #3145728
 372 0056 23F07003 		bic	r3, r3, #112
 373 005a 9360     		str	r3, [r2, #8]
 236:Drivers/STM32WBxx_HAL_Driver/Src/stm32wbxx_hal_tim_ex.c **** 
 374              		.loc 1 236 3 is_stmt 1 view .LVU120
 236:Drivers/STM32WBxx_HAL_Driver/Src/stm32wbxx_hal_tim_ex.c **** 
 375              		.loc 1 236 7 is_stmt 0 view .LVU121
 376 005c 2268     		ldr	r2, [r4]
 236:Drivers/STM32WBxx_HAL_Driver/Src/stm32wbxx_hal_tim_ex.c **** 
 377              		.loc 1 236 17 view .LVU122
 378 005e 9368     		ldr	r3, [r2, #8]
 236:Drivers/STM32WBxx_HAL_Driver/Src/stm32wbxx_hal_tim_ex.c **** 
 379              		.loc 1 236 24 view .LVU123
 380 0060 43F04003 		orr	r3, r3, #64
 381 0064 9360     		str	r3, [r2, #8]
 239:Drivers/STM32WBxx_HAL_Driver/Src/stm32wbxx_hal_tim_ex.c ****   htim->Instance->SMCR |= TIM_SLAVEMODE_RESET;
 382              		.loc 1 239 3 is_stmt 1 view .LVU124
 239:Drivers/STM32WBxx_HAL_Driver/Src/stm32wbxx_hal_tim_ex.c ****   htim->Instance->SMCR |= TIM_SLAVEMODE_RESET;
 383              		.loc 1 239 7 is_stmt 0 view .LVU125
 384 0066 2268     		ldr	r2, [r4]
 239:Drivers/STM32WBxx_HAL_Driver/Src/stm32wbxx_hal_tim_ex.c ****   htim->Instance->SMCR |= TIM_SLAVEMODE_RESET;
 385              		.loc 1 239 17 view .LVU126
 386 0068 9368     		ldr	r3, [r2, #8]
 239:Drivers/STM32WBxx_HAL_Driver/Src/stm32wbxx_hal_tim_ex.c ****   htim->Instance->SMCR |= TIM_SLAVEMODE_RESET;
 387              		.loc 1 239 24 view .LVU127
 388 006a 23F48033 		bic	r3, r3, #65536
 389 006e 23F00703 		bic	r3, r3, #7
 390 0072 9360     		str	r3, [r2, #8]
 240:Drivers/STM32WBxx_HAL_Driver/Src/stm32wbxx_hal_tim_ex.c **** 
 391              		.loc 1 240 3 is_stmt 1 view .LVU128
 240:Drivers/STM32WBxx_HAL_Driver/Src/stm32wbxx_hal_tim_ex.c **** 
 392              		.loc 1 240 7 is_stmt 0 view .LVU129
 393 0074 2268     		ldr	r2, [r4]
 240:Drivers/STM32WBxx_HAL_Driver/Src/stm32wbxx_hal_tim_ex.c **** 
 394              		.loc 1 240 17 view .LVU130
 395 0076 9368     		ldr	r3, [r2, #8]
 240:Drivers/STM32WBxx_HAL_Driver/Src/stm32wbxx_hal_tim_ex.c **** 
 396              		.loc 1 240 24 view .LVU131
 397 0078 43F00403 		orr	r3, r3, #4
 398 007c 9360     		str	r3, [r2, #8]
 243:Drivers/STM32WBxx_HAL_Driver/Src/stm32wbxx_hal_tim_ex.c ****   OC_Config.OCIdleState = TIM_OCIDLESTATE_RESET;
 399              		.loc 1 243 3 is_stmt 1 view .LVU132
 243:Drivers/STM32WBxx_HAL_Driver/Src/stm32wbxx_hal_tim_ex.c ****   OC_Config.OCIdleState = TIM_OCIDLESTATE_RESET;
 400              		.loc 1 243 24 is_stmt 0 view .LVU133
ARM GAS  /var/folders/98/ctz5mtps7w71v8dr53cf5qg40000gn/T//ccO5oMcB.s 			page 59


 401 007e 0025     		movs	r5, #0
 402 0080 0595     		str	r5, [sp, #20]
 244:Drivers/STM32WBxx_HAL_Driver/Src/stm32wbxx_hal_tim_ex.c ****   OC_Config.OCMode = TIM_OCMODE_PWM2;
 403              		.loc 1 244 3 is_stmt 1 view .LVU134
 244:Drivers/STM32WBxx_HAL_Driver/Src/stm32wbxx_hal_tim_ex.c ****   OC_Config.OCMode = TIM_OCMODE_PWM2;
 404              		.loc 1 244 25 is_stmt 0 view .LVU135
 405 0082 0695     		str	r5, [sp, #24]
 245:Drivers/STM32WBxx_HAL_Driver/Src/stm32wbxx_hal_tim_ex.c ****   OC_Config.OCNIdleState = TIM_OCNIDLESTATE_RESET;
 406              		.loc 1 245 3 is_stmt 1 view .LVU136
 245:Drivers/STM32WBxx_HAL_Driver/Src/stm32wbxx_hal_tim_ex.c ****   OC_Config.OCNIdleState = TIM_OCNIDLESTATE_RESET;
 407              		.loc 1 245 20 is_stmt 0 view .LVU137
 408 0084 7023     		movs	r3, #112
 409 0086 0193     		str	r3, [sp, #4]
 246:Drivers/STM32WBxx_HAL_Driver/Src/stm32wbxx_hal_tim_ex.c ****   OC_Config.OCNPolarity = TIM_OCNPOLARITY_HIGH;
 410              		.loc 1 246 3 is_stmt 1 view .LVU138
 246:Drivers/STM32WBxx_HAL_Driver/Src/stm32wbxx_hal_tim_ex.c ****   OC_Config.OCNPolarity = TIM_OCNPOLARITY_HIGH;
 411              		.loc 1 246 26 is_stmt 0 view .LVU139
 412 0088 0795     		str	r5, [sp, #28]
 247:Drivers/STM32WBxx_HAL_Driver/Src/stm32wbxx_hal_tim_ex.c ****   OC_Config.OCPolarity = TIM_OCPOLARITY_HIGH;
 413              		.loc 1 247 3 is_stmt 1 view .LVU140
 247:Drivers/STM32WBxx_HAL_Driver/Src/stm32wbxx_hal_tim_ex.c ****   OC_Config.OCPolarity = TIM_OCPOLARITY_HIGH;
 414              		.loc 1 247 25 is_stmt 0 view .LVU141
 415 008a 0495     		str	r5, [sp, #16]
 248:Drivers/STM32WBxx_HAL_Driver/Src/stm32wbxx_hal_tim_ex.c ****   OC_Config.Pulse = sConfig->Commutation_Delay;
 416              		.loc 1 248 3 is_stmt 1 view .LVU142
 248:Drivers/STM32WBxx_HAL_Driver/Src/stm32wbxx_hal_tim_ex.c ****   OC_Config.Pulse = sConfig->Commutation_Delay;
 417              		.loc 1 248 24 is_stmt 0 view .LVU143
 418 008c 0395     		str	r5, [sp, #12]
 249:Drivers/STM32WBxx_HAL_Driver/Src/stm32wbxx_hal_tim_ex.c **** 
 419              		.loc 1 249 3 is_stmt 1 view .LVU144
 249:Drivers/STM32WBxx_HAL_Driver/Src/stm32wbxx_hal_tim_ex.c **** 
 420              		.loc 1 249 28 is_stmt 0 view .LVU145
 421 008e F368     		ldr	r3, [r6, #12]
 249:Drivers/STM32WBxx_HAL_Driver/Src/stm32wbxx_hal_tim_ex.c **** 
 422              		.loc 1 249 19 view .LVU146
 423 0090 0293     		str	r3, [sp, #8]
 251:Drivers/STM32WBxx_HAL_Driver/Src/stm32wbxx_hal_tim_ex.c **** 
 424              		.loc 1 251 3 is_stmt 1 view .LVU147
 425 0092 01A9     		add	r1, sp, #4
 426 0094 2068     		ldr	r0, [r4]
 427 0096 FFF7FEFF 		bl	TIM_OC2_SetConfig
 428              	.LVL19:
 255:Drivers/STM32WBxx_HAL_Driver/Src/stm32wbxx_hal_tim_ex.c ****   htim->Instance->CR2 |= TIM_TRGO_OC2REF;
 429              		.loc 1 255 3 view .LVU148
 255:Drivers/STM32WBxx_HAL_Driver/Src/stm32wbxx_hal_tim_ex.c ****   htim->Instance->CR2 |= TIM_TRGO_OC2REF;
 430              		.loc 1 255 7 is_stmt 0 view .LVU149
 431 009a 2268     		ldr	r2, [r4]
 255:Drivers/STM32WBxx_HAL_Driver/Src/stm32wbxx_hal_tim_ex.c ****   htim->Instance->CR2 |= TIM_TRGO_OC2REF;
 432              		.loc 1 255 17 view .LVU150
 433 009c 5368     		ldr	r3, [r2, #4]
 255:Drivers/STM32WBxx_HAL_Driver/Src/stm32wbxx_hal_tim_ex.c ****   htim->Instance->CR2 |= TIM_TRGO_OC2REF;
 434              		.loc 1 255 23 view .LVU151
 435 009e 23F07003 		bic	r3, r3, #112
 436 00a2 5360     		str	r3, [r2, #4]
 256:Drivers/STM32WBxx_HAL_Driver/Src/stm32wbxx_hal_tim_ex.c **** 
 437              		.loc 1 256 3 is_stmt 1 view .LVU152
 256:Drivers/STM32WBxx_HAL_Driver/Src/stm32wbxx_hal_tim_ex.c **** 
ARM GAS  /var/folders/98/ctz5mtps7w71v8dr53cf5qg40000gn/T//ccO5oMcB.s 			page 60


 438              		.loc 1 256 7 is_stmt 0 view .LVU153
 439 00a4 2268     		ldr	r2, [r4]
 256:Drivers/STM32WBxx_HAL_Driver/Src/stm32wbxx_hal_tim_ex.c **** 
 440              		.loc 1 256 17 view .LVU154
 441 00a6 5368     		ldr	r3, [r2, #4]
 256:Drivers/STM32WBxx_HAL_Driver/Src/stm32wbxx_hal_tim_ex.c **** 
 442              		.loc 1 256 23 view .LVU155
 443 00a8 43F05003 		orr	r3, r3, #80
 444 00ac 5360     		str	r3, [r2, #4]
 259:Drivers/STM32WBxx_HAL_Driver/Src/stm32wbxx_hal_tim_ex.c **** 
 445              		.loc 1 259 3 is_stmt 1 view .LVU156
 259:Drivers/STM32WBxx_HAL_Driver/Src/stm32wbxx_hal_tim_ex.c **** 
 446              		.loc 1 259 23 is_stmt 0 view .LVU157
 447 00ae 0123     		movs	r3, #1
 448 00b0 84F84830 		strb	r3, [r4, #72]
 262:Drivers/STM32WBxx_HAL_Driver/Src/stm32wbxx_hal_tim_ex.c ****   TIM_CHANNEL_STATE_SET(htim, TIM_CHANNEL_2, HAL_TIM_CHANNEL_STATE_READY);
 449              		.loc 1 262 3 is_stmt 1 view .LVU158
 450 00b4 84F83E30 		strb	r3, [r4, #62]
 263:Drivers/STM32WBxx_HAL_Driver/Src/stm32wbxx_hal_tim_ex.c ****   TIM_CHANNEL_N_STATE_SET(htim, TIM_CHANNEL_1, HAL_TIM_CHANNEL_STATE_READY);
 451              		.loc 1 263 3 view .LVU159
 452 00b8 84F83F30 		strb	r3, [r4, #63]
 264:Drivers/STM32WBxx_HAL_Driver/Src/stm32wbxx_hal_tim_ex.c ****   TIM_CHANNEL_N_STATE_SET(htim, TIM_CHANNEL_2, HAL_TIM_CHANNEL_STATE_READY);
 453              		.loc 1 264 3 view .LVU160
 454 00bc 84F84430 		strb	r3, [r4, #68]
 265:Drivers/STM32WBxx_HAL_Driver/Src/stm32wbxx_hal_tim_ex.c **** 
 455              		.loc 1 265 3 view .LVU161
 456 00c0 84F84530 		strb	r3, [r4, #69]
 268:Drivers/STM32WBxx_HAL_Driver/Src/stm32wbxx_hal_tim_ex.c **** 
 457              		.loc 1 268 3 view .LVU162
 268:Drivers/STM32WBxx_HAL_Driver/Src/stm32wbxx_hal_tim_ex.c **** 
 458              		.loc 1 268 15 is_stmt 0 view .LVU163
 459 00c4 84F83D30 		strb	r3, [r4, #61]
 270:Drivers/STM32WBxx_HAL_Driver/Src/stm32wbxx_hal_tim_ex.c **** }
 460              		.loc 1 270 3 is_stmt 1 view .LVU164
 270:Drivers/STM32WBxx_HAL_Driver/Src/stm32wbxx_hal_tim_ex.c **** }
 461              		.loc 1 270 10 is_stmt 0 view .LVU165
 462 00c8 2846     		mov	r0, r5
 271:Drivers/STM32WBxx_HAL_Driver/Src/stm32wbxx_hal_tim_ex.c **** 
 463              		.loc 1 271 1 view .LVU166
 464 00ca 08B0     		add	sp, sp, #32
 465              	.LCFI4:
 466              		.cfi_remember_state
 467              		.cfi_def_cfa_offset 16
 468              		@ sp needed
 469 00cc 70BD     		pop	{r4, r5, r6, pc}
 470              	.LVL20:
 471              	.L27:
 472              	.LCFI5:
 473              		.cfi_restore_state
 199:Drivers/STM32WBxx_HAL_Driver/Src/stm32wbxx_hal_tim_ex.c **** 
 474              		.loc 1 199 5 is_stmt 1 view .LVU167
 199:Drivers/STM32WBxx_HAL_Driver/Src/stm32wbxx_hal_tim_ex.c **** 
 475              		.loc 1 199 16 is_stmt 0 view .LVU168
 476 00ce 80F83C30 		strb	r3, [r0, #60]
 213:Drivers/STM32WBxx_HAL_Driver/Src/stm32wbxx_hal_tim_ex.c **** #endif /* USE_HAL_TIM_REGISTER_CALLBACKS */
 477              		.loc 1 213 5 is_stmt 1 view .LVU169
 478 00d2 FFF7FEFF 		bl	HAL_TIMEx_HallSensor_MspInit
ARM GAS  /var/folders/98/ctz5mtps7w71v8dr53cf5qg40000gn/T//ccO5oMcB.s 			page 61


 479              	.LVL21:
 213:Drivers/STM32WBxx_HAL_Driver/Src/stm32wbxx_hal_tim_ex.c **** #endif /* USE_HAL_TIM_REGISTER_CALLBACKS */
 480              		.loc 1 213 5 is_stmt 0 view .LVU170
 481 00d6 9DE7     		b	.L21
 482              	.LVL22:
 483              	.L22:
 484              	.LCFI6:
 485              		.cfi_def_cfa_offset 0
 486              		.cfi_restore 4
 487              		.cfi_restore 5
 488              		.cfi_restore 6
 489              		.cfi_restore 14
 183:Drivers/STM32WBxx_HAL_Driver/Src/stm32wbxx_hal_tim_ex.c ****   }
 490              		.loc 1 183 12 view .LVU171
 491 00d8 0120     		movs	r0, #1
 492              	.LVL23:
 271:Drivers/STM32WBxx_HAL_Driver/Src/stm32wbxx_hal_tim_ex.c **** 
 493              		.loc 1 271 1 view .LVU172
 494 00da 7047     		bx	lr
 495              		.cfi_endproc
 496              	.LFE950:
 498              		.section	.text.HAL_TIMEx_HallSensor_MspDeInit,"ax",%progbits
 499              		.align	1
 500              		.weak	HAL_TIMEx_HallSensor_MspDeInit
 501              		.syntax unified
 502              		.thumb
 503              		.thumb_func
 505              	HAL_TIMEx_HallSensor_MspDeInit:
 506              	.LVL24:
 507              	.LFB953:
 339:Drivers/STM32WBxx_HAL_Driver/Src/stm32wbxx_hal_tim_ex.c ****   /* Prevent unused argument(s) compilation warning */
 508              		.loc 1 339 1 is_stmt 1 view -0
 509              		.cfi_startproc
 510              		@ args = 0, pretend = 0, frame = 0
 511              		@ frame_needed = 0, uses_anonymous_args = 0
 512              		@ link register save eliminated.
 341:Drivers/STM32WBxx_HAL_Driver/Src/stm32wbxx_hal_tim_ex.c **** 
 513              		.loc 1 341 3 view .LVU174
 346:Drivers/STM32WBxx_HAL_Driver/Src/stm32wbxx_hal_tim_ex.c **** 
 514              		.loc 1 346 1 is_stmt 0 view .LVU175
 515 0000 7047     		bx	lr
 516              		.cfi_endproc
 517              	.LFE953:
 519              		.section	.text.HAL_TIMEx_HallSensor_DeInit,"ax",%progbits
 520              		.align	1
 521              		.global	HAL_TIMEx_HallSensor_DeInit
 522              		.syntax unified
 523              		.thumb
 524              		.thumb_func
 526              	HAL_TIMEx_HallSensor_DeInit:
 527              	.LVL25:
 528              	.LFB951:
 279:Drivers/STM32WBxx_HAL_Driver/Src/stm32wbxx_hal_tim_ex.c ****   /* Check the parameters */
 529              		.loc 1 279 1 is_stmt 1 view -0
 530              		.cfi_startproc
 531              		@ args = 0, pretend = 0, frame = 0
 532              		@ frame_needed = 0, uses_anonymous_args = 0
ARM GAS  /var/folders/98/ctz5mtps7w71v8dr53cf5qg40000gn/T//ccO5oMcB.s 			page 62


 279:Drivers/STM32WBxx_HAL_Driver/Src/stm32wbxx_hal_tim_ex.c ****   /* Check the parameters */
 533              		.loc 1 279 1 is_stmt 0 view .LVU177
 534 0000 10B5     		push	{r4, lr}
 535              	.LCFI7:
 536              		.cfi_def_cfa_offset 8
 537              		.cfi_offset 4, -8
 538              		.cfi_offset 14, -4
 539 0002 0446     		mov	r4, r0
 281:Drivers/STM32WBxx_HAL_Driver/Src/stm32wbxx_hal_tim_ex.c **** 
 540              		.loc 1 281 3 is_stmt 1 view .LVU178
 283:Drivers/STM32WBxx_HAL_Driver/Src/stm32wbxx_hal_tim_ex.c **** 
 541              		.loc 1 283 3 view .LVU179
 283:Drivers/STM32WBxx_HAL_Driver/Src/stm32wbxx_hal_tim_ex.c **** 
 542              		.loc 1 283 15 is_stmt 0 view .LVU180
 543 0004 0223     		movs	r3, #2
 544 0006 80F83D30 		strb	r3, [r0, #61]
 286:Drivers/STM32WBxx_HAL_Driver/Src/stm32wbxx_hal_tim_ex.c **** 
 545              		.loc 1 286 3 is_stmt 1 view .LVU181
 286:Drivers/STM32WBxx_HAL_Driver/Src/stm32wbxx_hal_tim_ex.c **** 
 546              		.loc 1 286 3 view .LVU182
 547 000a 0268     		ldr	r2, [r0]
 548 000c 136A     		ldr	r3, [r2, #32]
 549 000e 03F01133 		and	r3, r3, #286331153
 550 0012 23F08853 		bic	r3, r3, #285212672
 551 0016 43B9     		cbnz	r3, .L30
 286:Drivers/STM32WBxx_HAL_Driver/Src/stm32wbxx_hal_tim_ex.c **** 
 552              		.loc 1 286 3 discriminator 1 view .LVU183
 553 0018 116A     		ldr	r1, [r2, #32]
 554 001a 40F24443 		movw	r3, #1092
 555 001e 1942     		tst	r1, r3
 556 0020 03D1     		bne	.L30
 286:Drivers/STM32WBxx_HAL_Driver/Src/stm32wbxx_hal_tim_ex.c **** 
 557              		.loc 1 286 3 discriminator 3 view .LVU184
 558 0022 1368     		ldr	r3, [r2]
 559 0024 23F00103 		bic	r3, r3, #1
 560 0028 1360     		str	r3, [r2]
 561              	.L30:
 286:Drivers/STM32WBxx_HAL_Driver/Src/stm32wbxx_hal_tim_ex.c **** 
 562              		.loc 1 286 3 discriminator 5 view .LVU185
 297:Drivers/STM32WBxx_HAL_Driver/Src/stm32wbxx_hal_tim_ex.c **** #endif /* USE_HAL_TIM_REGISTER_CALLBACKS */
 563              		.loc 1 297 3 view .LVU186
 564 002a 2046     		mov	r0, r4
 565              	.LVL26:
 297:Drivers/STM32WBxx_HAL_Driver/Src/stm32wbxx_hal_tim_ex.c **** #endif /* USE_HAL_TIM_REGISTER_CALLBACKS */
 566              		.loc 1 297 3 is_stmt 0 view .LVU187
 567 002c FFF7FEFF 		bl	HAL_TIMEx_HallSensor_MspDeInit
 568              	.LVL27:
 301:Drivers/STM32WBxx_HAL_Driver/Src/stm32wbxx_hal_tim_ex.c **** 
 569              		.loc 1 301 3 is_stmt 1 view .LVU188
 301:Drivers/STM32WBxx_HAL_Driver/Src/stm32wbxx_hal_tim_ex.c **** 
 570              		.loc 1 301 23 is_stmt 0 view .LVU189
 571 0030 0020     		movs	r0, #0
 572 0032 84F84800 		strb	r0, [r4, #72]
 304:Drivers/STM32WBxx_HAL_Driver/Src/stm32wbxx_hal_tim_ex.c ****   TIM_CHANNEL_STATE_SET(htim, TIM_CHANNEL_2, HAL_TIM_CHANNEL_STATE_RESET);
 573              		.loc 1 304 3 is_stmt 1 view .LVU190
 574 0036 84F83E00 		strb	r0, [r4, #62]
 305:Drivers/STM32WBxx_HAL_Driver/Src/stm32wbxx_hal_tim_ex.c ****   TIM_CHANNEL_N_STATE_SET(htim, TIM_CHANNEL_1, HAL_TIM_CHANNEL_STATE_RESET);
ARM GAS  /var/folders/98/ctz5mtps7w71v8dr53cf5qg40000gn/T//ccO5oMcB.s 			page 63


 575              		.loc 1 305 3 view .LVU191
 576 003a 84F83F00 		strb	r0, [r4, #63]
 306:Drivers/STM32WBxx_HAL_Driver/Src/stm32wbxx_hal_tim_ex.c ****   TIM_CHANNEL_N_STATE_SET(htim, TIM_CHANNEL_2, HAL_TIM_CHANNEL_STATE_RESET);
 577              		.loc 1 306 3 view .LVU192
 578 003e 84F84400 		strb	r0, [r4, #68]
 307:Drivers/STM32WBxx_HAL_Driver/Src/stm32wbxx_hal_tim_ex.c **** 
 579              		.loc 1 307 3 view .LVU193
 580 0042 84F84500 		strb	r0, [r4, #69]
 310:Drivers/STM32WBxx_HAL_Driver/Src/stm32wbxx_hal_tim_ex.c **** 
 581              		.loc 1 310 3 view .LVU194
 310:Drivers/STM32WBxx_HAL_Driver/Src/stm32wbxx_hal_tim_ex.c **** 
 582              		.loc 1 310 15 is_stmt 0 view .LVU195
 583 0046 84F83D00 		strb	r0, [r4, #61]
 313:Drivers/STM32WBxx_HAL_Driver/Src/stm32wbxx_hal_tim_ex.c **** 
 584              		.loc 1 313 3 is_stmt 1 view .LVU196
 313:Drivers/STM32WBxx_HAL_Driver/Src/stm32wbxx_hal_tim_ex.c **** 
 585              		.loc 1 313 3 view .LVU197
 586 004a 84F83C00 		strb	r0, [r4, #60]
 313:Drivers/STM32WBxx_HAL_Driver/Src/stm32wbxx_hal_tim_ex.c **** 
 587              		.loc 1 313 3 view .LVU198
 315:Drivers/STM32WBxx_HAL_Driver/Src/stm32wbxx_hal_tim_ex.c **** }
 588              		.loc 1 315 3 view .LVU199
 316:Drivers/STM32WBxx_HAL_Driver/Src/stm32wbxx_hal_tim_ex.c **** 
 589              		.loc 1 316 1 is_stmt 0 view .LVU200
 590 004e 10BD     		pop	{r4, pc}
 316:Drivers/STM32WBxx_HAL_Driver/Src/stm32wbxx_hal_tim_ex.c **** 
 591              		.loc 1 316 1 view .LVU201
 592              		.cfi_endproc
 593              	.LFE951:
 595              		.section	.text.HAL_TIMEx_HallSensor_Start,"ax",%progbits
 596              		.align	1
 597              		.global	HAL_TIMEx_HallSensor_Start
 598              		.syntax unified
 599              		.thumb
 600              		.thumb_func
 602              	HAL_TIMEx_HallSensor_Start:
 603              	.LVL28:
 604              	.LFB954:
 354:Drivers/STM32WBxx_HAL_Driver/Src/stm32wbxx_hal_tim_ex.c ****   uint32_t tmpsmcr;
 605              		.loc 1 354 1 is_stmt 1 view -0
 606              		.cfi_startproc
 607              		@ args = 0, pretend = 0, frame = 0
 608              		@ frame_needed = 0, uses_anonymous_args = 0
 354:Drivers/STM32WBxx_HAL_Driver/Src/stm32wbxx_hal_tim_ex.c ****   uint32_t tmpsmcr;
 609              		.loc 1 354 1 is_stmt 0 view .LVU203
 610 0000 10B5     		push	{r4, lr}
 611              	.LCFI8:
 612              		.cfi_def_cfa_offset 8
 613              		.cfi_offset 4, -8
 614              		.cfi_offset 14, -4
 615 0002 0446     		mov	r4, r0
 355:Drivers/STM32WBxx_HAL_Driver/Src/stm32wbxx_hal_tim_ex.c ****   HAL_TIM_ChannelStateTypeDef channel_1_state = TIM_CHANNEL_STATE_GET(htim, TIM_CHANNEL_1);
 616              		.loc 1 355 3 is_stmt 1 view .LVU204
 356:Drivers/STM32WBxx_HAL_Driver/Src/stm32wbxx_hal_tim_ex.c ****   HAL_TIM_ChannelStateTypeDef channel_2_state = TIM_CHANNEL_STATE_GET(htim, TIM_CHANNEL_2);
 617              		.loc 1 356 3 view .LVU205
 356:Drivers/STM32WBxx_HAL_Driver/Src/stm32wbxx_hal_tim_ex.c ****   HAL_TIM_ChannelStateTypeDef channel_2_state = TIM_CHANNEL_STATE_GET(htim, TIM_CHANNEL_2);
 618              		.loc 1 356 31 is_stmt 0 view .LVU206
ARM GAS  /var/folders/98/ctz5mtps7w71v8dr53cf5qg40000gn/T//ccO5oMcB.s 			page 64


 619 0004 90F83EC0 		ldrb	ip, [r0, #62]	@ zero_extendqisi2
 620              	.LVL29:
 357:Drivers/STM32WBxx_HAL_Driver/Src/stm32wbxx_hal_tim_ex.c ****   HAL_TIM_ChannelStateTypeDef complementary_channel_1_state = TIM_CHANNEL_N_STATE_GET(htim, TIM_CHA
 621              		.loc 1 357 3 is_stmt 1 view .LVU207
 357:Drivers/STM32WBxx_HAL_Driver/Src/stm32wbxx_hal_tim_ex.c ****   HAL_TIM_ChannelStateTypeDef complementary_channel_1_state = TIM_CHANNEL_N_STATE_GET(htim, TIM_CHA
 622              		.loc 1 357 31 is_stmt 0 view .LVU208
 623 0008 90F83F30 		ldrb	r3, [r0, #63]	@ zero_extendqisi2
 624              	.LVL30:
 358:Drivers/STM32WBxx_HAL_Driver/Src/stm32wbxx_hal_tim_ex.c ****   HAL_TIM_ChannelStateTypeDef complementary_channel_2_state = TIM_CHANNEL_N_STATE_GET(htim, TIM_CHA
 625              		.loc 1 358 3 is_stmt 1 view .LVU209
 358:Drivers/STM32WBxx_HAL_Driver/Src/stm32wbxx_hal_tim_ex.c ****   HAL_TIM_ChannelStateTypeDef complementary_channel_2_state = TIM_CHANNEL_N_STATE_GET(htim, TIM_CHA
 626              		.loc 1 358 31 is_stmt 0 view .LVU210
 627 000c 90F84420 		ldrb	r2, [r0, #68]	@ zero_extendqisi2
 628              	.LVL31:
 359:Drivers/STM32WBxx_HAL_Driver/Src/stm32wbxx_hal_tim_ex.c **** 
 629              		.loc 1 359 3 is_stmt 1 view .LVU211
 359:Drivers/STM32WBxx_HAL_Driver/Src/stm32wbxx_hal_tim_ex.c **** 
 630              		.loc 1 359 31 is_stmt 0 view .LVU212
 631 0010 90F84510 		ldrb	r1, [r0, #69]	@ zero_extendqisi2
 632              	.LVL32:
 362:Drivers/STM32WBxx_HAL_Driver/Src/stm32wbxx_hal_tim_ex.c **** 
 633              		.loc 1 362 3 is_stmt 1 view .LVU213
 365:Drivers/STM32WBxx_HAL_Driver/Src/stm32wbxx_hal_tim_ex.c ****       || (channel_2_state != HAL_TIM_CHANNEL_STATE_READY)
 634              		.loc 1 365 3 view .LVU214
 365:Drivers/STM32WBxx_HAL_Driver/Src/stm32wbxx_hal_tim_ex.c ****       || (channel_2_state != HAL_TIM_CHANNEL_STATE_READY)
 635              		.loc 1 365 6 is_stmt 0 view .LVU215
 636 0014 BCF1010F 		cmp	ip, #1
 637 0018 34D1     		bne	.L36
 638 001a 5FFA8CF0 		uxtb	r0, ip
 639              	.LVL33:
 365:Drivers/STM32WBxx_HAL_Driver/Src/stm32wbxx_hal_tim_ex.c ****       || (channel_2_state != HAL_TIM_CHANNEL_STATE_READY)
 640              		.loc 1 365 6 view .LVU216
 641 001e DBB2     		uxtb	r3, r3
 365:Drivers/STM32WBxx_HAL_Driver/Src/stm32wbxx_hal_tim_ex.c ****       || (channel_2_state != HAL_TIM_CHANNEL_STATE_READY)
 642              		.loc 1 365 6 view .LVU217
 643 0020 D2B2     		uxtb	r2, r2
 365:Drivers/STM32WBxx_HAL_Driver/Src/stm32wbxx_hal_tim_ex.c ****       || (channel_2_state != HAL_TIM_CHANNEL_STATE_READY)
 644              		.loc 1 365 6 view .LVU218
 645 0022 C9B2     		uxtb	r1, r1
 366:Drivers/STM32WBxx_HAL_Driver/Src/stm32wbxx_hal_tim_ex.c ****       || (complementary_channel_1_state != HAL_TIM_CHANNEL_STATE_READY)
 646              		.loc 1 366 7 view .LVU219
 647 0024 012B     		cmp	r3, #1
 648 0026 2ED1     		bne	.L33
 367:Drivers/STM32WBxx_HAL_Driver/Src/stm32wbxx_hal_tim_ex.c ****       || (complementary_channel_2_state != HAL_TIM_CHANNEL_STATE_READY))
 649              		.loc 1 367 7 view .LVU220
 650 0028 012A     		cmp	r2, #1
 651 002a 2DD1     		bne	.L37
 368:Drivers/STM32WBxx_HAL_Driver/Src/stm32wbxx_hal_tim_ex.c ****   {
 652              		.loc 1 368 7 view .LVU221
 653 002c 0129     		cmp	r1, #1
 654 002e 01D0     		beq	.L42
 370:Drivers/STM32WBxx_HAL_Driver/Src/stm32wbxx_hal_tim_ex.c ****   }
 655              		.loc 1 370 12 view .LVU222
 656 0030 1046     		mov	r0, r2
 657 0032 28E0     		b	.L33
 658              	.L42:
 374:Drivers/STM32WBxx_HAL_Driver/Src/stm32wbxx_hal_tim_ex.c ****   TIM_CHANNEL_STATE_SET(htim, TIM_CHANNEL_2, HAL_TIM_CHANNEL_STATE_BUSY);
ARM GAS  /var/folders/98/ctz5mtps7w71v8dr53cf5qg40000gn/T//ccO5oMcB.s 			page 65


 659              		.loc 1 374 3 is_stmt 1 view .LVU223
 660 0034 0223     		movs	r3, #2
 661              	.LVL34:
 374:Drivers/STM32WBxx_HAL_Driver/Src/stm32wbxx_hal_tim_ex.c ****   TIM_CHANNEL_STATE_SET(htim, TIM_CHANNEL_2, HAL_TIM_CHANNEL_STATE_BUSY);
 662              		.loc 1 374 3 is_stmt 0 view .LVU224
 663 0036 84F83E30 		strb	r3, [r4, #62]
 375:Drivers/STM32WBxx_HAL_Driver/Src/stm32wbxx_hal_tim_ex.c ****   TIM_CHANNEL_N_STATE_SET(htim, TIM_CHANNEL_1, HAL_TIM_CHANNEL_STATE_BUSY);
 664              		.loc 1 375 3 is_stmt 1 view .LVU225
 665 003a 84F83F30 		strb	r3, [r4, #63]
 376:Drivers/STM32WBxx_HAL_Driver/Src/stm32wbxx_hal_tim_ex.c ****   TIM_CHANNEL_N_STATE_SET(htim, TIM_CHANNEL_2, HAL_TIM_CHANNEL_STATE_BUSY);
 666              		.loc 1 376 3 view .LVU226
 667 003e 84F84430 		strb	r3, [r4, #68]
 377:Drivers/STM32WBxx_HAL_Driver/Src/stm32wbxx_hal_tim_ex.c **** 
 668              		.loc 1 377 3 view .LVU227
 669 0042 84F84530 		strb	r3, [r4, #69]
 382:Drivers/STM32WBxx_HAL_Driver/Src/stm32wbxx_hal_tim_ex.c **** 
 670              		.loc 1 382 3 view .LVU228
 671 0046 0021     		movs	r1, #0
 672              	.LVL35:
 382:Drivers/STM32WBxx_HAL_Driver/Src/stm32wbxx_hal_tim_ex.c **** 
 673              		.loc 1 382 3 is_stmt 0 view .LVU229
 674 0048 2068     		ldr	r0, [r4]
 675 004a FFF7FEFF 		bl	TIM_CCxChannelCmd
 676              	.LVL36:
 385:Drivers/STM32WBxx_HAL_Driver/Src/stm32wbxx_hal_tim_ex.c ****   {
 677              		.loc 1 385 3 is_stmt 1 view .LVU230
 385:Drivers/STM32WBxx_HAL_Driver/Src/stm32wbxx_hal_tim_ex.c ****   {
 678              		.loc 1 385 7 is_stmt 0 view .LVU231
 679 004e 2368     		ldr	r3, [r4]
 385:Drivers/STM32WBxx_HAL_Driver/Src/stm32wbxx_hal_tim_ex.c ****   {
 680              		.loc 1 385 6 view .LVU232
 681 0050 104A     		ldr	r2, .L43
 682 0052 9342     		cmp	r3, r2
 683 0054 08D0     		beq	.L34
 385:Drivers/STM32WBxx_HAL_Driver/Src/stm32wbxx_hal_tim_ex.c ****   {
 684              		.loc 1 385 7 discriminator 1 view .LVU233
 685 0056 B3F1804F 		cmp	r3, #1073741824
 686 005a 05D0     		beq	.L34
 395:Drivers/STM32WBxx_HAL_Driver/Src/stm32wbxx_hal_tim_ex.c ****   }
 687              		.loc 1 395 5 is_stmt 1 view .LVU234
 688 005c 1A68     		ldr	r2, [r3]
 689 005e 42F00102 		orr	r2, r2, #1
 690 0062 1A60     		str	r2, [r3]
 399:Drivers/STM32WBxx_HAL_Driver/Src/stm32wbxx_hal_tim_ex.c **** }
 691              		.loc 1 399 10 is_stmt 0 view .LVU235
 692 0064 0020     		movs	r0, #0
 693 0066 0EE0     		b	.L33
 694              	.L34:
 387:Drivers/STM32WBxx_HAL_Driver/Src/stm32wbxx_hal_tim_ex.c ****     if (!IS_TIM_SLAVEMODE_TRIGGER_ENABLED(tmpsmcr))
 695              		.loc 1 387 5 is_stmt 1 view .LVU236
 387:Drivers/STM32WBxx_HAL_Driver/Src/stm32wbxx_hal_tim_ex.c ****     if (!IS_TIM_SLAVEMODE_TRIGGER_ENABLED(tmpsmcr))
 696              		.loc 1 387 29 is_stmt 0 view .LVU237
 697 0068 9968     		ldr	r1, [r3, #8]
 387:Drivers/STM32WBxx_HAL_Driver/Src/stm32wbxx_hal_tim_ex.c ****     if (!IS_TIM_SLAVEMODE_TRIGGER_ENABLED(tmpsmcr))
 698              		.loc 1 387 13 view .LVU238
 699 006a 0B4A     		ldr	r2, .L43+4
 700 006c 0A40     		ands	r2, r2, r1
ARM GAS  /var/folders/98/ctz5mtps7w71v8dr53cf5qg40000gn/T//ccO5oMcB.s 			page 66


 701              	.LVL37:
 388:Drivers/STM32WBxx_HAL_Driver/Src/stm32wbxx_hal_tim_ex.c ****     {
 702              		.loc 1 388 5 is_stmt 1 view .LVU239
 388:Drivers/STM32WBxx_HAL_Driver/Src/stm32wbxx_hal_tim_ex.c ****     {
 703              		.loc 1 388 8 is_stmt 0 view .LVU240
 704 006e 062A     		cmp	r2, #6
 705 0070 0CD0     		beq	.L39
 388:Drivers/STM32WBxx_HAL_Driver/Src/stm32wbxx_hal_tim_ex.c ****     {
 706              		.loc 1 388 9 discriminator 1 view .LVU241
 707 0072 B2F5803F 		cmp	r2, #65536
 708 0076 0BD0     		beq	.L40
 390:Drivers/STM32WBxx_HAL_Driver/Src/stm32wbxx_hal_tim_ex.c ****     }
 709              		.loc 1 390 7 is_stmt 1 view .LVU242
 710 0078 1A68     		ldr	r2, [r3]
 711              	.LVL38:
 390:Drivers/STM32WBxx_HAL_Driver/Src/stm32wbxx_hal_tim_ex.c ****     }
 712              		.loc 1 390 7 is_stmt 0 view .LVU243
 713 007a 42F00102 		orr	r2, r2, #1
 714 007e 1A60     		str	r2, [r3]
 399:Drivers/STM32WBxx_HAL_Driver/Src/stm32wbxx_hal_tim_ex.c **** }
 715              		.loc 1 399 10 view .LVU244
 716 0080 0020     		movs	r0, #0
 717 0082 00E0     		b	.L33
 718              	.LVL39:
 719              	.L36:
 370:Drivers/STM32WBxx_HAL_Driver/Src/stm32wbxx_hal_tim_ex.c ****   }
 720              		.loc 1 370 12 view .LVU245
 721 0084 0120     		movs	r0, #1
 722              	.LVL40:
 723              	.L33:
 400:Drivers/STM32WBxx_HAL_Driver/Src/stm32wbxx_hal_tim_ex.c **** 
 724              		.loc 1 400 1 view .LVU246
 725 0086 10BD     		pop	{r4, pc}
 726              	.LVL41:
 727              	.L37:
 370:Drivers/STM32WBxx_HAL_Driver/Src/stm32wbxx_hal_tim_ex.c ****   }
 728              		.loc 1 370 12 view .LVU247
 729 0088 1846     		mov	r0, r3
 730 008a FCE7     		b	.L33
 731              	.LVL42:
 732              	.L39:
 399:Drivers/STM32WBxx_HAL_Driver/Src/stm32wbxx_hal_tim_ex.c **** }
 733              		.loc 1 399 10 view .LVU248
 734 008c 0020     		movs	r0, #0
 735 008e FAE7     		b	.L33
 736              	.L40:
 737 0090 0020     		movs	r0, #0
 738 0092 F8E7     		b	.L33
 739              	.L44:
 740              		.align	2
 741              	.L43:
 742 0094 002C0140 		.word	1073818624
 743 0098 07000100 		.word	65543
 744              		.cfi_endproc
 745              	.LFE954:
 747              		.section	.text.HAL_TIMEx_HallSensor_Stop,"ax",%progbits
 748              		.align	1
ARM GAS  /var/folders/98/ctz5mtps7w71v8dr53cf5qg40000gn/T//ccO5oMcB.s 			page 67


 749              		.global	HAL_TIMEx_HallSensor_Stop
 750              		.syntax unified
 751              		.thumb
 752              		.thumb_func
 754              	HAL_TIMEx_HallSensor_Stop:
 755              	.LVL43:
 756              	.LFB955:
 408:Drivers/STM32WBxx_HAL_Driver/Src/stm32wbxx_hal_tim_ex.c ****   /* Check the parameters */
 757              		.loc 1 408 1 is_stmt 1 view -0
 758              		.cfi_startproc
 759              		@ args = 0, pretend = 0, frame = 0
 760              		@ frame_needed = 0, uses_anonymous_args = 0
 408:Drivers/STM32WBxx_HAL_Driver/Src/stm32wbxx_hal_tim_ex.c ****   /* Check the parameters */
 761              		.loc 1 408 1 is_stmt 0 view .LVU250
 762 0000 10B5     		push	{r4, lr}
 763              	.LCFI9:
 764              		.cfi_def_cfa_offset 8
 765              		.cfi_offset 4, -8
 766              		.cfi_offset 14, -4
 767 0002 0446     		mov	r4, r0
 410:Drivers/STM32WBxx_HAL_Driver/Src/stm32wbxx_hal_tim_ex.c **** 
 768              		.loc 1 410 3 is_stmt 1 view .LVU251
 415:Drivers/STM32WBxx_HAL_Driver/Src/stm32wbxx_hal_tim_ex.c **** 
 769              		.loc 1 415 3 view .LVU252
 770 0004 0022     		movs	r2, #0
 771 0006 1146     		mov	r1, r2
 772 0008 0068     		ldr	r0, [r0]
 773              	.LVL44:
 415:Drivers/STM32WBxx_HAL_Driver/Src/stm32wbxx_hal_tim_ex.c **** 
 774              		.loc 1 415 3 is_stmt 0 view .LVU253
 775 000a FFF7FEFF 		bl	TIM_CCxChannelCmd
 776              	.LVL45:
 418:Drivers/STM32WBxx_HAL_Driver/Src/stm32wbxx_hal_tim_ex.c **** 
 777              		.loc 1 418 3 is_stmt 1 view .LVU254
 418:Drivers/STM32WBxx_HAL_Driver/Src/stm32wbxx_hal_tim_ex.c **** 
 778              		.loc 1 418 3 view .LVU255
 779 000e 2268     		ldr	r2, [r4]
 780 0010 136A     		ldr	r3, [r2, #32]
 781 0012 03F01133 		and	r3, r3, #286331153
 782 0016 23F08853 		bic	r3, r3, #285212672
 783 001a 43B9     		cbnz	r3, .L46
 418:Drivers/STM32WBxx_HAL_Driver/Src/stm32wbxx_hal_tim_ex.c **** 
 784              		.loc 1 418 3 discriminator 1 view .LVU256
 785 001c 116A     		ldr	r1, [r2, #32]
 786 001e 40F24443 		movw	r3, #1092
 787 0022 1942     		tst	r1, r3
 788 0024 03D1     		bne	.L46
 418:Drivers/STM32WBxx_HAL_Driver/Src/stm32wbxx_hal_tim_ex.c **** 
 789              		.loc 1 418 3 discriminator 3 view .LVU257
 790 0026 1368     		ldr	r3, [r2]
 791 0028 23F00103 		bic	r3, r3, #1
 792 002c 1360     		str	r3, [r2]
 793              	.L46:
 418:Drivers/STM32WBxx_HAL_Driver/Src/stm32wbxx_hal_tim_ex.c **** 
 794              		.loc 1 418 3 discriminator 5 view .LVU258
 421:Drivers/STM32WBxx_HAL_Driver/Src/stm32wbxx_hal_tim_ex.c ****   TIM_CHANNEL_STATE_SET(htim, TIM_CHANNEL_2, HAL_TIM_CHANNEL_STATE_READY);
 795              		.loc 1 421 3 view .LVU259
ARM GAS  /var/folders/98/ctz5mtps7w71v8dr53cf5qg40000gn/T//ccO5oMcB.s 			page 68


 796 002e 0123     		movs	r3, #1
 797 0030 84F83E30 		strb	r3, [r4, #62]
 422:Drivers/STM32WBxx_HAL_Driver/Src/stm32wbxx_hal_tim_ex.c ****   TIM_CHANNEL_N_STATE_SET(htim, TIM_CHANNEL_1, HAL_TIM_CHANNEL_STATE_READY);
 798              		.loc 1 422 3 view .LVU260
 799 0034 84F83F30 		strb	r3, [r4, #63]
 423:Drivers/STM32WBxx_HAL_Driver/Src/stm32wbxx_hal_tim_ex.c ****   TIM_CHANNEL_N_STATE_SET(htim, TIM_CHANNEL_2, HAL_TIM_CHANNEL_STATE_READY);
 800              		.loc 1 423 3 view .LVU261
 801 0038 84F84430 		strb	r3, [r4, #68]
 424:Drivers/STM32WBxx_HAL_Driver/Src/stm32wbxx_hal_tim_ex.c **** 
 802              		.loc 1 424 3 view .LVU262
 803 003c 84F84530 		strb	r3, [r4, #69]
 427:Drivers/STM32WBxx_HAL_Driver/Src/stm32wbxx_hal_tim_ex.c **** }
 804              		.loc 1 427 3 view .LVU263
 428:Drivers/STM32WBxx_HAL_Driver/Src/stm32wbxx_hal_tim_ex.c **** 
 805              		.loc 1 428 1 is_stmt 0 view .LVU264
 806 0040 0020     		movs	r0, #0
 807 0042 10BD     		pop	{r4, pc}
 428:Drivers/STM32WBxx_HAL_Driver/Src/stm32wbxx_hal_tim_ex.c **** 
 808              		.loc 1 428 1 view .LVU265
 809              		.cfi_endproc
 810              	.LFE955:
 812              		.section	.text.HAL_TIMEx_HallSensor_Start_IT,"ax",%progbits
 813              		.align	1
 814              		.global	HAL_TIMEx_HallSensor_Start_IT
 815              		.syntax unified
 816              		.thumb
 817              		.thumb_func
 819              	HAL_TIMEx_HallSensor_Start_IT:
 820              	.LVL46:
 821              	.LFB956:
 436:Drivers/STM32WBxx_HAL_Driver/Src/stm32wbxx_hal_tim_ex.c ****   uint32_t tmpsmcr;
 822              		.loc 1 436 1 is_stmt 1 view -0
 823              		.cfi_startproc
 824              		@ args = 0, pretend = 0, frame = 0
 825              		@ frame_needed = 0, uses_anonymous_args = 0
 436:Drivers/STM32WBxx_HAL_Driver/Src/stm32wbxx_hal_tim_ex.c ****   uint32_t tmpsmcr;
 826              		.loc 1 436 1 is_stmt 0 view .LVU267
 827 0000 10B5     		push	{r4, lr}
 828              	.LCFI10:
 829              		.cfi_def_cfa_offset 8
 830              		.cfi_offset 4, -8
 831              		.cfi_offset 14, -4
 832 0002 0446     		mov	r4, r0
 437:Drivers/STM32WBxx_HAL_Driver/Src/stm32wbxx_hal_tim_ex.c ****   HAL_TIM_ChannelStateTypeDef channel_1_state = TIM_CHANNEL_STATE_GET(htim, TIM_CHANNEL_1);
 833              		.loc 1 437 3 is_stmt 1 view .LVU268
 438:Drivers/STM32WBxx_HAL_Driver/Src/stm32wbxx_hal_tim_ex.c ****   HAL_TIM_ChannelStateTypeDef channel_2_state = TIM_CHANNEL_STATE_GET(htim, TIM_CHANNEL_2);
 834              		.loc 1 438 3 view .LVU269
 438:Drivers/STM32WBxx_HAL_Driver/Src/stm32wbxx_hal_tim_ex.c ****   HAL_TIM_ChannelStateTypeDef channel_2_state = TIM_CHANNEL_STATE_GET(htim, TIM_CHANNEL_2);
 835              		.loc 1 438 31 is_stmt 0 view .LVU270
 836 0004 90F83EC0 		ldrb	ip, [r0, #62]	@ zero_extendqisi2
 837              	.LVL47:
 439:Drivers/STM32WBxx_HAL_Driver/Src/stm32wbxx_hal_tim_ex.c ****   HAL_TIM_ChannelStateTypeDef complementary_channel_1_state = TIM_CHANNEL_N_STATE_GET(htim, TIM_CHA
 838              		.loc 1 439 3 is_stmt 1 view .LVU271
 439:Drivers/STM32WBxx_HAL_Driver/Src/stm32wbxx_hal_tim_ex.c ****   HAL_TIM_ChannelStateTypeDef complementary_channel_1_state = TIM_CHANNEL_N_STATE_GET(htim, TIM_CHA
 839              		.loc 1 439 31 is_stmt 0 view .LVU272
 840 0008 90F83F30 		ldrb	r3, [r0, #63]	@ zero_extendqisi2
 841              	.LVL48:
ARM GAS  /var/folders/98/ctz5mtps7w71v8dr53cf5qg40000gn/T//ccO5oMcB.s 			page 69


 440:Drivers/STM32WBxx_HAL_Driver/Src/stm32wbxx_hal_tim_ex.c ****   HAL_TIM_ChannelStateTypeDef complementary_channel_2_state = TIM_CHANNEL_N_STATE_GET(htim, TIM_CHA
 842              		.loc 1 440 3 is_stmt 1 view .LVU273
 440:Drivers/STM32WBxx_HAL_Driver/Src/stm32wbxx_hal_tim_ex.c ****   HAL_TIM_ChannelStateTypeDef complementary_channel_2_state = TIM_CHANNEL_N_STATE_GET(htim, TIM_CHA
 843              		.loc 1 440 31 is_stmt 0 view .LVU274
 844 000c 90F84420 		ldrb	r2, [r0, #68]	@ zero_extendqisi2
 845              	.LVL49:
 441:Drivers/STM32WBxx_HAL_Driver/Src/stm32wbxx_hal_tim_ex.c **** 
 846              		.loc 1 441 3 is_stmt 1 view .LVU275
 441:Drivers/STM32WBxx_HAL_Driver/Src/stm32wbxx_hal_tim_ex.c **** 
 847              		.loc 1 441 31 is_stmt 0 view .LVU276
 848 0010 90F84510 		ldrb	r1, [r0, #69]	@ zero_extendqisi2
 849              	.LVL50:
 444:Drivers/STM32WBxx_HAL_Driver/Src/stm32wbxx_hal_tim_ex.c **** 
 850              		.loc 1 444 3 is_stmt 1 view .LVU277
 447:Drivers/STM32WBxx_HAL_Driver/Src/stm32wbxx_hal_tim_ex.c ****       || (channel_2_state != HAL_TIM_CHANNEL_STATE_READY)
 851              		.loc 1 447 3 view .LVU278
 447:Drivers/STM32WBxx_HAL_Driver/Src/stm32wbxx_hal_tim_ex.c ****       || (channel_2_state != HAL_TIM_CHANNEL_STATE_READY)
 852              		.loc 1 447 6 is_stmt 0 view .LVU279
 853 0014 BCF1010F 		cmp	ip, #1
 854 0018 3AD1     		bne	.L52
 855 001a 5FFA8CF0 		uxtb	r0, ip
 856              	.LVL51:
 447:Drivers/STM32WBxx_HAL_Driver/Src/stm32wbxx_hal_tim_ex.c ****       || (channel_2_state != HAL_TIM_CHANNEL_STATE_READY)
 857              		.loc 1 447 6 view .LVU280
 858 001e DBB2     		uxtb	r3, r3
 447:Drivers/STM32WBxx_HAL_Driver/Src/stm32wbxx_hal_tim_ex.c ****       || (channel_2_state != HAL_TIM_CHANNEL_STATE_READY)
 859              		.loc 1 447 6 view .LVU281
 860 0020 D2B2     		uxtb	r2, r2
 447:Drivers/STM32WBxx_HAL_Driver/Src/stm32wbxx_hal_tim_ex.c ****       || (channel_2_state != HAL_TIM_CHANNEL_STATE_READY)
 861              		.loc 1 447 6 view .LVU282
 862 0022 C9B2     		uxtb	r1, r1
 448:Drivers/STM32WBxx_HAL_Driver/Src/stm32wbxx_hal_tim_ex.c ****       || (complementary_channel_1_state != HAL_TIM_CHANNEL_STATE_READY)
 863              		.loc 1 448 7 view .LVU283
 864 0024 012B     		cmp	r3, #1
 865 0026 34D1     		bne	.L49
 449:Drivers/STM32WBxx_HAL_Driver/Src/stm32wbxx_hal_tim_ex.c ****       || (complementary_channel_2_state != HAL_TIM_CHANNEL_STATE_READY))
 866              		.loc 1 449 7 view .LVU284
 867 0028 012A     		cmp	r2, #1
 868 002a 33D1     		bne	.L53
 450:Drivers/STM32WBxx_HAL_Driver/Src/stm32wbxx_hal_tim_ex.c ****   {
 869              		.loc 1 450 7 view .LVU285
 870 002c 0129     		cmp	r1, #1
 871 002e 01D0     		beq	.L58
 452:Drivers/STM32WBxx_HAL_Driver/Src/stm32wbxx_hal_tim_ex.c ****   }
 872              		.loc 1 452 12 view .LVU286
 873 0030 1046     		mov	r0, r2
 874 0032 2EE0     		b	.L49
 875              	.L58:
 456:Drivers/STM32WBxx_HAL_Driver/Src/stm32wbxx_hal_tim_ex.c ****   TIM_CHANNEL_STATE_SET(htim, TIM_CHANNEL_2, HAL_TIM_CHANNEL_STATE_BUSY);
 876              		.loc 1 456 3 is_stmt 1 view .LVU287
 877 0034 0223     		movs	r3, #2
 878              	.LVL52:
 456:Drivers/STM32WBxx_HAL_Driver/Src/stm32wbxx_hal_tim_ex.c ****   TIM_CHANNEL_STATE_SET(htim, TIM_CHANNEL_2, HAL_TIM_CHANNEL_STATE_BUSY);
 879              		.loc 1 456 3 is_stmt 0 view .LVU288
 880 0036 84F83E30 		strb	r3, [r4, #62]
 457:Drivers/STM32WBxx_HAL_Driver/Src/stm32wbxx_hal_tim_ex.c ****   TIM_CHANNEL_N_STATE_SET(htim, TIM_CHANNEL_1, HAL_TIM_CHANNEL_STATE_BUSY);
 881              		.loc 1 457 3 is_stmt 1 view .LVU289
ARM GAS  /var/folders/98/ctz5mtps7w71v8dr53cf5qg40000gn/T//ccO5oMcB.s 			page 70


 882 003a 84F83F30 		strb	r3, [r4, #63]
 458:Drivers/STM32WBxx_HAL_Driver/Src/stm32wbxx_hal_tim_ex.c ****   TIM_CHANNEL_N_STATE_SET(htim, TIM_CHANNEL_2, HAL_TIM_CHANNEL_STATE_BUSY);
 883              		.loc 1 458 3 view .LVU290
 884 003e 84F84430 		strb	r3, [r4, #68]
 459:Drivers/STM32WBxx_HAL_Driver/Src/stm32wbxx_hal_tim_ex.c **** 
 885              		.loc 1 459 3 view .LVU291
 886 0042 84F84530 		strb	r3, [r4, #69]
 462:Drivers/STM32WBxx_HAL_Driver/Src/stm32wbxx_hal_tim_ex.c **** 
 887              		.loc 1 462 3 view .LVU292
 888 0046 2268     		ldr	r2, [r4]
 889              	.LVL53:
 462:Drivers/STM32WBxx_HAL_Driver/Src/stm32wbxx_hal_tim_ex.c **** 
 890              		.loc 1 462 3 is_stmt 0 view .LVU293
 891 0048 D368     		ldr	r3, [r2, #12]
 892 004a 43F00203 		orr	r3, r3, #2
 893 004e D360     		str	r3, [r2, #12]
 467:Drivers/STM32WBxx_HAL_Driver/Src/stm32wbxx_hal_tim_ex.c **** 
 894              		.loc 1 467 3 is_stmt 1 view .LVU294
 895 0050 0122     		movs	r2, #1
 896 0052 0021     		movs	r1, #0
 897              	.LVL54:
 467:Drivers/STM32WBxx_HAL_Driver/Src/stm32wbxx_hal_tim_ex.c **** 
 898              		.loc 1 467 3 is_stmt 0 view .LVU295
 899 0054 2068     		ldr	r0, [r4]
 900 0056 FFF7FEFF 		bl	TIM_CCxChannelCmd
 901              	.LVL55:
 470:Drivers/STM32WBxx_HAL_Driver/Src/stm32wbxx_hal_tim_ex.c ****   {
 902              		.loc 1 470 3 is_stmt 1 view .LVU296
 470:Drivers/STM32WBxx_HAL_Driver/Src/stm32wbxx_hal_tim_ex.c ****   {
 903              		.loc 1 470 7 is_stmt 0 view .LVU297
 904 005a 2368     		ldr	r3, [r4]
 470:Drivers/STM32WBxx_HAL_Driver/Src/stm32wbxx_hal_tim_ex.c ****   {
 905              		.loc 1 470 6 view .LVU298
 906 005c 104A     		ldr	r2, .L59
 907 005e 9342     		cmp	r3, r2
 908 0060 08D0     		beq	.L50
 470:Drivers/STM32WBxx_HAL_Driver/Src/stm32wbxx_hal_tim_ex.c ****   {
 909              		.loc 1 470 7 discriminator 1 view .LVU299
 910 0062 B3F1804F 		cmp	r3, #1073741824
 911 0066 05D0     		beq	.L50
 480:Drivers/STM32WBxx_HAL_Driver/Src/stm32wbxx_hal_tim_ex.c ****   }
 912              		.loc 1 480 5 is_stmt 1 view .LVU300
 913 0068 1A68     		ldr	r2, [r3]
 914 006a 42F00102 		orr	r2, r2, #1
 915 006e 1A60     		str	r2, [r3]
 484:Drivers/STM32WBxx_HAL_Driver/Src/stm32wbxx_hal_tim_ex.c **** }
 916              		.loc 1 484 10 is_stmt 0 view .LVU301
 917 0070 0020     		movs	r0, #0
 918 0072 0EE0     		b	.L49
 919              	.L50:
 472:Drivers/STM32WBxx_HAL_Driver/Src/stm32wbxx_hal_tim_ex.c ****     if (!IS_TIM_SLAVEMODE_TRIGGER_ENABLED(tmpsmcr))
 920              		.loc 1 472 5 is_stmt 1 view .LVU302
 472:Drivers/STM32WBxx_HAL_Driver/Src/stm32wbxx_hal_tim_ex.c ****     if (!IS_TIM_SLAVEMODE_TRIGGER_ENABLED(tmpsmcr))
 921              		.loc 1 472 29 is_stmt 0 view .LVU303
 922 0074 9968     		ldr	r1, [r3, #8]
 472:Drivers/STM32WBxx_HAL_Driver/Src/stm32wbxx_hal_tim_ex.c ****     if (!IS_TIM_SLAVEMODE_TRIGGER_ENABLED(tmpsmcr))
 923              		.loc 1 472 13 view .LVU304
ARM GAS  /var/folders/98/ctz5mtps7w71v8dr53cf5qg40000gn/T//ccO5oMcB.s 			page 71


 924 0076 0B4A     		ldr	r2, .L59+4
 925 0078 0A40     		ands	r2, r2, r1
 926              	.LVL56:
 473:Drivers/STM32WBxx_HAL_Driver/Src/stm32wbxx_hal_tim_ex.c ****     {
 927              		.loc 1 473 5 is_stmt 1 view .LVU305
 473:Drivers/STM32WBxx_HAL_Driver/Src/stm32wbxx_hal_tim_ex.c ****     {
 928              		.loc 1 473 8 is_stmt 0 view .LVU306
 929 007a 062A     		cmp	r2, #6
 930 007c 0CD0     		beq	.L55
 473:Drivers/STM32WBxx_HAL_Driver/Src/stm32wbxx_hal_tim_ex.c ****     {
 931              		.loc 1 473 9 discriminator 1 view .LVU307
 932 007e B2F5803F 		cmp	r2, #65536
 933 0082 0BD0     		beq	.L56
 475:Drivers/STM32WBxx_HAL_Driver/Src/stm32wbxx_hal_tim_ex.c ****     }
 934              		.loc 1 475 7 is_stmt 1 view .LVU308
 935 0084 1A68     		ldr	r2, [r3]
 936              	.LVL57:
 475:Drivers/STM32WBxx_HAL_Driver/Src/stm32wbxx_hal_tim_ex.c ****     }
 937              		.loc 1 475 7 is_stmt 0 view .LVU309
 938 0086 42F00102 		orr	r2, r2, #1
 939 008a 1A60     		str	r2, [r3]
 484:Drivers/STM32WBxx_HAL_Driver/Src/stm32wbxx_hal_tim_ex.c **** }
 940              		.loc 1 484 10 view .LVU310
 941 008c 0020     		movs	r0, #0
 942 008e 00E0     		b	.L49
 943              	.LVL58:
 944              	.L52:
 452:Drivers/STM32WBxx_HAL_Driver/Src/stm32wbxx_hal_tim_ex.c ****   }
 945              		.loc 1 452 12 view .LVU311
 946 0090 0120     		movs	r0, #1
 947              	.LVL59:
 948              	.L49:
 485:Drivers/STM32WBxx_HAL_Driver/Src/stm32wbxx_hal_tim_ex.c **** 
 949              		.loc 1 485 1 view .LVU312
 950 0092 10BD     		pop	{r4, pc}
 951              	.LVL60:
 952              	.L53:
 452:Drivers/STM32WBxx_HAL_Driver/Src/stm32wbxx_hal_tim_ex.c ****   }
 953              		.loc 1 452 12 view .LVU313
 954 0094 1846     		mov	r0, r3
 955 0096 FCE7     		b	.L49
 956              	.LVL61:
 957              	.L55:
 484:Drivers/STM32WBxx_HAL_Driver/Src/stm32wbxx_hal_tim_ex.c **** }
 958              		.loc 1 484 10 view .LVU314
 959 0098 0020     		movs	r0, #0
 960 009a FAE7     		b	.L49
 961              	.L56:
 962 009c 0020     		movs	r0, #0
 963 009e F8E7     		b	.L49
 964              	.L60:
 965              		.align	2
 966              	.L59:
 967 00a0 002C0140 		.word	1073818624
 968 00a4 07000100 		.word	65543
 969              		.cfi_endproc
 970              	.LFE956:
ARM GAS  /var/folders/98/ctz5mtps7w71v8dr53cf5qg40000gn/T//ccO5oMcB.s 			page 72


 972              		.section	.text.HAL_TIMEx_HallSensor_Stop_IT,"ax",%progbits
 973              		.align	1
 974              		.global	HAL_TIMEx_HallSensor_Stop_IT
 975              		.syntax unified
 976              		.thumb
 977              		.thumb_func
 979              	HAL_TIMEx_HallSensor_Stop_IT:
 980              	.LVL62:
 981              	.LFB957:
 493:Drivers/STM32WBxx_HAL_Driver/Src/stm32wbxx_hal_tim_ex.c ****   /* Check the parameters */
 982              		.loc 1 493 1 is_stmt 1 view -0
 983              		.cfi_startproc
 984              		@ args = 0, pretend = 0, frame = 0
 985              		@ frame_needed = 0, uses_anonymous_args = 0
 493:Drivers/STM32WBxx_HAL_Driver/Src/stm32wbxx_hal_tim_ex.c ****   /* Check the parameters */
 986              		.loc 1 493 1 is_stmt 0 view .LVU316
 987 0000 10B5     		push	{r4, lr}
 988              	.LCFI11:
 989              		.cfi_def_cfa_offset 8
 990              		.cfi_offset 4, -8
 991              		.cfi_offset 14, -4
 992 0002 0446     		mov	r4, r0
 495:Drivers/STM32WBxx_HAL_Driver/Src/stm32wbxx_hal_tim_ex.c **** 
 993              		.loc 1 495 3 is_stmt 1 view .LVU317
 500:Drivers/STM32WBxx_HAL_Driver/Src/stm32wbxx_hal_tim_ex.c **** 
 994              		.loc 1 500 3 view .LVU318
 995 0004 0022     		movs	r2, #0
 996 0006 1146     		mov	r1, r2
 997 0008 0068     		ldr	r0, [r0]
 998              	.LVL63:
 500:Drivers/STM32WBxx_HAL_Driver/Src/stm32wbxx_hal_tim_ex.c **** 
 999              		.loc 1 500 3 is_stmt 0 view .LVU319
 1000 000a FFF7FEFF 		bl	TIM_CCxChannelCmd
 1001              	.LVL64:
 503:Drivers/STM32WBxx_HAL_Driver/Src/stm32wbxx_hal_tim_ex.c **** 
 1002              		.loc 1 503 3 is_stmt 1 view .LVU320
 1003 000e 2268     		ldr	r2, [r4]
 1004 0010 D368     		ldr	r3, [r2, #12]
 1005 0012 23F00203 		bic	r3, r3, #2
 1006 0016 D360     		str	r3, [r2, #12]
 506:Drivers/STM32WBxx_HAL_Driver/Src/stm32wbxx_hal_tim_ex.c **** 
 1007              		.loc 1 506 3 view .LVU321
 506:Drivers/STM32WBxx_HAL_Driver/Src/stm32wbxx_hal_tim_ex.c **** 
 1008              		.loc 1 506 3 view .LVU322
 1009 0018 2268     		ldr	r2, [r4]
 1010 001a 136A     		ldr	r3, [r2, #32]
 1011 001c 03F01133 		and	r3, r3, #286331153
 1012 0020 23F08853 		bic	r3, r3, #285212672
 1013 0024 43B9     		cbnz	r3, .L62
 506:Drivers/STM32WBxx_HAL_Driver/Src/stm32wbxx_hal_tim_ex.c **** 
 1014              		.loc 1 506 3 discriminator 1 view .LVU323
 1015 0026 116A     		ldr	r1, [r2, #32]
 1016 0028 40F24443 		movw	r3, #1092
 1017 002c 1942     		tst	r1, r3
 1018 002e 03D1     		bne	.L62
 506:Drivers/STM32WBxx_HAL_Driver/Src/stm32wbxx_hal_tim_ex.c **** 
 1019              		.loc 1 506 3 discriminator 3 view .LVU324
ARM GAS  /var/folders/98/ctz5mtps7w71v8dr53cf5qg40000gn/T//ccO5oMcB.s 			page 73


 1020 0030 1368     		ldr	r3, [r2]
 1021 0032 23F00103 		bic	r3, r3, #1
 1022 0036 1360     		str	r3, [r2]
 1023              	.L62:
 506:Drivers/STM32WBxx_HAL_Driver/Src/stm32wbxx_hal_tim_ex.c **** 
 1024              		.loc 1 506 3 discriminator 5 view .LVU325
 509:Drivers/STM32WBxx_HAL_Driver/Src/stm32wbxx_hal_tim_ex.c ****   TIM_CHANNEL_STATE_SET(htim, TIM_CHANNEL_2, HAL_TIM_CHANNEL_STATE_READY);
 1025              		.loc 1 509 3 view .LVU326
 1026 0038 0123     		movs	r3, #1
 1027 003a 84F83E30 		strb	r3, [r4, #62]
 510:Drivers/STM32WBxx_HAL_Driver/Src/stm32wbxx_hal_tim_ex.c ****   TIM_CHANNEL_N_STATE_SET(htim, TIM_CHANNEL_1, HAL_TIM_CHANNEL_STATE_READY);
 1028              		.loc 1 510 3 view .LVU327
 1029 003e 84F83F30 		strb	r3, [r4, #63]
 511:Drivers/STM32WBxx_HAL_Driver/Src/stm32wbxx_hal_tim_ex.c ****   TIM_CHANNEL_N_STATE_SET(htim, TIM_CHANNEL_2, HAL_TIM_CHANNEL_STATE_READY);
 1030              		.loc 1 511 3 view .LVU328
 1031 0042 84F84430 		strb	r3, [r4, #68]
 512:Drivers/STM32WBxx_HAL_Driver/Src/stm32wbxx_hal_tim_ex.c **** 
 1032              		.loc 1 512 3 view .LVU329
 1033 0046 84F84530 		strb	r3, [r4, #69]
 515:Drivers/STM32WBxx_HAL_Driver/Src/stm32wbxx_hal_tim_ex.c **** }
 1034              		.loc 1 515 3 view .LVU330
 516:Drivers/STM32WBxx_HAL_Driver/Src/stm32wbxx_hal_tim_ex.c **** 
 1035              		.loc 1 516 1 is_stmt 0 view .LVU331
 1036 004a 0020     		movs	r0, #0
 1037 004c 10BD     		pop	{r4, pc}
 516:Drivers/STM32WBxx_HAL_Driver/Src/stm32wbxx_hal_tim_ex.c **** 
 1038              		.loc 1 516 1 view .LVU332
 1039              		.cfi_endproc
 1040              	.LFE957:
 1042              		.section	.text.HAL_TIMEx_HallSensor_Start_DMA,"ax",%progbits
 1043              		.align	1
 1044              		.global	HAL_TIMEx_HallSensor_Start_DMA
 1045              		.syntax unified
 1046              		.thumb
 1047              		.thumb_func
 1049              	HAL_TIMEx_HallSensor_Start_DMA:
 1050              	.LVL65:
 1051              	.LFB958:
 526:Drivers/STM32WBxx_HAL_Driver/Src/stm32wbxx_hal_tim_ex.c ****   uint32_t tmpsmcr;
 1052              		.loc 1 526 1 is_stmt 1 view -0
 1053              		.cfi_startproc
 1054              		@ args = 0, pretend = 0, frame = 0
 1055              		@ frame_needed = 0, uses_anonymous_args = 0
 526:Drivers/STM32WBxx_HAL_Driver/Src/stm32wbxx_hal_tim_ex.c ****   uint32_t tmpsmcr;
 1056              		.loc 1 526 1 is_stmt 0 view .LVU334
 1057 0000 F8B5     		push	{r3, r4, r5, r6, r7, lr}
 1058              	.LCFI12:
 1059              		.cfi_def_cfa_offset 24
 1060              		.cfi_offset 3, -24
 1061              		.cfi_offset 4, -20
 1062              		.cfi_offset 5, -16
 1063              		.cfi_offset 6, -12
 1064              		.cfi_offset 7, -8
 1065              		.cfi_offset 14, -4
 1066 0002 0446     		mov	r4, r0
 527:Drivers/STM32WBxx_HAL_Driver/Src/stm32wbxx_hal_tim_ex.c ****   HAL_TIM_ChannelStateTypeDef channel_1_state = TIM_CHANNEL_STATE_GET(htim, TIM_CHANNEL_1);
 1067              		.loc 1 527 3 is_stmt 1 view .LVU335
ARM GAS  /var/folders/98/ctz5mtps7w71v8dr53cf5qg40000gn/T//ccO5oMcB.s 			page 74


 528:Drivers/STM32WBxx_HAL_Driver/Src/stm32wbxx_hal_tim_ex.c ****   HAL_TIM_ChannelStateTypeDef complementary_channel_1_state = TIM_CHANNEL_N_STATE_GET(htim, TIM_CHA
 1068              		.loc 1 528 3 view .LVU336
 528:Drivers/STM32WBxx_HAL_Driver/Src/stm32wbxx_hal_tim_ex.c ****   HAL_TIM_ChannelStateTypeDef complementary_channel_1_state = TIM_CHANNEL_N_STATE_GET(htim, TIM_CHA
 1069              		.loc 1 528 31 is_stmt 0 view .LVU337
 1070 0004 90F83EC0 		ldrb	ip, [r0, #62]	@ zero_extendqisi2
 1071 0008 5FFA8CF0 		uxtb	r0, ip
 1072              	.LVL66:
 529:Drivers/STM32WBxx_HAL_Driver/Src/stm32wbxx_hal_tim_ex.c **** 
 1073              		.loc 1 529 3 is_stmt 1 view .LVU338
 529:Drivers/STM32WBxx_HAL_Driver/Src/stm32wbxx_hal_tim_ex.c **** 
 1074              		.loc 1 529 31 is_stmt 0 view .LVU339
 1075 000c 94F84450 		ldrb	r5, [r4, #68]	@ zero_extendqisi2
 1076              	.LVL67:
 532:Drivers/STM32WBxx_HAL_Driver/Src/stm32wbxx_hal_tim_ex.c **** 
 1077              		.loc 1 532 3 is_stmt 1 view .LVU340
 535:Drivers/STM32WBxx_HAL_Driver/Src/stm32wbxx_hal_tim_ex.c ****       || (complementary_channel_1_state == HAL_TIM_CHANNEL_STATE_BUSY))
 1078              		.loc 1 535 3 view .LVU341
 535:Drivers/STM32WBxx_HAL_Driver/Src/stm32wbxx_hal_tim_ex.c ****       || (complementary_channel_1_state == HAL_TIM_CHANNEL_STATE_BUSY))
 1079              		.loc 1 535 6 is_stmt 0 view .LVU342
 1080 0010 BCF1020F 		cmp	ip, #2
 1081 0014 49D0     		beq	.L65
 1082 0016 0F46     		mov	r7, r1
 1083 0018 1646     		mov	r6, r2
 1084 001a EDB2     		uxtb	r5, r5
 536:Drivers/STM32WBxx_HAL_Driver/Src/stm32wbxx_hal_tim_ex.c ****   {
 1085              		.loc 1 536 7 view .LVU343
 1086 001c 022D     		cmp	r5, #2
 1087 001e 41D0     		beq	.L68
 540:Drivers/STM32WBxx_HAL_Driver/Src/stm32wbxx_hal_tim_ex.c ****            && (complementary_channel_1_state == HAL_TIM_CHANNEL_STATE_READY))
 1088              		.loc 1 540 8 is_stmt 1 view .LVU344
 540:Drivers/STM32WBxx_HAL_Driver/Src/stm32wbxx_hal_tim_ex.c ****            && (complementary_channel_1_state == HAL_TIM_CHANNEL_STATE_READY))
 1089              		.loc 1 540 11 is_stmt 0 view .LVU345
 1090 0020 0128     		cmp	r0, #1
 1091 0022 41D1     		bne	.L69
 541:Drivers/STM32WBxx_HAL_Driver/Src/stm32wbxx_hal_tim_ex.c ****   {
 1092              		.loc 1 541 12 view .LVU346
 1093 0024 012D     		cmp	r5, #1
 1094 0026 40D1     		bne	.L65
 543:Drivers/STM32WBxx_HAL_Driver/Src/stm32wbxx_hal_tim_ex.c ****     {
 1095              		.loc 1 543 5 is_stmt 1 view .LVU347
 543:Drivers/STM32WBxx_HAL_Driver/Src/stm32wbxx_hal_tim_ex.c ****     {
 1096              		.loc 1 543 8 is_stmt 0 view .LVU348
 1097 0028 0029     		cmp	r1, #0
 1098 002a 3FD0     		beq	.L70
 543:Drivers/STM32WBxx_HAL_Driver/Src/stm32wbxx_hal_tim_ex.c ****     {
 1099              		.loc 1 543 25 discriminator 1 view .LVU349
 1100 002c 0AB9     		cbnz	r2, .L74
 545:Drivers/STM32WBxx_HAL_Driver/Src/stm32wbxx_hal_tim_ex.c ****     }
 1101              		.loc 1 545 14 view .LVU350
 1102 002e 2846     		mov	r0, r5
 1103              	.LVL68:
 545:Drivers/STM32WBxx_HAL_Driver/Src/stm32wbxx_hal_tim_ex.c ****     }
 1104              		.loc 1 545 14 view .LVU351
 1105 0030 3BE0     		b	.L65
 1106              	.LVL69:
 1107              	.L74:
 549:Drivers/STM32WBxx_HAL_Driver/Src/stm32wbxx_hal_tim_ex.c ****       TIM_CHANNEL_N_STATE_SET(htim, TIM_CHANNEL_1, HAL_TIM_CHANNEL_STATE_BUSY);
ARM GAS  /var/folders/98/ctz5mtps7w71v8dr53cf5qg40000gn/T//ccO5oMcB.s 			page 75


 1108              		.loc 1 549 7 is_stmt 1 view .LVU352
 1109 0032 0223     		movs	r3, #2
 1110 0034 84F83E30 		strb	r3, [r4, #62]
 550:Drivers/STM32WBxx_HAL_Driver/Src/stm32wbxx_hal_tim_ex.c ****     }
 1111              		.loc 1 550 7 view .LVU353
 1112 0038 84F84430 		strb	r3, [r4, #68]
 561:Drivers/STM32WBxx_HAL_Driver/Src/stm32wbxx_hal_tim_ex.c **** 
 1113              		.loc 1 561 3 view .LVU354
 1114 003c 0122     		movs	r2, #1
 1115              	.LVL70:
 561:Drivers/STM32WBxx_HAL_Driver/Src/stm32wbxx_hal_tim_ex.c **** 
 1116              		.loc 1 561 3 is_stmt 0 view .LVU355
 1117 003e 0021     		movs	r1, #0
 1118              	.LVL71:
 561:Drivers/STM32WBxx_HAL_Driver/Src/stm32wbxx_hal_tim_ex.c **** 
 1119              		.loc 1 561 3 view .LVU356
 1120 0040 2068     		ldr	r0, [r4]
 1121              	.LVL72:
 561:Drivers/STM32WBxx_HAL_Driver/Src/stm32wbxx_hal_tim_ex.c **** 
 1122              		.loc 1 561 3 view .LVU357
 1123 0042 FFF7FEFF 		bl	TIM_CCxChannelCmd
 1124              	.LVL73:
 564:Drivers/STM32WBxx_HAL_Driver/Src/stm32wbxx_hal_tim_ex.c ****   htim->hdma[TIM_DMA_ID_CC1]->XferHalfCpltCallback = TIM_DMACaptureHalfCplt;
 1125              		.loc 1 564 3 is_stmt 1 view .LVU358
 564:Drivers/STM32WBxx_HAL_Driver/Src/stm32wbxx_hal_tim_ex.c ****   htim->hdma[TIM_DMA_ID_CC1]->XferHalfCpltCallback = TIM_DMACaptureHalfCplt;
 1126              		.loc 1 564 13 is_stmt 0 view .LVU359
 1127 0046 636A     		ldr	r3, [r4, #36]
 564:Drivers/STM32WBxx_HAL_Driver/Src/stm32wbxx_hal_tim_ex.c ****   htim->hdma[TIM_DMA_ID_CC1]->XferHalfCpltCallback = TIM_DMACaptureHalfCplt;
 1128              		.loc 1 564 48 view .LVU360
 1129 0048 1A4A     		ldr	r2, .L75
 1130 004a DA62     		str	r2, [r3, #44]
 565:Drivers/STM32WBxx_HAL_Driver/Src/stm32wbxx_hal_tim_ex.c ****   /* Set the DMA error callback */
 1131              		.loc 1 565 3 is_stmt 1 view .LVU361
 565:Drivers/STM32WBxx_HAL_Driver/Src/stm32wbxx_hal_tim_ex.c ****   /* Set the DMA error callback */
 1132              		.loc 1 565 13 is_stmt 0 view .LVU362
 1133 004c 636A     		ldr	r3, [r4, #36]
 565:Drivers/STM32WBxx_HAL_Driver/Src/stm32wbxx_hal_tim_ex.c ****   /* Set the DMA error callback */
 1134              		.loc 1 565 52 view .LVU363
 1135 004e 1A4A     		ldr	r2, .L75+4
 1136 0050 1A63     		str	r2, [r3, #48]
 567:Drivers/STM32WBxx_HAL_Driver/Src/stm32wbxx_hal_tim_ex.c **** 
 1137              		.loc 1 567 3 is_stmt 1 view .LVU364
 567:Drivers/STM32WBxx_HAL_Driver/Src/stm32wbxx_hal_tim_ex.c **** 
 1138              		.loc 1 567 13 is_stmt 0 view .LVU365
 1139 0052 636A     		ldr	r3, [r4, #36]
 567:Drivers/STM32WBxx_HAL_Driver/Src/stm32wbxx_hal_tim_ex.c **** 
 1140              		.loc 1 567 49 view .LVU366
 1141 0054 194A     		ldr	r2, .L75+8
 1142 0056 5A63     		str	r2, [r3, #52]
 570:Drivers/STM32WBxx_HAL_Driver/Src/stm32wbxx_hal_tim_ex.c ****   {
 1143              		.loc 1 570 3 is_stmt 1 view .LVU367
 570:Drivers/STM32WBxx_HAL_Driver/Src/stm32wbxx_hal_tim_ex.c ****   {
 1144              		.loc 1 570 67 is_stmt 0 view .LVU368
 1145 0058 2168     		ldr	r1, [r4]
 570:Drivers/STM32WBxx_HAL_Driver/Src/stm32wbxx_hal_tim_ex.c ****   {
 1146              		.loc 1 570 7 view .LVU369
 1147 005a 3346     		mov	r3, r6
ARM GAS  /var/folders/98/ctz5mtps7w71v8dr53cf5qg40000gn/T//ccO5oMcB.s 			page 76


 1148 005c 3A46     		mov	r2, r7
 1149 005e 3431     		adds	r1, r1, #52
 1150 0060 606A     		ldr	r0, [r4, #36]
 1151 0062 FFF7FEFF 		bl	HAL_DMA_Start_IT
 1152              	.LVL74:
 570:Drivers/STM32WBxx_HAL_Driver/Src/stm32wbxx_hal_tim_ex.c ****   {
 1153              		.loc 1 570 6 discriminator 1 view .LVU370
 1154 0066 18BB     		cbnz	r0, .L72
 576:Drivers/STM32WBxx_HAL_Driver/Src/stm32wbxx_hal_tim_ex.c **** 
 1155              		.loc 1 576 3 is_stmt 1 view .LVU371
 1156 0068 2268     		ldr	r2, [r4]
 1157 006a D368     		ldr	r3, [r2, #12]
 1158 006c 43F40073 		orr	r3, r3, #512
 1159 0070 D360     		str	r3, [r2, #12]
 579:Drivers/STM32WBxx_HAL_Driver/Src/stm32wbxx_hal_tim_ex.c ****   {
 1160              		.loc 1 579 3 view .LVU372
 579:Drivers/STM32WBxx_HAL_Driver/Src/stm32wbxx_hal_tim_ex.c ****   {
 1161              		.loc 1 579 7 is_stmt 0 view .LVU373
 1162 0072 2368     		ldr	r3, [r4]
 579:Drivers/STM32WBxx_HAL_Driver/Src/stm32wbxx_hal_tim_ex.c ****   {
 1163              		.loc 1 579 6 view .LVU374
 1164 0074 124A     		ldr	r2, .L75+12
 1165 0076 9342     		cmp	r3, r2
 1166 0078 07D0     		beq	.L66
 579:Drivers/STM32WBxx_HAL_Driver/Src/stm32wbxx_hal_tim_ex.c ****   {
 1167              		.loc 1 579 7 discriminator 1 view .LVU375
 1168 007a B3F1804F 		cmp	r3, #1073741824
 1169 007e 04D0     		beq	.L66
 589:Drivers/STM32WBxx_HAL_Driver/Src/stm32wbxx_hal_tim_ex.c ****   }
 1170              		.loc 1 589 5 is_stmt 1 view .LVU376
 1171 0080 1A68     		ldr	r2, [r3]
 1172 0082 42F00102 		orr	r2, r2, #1
 1173 0086 1A60     		str	r2, [r3]
 1174 0088 0FE0     		b	.L65
 1175              	.L66:
 581:Drivers/STM32WBxx_HAL_Driver/Src/stm32wbxx_hal_tim_ex.c ****     if (!IS_TIM_SLAVEMODE_TRIGGER_ENABLED(tmpsmcr))
 1176              		.loc 1 581 5 view .LVU377
 581:Drivers/STM32WBxx_HAL_Driver/Src/stm32wbxx_hal_tim_ex.c ****     if (!IS_TIM_SLAVEMODE_TRIGGER_ENABLED(tmpsmcr))
 1177              		.loc 1 581 29 is_stmt 0 view .LVU378
 1178 008a 9968     		ldr	r1, [r3, #8]
 581:Drivers/STM32WBxx_HAL_Driver/Src/stm32wbxx_hal_tim_ex.c ****     if (!IS_TIM_SLAVEMODE_TRIGGER_ENABLED(tmpsmcr))
 1179              		.loc 1 581 13 view .LVU379
 1180 008c 0D4A     		ldr	r2, .L75+16
 1181 008e 0A40     		ands	r2, r2, r1
 1182              	.LVL75:
 582:Drivers/STM32WBxx_HAL_Driver/Src/stm32wbxx_hal_tim_ex.c ****     {
 1183              		.loc 1 582 5 is_stmt 1 view .LVU380
 582:Drivers/STM32WBxx_HAL_Driver/Src/stm32wbxx_hal_tim_ex.c ****     {
 1184              		.loc 1 582 8 is_stmt 0 view .LVU381
 1185 0090 062A     		cmp	r2, #6
 1186 0092 0AD0     		beq	.L65
 582:Drivers/STM32WBxx_HAL_Driver/Src/stm32wbxx_hal_tim_ex.c ****     {
 1187              		.loc 1 582 9 discriminator 1 view .LVU382
 1188 0094 B2F5803F 		cmp	r2, #65536
 1189 0098 07D0     		beq	.L65
 584:Drivers/STM32WBxx_HAL_Driver/Src/stm32wbxx_hal_tim_ex.c ****     }
 1190              		.loc 1 584 7 is_stmt 1 view .LVU383
ARM GAS  /var/folders/98/ctz5mtps7w71v8dr53cf5qg40000gn/T//ccO5oMcB.s 			page 77


 1191 009a 1A68     		ldr	r2, [r3]
 1192              	.LVL76:
 584:Drivers/STM32WBxx_HAL_Driver/Src/stm32wbxx_hal_tim_ex.c ****     }
 1193              		.loc 1 584 7 is_stmt 0 view .LVU384
 1194 009c 42F00102 		orr	r2, r2, #1
 1195 00a0 1A60     		str	r2, [r3]
 1196 00a2 02E0     		b	.L65
 1197              	.LVL77:
 1198              	.L68:
 538:Drivers/STM32WBxx_HAL_Driver/Src/stm32wbxx_hal_tim_ex.c ****   }
 1199              		.loc 1 538 12 view .LVU385
 1200 00a4 2846     		mov	r0, r5
 1201              	.LVL78:
 538:Drivers/STM32WBxx_HAL_Driver/Src/stm32wbxx_hal_tim_ex.c ****   }
 1202              		.loc 1 538 12 view .LVU386
 1203 00a6 00E0     		b	.L65
 1204              	.LVL79:
 1205              	.L69:
 555:Drivers/STM32WBxx_HAL_Driver/Src/stm32wbxx_hal_tim_ex.c ****   }
 1206              		.loc 1 555 12 view .LVU387
 1207 00a8 0120     		movs	r0, #1
 1208              	.LVL80:
 1209              	.L65:
 594:Drivers/STM32WBxx_HAL_Driver/Src/stm32wbxx_hal_tim_ex.c **** 
 1210              		.loc 1 594 1 view .LVU388
 1211 00aa F8BD     		pop	{r3, r4, r5, r6, r7, pc}
 1212              	.LVL81:
 1213              	.L70:
 545:Drivers/STM32WBxx_HAL_Driver/Src/stm32wbxx_hal_tim_ex.c ****     }
 1214              		.loc 1 545 14 view .LVU389
 1215 00ac 2846     		mov	r0, r5
 1216              	.LVL82:
 545:Drivers/STM32WBxx_HAL_Driver/Src/stm32wbxx_hal_tim_ex.c ****     }
 1217              		.loc 1 545 14 view .LVU390
 1218 00ae FCE7     		b	.L65
 1219              	.LVL83:
 1220              	.L72:
 573:Drivers/STM32WBxx_HAL_Driver/Src/stm32wbxx_hal_tim_ex.c ****   }
 1221              		.loc 1 573 12 view .LVU391
 1222 00b0 2846     		mov	r0, r5
 1223 00b2 FAE7     		b	.L65
 1224              	.L76:
 1225              		.align	2
 1226              	.L75:
 1227 00b4 00000000 		.word	TIM_DMACaptureCplt
 1228 00b8 00000000 		.word	TIM_DMACaptureHalfCplt
 1229 00bc 00000000 		.word	TIM_DMAError
 1230 00c0 002C0140 		.word	1073818624
 1231 00c4 07000100 		.word	65543
 1232              		.cfi_endproc
 1233              	.LFE958:
 1235              		.section	.text.HAL_TIMEx_HallSensor_Stop_DMA,"ax",%progbits
 1236              		.align	1
 1237              		.global	HAL_TIMEx_HallSensor_Stop_DMA
 1238              		.syntax unified
 1239              		.thumb
 1240              		.thumb_func
ARM GAS  /var/folders/98/ctz5mtps7w71v8dr53cf5qg40000gn/T//ccO5oMcB.s 			page 78


 1242              	HAL_TIMEx_HallSensor_Stop_DMA:
 1243              	.LVL84:
 1244              	.LFB959:
 602:Drivers/STM32WBxx_HAL_Driver/Src/stm32wbxx_hal_tim_ex.c ****   /* Check the parameters */
 1245              		.loc 1 602 1 is_stmt 1 view -0
 1246              		.cfi_startproc
 1247              		@ args = 0, pretend = 0, frame = 0
 1248              		@ frame_needed = 0, uses_anonymous_args = 0
 602:Drivers/STM32WBxx_HAL_Driver/Src/stm32wbxx_hal_tim_ex.c ****   /* Check the parameters */
 1249              		.loc 1 602 1 is_stmt 0 view .LVU393
 1250 0000 10B5     		push	{r4, lr}
 1251              	.LCFI13:
 1252              		.cfi_def_cfa_offset 8
 1253              		.cfi_offset 4, -8
 1254              		.cfi_offset 14, -4
 1255 0002 0446     		mov	r4, r0
 604:Drivers/STM32WBxx_HAL_Driver/Src/stm32wbxx_hal_tim_ex.c **** 
 1256              		.loc 1 604 3 is_stmt 1 view .LVU394
 609:Drivers/STM32WBxx_HAL_Driver/Src/stm32wbxx_hal_tim_ex.c **** 
 1257              		.loc 1 609 3 view .LVU395
 1258 0004 0022     		movs	r2, #0
 1259 0006 1146     		mov	r1, r2
 1260 0008 0068     		ldr	r0, [r0]
 1261              	.LVL85:
 609:Drivers/STM32WBxx_HAL_Driver/Src/stm32wbxx_hal_tim_ex.c **** 
 1262              		.loc 1 609 3 is_stmt 0 view .LVU396
 1263 000a FFF7FEFF 		bl	TIM_CCxChannelCmd
 1264              	.LVL86:
 613:Drivers/STM32WBxx_HAL_Driver/Src/stm32wbxx_hal_tim_ex.c **** 
 1265              		.loc 1 613 3 is_stmt 1 view .LVU397
 1266 000e 2268     		ldr	r2, [r4]
 1267 0010 D368     		ldr	r3, [r2, #12]
 1268 0012 23F40073 		bic	r3, r3, #512
 1269 0016 D360     		str	r3, [r2, #12]
 615:Drivers/STM32WBxx_HAL_Driver/Src/stm32wbxx_hal_tim_ex.c **** 
 1270              		.loc 1 615 3 view .LVU398
 615:Drivers/STM32WBxx_HAL_Driver/Src/stm32wbxx_hal_tim_ex.c **** 
 1271              		.loc 1 615 9 is_stmt 0 view .LVU399
 1272 0018 606A     		ldr	r0, [r4, #36]
 1273 001a FFF7FEFF 		bl	HAL_DMA_Abort_IT
 1274              	.LVL87:
 618:Drivers/STM32WBxx_HAL_Driver/Src/stm32wbxx_hal_tim_ex.c **** 
 1275              		.loc 1 618 3 is_stmt 1 view .LVU400
 618:Drivers/STM32WBxx_HAL_Driver/Src/stm32wbxx_hal_tim_ex.c **** 
 1276              		.loc 1 618 3 view .LVU401
 1277 001e 2268     		ldr	r2, [r4]
 1278 0020 136A     		ldr	r3, [r2, #32]
 1279 0022 03F01133 		and	r3, r3, #286331153
 1280 0026 23F08853 		bic	r3, r3, #285212672
 1281 002a 43B9     		cbnz	r3, .L78
 618:Drivers/STM32WBxx_HAL_Driver/Src/stm32wbxx_hal_tim_ex.c **** 
 1282              		.loc 1 618 3 discriminator 1 view .LVU402
 1283 002c 116A     		ldr	r1, [r2, #32]
 1284 002e 40F24443 		movw	r3, #1092
 1285 0032 1942     		tst	r1, r3
 1286 0034 03D1     		bne	.L78
 618:Drivers/STM32WBxx_HAL_Driver/Src/stm32wbxx_hal_tim_ex.c **** 
ARM GAS  /var/folders/98/ctz5mtps7w71v8dr53cf5qg40000gn/T//ccO5oMcB.s 			page 79


 1287              		.loc 1 618 3 discriminator 3 view .LVU403
 1288 0036 1368     		ldr	r3, [r2]
 1289 0038 23F00103 		bic	r3, r3, #1
 1290 003c 1360     		str	r3, [r2]
 1291              	.L78:
 618:Drivers/STM32WBxx_HAL_Driver/Src/stm32wbxx_hal_tim_ex.c **** 
 1292              		.loc 1 618 3 discriminator 5 view .LVU404
 621:Drivers/STM32WBxx_HAL_Driver/Src/stm32wbxx_hal_tim_ex.c ****   TIM_CHANNEL_N_STATE_SET(htim, TIM_CHANNEL_1, HAL_TIM_CHANNEL_STATE_READY);
 1293              		.loc 1 621 3 view .LVU405
 1294 003e 0123     		movs	r3, #1
 1295 0040 84F83E30 		strb	r3, [r4, #62]
 622:Drivers/STM32WBxx_HAL_Driver/Src/stm32wbxx_hal_tim_ex.c **** 
 1296              		.loc 1 622 3 view .LVU406
 1297 0044 84F84430 		strb	r3, [r4, #68]
 625:Drivers/STM32WBxx_HAL_Driver/Src/stm32wbxx_hal_tim_ex.c **** }
 1298              		.loc 1 625 3 view .LVU407
 626:Drivers/STM32WBxx_HAL_Driver/Src/stm32wbxx_hal_tim_ex.c **** 
 1299              		.loc 1 626 1 is_stmt 0 view .LVU408
 1300 0048 0020     		movs	r0, #0
 1301 004a 10BD     		pop	{r4, pc}
 626:Drivers/STM32WBxx_HAL_Driver/Src/stm32wbxx_hal_tim_ex.c **** 
 1302              		.loc 1 626 1 view .LVU409
 1303              		.cfi_endproc
 1304              	.LFE959:
 1306              		.section	.text.HAL_TIMEx_OCN_Start,"ax",%progbits
 1307              		.align	1
 1308              		.global	HAL_TIMEx_OCN_Start
 1309              		.syntax unified
 1310              		.thumb
 1311              		.thumb_func
 1313              	HAL_TIMEx_OCN_Start:
 1314              	.LVL88:
 1315              	.LFB960:
 664:Drivers/STM32WBxx_HAL_Driver/Src/stm32wbxx_hal_tim_ex.c ****   uint32_t tmpsmcr;
 1316              		.loc 1 664 1 is_stmt 1 view -0
 1317              		.cfi_startproc
 1318              		@ args = 0, pretend = 0, frame = 0
 1319              		@ frame_needed = 0, uses_anonymous_args = 0
 664:Drivers/STM32WBxx_HAL_Driver/Src/stm32wbxx_hal_tim_ex.c ****   uint32_t tmpsmcr;
 1320              		.loc 1 664 1 is_stmt 0 view .LVU411
 1321 0000 10B5     		push	{r4, lr}
 1322              	.LCFI14:
 1323              		.cfi_def_cfa_offset 8
 1324              		.cfi_offset 4, -8
 1325              		.cfi_offset 14, -4
 1326 0002 0446     		mov	r4, r0
 665:Drivers/STM32WBxx_HAL_Driver/Src/stm32wbxx_hal_tim_ex.c **** 
 1327              		.loc 1 665 3 is_stmt 1 view .LVU412
 668:Drivers/STM32WBxx_HAL_Driver/Src/stm32wbxx_hal_tim_ex.c **** 
 1328              		.loc 1 668 3 view .LVU413
 671:Drivers/STM32WBxx_HAL_Driver/Src/stm32wbxx_hal_tim_ex.c ****   {
 1329              		.loc 1 671 3 view .LVU414
 671:Drivers/STM32WBxx_HAL_Driver/Src/stm32wbxx_hal_tim_ex.c ****   {
 1330              		.loc 1 671 46 is_stmt 0 view .LVU415
 1331 0004 0846     		mov	r0, r1
 1332              	.LVL89:
 671:Drivers/STM32WBxx_HAL_Driver/Src/stm32wbxx_hal_tim_ex.c ****   {
ARM GAS  /var/folders/98/ctz5mtps7w71v8dr53cf5qg40000gn/T//ccO5oMcB.s 			page 80


 1333              		.loc 1 671 46 view .LVU416
 1334 0006 09BB     		cbnz	r1, .L81
 671:Drivers/STM32WBxx_HAL_Driver/Src/stm32wbxx_hal_tim_ex.c ****   {
 1335              		.loc 1 671 7 discriminator 1 view .LVU417
 1336 0008 94F84430 		ldrb	r3, [r4, #68]	@ zero_extendqisi2
 671:Drivers/STM32WBxx_HAL_Driver/Src/stm32wbxx_hal_tim_ex.c ****   {
 1337              		.loc 1 671 46 discriminator 1 view .LVU418
 1338 000c 013B     		subs	r3, r3, #1
 1339 000e 18BF     		it	ne
 1340 0010 0123     		movne	r3, #1
 1341              	.L82:
 671:Drivers/STM32WBxx_HAL_Driver/Src/stm32wbxx_hal_tim_ex.c ****   {
 1342              		.loc 1 671 6 discriminator 12 view .LVU419
 1343 0012 002B     		cmp	r3, #0
 1344 0014 4ED1     		bne	.L92
 677:Drivers/STM32WBxx_HAL_Driver/Src/stm32wbxx_hal_tim_ex.c **** 
 1345              		.loc 1 677 3 is_stmt 1 view .LVU420
 1346 0016 78BB     		cbnz	r0, .L86
 677:Drivers/STM32WBxx_HAL_Driver/Src/stm32wbxx_hal_tim_ex.c **** 
 1347              		.loc 1 677 3 is_stmt 0 discriminator 1 view .LVU421
 1348 0018 0223     		movs	r3, #2
 1349 001a 84F84430 		strb	r3, [r4, #68]
 1350              	.L87:
 680:Drivers/STM32WBxx_HAL_Driver/Src/stm32wbxx_hal_tim_ex.c **** 
 1351              		.loc 1 680 3 is_stmt 1 view .LVU422
 1352 001e 0422     		movs	r2, #4
 1353 0020 0146     		mov	r1, r0
 1354              	.LVL90:
 680:Drivers/STM32WBxx_HAL_Driver/Src/stm32wbxx_hal_tim_ex.c **** 
 1355              		.loc 1 680 3 is_stmt 0 view .LVU423
 1356 0022 2068     		ldr	r0, [r4]
 1357              	.LVL91:
 680:Drivers/STM32WBxx_HAL_Driver/Src/stm32wbxx_hal_tim_ex.c **** 
 1358              		.loc 1 680 3 view .LVU424
 1359 0024 FFF7FEFF 		bl	TIM_CCxNChannelCmd
 1360              	.LVL92:
 683:Drivers/STM32WBxx_HAL_Driver/Src/stm32wbxx_hal_tim_ex.c **** 
 1361              		.loc 1 683 3 is_stmt 1 view .LVU425
 1362 0028 2268     		ldr	r2, [r4]
 1363 002a 536C     		ldr	r3, [r2, #68]
 1364 002c 43F40043 		orr	r3, r3, #32768
 1365 0030 5364     		str	r3, [r2, #68]
 686:Drivers/STM32WBxx_HAL_Driver/Src/stm32wbxx_hal_tim_ex.c ****   {
 1366              		.loc 1 686 3 view .LVU426
 686:Drivers/STM32WBxx_HAL_Driver/Src/stm32wbxx_hal_tim_ex.c ****   {
 1367              		.loc 1 686 7 is_stmt 0 view .LVU427
 1368 0032 2368     		ldr	r3, [r4]
 686:Drivers/STM32WBxx_HAL_Driver/Src/stm32wbxx_hal_tim_ex.c ****   {
 1369              		.loc 1 686 6 view .LVU428
 1370 0034 224A     		ldr	r2, .L100
 1371 0036 9342     		cmp	r3, r2
 1372 0038 2ED0     		beq	.L90
 686:Drivers/STM32WBxx_HAL_Driver/Src/stm32wbxx_hal_tim_ex.c ****   {
 1373              		.loc 1 686 7 discriminator 1 view .LVU429
 1374 003a B3F1804F 		cmp	r3, #1073741824
 1375 003e 2BD0     		beq	.L90
 696:Drivers/STM32WBxx_HAL_Driver/Src/stm32wbxx_hal_tim_ex.c ****   }
ARM GAS  /var/folders/98/ctz5mtps7w71v8dr53cf5qg40000gn/T//ccO5oMcB.s 			page 81


 1376              		.loc 1 696 5 is_stmt 1 view .LVU430
 1377 0040 1A68     		ldr	r2, [r3]
 1378 0042 42F00102 		orr	r2, r2, #1
 1379 0046 1A60     		str	r2, [r3]
 700:Drivers/STM32WBxx_HAL_Driver/Src/stm32wbxx_hal_tim_ex.c **** }
 1380              		.loc 1 700 10 is_stmt 0 view .LVU431
 1381 0048 0020     		movs	r0, #0
 1382 004a 34E0     		b	.L85
 1383              	.LVL93:
 1384              	.L81:
 671:Drivers/STM32WBxx_HAL_Driver/Src/stm32wbxx_hal_tim_ex.c ****   {
 1385              		.loc 1 671 46 discriminator 2 view .LVU432
 1386 004c 0429     		cmp	r1, #4
 1387 004e 07D0     		beq	.L96
 671:Drivers/STM32WBxx_HAL_Driver/Src/stm32wbxx_hal_tim_ex.c ****   {
 1388              		.loc 1 671 46 discriminator 5 view .LVU433
 1389 0050 0829     		cmp	r1, #8
 1390 0052 0BD0     		beq	.L97
 671:Drivers/STM32WBxx_HAL_Driver/Src/stm32wbxx_hal_tim_ex.c ****   {
 1391              		.loc 1 671 7 discriminator 8 view .LVU434
 1392 0054 94F84730 		ldrb	r3, [r4, #71]	@ zero_extendqisi2
 671:Drivers/STM32WBxx_HAL_Driver/Src/stm32wbxx_hal_tim_ex.c ****   {
 1393              		.loc 1 671 46 discriminator 8 view .LVU435
 1394 0058 013B     		subs	r3, r3, #1
 1395 005a 18BF     		it	ne
 1396 005c 0123     		movne	r3, #1
 1397 005e D8E7     		b	.L82
 1398              	.L96:
 671:Drivers/STM32WBxx_HAL_Driver/Src/stm32wbxx_hal_tim_ex.c ****   {
 1399              		.loc 1 671 7 discriminator 4 view .LVU436
 1400 0060 94F84530 		ldrb	r3, [r4, #69]	@ zero_extendqisi2
 671:Drivers/STM32WBxx_HAL_Driver/Src/stm32wbxx_hal_tim_ex.c ****   {
 1401              		.loc 1 671 46 discriminator 4 view .LVU437
 1402 0064 013B     		subs	r3, r3, #1
 1403 0066 18BF     		it	ne
 1404 0068 0123     		movne	r3, #1
 1405 006a D2E7     		b	.L82
 1406              	.L97:
 671:Drivers/STM32WBxx_HAL_Driver/Src/stm32wbxx_hal_tim_ex.c ****   {
 1407              		.loc 1 671 7 discriminator 7 view .LVU438
 1408 006c 94F84630 		ldrb	r3, [r4, #70]	@ zero_extendqisi2
 671:Drivers/STM32WBxx_HAL_Driver/Src/stm32wbxx_hal_tim_ex.c ****   {
 1409              		.loc 1 671 46 discriminator 7 view .LVU439
 1410 0070 013B     		subs	r3, r3, #1
 1411 0072 18BF     		it	ne
 1412 0074 0123     		movne	r3, #1
 1413 0076 CCE7     		b	.L82
 1414              	.L86:
 677:Drivers/STM32WBxx_HAL_Driver/Src/stm32wbxx_hal_tim_ex.c **** 
 1415              		.loc 1 677 3 discriminator 2 view .LVU440
 1416 0078 0428     		cmp	r0, #4
 1417 007a 05D0     		beq	.L98
 677:Drivers/STM32WBxx_HAL_Driver/Src/stm32wbxx_hal_tim_ex.c **** 
 1418              		.loc 1 677 3 discriminator 4 view .LVU441
 1419 007c 0828     		cmp	r0, #8
 1420 007e 07D0     		beq	.L99
 677:Drivers/STM32WBxx_HAL_Driver/Src/stm32wbxx_hal_tim_ex.c **** 
ARM GAS  /var/folders/98/ctz5mtps7w71v8dr53cf5qg40000gn/T//ccO5oMcB.s 			page 82


 1421              		.loc 1 677 3 discriminator 7 view .LVU442
 1422 0080 0223     		movs	r3, #2
 1423 0082 84F84730 		strb	r3, [r4, #71]
 1424 0086 CAE7     		b	.L87
 1425              	.L98:
 677:Drivers/STM32WBxx_HAL_Driver/Src/stm32wbxx_hal_tim_ex.c **** 
 1426              		.loc 1 677 3 discriminator 3 view .LVU443
 1427 0088 0223     		movs	r3, #2
 1428 008a 84F84530 		strb	r3, [r4, #69]
 1429 008e C6E7     		b	.L87
 1430              	.L99:
 677:Drivers/STM32WBxx_HAL_Driver/Src/stm32wbxx_hal_tim_ex.c **** 
 1431              		.loc 1 677 3 discriminator 6 view .LVU444
 1432 0090 0223     		movs	r3, #2
 1433 0092 84F84630 		strb	r3, [r4, #70]
 1434 0096 C2E7     		b	.L87
 1435              	.LVL94:
 1436              	.L90:
 688:Drivers/STM32WBxx_HAL_Driver/Src/stm32wbxx_hal_tim_ex.c ****     if (!IS_TIM_SLAVEMODE_TRIGGER_ENABLED(tmpsmcr))
 1437              		.loc 1 688 5 is_stmt 1 view .LVU445
 688:Drivers/STM32WBxx_HAL_Driver/Src/stm32wbxx_hal_tim_ex.c ****     if (!IS_TIM_SLAVEMODE_TRIGGER_ENABLED(tmpsmcr))
 1438              		.loc 1 688 29 is_stmt 0 view .LVU446
 1439 0098 9968     		ldr	r1, [r3, #8]
 688:Drivers/STM32WBxx_HAL_Driver/Src/stm32wbxx_hal_tim_ex.c ****     if (!IS_TIM_SLAVEMODE_TRIGGER_ENABLED(tmpsmcr))
 1440              		.loc 1 688 13 view .LVU447
 1441 009a 0A4A     		ldr	r2, .L100+4
 1442 009c 0A40     		ands	r2, r2, r1
 1443              	.LVL95:
 689:Drivers/STM32WBxx_HAL_Driver/Src/stm32wbxx_hal_tim_ex.c ****     {
 1444              		.loc 1 689 5 is_stmt 1 view .LVU448
 689:Drivers/STM32WBxx_HAL_Driver/Src/stm32wbxx_hal_tim_ex.c ****     {
 1445              		.loc 1 689 8 is_stmt 0 view .LVU449
 1446 009e 062A     		cmp	r2, #6
 1447 00a0 0AD0     		beq	.L93
 689:Drivers/STM32WBxx_HAL_Driver/Src/stm32wbxx_hal_tim_ex.c ****     {
 1448              		.loc 1 689 9 discriminator 1 view .LVU450
 1449 00a2 B2F5803F 		cmp	r2, #65536
 1450 00a6 09D0     		beq	.L94
 691:Drivers/STM32WBxx_HAL_Driver/Src/stm32wbxx_hal_tim_ex.c ****     }
 1451              		.loc 1 691 7 is_stmt 1 view .LVU451
 1452 00a8 1A68     		ldr	r2, [r3]
 1453              	.LVL96:
 691:Drivers/STM32WBxx_HAL_Driver/Src/stm32wbxx_hal_tim_ex.c ****     }
 1454              		.loc 1 691 7 is_stmt 0 view .LVU452
 1455 00aa 42F00102 		orr	r2, r2, #1
 1456 00ae 1A60     		str	r2, [r3]
 700:Drivers/STM32WBxx_HAL_Driver/Src/stm32wbxx_hal_tim_ex.c **** }
 1457              		.loc 1 700 10 view .LVU453
 1458 00b0 0020     		movs	r0, #0
 1459 00b2 00E0     		b	.L85
 1460              	.LVL97:
 1461              	.L92:
 673:Drivers/STM32WBxx_HAL_Driver/Src/stm32wbxx_hal_tim_ex.c ****   }
 1462              		.loc 1 673 12 view .LVU454
 1463 00b4 0120     		movs	r0, #1
 1464              	.LVL98:
 1465              	.L85:
ARM GAS  /var/folders/98/ctz5mtps7w71v8dr53cf5qg40000gn/T//ccO5oMcB.s 			page 83


 701:Drivers/STM32WBxx_HAL_Driver/Src/stm32wbxx_hal_tim_ex.c **** 
 1466              		.loc 1 701 1 view .LVU455
 1467 00b6 10BD     		pop	{r4, pc}
 1468              	.LVL99:
 1469              	.L93:
 700:Drivers/STM32WBxx_HAL_Driver/Src/stm32wbxx_hal_tim_ex.c **** }
 1470              		.loc 1 700 10 view .LVU456
 1471 00b8 0020     		movs	r0, #0
 1472 00ba FCE7     		b	.L85
 1473              	.L94:
 1474 00bc 0020     		movs	r0, #0
 1475 00be FAE7     		b	.L85
 1476              	.L101:
 1477              		.align	2
 1478              	.L100:
 1479 00c0 002C0140 		.word	1073818624
 1480 00c4 07000100 		.word	65543
 1481              		.cfi_endproc
 1482              	.LFE960:
 1484              		.section	.text.HAL_TIMEx_OCN_Stop,"ax",%progbits
 1485              		.align	1
 1486              		.global	HAL_TIMEx_OCN_Stop
 1487              		.syntax unified
 1488              		.thumb
 1489              		.thumb_func
 1491              	HAL_TIMEx_OCN_Stop:
 1492              	.LVL100:
 1493              	.LFB961:
 715:Drivers/STM32WBxx_HAL_Driver/Src/stm32wbxx_hal_tim_ex.c ****   /* Check the parameters */
 1494              		.loc 1 715 1 is_stmt 1 view -0
 1495              		.cfi_startproc
 1496              		@ args = 0, pretend = 0, frame = 0
 1497              		@ frame_needed = 0, uses_anonymous_args = 0
 715:Drivers/STM32WBxx_HAL_Driver/Src/stm32wbxx_hal_tim_ex.c ****   /* Check the parameters */
 1498              		.loc 1 715 1 is_stmt 0 view .LVU458
 1499 0000 38B5     		push	{r3, r4, r5, lr}
 1500              	.LCFI15:
 1501              		.cfi_def_cfa_offset 16
 1502              		.cfi_offset 3, -16
 1503              		.cfi_offset 4, -12
 1504              		.cfi_offset 5, -8
 1505              		.cfi_offset 14, -4
 1506 0002 0446     		mov	r4, r0
 1507 0004 0D46     		mov	r5, r1
 717:Drivers/STM32WBxx_HAL_Driver/Src/stm32wbxx_hal_tim_ex.c **** 
 1508              		.loc 1 717 3 is_stmt 1 view .LVU459
 720:Drivers/STM32WBxx_HAL_Driver/Src/stm32wbxx_hal_tim_ex.c **** 
 1509              		.loc 1 720 3 view .LVU460
 1510 0006 0022     		movs	r2, #0
 1511 0008 0068     		ldr	r0, [r0]
 1512              	.LVL101:
 720:Drivers/STM32WBxx_HAL_Driver/Src/stm32wbxx_hal_tim_ex.c **** 
 1513              		.loc 1 720 3 is_stmt 0 view .LVU461
 1514 000a FFF7FEFF 		bl	TIM_CCxNChannelCmd
 1515              	.LVL102:
 723:Drivers/STM32WBxx_HAL_Driver/Src/stm32wbxx_hal_tim_ex.c **** 
 1516              		.loc 1 723 3 is_stmt 1 view .LVU462
ARM GAS  /var/folders/98/ctz5mtps7w71v8dr53cf5qg40000gn/T//ccO5oMcB.s 			page 84


 723:Drivers/STM32WBxx_HAL_Driver/Src/stm32wbxx_hal_tim_ex.c **** 
 1517              		.loc 1 723 3 view .LVU463
 1518 000e 2268     		ldr	r2, [r4]
 1519 0010 136A     		ldr	r3, [r2, #32]
 1520 0012 03F01133 		and	r3, r3, #286331153
 1521 0016 23F08853 		bic	r3, r3, #285212672
 1522 001a 43B9     		cbnz	r3, .L103
 723:Drivers/STM32WBxx_HAL_Driver/Src/stm32wbxx_hal_tim_ex.c **** 
 1523              		.loc 1 723 3 discriminator 1 view .LVU464
 1524 001c 116A     		ldr	r1, [r2, #32]
 1525 001e 40F24443 		movw	r3, #1092
 1526 0022 1942     		tst	r1, r3
 1527 0024 03D1     		bne	.L103
 723:Drivers/STM32WBxx_HAL_Driver/Src/stm32wbxx_hal_tim_ex.c **** 
 1528              		.loc 1 723 3 discriminator 3 view .LVU465
 1529 0026 536C     		ldr	r3, [r2, #68]
 1530 0028 23F40043 		bic	r3, r3, #32768
 1531 002c 5364     		str	r3, [r2, #68]
 1532              	.L103:
 723:Drivers/STM32WBxx_HAL_Driver/Src/stm32wbxx_hal_tim_ex.c **** 
 1533              		.loc 1 723 3 discriminator 5 view .LVU466
 726:Drivers/STM32WBxx_HAL_Driver/Src/stm32wbxx_hal_tim_ex.c **** 
 1534              		.loc 1 726 3 view .LVU467
 726:Drivers/STM32WBxx_HAL_Driver/Src/stm32wbxx_hal_tim_ex.c **** 
 1535              		.loc 1 726 3 view .LVU468
 1536 002e 2268     		ldr	r2, [r4]
 1537 0030 136A     		ldr	r3, [r2, #32]
 1538 0032 03F01133 		and	r3, r3, #286331153
 1539 0036 23F08853 		bic	r3, r3, #285212672
 1540 003a 43B9     		cbnz	r3, .L104
 726:Drivers/STM32WBxx_HAL_Driver/Src/stm32wbxx_hal_tim_ex.c **** 
 1541              		.loc 1 726 3 discriminator 1 view .LVU469
 1542 003c 116A     		ldr	r1, [r2, #32]
 1543 003e 40F24443 		movw	r3, #1092
 1544 0042 1942     		tst	r1, r3
 1545 0044 03D1     		bne	.L104
 726:Drivers/STM32WBxx_HAL_Driver/Src/stm32wbxx_hal_tim_ex.c **** 
 1546              		.loc 1 726 3 discriminator 3 view .LVU470
 1547 0046 1368     		ldr	r3, [r2]
 1548 0048 23F00103 		bic	r3, r3, #1
 1549 004c 1360     		str	r3, [r2]
 1550              	.L104:
 726:Drivers/STM32WBxx_HAL_Driver/Src/stm32wbxx_hal_tim_ex.c **** 
 1551              		.loc 1 726 3 discriminator 5 view .LVU471
 729:Drivers/STM32WBxx_HAL_Driver/Src/stm32wbxx_hal_tim_ex.c **** 
 1552              		.loc 1 729 3 view .LVU472
 1553 004e 25B9     		cbnz	r5, .L105
 729:Drivers/STM32WBxx_HAL_Driver/Src/stm32wbxx_hal_tim_ex.c **** 
 1554              		.loc 1 729 3 is_stmt 0 discriminator 1 view .LVU473
 1555 0050 0123     		movs	r3, #1
 1556 0052 84F84430 		strb	r3, [r4, #68]
 1557              	.L106:
 732:Drivers/STM32WBxx_HAL_Driver/Src/stm32wbxx_hal_tim_ex.c **** }
 1558              		.loc 1 732 3 is_stmt 1 view .LVU474
 733:Drivers/STM32WBxx_HAL_Driver/Src/stm32wbxx_hal_tim_ex.c **** 
 1559              		.loc 1 733 1 is_stmt 0 view .LVU475
 1560 0056 0020     		movs	r0, #0
ARM GAS  /var/folders/98/ctz5mtps7w71v8dr53cf5qg40000gn/T//ccO5oMcB.s 			page 85


 1561 0058 38BD     		pop	{r3, r4, r5, pc}
 1562              	.LVL103:
 1563              	.L105:
 729:Drivers/STM32WBxx_HAL_Driver/Src/stm32wbxx_hal_tim_ex.c **** 
 1564              		.loc 1 729 3 discriminator 2 view .LVU476
 1565 005a 042D     		cmp	r5, #4
 1566 005c 05D0     		beq	.L110
 729:Drivers/STM32WBxx_HAL_Driver/Src/stm32wbxx_hal_tim_ex.c **** 
 1567              		.loc 1 729 3 discriminator 4 view .LVU477
 1568 005e 082D     		cmp	r5, #8
 1569 0060 07D0     		beq	.L111
 729:Drivers/STM32WBxx_HAL_Driver/Src/stm32wbxx_hal_tim_ex.c **** 
 1570              		.loc 1 729 3 discriminator 7 view .LVU478
 1571 0062 0123     		movs	r3, #1
 1572 0064 84F84730 		strb	r3, [r4, #71]
 1573 0068 F5E7     		b	.L106
 1574              	.L110:
 729:Drivers/STM32WBxx_HAL_Driver/Src/stm32wbxx_hal_tim_ex.c **** 
 1575              		.loc 1 729 3 discriminator 3 view .LVU479
 1576 006a 0123     		movs	r3, #1
 1577 006c 84F84530 		strb	r3, [r4, #69]
 1578 0070 F1E7     		b	.L106
 1579              	.L111:
 729:Drivers/STM32WBxx_HAL_Driver/Src/stm32wbxx_hal_tim_ex.c **** 
 1580              		.loc 1 729 3 discriminator 6 view .LVU480
 1581 0072 0123     		movs	r3, #1
 1582 0074 84F84630 		strb	r3, [r4, #70]
 1583 0078 EDE7     		b	.L106
 1584              		.cfi_endproc
 1585              	.LFE961:
 1587              		.section	.text.HAL_TIMEx_OCN_Start_IT,"ax",%progbits
 1588              		.align	1
 1589              		.global	HAL_TIMEx_OCN_Start_IT
 1590              		.syntax unified
 1591              		.thumb
 1592              		.thumb_func
 1594              	HAL_TIMEx_OCN_Start_IT:
 1595              	.LVL104:
 1596              	.LFB962:
 747:Drivers/STM32WBxx_HAL_Driver/Src/stm32wbxx_hal_tim_ex.c ****   HAL_StatusTypeDef status = HAL_OK;
 1597              		.loc 1 747 1 is_stmt 1 view -0
 1598              		.cfi_startproc
 1599              		@ args = 0, pretend = 0, frame = 0
 1600              		@ frame_needed = 0, uses_anonymous_args = 0
 747:Drivers/STM32WBxx_HAL_Driver/Src/stm32wbxx_hal_tim_ex.c ****   HAL_StatusTypeDef status = HAL_OK;
 1601              		.loc 1 747 1 is_stmt 0 view .LVU482
 1602 0000 10B5     		push	{r4, lr}
 1603              	.LCFI16:
 1604              		.cfi_def_cfa_offset 8
 1605              		.cfi_offset 4, -8
 1606              		.cfi_offset 14, -4
 1607 0002 0446     		mov	r4, r0
 748:Drivers/STM32WBxx_HAL_Driver/Src/stm32wbxx_hal_tim_ex.c ****   uint32_t tmpsmcr;
 1608              		.loc 1 748 3 is_stmt 1 view .LVU483
 1609              	.LVL105:
 749:Drivers/STM32WBxx_HAL_Driver/Src/stm32wbxx_hal_tim_ex.c **** 
 1610              		.loc 1 749 3 view .LVU484
ARM GAS  /var/folders/98/ctz5mtps7w71v8dr53cf5qg40000gn/T//ccO5oMcB.s 			page 86


 752:Drivers/STM32WBxx_HAL_Driver/Src/stm32wbxx_hal_tim_ex.c **** 
 1611              		.loc 1 752 3 view .LVU485
 755:Drivers/STM32WBxx_HAL_Driver/Src/stm32wbxx_hal_tim_ex.c ****   {
 1612              		.loc 1 755 3 view .LVU486
 755:Drivers/STM32WBxx_HAL_Driver/Src/stm32wbxx_hal_tim_ex.c ****   {
 1613              		.loc 1 755 46 is_stmt 0 view .LVU487
 1614 0004 0846     		mov	r0, r1
 1615              	.LVL106:
 755:Drivers/STM32WBxx_HAL_Driver/Src/stm32wbxx_hal_tim_ex.c ****   {
 1616              		.loc 1 755 46 view .LVU488
 1617 0006 0029     		cmp	r1, #0
 1618 0008 2CD1     		bne	.L113
 755:Drivers/STM32WBxx_HAL_Driver/Src/stm32wbxx_hal_tim_ex.c ****   {
 1619              		.loc 1 755 7 discriminator 1 view .LVU489
 1620 000a 94F84430 		ldrb	r3, [r4, #68]	@ zero_extendqisi2
 755:Drivers/STM32WBxx_HAL_Driver/Src/stm32wbxx_hal_tim_ex.c ****   {
 1621              		.loc 1 755 46 discriminator 1 view .LVU490
 1622 000e 013B     		subs	r3, r3, #1
 1623 0010 18BF     		it	ne
 1624 0012 0123     		movne	r3, #1
 1625              	.L114:
 755:Drivers/STM32WBxx_HAL_Driver/Src/stm32wbxx_hal_tim_ex.c ****   {
 1626              		.loc 1 755 6 discriminator 12 view .LVU491
 1627 0014 002B     		cmp	r3, #0
 1628 0016 6AD1     		bne	.L127
 761:Drivers/STM32WBxx_HAL_Driver/Src/stm32wbxx_hal_tim_ex.c **** 
 1629              		.loc 1 761 3 is_stmt 1 view .LVU492
 1630 0018 0028     		cmp	r0, #0
 1631 001a 39D1     		bne	.L118
 761:Drivers/STM32WBxx_HAL_Driver/Src/stm32wbxx_hal_tim_ex.c **** 
 1632              		.loc 1 761 3 is_stmt 0 discriminator 1 view .LVU493
 1633 001c 0223     		movs	r3, #2
 1634 001e 84F84430 		strb	r3, [r4, #68]
 763:Drivers/STM32WBxx_HAL_Driver/Src/stm32wbxx_hal_tim_ex.c ****   {
 1635              		.loc 1 763 3 is_stmt 1 view .LVU494
 1636              	.L119:
 768:Drivers/STM32WBxx_HAL_Driver/Src/stm32wbxx_hal_tim_ex.c ****       break;
 1637              		.loc 1 768 7 view .LVU495
 1638 0022 2268     		ldr	r2, [r4]
 1639 0024 D368     		ldr	r3, [r2, #12]
 1640 0026 43F00203 		orr	r3, r3, #2
 1641 002a D360     		str	r3, [r2, #12]
 769:Drivers/STM32WBxx_HAL_Driver/Src/stm32wbxx_hal_tim_ex.c ****     }
 1642              		.loc 1 769 7 view .LVU496
 792:Drivers/STM32WBxx_HAL_Driver/Src/stm32wbxx_hal_tim_ex.c ****   {
 1643              		.loc 1 792 3 view .LVU497
 1644              	.L124:
 795:Drivers/STM32WBxx_HAL_Driver/Src/stm32wbxx_hal_tim_ex.c **** 
 1645              		.loc 1 795 5 view .LVU498
 1646 002c 2268     		ldr	r2, [r4]
 1647 002e D368     		ldr	r3, [r2, #12]
 1648 0030 43F08003 		orr	r3, r3, #128
 1649 0034 D360     		str	r3, [r2, #12]
 798:Drivers/STM32WBxx_HAL_Driver/Src/stm32wbxx_hal_tim_ex.c **** 
 1650              		.loc 1 798 5 view .LVU499
 1651 0036 0422     		movs	r2, #4
 1652 0038 0146     		mov	r1, r0
ARM GAS  /var/folders/98/ctz5mtps7w71v8dr53cf5qg40000gn/T//ccO5oMcB.s 			page 87


 1653              	.LVL107:
 798:Drivers/STM32WBxx_HAL_Driver/Src/stm32wbxx_hal_tim_ex.c **** 
 1654              		.loc 1 798 5 is_stmt 0 view .LVU500
 1655 003a 2068     		ldr	r0, [r4]
 1656              	.LVL108:
 798:Drivers/STM32WBxx_HAL_Driver/Src/stm32wbxx_hal_tim_ex.c **** 
 1657              		.loc 1 798 5 view .LVU501
 1658 003c FFF7FEFF 		bl	TIM_CCxNChannelCmd
 1659              	.LVL109:
 801:Drivers/STM32WBxx_HAL_Driver/Src/stm32wbxx_hal_tim_ex.c **** 
 1660              		.loc 1 801 5 is_stmt 1 view .LVU502
 1661 0040 2268     		ldr	r2, [r4]
 1662 0042 536C     		ldr	r3, [r2, #68]
 1663 0044 43F40043 		orr	r3, r3, #32768
 1664 0048 5364     		str	r3, [r2, #68]
 804:Drivers/STM32WBxx_HAL_Driver/Src/stm32wbxx_hal_tim_ex.c ****     {
 1665              		.loc 1 804 5 view .LVU503
 804:Drivers/STM32WBxx_HAL_Driver/Src/stm32wbxx_hal_tim_ex.c ****     {
 1666              		.loc 1 804 9 is_stmt 0 view .LVU504
 1667 004a 2368     		ldr	r3, [r4]
 804:Drivers/STM32WBxx_HAL_Driver/Src/stm32wbxx_hal_tim_ex.c ****     {
 1668              		.loc 1 804 8 view .LVU505
 1669 004c 2B4A     		ldr	r2, .L136
 1670 004e 9342     		cmp	r3, r2
 1671 0050 3FD0     		beq	.L125
 804:Drivers/STM32WBxx_HAL_Driver/Src/stm32wbxx_hal_tim_ex.c ****     {
 1672              		.loc 1 804 9 discriminator 1 view .LVU506
 1673 0052 B3F1804F 		cmp	r3, #1073741824
 1674 0056 3CD0     		beq	.L125
 814:Drivers/STM32WBxx_HAL_Driver/Src/stm32wbxx_hal_tim_ex.c ****     }
 1675              		.loc 1 814 7 is_stmt 1 view .LVU507
 1676 0058 1A68     		ldr	r2, [r3]
 1677 005a 42F00102 		orr	r2, r2, #1
 1678 005e 1A60     		str	r2, [r3]
 1679 0060 0020     		movs	r0, #0
 1680 0062 45E0     		b	.L117
 1681              	.LVL110:
 1682              	.L113:
 755:Drivers/STM32WBxx_HAL_Driver/Src/stm32wbxx_hal_tim_ex.c ****   {
 1683              		.loc 1 755 46 is_stmt 0 discriminator 2 view .LVU508
 1684 0064 0429     		cmp	r1, #4
 1685 0066 07D0     		beq	.L132
 755:Drivers/STM32WBxx_HAL_Driver/Src/stm32wbxx_hal_tim_ex.c ****   {
 1686              		.loc 1 755 46 discriminator 5 view .LVU509
 1687 0068 0829     		cmp	r1, #8
 1688 006a 0BD0     		beq	.L133
 755:Drivers/STM32WBxx_HAL_Driver/Src/stm32wbxx_hal_tim_ex.c ****   {
 1689              		.loc 1 755 7 discriminator 8 view .LVU510
 1690 006c 94F84730 		ldrb	r3, [r4, #71]	@ zero_extendqisi2
 755:Drivers/STM32WBxx_HAL_Driver/Src/stm32wbxx_hal_tim_ex.c ****   {
 1691              		.loc 1 755 46 discriminator 8 view .LVU511
 1692 0070 013B     		subs	r3, r3, #1
 1693 0072 18BF     		it	ne
 1694 0074 0123     		movne	r3, #1
 1695 0076 CDE7     		b	.L114
 1696              	.L132:
 755:Drivers/STM32WBxx_HAL_Driver/Src/stm32wbxx_hal_tim_ex.c ****   {
ARM GAS  /var/folders/98/ctz5mtps7w71v8dr53cf5qg40000gn/T//ccO5oMcB.s 			page 88


 1697              		.loc 1 755 7 discriminator 4 view .LVU512
 1698 0078 94F84530 		ldrb	r3, [r4, #69]	@ zero_extendqisi2
 755:Drivers/STM32WBxx_HAL_Driver/Src/stm32wbxx_hal_tim_ex.c ****   {
 1699              		.loc 1 755 46 discriminator 4 view .LVU513
 1700 007c 013B     		subs	r3, r3, #1
 1701 007e 18BF     		it	ne
 1702 0080 0123     		movne	r3, #1
 1703 0082 C7E7     		b	.L114
 1704              	.L133:
 755:Drivers/STM32WBxx_HAL_Driver/Src/stm32wbxx_hal_tim_ex.c ****   {
 1705              		.loc 1 755 7 discriminator 7 view .LVU514
 1706 0084 94F84630 		ldrb	r3, [r4, #70]	@ zero_extendqisi2
 755:Drivers/STM32WBxx_HAL_Driver/Src/stm32wbxx_hal_tim_ex.c ****   {
 1707              		.loc 1 755 46 discriminator 7 view .LVU515
 1708 0088 013B     		subs	r3, r3, #1
 1709 008a 18BF     		it	ne
 1710 008c 0123     		movne	r3, #1
 1711 008e C1E7     		b	.L114
 1712              	.L118:
 761:Drivers/STM32WBxx_HAL_Driver/Src/stm32wbxx_hal_tim_ex.c **** 
 1713              		.loc 1 761 3 discriminator 2 view .LVU516
 1714 0090 0428     		cmp	r0, #4
 1715 0092 0CD0     		beq	.L134
 761:Drivers/STM32WBxx_HAL_Driver/Src/stm32wbxx_hal_tim_ex.c **** 
 1716              		.loc 1 761 3 discriminator 4 view .LVU517
 1717 0094 0828     		cmp	r0, #8
 1718 0096 13D0     		beq	.L135
 761:Drivers/STM32WBxx_HAL_Driver/Src/stm32wbxx_hal_tim_ex.c **** 
 1719              		.loc 1 761 3 discriminator 7 view .LVU518
 1720 0098 0223     		movs	r3, #2
 1721 009a 84F84730 		strb	r3, [r4, #71]
 763:Drivers/STM32WBxx_HAL_Driver/Src/stm32wbxx_hal_tim_ex.c ****   {
 1722              		.loc 1 763 3 is_stmt 1 view .LVU519
 1723 009e 0428     		cmp	r0, #4
 1724 00a0 08D0     		beq	.L121
 1725 00a2 0828     		cmp	r0, #8
 1726 00a4 0FD0     		beq	.L123
 1727 00a6 0028     		cmp	r0, #0
 1728 00a8 BBD0     		beq	.L119
 1729 00aa 0120     		movs	r0, #1
 1730              	.LVL111:
 763:Drivers/STM32WBxx_HAL_Driver/Src/stm32wbxx_hal_tim_ex.c ****   {
 1731              		.loc 1 763 3 is_stmt 0 view .LVU520
 1732 00ac 20E0     		b	.L117
 1733              	.LVL112:
 1734              	.L134:
 761:Drivers/STM32WBxx_HAL_Driver/Src/stm32wbxx_hal_tim_ex.c **** 
 1735              		.loc 1 761 3 discriminator 3 view .LVU521
 1736 00ae 0223     		movs	r3, #2
 1737 00b0 84F84530 		strb	r3, [r4, #69]
 763:Drivers/STM32WBxx_HAL_Driver/Src/stm32wbxx_hal_tim_ex.c ****   {
 1738              		.loc 1 763 3 is_stmt 1 view .LVU522
 1739              	.L121:
 775:Drivers/STM32WBxx_HAL_Driver/Src/stm32wbxx_hal_tim_ex.c ****       break;
 1740              		.loc 1 775 7 view .LVU523
 1741 00b4 2268     		ldr	r2, [r4]
 1742 00b6 D368     		ldr	r3, [r2, #12]
ARM GAS  /var/folders/98/ctz5mtps7w71v8dr53cf5qg40000gn/T//ccO5oMcB.s 			page 89


 1743 00b8 43F00403 		orr	r3, r3, #4
 1744 00bc D360     		str	r3, [r2, #12]
 776:Drivers/STM32WBxx_HAL_Driver/Src/stm32wbxx_hal_tim_ex.c ****     }
 1745              		.loc 1 776 7 view .LVU524
 792:Drivers/STM32WBxx_HAL_Driver/Src/stm32wbxx_hal_tim_ex.c ****   {
 1746              		.loc 1 792 3 view .LVU525
 1747 00be B5E7     		b	.L124
 1748              	.L135:
 761:Drivers/STM32WBxx_HAL_Driver/Src/stm32wbxx_hal_tim_ex.c **** 
 1749              		.loc 1 761 3 is_stmt 0 discriminator 6 view .LVU526
 1750 00c0 0223     		movs	r3, #2
 1751 00c2 84F84630 		strb	r3, [r4, #70]
 763:Drivers/STM32WBxx_HAL_Driver/Src/stm32wbxx_hal_tim_ex.c ****   {
 1752              		.loc 1 763 3 is_stmt 1 view .LVU527
 1753              	.L123:
 782:Drivers/STM32WBxx_HAL_Driver/Src/stm32wbxx_hal_tim_ex.c ****       break;
 1754              		.loc 1 782 7 view .LVU528
 1755 00c6 2268     		ldr	r2, [r4]
 1756 00c8 D368     		ldr	r3, [r2, #12]
 1757 00ca 43F00803 		orr	r3, r3, #8
 1758 00ce D360     		str	r3, [r2, #12]
 783:Drivers/STM32WBxx_HAL_Driver/Src/stm32wbxx_hal_tim_ex.c ****     }
 1759              		.loc 1 783 7 view .LVU529
 792:Drivers/STM32WBxx_HAL_Driver/Src/stm32wbxx_hal_tim_ex.c ****   {
 1760              		.loc 1 792 3 view .LVU530
 1761 00d0 ACE7     		b	.L124
 1762              	.LVL113:
 1763              	.L125:
 806:Drivers/STM32WBxx_HAL_Driver/Src/stm32wbxx_hal_tim_ex.c ****       if (!IS_TIM_SLAVEMODE_TRIGGER_ENABLED(tmpsmcr))
 1764              		.loc 1 806 7 view .LVU531
 806:Drivers/STM32WBxx_HAL_Driver/Src/stm32wbxx_hal_tim_ex.c ****       if (!IS_TIM_SLAVEMODE_TRIGGER_ENABLED(tmpsmcr))
 1765              		.loc 1 806 31 is_stmt 0 view .LVU532
 1766 00d2 9968     		ldr	r1, [r3, #8]
 806:Drivers/STM32WBxx_HAL_Driver/Src/stm32wbxx_hal_tim_ex.c ****       if (!IS_TIM_SLAVEMODE_TRIGGER_ENABLED(tmpsmcr))
 1767              		.loc 1 806 15 view .LVU533
 1768 00d4 0A4A     		ldr	r2, .L136+4
 1769 00d6 0A40     		ands	r2, r2, r1
 1770              	.LVL114:
 807:Drivers/STM32WBxx_HAL_Driver/Src/stm32wbxx_hal_tim_ex.c ****       {
 1771              		.loc 1 807 7 is_stmt 1 view .LVU534
 807:Drivers/STM32WBxx_HAL_Driver/Src/stm32wbxx_hal_tim_ex.c ****       {
 1772              		.loc 1 807 10 is_stmt 0 view .LVU535
 1773 00d8 062A     		cmp	r2, #6
 1774 00da 0AD0     		beq	.L129
 807:Drivers/STM32WBxx_HAL_Driver/Src/stm32wbxx_hal_tim_ex.c ****       {
 1775              		.loc 1 807 11 discriminator 1 view .LVU536
 1776 00dc B2F5803F 		cmp	r2, #65536
 1777 00e0 09D0     		beq	.L130
 809:Drivers/STM32WBxx_HAL_Driver/Src/stm32wbxx_hal_tim_ex.c ****       }
 1778              		.loc 1 809 9 is_stmt 1 view .LVU537
 1779 00e2 1A68     		ldr	r2, [r3]
 1780              	.LVL115:
 809:Drivers/STM32WBxx_HAL_Driver/Src/stm32wbxx_hal_tim_ex.c ****       }
 1781              		.loc 1 809 9 is_stmt 0 view .LVU538
 1782 00e4 42F00102 		orr	r2, r2, #1
 1783 00e8 1A60     		str	r2, [r3]
 1784 00ea 0020     		movs	r0, #0
ARM GAS  /var/folders/98/ctz5mtps7w71v8dr53cf5qg40000gn/T//ccO5oMcB.s 			page 90


 1785 00ec 00E0     		b	.L117
 1786              	.LVL116:
 1787              	.L127:
 757:Drivers/STM32WBxx_HAL_Driver/Src/stm32wbxx_hal_tim_ex.c ****   }
 1788              		.loc 1 757 12 view .LVU539
 1789 00ee 0120     		movs	r0, #1
 1790              	.LVL117:
 1791              	.L117:
 820:Drivers/STM32WBxx_HAL_Driver/Src/stm32wbxx_hal_tim_ex.c **** 
 1792              		.loc 1 820 1 view .LVU540
 1793 00f0 10BD     		pop	{r4, pc}
 1794              	.LVL118:
 1795              	.L129:
 820:Drivers/STM32WBxx_HAL_Driver/Src/stm32wbxx_hal_tim_ex.c **** 
 1796              		.loc 1 820 1 view .LVU541
 1797 00f2 0020     		movs	r0, #0
 1798 00f4 FCE7     		b	.L117
 1799              	.L130:
 1800 00f6 0020     		movs	r0, #0
 1801 00f8 FAE7     		b	.L117
 1802              	.L137:
 1803 00fa 00BF     		.align	2
 1804              	.L136:
 1805 00fc 002C0140 		.word	1073818624
 1806 0100 07000100 		.word	65543
 1807              		.cfi_endproc
 1808              	.LFE962:
 1810              		.section	.text.HAL_TIMEx_OCN_Stop_IT,"ax",%progbits
 1811              		.align	1
 1812              		.global	HAL_TIMEx_OCN_Stop_IT
 1813              		.syntax unified
 1814              		.thumb
 1815              		.thumb_func
 1817              	HAL_TIMEx_OCN_Stop_IT:
 1818              	.LVL119:
 1819              	.LFB963:
 834:Drivers/STM32WBxx_HAL_Driver/Src/stm32wbxx_hal_tim_ex.c ****   HAL_StatusTypeDef status = HAL_OK;
 1820              		.loc 1 834 1 is_stmt 1 view -0
 1821              		.cfi_startproc
 1822              		@ args = 0, pretend = 0, frame = 0
 1823              		@ frame_needed = 0, uses_anonymous_args = 0
 834:Drivers/STM32WBxx_HAL_Driver/Src/stm32wbxx_hal_tim_ex.c ****   HAL_StatusTypeDef status = HAL_OK;
 1824              		.loc 1 834 1 is_stmt 0 view .LVU543
 1825 0000 38B5     		push	{r3, r4, r5, lr}
 1826              	.LCFI17:
 1827              		.cfi_def_cfa_offset 16
 1828              		.cfi_offset 3, -16
 1829              		.cfi_offset 4, -12
 1830              		.cfi_offset 5, -8
 1831              		.cfi_offset 14, -4
 1832 0002 0446     		mov	r4, r0
 1833 0004 0D46     		mov	r5, r1
 835:Drivers/STM32WBxx_HAL_Driver/Src/stm32wbxx_hal_tim_ex.c ****   uint32_t tmpccer;
 1834              		.loc 1 835 3 is_stmt 1 view .LVU544
 1835              	.LVL120:
 836:Drivers/STM32WBxx_HAL_Driver/Src/stm32wbxx_hal_tim_ex.c **** 
 1836              		.loc 1 836 3 view .LVU545
ARM GAS  /var/folders/98/ctz5mtps7w71v8dr53cf5qg40000gn/T//ccO5oMcB.s 			page 91


 839:Drivers/STM32WBxx_HAL_Driver/Src/stm32wbxx_hal_tim_ex.c **** 
 1837              		.loc 1 839 3 view .LVU546
 841:Drivers/STM32WBxx_HAL_Driver/Src/stm32wbxx_hal_tim_ex.c ****   {
 1838              		.loc 1 841 3 view .LVU547
 1839 0006 0429     		cmp	r1, #4
 1840 0008 3DD0     		beq	.L139
 1841 000a 0829     		cmp	r1, #8
 1842 000c 41D0     		beq	.L140
 1843 000e 0029     		cmp	r1, #0
 1844 0010 58D1     		bne	.L149
 846:Drivers/STM32WBxx_HAL_Driver/Src/stm32wbxx_hal_tim_ex.c ****       break;
 1845              		.loc 1 846 7 view .LVU548
 1846 0012 0268     		ldr	r2, [r0]
 1847 0014 D368     		ldr	r3, [r2, #12]
 1848 0016 23F00203 		bic	r3, r3, #2
 1849 001a D360     		str	r3, [r2, #12]
 847:Drivers/STM32WBxx_HAL_Driver/Src/stm32wbxx_hal_tim_ex.c ****     }
 1850              		.loc 1 847 7 view .LVU549
 869:Drivers/STM32WBxx_HAL_Driver/Src/stm32wbxx_hal_tim_ex.c ****   {
 1851              		.loc 1 869 3 view .LVU550
 1852              	.L142:
 872:Drivers/STM32WBxx_HAL_Driver/Src/stm32wbxx_hal_tim_ex.c **** 
 1853              		.loc 1 872 5 view .LVU551
 1854 001c 0022     		movs	r2, #0
 1855 001e 2946     		mov	r1, r5
 1856              	.LVL121:
 872:Drivers/STM32WBxx_HAL_Driver/Src/stm32wbxx_hal_tim_ex.c **** 
 1857              		.loc 1 872 5 is_stmt 0 view .LVU552
 1858 0020 2068     		ldr	r0, [r4]
 1859              	.LVL122:
 872:Drivers/STM32WBxx_HAL_Driver/Src/stm32wbxx_hal_tim_ex.c **** 
 1860              		.loc 1 872 5 view .LVU553
 1861 0022 FFF7FEFF 		bl	TIM_CCxNChannelCmd
 1862              	.LVL123:
 875:Drivers/STM32WBxx_HAL_Driver/Src/stm32wbxx_hal_tim_ex.c ****     if ((tmpccer & TIM_CCER_CCxNE_MASK) == (uint32_t)RESET)
 1863              		.loc 1 875 5 is_stmt 1 view .LVU554
 875:Drivers/STM32WBxx_HAL_Driver/Src/stm32wbxx_hal_tim_ex.c ****     if ((tmpccer & TIM_CCER_CCxNE_MASK) == (uint32_t)RESET)
 1864              		.loc 1 875 19 is_stmt 0 view .LVU555
 1865 0026 2368     		ldr	r3, [r4]
 875:Drivers/STM32WBxx_HAL_Driver/Src/stm32wbxx_hal_tim_ex.c ****     if ((tmpccer & TIM_CCER_CCxNE_MASK) == (uint32_t)RESET)
 1866              		.loc 1 875 13 view .LVU556
 1867 0028 196A     		ldr	r1, [r3, #32]
 1868              	.LVL124:
 876:Drivers/STM32WBxx_HAL_Driver/Src/stm32wbxx_hal_tim_ex.c ****     {
 1869              		.loc 1 876 5 is_stmt 1 view .LVU557
 876:Drivers/STM32WBxx_HAL_Driver/Src/stm32wbxx_hal_tim_ex.c ****     {
 1870              		.loc 1 876 8 is_stmt 0 view .LVU558
 1871 002a 40F24442 		movw	r2, #1092
 1872 002e 1142     		tst	r1, r2
 1873 0030 03D1     		bne	.L143
 878:Drivers/STM32WBxx_HAL_Driver/Src/stm32wbxx_hal_tim_ex.c ****     }
 1874              		.loc 1 878 7 is_stmt 1 view .LVU559
 1875 0032 DA68     		ldr	r2, [r3, #12]
 1876 0034 22F08002 		bic	r2, r2, #128
 1877 0038 DA60     		str	r2, [r3, #12]
 1878              	.L143:
 882:Drivers/STM32WBxx_HAL_Driver/Src/stm32wbxx_hal_tim_ex.c **** 
ARM GAS  /var/folders/98/ctz5mtps7w71v8dr53cf5qg40000gn/T//ccO5oMcB.s 			page 92


 1879              		.loc 1 882 5 view .LVU560
 882:Drivers/STM32WBxx_HAL_Driver/Src/stm32wbxx_hal_tim_ex.c **** 
 1880              		.loc 1 882 5 view .LVU561
 1881 003a 2268     		ldr	r2, [r4]
 1882 003c 136A     		ldr	r3, [r2, #32]
 1883 003e 03F01133 		and	r3, r3, #286331153
 1884 0042 23F08853 		bic	r3, r3, #285212672
 1885 0046 43B9     		cbnz	r3, .L144
 882:Drivers/STM32WBxx_HAL_Driver/Src/stm32wbxx_hal_tim_ex.c **** 
 1886              		.loc 1 882 5 discriminator 1 view .LVU562
 1887 0048 116A     		ldr	r1, [r2, #32]
 1888              	.LVL125:
 882:Drivers/STM32WBxx_HAL_Driver/Src/stm32wbxx_hal_tim_ex.c **** 
 1889              		.loc 1 882 5 is_stmt 0 discriminator 1 view .LVU563
 1890 004a 40F24443 		movw	r3, #1092
 1891 004e 1942     		tst	r1, r3
 1892 0050 03D1     		bne	.L144
 882:Drivers/STM32WBxx_HAL_Driver/Src/stm32wbxx_hal_tim_ex.c **** 
 1893              		.loc 1 882 5 is_stmt 1 discriminator 3 view .LVU564
 1894 0052 536C     		ldr	r3, [r2, #68]
 1895 0054 23F40043 		bic	r3, r3, #32768
 1896 0058 5364     		str	r3, [r2, #68]
 1897              	.L144:
 882:Drivers/STM32WBxx_HAL_Driver/Src/stm32wbxx_hal_tim_ex.c **** 
 1898              		.loc 1 882 5 discriminator 5 view .LVU565
 885:Drivers/STM32WBxx_HAL_Driver/Src/stm32wbxx_hal_tim_ex.c **** 
 1899              		.loc 1 885 5 view .LVU566
 885:Drivers/STM32WBxx_HAL_Driver/Src/stm32wbxx_hal_tim_ex.c **** 
 1900              		.loc 1 885 5 view .LVU567
 1901 005a 2268     		ldr	r2, [r4]
 1902 005c 136A     		ldr	r3, [r2, #32]
 1903 005e 03F01133 		and	r3, r3, #286331153
 1904 0062 23F08853 		bic	r3, r3, #285212672
 1905 0066 43B9     		cbnz	r3, .L145
 885:Drivers/STM32WBxx_HAL_Driver/Src/stm32wbxx_hal_tim_ex.c **** 
 1906              		.loc 1 885 5 discriminator 1 view .LVU568
 1907 0068 116A     		ldr	r1, [r2, #32]
 1908 006a 40F24443 		movw	r3, #1092
 1909 006e 1942     		tst	r1, r3
 1910 0070 03D1     		bne	.L145
 885:Drivers/STM32WBxx_HAL_Driver/Src/stm32wbxx_hal_tim_ex.c **** 
 1911              		.loc 1 885 5 discriminator 3 view .LVU569
 1912 0072 1368     		ldr	r3, [r2]
 1913 0074 23F00103 		bic	r3, r3, #1
 1914 0078 1360     		str	r3, [r2]
 1915              	.L145:
 885:Drivers/STM32WBxx_HAL_Driver/Src/stm32wbxx_hal_tim_ex.c **** 
 1916              		.loc 1 885 5 discriminator 5 view .LVU570
 888:Drivers/STM32WBxx_HAL_Driver/Src/stm32wbxx_hal_tim_ex.c ****   }
 1917              		.loc 1 888 5 view .LVU571
 1918 007a 85B9     		cbnz	r5, .L146
 888:Drivers/STM32WBxx_HAL_Driver/Src/stm32wbxx_hal_tim_ex.c ****   }
 1919              		.loc 1 888 5 is_stmt 0 discriminator 1 view .LVU572
 1920 007c 0123     		movs	r3, #1
 1921 007e 84F84430 		strb	r3, [r4, #68]
 1922 0082 0020     		movs	r0, #0
 1923              	.LVL126:
ARM GAS  /var/folders/98/ctz5mtps7w71v8dr53cf5qg40000gn/T//ccO5oMcB.s 			page 93


 1924              	.L141:
 892:Drivers/STM32WBxx_HAL_Driver/Src/stm32wbxx_hal_tim_ex.c **** }
 1925              		.loc 1 892 3 is_stmt 1 view .LVU573
 893:Drivers/STM32WBxx_HAL_Driver/Src/stm32wbxx_hal_tim_ex.c **** 
 1926              		.loc 1 893 1 is_stmt 0 view .LVU574
 1927 0084 38BD     		pop	{r3, r4, r5, pc}
 1928              	.LVL127:
 1929              	.L139:
 853:Drivers/STM32WBxx_HAL_Driver/Src/stm32wbxx_hal_tim_ex.c ****       break;
 1930              		.loc 1 853 7 is_stmt 1 view .LVU575
 1931 0086 0268     		ldr	r2, [r0]
 1932 0088 D368     		ldr	r3, [r2, #12]
 1933 008a 23F00403 		bic	r3, r3, #4
 1934 008e D360     		str	r3, [r2, #12]
 854:Drivers/STM32WBxx_HAL_Driver/Src/stm32wbxx_hal_tim_ex.c ****     }
 1935              		.loc 1 854 7 view .LVU576
 869:Drivers/STM32WBxx_HAL_Driver/Src/stm32wbxx_hal_tim_ex.c ****   {
 1936              		.loc 1 869 3 view .LVU577
 1937 0090 C4E7     		b	.L142
 1938              	.L140:
 860:Drivers/STM32WBxx_HAL_Driver/Src/stm32wbxx_hal_tim_ex.c ****       break;
 1939              		.loc 1 860 7 view .LVU578
 1940 0092 0268     		ldr	r2, [r0]
 1941 0094 D368     		ldr	r3, [r2, #12]
 1942 0096 23F00803 		bic	r3, r3, #8
 1943 009a D360     		str	r3, [r2, #12]
 861:Drivers/STM32WBxx_HAL_Driver/Src/stm32wbxx_hal_tim_ex.c ****     }
 1944              		.loc 1 861 7 view .LVU579
 869:Drivers/STM32WBxx_HAL_Driver/Src/stm32wbxx_hal_tim_ex.c ****   {
 1945              		.loc 1 869 3 view .LVU580
 1946 009c BEE7     		b	.L142
 1947              	.LVL128:
 1948              	.L146:
 888:Drivers/STM32WBxx_HAL_Driver/Src/stm32wbxx_hal_tim_ex.c ****   }
 1949              		.loc 1 888 5 is_stmt 0 discriminator 2 view .LVU581
 1950 009e 042D     		cmp	r5, #4
 1951 00a0 06D0     		beq	.L151
 888:Drivers/STM32WBxx_HAL_Driver/Src/stm32wbxx_hal_tim_ex.c ****   }
 1952              		.loc 1 888 5 discriminator 4 view .LVU582
 1953 00a2 082D     		cmp	r5, #8
 1954 00a4 09D0     		beq	.L152
 888:Drivers/STM32WBxx_HAL_Driver/Src/stm32wbxx_hal_tim_ex.c ****   }
 1955              		.loc 1 888 5 discriminator 7 view .LVU583
 1956 00a6 0123     		movs	r3, #1
 1957 00a8 84F84730 		strb	r3, [r4, #71]
 1958 00ac 0020     		movs	r0, #0
 1959 00ae E9E7     		b	.L141
 1960              	.L151:
 888:Drivers/STM32WBxx_HAL_Driver/Src/stm32wbxx_hal_tim_ex.c ****   }
 1961              		.loc 1 888 5 discriminator 3 view .LVU584
 1962 00b0 0123     		movs	r3, #1
 1963 00b2 84F84530 		strb	r3, [r4, #69]
 1964 00b6 0020     		movs	r0, #0
 1965 00b8 E4E7     		b	.L141
 1966              	.L152:
 888:Drivers/STM32WBxx_HAL_Driver/Src/stm32wbxx_hal_tim_ex.c ****   }
 1967              		.loc 1 888 5 discriminator 6 view .LVU585
ARM GAS  /var/folders/98/ctz5mtps7w71v8dr53cf5qg40000gn/T//ccO5oMcB.s 			page 94


 1968 00ba 0123     		movs	r3, #1
 1969 00bc 84F84630 		strb	r3, [r4, #70]
 1970 00c0 0020     		movs	r0, #0
 1971 00c2 DFE7     		b	.L141
 1972              	.LVL129:
 1973              	.L149:
 841:Drivers/STM32WBxx_HAL_Driver/Src/stm32wbxx_hal_tim_ex.c ****   {
 1974              		.loc 1 841 3 view .LVU586
 1975 00c4 0120     		movs	r0, #1
 1976              	.LVL130:
 841:Drivers/STM32WBxx_HAL_Driver/Src/stm32wbxx_hal_tim_ex.c ****   {
 1977              		.loc 1 841 3 view .LVU587
 1978 00c6 DDE7     		b	.L141
 1979              		.cfi_endproc
 1980              	.LFE963:
 1982              		.section	.text.HAL_TIMEx_OCN_Start_DMA,"ax",%progbits
 1983              		.align	1
 1984              		.global	HAL_TIMEx_OCN_Start_DMA
 1985              		.syntax unified
 1986              		.thumb
 1987              		.thumb_func
 1989              	HAL_TIMEx_OCN_Start_DMA:
 1990              	.LVL131:
 1991              	.LFB964:
 910:Drivers/STM32WBxx_HAL_Driver/Src/stm32wbxx_hal_tim_ex.c ****   HAL_StatusTypeDef status = HAL_OK;
 1992              		.loc 1 910 1 is_stmt 1 view -0
 1993              		.cfi_startproc
 1994              		@ args = 0, pretend = 0, frame = 0
 1995              		@ frame_needed = 0, uses_anonymous_args = 0
 910:Drivers/STM32WBxx_HAL_Driver/Src/stm32wbxx_hal_tim_ex.c ****   HAL_StatusTypeDef status = HAL_OK;
 1996              		.loc 1 910 1 is_stmt 0 view .LVU589
 1997 0000 70B5     		push	{r4, r5, r6, lr}
 1998              	.LCFI18:
 1999              		.cfi_def_cfa_offset 16
 2000              		.cfi_offset 4, -16
 2001              		.cfi_offset 5, -12
 2002              		.cfi_offset 6, -8
 2003              		.cfi_offset 14, -4
 2004 0002 0446     		mov	r4, r0
 2005 0004 1646     		mov	r6, r2
 911:Drivers/STM32WBxx_HAL_Driver/Src/stm32wbxx_hal_tim_ex.c ****   uint32_t tmpsmcr;
 2006              		.loc 1 911 3 is_stmt 1 view .LVU590
 2007              	.LVL132:
 912:Drivers/STM32WBxx_HAL_Driver/Src/stm32wbxx_hal_tim_ex.c **** 
 2008              		.loc 1 912 3 view .LVU591
 915:Drivers/STM32WBxx_HAL_Driver/Src/stm32wbxx_hal_tim_ex.c **** 
 2009              		.loc 1 915 3 view .LVU592
 918:Drivers/STM32WBxx_HAL_Driver/Src/stm32wbxx_hal_tim_ex.c ****   {
 2010              		.loc 1 918 3 view .LVU593
 918:Drivers/STM32WBxx_HAL_Driver/Src/stm32wbxx_hal_tim_ex.c ****   {
 2011              		.loc 1 918 46 is_stmt 0 view .LVU594
 2012 0006 0D46     		mov	r5, r1
 2013 0008 0029     		cmp	r1, #0
 2014 000a 4CD1     		bne	.L154
 918:Drivers/STM32WBxx_HAL_Driver/Src/stm32wbxx_hal_tim_ex.c ****   {
 2015              		.loc 1 918 7 discriminator 1 view .LVU595
 2016 000c 90F84400 		ldrb	r0, [r0, #68]	@ zero_extendqisi2
ARM GAS  /var/folders/98/ctz5mtps7w71v8dr53cf5qg40000gn/T//ccO5oMcB.s 			page 95


 2017              	.LVL133:
 918:Drivers/STM32WBxx_HAL_Driver/Src/stm32wbxx_hal_tim_ex.c ****   {
 2018              		.loc 1 918 46 discriminator 1 view .LVU596
 2019 0010 0228     		cmp	r0, #2
 2020 0012 14BF     		ite	ne
 2021 0014 0020     		movne	r0, #0
 2022 0016 0120     		moveq	r0, #1
 2023              	.L155:
 918:Drivers/STM32WBxx_HAL_Driver/Src/stm32wbxx_hal_tim_ex.c ****   {
 2024              		.loc 1 918 6 discriminator 12 view .LVU597
 2025 0018 0028     		cmp	r0, #0
 2026 001a 40F0C680 		bne	.L172
 922:Drivers/STM32WBxx_HAL_Driver/Src/stm32wbxx_hal_tim_ex.c ****   {
 2027              		.loc 1 922 8 is_stmt 1 view .LVU598
 922:Drivers/STM32WBxx_HAL_Driver/Src/stm32wbxx_hal_tim_ex.c ****   {
 2028              		.loc 1 922 51 is_stmt 0 view .LVU599
 2029 001e 002D     		cmp	r5, #0
 2030 0020 5AD1     		bne	.L159
 922:Drivers/STM32WBxx_HAL_Driver/Src/stm32wbxx_hal_tim_ex.c ****   {
 2031              		.loc 1 922 12 discriminator 1 view .LVU600
 2032 0022 94F84420 		ldrb	r2, [r4, #68]	@ zero_extendqisi2
 2033              	.LVL134:
 922:Drivers/STM32WBxx_HAL_Driver/Src/stm32wbxx_hal_tim_ex.c ****   {
 2034              		.loc 1 922 51 discriminator 1 view .LVU601
 2035 0026 012A     		cmp	r2, #1
 2036 0028 14BF     		ite	ne
 2037 002a 0022     		movne	r2, #0
 2038 002c 0122     		moveq	r2, #1
 2039              	.L160:
 922:Drivers/STM32WBxx_HAL_Driver/Src/stm32wbxx_hal_tim_ex.c ****   {
 2040              		.loc 1 922 11 discriminator 12 view .LVU602
 2041 002e 002A     		cmp	r2, #0
 2042 0030 00F0BD80 		beq	.L173
 924:Drivers/STM32WBxx_HAL_Driver/Src/stm32wbxx_hal_tim_ex.c ****     {
 2043              		.loc 1 924 5 is_stmt 1 view .LVU603
 924:Drivers/STM32WBxx_HAL_Driver/Src/stm32wbxx_hal_tim_ex.c ****     {
 2044              		.loc 1 924 8 is_stmt 0 view .LVU604
 2045 0034 002E     		cmp	r6, #0
 2046 0036 00F0BC80 		beq	.L174
 924:Drivers/STM32WBxx_HAL_Driver/Src/stm32wbxx_hal_tim_ex.c ****     {
 2047              		.loc 1 924 25 discriminator 1 view .LVU605
 2048 003a 002B     		cmp	r3, #0
 2049 003c 00F0BB80 		beq	.L175
 930:Drivers/STM32WBxx_HAL_Driver/Src/stm32wbxx_hal_tim_ex.c ****     }
 2050              		.loc 1 930 7 is_stmt 1 view .LVU606
 2051 0040 002D     		cmp	r5, #0
 2052 0042 62D1     		bne	.L163
 930:Drivers/STM32WBxx_HAL_Driver/Src/stm32wbxx_hal_tim_ex.c ****     }
 2053              		.loc 1 930 7 is_stmt 0 discriminator 1 view .LVU607
 2054 0044 0222     		movs	r2, #2
 2055 0046 84F84420 		strb	r2, [r4, #68]
 938:Drivers/STM32WBxx_HAL_Driver/Src/stm32wbxx_hal_tim_ex.c ****   {
 2056              		.loc 1 938 3 is_stmt 1 view .LVU608
 2057              	.L164:
 943:Drivers/STM32WBxx_HAL_Driver/Src/stm32wbxx_hal_tim_ex.c ****       htim->hdma[TIM_DMA_ID_CC1]->XferHalfCpltCallback = TIM_DMADelayPulseHalfCplt;
 2058              		.loc 1 943 7 view .LVU609
 943:Drivers/STM32WBxx_HAL_Driver/Src/stm32wbxx_hal_tim_ex.c ****       htim->hdma[TIM_DMA_ID_CC1]->XferHalfCpltCallback = TIM_DMADelayPulseHalfCplt;
ARM GAS  /var/folders/98/ctz5mtps7w71v8dr53cf5qg40000gn/T//ccO5oMcB.s 			page 96


 2059              		.loc 1 943 17 is_stmt 0 view .LVU610
 2060 004a 626A     		ldr	r2, [r4, #36]
 943:Drivers/STM32WBxx_HAL_Driver/Src/stm32wbxx_hal_tim_ex.c ****       htim->hdma[TIM_DMA_ID_CC1]->XferHalfCpltCallback = TIM_DMADelayPulseHalfCplt;
 2061              		.loc 1 943 52 view .LVU611
 2062 004c 6049     		ldr	r1, .L189
 2063              	.LVL135:
 943:Drivers/STM32WBxx_HAL_Driver/Src/stm32wbxx_hal_tim_ex.c ****       htim->hdma[TIM_DMA_ID_CC1]->XferHalfCpltCallback = TIM_DMADelayPulseHalfCplt;
 2064              		.loc 1 943 52 view .LVU612
 2065 004e D162     		str	r1, [r2, #44]
 944:Drivers/STM32WBxx_HAL_Driver/Src/stm32wbxx_hal_tim_ex.c **** 
 2066              		.loc 1 944 7 is_stmt 1 view .LVU613
 944:Drivers/STM32WBxx_HAL_Driver/Src/stm32wbxx_hal_tim_ex.c **** 
 2067              		.loc 1 944 17 is_stmt 0 view .LVU614
 2068 0050 626A     		ldr	r2, [r4, #36]
 944:Drivers/STM32WBxx_HAL_Driver/Src/stm32wbxx_hal_tim_ex.c **** 
 2069              		.loc 1 944 56 view .LVU615
 2070 0052 6049     		ldr	r1, .L189+4
 2071 0054 1163     		str	r1, [r2, #48]
 947:Drivers/STM32WBxx_HAL_Driver/Src/stm32wbxx_hal_tim_ex.c **** 
 2072              		.loc 1 947 7 is_stmt 1 view .LVU616
 947:Drivers/STM32WBxx_HAL_Driver/Src/stm32wbxx_hal_tim_ex.c **** 
 2073              		.loc 1 947 17 is_stmt 0 view .LVU617
 2074 0056 626A     		ldr	r2, [r4, #36]
 947:Drivers/STM32WBxx_HAL_Driver/Src/stm32wbxx_hal_tim_ex.c **** 
 2075              		.loc 1 947 53 view .LVU618
 2076 0058 5F49     		ldr	r1, .L189+8
 2077 005a 5163     		str	r1, [r2, #52]
 950:Drivers/STM32WBxx_HAL_Driver/Src/stm32wbxx_hal_tim_ex.c ****                            Length) != HAL_OK)
 2078              		.loc 1 950 7 is_stmt 1 view .LVU619
 950:Drivers/STM32WBxx_HAL_Driver/Src/stm32wbxx_hal_tim_ex.c ****                            Length) != HAL_OK)
 2079              		.loc 1 950 88 is_stmt 0 view .LVU620
 2080 005c 2268     		ldr	r2, [r4]
 950:Drivers/STM32WBxx_HAL_Driver/Src/stm32wbxx_hal_tim_ex.c ****                            Length) != HAL_OK)
 2081              		.loc 1 950 11 view .LVU621
 2082 005e 3432     		adds	r2, r2, #52
 2083 0060 3146     		mov	r1, r6
 2084 0062 606A     		ldr	r0, [r4, #36]
 2085 0064 FFF7FEFF 		bl	HAL_DMA_Start_IT
 2086              	.LVL136:
 950:Drivers/STM32WBxx_HAL_Driver/Src/stm32wbxx_hal_tim_ex.c ****                            Length) != HAL_OK)
 2087              		.loc 1 950 10 discriminator 1 view .LVU622
 2088 0068 0028     		cmp	r0, #0
 2089 006a 40F0A680 		bne	.L177
 957:Drivers/STM32WBxx_HAL_Driver/Src/stm32wbxx_hal_tim_ex.c ****       break;
 2090              		.loc 1 957 7 is_stmt 1 view .LVU623
 2091 006e 2268     		ldr	r2, [r4]
 2092 0070 D368     		ldr	r3, [r2, #12]
 2093 0072 43F40073 		orr	r3, r3, #512
 2094 0076 D360     		str	r3, [r2, #12]
 958:Drivers/STM32WBxx_HAL_Driver/Src/stm32wbxx_hal_tim_ex.c ****     }
 2095              		.loc 1 958 7 view .LVU624
1008:Drivers/STM32WBxx_HAL_Driver/Src/stm32wbxx_hal_tim_ex.c ****   {
 2096              		.loc 1 1008 3 view .LVU625
 2097              	.L169:
1011:Drivers/STM32WBxx_HAL_Driver/Src/stm32wbxx_hal_tim_ex.c **** 
 2098              		.loc 1 1011 5 view .LVU626
 2099 0078 0422     		movs	r2, #4
ARM GAS  /var/folders/98/ctz5mtps7w71v8dr53cf5qg40000gn/T//ccO5oMcB.s 			page 97


 2100 007a 2946     		mov	r1, r5
 2101 007c 2068     		ldr	r0, [r4]
 2102 007e FFF7FEFF 		bl	TIM_CCxNChannelCmd
 2103              	.LVL137:
1014:Drivers/STM32WBxx_HAL_Driver/Src/stm32wbxx_hal_tim_ex.c **** 
 2104              		.loc 1 1014 5 view .LVU627
 2105 0082 2268     		ldr	r2, [r4]
 2106 0084 536C     		ldr	r3, [r2, #68]
 2107 0086 43F40043 		orr	r3, r3, #32768
 2108 008a 5364     		str	r3, [r2, #68]
1017:Drivers/STM32WBxx_HAL_Driver/Src/stm32wbxx_hal_tim_ex.c ****     {
 2109              		.loc 1 1017 5 view .LVU628
1017:Drivers/STM32WBxx_HAL_Driver/Src/stm32wbxx_hal_tim_ex.c ****     {
 2110              		.loc 1 1017 9 is_stmt 0 view .LVU629
 2111 008c 2368     		ldr	r3, [r4]
1017:Drivers/STM32WBxx_HAL_Driver/Src/stm32wbxx_hal_tim_ex.c ****     {
 2112              		.loc 1 1017 8 view .LVU630
 2113 008e 534A     		ldr	r2, .L189+12
 2114 0090 9342     		cmp	r3, r2
 2115 0092 7CD0     		beq	.L170
1017:Drivers/STM32WBxx_HAL_Driver/Src/stm32wbxx_hal_tim_ex.c ****     {
 2116              		.loc 1 1017 9 discriminator 1 view .LVU631
 2117 0094 B3F1804F 		cmp	r3, #1073741824
 2118 0098 79D0     		beq	.L170
1027:Drivers/STM32WBxx_HAL_Driver/Src/stm32wbxx_hal_tim_ex.c ****     }
 2119              		.loc 1 1027 7 is_stmt 1 view .LVU632
 2120 009a 1A68     		ldr	r2, [r3]
 2121 009c 42F00102 		orr	r2, r2, #1
 2122 00a0 1A60     		str	r2, [r3]
 2123 00a2 0020     		movs	r0, #0
 2124 00a4 84E0     		b	.L158
 2125              	.LVL138:
 2126              	.L154:
 918:Drivers/STM32WBxx_HAL_Driver/Src/stm32wbxx_hal_tim_ex.c ****   {
 2127              		.loc 1 918 46 is_stmt 0 discriminator 2 view .LVU633
 2128 00a6 0429     		cmp	r1, #4
 2129 00a8 08D0     		beq	.L183
 918:Drivers/STM32WBxx_HAL_Driver/Src/stm32wbxx_hal_tim_ex.c ****   {
 2130              		.loc 1 918 46 discriminator 5 view .LVU634
 2131 00aa 0829     		cmp	r1, #8
 2132 00ac 0DD0     		beq	.L184
 918:Drivers/STM32WBxx_HAL_Driver/Src/stm32wbxx_hal_tim_ex.c ****   {
 2133              		.loc 1 918 7 discriminator 8 view .LVU635
 2134 00ae 90F84700 		ldrb	r0, [r0, #71]	@ zero_extendqisi2
 2135              	.LVL139:
 918:Drivers/STM32WBxx_HAL_Driver/Src/stm32wbxx_hal_tim_ex.c ****   {
 2136              		.loc 1 918 46 discriminator 8 view .LVU636
 2137 00b2 0228     		cmp	r0, #2
 2138 00b4 14BF     		ite	ne
 2139 00b6 0020     		movne	r0, #0
 2140 00b8 0120     		moveq	r0, #1
 2141 00ba ADE7     		b	.L155
 2142              	.LVL140:
 2143              	.L183:
 918:Drivers/STM32WBxx_HAL_Driver/Src/stm32wbxx_hal_tim_ex.c ****   {
 2144              		.loc 1 918 7 discriminator 4 view .LVU637
 2145 00bc 90F84500 		ldrb	r0, [r0, #69]	@ zero_extendqisi2
ARM GAS  /var/folders/98/ctz5mtps7w71v8dr53cf5qg40000gn/T//ccO5oMcB.s 			page 98


 2146              	.LVL141:
 918:Drivers/STM32WBxx_HAL_Driver/Src/stm32wbxx_hal_tim_ex.c ****   {
 2147              		.loc 1 918 46 discriminator 4 view .LVU638
 2148 00c0 0228     		cmp	r0, #2
 2149 00c2 14BF     		ite	ne
 2150 00c4 0020     		movne	r0, #0
 2151 00c6 0120     		moveq	r0, #1
 2152 00c8 A6E7     		b	.L155
 2153              	.LVL142:
 2154              	.L184:
 918:Drivers/STM32WBxx_HAL_Driver/Src/stm32wbxx_hal_tim_ex.c ****   {
 2155              		.loc 1 918 7 discriminator 7 view .LVU639
 2156 00ca 90F84600 		ldrb	r0, [r0, #70]	@ zero_extendqisi2
 2157              	.LVL143:
 918:Drivers/STM32WBxx_HAL_Driver/Src/stm32wbxx_hal_tim_ex.c ****   {
 2158              		.loc 1 918 46 discriminator 7 view .LVU640
 2159 00ce 0228     		cmp	r0, #2
 2160 00d0 14BF     		ite	ne
 2161 00d2 0020     		movne	r0, #0
 2162 00d4 0120     		moveq	r0, #1
 2163 00d6 9FE7     		b	.L155
 2164              	.L159:
 922:Drivers/STM32WBxx_HAL_Driver/Src/stm32wbxx_hal_tim_ex.c ****   {
 2165              		.loc 1 922 51 discriminator 2 view .LVU641
 2166 00d8 042D     		cmp	r5, #4
 2167 00da 08D0     		beq	.L185
 922:Drivers/STM32WBxx_HAL_Driver/Src/stm32wbxx_hal_tim_ex.c ****   {
 2168              		.loc 1 922 51 discriminator 5 view .LVU642
 2169 00dc 082D     		cmp	r5, #8
 2170 00de 0DD0     		beq	.L186
 922:Drivers/STM32WBxx_HAL_Driver/Src/stm32wbxx_hal_tim_ex.c ****   {
 2171              		.loc 1 922 12 discriminator 8 view .LVU643
 2172 00e0 94F84720 		ldrb	r2, [r4, #71]	@ zero_extendqisi2
 2173              	.LVL144:
 922:Drivers/STM32WBxx_HAL_Driver/Src/stm32wbxx_hal_tim_ex.c ****   {
 2174              		.loc 1 922 51 discriminator 8 view .LVU644
 2175 00e4 012A     		cmp	r2, #1
 2176 00e6 14BF     		ite	ne
 2177 00e8 0022     		movne	r2, #0
 2178 00ea 0122     		moveq	r2, #1
 2179 00ec 9FE7     		b	.L160
 2180              	.LVL145:
 2181              	.L185:
 922:Drivers/STM32WBxx_HAL_Driver/Src/stm32wbxx_hal_tim_ex.c ****   {
 2182              		.loc 1 922 12 discriminator 4 view .LVU645
 2183 00ee 94F84520 		ldrb	r2, [r4, #69]	@ zero_extendqisi2
 2184              	.LVL146:
 922:Drivers/STM32WBxx_HAL_Driver/Src/stm32wbxx_hal_tim_ex.c ****   {
 2185              		.loc 1 922 51 discriminator 4 view .LVU646
 2186 00f2 012A     		cmp	r2, #1
 2187 00f4 14BF     		ite	ne
 2188 00f6 0022     		movne	r2, #0
 2189 00f8 0122     		moveq	r2, #1
 2190 00fa 98E7     		b	.L160
 2191              	.LVL147:
 2192              	.L186:
 922:Drivers/STM32WBxx_HAL_Driver/Src/stm32wbxx_hal_tim_ex.c ****   {
ARM GAS  /var/folders/98/ctz5mtps7w71v8dr53cf5qg40000gn/T//ccO5oMcB.s 			page 99


 2193              		.loc 1 922 12 discriminator 7 view .LVU647
 2194 00fc 94F84620 		ldrb	r2, [r4, #70]	@ zero_extendqisi2
 2195              	.LVL148:
 922:Drivers/STM32WBxx_HAL_Driver/Src/stm32wbxx_hal_tim_ex.c ****   {
 2196              		.loc 1 922 51 discriminator 7 view .LVU648
 2197 0100 012A     		cmp	r2, #1
 2198 0102 14BF     		ite	ne
 2199 0104 0022     		movne	r2, #0
 2200 0106 0122     		moveq	r2, #1
 2201 0108 91E7     		b	.L160
 2202              	.L163:
 930:Drivers/STM32WBxx_HAL_Driver/Src/stm32wbxx_hal_tim_ex.c ****     }
 2203              		.loc 1 930 7 discriminator 2 view .LVU649
 2204 010a 042D     		cmp	r5, #4
 2205 010c 0CD0     		beq	.L187
 930:Drivers/STM32WBxx_HAL_Driver/Src/stm32wbxx_hal_tim_ex.c ****     }
 2206              		.loc 1 930 7 discriminator 4 view .LVU650
 2207 010e 082D     		cmp	r5, #8
 2208 0110 24D0     		beq	.L188
 930:Drivers/STM32WBxx_HAL_Driver/Src/stm32wbxx_hal_tim_ex.c ****     }
 2209              		.loc 1 930 7 discriminator 7 view .LVU651
 2210 0112 0222     		movs	r2, #2
 2211 0114 84F84720 		strb	r2, [r4, #71]
 938:Drivers/STM32WBxx_HAL_Driver/Src/stm32wbxx_hal_tim_ex.c ****   {
 2212              		.loc 1 938 3 is_stmt 1 view .LVU652
 2213 0118 042D     		cmp	r5, #4
 2214 011a 08D0     		beq	.L166
 2215 011c 082D     		cmp	r5, #8
 2216 011e 20D0     		beq	.L168
 2217 0120 002D     		cmp	r5, #0
 2218 0122 92D0     		beq	.L164
 2219 0124 0120     		movs	r0, #1
 2220 0126 43E0     		b	.L158
 2221              	.L187:
 930:Drivers/STM32WBxx_HAL_Driver/Src/stm32wbxx_hal_tim_ex.c ****     }
 2222              		.loc 1 930 7 is_stmt 0 discriminator 3 view .LVU653
 2223 0128 0222     		movs	r2, #2
 2224 012a 84F84520 		strb	r2, [r4, #69]
 938:Drivers/STM32WBxx_HAL_Driver/Src/stm32wbxx_hal_tim_ex.c ****   {
 2225              		.loc 1 938 3 is_stmt 1 view .LVU654
 2226              	.L166:
 964:Drivers/STM32WBxx_HAL_Driver/Src/stm32wbxx_hal_tim_ex.c ****       htim->hdma[TIM_DMA_ID_CC2]->XferHalfCpltCallback = TIM_DMADelayPulseHalfCplt;
 2227              		.loc 1 964 7 view .LVU655
 964:Drivers/STM32WBxx_HAL_Driver/Src/stm32wbxx_hal_tim_ex.c ****       htim->hdma[TIM_DMA_ID_CC2]->XferHalfCpltCallback = TIM_DMADelayPulseHalfCplt;
 2228              		.loc 1 964 17 is_stmt 0 view .LVU656
 2229 012e A26A     		ldr	r2, [r4, #40]
 964:Drivers/STM32WBxx_HAL_Driver/Src/stm32wbxx_hal_tim_ex.c ****       htim->hdma[TIM_DMA_ID_CC2]->XferHalfCpltCallback = TIM_DMADelayPulseHalfCplt;
 2230              		.loc 1 964 52 view .LVU657
 2231 0130 2749     		ldr	r1, .L189
 2232              	.LVL149:
 964:Drivers/STM32WBxx_HAL_Driver/Src/stm32wbxx_hal_tim_ex.c ****       htim->hdma[TIM_DMA_ID_CC2]->XferHalfCpltCallback = TIM_DMADelayPulseHalfCplt;
 2233              		.loc 1 964 52 view .LVU658
 2234 0132 D162     		str	r1, [r2, #44]
 965:Drivers/STM32WBxx_HAL_Driver/Src/stm32wbxx_hal_tim_ex.c **** 
 2235              		.loc 1 965 7 is_stmt 1 view .LVU659
 965:Drivers/STM32WBxx_HAL_Driver/Src/stm32wbxx_hal_tim_ex.c **** 
 2236              		.loc 1 965 17 is_stmt 0 view .LVU660
ARM GAS  /var/folders/98/ctz5mtps7w71v8dr53cf5qg40000gn/T//ccO5oMcB.s 			page 100


 2237 0134 A26A     		ldr	r2, [r4, #40]
 965:Drivers/STM32WBxx_HAL_Driver/Src/stm32wbxx_hal_tim_ex.c **** 
 2238              		.loc 1 965 56 view .LVU661
 2239 0136 2749     		ldr	r1, .L189+4
 2240 0138 1163     		str	r1, [r2, #48]
 968:Drivers/STM32WBxx_HAL_Driver/Src/stm32wbxx_hal_tim_ex.c **** 
 2241              		.loc 1 968 7 is_stmt 1 view .LVU662
 968:Drivers/STM32WBxx_HAL_Driver/Src/stm32wbxx_hal_tim_ex.c **** 
 2242              		.loc 1 968 17 is_stmt 0 view .LVU663
 2243 013a A26A     		ldr	r2, [r4, #40]
 968:Drivers/STM32WBxx_HAL_Driver/Src/stm32wbxx_hal_tim_ex.c **** 
 2244              		.loc 1 968 53 view .LVU664
 2245 013c 2649     		ldr	r1, .L189+8
 2246 013e 5163     		str	r1, [r2, #52]
 971:Drivers/STM32WBxx_HAL_Driver/Src/stm32wbxx_hal_tim_ex.c ****                            Length) != HAL_OK)
 2247              		.loc 1 971 7 is_stmt 1 view .LVU665
 971:Drivers/STM32WBxx_HAL_Driver/Src/stm32wbxx_hal_tim_ex.c ****                            Length) != HAL_OK)
 2248              		.loc 1 971 88 is_stmt 0 view .LVU666
 2249 0140 2268     		ldr	r2, [r4]
 971:Drivers/STM32WBxx_HAL_Driver/Src/stm32wbxx_hal_tim_ex.c ****                            Length) != HAL_OK)
 2250              		.loc 1 971 11 view .LVU667
 2251 0142 3832     		adds	r2, r2, #56
 2252 0144 3146     		mov	r1, r6
 2253 0146 A06A     		ldr	r0, [r4, #40]
 2254 0148 FFF7FEFF 		bl	HAL_DMA_Start_IT
 2255              	.LVL150:
 971:Drivers/STM32WBxx_HAL_Driver/Src/stm32wbxx_hal_tim_ex.c ****                            Length) != HAL_OK)
 2256              		.loc 1 971 10 discriminator 1 view .LVU668
 2257 014c 0028     		cmp	r0, #0
 2258 014e 36D1     		bne	.L178
 978:Drivers/STM32WBxx_HAL_Driver/Src/stm32wbxx_hal_tim_ex.c ****       break;
 2259              		.loc 1 978 7 is_stmt 1 view .LVU669
 2260 0150 2268     		ldr	r2, [r4]
 2261 0152 D368     		ldr	r3, [r2, #12]
 2262 0154 43F48063 		orr	r3, r3, #1024
 2263 0158 D360     		str	r3, [r2, #12]
 979:Drivers/STM32WBxx_HAL_Driver/Src/stm32wbxx_hal_tim_ex.c ****     }
 2264              		.loc 1 979 7 view .LVU670
1008:Drivers/STM32WBxx_HAL_Driver/Src/stm32wbxx_hal_tim_ex.c ****   {
 2265              		.loc 1 1008 3 view .LVU671
 2266 015a 8DE7     		b	.L169
 2267              	.LVL151:
 2268              	.L188:
 930:Drivers/STM32WBxx_HAL_Driver/Src/stm32wbxx_hal_tim_ex.c ****     }
 2269              		.loc 1 930 7 is_stmt 0 discriminator 6 view .LVU672
 2270 015c 0222     		movs	r2, #2
 2271 015e 84F84620 		strb	r2, [r4, #70]
 938:Drivers/STM32WBxx_HAL_Driver/Src/stm32wbxx_hal_tim_ex.c ****   {
 2272              		.loc 1 938 3 is_stmt 1 view .LVU673
 2273              	.L168:
 985:Drivers/STM32WBxx_HAL_Driver/Src/stm32wbxx_hal_tim_ex.c ****       htim->hdma[TIM_DMA_ID_CC3]->XferHalfCpltCallback = TIM_DMADelayPulseHalfCplt;
 2274              		.loc 1 985 7 view .LVU674
 985:Drivers/STM32WBxx_HAL_Driver/Src/stm32wbxx_hal_tim_ex.c ****       htim->hdma[TIM_DMA_ID_CC3]->XferHalfCpltCallback = TIM_DMADelayPulseHalfCplt;
 2275              		.loc 1 985 17 is_stmt 0 view .LVU675
 2276 0162 E26A     		ldr	r2, [r4, #44]
 985:Drivers/STM32WBxx_HAL_Driver/Src/stm32wbxx_hal_tim_ex.c ****       htim->hdma[TIM_DMA_ID_CC3]->XferHalfCpltCallback = TIM_DMADelayPulseHalfCplt;
 2277              		.loc 1 985 52 view .LVU676
ARM GAS  /var/folders/98/ctz5mtps7w71v8dr53cf5qg40000gn/T//ccO5oMcB.s 			page 101


 2278 0164 1A49     		ldr	r1, .L189
 2279              	.LVL152:
 985:Drivers/STM32WBxx_HAL_Driver/Src/stm32wbxx_hal_tim_ex.c ****       htim->hdma[TIM_DMA_ID_CC3]->XferHalfCpltCallback = TIM_DMADelayPulseHalfCplt;
 2280              		.loc 1 985 52 view .LVU677
 2281 0166 D162     		str	r1, [r2, #44]
 986:Drivers/STM32WBxx_HAL_Driver/Src/stm32wbxx_hal_tim_ex.c **** 
 2282              		.loc 1 986 7 is_stmt 1 view .LVU678
 986:Drivers/STM32WBxx_HAL_Driver/Src/stm32wbxx_hal_tim_ex.c **** 
 2283              		.loc 1 986 17 is_stmt 0 view .LVU679
 2284 0168 E26A     		ldr	r2, [r4, #44]
 986:Drivers/STM32WBxx_HAL_Driver/Src/stm32wbxx_hal_tim_ex.c **** 
 2285              		.loc 1 986 56 view .LVU680
 2286 016a 1A49     		ldr	r1, .L189+4
 2287 016c 1163     		str	r1, [r2, #48]
 989:Drivers/STM32WBxx_HAL_Driver/Src/stm32wbxx_hal_tim_ex.c **** 
 2288              		.loc 1 989 7 is_stmt 1 view .LVU681
 989:Drivers/STM32WBxx_HAL_Driver/Src/stm32wbxx_hal_tim_ex.c **** 
 2289              		.loc 1 989 17 is_stmt 0 view .LVU682
 2290 016e E26A     		ldr	r2, [r4, #44]
 989:Drivers/STM32WBxx_HAL_Driver/Src/stm32wbxx_hal_tim_ex.c **** 
 2291              		.loc 1 989 53 view .LVU683
 2292 0170 1949     		ldr	r1, .L189+8
 2293 0172 5163     		str	r1, [r2, #52]
 992:Drivers/STM32WBxx_HAL_Driver/Src/stm32wbxx_hal_tim_ex.c ****                            Length) != HAL_OK)
 2294              		.loc 1 992 7 is_stmt 1 view .LVU684
 992:Drivers/STM32WBxx_HAL_Driver/Src/stm32wbxx_hal_tim_ex.c ****                            Length) != HAL_OK)
 2295              		.loc 1 992 88 is_stmt 0 view .LVU685
 2296 0174 2268     		ldr	r2, [r4]
 992:Drivers/STM32WBxx_HAL_Driver/Src/stm32wbxx_hal_tim_ex.c ****                            Length) != HAL_OK)
 2297              		.loc 1 992 11 view .LVU686
 2298 0176 3C32     		adds	r2, r2, #60
 2299 0178 3146     		mov	r1, r6
 2300 017a E06A     		ldr	r0, [r4, #44]
 2301 017c FFF7FEFF 		bl	HAL_DMA_Start_IT
 2302              	.LVL153:
 992:Drivers/STM32WBxx_HAL_Driver/Src/stm32wbxx_hal_tim_ex.c ****                            Length) != HAL_OK)
 2303              		.loc 1 992 10 discriminator 1 view .LVU687
 2304 0180 F8B9     		cbnz	r0, .L179
 999:Drivers/STM32WBxx_HAL_Driver/Src/stm32wbxx_hal_tim_ex.c ****       break;
 2305              		.loc 1 999 7 is_stmt 1 view .LVU688
 2306 0182 2268     		ldr	r2, [r4]
 2307 0184 D368     		ldr	r3, [r2, #12]
 2308 0186 43F40063 		orr	r3, r3, #2048
 2309 018a D360     		str	r3, [r2, #12]
1000:Drivers/STM32WBxx_HAL_Driver/Src/stm32wbxx_hal_tim_ex.c ****     }
 2310              		.loc 1 1000 7 view .LVU689
1008:Drivers/STM32WBxx_HAL_Driver/Src/stm32wbxx_hal_tim_ex.c ****   {
 2311              		.loc 1 1008 3 view .LVU690
 2312 018c 74E7     		b	.L169
 2313              	.L170:
1019:Drivers/STM32WBxx_HAL_Driver/Src/stm32wbxx_hal_tim_ex.c ****       if (!IS_TIM_SLAVEMODE_TRIGGER_ENABLED(tmpsmcr))
 2314              		.loc 1 1019 7 view .LVU691
1019:Drivers/STM32WBxx_HAL_Driver/Src/stm32wbxx_hal_tim_ex.c ****       if (!IS_TIM_SLAVEMODE_TRIGGER_ENABLED(tmpsmcr))
 2315              		.loc 1 1019 31 is_stmt 0 view .LVU692
 2316 018e 9968     		ldr	r1, [r3, #8]
1019:Drivers/STM32WBxx_HAL_Driver/Src/stm32wbxx_hal_tim_ex.c ****       if (!IS_TIM_SLAVEMODE_TRIGGER_ENABLED(tmpsmcr))
 2317              		.loc 1 1019 15 view .LVU693
ARM GAS  /var/folders/98/ctz5mtps7w71v8dr53cf5qg40000gn/T//ccO5oMcB.s 			page 102


 2318 0190 134A     		ldr	r2, .L189+16
 2319 0192 0A40     		ands	r2, r2, r1
 2320              	.LVL154:
1020:Drivers/STM32WBxx_HAL_Driver/Src/stm32wbxx_hal_tim_ex.c ****       {
 2321              		.loc 1 1020 7 is_stmt 1 view .LVU694
1020:Drivers/STM32WBxx_HAL_Driver/Src/stm32wbxx_hal_tim_ex.c ****       {
 2322              		.loc 1 1020 10 is_stmt 0 view .LVU695
 2323 0194 062A     		cmp	r2, #6
 2324 0196 16D0     		beq	.L180
1020:Drivers/STM32WBxx_HAL_Driver/Src/stm32wbxx_hal_tim_ex.c ****       {
 2325              		.loc 1 1020 11 discriminator 1 view .LVU696
 2326 0198 B2F5803F 		cmp	r2, #65536
 2327 019c 15D0     		beq	.L181
1022:Drivers/STM32WBxx_HAL_Driver/Src/stm32wbxx_hal_tim_ex.c ****       }
 2328              		.loc 1 1022 9 is_stmt 1 view .LVU697
 2329 019e 1A68     		ldr	r2, [r3]
 2330              	.LVL155:
1022:Drivers/STM32WBxx_HAL_Driver/Src/stm32wbxx_hal_tim_ex.c ****       }
 2331              		.loc 1 1022 9 is_stmt 0 view .LVU698
 2332 01a0 42F00102 		orr	r2, r2, #1
 2333 01a4 1A60     		str	r2, [r3]
 2334 01a6 0020     		movs	r0, #0
 2335 01a8 02E0     		b	.L158
 2336              	.LVL156:
 2337              	.L172:
 920:Drivers/STM32WBxx_HAL_Driver/Src/stm32wbxx_hal_tim_ex.c ****   }
 2338              		.loc 1 920 12 view .LVU699
 2339 01aa 0220     		movs	r0, #2
 2340 01ac 00E0     		b	.L158
 2341              	.LVL157:
 2342              	.L173:
 935:Drivers/STM32WBxx_HAL_Driver/Src/stm32wbxx_hal_tim_ex.c ****   }
 2343              		.loc 1 935 12 view .LVU700
 2344 01ae 0120     		movs	r0, #1
 2345              	.LVL158:
 2346              	.L158:
1033:Drivers/STM32WBxx_HAL_Driver/Src/stm32wbxx_hal_tim_ex.c **** 
 2347              		.loc 1 1033 1 view .LVU701
 2348 01b0 70BD     		pop	{r4, r5, r6, pc}
 2349              	.LVL159:
 2350              	.L174:
 926:Drivers/STM32WBxx_HAL_Driver/Src/stm32wbxx_hal_tim_ex.c ****     }
 2351              		.loc 1 926 14 view .LVU702
 2352 01b2 0120     		movs	r0, #1
 2353 01b4 FCE7     		b	.L158
 2354              	.L175:
 2355 01b6 0120     		movs	r0, #1
 2356 01b8 FAE7     		b	.L158
 2357              	.LVL160:
 2358              	.L177:
 954:Drivers/STM32WBxx_HAL_Driver/Src/stm32wbxx_hal_tim_ex.c ****       }
 2359              		.loc 1 954 16 view .LVU703
 2360 01ba 0120     		movs	r0, #1
 2361 01bc F8E7     		b	.L158
 2362              	.L178:
 975:Drivers/STM32WBxx_HAL_Driver/Src/stm32wbxx_hal_tim_ex.c ****       }
 2363              		.loc 1 975 16 view .LVU704
ARM GAS  /var/folders/98/ctz5mtps7w71v8dr53cf5qg40000gn/T//ccO5oMcB.s 			page 103


 2364 01be 0120     		movs	r0, #1
 2365 01c0 F6E7     		b	.L158
 2366              	.L179:
 996:Drivers/STM32WBxx_HAL_Driver/Src/stm32wbxx_hal_tim_ex.c ****       }
 2367              		.loc 1 996 16 view .LVU705
 2368 01c2 0120     		movs	r0, #1
 2369 01c4 F4E7     		b	.L158
 2370              	.LVL161:
 2371              	.L180:
 996:Drivers/STM32WBxx_HAL_Driver/Src/stm32wbxx_hal_tim_ex.c ****       }
 2372              		.loc 1 996 16 view .LVU706
 2373 01c6 0020     		movs	r0, #0
 2374 01c8 F2E7     		b	.L158
 2375              	.L181:
 2376 01ca 0020     		movs	r0, #0
 2377 01cc F0E7     		b	.L158
 2378              	.L190:
 2379 01ce 00BF     		.align	2
 2380              	.L189:
 2381 01d0 00000000 		.word	TIM_DMADelayPulseNCplt
 2382 01d4 00000000 		.word	TIM_DMADelayPulseHalfCplt
 2383 01d8 00000000 		.word	TIM_DMAErrorCCxN
 2384 01dc 002C0140 		.word	1073818624
 2385 01e0 07000100 		.word	65543
 2386              		.cfi_endproc
 2387              	.LFE964:
 2389              		.section	.text.HAL_TIMEx_OCN_Stop_DMA,"ax",%progbits
 2390              		.align	1
 2391              		.global	HAL_TIMEx_OCN_Stop_DMA
 2392              		.syntax unified
 2393              		.thumb
 2394              		.thumb_func
 2396              	HAL_TIMEx_OCN_Stop_DMA:
 2397              	.LVL162:
 2398              	.LFB965:
1047:Drivers/STM32WBxx_HAL_Driver/Src/stm32wbxx_hal_tim_ex.c ****   HAL_StatusTypeDef status = HAL_OK;
 2399              		.loc 1 1047 1 is_stmt 1 view -0
 2400              		.cfi_startproc
 2401              		@ args = 0, pretend = 0, frame = 0
 2402              		@ frame_needed = 0, uses_anonymous_args = 0
1047:Drivers/STM32WBxx_HAL_Driver/Src/stm32wbxx_hal_tim_ex.c ****   HAL_StatusTypeDef status = HAL_OK;
 2403              		.loc 1 1047 1 is_stmt 0 view .LVU708
 2404 0000 38B5     		push	{r3, r4, r5, lr}
 2405              	.LCFI19:
 2406              		.cfi_def_cfa_offset 16
 2407              		.cfi_offset 3, -16
 2408              		.cfi_offset 4, -12
 2409              		.cfi_offset 5, -8
 2410              		.cfi_offset 14, -4
 2411 0002 0446     		mov	r4, r0
 2412 0004 0D46     		mov	r5, r1
1048:Drivers/STM32WBxx_HAL_Driver/Src/stm32wbxx_hal_tim_ex.c **** 
 2413              		.loc 1 1048 3 is_stmt 1 view .LVU709
 2414              	.LVL163:
1051:Drivers/STM32WBxx_HAL_Driver/Src/stm32wbxx_hal_tim_ex.c **** 
 2415              		.loc 1 1051 3 view .LVU710
1053:Drivers/STM32WBxx_HAL_Driver/Src/stm32wbxx_hal_tim_ex.c ****   {
ARM GAS  /var/folders/98/ctz5mtps7w71v8dr53cf5qg40000gn/T//ccO5oMcB.s 			page 104


 2416              		.loc 1 1053 3 view .LVU711
 2417 0006 0429     		cmp	r1, #4
 2418 0008 36D0     		beq	.L192
 2419 000a 0829     		cmp	r1, #8
 2420 000c 3DD0     		beq	.L193
 2421 000e 0029     		cmp	r1, #0
 2422 0010 57D1     		bne	.L201
1058:Drivers/STM32WBxx_HAL_Driver/Src/stm32wbxx_hal_tim_ex.c ****       (void)HAL_DMA_Abort_IT(htim->hdma[TIM_DMA_ID_CC1]);
 2423              		.loc 1 1058 7 view .LVU712
 2424 0012 0268     		ldr	r2, [r0]
 2425 0014 D368     		ldr	r3, [r2, #12]
 2426 0016 23F40073 		bic	r3, r3, #512
 2427 001a D360     		str	r3, [r2, #12]
1059:Drivers/STM32WBxx_HAL_Driver/Src/stm32wbxx_hal_tim_ex.c ****       break;
 2428              		.loc 1 1059 7 view .LVU713
1059:Drivers/STM32WBxx_HAL_Driver/Src/stm32wbxx_hal_tim_ex.c ****       break;
 2429              		.loc 1 1059 13 is_stmt 0 view .LVU714
 2430 001c 406A     		ldr	r0, [r0, #36]
 2431              	.LVL164:
1059:Drivers/STM32WBxx_HAL_Driver/Src/stm32wbxx_hal_tim_ex.c ****       break;
 2432              		.loc 1 1059 13 view .LVU715
 2433 001e FFF7FEFF 		bl	HAL_DMA_Abort_IT
 2434              	.LVL165:
1060:Drivers/STM32WBxx_HAL_Driver/Src/stm32wbxx_hal_tim_ex.c ****     }
 2435              		.loc 1 1060 7 is_stmt 1 view .LVU716
1084:Drivers/STM32WBxx_HAL_Driver/Src/stm32wbxx_hal_tim_ex.c ****   {
 2436              		.loc 1 1084 3 view .LVU717
 2437              	.L195:
1087:Drivers/STM32WBxx_HAL_Driver/Src/stm32wbxx_hal_tim_ex.c **** 
 2438              		.loc 1 1087 5 view .LVU718
 2439 0022 0022     		movs	r2, #0
 2440 0024 2946     		mov	r1, r5
 2441 0026 2068     		ldr	r0, [r4]
 2442 0028 FFF7FEFF 		bl	TIM_CCxNChannelCmd
 2443              	.LVL166:
1090:Drivers/STM32WBxx_HAL_Driver/Src/stm32wbxx_hal_tim_ex.c **** 
 2444              		.loc 1 1090 5 view .LVU719
1090:Drivers/STM32WBxx_HAL_Driver/Src/stm32wbxx_hal_tim_ex.c **** 
 2445              		.loc 1 1090 5 view .LVU720
 2446 002c 2268     		ldr	r2, [r4]
 2447 002e 136A     		ldr	r3, [r2, #32]
 2448 0030 03F01133 		and	r3, r3, #286331153
 2449 0034 23F08853 		bic	r3, r3, #285212672
 2450 0038 43B9     		cbnz	r3, .L196
1090:Drivers/STM32WBxx_HAL_Driver/Src/stm32wbxx_hal_tim_ex.c **** 
 2451              		.loc 1 1090 5 discriminator 1 view .LVU721
 2452 003a 116A     		ldr	r1, [r2, #32]
 2453 003c 40F24443 		movw	r3, #1092
 2454 0040 1942     		tst	r1, r3
 2455 0042 03D1     		bne	.L196
1090:Drivers/STM32WBxx_HAL_Driver/Src/stm32wbxx_hal_tim_ex.c **** 
 2456              		.loc 1 1090 5 discriminator 3 view .LVU722
 2457 0044 536C     		ldr	r3, [r2, #68]
 2458 0046 23F40043 		bic	r3, r3, #32768
 2459 004a 5364     		str	r3, [r2, #68]
 2460              	.L196:
1090:Drivers/STM32WBxx_HAL_Driver/Src/stm32wbxx_hal_tim_ex.c **** 
ARM GAS  /var/folders/98/ctz5mtps7w71v8dr53cf5qg40000gn/T//ccO5oMcB.s 			page 105


 2461              		.loc 1 1090 5 discriminator 5 view .LVU723
1093:Drivers/STM32WBxx_HAL_Driver/Src/stm32wbxx_hal_tim_ex.c **** 
 2462              		.loc 1 1093 5 view .LVU724
1093:Drivers/STM32WBxx_HAL_Driver/Src/stm32wbxx_hal_tim_ex.c **** 
 2463              		.loc 1 1093 5 view .LVU725
 2464 004c 2268     		ldr	r2, [r4]
 2465 004e 136A     		ldr	r3, [r2, #32]
 2466 0050 03F01133 		and	r3, r3, #286331153
 2467 0054 23F08853 		bic	r3, r3, #285212672
 2468 0058 43B9     		cbnz	r3, .L197
1093:Drivers/STM32WBxx_HAL_Driver/Src/stm32wbxx_hal_tim_ex.c **** 
 2469              		.loc 1 1093 5 discriminator 1 view .LVU726
 2470 005a 116A     		ldr	r1, [r2, #32]
 2471 005c 40F24443 		movw	r3, #1092
 2472 0060 1942     		tst	r1, r3
 2473 0062 03D1     		bne	.L197
1093:Drivers/STM32WBxx_HAL_Driver/Src/stm32wbxx_hal_tim_ex.c **** 
 2474              		.loc 1 1093 5 discriminator 3 view .LVU727
 2475 0064 1368     		ldr	r3, [r2]
 2476 0066 23F00103 		bic	r3, r3, #1
 2477 006a 1360     		str	r3, [r2]
 2478              	.L197:
1093:Drivers/STM32WBxx_HAL_Driver/Src/stm32wbxx_hal_tim_ex.c **** 
 2479              		.loc 1 1093 5 discriminator 5 view .LVU728
1096:Drivers/STM32WBxx_HAL_Driver/Src/stm32wbxx_hal_tim_ex.c ****   }
 2480              		.loc 1 1096 5 view .LVU729
 2481 006c B5B9     		cbnz	r5, .L198
1096:Drivers/STM32WBxx_HAL_Driver/Src/stm32wbxx_hal_tim_ex.c ****   }
 2482              		.loc 1 1096 5 is_stmt 0 discriminator 1 view .LVU730
 2483 006e 0123     		movs	r3, #1
 2484 0070 84F84430 		strb	r3, [r4, #68]
 2485 0074 0020     		movs	r0, #0
 2486              	.L194:
 2487              	.LVL167:
1100:Drivers/STM32WBxx_HAL_Driver/Src/stm32wbxx_hal_tim_ex.c **** }
 2488              		.loc 1 1100 3 is_stmt 1 view .LVU731
1101:Drivers/STM32WBxx_HAL_Driver/Src/stm32wbxx_hal_tim_ex.c **** 
 2489              		.loc 1 1101 1 is_stmt 0 view .LVU732
 2490 0076 38BD     		pop	{r3, r4, r5, pc}
 2491              	.LVL168:
 2492              	.L192:
1066:Drivers/STM32WBxx_HAL_Driver/Src/stm32wbxx_hal_tim_ex.c ****       (void)HAL_DMA_Abort_IT(htim->hdma[TIM_DMA_ID_CC2]);
 2493              		.loc 1 1066 7 is_stmt 1 view .LVU733
 2494 0078 0268     		ldr	r2, [r0]
 2495 007a D368     		ldr	r3, [r2, #12]
 2496 007c 23F48063 		bic	r3, r3, #1024
 2497 0080 D360     		str	r3, [r2, #12]
1067:Drivers/STM32WBxx_HAL_Driver/Src/stm32wbxx_hal_tim_ex.c ****       break;
 2498              		.loc 1 1067 7 view .LVU734
1067:Drivers/STM32WBxx_HAL_Driver/Src/stm32wbxx_hal_tim_ex.c ****       break;
 2499              		.loc 1 1067 13 is_stmt 0 view .LVU735
 2500 0082 806A     		ldr	r0, [r0, #40]
 2501              	.LVL169:
1067:Drivers/STM32WBxx_HAL_Driver/Src/stm32wbxx_hal_tim_ex.c ****       break;
 2502              		.loc 1 1067 13 view .LVU736
 2503 0084 FFF7FEFF 		bl	HAL_DMA_Abort_IT
 2504              	.LVL170:
ARM GAS  /var/folders/98/ctz5mtps7w71v8dr53cf5qg40000gn/T//ccO5oMcB.s 			page 106


1068:Drivers/STM32WBxx_HAL_Driver/Src/stm32wbxx_hal_tim_ex.c ****     }
 2505              		.loc 1 1068 7 is_stmt 1 view .LVU737
1084:Drivers/STM32WBxx_HAL_Driver/Src/stm32wbxx_hal_tim_ex.c ****   {
 2506              		.loc 1 1084 3 view .LVU738
 2507 0088 CBE7     		b	.L195
 2508              	.LVL171:
 2509              	.L193:
1074:Drivers/STM32WBxx_HAL_Driver/Src/stm32wbxx_hal_tim_ex.c ****       (void)HAL_DMA_Abort_IT(htim->hdma[TIM_DMA_ID_CC3]);
 2510              		.loc 1 1074 7 view .LVU739
 2511 008a 0268     		ldr	r2, [r0]
 2512 008c D368     		ldr	r3, [r2, #12]
 2513 008e 23F40063 		bic	r3, r3, #2048
 2514 0092 D360     		str	r3, [r2, #12]
1075:Drivers/STM32WBxx_HAL_Driver/Src/stm32wbxx_hal_tim_ex.c ****       break;
 2515              		.loc 1 1075 7 view .LVU740
1075:Drivers/STM32WBxx_HAL_Driver/Src/stm32wbxx_hal_tim_ex.c ****       break;
 2516              		.loc 1 1075 13 is_stmt 0 view .LVU741
 2517 0094 C06A     		ldr	r0, [r0, #44]
 2518              	.LVL172:
1075:Drivers/STM32WBxx_HAL_Driver/Src/stm32wbxx_hal_tim_ex.c ****       break;
 2519              		.loc 1 1075 13 view .LVU742
 2520 0096 FFF7FEFF 		bl	HAL_DMA_Abort_IT
 2521              	.LVL173:
1076:Drivers/STM32WBxx_HAL_Driver/Src/stm32wbxx_hal_tim_ex.c ****     }
 2522              		.loc 1 1076 7 is_stmt 1 view .LVU743
1084:Drivers/STM32WBxx_HAL_Driver/Src/stm32wbxx_hal_tim_ex.c ****   {
 2523              		.loc 1 1084 3 view .LVU744
 2524 009a C2E7     		b	.L195
 2525              	.L198:
1096:Drivers/STM32WBxx_HAL_Driver/Src/stm32wbxx_hal_tim_ex.c ****   }
 2526              		.loc 1 1096 5 is_stmt 0 discriminator 2 view .LVU745
 2527 009c 042D     		cmp	r5, #4
 2528 009e 06D0     		beq	.L203
1096:Drivers/STM32WBxx_HAL_Driver/Src/stm32wbxx_hal_tim_ex.c ****   }
 2529              		.loc 1 1096 5 discriminator 4 view .LVU746
 2530 00a0 082D     		cmp	r5, #8
 2531 00a2 09D0     		beq	.L204
1096:Drivers/STM32WBxx_HAL_Driver/Src/stm32wbxx_hal_tim_ex.c ****   }
 2532              		.loc 1 1096 5 discriminator 7 view .LVU747
 2533 00a4 0123     		movs	r3, #1
 2534 00a6 84F84730 		strb	r3, [r4, #71]
 2535 00aa 0020     		movs	r0, #0
 2536 00ac E3E7     		b	.L194
 2537              	.L203:
1096:Drivers/STM32WBxx_HAL_Driver/Src/stm32wbxx_hal_tim_ex.c ****   }
 2538              		.loc 1 1096 5 discriminator 3 view .LVU748
 2539 00ae 0123     		movs	r3, #1
 2540 00b0 84F84530 		strb	r3, [r4, #69]
 2541 00b4 0020     		movs	r0, #0
 2542 00b6 DEE7     		b	.L194
 2543              	.L204:
1096:Drivers/STM32WBxx_HAL_Driver/Src/stm32wbxx_hal_tim_ex.c ****   }
 2544              		.loc 1 1096 5 discriminator 6 view .LVU749
 2545 00b8 0123     		movs	r3, #1
 2546 00ba 84F84630 		strb	r3, [r4, #70]
 2547 00be 0020     		movs	r0, #0
 2548 00c0 D9E7     		b	.L194
ARM GAS  /var/folders/98/ctz5mtps7w71v8dr53cf5qg40000gn/T//ccO5oMcB.s 			page 107


 2549              	.LVL174:
 2550              	.L201:
1053:Drivers/STM32WBxx_HAL_Driver/Src/stm32wbxx_hal_tim_ex.c ****   {
 2551              		.loc 1 1053 3 view .LVU750
 2552 00c2 0120     		movs	r0, #1
 2553              	.LVL175:
1053:Drivers/STM32WBxx_HAL_Driver/Src/stm32wbxx_hal_tim_ex.c ****   {
 2554              		.loc 1 1053 3 view .LVU751
 2555 00c4 D7E7     		b	.L194
 2556              		.cfi_endproc
 2557              	.LFE965:
 2559              		.section	.text.HAL_TIMEx_PWMN_Start,"ax",%progbits
 2560              		.align	1
 2561              		.global	HAL_TIMEx_PWMN_Start
 2562              		.syntax unified
 2563              		.thumb
 2564              		.thumb_func
 2566              	HAL_TIMEx_PWMN_Start:
 2567              	.LVL176:
 2568              	.LFB966:
1137:Drivers/STM32WBxx_HAL_Driver/Src/stm32wbxx_hal_tim_ex.c ****   uint32_t tmpsmcr;
 2569              		.loc 1 1137 1 is_stmt 1 view -0
 2570              		.cfi_startproc
 2571              		@ args = 0, pretend = 0, frame = 0
 2572              		@ frame_needed = 0, uses_anonymous_args = 0
1137:Drivers/STM32WBxx_HAL_Driver/Src/stm32wbxx_hal_tim_ex.c ****   uint32_t tmpsmcr;
 2573              		.loc 1 1137 1 is_stmt 0 view .LVU753
 2574 0000 10B5     		push	{r4, lr}
 2575              	.LCFI20:
 2576              		.cfi_def_cfa_offset 8
 2577              		.cfi_offset 4, -8
 2578              		.cfi_offset 14, -4
 2579 0002 0446     		mov	r4, r0
1138:Drivers/STM32WBxx_HAL_Driver/Src/stm32wbxx_hal_tim_ex.c **** 
 2580              		.loc 1 1138 3 is_stmt 1 view .LVU754
1141:Drivers/STM32WBxx_HAL_Driver/Src/stm32wbxx_hal_tim_ex.c **** 
 2581              		.loc 1 1141 3 view .LVU755
1144:Drivers/STM32WBxx_HAL_Driver/Src/stm32wbxx_hal_tim_ex.c ****   {
 2582              		.loc 1 1144 3 view .LVU756
1144:Drivers/STM32WBxx_HAL_Driver/Src/stm32wbxx_hal_tim_ex.c ****   {
 2583              		.loc 1 1144 46 is_stmt 0 view .LVU757
 2584 0004 0846     		mov	r0, r1
 2585              	.LVL177:
1144:Drivers/STM32WBxx_HAL_Driver/Src/stm32wbxx_hal_tim_ex.c ****   {
 2586              		.loc 1 1144 46 view .LVU758
 2587 0006 09BB     		cbnz	r1, .L206
1144:Drivers/STM32WBxx_HAL_Driver/Src/stm32wbxx_hal_tim_ex.c ****   {
 2588              		.loc 1 1144 7 discriminator 1 view .LVU759
 2589 0008 94F84430 		ldrb	r3, [r4, #68]	@ zero_extendqisi2
1144:Drivers/STM32WBxx_HAL_Driver/Src/stm32wbxx_hal_tim_ex.c ****   {
 2590              		.loc 1 1144 46 discriminator 1 view .LVU760
 2591 000c 013B     		subs	r3, r3, #1
 2592 000e 18BF     		it	ne
 2593 0010 0123     		movne	r3, #1
 2594              	.L207:
1144:Drivers/STM32WBxx_HAL_Driver/Src/stm32wbxx_hal_tim_ex.c ****   {
 2595              		.loc 1 1144 6 discriminator 12 view .LVU761
ARM GAS  /var/folders/98/ctz5mtps7w71v8dr53cf5qg40000gn/T//ccO5oMcB.s 			page 108


 2596 0012 002B     		cmp	r3, #0
 2597 0014 4ED1     		bne	.L217
1150:Drivers/STM32WBxx_HAL_Driver/Src/stm32wbxx_hal_tim_ex.c **** 
 2598              		.loc 1 1150 3 is_stmt 1 view .LVU762
 2599 0016 78BB     		cbnz	r0, .L211
1150:Drivers/STM32WBxx_HAL_Driver/Src/stm32wbxx_hal_tim_ex.c **** 
 2600              		.loc 1 1150 3 is_stmt 0 discriminator 1 view .LVU763
 2601 0018 0223     		movs	r3, #2
 2602 001a 84F84430 		strb	r3, [r4, #68]
 2603              	.L212:
1153:Drivers/STM32WBxx_HAL_Driver/Src/stm32wbxx_hal_tim_ex.c **** 
 2604              		.loc 1 1153 3 is_stmt 1 view .LVU764
 2605 001e 0422     		movs	r2, #4
 2606 0020 0146     		mov	r1, r0
 2607              	.LVL178:
1153:Drivers/STM32WBxx_HAL_Driver/Src/stm32wbxx_hal_tim_ex.c **** 
 2608              		.loc 1 1153 3 is_stmt 0 view .LVU765
 2609 0022 2068     		ldr	r0, [r4]
 2610              	.LVL179:
1153:Drivers/STM32WBxx_HAL_Driver/Src/stm32wbxx_hal_tim_ex.c **** 
 2611              		.loc 1 1153 3 view .LVU766
 2612 0024 FFF7FEFF 		bl	TIM_CCxNChannelCmd
 2613              	.LVL180:
1156:Drivers/STM32WBxx_HAL_Driver/Src/stm32wbxx_hal_tim_ex.c **** 
 2614              		.loc 1 1156 3 is_stmt 1 view .LVU767
 2615 0028 2268     		ldr	r2, [r4]
 2616 002a 536C     		ldr	r3, [r2, #68]
 2617 002c 43F40043 		orr	r3, r3, #32768
 2618 0030 5364     		str	r3, [r2, #68]
1159:Drivers/STM32WBxx_HAL_Driver/Src/stm32wbxx_hal_tim_ex.c ****   {
 2619              		.loc 1 1159 3 view .LVU768
1159:Drivers/STM32WBxx_HAL_Driver/Src/stm32wbxx_hal_tim_ex.c ****   {
 2620              		.loc 1 1159 7 is_stmt 0 view .LVU769
 2621 0032 2368     		ldr	r3, [r4]
1159:Drivers/STM32WBxx_HAL_Driver/Src/stm32wbxx_hal_tim_ex.c ****   {
 2622              		.loc 1 1159 6 view .LVU770
 2623 0034 224A     		ldr	r2, .L225
 2624 0036 9342     		cmp	r3, r2
 2625 0038 2ED0     		beq	.L215
1159:Drivers/STM32WBxx_HAL_Driver/Src/stm32wbxx_hal_tim_ex.c ****   {
 2626              		.loc 1 1159 7 discriminator 1 view .LVU771
 2627 003a B3F1804F 		cmp	r3, #1073741824
 2628 003e 2BD0     		beq	.L215
1169:Drivers/STM32WBxx_HAL_Driver/Src/stm32wbxx_hal_tim_ex.c ****   }
 2629              		.loc 1 1169 5 is_stmt 1 view .LVU772
 2630 0040 1A68     		ldr	r2, [r3]
 2631 0042 42F00102 		orr	r2, r2, #1
 2632 0046 1A60     		str	r2, [r3]
1173:Drivers/STM32WBxx_HAL_Driver/Src/stm32wbxx_hal_tim_ex.c **** }
 2633              		.loc 1 1173 10 is_stmt 0 view .LVU773
 2634 0048 0020     		movs	r0, #0
 2635 004a 34E0     		b	.L210
 2636              	.LVL181:
 2637              	.L206:
1144:Drivers/STM32WBxx_HAL_Driver/Src/stm32wbxx_hal_tim_ex.c ****   {
 2638              		.loc 1 1144 46 discriminator 2 view .LVU774
 2639 004c 0429     		cmp	r1, #4
ARM GAS  /var/folders/98/ctz5mtps7w71v8dr53cf5qg40000gn/T//ccO5oMcB.s 			page 109


 2640 004e 07D0     		beq	.L221
1144:Drivers/STM32WBxx_HAL_Driver/Src/stm32wbxx_hal_tim_ex.c ****   {
 2641              		.loc 1 1144 46 discriminator 5 view .LVU775
 2642 0050 0829     		cmp	r1, #8
 2643 0052 0BD0     		beq	.L222
1144:Drivers/STM32WBxx_HAL_Driver/Src/stm32wbxx_hal_tim_ex.c ****   {
 2644              		.loc 1 1144 7 discriminator 8 view .LVU776
 2645 0054 94F84730 		ldrb	r3, [r4, #71]	@ zero_extendqisi2
1144:Drivers/STM32WBxx_HAL_Driver/Src/stm32wbxx_hal_tim_ex.c ****   {
 2646              		.loc 1 1144 46 discriminator 8 view .LVU777
 2647 0058 013B     		subs	r3, r3, #1
 2648 005a 18BF     		it	ne
 2649 005c 0123     		movne	r3, #1
 2650 005e D8E7     		b	.L207
 2651              	.L221:
1144:Drivers/STM32WBxx_HAL_Driver/Src/stm32wbxx_hal_tim_ex.c ****   {
 2652              		.loc 1 1144 7 discriminator 4 view .LVU778
 2653 0060 94F84530 		ldrb	r3, [r4, #69]	@ zero_extendqisi2
1144:Drivers/STM32WBxx_HAL_Driver/Src/stm32wbxx_hal_tim_ex.c ****   {
 2654              		.loc 1 1144 46 discriminator 4 view .LVU779
 2655 0064 013B     		subs	r3, r3, #1
 2656 0066 18BF     		it	ne
 2657 0068 0123     		movne	r3, #1
 2658 006a D2E7     		b	.L207
 2659              	.L222:
1144:Drivers/STM32WBxx_HAL_Driver/Src/stm32wbxx_hal_tim_ex.c ****   {
 2660              		.loc 1 1144 7 discriminator 7 view .LVU780
 2661 006c 94F84630 		ldrb	r3, [r4, #70]	@ zero_extendqisi2
1144:Drivers/STM32WBxx_HAL_Driver/Src/stm32wbxx_hal_tim_ex.c ****   {
 2662              		.loc 1 1144 46 discriminator 7 view .LVU781
 2663 0070 013B     		subs	r3, r3, #1
 2664 0072 18BF     		it	ne
 2665 0074 0123     		movne	r3, #1
 2666 0076 CCE7     		b	.L207
 2667              	.L211:
1150:Drivers/STM32WBxx_HAL_Driver/Src/stm32wbxx_hal_tim_ex.c **** 
 2668              		.loc 1 1150 3 discriminator 2 view .LVU782
 2669 0078 0428     		cmp	r0, #4
 2670 007a 05D0     		beq	.L223
1150:Drivers/STM32WBxx_HAL_Driver/Src/stm32wbxx_hal_tim_ex.c **** 
 2671              		.loc 1 1150 3 discriminator 4 view .LVU783
 2672 007c 0828     		cmp	r0, #8
 2673 007e 07D0     		beq	.L224
1150:Drivers/STM32WBxx_HAL_Driver/Src/stm32wbxx_hal_tim_ex.c **** 
 2674              		.loc 1 1150 3 discriminator 7 view .LVU784
 2675 0080 0223     		movs	r3, #2
 2676 0082 84F84730 		strb	r3, [r4, #71]
 2677 0086 CAE7     		b	.L212
 2678              	.L223:
1150:Drivers/STM32WBxx_HAL_Driver/Src/stm32wbxx_hal_tim_ex.c **** 
 2679              		.loc 1 1150 3 discriminator 3 view .LVU785
 2680 0088 0223     		movs	r3, #2
 2681 008a 84F84530 		strb	r3, [r4, #69]
 2682 008e C6E7     		b	.L212
 2683              	.L224:
1150:Drivers/STM32WBxx_HAL_Driver/Src/stm32wbxx_hal_tim_ex.c **** 
 2684              		.loc 1 1150 3 discriminator 6 view .LVU786
ARM GAS  /var/folders/98/ctz5mtps7w71v8dr53cf5qg40000gn/T//ccO5oMcB.s 			page 110


 2685 0090 0223     		movs	r3, #2
 2686 0092 84F84630 		strb	r3, [r4, #70]
 2687 0096 C2E7     		b	.L212
 2688              	.LVL182:
 2689              	.L215:
1161:Drivers/STM32WBxx_HAL_Driver/Src/stm32wbxx_hal_tim_ex.c ****     if (!IS_TIM_SLAVEMODE_TRIGGER_ENABLED(tmpsmcr))
 2690              		.loc 1 1161 5 is_stmt 1 view .LVU787
1161:Drivers/STM32WBxx_HAL_Driver/Src/stm32wbxx_hal_tim_ex.c ****     if (!IS_TIM_SLAVEMODE_TRIGGER_ENABLED(tmpsmcr))
 2691              		.loc 1 1161 29 is_stmt 0 view .LVU788
 2692 0098 9968     		ldr	r1, [r3, #8]
1161:Drivers/STM32WBxx_HAL_Driver/Src/stm32wbxx_hal_tim_ex.c ****     if (!IS_TIM_SLAVEMODE_TRIGGER_ENABLED(tmpsmcr))
 2693              		.loc 1 1161 13 view .LVU789
 2694 009a 0A4A     		ldr	r2, .L225+4
 2695 009c 0A40     		ands	r2, r2, r1
 2696              	.LVL183:
1162:Drivers/STM32WBxx_HAL_Driver/Src/stm32wbxx_hal_tim_ex.c ****     {
 2697              		.loc 1 1162 5 is_stmt 1 view .LVU790
1162:Drivers/STM32WBxx_HAL_Driver/Src/stm32wbxx_hal_tim_ex.c ****     {
 2698              		.loc 1 1162 8 is_stmt 0 view .LVU791
 2699 009e 062A     		cmp	r2, #6
 2700 00a0 0AD0     		beq	.L218
1162:Drivers/STM32WBxx_HAL_Driver/Src/stm32wbxx_hal_tim_ex.c ****     {
 2701              		.loc 1 1162 9 discriminator 1 view .LVU792
 2702 00a2 B2F5803F 		cmp	r2, #65536
 2703 00a6 09D0     		beq	.L219
1164:Drivers/STM32WBxx_HAL_Driver/Src/stm32wbxx_hal_tim_ex.c ****     }
 2704              		.loc 1 1164 7 is_stmt 1 view .LVU793
 2705 00a8 1A68     		ldr	r2, [r3]
 2706              	.LVL184:
1164:Drivers/STM32WBxx_HAL_Driver/Src/stm32wbxx_hal_tim_ex.c ****     }
 2707              		.loc 1 1164 7 is_stmt 0 view .LVU794
 2708 00aa 42F00102 		orr	r2, r2, #1
 2709 00ae 1A60     		str	r2, [r3]
1173:Drivers/STM32WBxx_HAL_Driver/Src/stm32wbxx_hal_tim_ex.c **** }
 2710              		.loc 1 1173 10 view .LVU795
 2711 00b0 0020     		movs	r0, #0
 2712 00b2 00E0     		b	.L210
 2713              	.LVL185:
 2714              	.L217:
1146:Drivers/STM32WBxx_HAL_Driver/Src/stm32wbxx_hal_tim_ex.c ****   }
 2715              		.loc 1 1146 12 view .LVU796
 2716 00b4 0120     		movs	r0, #1
 2717              	.LVL186:
 2718              	.L210:
1174:Drivers/STM32WBxx_HAL_Driver/Src/stm32wbxx_hal_tim_ex.c **** 
 2719              		.loc 1 1174 1 view .LVU797
 2720 00b6 10BD     		pop	{r4, pc}
 2721              	.LVL187:
 2722              	.L218:
1173:Drivers/STM32WBxx_HAL_Driver/Src/stm32wbxx_hal_tim_ex.c **** }
 2723              		.loc 1 1173 10 view .LVU798
 2724 00b8 0020     		movs	r0, #0
 2725 00ba FCE7     		b	.L210
 2726              	.L219:
 2727 00bc 0020     		movs	r0, #0
 2728 00be FAE7     		b	.L210
 2729              	.L226:
ARM GAS  /var/folders/98/ctz5mtps7w71v8dr53cf5qg40000gn/T//ccO5oMcB.s 			page 111


 2730              		.align	2
 2731              	.L225:
 2732 00c0 002C0140 		.word	1073818624
 2733 00c4 07000100 		.word	65543
 2734              		.cfi_endproc
 2735              	.LFE966:
 2737              		.section	.text.HAL_TIMEx_PWMN_Stop,"ax",%progbits
 2738              		.align	1
 2739              		.global	HAL_TIMEx_PWMN_Stop
 2740              		.syntax unified
 2741              		.thumb
 2742              		.thumb_func
 2744              	HAL_TIMEx_PWMN_Stop:
 2745              	.LVL188:
 2746              	.LFB967:
1187:Drivers/STM32WBxx_HAL_Driver/Src/stm32wbxx_hal_tim_ex.c ****   /* Check the parameters */
 2747              		.loc 1 1187 1 is_stmt 1 view -0
 2748              		.cfi_startproc
 2749              		@ args = 0, pretend = 0, frame = 0
 2750              		@ frame_needed = 0, uses_anonymous_args = 0
1187:Drivers/STM32WBxx_HAL_Driver/Src/stm32wbxx_hal_tim_ex.c ****   /* Check the parameters */
 2751              		.loc 1 1187 1 is_stmt 0 view .LVU800
 2752 0000 38B5     		push	{r3, r4, r5, lr}
 2753              	.LCFI21:
 2754              		.cfi_def_cfa_offset 16
 2755              		.cfi_offset 3, -16
 2756              		.cfi_offset 4, -12
 2757              		.cfi_offset 5, -8
 2758              		.cfi_offset 14, -4
 2759 0002 0446     		mov	r4, r0
 2760 0004 0D46     		mov	r5, r1
1189:Drivers/STM32WBxx_HAL_Driver/Src/stm32wbxx_hal_tim_ex.c **** 
 2761              		.loc 1 1189 3 is_stmt 1 view .LVU801
1192:Drivers/STM32WBxx_HAL_Driver/Src/stm32wbxx_hal_tim_ex.c **** 
 2762              		.loc 1 1192 3 view .LVU802
 2763 0006 0022     		movs	r2, #0
 2764 0008 0068     		ldr	r0, [r0]
 2765              	.LVL189:
1192:Drivers/STM32WBxx_HAL_Driver/Src/stm32wbxx_hal_tim_ex.c **** 
 2766              		.loc 1 1192 3 is_stmt 0 view .LVU803
 2767 000a FFF7FEFF 		bl	TIM_CCxNChannelCmd
 2768              	.LVL190:
1195:Drivers/STM32WBxx_HAL_Driver/Src/stm32wbxx_hal_tim_ex.c **** 
 2769              		.loc 1 1195 3 is_stmt 1 view .LVU804
1195:Drivers/STM32WBxx_HAL_Driver/Src/stm32wbxx_hal_tim_ex.c **** 
 2770              		.loc 1 1195 3 view .LVU805
 2771 000e 2268     		ldr	r2, [r4]
 2772 0010 136A     		ldr	r3, [r2, #32]
 2773 0012 03F01133 		and	r3, r3, #286331153
 2774 0016 23F08853 		bic	r3, r3, #285212672
 2775 001a 43B9     		cbnz	r3, .L228
1195:Drivers/STM32WBxx_HAL_Driver/Src/stm32wbxx_hal_tim_ex.c **** 
 2776              		.loc 1 1195 3 discriminator 1 view .LVU806
 2777 001c 116A     		ldr	r1, [r2, #32]
 2778 001e 40F24443 		movw	r3, #1092
 2779 0022 1942     		tst	r1, r3
 2780 0024 03D1     		bne	.L228
ARM GAS  /var/folders/98/ctz5mtps7w71v8dr53cf5qg40000gn/T//ccO5oMcB.s 			page 112


1195:Drivers/STM32WBxx_HAL_Driver/Src/stm32wbxx_hal_tim_ex.c **** 
 2781              		.loc 1 1195 3 discriminator 3 view .LVU807
 2782 0026 536C     		ldr	r3, [r2, #68]
 2783 0028 23F40043 		bic	r3, r3, #32768
 2784 002c 5364     		str	r3, [r2, #68]
 2785              	.L228:
1195:Drivers/STM32WBxx_HAL_Driver/Src/stm32wbxx_hal_tim_ex.c **** 
 2786              		.loc 1 1195 3 discriminator 5 view .LVU808
1198:Drivers/STM32WBxx_HAL_Driver/Src/stm32wbxx_hal_tim_ex.c **** 
 2787              		.loc 1 1198 3 view .LVU809
1198:Drivers/STM32WBxx_HAL_Driver/Src/stm32wbxx_hal_tim_ex.c **** 
 2788              		.loc 1 1198 3 view .LVU810
 2789 002e 2268     		ldr	r2, [r4]
 2790 0030 136A     		ldr	r3, [r2, #32]
 2791 0032 03F01133 		and	r3, r3, #286331153
 2792 0036 23F08853 		bic	r3, r3, #285212672
 2793 003a 43B9     		cbnz	r3, .L229
1198:Drivers/STM32WBxx_HAL_Driver/Src/stm32wbxx_hal_tim_ex.c **** 
 2794              		.loc 1 1198 3 discriminator 1 view .LVU811
 2795 003c 116A     		ldr	r1, [r2, #32]
 2796 003e 40F24443 		movw	r3, #1092
 2797 0042 1942     		tst	r1, r3
 2798 0044 03D1     		bne	.L229
1198:Drivers/STM32WBxx_HAL_Driver/Src/stm32wbxx_hal_tim_ex.c **** 
 2799              		.loc 1 1198 3 discriminator 3 view .LVU812
 2800 0046 1368     		ldr	r3, [r2]
 2801 0048 23F00103 		bic	r3, r3, #1
 2802 004c 1360     		str	r3, [r2]
 2803              	.L229:
1198:Drivers/STM32WBxx_HAL_Driver/Src/stm32wbxx_hal_tim_ex.c **** 
 2804              		.loc 1 1198 3 discriminator 5 view .LVU813
1201:Drivers/STM32WBxx_HAL_Driver/Src/stm32wbxx_hal_tim_ex.c **** 
 2805              		.loc 1 1201 3 view .LVU814
 2806 004e 25B9     		cbnz	r5, .L230
1201:Drivers/STM32WBxx_HAL_Driver/Src/stm32wbxx_hal_tim_ex.c **** 
 2807              		.loc 1 1201 3 is_stmt 0 discriminator 1 view .LVU815
 2808 0050 0123     		movs	r3, #1
 2809 0052 84F84430 		strb	r3, [r4, #68]
 2810              	.L231:
1204:Drivers/STM32WBxx_HAL_Driver/Src/stm32wbxx_hal_tim_ex.c **** }
 2811              		.loc 1 1204 3 is_stmt 1 view .LVU816
1205:Drivers/STM32WBxx_HAL_Driver/Src/stm32wbxx_hal_tim_ex.c **** 
 2812              		.loc 1 1205 1 is_stmt 0 view .LVU817
 2813 0056 0020     		movs	r0, #0
 2814 0058 38BD     		pop	{r3, r4, r5, pc}
 2815              	.LVL191:
 2816              	.L230:
1201:Drivers/STM32WBxx_HAL_Driver/Src/stm32wbxx_hal_tim_ex.c **** 
 2817              		.loc 1 1201 3 discriminator 2 view .LVU818
 2818 005a 042D     		cmp	r5, #4
 2819 005c 05D0     		beq	.L235
1201:Drivers/STM32WBxx_HAL_Driver/Src/stm32wbxx_hal_tim_ex.c **** 
 2820              		.loc 1 1201 3 discriminator 4 view .LVU819
 2821 005e 082D     		cmp	r5, #8
 2822 0060 07D0     		beq	.L236
1201:Drivers/STM32WBxx_HAL_Driver/Src/stm32wbxx_hal_tim_ex.c **** 
 2823              		.loc 1 1201 3 discriminator 7 view .LVU820
ARM GAS  /var/folders/98/ctz5mtps7w71v8dr53cf5qg40000gn/T//ccO5oMcB.s 			page 113


 2824 0062 0123     		movs	r3, #1
 2825 0064 84F84730 		strb	r3, [r4, #71]
 2826 0068 F5E7     		b	.L231
 2827              	.L235:
1201:Drivers/STM32WBxx_HAL_Driver/Src/stm32wbxx_hal_tim_ex.c **** 
 2828              		.loc 1 1201 3 discriminator 3 view .LVU821
 2829 006a 0123     		movs	r3, #1
 2830 006c 84F84530 		strb	r3, [r4, #69]
 2831 0070 F1E7     		b	.L231
 2832              	.L236:
1201:Drivers/STM32WBxx_HAL_Driver/Src/stm32wbxx_hal_tim_ex.c **** 
 2833              		.loc 1 1201 3 discriminator 6 view .LVU822
 2834 0072 0123     		movs	r3, #1
 2835 0074 84F84630 		strb	r3, [r4, #70]
 2836 0078 EDE7     		b	.L231
 2837              		.cfi_endproc
 2838              	.LFE967:
 2840              		.section	.text.HAL_TIMEx_PWMN_Start_IT,"ax",%progbits
 2841              		.align	1
 2842              		.global	HAL_TIMEx_PWMN_Start_IT
 2843              		.syntax unified
 2844              		.thumb
 2845              		.thumb_func
 2847              	HAL_TIMEx_PWMN_Start_IT:
 2848              	.LVL192:
 2849              	.LFB968:
1219:Drivers/STM32WBxx_HAL_Driver/Src/stm32wbxx_hal_tim_ex.c ****   HAL_StatusTypeDef status = HAL_OK;
 2850              		.loc 1 1219 1 is_stmt 1 view -0
 2851              		.cfi_startproc
 2852              		@ args = 0, pretend = 0, frame = 0
 2853              		@ frame_needed = 0, uses_anonymous_args = 0
1219:Drivers/STM32WBxx_HAL_Driver/Src/stm32wbxx_hal_tim_ex.c ****   HAL_StatusTypeDef status = HAL_OK;
 2854              		.loc 1 1219 1 is_stmt 0 view .LVU824
 2855 0000 10B5     		push	{r4, lr}
 2856              	.LCFI22:
 2857              		.cfi_def_cfa_offset 8
 2858              		.cfi_offset 4, -8
 2859              		.cfi_offset 14, -4
 2860 0002 0446     		mov	r4, r0
1220:Drivers/STM32WBxx_HAL_Driver/Src/stm32wbxx_hal_tim_ex.c ****   uint32_t tmpsmcr;
 2861              		.loc 1 1220 3 is_stmt 1 view .LVU825
 2862              	.LVL193:
1221:Drivers/STM32WBxx_HAL_Driver/Src/stm32wbxx_hal_tim_ex.c **** 
 2863              		.loc 1 1221 3 view .LVU826
1224:Drivers/STM32WBxx_HAL_Driver/Src/stm32wbxx_hal_tim_ex.c **** 
 2864              		.loc 1 1224 3 view .LVU827
1227:Drivers/STM32WBxx_HAL_Driver/Src/stm32wbxx_hal_tim_ex.c ****   {
 2865              		.loc 1 1227 3 view .LVU828
1227:Drivers/STM32WBxx_HAL_Driver/Src/stm32wbxx_hal_tim_ex.c ****   {
 2866              		.loc 1 1227 46 is_stmt 0 view .LVU829
 2867 0004 0846     		mov	r0, r1
 2868              	.LVL194:
1227:Drivers/STM32WBxx_HAL_Driver/Src/stm32wbxx_hal_tim_ex.c ****   {
 2869              		.loc 1 1227 46 view .LVU830
 2870 0006 0029     		cmp	r1, #0
 2871 0008 2CD1     		bne	.L238
1227:Drivers/STM32WBxx_HAL_Driver/Src/stm32wbxx_hal_tim_ex.c ****   {
ARM GAS  /var/folders/98/ctz5mtps7w71v8dr53cf5qg40000gn/T//ccO5oMcB.s 			page 114


 2872              		.loc 1 1227 7 discriminator 1 view .LVU831
 2873 000a 94F84430 		ldrb	r3, [r4, #68]	@ zero_extendqisi2
1227:Drivers/STM32WBxx_HAL_Driver/Src/stm32wbxx_hal_tim_ex.c ****   {
 2874              		.loc 1 1227 46 discriminator 1 view .LVU832
 2875 000e 013B     		subs	r3, r3, #1
 2876 0010 18BF     		it	ne
 2877 0012 0123     		movne	r3, #1
 2878              	.L239:
1227:Drivers/STM32WBxx_HAL_Driver/Src/stm32wbxx_hal_tim_ex.c ****   {
 2879              		.loc 1 1227 6 discriminator 12 view .LVU833
 2880 0014 002B     		cmp	r3, #0
 2881 0016 6AD1     		bne	.L252
1233:Drivers/STM32WBxx_HAL_Driver/Src/stm32wbxx_hal_tim_ex.c **** 
 2882              		.loc 1 1233 3 is_stmt 1 view .LVU834
 2883 0018 0028     		cmp	r0, #0
 2884 001a 39D1     		bne	.L243
1233:Drivers/STM32WBxx_HAL_Driver/Src/stm32wbxx_hal_tim_ex.c **** 
 2885              		.loc 1 1233 3 is_stmt 0 discriminator 1 view .LVU835
 2886 001c 0223     		movs	r3, #2
 2887 001e 84F84430 		strb	r3, [r4, #68]
1235:Drivers/STM32WBxx_HAL_Driver/Src/stm32wbxx_hal_tim_ex.c ****   {
 2888              		.loc 1 1235 3 is_stmt 1 view .LVU836
 2889              	.L244:
1240:Drivers/STM32WBxx_HAL_Driver/Src/stm32wbxx_hal_tim_ex.c ****       break;
 2890              		.loc 1 1240 7 view .LVU837
 2891 0022 2268     		ldr	r2, [r4]
 2892 0024 D368     		ldr	r3, [r2, #12]
 2893 0026 43F00203 		orr	r3, r3, #2
 2894 002a D360     		str	r3, [r2, #12]
1241:Drivers/STM32WBxx_HAL_Driver/Src/stm32wbxx_hal_tim_ex.c ****     }
 2895              		.loc 1 1241 7 view .LVU838
1263:Drivers/STM32WBxx_HAL_Driver/Src/stm32wbxx_hal_tim_ex.c ****   {
 2896              		.loc 1 1263 3 view .LVU839
 2897              	.L249:
1266:Drivers/STM32WBxx_HAL_Driver/Src/stm32wbxx_hal_tim_ex.c **** 
 2898              		.loc 1 1266 5 view .LVU840
 2899 002c 2268     		ldr	r2, [r4]
 2900 002e D368     		ldr	r3, [r2, #12]
 2901 0030 43F08003 		orr	r3, r3, #128
 2902 0034 D360     		str	r3, [r2, #12]
1269:Drivers/STM32WBxx_HAL_Driver/Src/stm32wbxx_hal_tim_ex.c **** 
 2903              		.loc 1 1269 5 view .LVU841
 2904 0036 0422     		movs	r2, #4
 2905 0038 0146     		mov	r1, r0
 2906              	.LVL195:
1269:Drivers/STM32WBxx_HAL_Driver/Src/stm32wbxx_hal_tim_ex.c **** 
 2907              		.loc 1 1269 5 is_stmt 0 view .LVU842
 2908 003a 2068     		ldr	r0, [r4]
 2909              	.LVL196:
1269:Drivers/STM32WBxx_HAL_Driver/Src/stm32wbxx_hal_tim_ex.c **** 
 2910              		.loc 1 1269 5 view .LVU843
 2911 003c FFF7FEFF 		bl	TIM_CCxNChannelCmd
 2912              	.LVL197:
1272:Drivers/STM32WBxx_HAL_Driver/Src/stm32wbxx_hal_tim_ex.c **** 
 2913              		.loc 1 1272 5 is_stmt 1 view .LVU844
 2914 0040 2268     		ldr	r2, [r4]
 2915 0042 536C     		ldr	r3, [r2, #68]
ARM GAS  /var/folders/98/ctz5mtps7w71v8dr53cf5qg40000gn/T//ccO5oMcB.s 			page 115


 2916 0044 43F40043 		orr	r3, r3, #32768
 2917 0048 5364     		str	r3, [r2, #68]
1275:Drivers/STM32WBxx_HAL_Driver/Src/stm32wbxx_hal_tim_ex.c ****     {
 2918              		.loc 1 1275 5 view .LVU845
1275:Drivers/STM32WBxx_HAL_Driver/Src/stm32wbxx_hal_tim_ex.c ****     {
 2919              		.loc 1 1275 9 is_stmt 0 view .LVU846
 2920 004a 2368     		ldr	r3, [r4]
1275:Drivers/STM32WBxx_HAL_Driver/Src/stm32wbxx_hal_tim_ex.c ****     {
 2921              		.loc 1 1275 8 view .LVU847
 2922 004c 2B4A     		ldr	r2, .L261
 2923 004e 9342     		cmp	r3, r2
 2924 0050 3FD0     		beq	.L250
1275:Drivers/STM32WBxx_HAL_Driver/Src/stm32wbxx_hal_tim_ex.c ****     {
 2925              		.loc 1 1275 9 discriminator 1 view .LVU848
 2926 0052 B3F1804F 		cmp	r3, #1073741824
 2927 0056 3CD0     		beq	.L250
1285:Drivers/STM32WBxx_HAL_Driver/Src/stm32wbxx_hal_tim_ex.c ****     }
 2928              		.loc 1 1285 7 is_stmt 1 view .LVU849
 2929 0058 1A68     		ldr	r2, [r3]
 2930 005a 42F00102 		orr	r2, r2, #1
 2931 005e 1A60     		str	r2, [r3]
 2932 0060 0020     		movs	r0, #0
 2933 0062 45E0     		b	.L242
 2934              	.LVL198:
 2935              	.L238:
1227:Drivers/STM32WBxx_HAL_Driver/Src/stm32wbxx_hal_tim_ex.c ****   {
 2936              		.loc 1 1227 46 is_stmt 0 discriminator 2 view .LVU850
 2937 0064 0429     		cmp	r1, #4
 2938 0066 07D0     		beq	.L257
1227:Drivers/STM32WBxx_HAL_Driver/Src/stm32wbxx_hal_tim_ex.c ****   {
 2939              		.loc 1 1227 46 discriminator 5 view .LVU851
 2940 0068 0829     		cmp	r1, #8
 2941 006a 0BD0     		beq	.L258
1227:Drivers/STM32WBxx_HAL_Driver/Src/stm32wbxx_hal_tim_ex.c ****   {
 2942              		.loc 1 1227 7 discriminator 8 view .LVU852
 2943 006c 94F84730 		ldrb	r3, [r4, #71]	@ zero_extendqisi2
1227:Drivers/STM32WBxx_HAL_Driver/Src/stm32wbxx_hal_tim_ex.c ****   {
 2944              		.loc 1 1227 46 discriminator 8 view .LVU853
 2945 0070 013B     		subs	r3, r3, #1
 2946 0072 18BF     		it	ne
 2947 0074 0123     		movne	r3, #1
 2948 0076 CDE7     		b	.L239
 2949              	.L257:
1227:Drivers/STM32WBxx_HAL_Driver/Src/stm32wbxx_hal_tim_ex.c ****   {
 2950              		.loc 1 1227 7 discriminator 4 view .LVU854
 2951 0078 94F84530 		ldrb	r3, [r4, #69]	@ zero_extendqisi2
1227:Drivers/STM32WBxx_HAL_Driver/Src/stm32wbxx_hal_tim_ex.c ****   {
 2952              		.loc 1 1227 46 discriminator 4 view .LVU855
 2953 007c 013B     		subs	r3, r3, #1
 2954 007e 18BF     		it	ne
 2955 0080 0123     		movne	r3, #1
 2956 0082 C7E7     		b	.L239
 2957              	.L258:
1227:Drivers/STM32WBxx_HAL_Driver/Src/stm32wbxx_hal_tim_ex.c ****   {
 2958              		.loc 1 1227 7 discriminator 7 view .LVU856
 2959 0084 94F84630 		ldrb	r3, [r4, #70]	@ zero_extendqisi2
1227:Drivers/STM32WBxx_HAL_Driver/Src/stm32wbxx_hal_tim_ex.c ****   {
ARM GAS  /var/folders/98/ctz5mtps7w71v8dr53cf5qg40000gn/T//ccO5oMcB.s 			page 116


 2960              		.loc 1 1227 46 discriminator 7 view .LVU857
 2961 0088 013B     		subs	r3, r3, #1
 2962 008a 18BF     		it	ne
 2963 008c 0123     		movne	r3, #1
 2964 008e C1E7     		b	.L239
 2965              	.L243:
1233:Drivers/STM32WBxx_HAL_Driver/Src/stm32wbxx_hal_tim_ex.c **** 
 2966              		.loc 1 1233 3 discriminator 2 view .LVU858
 2967 0090 0428     		cmp	r0, #4
 2968 0092 0CD0     		beq	.L259
1233:Drivers/STM32WBxx_HAL_Driver/Src/stm32wbxx_hal_tim_ex.c **** 
 2969              		.loc 1 1233 3 discriminator 4 view .LVU859
 2970 0094 0828     		cmp	r0, #8
 2971 0096 13D0     		beq	.L260
1233:Drivers/STM32WBxx_HAL_Driver/Src/stm32wbxx_hal_tim_ex.c **** 
 2972              		.loc 1 1233 3 discriminator 7 view .LVU860
 2973 0098 0223     		movs	r3, #2
 2974 009a 84F84730 		strb	r3, [r4, #71]
1235:Drivers/STM32WBxx_HAL_Driver/Src/stm32wbxx_hal_tim_ex.c ****   {
 2975              		.loc 1 1235 3 is_stmt 1 view .LVU861
 2976 009e 0428     		cmp	r0, #4
 2977 00a0 08D0     		beq	.L246
 2978 00a2 0828     		cmp	r0, #8
 2979 00a4 0FD0     		beq	.L248
 2980 00a6 0028     		cmp	r0, #0
 2981 00a8 BBD0     		beq	.L244
 2982 00aa 0120     		movs	r0, #1
 2983              	.LVL199:
1235:Drivers/STM32WBxx_HAL_Driver/Src/stm32wbxx_hal_tim_ex.c ****   {
 2984              		.loc 1 1235 3 is_stmt 0 view .LVU862
 2985 00ac 20E0     		b	.L242
 2986              	.LVL200:
 2987              	.L259:
1233:Drivers/STM32WBxx_HAL_Driver/Src/stm32wbxx_hal_tim_ex.c **** 
 2988              		.loc 1 1233 3 discriminator 3 view .LVU863
 2989 00ae 0223     		movs	r3, #2
 2990 00b0 84F84530 		strb	r3, [r4, #69]
1235:Drivers/STM32WBxx_HAL_Driver/Src/stm32wbxx_hal_tim_ex.c ****   {
 2991              		.loc 1 1235 3 is_stmt 1 view .LVU864
 2992              	.L246:
1247:Drivers/STM32WBxx_HAL_Driver/Src/stm32wbxx_hal_tim_ex.c ****       break;
 2993              		.loc 1 1247 7 view .LVU865
 2994 00b4 2268     		ldr	r2, [r4]
 2995 00b6 D368     		ldr	r3, [r2, #12]
 2996 00b8 43F00403 		orr	r3, r3, #4
 2997 00bc D360     		str	r3, [r2, #12]
1248:Drivers/STM32WBxx_HAL_Driver/Src/stm32wbxx_hal_tim_ex.c ****     }
 2998              		.loc 1 1248 7 view .LVU866
1263:Drivers/STM32WBxx_HAL_Driver/Src/stm32wbxx_hal_tim_ex.c ****   {
 2999              		.loc 1 1263 3 view .LVU867
 3000 00be B5E7     		b	.L249
 3001              	.L260:
1233:Drivers/STM32WBxx_HAL_Driver/Src/stm32wbxx_hal_tim_ex.c **** 
 3002              		.loc 1 1233 3 is_stmt 0 discriminator 6 view .LVU868
 3003 00c0 0223     		movs	r3, #2
 3004 00c2 84F84630 		strb	r3, [r4, #70]
1235:Drivers/STM32WBxx_HAL_Driver/Src/stm32wbxx_hal_tim_ex.c ****   {
ARM GAS  /var/folders/98/ctz5mtps7w71v8dr53cf5qg40000gn/T//ccO5oMcB.s 			page 117


 3005              		.loc 1 1235 3 is_stmt 1 view .LVU869
 3006              	.L248:
1254:Drivers/STM32WBxx_HAL_Driver/Src/stm32wbxx_hal_tim_ex.c ****       break;
 3007              		.loc 1 1254 7 view .LVU870
 3008 00c6 2268     		ldr	r2, [r4]
 3009 00c8 D368     		ldr	r3, [r2, #12]
 3010 00ca 43F00803 		orr	r3, r3, #8
 3011 00ce D360     		str	r3, [r2, #12]
1255:Drivers/STM32WBxx_HAL_Driver/Src/stm32wbxx_hal_tim_ex.c ****     }
 3012              		.loc 1 1255 7 view .LVU871
1263:Drivers/STM32WBxx_HAL_Driver/Src/stm32wbxx_hal_tim_ex.c ****   {
 3013              		.loc 1 1263 3 view .LVU872
 3014 00d0 ACE7     		b	.L249
 3015              	.LVL201:
 3016              	.L250:
1277:Drivers/STM32WBxx_HAL_Driver/Src/stm32wbxx_hal_tim_ex.c ****       if (!IS_TIM_SLAVEMODE_TRIGGER_ENABLED(tmpsmcr))
 3017              		.loc 1 1277 7 view .LVU873
1277:Drivers/STM32WBxx_HAL_Driver/Src/stm32wbxx_hal_tim_ex.c ****       if (!IS_TIM_SLAVEMODE_TRIGGER_ENABLED(tmpsmcr))
 3018              		.loc 1 1277 31 is_stmt 0 view .LVU874
 3019 00d2 9968     		ldr	r1, [r3, #8]
1277:Drivers/STM32WBxx_HAL_Driver/Src/stm32wbxx_hal_tim_ex.c ****       if (!IS_TIM_SLAVEMODE_TRIGGER_ENABLED(tmpsmcr))
 3020              		.loc 1 1277 15 view .LVU875
 3021 00d4 0A4A     		ldr	r2, .L261+4
 3022 00d6 0A40     		ands	r2, r2, r1
 3023              	.LVL202:
1278:Drivers/STM32WBxx_HAL_Driver/Src/stm32wbxx_hal_tim_ex.c ****       {
 3024              		.loc 1 1278 7 is_stmt 1 view .LVU876
1278:Drivers/STM32WBxx_HAL_Driver/Src/stm32wbxx_hal_tim_ex.c ****       {
 3025              		.loc 1 1278 10 is_stmt 0 view .LVU877
 3026 00d8 062A     		cmp	r2, #6
 3027 00da 0AD0     		beq	.L254
1278:Drivers/STM32WBxx_HAL_Driver/Src/stm32wbxx_hal_tim_ex.c ****       {
 3028              		.loc 1 1278 11 discriminator 1 view .LVU878
 3029 00dc B2F5803F 		cmp	r2, #65536
 3030 00e0 09D0     		beq	.L255
1280:Drivers/STM32WBxx_HAL_Driver/Src/stm32wbxx_hal_tim_ex.c ****       }
 3031              		.loc 1 1280 9 is_stmt 1 view .LVU879
 3032 00e2 1A68     		ldr	r2, [r3]
 3033              	.LVL203:
1280:Drivers/STM32WBxx_HAL_Driver/Src/stm32wbxx_hal_tim_ex.c ****       }
 3034              		.loc 1 1280 9 is_stmt 0 view .LVU880
 3035 00e4 42F00102 		orr	r2, r2, #1
 3036 00e8 1A60     		str	r2, [r3]
 3037 00ea 0020     		movs	r0, #0
 3038 00ec 00E0     		b	.L242
 3039              	.LVL204:
 3040              	.L252:
1229:Drivers/STM32WBxx_HAL_Driver/Src/stm32wbxx_hal_tim_ex.c ****   }
 3041              		.loc 1 1229 12 view .LVU881
 3042 00ee 0120     		movs	r0, #1
 3043              	.LVL205:
 3044              	.L242:
1291:Drivers/STM32WBxx_HAL_Driver/Src/stm32wbxx_hal_tim_ex.c **** 
 3045              		.loc 1 1291 1 view .LVU882
 3046 00f0 10BD     		pop	{r4, pc}
 3047              	.LVL206:
 3048              	.L254:
ARM GAS  /var/folders/98/ctz5mtps7w71v8dr53cf5qg40000gn/T//ccO5oMcB.s 			page 118


1291:Drivers/STM32WBxx_HAL_Driver/Src/stm32wbxx_hal_tim_ex.c **** 
 3049              		.loc 1 1291 1 view .LVU883
 3050 00f2 0020     		movs	r0, #0
 3051 00f4 FCE7     		b	.L242
 3052              	.L255:
 3053 00f6 0020     		movs	r0, #0
 3054 00f8 FAE7     		b	.L242
 3055              	.L262:
 3056 00fa 00BF     		.align	2
 3057              	.L261:
 3058 00fc 002C0140 		.word	1073818624
 3059 0100 07000100 		.word	65543
 3060              		.cfi_endproc
 3061              	.LFE968:
 3063              		.section	.text.HAL_TIMEx_PWMN_Stop_IT,"ax",%progbits
 3064              		.align	1
 3065              		.global	HAL_TIMEx_PWMN_Stop_IT
 3066              		.syntax unified
 3067              		.thumb
 3068              		.thumb_func
 3070              	HAL_TIMEx_PWMN_Stop_IT:
 3071              	.LVL207:
 3072              	.LFB969:
1305:Drivers/STM32WBxx_HAL_Driver/Src/stm32wbxx_hal_tim_ex.c ****   HAL_StatusTypeDef status = HAL_OK;
 3073              		.loc 1 1305 1 is_stmt 1 view -0
 3074              		.cfi_startproc
 3075              		@ args = 0, pretend = 0, frame = 0
 3076              		@ frame_needed = 0, uses_anonymous_args = 0
1305:Drivers/STM32WBxx_HAL_Driver/Src/stm32wbxx_hal_tim_ex.c ****   HAL_StatusTypeDef status = HAL_OK;
 3077              		.loc 1 1305 1 is_stmt 0 view .LVU885
 3078 0000 38B5     		push	{r3, r4, r5, lr}
 3079              	.LCFI23:
 3080              		.cfi_def_cfa_offset 16
 3081              		.cfi_offset 3, -16
 3082              		.cfi_offset 4, -12
 3083              		.cfi_offset 5, -8
 3084              		.cfi_offset 14, -4
 3085 0002 0446     		mov	r4, r0
 3086 0004 0D46     		mov	r5, r1
1306:Drivers/STM32WBxx_HAL_Driver/Src/stm32wbxx_hal_tim_ex.c ****   uint32_t tmpccer;
 3087              		.loc 1 1306 3 is_stmt 1 view .LVU886
 3088              	.LVL208:
1307:Drivers/STM32WBxx_HAL_Driver/Src/stm32wbxx_hal_tim_ex.c **** 
 3089              		.loc 1 1307 3 view .LVU887
1310:Drivers/STM32WBxx_HAL_Driver/Src/stm32wbxx_hal_tim_ex.c **** 
 3090              		.loc 1 1310 3 view .LVU888
1312:Drivers/STM32WBxx_HAL_Driver/Src/stm32wbxx_hal_tim_ex.c ****   {
 3091              		.loc 1 1312 3 view .LVU889
 3092 0006 0429     		cmp	r1, #4
 3093 0008 3DD0     		beq	.L264
 3094 000a 0829     		cmp	r1, #8
 3095 000c 41D0     		beq	.L265
 3096 000e 0029     		cmp	r1, #0
 3097 0010 58D1     		bne	.L274
1317:Drivers/STM32WBxx_HAL_Driver/Src/stm32wbxx_hal_tim_ex.c ****       break;
 3098              		.loc 1 1317 7 view .LVU890
 3099 0012 0268     		ldr	r2, [r0]
ARM GAS  /var/folders/98/ctz5mtps7w71v8dr53cf5qg40000gn/T//ccO5oMcB.s 			page 119


 3100 0014 D368     		ldr	r3, [r2, #12]
 3101 0016 23F00203 		bic	r3, r3, #2
 3102 001a D360     		str	r3, [r2, #12]
1318:Drivers/STM32WBxx_HAL_Driver/Src/stm32wbxx_hal_tim_ex.c ****     }
 3103              		.loc 1 1318 7 view .LVU891
1340:Drivers/STM32WBxx_HAL_Driver/Src/stm32wbxx_hal_tim_ex.c ****   {
 3104              		.loc 1 1340 3 view .LVU892
 3105              	.L267:
1343:Drivers/STM32WBxx_HAL_Driver/Src/stm32wbxx_hal_tim_ex.c **** 
 3106              		.loc 1 1343 5 view .LVU893
 3107 001c 0022     		movs	r2, #0
 3108 001e 2946     		mov	r1, r5
 3109              	.LVL209:
1343:Drivers/STM32WBxx_HAL_Driver/Src/stm32wbxx_hal_tim_ex.c **** 
 3110              		.loc 1 1343 5 is_stmt 0 view .LVU894
 3111 0020 2068     		ldr	r0, [r4]
 3112              	.LVL210:
1343:Drivers/STM32WBxx_HAL_Driver/Src/stm32wbxx_hal_tim_ex.c **** 
 3113              		.loc 1 1343 5 view .LVU895
 3114 0022 FFF7FEFF 		bl	TIM_CCxNChannelCmd
 3115              	.LVL211:
1346:Drivers/STM32WBxx_HAL_Driver/Src/stm32wbxx_hal_tim_ex.c ****     if ((tmpccer & TIM_CCER_CCxNE_MASK) == (uint32_t)RESET)
 3116              		.loc 1 1346 5 is_stmt 1 view .LVU896
1346:Drivers/STM32WBxx_HAL_Driver/Src/stm32wbxx_hal_tim_ex.c ****     if ((tmpccer & TIM_CCER_CCxNE_MASK) == (uint32_t)RESET)
 3117              		.loc 1 1346 19 is_stmt 0 view .LVU897
 3118 0026 2368     		ldr	r3, [r4]
1346:Drivers/STM32WBxx_HAL_Driver/Src/stm32wbxx_hal_tim_ex.c ****     if ((tmpccer & TIM_CCER_CCxNE_MASK) == (uint32_t)RESET)
 3119              		.loc 1 1346 13 view .LVU898
 3120 0028 196A     		ldr	r1, [r3, #32]
 3121              	.LVL212:
1347:Drivers/STM32WBxx_HAL_Driver/Src/stm32wbxx_hal_tim_ex.c ****     {
 3122              		.loc 1 1347 5 is_stmt 1 view .LVU899
1347:Drivers/STM32WBxx_HAL_Driver/Src/stm32wbxx_hal_tim_ex.c ****     {
 3123              		.loc 1 1347 8 is_stmt 0 view .LVU900
 3124 002a 40F24442 		movw	r2, #1092
 3125 002e 1142     		tst	r1, r2
 3126 0030 03D1     		bne	.L268
1349:Drivers/STM32WBxx_HAL_Driver/Src/stm32wbxx_hal_tim_ex.c ****     }
 3127              		.loc 1 1349 7 is_stmt 1 view .LVU901
 3128 0032 DA68     		ldr	r2, [r3, #12]
 3129 0034 22F08002 		bic	r2, r2, #128
 3130 0038 DA60     		str	r2, [r3, #12]
 3131              	.L268:
1353:Drivers/STM32WBxx_HAL_Driver/Src/stm32wbxx_hal_tim_ex.c **** 
 3132              		.loc 1 1353 5 view .LVU902
1353:Drivers/STM32WBxx_HAL_Driver/Src/stm32wbxx_hal_tim_ex.c **** 
 3133              		.loc 1 1353 5 view .LVU903
 3134 003a 2268     		ldr	r2, [r4]
 3135 003c 136A     		ldr	r3, [r2, #32]
 3136 003e 03F01133 		and	r3, r3, #286331153
 3137 0042 23F08853 		bic	r3, r3, #285212672
 3138 0046 43B9     		cbnz	r3, .L269
1353:Drivers/STM32WBxx_HAL_Driver/Src/stm32wbxx_hal_tim_ex.c **** 
 3139              		.loc 1 1353 5 discriminator 1 view .LVU904
 3140 0048 116A     		ldr	r1, [r2, #32]
 3141              	.LVL213:
1353:Drivers/STM32WBxx_HAL_Driver/Src/stm32wbxx_hal_tim_ex.c **** 
ARM GAS  /var/folders/98/ctz5mtps7w71v8dr53cf5qg40000gn/T//ccO5oMcB.s 			page 120


 3142              		.loc 1 1353 5 is_stmt 0 discriminator 1 view .LVU905
 3143 004a 40F24443 		movw	r3, #1092
 3144 004e 1942     		tst	r1, r3
 3145 0050 03D1     		bne	.L269
1353:Drivers/STM32WBxx_HAL_Driver/Src/stm32wbxx_hal_tim_ex.c **** 
 3146              		.loc 1 1353 5 is_stmt 1 discriminator 3 view .LVU906
 3147 0052 536C     		ldr	r3, [r2, #68]
 3148 0054 23F40043 		bic	r3, r3, #32768
 3149 0058 5364     		str	r3, [r2, #68]
 3150              	.L269:
1353:Drivers/STM32WBxx_HAL_Driver/Src/stm32wbxx_hal_tim_ex.c **** 
 3151              		.loc 1 1353 5 discriminator 5 view .LVU907
1356:Drivers/STM32WBxx_HAL_Driver/Src/stm32wbxx_hal_tim_ex.c **** 
 3152              		.loc 1 1356 5 view .LVU908
1356:Drivers/STM32WBxx_HAL_Driver/Src/stm32wbxx_hal_tim_ex.c **** 
 3153              		.loc 1 1356 5 view .LVU909
 3154 005a 2268     		ldr	r2, [r4]
 3155 005c 136A     		ldr	r3, [r2, #32]
 3156 005e 03F01133 		and	r3, r3, #286331153
 3157 0062 23F08853 		bic	r3, r3, #285212672
 3158 0066 43B9     		cbnz	r3, .L270
1356:Drivers/STM32WBxx_HAL_Driver/Src/stm32wbxx_hal_tim_ex.c **** 
 3159              		.loc 1 1356 5 discriminator 1 view .LVU910
 3160 0068 116A     		ldr	r1, [r2, #32]
 3161 006a 40F24443 		movw	r3, #1092
 3162 006e 1942     		tst	r1, r3
 3163 0070 03D1     		bne	.L270
1356:Drivers/STM32WBxx_HAL_Driver/Src/stm32wbxx_hal_tim_ex.c **** 
 3164              		.loc 1 1356 5 discriminator 3 view .LVU911
 3165 0072 1368     		ldr	r3, [r2]
 3166 0074 23F00103 		bic	r3, r3, #1
 3167 0078 1360     		str	r3, [r2]
 3168              	.L270:
1356:Drivers/STM32WBxx_HAL_Driver/Src/stm32wbxx_hal_tim_ex.c **** 
 3169              		.loc 1 1356 5 discriminator 5 view .LVU912
1359:Drivers/STM32WBxx_HAL_Driver/Src/stm32wbxx_hal_tim_ex.c ****   }
 3170              		.loc 1 1359 5 view .LVU913
 3171 007a 85B9     		cbnz	r5, .L271
1359:Drivers/STM32WBxx_HAL_Driver/Src/stm32wbxx_hal_tim_ex.c ****   }
 3172              		.loc 1 1359 5 is_stmt 0 discriminator 1 view .LVU914
 3173 007c 0123     		movs	r3, #1
 3174 007e 84F84430 		strb	r3, [r4, #68]
 3175 0082 0020     		movs	r0, #0
 3176              	.LVL214:
 3177              	.L266:
1363:Drivers/STM32WBxx_HAL_Driver/Src/stm32wbxx_hal_tim_ex.c **** }
 3178              		.loc 1 1363 3 is_stmt 1 view .LVU915
1364:Drivers/STM32WBxx_HAL_Driver/Src/stm32wbxx_hal_tim_ex.c **** 
 3179              		.loc 1 1364 1 is_stmt 0 view .LVU916
 3180 0084 38BD     		pop	{r3, r4, r5, pc}
 3181              	.LVL215:
 3182              	.L264:
1324:Drivers/STM32WBxx_HAL_Driver/Src/stm32wbxx_hal_tim_ex.c ****       break;
 3183              		.loc 1 1324 7 is_stmt 1 view .LVU917
 3184 0086 0268     		ldr	r2, [r0]
 3185 0088 D368     		ldr	r3, [r2, #12]
 3186 008a 23F00403 		bic	r3, r3, #4
ARM GAS  /var/folders/98/ctz5mtps7w71v8dr53cf5qg40000gn/T//ccO5oMcB.s 			page 121


 3187 008e D360     		str	r3, [r2, #12]
1325:Drivers/STM32WBxx_HAL_Driver/Src/stm32wbxx_hal_tim_ex.c ****     }
 3188              		.loc 1 1325 7 view .LVU918
1340:Drivers/STM32WBxx_HAL_Driver/Src/stm32wbxx_hal_tim_ex.c ****   {
 3189              		.loc 1 1340 3 view .LVU919
 3190 0090 C4E7     		b	.L267
 3191              	.L265:
1331:Drivers/STM32WBxx_HAL_Driver/Src/stm32wbxx_hal_tim_ex.c ****       break;
 3192              		.loc 1 1331 7 view .LVU920
 3193 0092 0268     		ldr	r2, [r0]
 3194 0094 D368     		ldr	r3, [r2, #12]
 3195 0096 23F00803 		bic	r3, r3, #8
 3196 009a D360     		str	r3, [r2, #12]
1332:Drivers/STM32WBxx_HAL_Driver/Src/stm32wbxx_hal_tim_ex.c ****     }
 3197              		.loc 1 1332 7 view .LVU921
1340:Drivers/STM32WBxx_HAL_Driver/Src/stm32wbxx_hal_tim_ex.c ****   {
 3198              		.loc 1 1340 3 view .LVU922
 3199 009c BEE7     		b	.L267
 3200              	.LVL216:
 3201              	.L271:
1359:Drivers/STM32WBxx_HAL_Driver/Src/stm32wbxx_hal_tim_ex.c ****   }
 3202              		.loc 1 1359 5 is_stmt 0 discriminator 2 view .LVU923
 3203 009e 042D     		cmp	r5, #4
 3204 00a0 06D0     		beq	.L276
1359:Drivers/STM32WBxx_HAL_Driver/Src/stm32wbxx_hal_tim_ex.c ****   }
 3205              		.loc 1 1359 5 discriminator 4 view .LVU924
 3206 00a2 082D     		cmp	r5, #8
 3207 00a4 09D0     		beq	.L277
1359:Drivers/STM32WBxx_HAL_Driver/Src/stm32wbxx_hal_tim_ex.c ****   }
 3208              		.loc 1 1359 5 discriminator 7 view .LVU925
 3209 00a6 0123     		movs	r3, #1
 3210 00a8 84F84730 		strb	r3, [r4, #71]
 3211 00ac 0020     		movs	r0, #0
 3212 00ae E9E7     		b	.L266
 3213              	.L276:
1359:Drivers/STM32WBxx_HAL_Driver/Src/stm32wbxx_hal_tim_ex.c ****   }
 3214              		.loc 1 1359 5 discriminator 3 view .LVU926
 3215 00b0 0123     		movs	r3, #1
 3216 00b2 84F84530 		strb	r3, [r4, #69]
 3217 00b6 0020     		movs	r0, #0
 3218 00b8 E4E7     		b	.L266
 3219              	.L277:
1359:Drivers/STM32WBxx_HAL_Driver/Src/stm32wbxx_hal_tim_ex.c ****   }
 3220              		.loc 1 1359 5 discriminator 6 view .LVU927
 3221 00ba 0123     		movs	r3, #1
 3222 00bc 84F84630 		strb	r3, [r4, #70]
 3223 00c0 0020     		movs	r0, #0
 3224 00c2 DFE7     		b	.L266
 3225              	.LVL217:
 3226              	.L274:
1312:Drivers/STM32WBxx_HAL_Driver/Src/stm32wbxx_hal_tim_ex.c ****   {
 3227              		.loc 1 1312 3 view .LVU928
 3228 00c4 0120     		movs	r0, #1
 3229              	.LVL218:
1312:Drivers/STM32WBxx_HAL_Driver/Src/stm32wbxx_hal_tim_ex.c ****   {
 3230              		.loc 1 1312 3 view .LVU929
 3231 00c6 DDE7     		b	.L266
ARM GAS  /var/folders/98/ctz5mtps7w71v8dr53cf5qg40000gn/T//ccO5oMcB.s 			page 122


 3232              		.cfi_endproc
 3233              	.LFE969:
 3235              		.section	.text.HAL_TIMEx_PWMN_Start_DMA,"ax",%progbits
 3236              		.align	1
 3237              		.global	HAL_TIMEx_PWMN_Start_DMA
 3238              		.syntax unified
 3239              		.thumb
 3240              		.thumb_func
 3242              	HAL_TIMEx_PWMN_Start_DMA:
 3243              	.LVL219:
 3244              	.LFB970:
1381:Drivers/STM32WBxx_HAL_Driver/Src/stm32wbxx_hal_tim_ex.c ****   HAL_StatusTypeDef status = HAL_OK;
 3245              		.loc 1 1381 1 is_stmt 1 view -0
 3246              		.cfi_startproc
 3247              		@ args = 0, pretend = 0, frame = 0
 3248              		@ frame_needed = 0, uses_anonymous_args = 0
1381:Drivers/STM32WBxx_HAL_Driver/Src/stm32wbxx_hal_tim_ex.c ****   HAL_StatusTypeDef status = HAL_OK;
 3249              		.loc 1 1381 1 is_stmt 0 view .LVU931
 3250 0000 70B5     		push	{r4, r5, r6, lr}
 3251              	.LCFI24:
 3252              		.cfi_def_cfa_offset 16
 3253              		.cfi_offset 4, -16
 3254              		.cfi_offset 5, -12
 3255              		.cfi_offset 6, -8
 3256              		.cfi_offset 14, -4
 3257 0002 0446     		mov	r4, r0
 3258 0004 1646     		mov	r6, r2
1382:Drivers/STM32WBxx_HAL_Driver/Src/stm32wbxx_hal_tim_ex.c ****   uint32_t tmpsmcr;
 3259              		.loc 1 1382 3 is_stmt 1 view .LVU932
 3260              	.LVL220:
1383:Drivers/STM32WBxx_HAL_Driver/Src/stm32wbxx_hal_tim_ex.c **** 
 3261              		.loc 1 1383 3 view .LVU933
1386:Drivers/STM32WBxx_HAL_Driver/Src/stm32wbxx_hal_tim_ex.c **** 
 3262              		.loc 1 1386 3 view .LVU934
1389:Drivers/STM32WBxx_HAL_Driver/Src/stm32wbxx_hal_tim_ex.c ****   {
 3263              		.loc 1 1389 3 view .LVU935
1389:Drivers/STM32WBxx_HAL_Driver/Src/stm32wbxx_hal_tim_ex.c ****   {
 3264              		.loc 1 1389 46 is_stmt 0 view .LVU936
 3265 0006 0D46     		mov	r5, r1
 3266 0008 0029     		cmp	r1, #0
 3267 000a 4CD1     		bne	.L279
1389:Drivers/STM32WBxx_HAL_Driver/Src/stm32wbxx_hal_tim_ex.c ****   {
 3268              		.loc 1 1389 7 discriminator 1 view .LVU937
 3269 000c 90F84400 		ldrb	r0, [r0, #68]	@ zero_extendqisi2
 3270              	.LVL221:
1389:Drivers/STM32WBxx_HAL_Driver/Src/stm32wbxx_hal_tim_ex.c ****   {
 3271              		.loc 1 1389 46 discriminator 1 view .LVU938
 3272 0010 0228     		cmp	r0, #2
 3273 0012 14BF     		ite	ne
 3274 0014 0020     		movne	r0, #0
 3275 0016 0120     		moveq	r0, #1
 3276              	.L280:
1389:Drivers/STM32WBxx_HAL_Driver/Src/stm32wbxx_hal_tim_ex.c ****   {
 3277              		.loc 1 1389 6 discriminator 12 view .LVU939
 3278 0018 0028     		cmp	r0, #0
 3279 001a 40F0C680 		bne	.L297
1393:Drivers/STM32WBxx_HAL_Driver/Src/stm32wbxx_hal_tim_ex.c ****   {
ARM GAS  /var/folders/98/ctz5mtps7w71v8dr53cf5qg40000gn/T//ccO5oMcB.s 			page 123


 3280              		.loc 1 1393 8 is_stmt 1 view .LVU940
1393:Drivers/STM32WBxx_HAL_Driver/Src/stm32wbxx_hal_tim_ex.c ****   {
 3281              		.loc 1 1393 51 is_stmt 0 view .LVU941
 3282 001e 002D     		cmp	r5, #0
 3283 0020 5AD1     		bne	.L284
1393:Drivers/STM32WBxx_HAL_Driver/Src/stm32wbxx_hal_tim_ex.c ****   {
 3284              		.loc 1 1393 12 discriminator 1 view .LVU942
 3285 0022 94F84420 		ldrb	r2, [r4, #68]	@ zero_extendqisi2
 3286              	.LVL222:
1393:Drivers/STM32WBxx_HAL_Driver/Src/stm32wbxx_hal_tim_ex.c ****   {
 3287              		.loc 1 1393 51 discriminator 1 view .LVU943
 3288 0026 012A     		cmp	r2, #1
 3289 0028 14BF     		ite	ne
 3290 002a 0022     		movne	r2, #0
 3291 002c 0122     		moveq	r2, #1
 3292              	.L285:
1393:Drivers/STM32WBxx_HAL_Driver/Src/stm32wbxx_hal_tim_ex.c ****   {
 3293              		.loc 1 1393 11 discriminator 12 view .LVU944
 3294 002e 002A     		cmp	r2, #0
 3295 0030 00F0BD80 		beq	.L298
1395:Drivers/STM32WBxx_HAL_Driver/Src/stm32wbxx_hal_tim_ex.c ****     {
 3296              		.loc 1 1395 5 is_stmt 1 view .LVU945
1395:Drivers/STM32WBxx_HAL_Driver/Src/stm32wbxx_hal_tim_ex.c ****     {
 3297              		.loc 1 1395 8 is_stmt 0 view .LVU946
 3298 0034 002E     		cmp	r6, #0
 3299 0036 00F0BC80 		beq	.L299
1395:Drivers/STM32WBxx_HAL_Driver/Src/stm32wbxx_hal_tim_ex.c ****     {
 3300              		.loc 1 1395 25 discriminator 1 view .LVU947
 3301 003a 002B     		cmp	r3, #0
 3302 003c 00F0BB80 		beq	.L300
1401:Drivers/STM32WBxx_HAL_Driver/Src/stm32wbxx_hal_tim_ex.c ****     }
 3303              		.loc 1 1401 7 is_stmt 1 view .LVU948
 3304 0040 002D     		cmp	r5, #0
 3305 0042 62D1     		bne	.L288
1401:Drivers/STM32WBxx_HAL_Driver/Src/stm32wbxx_hal_tim_ex.c ****     }
 3306              		.loc 1 1401 7 is_stmt 0 discriminator 1 view .LVU949
 3307 0044 0222     		movs	r2, #2
 3308 0046 84F84420 		strb	r2, [r4, #68]
1409:Drivers/STM32WBxx_HAL_Driver/Src/stm32wbxx_hal_tim_ex.c ****   {
 3309              		.loc 1 1409 3 is_stmt 1 view .LVU950
 3310              	.L289:
1414:Drivers/STM32WBxx_HAL_Driver/Src/stm32wbxx_hal_tim_ex.c ****       htim->hdma[TIM_DMA_ID_CC1]->XferHalfCpltCallback = TIM_DMADelayPulseHalfCplt;
 3311              		.loc 1 1414 7 view .LVU951
1414:Drivers/STM32WBxx_HAL_Driver/Src/stm32wbxx_hal_tim_ex.c ****       htim->hdma[TIM_DMA_ID_CC1]->XferHalfCpltCallback = TIM_DMADelayPulseHalfCplt;
 3312              		.loc 1 1414 17 is_stmt 0 view .LVU952
 3313 004a 626A     		ldr	r2, [r4, #36]
1414:Drivers/STM32WBxx_HAL_Driver/Src/stm32wbxx_hal_tim_ex.c ****       htim->hdma[TIM_DMA_ID_CC1]->XferHalfCpltCallback = TIM_DMADelayPulseHalfCplt;
 3314              		.loc 1 1414 52 view .LVU953
 3315 004c 6049     		ldr	r1, .L314
 3316              	.LVL223:
1414:Drivers/STM32WBxx_HAL_Driver/Src/stm32wbxx_hal_tim_ex.c ****       htim->hdma[TIM_DMA_ID_CC1]->XferHalfCpltCallback = TIM_DMADelayPulseHalfCplt;
 3317              		.loc 1 1414 52 view .LVU954
 3318 004e D162     		str	r1, [r2, #44]
1415:Drivers/STM32WBxx_HAL_Driver/Src/stm32wbxx_hal_tim_ex.c **** 
 3319              		.loc 1 1415 7 is_stmt 1 view .LVU955
1415:Drivers/STM32WBxx_HAL_Driver/Src/stm32wbxx_hal_tim_ex.c **** 
 3320              		.loc 1 1415 17 is_stmt 0 view .LVU956
ARM GAS  /var/folders/98/ctz5mtps7w71v8dr53cf5qg40000gn/T//ccO5oMcB.s 			page 124


 3321 0050 626A     		ldr	r2, [r4, #36]
1415:Drivers/STM32WBxx_HAL_Driver/Src/stm32wbxx_hal_tim_ex.c **** 
 3322              		.loc 1 1415 56 view .LVU957
 3323 0052 6049     		ldr	r1, .L314+4
 3324 0054 1163     		str	r1, [r2, #48]
1418:Drivers/STM32WBxx_HAL_Driver/Src/stm32wbxx_hal_tim_ex.c **** 
 3325              		.loc 1 1418 7 is_stmt 1 view .LVU958
1418:Drivers/STM32WBxx_HAL_Driver/Src/stm32wbxx_hal_tim_ex.c **** 
 3326              		.loc 1 1418 17 is_stmt 0 view .LVU959
 3327 0056 626A     		ldr	r2, [r4, #36]
1418:Drivers/STM32WBxx_HAL_Driver/Src/stm32wbxx_hal_tim_ex.c **** 
 3328              		.loc 1 1418 53 view .LVU960
 3329 0058 5F49     		ldr	r1, .L314+8
 3330 005a 5163     		str	r1, [r2, #52]
1421:Drivers/STM32WBxx_HAL_Driver/Src/stm32wbxx_hal_tim_ex.c ****                            Length) != HAL_OK)
 3331              		.loc 1 1421 7 is_stmt 1 view .LVU961
1421:Drivers/STM32WBxx_HAL_Driver/Src/stm32wbxx_hal_tim_ex.c ****                            Length) != HAL_OK)
 3332              		.loc 1 1421 88 is_stmt 0 view .LVU962
 3333 005c 2268     		ldr	r2, [r4]
1421:Drivers/STM32WBxx_HAL_Driver/Src/stm32wbxx_hal_tim_ex.c ****                            Length) != HAL_OK)
 3334              		.loc 1 1421 11 view .LVU963
 3335 005e 3432     		adds	r2, r2, #52
 3336 0060 3146     		mov	r1, r6
 3337 0062 606A     		ldr	r0, [r4, #36]
 3338 0064 FFF7FEFF 		bl	HAL_DMA_Start_IT
 3339              	.LVL224:
1421:Drivers/STM32WBxx_HAL_Driver/Src/stm32wbxx_hal_tim_ex.c ****                            Length) != HAL_OK)
 3340              		.loc 1 1421 10 discriminator 1 view .LVU964
 3341 0068 0028     		cmp	r0, #0
 3342 006a 40F0A680 		bne	.L302
1428:Drivers/STM32WBxx_HAL_Driver/Src/stm32wbxx_hal_tim_ex.c ****       break;
 3343              		.loc 1 1428 7 is_stmt 1 view .LVU965
 3344 006e 2268     		ldr	r2, [r4]
 3345 0070 D368     		ldr	r3, [r2, #12]
 3346 0072 43F40073 		orr	r3, r3, #512
 3347 0076 D360     		str	r3, [r2, #12]
1429:Drivers/STM32WBxx_HAL_Driver/Src/stm32wbxx_hal_tim_ex.c ****     }
 3348              		.loc 1 1429 7 view .LVU966
1479:Drivers/STM32WBxx_HAL_Driver/Src/stm32wbxx_hal_tim_ex.c ****   {
 3349              		.loc 1 1479 3 view .LVU967
 3350              	.L294:
1482:Drivers/STM32WBxx_HAL_Driver/Src/stm32wbxx_hal_tim_ex.c **** 
 3351              		.loc 1 1482 5 view .LVU968
 3352 0078 0422     		movs	r2, #4
 3353 007a 2946     		mov	r1, r5
 3354 007c 2068     		ldr	r0, [r4]
 3355 007e FFF7FEFF 		bl	TIM_CCxNChannelCmd
 3356              	.LVL225:
1485:Drivers/STM32WBxx_HAL_Driver/Src/stm32wbxx_hal_tim_ex.c **** 
 3357              		.loc 1 1485 5 view .LVU969
 3358 0082 2268     		ldr	r2, [r4]
 3359 0084 536C     		ldr	r3, [r2, #68]
 3360 0086 43F40043 		orr	r3, r3, #32768
 3361 008a 5364     		str	r3, [r2, #68]
1488:Drivers/STM32WBxx_HAL_Driver/Src/stm32wbxx_hal_tim_ex.c ****     {
 3362              		.loc 1 1488 5 view .LVU970
1488:Drivers/STM32WBxx_HAL_Driver/Src/stm32wbxx_hal_tim_ex.c ****     {
ARM GAS  /var/folders/98/ctz5mtps7w71v8dr53cf5qg40000gn/T//ccO5oMcB.s 			page 125


 3363              		.loc 1 1488 9 is_stmt 0 view .LVU971
 3364 008c 2368     		ldr	r3, [r4]
1488:Drivers/STM32WBxx_HAL_Driver/Src/stm32wbxx_hal_tim_ex.c ****     {
 3365              		.loc 1 1488 8 view .LVU972
 3366 008e 534A     		ldr	r2, .L314+12
 3367 0090 9342     		cmp	r3, r2
 3368 0092 7CD0     		beq	.L295
1488:Drivers/STM32WBxx_HAL_Driver/Src/stm32wbxx_hal_tim_ex.c ****     {
 3369              		.loc 1 1488 9 discriminator 1 view .LVU973
 3370 0094 B3F1804F 		cmp	r3, #1073741824
 3371 0098 79D0     		beq	.L295
1498:Drivers/STM32WBxx_HAL_Driver/Src/stm32wbxx_hal_tim_ex.c ****     }
 3372              		.loc 1 1498 7 is_stmt 1 view .LVU974
 3373 009a 1A68     		ldr	r2, [r3]
 3374 009c 42F00102 		orr	r2, r2, #1
 3375 00a0 1A60     		str	r2, [r3]
 3376 00a2 0020     		movs	r0, #0
 3377 00a4 84E0     		b	.L283
 3378              	.LVL226:
 3379              	.L279:
1389:Drivers/STM32WBxx_HAL_Driver/Src/stm32wbxx_hal_tim_ex.c ****   {
 3380              		.loc 1 1389 46 is_stmt 0 discriminator 2 view .LVU975
 3381 00a6 0429     		cmp	r1, #4
 3382 00a8 08D0     		beq	.L308
1389:Drivers/STM32WBxx_HAL_Driver/Src/stm32wbxx_hal_tim_ex.c ****   {
 3383              		.loc 1 1389 46 discriminator 5 view .LVU976
 3384 00aa 0829     		cmp	r1, #8
 3385 00ac 0DD0     		beq	.L309
1389:Drivers/STM32WBxx_HAL_Driver/Src/stm32wbxx_hal_tim_ex.c ****   {
 3386              		.loc 1 1389 7 discriminator 8 view .LVU977
 3387 00ae 90F84700 		ldrb	r0, [r0, #71]	@ zero_extendqisi2
 3388              	.LVL227:
1389:Drivers/STM32WBxx_HAL_Driver/Src/stm32wbxx_hal_tim_ex.c ****   {
 3389              		.loc 1 1389 46 discriminator 8 view .LVU978
 3390 00b2 0228     		cmp	r0, #2
 3391 00b4 14BF     		ite	ne
 3392 00b6 0020     		movne	r0, #0
 3393 00b8 0120     		moveq	r0, #1
 3394 00ba ADE7     		b	.L280
 3395              	.LVL228:
 3396              	.L308:
1389:Drivers/STM32WBxx_HAL_Driver/Src/stm32wbxx_hal_tim_ex.c ****   {
 3397              		.loc 1 1389 7 discriminator 4 view .LVU979
 3398 00bc 90F84500 		ldrb	r0, [r0, #69]	@ zero_extendqisi2
 3399              	.LVL229:
1389:Drivers/STM32WBxx_HAL_Driver/Src/stm32wbxx_hal_tim_ex.c ****   {
 3400              		.loc 1 1389 46 discriminator 4 view .LVU980
 3401 00c0 0228     		cmp	r0, #2
 3402 00c2 14BF     		ite	ne
 3403 00c4 0020     		movne	r0, #0
 3404 00c6 0120     		moveq	r0, #1
 3405 00c8 A6E7     		b	.L280
 3406              	.LVL230:
 3407              	.L309:
1389:Drivers/STM32WBxx_HAL_Driver/Src/stm32wbxx_hal_tim_ex.c ****   {
 3408              		.loc 1 1389 7 discriminator 7 view .LVU981
 3409 00ca 90F84600 		ldrb	r0, [r0, #70]	@ zero_extendqisi2
ARM GAS  /var/folders/98/ctz5mtps7w71v8dr53cf5qg40000gn/T//ccO5oMcB.s 			page 126


 3410              	.LVL231:
1389:Drivers/STM32WBxx_HAL_Driver/Src/stm32wbxx_hal_tim_ex.c ****   {
 3411              		.loc 1 1389 46 discriminator 7 view .LVU982
 3412 00ce 0228     		cmp	r0, #2
 3413 00d0 14BF     		ite	ne
 3414 00d2 0020     		movne	r0, #0
 3415 00d4 0120     		moveq	r0, #1
 3416 00d6 9FE7     		b	.L280
 3417              	.L284:
1393:Drivers/STM32WBxx_HAL_Driver/Src/stm32wbxx_hal_tim_ex.c ****   {
 3418              		.loc 1 1393 51 discriminator 2 view .LVU983
 3419 00d8 042D     		cmp	r5, #4
 3420 00da 08D0     		beq	.L310
1393:Drivers/STM32WBxx_HAL_Driver/Src/stm32wbxx_hal_tim_ex.c ****   {
 3421              		.loc 1 1393 51 discriminator 5 view .LVU984
 3422 00dc 082D     		cmp	r5, #8
 3423 00de 0DD0     		beq	.L311
1393:Drivers/STM32WBxx_HAL_Driver/Src/stm32wbxx_hal_tim_ex.c ****   {
 3424              		.loc 1 1393 12 discriminator 8 view .LVU985
 3425 00e0 94F84720 		ldrb	r2, [r4, #71]	@ zero_extendqisi2
 3426              	.LVL232:
1393:Drivers/STM32WBxx_HAL_Driver/Src/stm32wbxx_hal_tim_ex.c ****   {
 3427              		.loc 1 1393 51 discriminator 8 view .LVU986
 3428 00e4 012A     		cmp	r2, #1
 3429 00e6 14BF     		ite	ne
 3430 00e8 0022     		movne	r2, #0
 3431 00ea 0122     		moveq	r2, #1
 3432 00ec 9FE7     		b	.L285
 3433              	.LVL233:
 3434              	.L310:
1393:Drivers/STM32WBxx_HAL_Driver/Src/stm32wbxx_hal_tim_ex.c ****   {
 3435              		.loc 1 1393 12 discriminator 4 view .LVU987
 3436 00ee 94F84520 		ldrb	r2, [r4, #69]	@ zero_extendqisi2
 3437              	.LVL234:
1393:Drivers/STM32WBxx_HAL_Driver/Src/stm32wbxx_hal_tim_ex.c ****   {
 3438              		.loc 1 1393 51 discriminator 4 view .LVU988
 3439 00f2 012A     		cmp	r2, #1
 3440 00f4 14BF     		ite	ne
 3441 00f6 0022     		movne	r2, #0
 3442 00f8 0122     		moveq	r2, #1
 3443 00fa 98E7     		b	.L285
 3444              	.LVL235:
 3445              	.L311:
1393:Drivers/STM32WBxx_HAL_Driver/Src/stm32wbxx_hal_tim_ex.c ****   {
 3446              		.loc 1 1393 12 discriminator 7 view .LVU989
 3447 00fc 94F84620 		ldrb	r2, [r4, #70]	@ zero_extendqisi2
 3448              	.LVL236:
1393:Drivers/STM32WBxx_HAL_Driver/Src/stm32wbxx_hal_tim_ex.c ****   {
 3449              		.loc 1 1393 51 discriminator 7 view .LVU990
 3450 0100 012A     		cmp	r2, #1
 3451 0102 14BF     		ite	ne
 3452 0104 0022     		movne	r2, #0
 3453 0106 0122     		moveq	r2, #1
 3454 0108 91E7     		b	.L285
 3455              	.L288:
1401:Drivers/STM32WBxx_HAL_Driver/Src/stm32wbxx_hal_tim_ex.c ****     }
 3456              		.loc 1 1401 7 discriminator 2 view .LVU991
ARM GAS  /var/folders/98/ctz5mtps7w71v8dr53cf5qg40000gn/T//ccO5oMcB.s 			page 127


 3457 010a 042D     		cmp	r5, #4
 3458 010c 0CD0     		beq	.L312
1401:Drivers/STM32WBxx_HAL_Driver/Src/stm32wbxx_hal_tim_ex.c ****     }
 3459              		.loc 1 1401 7 discriminator 4 view .LVU992
 3460 010e 082D     		cmp	r5, #8
 3461 0110 24D0     		beq	.L313
1401:Drivers/STM32WBxx_HAL_Driver/Src/stm32wbxx_hal_tim_ex.c ****     }
 3462              		.loc 1 1401 7 discriminator 7 view .LVU993
 3463 0112 0222     		movs	r2, #2
 3464 0114 84F84720 		strb	r2, [r4, #71]
1409:Drivers/STM32WBxx_HAL_Driver/Src/stm32wbxx_hal_tim_ex.c ****   {
 3465              		.loc 1 1409 3 is_stmt 1 view .LVU994
 3466 0118 042D     		cmp	r5, #4
 3467 011a 08D0     		beq	.L291
 3468 011c 082D     		cmp	r5, #8
 3469 011e 20D0     		beq	.L293
 3470 0120 002D     		cmp	r5, #0
 3471 0122 92D0     		beq	.L289
 3472 0124 0120     		movs	r0, #1
 3473 0126 43E0     		b	.L283
 3474              	.L312:
1401:Drivers/STM32WBxx_HAL_Driver/Src/stm32wbxx_hal_tim_ex.c ****     }
 3475              		.loc 1 1401 7 is_stmt 0 discriminator 3 view .LVU995
 3476 0128 0222     		movs	r2, #2
 3477 012a 84F84520 		strb	r2, [r4, #69]
1409:Drivers/STM32WBxx_HAL_Driver/Src/stm32wbxx_hal_tim_ex.c ****   {
 3478              		.loc 1 1409 3 is_stmt 1 view .LVU996
 3479              	.L291:
1435:Drivers/STM32WBxx_HAL_Driver/Src/stm32wbxx_hal_tim_ex.c ****       htim->hdma[TIM_DMA_ID_CC2]->XferHalfCpltCallback = TIM_DMADelayPulseHalfCplt;
 3480              		.loc 1 1435 7 view .LVU997
1435:Drivers/STM32WBxx_HAL_Driver/Src/stm32wbxx_hal_tim_ex.c ****       htim->hdma[TIM_DMA_ID_CC2]->XferHalfCpltCallback = TIM_DMADelayPulseHalfCplt;
 3481              		.loc 1 1435 17 is_stmt 0 view .LVU998
 3482 012e A26A     		ldr	r2, [r4, #40]
1435:Drivers/STM32WBxx_HAL_Driver/Src/stm32wbxx_hal_tim_ex.c ****       htim->hdma[TIM_DMA_ID_CC2]->XferHalfCpltCallback = TIM_DMADelayPulseHalfCplt;
 3483              		.loc 1 1435 52 view .LVU999
 3484 0130 2749     		ldr	r1, .L314
 3485              	.LVL237:
1435:Drivers/STM32WBxx_HAL_Driver/Src/stm32wbxx_hal_tim_ex.c ****       htim->hdma[TIM_DMA_ID_CC2]->XferHalfCpltCallback = TIM_DMADelayPulseHalfCplt;
 3486              		.loc 1 1435 52 view .LVU1000
 3487 0132 D162     		str	r1, [r2, #44]
1436:Drivers/STM32WBxx_HAL_Driver/Src/stm32wbxx_hal_tim_ex.c **** 
 3488              		.loc 1 1436 7 is_stmt 1 view .LVU1001
1436:Drivers/STM32WBxx_HAL_Driver/Src/stm32wbxx_hal_tim_ex.c **** 
 3489              		.loc 1 1436 17 is_stmt 0 view .LVU1002
 3490 0134 A26A     		ldr	r2, [r4, #40]
1436:Drivers/STM32WBxx_HAL_Driver/Src/stm32wbxx_hal_tim_ex.c **** 
 3491              		.loc 1 1436 56 view .LVU1003
 3492 0136 2749     		ldr	r1, .L314+4
 3493 0138 1163     		str	r1, [r2, #48]
1439:Drivers/STM32WBxx_HAL_Driver/Src/stm32wbxx_hal_tim_ex.c **** 
 3494              		.loc 1 1439 7 is_stmt 1 view .LVU1004
1439:Drivers/STM32WBxx_HAL_Driver/Src/stm32wbxx_hal_tim_ex.c **** 
 3495              		.loc 1 1439 17 is_stmt 0 view .LVU1005
 3496 013a A26A     		ldr	r2, [r4, #40]
1439:Drivers/STM32WBxx_HAL_Driver/Src/stm32wbxx_hal_tim_ex.c **** 
 3497              		.loc 1 1439 53 view .LVU1006
 3498 013c 2649     		ldr	r1, .L314+8
ARM GAS  /var/folders/98/ctz5mtps7w71v8dr53cf5qg40000gn/T//ccO5oMcB.s 			page 128


 3499 013e 5163     		str	r1, [r2, #52]
1442:Drivers/STM32WBxx_HAL_Driver/Src/stm32wbxx_hal_tim_ex.c ****                            Length) != HAL_OK)
 3500              		.loc 1 1442 7 is_stmt 1 view .LVU1007
1442:Drivers/STM32WBxx_HAL_Driver/Src/stm32wbxx_hal_tim_ex.c ****                            Length) != HAL_OK)
 3501              		.loc 1 1442 88 is_stmt 0 view .LVU1008
 3502 0140 2268     		ldr	r2, [r4]
1442:Drivers/STM32WBxx_HAL_Driver/Src/stm32wbxx_hal_tim_ex.c ****                            Length) != HAL_OK)
 3503              		.loc 1 1442 11 view .LVU1009
 3504 0142 3832     		adds	r2, r2, #56
 3505 0144 3146     		mov	r1, r6
 3506 0146 A06A     		ldr	r0, [r4, #40]
 3507 0148 FFF7FEFF 		bl	HAL_DMA_Start_IT
 3508              	.LVL238:
1442:Drivers/STM32WBxx_HAL_Driver/Src/stm32wbxx_hal_tim_ex.c ****                            Length) != HAL_OK)
 3509              		.loc 1 1442 10 discriminator 1 view .LVU1010
 3510 014c 0028     		cmp	r0, #0
 3511 014e 36D1     		bne	.L303
1449:Drivers/STM32WBxx_HAL_Driver/Src/stm32wbxx_hal_tim_ex.c ****       break;
 3512              		.loc 1 1449 7 is_stmt 1 view .LVU1011
 3513 0150 2268     		ldr	r2, [r4]
 3514 0152 D368     		ldr	r3, [r2, #12]
 3515 0154 43F48063 		orr	r3, r3, #1024
 3516 0158 D360     		str	r3, [r2, #12]
1450:Drivers/STM32WBxx_HAL_Driver/Src/stm32wbxx_hal_tim_ex.c ****     }
 3517              		.loc 1 1450 7 view .LVU1012
1479:Drivers/STM32WBxx_HAL_Driver/Src/stm32wbxx_hal_tim_ex.c ****   {
 3518              		.loc 1 1479 3 view .LVU1013
 3519 015a 8DE7     		b	.L294
 3520              	.LVL239:
 3521              	.L313:
1401:Drivers/STM32WBxx_HAL_Driver/Src/stm32wbxx_hal_tim_ex.c ****     }
 3522              		.loc 1 1401 7 is_stmt 0 discriminator 6 view .LVU1014
 3523 015c 0222     		movs	r2, #2
 3524 015e 84F84620 		strb	r2, [r4, #70]
1409:Drivers/STM32WBxx_HAL_Driver/Src/stm32wbxx_hal_tim_ex.c ****   {
 3525              		.loc 1 1409 3 is_stmt 1 view .LVU1015
 3526              	.L293:
1456:Drivers/STM32WBxx_HAL_Driver/Src/stm32wbxx_hal_tim_ex.c ****       htim->hdma[TIM_DMA_ID_CC3]->XferHalfCpltCallback = TIM_DMADelayPulseHalfCplt;
 3527              		.loc 1 1456 7 view .LVU1016
1456:Drivers/STM32WBxx_HAL_Driver/Src/stm32wbxx_hal_tim_ex.c ****       htim->hdma[TIM_DMA_ID_CC3]->XferHalfCpltCallback = TIM_DMADelayPulseHalfCplt;
 3528              		.loc 1 1456 17 is_stmt 0 view .LVU1017
 3529 0162 E26A     		ldr	r2, [r4, #44]
1456:Drivers/STM32WBxx_HAL_Driver/Src/stm32wbxx_hal_tim_ex.c ****       htim->hdma[TIM_DMA_ID_CC3]->XferHalfCpltCallback = TIM_DMADelayPulseHalfCplt;
 3530              		.loc 1 1456 52 view .LVU1018
 3531 0164 1A49     		ldr	r1, .L314
 3532              	.LVL240:
1456:Drivers/STM32WBxx_HAL_Driver/Src/stm32wbxx_hal_tim_ex.c ****       htim->hdma[TIM_DMA_ID_CC3]->XferHalfCpltCallback = TIM_DMADelayPulseHalfCplt;
 3533              		.loc 1 1456 52 view .LVU1019
 3534 0166 D162     		str	r1, [r2, #44]
1457:Drivers/STM32WBxx_HAL_Driver/Src/stm32wbxx_hal_tim_ex.c **** 
 3535              		.loc 1 1457 7 is_stmt 1 view .LVU1020
1457:Drivers/STM32WBxx_HAL_Driver/Src/stm32wbxx_hal_tim_ex.c **** 
 3536              		.loc 1 1457 17 is_stmt 0 view .LVU1021
 3537 0168 E26A     		ldr	r2, [r4, #44]
1457:Drivers/STM32WBxx_HAL_Driver/Src/stm32wbxx_hal_tim_ex.c **** 
 3538              		.loc 1 1457 56 view .LVU1022
 3539 016a 1A49     		ldr	r1, .L314+4
ARM GAS  /var/folders/98/ctz5mtps7w71v8dr53cf5qg40000gn/T//ccO5oMcB.s 			page 129


 3540 016c 1163     		str	r1, [r2, #48]
1460:Drivers/STM32WBxx_HAL_Driver/Src/stm32wbxx_hal_tim_ex.c **** 
 3541              		.loc 1 1460 7 is_stmt 1 view .LVU1023
1460:Drivers/STM32WBxx_HAL_Driver/Src/stm32wbxx_hal_tim_ex.c **** 
 3542              		.loc 1 1460 17 is_stmt 0 view .LVU1024
 3543 016e E26A     		ldr	r2, [r4, #44]
1460:Drivers/STM32WBxx_HAL_Driver/Src/stm32wbxx_hal_tim_ex.c **** 
 3544              		.loc 1 1460 53 view .LVU1025
 3545 0170 1949     		ldr	r1, .L314+8
 3546 0172 5163     		str	r1, [r2, #52]
1463:Drivers/STM32WBxx_HAL_Driver/Src/stm32wbxx_hal_tim_ex.c ****                            Length) != HAL_OK)
 3547              		.loc 1 1463 7 is_stmt 1 view .LVU1026
1463:Drivers/STM32WBxx_HAL_Driver/Src/stm32wbxx_hal_tim_ex.c ****                            Length) != HAL_OK)
 3548              		.loc 1 1463 88 is_stmt 0 view .LVU1027
 3549 0174 2268     		ldr	r2, [r4]
1463:Drivers/STM32WBxx_HAL_Driver/Src/stm32wbxx_hal_tim_ex.c ****                            Length) != HAL_OK)
 3550              		.loc 1 1463 11 view .LVU1028
 3551 0176 3C32     		adds	r2, r2, #60
 3552 0178 3146     		mov	r1, r6
 3553 017a E06A     		ldr	r0, [r4, #44]
 3554 017c FFF7FEFF 		bl	HAL_DMA_Start_IT
 3555              	.LVL241:
1463:Drivers/STM32WBxx_HAL_Driver/Src/stm32wbxx_hal_tim_ex.c ****                            Length) != HAL_OK)
 3556              		.loc 1 1463 10 discriminator 1 view .LVU1029
 3557 0180 F8B9     		cbnz	r0, .L304
1470:Drivers/STM32WBxx_HAL_Driver/Src/stm32wbxx_hal_tim_ex.c ****       break;
 3558              		.loc 1 1470 7 is_stmt 1 view .LVU1030
 3559 0182 2268     		ldr	r2, [r4]
 3560 0184 D368     		ldr	r3, [r2, #12]
 3561 0186 43F40063 		orr	r3, r3, #2048
 3562 018a D360     		str	r3, [r2, #12]
1471:Drivers/STM32WBxx_HAL_Driver/Src/stm32wbxx_hal_tim_ex.c ****     }
 3563              		.loc 1 1471 7 view .LVU1031
1479:Drivers/STM32WBxx_HAL_Driver/Src/stm32wbxx_hal_tim_ex.c ****   {
 3564              		.loc 1 1479 3 view .LVU1032
 3565 018c 74E7     		b	.L294
 3566              	.L295:
1490:Drivers/STM32WBxx_HAL_Driver/Src/stm32wbxx_hal_tim_ex.c ****       if (!IS_TIM_SLAVEMODE_TRIGGER_ENABLED(tmpsmcr))
 3567              		.loc 1 1490 7 view .LVU1033
1490:Drivers/STM32WBxx_HAL_Driver/Src/stm32wbxx_hal_tim_ex.c ****       if (!IS_TIM_SLAVEMODE_TRIGGER_ENABLED(tmpsmcr))
 3568              		.loc 1 1490 31 is_stmt 0 view .LVU1034
 3569 018e 9968     		ldr	r1, [r3, #8]
1490:Drivers/STM32WBxx_HAL_Driver/Src/stm32wbxx_hal_tim_ex.c ****       if (!IS_TIM_SLAVEMODE_TRIGGER_ENABLED(tmpsmcr))
 3570              		.loc 1 1490 15 view .LVU1035
 3571 0190 134A     		ldr	r2, .L314+16
 3572 0192 0A40     		ands	r2, r2, r1
 3573              	.LVL242:
1491:Drivers/STM32WBxx_HAL_Driver/Src/stm32wbxx_hal_tim_ex.c ****       {
 3574              		.loc 1 1491 7 is_stmt 1 view .LVU1036
1491:Drivers/STM32WBxx_HAL_Driver/Src/stm32wbxx_hal_tim_ex.c ****       {
 3575              		.loc 1 1491 10 is_stmt 0 view .LVU1037
 3576 0194 062A     		cmp	r2, #6
 3577 0196 16D0     		beq	.L305
1491:Drivers/STM32WBxx_HAL_Driver/Src/stm32wbxx_hal_tim_ex.c ****       {
 3578              		.loc 1 1491 11 discriminator 1 view .LVU1038
 3579 0198 B2F5803F 		cmp	r2, #65536
 3580 019c 15D0     		beq	.L306
ARM GAS  /var/folders/98/ctz5mtps7w71v8dr53cf5qg40000gn/T//ccO5oMcB.s 			page 130


1493:Drivers/STM32WBxx_HAL_Driver/Src/stm32wbxx_hal_tim_ex.c ****       }
 3581              		.loc 1 1493 9 is_stmt 1 view .LVU1039
 3582 019e 1A68     		ldr	r2, [r3]
 3583              	.LVL243:
1493:Drivers/STM32WBxx_HAL_Driver/Src/stm32wbxx_hal_tim_ex.c ****       }
 3584              		.loc 1 1493 9 is_stmt 0 view .LVU1040
 3585 01a0 42F00102 		orr	r2, r2, #1
 3586 01a4 1A60     		str	r2, [r3]
 3587 01a6 0020     		movs	r0, #0
 3588 01a8 02E0     		b	.L283
 3589              	.LVL244:
 3590              	.L297:
1391:Drivers/STM32WBxx_HAL_Driver/Src/stm32wbxx_hal_tim_ex.c ****   }
 3591              		.loc 1 1391 12 view .LVU1041
 3592 01aa 0220     		movs	r0, #2
 3593 01ac 00E0     		b	.L283
 3594              	.LVL245:
 3595              	.L298:
1406:Drivers/STM32WBxx_HAL_Driver/Src/stm32wbxx_hal_tim_ex.c ****   }
 3596              		.loc 1 1406 12 view .LVU1042
 3597 01ae 0120     		movs	r0, #1
 3598              	.LVL246:
 3599              	.L283:
1504:Drivers/STM32WBxx_HAL_Driver/Src/stm32wbxx_hal_tim_ex.c **** 
 3600              		.loc 1 1504 1 view .LVU1043
 3601 01b0 70BD     		pop	{r4, r5, r6, pc}
 3602              	.LVL247:
 3603              	.L299:
1397:Drivers/STM32WBxx_HAL_Driver/Src/stm32wbxx_hal_tim_ex.c ****     }
 3604              		.loc 1 1397 14 view .LVU1044
 3605 01b2 0120     		movs	r0, #1
 3606 01b4 FCE7     		b	.L283
 3607              	.L300:
 3608 01b6 0120     		movs	r0, #1
 3609 01b8 FAE7     		b	.L283
 3610              	.LVL248:
 3611              	.L302:
1425:Drivers/STM32WBxx_HAL_Driver/Src/stm32wbxx_hal_tim_ex.c ****       }
 3612              		.loc 1 1425 16 view .LVU1045
 3613 01ba 0120     		movs	r0, #1
 3614 01bc F8E7     		b	.L283
 3615              	.L303:
1446:Drivers/STM32WBxx_HAL_Driver/Src/stm32wbxx_hal_tim_ex.c ****       }
 3616              		.loc 1 1446 16 view .LVU1046
 3617 01be 0120     		movs	r0, #1
 3618 01c0 F6E7     		b	.L283
 3619              	.L304:
1467:Drivers/STM32WBxx_HAL_Driver/Src/stm32wbxx_hal_tim_ex.c ****       }
 3620              		.loc 1 1467 16 view .LVU1047
 3621 01c2 0120     		movs	r0, #1
 3622 01c4 F4E7     		b	.L283
 3623              	.LVL249:
 3624              	.L305:
1467:Drivers/STM32WBxx_HAL_Driver/Src/stm32wbxx_hal_tim_ex.c ****       }
 3625              		.loc 1 1467 16 view .LVU1048
 3626 01c6 0020     		movs	r0, #0
 3627 01c8 F2E7     		b	.L283
ARM GAS  /var/folders/98/ctz5mtps7w71v8dr53cf5qg40000gn/T//ccO5oMcB.s 			page 131


 3628              	.L306:
 3629 01ca 0020     		movs	r0, #0
 3630 01cc F0E7     		b	.L283
 3631              	.L315:
 3632 01ce 00BF     		.align	2
 3633              	.L314:
 3634 01d0 00000000 		.word	TIM_DMADelayPulseNCplt
 3635 01d4 00000000 		.word	TIM_DMADelayPulseHalfCplt
 3636 01d8 00000000 		.word	TIM_DMAErrorCCxN
 3637 01dc 002C0140 		.word	1073818624
 3638 01e0 07000100 		.word	65543
 3639              		.cfi_endproc
 3640              	.LFE970:
 3642              		.section	.text.HAL_TIMEx_PWMN_Stop_DMA,"ax",%progbits
 3643              		.align	1
 3644              		.global	HAL_TIMEx_PWMN_Stop_DMA
 3645              		.syntax unified
 3646              		.thumb
 3647              		.thumb_func
 3649              	HAL_TIMEx_PWMN_Stop_DMA:
 3650              	.LVL250:
 3651              	.LFB971:
1518:Drivers/STM32WBxx_HAL_Driver/Src/stm32wbxx_hal_tim_ex.c ****   HAL_StatusTypeDef status = HAL_OK;
 3652              		.loc 1 1518 1 is_stmt 1 view -0
 3653              		.cfi_startproc
 3654              		@ args = 0, pretend = 0, frame = 0
 3655              		@ frame_needed = 0, uses_anonymous_args = 0
1518:Drivers/STM32WBxx_HAL_Driver/Src/stm32wbxx_hal_tim_ex.c ****   HAL_StatusTypeDef status = HAL_OK;
 3656              		.loc 1 1518 1 is_stmt 0 view .LVU1050
 3657 0000 38B5     		push	{r3, r4, r5, lr}
 3658              	.LCFI25:
 3659              		.cfi_def_cfa_offset 16
 3660              		.cfi_offset 3, -16
 3661              		.cfi_offset 4, -12
 3662              		.cfi_offset 5, -8
 3663              		.cfi_offset 14, -4
 3664 0002 0446     		mov	r4, r0
 3665 0004 0D46     		mov	r5, r1
1519:Drivers/STM32WBxx_HAL_Driver/Src/stm32wbxx_hal_tim_ex.c **** 
 3666              		.loc 1 1519 3 is_stmt 1 view .LVU1051
 3667              	.LVL251:
1522:Drivers/STM32WBxx_HAL_Driver/Src/stm32wbxx_hal_tim_ex.c **** 
 3668              		.loc 1 1522 3 view .LVU1052
1524:Drivers/STM32WBxx_HAL_Driver/Src/stm32wbxx_hal_tim_ex.c ****   {
 3669              		.loc 1 1524 3 view .LVU1053
 3670 0006 0429     		cmp	r1, #4
 3671 0008 36D0     		beq	.L317
 3672 000a 0829     		cmp	r1, #8
 3673 000c 3DD0     		beq	.L318
 3674 000e 0029     		cmp	r1, #0
 3675 0010 57D1     		bne	.L326
1529:Drivers/STM32WBxx_HAL_Driver/Src/stm32wbxx_hal_tim_ex.c ****       (void)HAL_DMA_Abort_IT(htim->hdma[TIM_DMA_ID_CC1]);
 3676              		.loc 1 1529 7 view .LVU1054
 3677 0012 0268     		ldr	r2, [r0]
 3678 0014 D368     		ldr	r3, [r2, #12]
 3679 0016 23F40073 		bic	r3, r3, #512
 3680 001a D360     		str	r3, [r2, #12]
ARM GAS  /var/folders/98/ctz5mtps7w71v8dr53cf5qg40000gn/T//ccO5oMcB.s 			page 132


1530:Drivers/STM32WBxx_HAL_Driver/Src/stm32wbxx_hal_tim_ex.c ****       break;
 3681              		.loc 1 1530 7 view .LVU1055
1530:Drivers/STM32WBxx_HAL_Driver/Src/stm32wbxx_hal_tim_ex.c ****       break;
 3682              		.loc 1 1530 13 is_stmt 0 view .LVU1056
 3683 001c 406A     		ldr	r0, [r0, #36]
 3684              	.LVL252:
1530:Drivers/STM32WBxx_HAL_Driver/Src/stm32wbxx_hal_tim_ex.c ****       break;
 3685              		.loc 1 1530 13 view .LVU1057
 3686 001e FFF7FEFF 		bl	HAL_DMA_Abort_IT
 3687              	.LVL253:
1531:Drivers/STM32WBxx_HAL_Driver/Src/stm32wbxx_hal_tim_ex.c ****     }
 3688              		.loc 1 1531 7 is_stmt 1 view .LVU1058
1555:Drivers/STM32WBxx_HAL_Driver/Src/stm32wbxx_hal_tim_ex.c ****   {
 3689              		.loc 1 1555 3 view .LVU1059
 3690              	.L320:
1558:Drivers/STM32WBxx_HAL_Driver/Src/stm32wbxx_hal_tim_ex.c **** 
 3691              		.loc 1 1558 5 view .LVU1060
 3692 0022 0022     		movs	r2, #0
 3693 0024 2946     		mov	r1, r5
 3694 0026 2068     		ldr	r0, [r4]
 3695 0028 FFF7FEFF 		bl	TIM_CCxNChannelCmd
 3696              	.LVL254:
1561:Drivers/STM32WBxx_HAL_Driver/Src/stm32wbxx_hal_tim_ex.c **** 
 3697              		.loc 1 1561 5 view .LVU1061
1561:Drivers/STM32WBxx_HAL_Driver/Src/stm32wbxx_hal_tim_ex.c **** 
 3698              		.loc 1 1561 5 view .LVU1062
 3699 002c 2268     		ldr	r2, [r4]
 3700 002e 136A     		ldr	r3, [r2, #32]
 3701 0030 03F01133 		and	r3, r3, #286331153
 3702 0034 23F08853 		bic	r3, r3, #285212672
 3703 0038 43B9     		cbnz	r3, .L321
1561:Drivers/STM32WBxx_HAL_Driver/Src/stm32wbxx_hal_tim_ex.c **** 
 3704              		.loc 1 1561 5 discriminator 1 view .LVU1063
 3705 003a 116A     		ldr	r1, [r2, #32]
 3706 003c 40F24443 		movw	r3, #1092
 3707 0040 1942     		tst	r1, r3
 3708 0042 03D1     		bne	.L321
1561:Drivers/STM32WBxx_HAL_Driver/Src/stm32wbxx_hal_tim_ex.c **** 
 3709              		.loc 1 1561 5 discriminator 3 view .LVU1064
 3710 0044 536C     		ldr	r3, [r2, #68]
 3711 0046 23F40043 		bic	r3, r3, #32768
 3712 004a 5364     		str	r3, [r2, #68]
 3713              	.L321:
1561:Drivers/STM32WBxx_HAL_Driver/Src/stm32wbxx_hal_tim_ex.c **** 
 3714              		.loc 1 1561 5 discriminator 5 view .LVU1065
1564:Drivers/STM32WBxx_HAL_Driver/Src/stm32wbxx_hal_tim_ex.c **** 
 3715              		.loc 1 1564 5 view .LVU1066
1564:Drivers/STM32WBxx_HAL_Driver/Src/stm32wbxx_hal_tim_ex.c **** 
 3716              		.loc 1 1564 5 view .LVU1067
 3717 004c 2268     		ldr	r2, [r4]
 3718 004e 136A     		ldr	r3, [r2, #32]
 3719 0050 03F01133 		and	r3, r3, #286331153
 3720 0054 23F08853 		bic	r3, r3, #285212672
 3721 0058 43B9     		cbnz	r3, .L322
1564:Drivers/STM32WBxx_HAL_Driver/Src/stm32wbxx_hal_tim_ex.c **** 
 3722              		.loc 1 1564 5 discriminator 1 view .LVU1068
 3723 005a 116A     		ldr	r1, [r2, #32]
ARM GAS  /var/folders/98/ctz5mtps7w71v8dr53cf5qg40000gn/T//ccO5oMcB.s 			page 133


 3724 005c 40F24443 		movw	r3, #1092
 3725 0060 1942     		tst	r1, r3
 3726 0062 03D1     		bne	.L322
1564:Drivers/STM32WBxx_HAL_Driver/Src/stm32wbxx_hal_tim_ex.c **** 
 3727              		.loc 1 1564 5 discriminator 3 view .LVU1069
 3728 0064 1368     		ldr	r3, [r2]
 3729 0066 23F00103 		bic	r3, r3, #1
 3730 006a 1360     		str	r3, [r2]
 3731              	.L322:
1564:Drivers/STM32WBxx_HAL_Driver/Src/stm32wbxx_hal_tim_ex.c **** 
 3732              		.loc 1 1564 5 discriminator 5 view .LVU1070
1567:Drivers/STM32WBxx_HAL_Driver/Src/stm32wbxx_hal_tim_ex.c ****   }
 3733              		.loc 1 1567 5 view .LVU1071
 3734 006c B5B9     		cbnz	r5, .L323
1567:Drivers/STM32WBxx_HAL_Driver/Src/stm32wbxx_hal_tim_ex.c ****   }
 3735              		.loc 1 1567 5 is_stmt 0 discriminator 1 view .LVU1072
 3736 006e 0123     		movs	r3, #1
 3737 0070 84F84430 		strb	r3, [r4, #68]
 3738 0074 0020     		movs	r0, #0
 3739              	.L319:
 3740              	.LVL255:
1571:Drivers/STM32WBxx_HAL_Driver/Src/stm32wbxx_hal_tim_ex.c **** }
 3741              		.loc 1 1571 3 is_stmt 1 view .LVU1073
1572:Drivers/STM32WBxx_HAL_Driver/Src/stm32wbxx_hal_tim_ex.c **** 
 3742              		.loc 1 1572 1 is_stmt 0 view .LVU1074
 3743 0076 38BD     		pop	{r3, r4, r5, pc}
 3744              	.LVL256:
 3745              	.L317:
1537:Drivers/STM32WBxx_HAL_Driver/Src/stm32wbxx_hal_tim_ex.c ****       (void)HAL_DMA_Abort_IT(htim->hdma[TIM_DMA_ID_CC2]);
 3746              		.loc 1 1537 7 is_stmt 1 view .LVU1075
 3747 0078 0268     		ldr	r2, [r0]
 3748 007a D368     		ldr	r3, [r2, #12]
 3749 007c 23F48063 		bic	r3, r3, #1024
 3750 0080 D360     		str	r3, [r2, #12]
1538:Drivers/STM32WBxx_HAL_Driver/Src/stm32wbxx_hal_tim_ex.c ****       break;
 3751              		.loc 1 1538 7 view .LVU1076
1538:Drivers/STM32WBxx_HAL_Driver/Src/stm32wbxx_hal_tim_ex.c ****       break;
 3752              		.loc 1 1538 13 is_stmt 0 view .LVU1077
 3753 0082 806A     		ldr	r0, [r0, #40]
 3754              	.LVL257:
1538:Drivers/STM32WBxx_HAL_Driver/Src/stm32wbxx_hal_tim_ex.c ****       break;
 3755              		.loc 1 1538 13 view .LVU1078
 3756 0084 FFF7FEFF 		bl	HAL_DMA_Abort_IT
 3757              	.LVL258:
1539:Drivers/STM32WBxx_HAL_Driver/Src/stm32wbxx_hal_tim_ex.c ****     }
 3758              		.loc 1 1539 7 is_stmt 1 view .LVU1079
1555:Drivers/STM32WBxx_HAL_Driver/Src/stm32wbxx_hal_tim_ex.c ****   {
 3759              		.loc 1 1555 3 view .LVU1080
 3760 0088 CBE7     		b	.L320
 3761              	.LVL259:
 3762              	.L318:
1545:Drivers/STM32WBxx_HAL_Driver/Src/stm32wbxx_hal_tim_ex.c ****       (void)HAL_DMA_Abort_IT(htim->hdma[TIM_DMA_ID_CC3]);
 3763              		.loc 1 1545 7 view .LVU1081
 3764 008a 0268     		ldr	r2, [r0]
 3765 008c D368     		ldr	r3, [r2, #12]
 3766 008e 23F40063 		bic	r3, r3, #2048
 3767 0092 D360     		str	r3, [r2, #12]
ARM GAS  /var/folders/98/ctz5mtps7w71v8dr53cf5qg40000gn/T//ccO5oMcB.s 			page 134


1546:Drivers/STM32WBxx_HAL_Driver/Src/stm32wbxx_hal_tim_ex.c ****       break;
 3768              		.loc 1 1546 7 view .LVU1082
1546:Drivers/STM32WBxx_HAL_Driver/Src/stm32wbxx_hal_tim_ex.c ****       break;
 3769              		.loc 1 1546 13 is_stmt 0 view .LVU1083
 3770 0094 C06A     		ldr	r0, [r0, #44]
 3771              	.LVL260:
1546:Drivers/STM32WBxx_HAL_Driver/Src/stm32wbxx_hal_tim_ex.c ****       break;
 3772              		.loc 1 1546 13 view .LVU1084
 3773 0096 FFF7FEFF 		bl	HAL_DMA_Abort_IT
 3774              	.LVL261:
1547:Drivers/STM32WBxx_HAL_Driver/Src/stm32wbxx_hal_tim_ex.c ****     }
 3775              		.loc 1 1547 7 is_stmt 1 view .LVU1085
1555:Drivers/STM32WBxx_HAL_Driver/Src/stm32wbxx_hal_tim_ex.c ****   {
 3776              		.loc 1 1555 3 view .LVU1086
 3777 009a C2E7     		b	.L320
 3778              	.L323:
1567:Drivers/STM32WBxx_HAL_Driver/Src/stm32wbxx_hal_tim_ex.c ****   }
 3779              		.loc 1 1567 5 is_stmt 0 discriminator 2 view .LVU1087
 3780 009c 042D     		cmp	r5, #4
 3781 009e 06D0     		beq	.L328
1567:Drivers/STM32WBxx_HAL_Driver/Src/stm32wbxx_hal_tim_ex.c ****   }
 3782              		.loc 1 1567 5 discriminator 4 view .LVU1088
 3783 00a0 082D     		cmp	r5, #8
 3784 00a2 09D0     		beq	.L329
1567:Drivers/STM32WBxx_HAL_Driver/Src/stm32wbxx_hal_tim_ex.c ****   }
 3785              		.loc 1 1567 5 discriminator 7 view .LVU1089
 3786 00a4 0123     		movs	r3, #1
 3787 00a6 84F84730 		strb	r3, [r4, #71]
 3788 00aa 0020     		movs	r0, #0
 3789 00ac E3E7     		b	.L319
 3790              	.L328:
1567:Drivers/STM32WBxx_HAL_Driver/Src/stm32wbxx_hal_tim_ex.c ****   }
 3791              		.loc 1 1567 5 discriminator 3 view .LVU1090
 3792 00ae 0123     		movs	r3, #1
 3793 00b0 84F84530 		strb	r3, [r4, #69]
 3794 00b4 0020     		movs	r0, #0
 3795 00b6 DEE7     		b	.L319
 3796              	.L329:
1567:Drivers/STM32WBxx_HAL_Driver/Src/stm32wbxx_hal_tim_ex.c ****   }
 3797              		.loc 1 1567 5 discriminator 6 view .LVU1091
 3798 00b8 0123     		movs	r3, #1
 3799 00ba 84F84630 		strb	r3, [r4, #70]
 3800 00be 0020     		movs	r0, #0
 3801 00c0 D9E7     		b	.L319
 3802              	.LVL262:
 3803              	.L326:
1524:Drivers/STM32WBxx_HAL_Driver/Src/stm32wbxx_hal_tim_ex.c ****   {
 3804              		.loc 1 1524 3 view .LVU1092
 3805 00c2 0120     		movs	r0, #1
 3806              	.LVL263:
1524:Drivers/STM32WBxx_HAL_Driver/Src/stm32wbxx_hal_tim_ex.c ****   {
 3807              		.loc 1 1524 3 view .LVU1093
 3808 00c4 D7E7     		b	.L319
 3809              		.cfi_endproc
 3810              	.LFE971:
 3812              		.section	.text.HAL_TIMEx_OnePulseN_Start,"ax",%progbits
 3813              		.align	1
ARM GAS  /var/folders/98/ctz5mtps7w71v8dr53cf5qg40000gn/T//ccO5oMcB.s 			page 135


 3814              		.global	HAL_TIMEx_OnePulseN_Start
 3815              		.syntax unified
 3816              		.thumb
 3817              		.thumb_func
 3819              	HAL_TIMEx_OnePulseN_Start:
 3820              	.LVL264:
 3821              	.LFB972:
1609:Drivers/STM32WBxx_HAL_Driver/Src/stm32wbxx_hal_tim_ex.c ****   uint32_t input_channel = (OutputChannel == TIM_CHANNEL_1) ? TIM_CHANNEL_2 : TIM_CHANNEL_1;
 3822              		.loc 1 1609 1 is_stmt 1 view -0
 3823              		.cfi_startproc
 3824              		@ args = 0, pretend = 0, frame = 0
 3825              		@ frame_needed = 0, uses_anonymous_args = 0
1609:Drivers/STM32WBxx_HAL_Driver/Src/stm32wbxx_hal_tim_ex.c ****   uint32_t input_channel = (OutputChannel == TIM_CHANNEL_1) ? TIM_CHANNEL_2 : TIM_CHANNEL_1;
 3826              		.loc 1 1609 1 is_stmt 0 view .LVU1095
 3827 0000 70B5     		push	{r4, r5, r6, lr}
 3828              	.LCFI26:
 3829              		.cfi_def_cfa_offset 16
 3830              		.cfi_offset 4, -16
 3831              		.cfi_offset 5, -12
 3832              		.cfi_offset 6, -8
 3833              		.cfi_offset 14, -4
 3834 0002 0446     		mov	r4, r0
1610:Drivers/STM32WBxx_HAL_Driver/Src/stm32wbxx_hal_tim_ex.c ****   HAL_TIM_ChannelStateTypeDef channel_1_state = TIM_CHANNEL_STATE_GET(htim, TIM_CHANNEL_1);
 3835              		.loc 1 1610 3 is_stmt 1 view .LVU1096
1610:Drivers/STM32WBxx_HAL_Driver/Src/stm32wbxx_hal_tim_ex.c ****   HAL_TIM_ChannelStateTypeDef channel_1_state = TIM_CHANNEL_STATE_GET(htim, TIM_CHANNEL_1);
 3836              		.loc 1 1610 77 is_stmt 0 view .LVU1097
 3837 0004 0E46     		mov	r6, r1
 3838 0006 D1B9     		cbnz	r1, .L333
1610:Drivers/STM32WBxx_HAL_Driver/Src/stm32wbxx_hal_tim_ex.c ****   HAL_TIM_ChannelStateTypeDef channel_1_state = TIM_CHANNEL_STATE_GET(htim, TIM_CHANNEL_1);
 3839              		.loc 1 1610 77 discriminator 1 view .LVU1098
 3840 0008 0425     		movs	r5, #4
 3841              	.L331:
 3842              	.LVL265:
1611:Drivers/STM32WBxx_HAL_Driver/Src/stm32wbxx_hal_tim_ex.c ****   HAL_TIM_ChannelStateTypeDef channel_2_state = TIM_CHANNEL_STATE_GET(htim, TIM_CHANNEL_2);
 3843              		.loc 1 1611 3 is_stmt 1 view .LVU1099
1611:Drivers/STM32WBxx_HAL_Driver/Src/stm32wbxx_hal_tim_ex.c ****   HAL_TIM_ChannelStateTypeDef channel_2_state = TIM_CHANNEL_STATE_GET(htim, TIM_CHANNEL_2);
 3844              		.loc 1 1611 31 is_stmt 0 view .LVU1100
 3845 000a 94F83EE0 		ldrb	lr, [r4, #62]	@ zero_extendqisi2
 3846 000e 5FFA8EF0 		uxtb	r0, lr
 3847              	.LVL266:
1612:Drivers/STM32WBxx_HAL_Driver/Src/stm32wbxx_hal_tim_ex.c ****   HAL_TIM_ChannelStateTypeDef complementary_channel_1_state = TIM_CHANNEL_N_STATE_GET(htim, TIM_CHA
 3848              		.loc 1 1612 3 is_stmt 1 view .LVU1101
1612:Drivers/STM32WBxx_HAL_Driver/Src/stm32wbxx_hal_tim_ex.c ****   HAL_TIM_ChannelStateTypeDef complementary_channel_1_state = TIM_CHANNEL_N_STATE_GET(htim, TIM_CHA
 3849              		.loc 1 1612 31 is_stmt 0 view .LVU1102
 3850 0012 94F83F30 		ldrb	r3, [r4, #63]	@ zero_extendqisi2
 3851 0016 DBB2     		uxtb	r3, r3
 3852              	.LVL267:
1613:Drivers/STM32WBxx_HAL_Driver/Src/stm32wbxx_hal_tim_ex.c ****   HAL_TIM_ChannelStateTypeDef complementary_channel_2_state = TIM_CHANNEL_N_STATE_GET(htim, TIM_CHA
 3853              		.loc 1 1613 3 is_stmt 1 view .LVU1103
1613:Drivers/STM32WBxx_HAL_Driver/Src/stm32wbxx_hal_tim_ex.c ****   HAL_TIM_ChannelStateTypeDef complementary_channel_2_state = TIM_CHANNEL_N_STATE_GET(htim, TIM_CHA
 3854              		.loc 1 1613 31 is_stmt 0 view .LVU1104
 3855 0018 94F84420 		ldrb	r2, [r4, #68]	@ zero_extendqisi2
 3856 001c D2B2     		uxtb	r2, r2
 3857              	.LVL268:
1614:Drivers/STM32WBxx_HAL_Driver/Src/stm32wbxx_hal_tim_ex.c **** 
 3858              		.loc 1 1614 3 is_stmt 1 view .LVU1105
1614:Drivers/STM32WBxx_HAL_Driver/Src/stm32wbxx_hal_tim_ex.c **** 
ARM GAS  /var/folders/98/ctz5mtps7w71v8dr53cf5qg40000gn/T//ccO5oMcB.s 			page 136


 3859              		.loc 1 1614 31 is_stmt 0 view .LVU1106
 3860 001e 94F845C0 		ldrb	ip, [r4, #69]	@ zero_extendqisi2
 3861 0022 5FFA8CFC 		uxtb	ip, ip
 3862              	.LVL269:
1617:Drivers/STM32WBxx_HAL_Driver/Src/stm32wbxx_hal_tim_ex.c **** 
 3863              		.loc 1 1617 3 is_stmt 1 view .LVU1107
1620:Drivers/STM32WBxx_HAL_Driver/Src/stm32wbxx_hal_tim_ex.c ****       || (channel_2_state != HAL_TIM_CHANNEL_STATE_READY)
 3864              		.loc 1 1620 3 view .LVU1108
1620:Drivers/STM32WBxx_HAL_Driver/Src/stm32wbxx_hal_tim_ex.c ****       || (channel_2_state != HAL_TIM_CHANNEL_STATE_READY)
 3865              		.loc 1 1620 6 is_stmt 0 view .LVU1109
 3866 0026 BEF1010F 		cmp	lr, #1
 3867 002a 24D1     		bne	.L334
1621:Drivers/STM32WBxx_HAL_Driver/Src/stm32wbxx_hal_tim_ex.c ****       || (complementary_channel_1_state != HAL_TIM_CHANNEL_STATE_READY)
 3868              		.loc 1 1621 7 view .LVU1110
 3869 002c 012B     		cmp	r3, #1
 3870 002e 23D1     		bne	.L332
1622:Drivers/STM32WBxx_HAL_Driver/Src/stm32wbxx_hal_tim_ex.c ****       || (complementary_channel_2_state != HAL_TIM_CHANNEL_STATE_READY))
 3871              		.loc 1 1622 7 view .LVU1111
 3872 0030 012A     		cmp	r2, #1
 3873 0032 22D1     		bne	.L335
1623:Drivers/STM32WBxx_HAL_Driver/Src/stm32wbxx_hal_tim_ex.c ****   {
 3874              		.loc 1 1623 7 view .LVU1112
 3875 0034 BCF1010F 		cmp	ip, #1
 3876 0038 03D0     		beq	.L338
1625:Drivers/STM32WBxx_HAL_Driver/Src/stm32wbxx_hal_tim_ex.c ****   }
 3877              		.loc 1 1625 12 view .LVU1113
 3878 003a 1046     		mov	r0, r2
 3879              	.LVL270:
1625:Drivers/STM32WBxx_HAL_Driver/Src/stm32wbxx_hal_tim_ex.c ****   }
 3880              		.loc 1 1625 12 view .LVU1114
 3881 003c 1CE0     		b	.L332
 3882              	.LVL271:
 3883              	.L333:
1610:Drivers/STM32WBxx_HAL_Driver/Src/stm32wbxx_hal_tim_ex.c ****   HAL_TIM_ChannelStateTypeDef channel_1_state = TIM_CHANNEL_STATE_GET(htim, TIM_CHANNEL_1);
 3884              		.loc 1 1610 77 discriminator 2 view .LVU1115
 3885 003e 0025     		movs	r5, #0
 3886 0040 E3E7     		b	.L331
 3887              	.LVL272:
 3888              	.L338:
1629:Drivers/STM32WBxx_HAL_Driver/Src/stm32wbxx_hal_tim_ex.c ****   TIM_CHANNEL_STATE_SET(htim, TIM_CHANNEL_2, HAL_TIM_CHANNEL_STATE_BUSY);
 3889              		.loc 1 1629 3 is_stmt 1 view .LVU1116
 3890 0042 0223     		movs	r3, #2
 3891              	.LVL273:
1629:Drivers/STM32WBxx_HAL_Driver/Src/stm32wbxx_hal_tim_ex.c ****   TIM_CHANNEL_STATE_SET(htim, TIM_CHANNEL_2, HAL_TIM_CHANNEL_STATE_BUSY);
 3892              		.loc 1 1629 3 is_stmt 0 view .LVU1117
 3893 0044 84F83E30 		strb	r3, [r4, #62]
1630:Drivers/STM32WBxx_HAL_Driver/Src/stm32wbxx_hal_tim_ex.c ****   TIM_CHANNEL_N_STATE_SET(htim, TIM_CHANNEL_1, HAL_TIM_CHANNEL_STATE_BUSY);
 3894              		.loc 1 1630 3 is_stmt 1 view .LVU1118
 3895 0048 84F83F30 		strb	r3, [r4, #63]
1631:Drivers/STM32WBxx_HAL_Driver/Src/stm32wbxx_hal_tim_ex.c ****   TIM_CHANNEL_N_STATE_SET(htim, TIM_CHANNEL_2, HAL_TIM_CHANNEL_STATE_BUSY);
 3896              		.loc 1 1631 3 view .LVU1119
 3897 004c 84F84430 		strb	r3, [r4, #68]
1632:Drivers/STM32WBxx_HAL_Driver/Src/stm32wbxx_hal_tim_ex.c **** 
 3898              		.loc 1 1632 3 view .LVU1120
 3899 0050 84F84530 		strb	r3, [r4, #69]
1635:Drivers/STM32WBxx_HAL_Driver/Src/stm32wbxx_hal_tim_ex.c ****   TIM_CCxChannelCmd(htim->Instance, input_channel, TIM_CCx_ENABLE);
 3900              		.loc 1 1635 3 view .LVU1121
ARM GAS  /var/folders/98/ctz5mtps7w71v8dr53cf5qg40000gn/T//ccO5oMcB.s 			page 137


 3901 0054 0422     		movs	r2, #4
 3902              	.LVL274:
1635:Drivers/STM32WBxx_HAL_Driver/Src/stm32wbxx_hal_tim_ex.c ****   TIM_CCxChannelCmd(htim->Instance, input_channel, TIM_CCx_ENABLE);
 3903              		.loc 1 1635 3 is_stmt 0 view .LVU1122
 3904 0056 3146     		mov	r1, r6
 3905              	.LVL275:
1635:Drivers/STM32WBxx_HAL_Driver/Src/stm32wbxx_hal_tim_ex.c ****   TIM_CCxChannelCmd(htim->Instance, input_channel, TIM_CCx_ENABLE);
 3906              		.loc 1 1635 3 view .LVU1123
 3907 0058 2068     		ldr	r0, [r4]
 3908              	.LVL276:
1635:Drivers/STM32WBxx_HAL_Driver/Src/stm32wbxx_hal_tim_ex.c ****   TIM_CCxChannelCmd(htim->Instance, input_channel, TIM_CCx_ENABLE);
 3909              		.loc 1 1635 3 view .LVU1124
 3910 005a FFF7FEFF 		bl	TIM_CCxNChannelCmd
 3911              	.LVL277:
1636:Drivers/STM32WBxx_HAL_Driver/Src/stm32wbxx_hal_tim_ex.c **** 
 3912              		.loc 1 1636 3 is_stmt 1 view .LVU1125
 3913 005e 0122     		movs	r2, #1
 3914 0060 2946     		mov	r1, r5
 3915 0062 2068     		ldr	r0, [r4]
 3916 0064 FFF7FEFF 		bl	TIM_CCxChannelCmd
 3917              	.LVL278:
1639:Drivers/STM32WBxx_HAL_Driver/Src/stm32wbxx_hal_tim_ex.c **** 
 3918              		.loc 1 1639 3 view .LVU1126
 3919 0068 2268     		ldr	r2, [r4]
 3920 006a 536C     		ldr	r3, [r2, #68]
 3921 006c 43F40043 		orr	r3, r3, #32768
 3922 0070 5364     		str	r3, [r2, #68]
1642:Drivers/STM32WBxx_HAL_Driver/Src/stm32wbxx_hal_tim_ex.c **** }
 3923              		.loc 1 1642 3 view .LVU1127
1642:Drivers/STM32WBxx_HAL_Driver/Src/stm32wbxx_hal_tim_ex.c **** }
 3924              		.loc 1 1642 10 is_stmt 0 view .LVU1128
 3925 0072 0020     		movs	r0, #0
 3926 0074 00E0     		b	.L332
 3927              	.LVL279:
 3928              	.L334:
1625:Drivers/STM32WBxx_HAL_Driver/Src/stm32wbxx_hal_tim_ex.c ****   }
 3929              		.loc 1 1625 12 view .LVU1129
 3930 0076 0120     		movs	r0, #1
 3931              	.LVL280:
 3932              	.L332:
1643:Drivers/STM32WBxx_HAL_Driver/Src/stm32wbxx_hal_tim_ex.c **** 
 3933              		.loc 1 1643 1 view .LVU1130
 3934 0078 70BD     		pop	{r4, r5, r6, pc}
 3935              	.LVL281:
 3936              	.L335:
1625:Drivers/STM32WBxx_HAL_Driver/Src/stm32wbxx_hal_tim_ex.c ****   }
 3937              		.loc 1 1625 12 view .LVU1131
 3938 007a 1846     		mov	r0, r3
 3939              	.LVL282:
1625:Drivers/STM32WBxx_HAL_Driver/Src/stm32wbxx_hal_tim_ex.c ****   }
 3940              		.loc 1 1625 12 view .LVU1132
 3941 007c FCE7     		b	.L332
 3942              		.cfi_endproc
 3943              	.LFE972:
 3945              		.section	.text.HAL_TIMEx_OnePulseN_Stop,"ax",%progbits
 3946              		.align	1
 3947              		.global	HAL_TIMEx_OnePulseN_Stop
ARM GAS  /var/folders/98/ctz5mtps7w71v8dr53cf5qg40000gn/T//ccO5oMcB.s 			page 138


 3948              		.syntax unified
 3949              		.thumb
 3950              		.thumb_func
 3952              	HAL_TIMEx_OnePulseN_Stop:
 3953              	.LVL283:
 3954              	.LFB973:
1658:Drivers/STM32WBxx_HAL_Driver/Src/stm32wbxx_hal_tim_ex.c ****   uint32_t input_channel = (OutputChannel == TIM_CHANNEL_1) ? TIM_CHANNEL_2 : TIM_CHANNEL_1;
 3955              		.loc 1 1658 1 is_stmt 1 view -0
 3956              		.cfi_startproc
 3957              		@ args = 0, pretend = 0, frame = 0
 3958              		@ frame_needed = 0, uses_anonymous_args = 0
1658:Drivers/STM32WBxx_HAL_Driver/Src/stm32wbxx_hal_tim_ex.c ****   uint32_t input_channel = (OutputChannel == TIM_CHANNEL_1) ? TIM_CHANNEL_2 : TIM_CHANNEL_1;
 3959              		.loc 1 1658 1 is_stmt 0 view .LVU1134
 3960 0000 38B5     		push	{r3, r4, r5, lr}
 3961              	.LCFI27:
 3962              		.cfi_def_cfa_offset 16
 3963              		.cfi_offset 3, -16
 3964              		.cfi_offset 4, -12
 3965              		.cfi_offset 5, -8
 3966              		.cfi_offset 14, -4
 3967 0002 0446     		mov	r4, r0
1659:Drivers/STM32WBxx_HAL_Driver/Src/stm32wbxx_hal_tim_ex.c **** 
 3968              		.loc 1 1659 3 is_stmt 1 view .LVU1135
1659:Drivers/STM32WBxx_HAL_Driver/Src/stm32wbxx_hal_tim_ex.c **** 
 3969              		.loc 1 1659 77 is_stmt 0 view .LVU1136
 3970 0004 0029     		cmp	r1, #0
 3971 0006 34D1     		bne	.L343
1659:Drivers/STM32WBxx_HAL_Driver/Src/stm32wbxx_hal_tim_ex.c **** 
 3972              		.loc 1 1659 77 discriminator 1 view .LVU1137
 3973 0008 0425     		movs	r5, #4
 3974              	.L340:
 3975              	.LVL284:
1662:Drivers/STM32WBxx_HAL_Driver/Src/stm32wbxx_hal_tim_ex.c **** 
 3976              		.loc 1 1662 3 is_stmt 1 view .LVU1138
1665:Drivers/STM32WBxx_HAL_Driver/Src/stm32wbxx_hal_tim_ex.c ****   TIM_CCxChannelCmd(htim->Instance, input_channel, TIM_CCx_DISABLE);
 3977              		.loc 1 1665 3 view .LVU1139
 3978 000a 0022     		movs	r2, #0
 3979 000c 2068     		ldr	r0, [r4]
 3980              	.LVL285:
1665:Drivers/STM32WBxx_HAL_Driver/Src/stm32wbxx_hal_tim_ex.c ****   TIM_CCxChannelCmd(htim->Instance, input_channel, TIM_CCx_DISABLE);
 3981              		.loc 1 1665 3 is_stmt 0 view .LVU1140
 3982 000e FFF7FEFF 		bl	TIM_CCxNChannelCmd
 3983              	.LVL286:
1666:Drivers/STM32WBxx_HAL_Driver/Src/stm32wbxx_hal_tim_ex.c **** 
 3984              		.loc 1 1666 3 is_stmt 1 view .LVU1141
 3985 0012 0022     		movs	r2, #0
 3986 0014 2946     		mov	r1, r5
 3987 0016 2068     		ldr	r0, [r4]
 3988 0018 FFF7FEFF 		bl	TIM_CCxChannelCmd
 3989              	.LVL287:
1669:Drivers/STM32WBxx_HAL_Driver/Src/stm32wbxx_hal_tim_ex.c **** 
 3990              		.loc 1 1669 3 view .LVU1142
1669:Drivers/STM32WBxx_HAL_Driver/Src/stm32wbxx_hal_tim_ex.c **** 
 3991              		.loc 1 1669 3 view .LVU1143
 3992 001c 2268     		ldr	r2, [r4]
 3993 001e 136A     		ldr	r3, [r2, #32]
 3994 0020 03F01133 		and	r3, r3, #286331153
ARM GAS  /var/folders/98/ctz5mtps7w71v8dr53cf5qg40000gn/T//ccO5oMcB.s 			page 139


 3995 0024 23F08853 		bic	r3, r3, #285212672
 3996 0028 43B9     		cbnz	r3, .L341
1669:Drivers/STM32WBxx_HAL_Driver/Src/stm32wbxx_hal_tim_ex.c **** 
 3997              		.loc 1 1669 3 discriminator 1 view .LVU1144
 3998 002a 116A     		ldr	r1, [r2, #32]
 3999 002c 40F24443 		movw	r3, #1092
 4000 0030 1942     		tst	r1, r3
 4001 0032 03D1     		bne	.L341
1669:Drivers/STM32WBxx_HAL_Driver/Src/stm32wbxx_hal_tim_ex.c **** 
 4002              		.loc 1 1669 3 discriminator 3 view .LVU1145
 4003 0034 536C     		ldr	r3, [r2, #68]
 4004 0036 23F40043 		bic	r3, r3, #32768
 4005 003a 5364     		str	r3, [r2, #68]
 4006              	.L341:
1669:Drivers/STM32WBxx_HAL_Driver/Src/stm32wbxx_hal_tim_ex.c **** 
 4007              		.loc 1 1669 3 discriminator 5 view .LVU1146
1672:Drivers/STM32WBxx_HAL_Driver/Src/stm32wbxx_hal_tim_ex.c **** 
 4008              		.loc 1 1672 3 view .LVU1147
1672:Drivers/STM32WBxx_HAL_Driver/Src/stm32wbxx_hal_tim_ex.c **** 
 4009              		.loc 1 1672 3 view .LVU1148
 4010 003c 2268     		ldr	r2, [r4]
 4011 003e 136A     		ldr	r3, [r2, #32]
 4012 0040 03F01133 		and	r3, r3, #286331153
 4013 0044 23F08853 		bic	r3, r3, #285212672
 4014 0048 43B9     		cbnz	r3, .L342
1672:Drivers/STM32WBxx_HAL_Driver/Src/stm32wbxx_hal_tim_ex.c **** 
 4015              		.loc 1 1672 3 discriminator 1 view .LVU1149
 4016 004a 116A     		ldr	r1, [r2, #32]
 4017 004c 40F24443 		movw	r3, #1092
 4018 0050 1942     		tst	r1, r3
 4019 0052 03D1     		bne	.L342
1672:Drivers/STM32WBxx_HAL_Driver/Src/stm32wbxx_hal_tim_ex.c **** 
 4020              		.loc 1 1672 3 discriminator 3 view .LVU1150
 4021 0054 1368     		ldr	r3, [r2]
 4022 0056 23F00103 		bic	r3, r3, #1
 4023 005a 1360     		str	r3, [r2]
 4024              	.L342:
1672:Drivers/STM32WBxx_HAL_Driver/Src/stm32wbxx_hal_tim_ex.c **** 
 4025              		.loc 1 1672 3 discriminator 5 view .LVU1151
1675:Drivers/STM32WBxx_HAL_Driver/Src/stm32wbxx_hal_tim_ex.c ****   TIM_CHANNEL_STATE_SET(htim, TIM_CHANNEL_2, HAL_TIM_CHANNEL_STATE_READY);
 4026              		.loc 1 1675 3 view .LVU1152
 4027 005c 0123     		movs	r3, #1
 4028 005e 84F83E30 		strb	r3, [r4, #62]
1676:Drivers/STM32WBxx_HAL_Driver/Src/stm32wbxx_hal_tim_ex.c ****   TIM_CHANNEL_N_STATE_SET(htim, TIM_CHANNEL_1, HAL_TIM_CHANNEL_STATE_READY);
 4029              		.loc 1 1676 3 view .LVU1153
 4030 0062 84F83F30 		strb	r3, [r4, #63]
1677:Drivers/STM32WBxx_HAL_Driver/Src/stm32wbxx_hal_tim_ex.c ****   TIM_CHANNEL_N_STATE_SET(htim, TIM_CHANNEL_2, HAL_TIM_CHANNEL_STATE_READY);
 4031              		.loc 1 1677 3 view .LVU1154
 4032 0066 84F84430 		strb	r3, [r4, #68]
1678:Drivers/STM32WBxx_HAL_Driver/Src/stm32wbxx_hal_tim_ex.c **** 
 4033              		.loc 1 1678 3 view .LVU1155
 4034 006a 84F84530 		strb	r3, [r4, #69]
1681:Drivers/STM32WBxx_HAL_Driver/Src/stm32wbxx_hal_tim_ex.c **** }
 4035              		.loc 1 1681 3 view .LVU1156
1682:Drivers/STM32WBxx_HAL_Driver/Src/stm32wbxx_hal_tim_ex.c **** 
 4036              		.loc 1 1682 1 is_stmt 0 view .LVU1157
 4037 006e 0020     		movs	r0, #0
ARM GAS  /var/folders/98/ctz5mtps7w71v8dr53cf5qg40000gn/T//ccO5oMcB.s 			page 140


 4038 0070 38BD     		pop	{r3, r4, r5, pc}
 4039              	.LVL288:
 4040              	.L343:
1659:Drivers/STM32WBxx_HAL_Driver/Src/stm32wbxx_hal_tim_ex.c **** 
 4041              		.loc 1 1659 77 discriminator 2 view .LVU1158
 4042 0072 0025     		movs	r5, #0
 4043 0074 C9E7     		b	.L340
 4044              		.cfi_endproc
 4045              	.LFE973:
 4047              		.section	.text.HAL_TIMEx_OnePulseN_Start_IT,"ax",%progbits
 4048              		.align	1
 4049              		.global	HAL_TIMEx_OnePulseN_Start_IT
 4050              		.syntax unified
 4051              		.thumb
 4052              		.thumb_func
 4054              	HAL_TIMEx_OnePulseN_Start_IT:
 4055              	.LVL289:
 4056              	.LFB974:
1697:Drivers/STM32WBxx_HAL_Driver/Src/stm32wbxx_hal_tim_ex.c ****   uint32_t input_channel = (OutputChannel == TIM_CHANNEL_1) ? TIM_CHANNEL_2 : TIM_CHANNEL_1;
 4057              		.loc 1 1697 1 is_stmt 1 view -0
 4058              		.cfi_startproc
 4059              		@ args = 0, pretend = 0, frame = 0
 4060              		@ frame_needed = 0, uses_anonymous_args = 0
1697:Drivers/STM32WBxx_HAL_Driver/Src/stm32wbxx_hal_tim_ex.c ****   uint32_t input_channel = (OutputChannel == TIM_CHANNEL_1) ? TIM_CHANNEL_2 : TIM_CHANNEL_1;
 4061              		.loc 1 1697 1 is_stmt 0 view .LVU1160
 4062 0000 70B5     		push	{r4, r5, r6, lr}
 4063              	.LCFI28:
 4064              		.cfi_def_cfa_offset 16
 4065              		.cfi_offset 4, -16
 4066              		.cfi_offset 5, -12
 4067              		.cfi_offset 6, -8
 4068              		.cfi_offset 14, -4
 4069 0002 0446     		mov	r4, r0
1698:Drivers/STM32WBxx_HAL_Driver/Src/stm32wbxx_hal_tim_ex.c ****   HAL_TIM_ChannelStateTypeDef channel_1_state = TIM_CHANNEL_STATE_GET(htim, TIM_CHANNEL_1);
 4070              		.loc 1 1698 3 is_stmt 1 view .LVU1161
1698:Drivers/STM32WBxx_HAL_Driver/Src/stm32wbxx_hal_tim_ex.c ****   HAL_TIM_ChannelStateTypeDef channel_1_state = TIM_CHANNEL_STATE_GET(htim, TIM_CHANNEL_1);
 4071              		.loc 1 1698 77 is_stmt 0 view .LVU1162
 4072 0004 0E46     		mov	r6, r1
 4073 0006 D1B9     		cbnz	r1, .L348
1698:Drivers/STM32WBxx_HAL_Driver/Src/stm32wbxx_hal_tim_ex.c ****   HAL_TIM_ChannelStateTypeDef channel_1_state = TIM_CHANNEL_STATE_GET(htim, TIM_CHANNEL_1);
 4074              		.loc 1 1698 77 discriminator 1 view .LVU1163
 4075 0008 0425     		movs	r5, #4
 4076              	.L346:
 4077              	.LVL290:
1699:Drivers/STM32WBxx_HAL_Driver/Src/stm32wbxx_hal_tim_ex.c ****   HAL_TIM_ChannelStateTypeDef channel_2_state = TIM_CHANNEL_STATE_GET(htim, TIM_CHANNEL_2);
 4078              		.loc 1 1699 3 is_stmt 1 view .LVU1164
1699:Drivers/STM32WBxx_HAL_Driver/Src/stm32wbxx_hal_tim_ex.c ****   HAL_TIM_ChannelStateTypeDef channel_2_state = TIM_CHANNEL_STATE_GET(htim, TIM_CHANNEL_2);
 4079              		.loc 1 1699 31 is_stmt 0 view .LVU1165
 4080 000a 94F83EE0 		ldrb	lr, [r4, #62]	@ zero_extendqisi2
 4081 000e 5FFA8EF0 		uxtb	r0, lr
 4082              	.LVL291:
1700:Drivers/STM32WBxx_HAL_Driver/Src/stm32wbxx_hal_tim_ex.c ****   HAL_TIM_ChannelStateTypeDef complementary_channel_1_state = TIM_CHANNEL_N_STATE_GET(htim, TIM_CHA
 4083              		.loc 1 1700 3 is_stmt 1 view .LVU1166
1700:Drivers/STM32WBxx_HAL_Driver/Src/stm32wbxx_hal_tim_ex.c ****   HAL_TIM_ChannelStateTypeDef complementary_channel_1_state = TIM_CHANNEL_N_STATE_GET(htim, TIM_CHA
 4084              		.loc 1 1700 31 is_stmt 0 view .LVU1167
 4085 0012 94F83F30 		ldrb	r3, [r4, #63]	@ zero_extendqisi2
 4086 0016 DBB2     		uxtb	r3, r3
ARM GAS  /var/folders/98/ctz5mtps7w71v8dr53cf5qg40000gn/T//ccO5oMcB.s 			page 141


 4087              	.LVL292:
1701:Drivers/STM32WBxx_HAL_Driver/Src/stm32wbxx_hal_tim_ex.c ****   HAL_TIM_ChannelStateTypeDef complementary_channel_2_state = TIM_CHANNEL_N_STATE_GET(htim, TIM_CHA
 4088              		.loc 1 1701 3 is_stmt 1 view .LVU1168
1701:Drivers/STM32WBxx_HAL_Driver/Src/stm32wbxx_hal_tim_ex.c ****   HAL_TIM_ChannelStateTypeDef complementary_channel_2_state = TIM_CHANNEL_N_STATE_GET(htim, TIM_CHA
 4089              		.loc 1 1701 31 is_stmt 0 view .LVU1169
 4090 0018 94F84420 		ldrb	r2, [r4, #68]	@ zero_extendqisi2
 4091 001c D2B2     		uxtb	r2, r2
 4092              	.LVL293:
1702:Drivers/STM32WBxx_HAL_Driver/Src/stm32wbxx_hal_tim_ex.c **** 
 4093              		.loc 1 1702 3 is_stmt 1 view .LVU1170
1702:Drivers/STM32WBxx_HAL_Driver/Src/stm32wbxx_hal_tim_ex.c **** 
 4094              		.loc 1 1702 31 is_stmt 0 view .LVU1171
 4095 001e 94F845C0 		ldrb	ip, [r4, #69]	@ zero_extendqisi2
 4096 0022 5FFA8CFC 		uxtb	ip, ip
 4097              	.LVL294:
1705:Drivers/STM32WBxx_HAL_Driver/Src/stm32wbxx_hal_tim_ex.c **** 
 4098              		.loc 1 1705 3 is_stmt 1 view .LVU1172
1708:Drivers/STM32WBxx_HAL_Driver/Src/stm32wbxx_hal_tim_ex.c ****       || (channel_2_state != HAL_TIM_CHANNEL_STATE_READY)
 4099              		.loc 1 1708 3 view .LVU1173
1708:Drivers/STM32WBxx_HAL_Driver/Src/stm32wbxx_hal_tim_ex.c ****       || (channel_2_state != HAL_TIM_CHANNEL_STATE_READY)
 4100              		.loc 1 1708 6 is_stmt 0 view .LVU1174
 4101 0026 BEF1010F 		cmp	lr, #1
 4102 002a 2ED1     		bne	.L349
1709:Drivers/STM32WBxx_HAL_Driver/Src/stm32wbxx_hal_tim_ex.c ****       || (complementary_channel_1_state != HAL_TIM_CHANNEL_STATE_READY)
 4103              		.loc 1 1709 7 view .LVU1175
 4104 002c 012B     		cmp	r3, #1
 4105 002e 2DD1     		bne	.L347
1710:Drivers/STM32WBxx_HAL_Driver/Src/stm32wbxx_hal_tim_ex.c ****       || (complementary_channel_2_state != HAL_TIM_CHANNEL_STATE_READY))
 4106              		.loc 1 1710 7 view .LVU1176
 4107 0030 012A     		cmp	r2, #1
 4108 0032 2CD1     		bne	.L350
1711:Drivers/STM32WBxx_HAL_Driver/Src/stm32wbxx_hal_tim_ex.c ****   {
 4109              		.loc 1 1711 7 view .LVU1177
 4110 0034 BCF1010F 		cmp	ip, #1
 4111 0038 03D0     		beq	.L353
1713:Drivers/STM32WBxx_HAL_Driver/Src/stm32wbxx_hal_tim_ex.c ****   }
 4112              		.loc 1 1713 12 view .LVU1178
 4113 003a 1046     		mov	r0, r2
 4114              	.LVL295:
1713:Drivers/STM32WBxx_HAL_Driver/Src/stm32wbxx_hal_tim_ex.c ****   }
 4115              		.loc 1 1713 12 view .LVU1179
 4116 003c 26E0     		b	.L347
 4117              	.LVL296:
 4118              	.L348:
1698:Drivers/STM32WBxx_HAL_Driver/Src/stm32wbxx_hal_tim_ex.c ****   HAL_TIM_ChannelStateTypeDef channel_1_state = TIM_CHANNEL_STATE_GET(htim, TIM_CHANNEL_1);
 4119              		.loc 1 1698 77 discriminator 2 view .LVU1180
 4120 003e 0025     		movs	r5, #0
 4121 0040 E3E7     		b	.L346
 4122              	.LVL297:
 4123              	.L353:
1717:Drivers/STM32WBxx_HAL_Driver/Src/stm32wbxx_hal_tim_ex.c ****   TIM_CHANNEL_STATE_SET(htim, TIM_CHANNEL_2, HAL_TIM_CHANNEL_STATE_BUSY);
 4124              		.loc 1 1717 3 is_stmt 1 view .LVU1181
 4125 0042 0223     		movs	r3, #2
 4126              	.LVL298:
1717:Drivers/STM32WBxx_HAL_Driver/Src/stm32wbxx_hal_tim_ex.c ****   TIM_CHANNEL_STATE_SET(htim, TIM_CHANNEL_2, HAL_TIM_CHANNEL_STATE_BUSY);
 4127              		.loc 1 1717 3 is_stmt 0 view .LVU1182
 4128 0044 84F83E30 		strb	r3, [r4, #62]
ARM GAS  /var/folders/98/ctz5mtps7w71v8dr53cf5qg40000gn/T//ccO5oMcB.s 			page 142


1718:Drivers/STM32WBxx_HAL_Driver/Src/stm32wbxx_hal_tim_ex.c ****   TIM_CHANNEL_N_STATE_SET(htim, TIM_CHANNEL_1, HAL_TIM_CHANNEL_STATE_BUSY);
 4129              		.loc 1 1718 3 is_stmt 1 view .LVU1183
 4130 0048 84F83F30 		strb	r3, [r4, #63]
1719:Drivers/STM32WBxx_HAL_Driver/Src/stm32wbxx_hal_tim_ex.c ****   TIM_CHANNEL_N_STATE_SET(htim, TIM_CHANNEL_2, HAL_TIM_CHANNEL_STATE_BUSY);
 4131              		.loc 1 1719 3 view .LVU1184
 4132 004c 84F84430 		strb	r3, [r4, #68]
1720:Drivers/STM32WBxx_HAL_Driver/Src/stm32wbxx_hal_tim_ex.c **** 
 4133              		.loc 1 1720 3 view .LVU1185
 4134 0050 84F84530 		strb	r3, [r4, #69]
1723:Drivers/STM32WBxx_HAL_Driver/Src/stm32wbxx_hal_tim_ex.c **** 
 4135              		.loc 1 1723 3 view .LVU1186
 4136 0054 2268     		ldr	r2, [r4]
 4137              	.LVL299:
1723:Drivers/STM32WBxx_HAL_Driver/Src/stm32wbxx_hal_tim_ex.c **** 
 4138              		.loc 1 1723 3 is_stmt 0 view .LVU1187
 4139 0056 D368     		ldr	r3, [r2, #12]
 4140 0058 43F00203 		orr	r3, r3, #2
 4141 005c D360     		str	r3, [r2, #12]
1726:Drivers/STM32WBxx_HAL_Driver/Src/stm32wbxx_hal_tim_ex.c **** 
 4142              		.loc 1 1726 3 is_stmt 1 view .LVU1188
 4143 005e 2268     		ldr	r2, [r4]
 4144 0060 D368     		ldr	r3, [r2, #12]
 4145 0062 43F00403 		orr	r3, r3, #4
 4146 0066 D360     		str	r3, [r2, #12]
1729:Drivers/STM32WBxx_HAL_Driver/Src/stm32wbxx_hal_tim_ex.c ****   TIM_CCxChannelCmd(htim->Instance, input_channel, TIM_CCx_ENABLE);
 4147              		.loc 1 1729 3 view .LVU1189
 4148 0068 0422     		movs	r2, #4
 4149 006a 3146     		mov	r1, r6
 4150              	.LVL300:
1729:Drivers/STM32WBxx_HAL_Driver/Src/stm32wbxx_hal_tim_ex.c ****   TIM_CCxChannelCmd(htim->Instance, input_channel, TIM_CCx_ENABLE);
 4151              		.loc 1 1729 3 is_stmt 0 view .LVU1190
 4152 006c 2068     		ldr	r0, [r4]
 4153              	.LVL301:
1729:Drivers/STM32WBxx_HAL_Driver/Src/stm32wbxx_hal_tim_ex.c ****   TIM_CCxChannelCmd(htim->Instance, input_channel, TIM_CCx_ENABLE);
 4154              		.loc 1 1729 3 view .LVU1191
 4155 006e FFF7FEFF 		bl	TIM_CCxNChannelCmd
 4156              	.LVL302:
1730:Drivers/STM32WBxx_HAL_Driver/Src/stm32wbxx_hal_tim_ex.c **** 
 4157              		.loc 1 1730 3 is_stmt 1 view .LVU1192
 4158 0072 0122     		movs	r2, #1
 4159 0074 2946     		mov	r1, r5
 4160 0076 2068     		ldr	r0, [r4]
 4161 0078 FFF7FEFF 		bl	TIM_CCxChannelCmd
 4162              	.LVL303:
1733:Drivers/STM32WBxx_HAL_Driver/Src/stm32wbxx_hal_tim_ex.c **** 
 4163              		.loc 1 1733 3 view .LVU1193
 4164 007c 2268     		ldr	r2, [r4]
 4165 007e 536C     		ldr	r3, [r2, #68]
 4166 0080 43F40043 		orr	r3, r3, #32768
 4167 0084 5364     		str	r3, [r2, #68]
1736:Drivers/STM32WBxx_HAL_Driver/Src/stm32wbxx_hal_tim_ex.c **** }
 4168              		.loc 1 1736 3 view .LVU1194
1736:Drivers/STM32WBxx_HAL_Driver/Src/stm32wbxx_hal_tim_ex.c **** }
 4169              		.loc 1 1736 10 is_stmt 0 view .LVU1195
 4170 0086 0020     		movs	r0, #0
 4171 0088 00E0     		b	.L347
 4172              	.LVL304:
ARM GAS  /var/folders/98/ctz5mtps7w71v8dr53cf5qg40000gn/T//ccO5oMcB.s 			page 143


 4173              	.L349:
1713:Drivers/STM32WBxx_HAL_Driver/Src/stm32wbxx_hal_tim_ex.c ****   }
 4174              		.loc 1 1713 12 view .LVU1196
 4175 008a 0120     		movs	r0, #1
 4176              	.LVL305:
 4177              	.L347:
1737:Drivers/STM32WBxx_HAL_Driver/Src/stm32wbxx_hal_tim_ex.c **** 
 4178              		.loc 1 1737 1 view .LVU1197
 4179 008c 70BD     		pop	{r4, r5, r6, pc}
 4180              	.LVL306:
 4181              	.L350:
1713:Drivers/STM32WBxx_HAL_Driver/Src/stm32wbxx_hal_tim_ex.c ****   }
 4182              		.loc 1 1713 12 view .LVU1198
 4183 008e 1846     		mov	r0, r3
 4184              	.LVL307:
1713:Drivers/STM32WBxx_HAL_Driver/Src/stm32wbxx_hal_tim_ex.c ****   }
 4185              		.loc 1 1713 12 view .LVU1199
 4186 0090 FCE7     		b	.L347
 4187              		.cfi_endproc
 4188              	.LFE974:
 4190              		.section	.text.HAL_TIMEx_OnePulseN_Stop_IT,"ax",%progbits
 4191              		.align	1
 4192              		.global	HAL_TIMEx_OnePulseN_Stop_IT
 4193              		.syntax unified
 4194              		.thumb
 4195              		.thumb_func
 4197              	HAL_TIMEx_OnePulseN_Stop_IT:
 4198              	.LVL308:
 4199              	.LFB975:
1752:Drivers/STM32WBxx_HAL_Driver/Src/stm32wbxx_hal_tim_ex.c ****   uint32_t input_channel = (OutputChannel == TIM_CHANNEL_1) ? TIM_CHANNEL_2 : TIM_CHANNEL_1;
 4200              		.loc 1 1752 1 is_stmt 1 view -0
 4201              		.cfi_startproc
 4202              		@ args = 0, pretend = 0, frame = 0
 4203              		@ frame_needed = 0, uses_anonymous_args = 0
1752:Drivers/STM32WBxx_HAL_Driver/Src/stm32wbxx_hal_tim_ex.c ****   uint32_t input_channel = (OutputChannel == TIM_CHANNEL_1) ? TIM_CHANNEL_2 : TIM_CHANNEL_1;
 4204              		.loc 1 1752 1 is_stmt 0 view .LVU1201
 4205 0000 38B5     		push	{r3, r4, r5, lr}
 4206              	.LCFI29:
 4207              		.cfi_def_cfa_offset 16
 4208              		.cfi_offset 3, -16
 4209              		.cfi_offset 4, -12
 4210              		.cfi_offset 5, -8
 4211              		.cfi_offset 14, -4
 4212 0002 0446     		mov	r4, r0
1753:Drivers/STM32WBxx_HAL_Driver/Src/stm32wbxx_hal_tim_ex.c **** 
 4213              		.loc 1 1753 3 is_stmt 1 view .LVU1202
1753:Drivers/STM32WBxx_HAL_Driver/Src/stm32wbxx_hal_tim_ex.c **** 
 4214              		.loc 1 1753 77 is_stmt 0 view .LVU1203
 4215 0004 0029     		cmp	r1, #0
 4216 0006 3ED1     		bne	.L358
1753:Drivers/STM32WBxx_HAL_Driver/Src/stm32wbxx_hal_tim_ex.c **** 
 4217              		.loc 1 1753 77 discriminator 1 view .LVU1204
 4218 0008 0425     		movs	r5, #4
 4219              	.L355:
 4220              	.LVL309:
1756:Drivers/STM32WBxx_HAL_Driver/Src/stm32wbxx_hal_tim_ex.c **** 
 4221              		.loc 1 1756 3 is_stmt 1 view .LVU1205
ARM GAS  /var/folders/98/ctz5mtps7w71v8dr53cf5qg40000gn/T//ccO5oMcB.s 			page 144


1759:Drivers/STM32WBxx_HAL_Driver/Src/stm32wbxx_hal_tim_ex.c **** 
 4222              		.loc 1 1759 3 view .LVU1206
 4223 000a 2268     		ldr	r2, [r4]
 4224 000c D368     		ldr	r3, [r2, #12]
 4225 000e 23F00203 		bic	r3, r3, #2
 4226 0012 D360     		str	r3, [r2, #12]
1762:Drivers/STM32WBxx_HAL_Driver/Src/stm32wbxx_hal_tim_ex.c **** 
 4227              		.loc 1 1762 3 view .LVU1207
 4228 0014 2268     		ldr	r2, [r4]
 4229 0016 D368     		ldr	r3, [r2, #12]
 4230 0018 23F00403 		bic	r3, r3, #4
 4231 001c D360     		str	r3, [r2, #12]
1765:Drivers/STM32WBxx_HAL_Driver/Src/stm32wbxx_hal_tim_ex.c ****   TIM_CCxChannelCmd(htim->Instance, input_channel, TIM_CCx_DISABLE);
 4232              		.loc 1 1765 3 view .LVU1208
 4233 001e 0022     		movs	r2, #0
 4234 0020 2068     		ldr	r0, [r4]
 4235              	.LVL310:
1765:Drivers/STM32WBxx_HAL_Driver/Src/stm32wbxx_hal_tim_ex.c ****   TIM_CCxChannelCmd(htim->Instance, input_channel, TIM_CCx_DISABLE);
 4236              		.loc 1 1765 3 is_stmt 0 view .LVU1209
 4237 0022 FFF7FEFF 		bl	TIM_CCxNChannelCmd
 4238              	.LVL311:
1766:Drivers/STM32WBxx_HAL_Driver/Src/stm32wbxx_hal_tim_ex.c **** 
 4239              		.loc 1 1766 3 is_stmt 1 view .LVU1210
 4240 0026 0022     		movs	r2, #0
 4241 0028 2946     		mov	r1, r5
 4242 002a 2068     		ldr	r0, [r4]
 4243 002c FFF7FEFF 		bl	TIM_CCxChannelCmd
 4244              	.LVL312:
1769:Drivers/STM32WBxx_HAL_Driver/Src/stm32wbxx_hal_tim_ex.c **** 
 4245              		.loc 1 1769 3 view .LVU1211
1769:Drivers/STM32WBxx_HAL_Driver/Src/stm32wbxx_hal_tim_ex.c **** 
 4246              		.loc 1 1769 3 view .LVU1212
 4247 0030 2268     		ldr	r2, [r4]
 4248 0032 136A     		ldr	r3, [r2, #32]
 4249 0034 03F01133 		and	r3, r3, #286331153
 4250 0038 23F08853 		bic	r3, r3, #285212672
 4251 003c 43B9     		cbnz	r3, .L356
1769:Drivers/STM32WBxx_HAL_Driver/Src/stm32wbxx_hal_tim_ex.c **** 
 4252              		.loc 1 1769 3 discriminator 1 view .LVU1213
 4253 003e 116A     		ldr	r1, [r2, #32]
 4254 0040 40F24443 		movw	r3, #1092
 4255 0044 1942     		tst	r1, r3
 4256 0046 03D1     		bne	.L356
1769:Drivers/STM32WBxx_HAL_Driver/Src/stm32wbxx_hal_tim_ex.c **** 
 4257              		.loc 1 1769 3 discriminator 3 view .LVU1214
 4258 0048 536C     		ldr	r3, [r2, #68]
 4259 004a 23F40043 		bic	r3, r3, #32768
 4260 004e 5364     		str	r3, [r2, #68]
 4261              	.L356:
1769:Drivers/STM32WBxx_HAL_Driver/Src/stm32wbxx_hal_tim_ex.c **** 
 4262              		.loc 1 1769 3 discriminator 5 view .LVU1215
1772:Drivers/STM32WBxx_HAL_Driver/Src/stm32wbxx_hal_tim_ex.c **** 
 4263              		.loc 1 1772 3 view .LVU1216
1772:Drivers/STM32WBxx_HAL_Driver/Src/stm32wbxx_hal_tim_ex.c **** 
 4264              		.loc 1 1772 3 view .LVU1217
 4265 0050 2268     		ldr	r2, [r4]
 4266 0052 136A     		ldr	r3, [r2, #32]
ARM GAS  /var/folders/98/ctz5mtps7w71v8dr53cf5qg40000gn/T//ccO5oMcB.s 			page 145


 4267 0054 03F01133 		and	r3, r3, #286331153
 4268 0058 23F08853 		bic	r3, r3, #285212672
 4269 005c 43B9     		cbnz	r3, .L357
1772:Drivers/STM32WBxx_HAL_Driver/Src/stm32wbxx_hal_tim_ex.c **** 
 4270              		.loc 1 1772 3 discriminator 1 view .LVU1218
 4271 005e 116A     		ldr	r1, [r2, #32]
 4272 0060 40F24443 		movw	r3, #1092
 4273 0064 1942     		tst	r1, r3
 4274 0066 03D1     		bne	.L357
1772:Drivers/STM32WBxx_HAL_Driver/Src/stm32wbxx_hal_tim_ex.c **** 
 4275              		.loc 1 1772 3 discriminator 3 view .LVU1219
 4276 0068 1368     		ldr	r3, [r2]
 4277 006a 23F00103 		bic	r3, r3, #1
 4278 006e 1360     		str	r3, [r2]
 4279              	.L357:
1772:Drivers/STM32WBxx_HAL_Driver/Src/stm32wbxx_hal_tim_ex.c **** 
 4280              		.loc 1 1772 3 discriminator 5 view .LVU1220
1775:Drivers/STM32WBxx_HAL_Driver/Src/stm32wbxx_hal_tim_ex.c ****   TIM_CHANNEL_STATE_SET(htim, TIM_CHANNEL_2, HAL_TIM_CHANNEL_STATE_READY);
 4281              		.loc 1 1775 3 view .LVU1221
 4282 0070 0123     		movs	r3, #1
 4283 0072 84F83E30 		strb	r3, [r4, #62]
1776:Drivers/STM32WBxx_HAL_Driver/Src/stm32wbxx_hal_tim_ex.c ****   TIM_CHANNEL_N_STATE_SET(htim, TIM_CHANNEL_1, HAL_TIM_CHANNEL_STATE_READY);
 4284              		.loc 1 1776 3 view .LVU1222
 4285 0076 84F83F30 		strb	r3, [r4, #63]
1777:Drivers/STM32WBxx_HAL_Driver/Src/stm32wbxx_hal_tim_ex.c ****   TIM_CHANNEL_N_STATE_SET(htim, TIM_CHANNEL_2, HAL_TIM_CHANNEL_STATE_READY);
 4286              		.loc 1 1777 3 view .LVU1223
 4287 007a 84F84430 		strb	r3, [r4, #68]
1778:Drivers/STM32WBxx_HAL_Driver/Src/stm32wbxx_hal_tim_ex.c **** 
 4288              		.loc 1 1778 3 view .LVU1224
 4289 007e 84F84530 		strb	r3, [r4, #69]
1781:Drivers/STM32WBxx_HAL_Driver/Src/stm32wbxx_hal_tim_ex.c **** }
 4290              		.loc 1 1781 3 view .LVU1225
1782:Drivers/STM32WBxx_HAL_Driver/Src/stm32wbxx_hal_tim_ex.c **** 
 4291              		.loc 1 1782 1 is_stmt 0 view .LVU1226
 4292 0082 0020     		movs	r0, #0
 4293 0084 38BD     		pop	{r3, r4, r5, pc}
 4294              	.LVL313:
 4295              	.L358:
1753:Drivers/STM32WBxx_HAL_Driver/Src/stm32wbxx_hal_tim_ex.c **** 
 4296              		.loc 1 1753 77 discriminator 2 view .LVU1227
 4297 0086 0025     		movs	r5, #0
 4298 0088 BFE7     		b	.L355
 4299              		.cfi_endproc
 4300              	.LFE975:
 4302              		.section	.text.HAL_TIMEx_ConfigCommutEvent,"ax",%progbits
 4303              		.align	1
 4304              		.global	HAL_TIMEx_ConfigCommutEvent
 4305              		.syntax unified
 4306              		.thumb
 4307              		.thumb_func
 4309              	HAL_TIMEx_ConfigCommutEvent:
 4310              	.LVL314:
 4311              	.LFB976:
1833:Drivers/STM32WBxx_HAL_Driver/Src/stm32wbxx_hal_tim_ex.c ****   /* Check the parameters */
 4312              		.loc 1 1833 1 is_stmt 1 view -0
 4313              		.cfi_startproc
 4314              		@ args = 0, pretend = 0, frame = 0
ARM GAS  /var/folders/98/ctz5mtps7w71v8dr53cf5qg40000gn/T//ccO5oMcB.s 			page 146


 4315              		@ frame_needed = 0, uses_anonymous_args = 0
 4316              		@ link register save eliminated.
1833:Drivers/STM32WBxx_HAL_Driver/Src/stm32wbxx_hal_tim_ex.c ****   /* Check the parameters */
 4317              		.loc 1 1833 1 is_stmt 0 view .LVU1229
 4318 0000 0346     		mov	r3, r0
1835:Drivers/STM32WBxx_HAL_Driver/Src/stm32wbxx_hal_tim_ex.c ****   assert_param(IS_TIM_INTERNAL_TRIGGEREVENT_SELECTION(InputTrigger));
 4319              		.loc 1 1835 3 is_stmt 1 view .LVU1230
1836:Drivers/STM32WBxx_HAL_Driver/Src/stm32wbxx_hal_tim_ex.c **** 
 4320              		.loc 1 1836 3 view .LVU1231
1838:Drivers/STM32WBxx_HAL_Driver/Src/stm32wbxx_hal_tim_ex.c **** 
 4321              		.loc 1 1838 3 view .LVU1232
1838:Drivers/STM32WBxx_HAL_Driver/Src/stm32wbxx_hal_tim_ex.c **** 
 4322              		.loc 1 1838 3 view .LVU1233
 4323 0002 90F83C00 		ldrb	r0, [r0, #60]	@ zero_extendqisi2
 4324              	.LVL315:
1838:Drivers/STM32WBxx_HAL_Driver/Src/stm32wbxx_hal_tim_ex.c **** 
 4325              		.loc 1 1838 3 is_stmt 0 view .LVU1234
 4326 0006 0128     		cmp	r0, #1
 4327 0008 35D0     		beq	.L365
1833:Drivers/STM32WBxx_HAL_Driver/Src/stm32wbxx_hal_tim_ex.c ****   /* Check the parameters */
 4328              		.loc 1 1833 1 view .LVU1235
 4329 000a 10B4     		push	{r4}
 4330              	.LCFI30:
 4331              		.cfi_def_cfa_offset 4
 4332              		.cfi_offset 4, -4
1838:Drivers/STM32WBxx_HAL_Driver/Src/stm32wbxx_hal_tim_ex.c **** 
 4333              		.loc 1 1838 3 is_stmt 1 discriminator 2 view .LVU1236
 4334 000c 0120     		movs	r0, #1
 4335 000e 83F83C00 		strb	r0, [r3, #60]
1838:Drivers/STM32WBxx_HAL_Driver/Src/stm32wbxx_hal_tim_ex.c **** 
 4336              		.loc 1 1838 3 view .LVU1237
1840:Drivers/STM32WBxx_HAL_Driver/Src/stm32wbxx_hal_tim_ex.c ****       (InputTrigger == TIM_TS_ITR2) || (InputTrigger == TIM_TS_ITR3))
 4337              		.loc 1 1840 3 view .LVU1238
 4338 0012 2029     		cmp	r1, #32
 4339 0014 03D0     		beq	.L362
 4340 0016 2BD8     		bhi	.L363
 4341 0018 09B1     		cbz	r1, .L362
 4342 001a 1029     		cmp	r1, #16
 4343 001c 0AD1     		bne	.L364
 4344              	.L362:
1844:Drivers/STM32WBxx_HAL_Driver/Src/stm32wbxx_hal_tim_ex.c ****     htim->Instance->SMCR |= InputTrigger;
 4345              		.loc 1 1844 5 view .LVU1239
1844:Drivers/STM32WBxx_HAL_Driver/Src/stm32wbxx_hal_tim_ex.c ****     htim->Instance->SMCR |= InputTrigger;
 4346              		.loc 1 1844 9 is_stmt 0 view .LVU1240
 4347 001e 1C68     		ldr	r4, [r3]
1844:Drivers/STM32WBxx_HAL_Driver/Src/stm32wbxx_hal_tim_ex.c ****     htim->Instance->SMCR |= InputTrigger;
 4348              		.loc 1 1844 19 view .LVU1241
 4349 0020 A068     		ldr	r0, [r4, #8]
1844:Drivers/STM32WBxx_HAL_Driver/Src/stm32wbxx_hal_tim_ex.c ****     htim->Instance->SMCR |= InputTrigger;
 4350              		.loc 1 1844 26 view .LVU1242
 4351 0022 20F44010 		bic	r0, r0, #3145728
 4352 0026 20F07000 		bic	r0, r0, #112
 4353 002a A060     		str	r0, [r4, #8]
1845:Drivers/STM32WBxx_HAL_Driver/Src/stm32wbxx_hal_tim_ex.c ****   }
 4354              		.loc 1 1845 5 is_stmt 1 view .LVU1243
1845:Drivers/STM32WBxx_HAL_Driver/Src/stm32wbxx_hal_tim_ex.c ****   }
 4355              		.loc 1 1845 9 is_stmt 0 view .LVU1244
ARM GAS  /var/folders/98/ctz5mtps7w71v8dr53cf5qg40000gn/T//ccO5oMcB.s 			page 147


 4356 002c 1C68     		ldr	r4, [r3]
1845:Drivers/STM32WBxx_HAL_Driver/Src/stm32wbxx_hal_tim_ex.c ****   }
 4357              		.loc 1 1845 19 view .LVU1245
 4358 002e A068     		ldr	r0, [r4, #8]
1845:Drivers/STM32WBxx_HAL_Driver/Src/stm32wbxx_hal_tim_ex.c ****   }
 4359              		.loc 1 1845 26 view .LVU1246
 4360 0030 0143     		orrs	r1, r1, r0
 4361              	.LVL316:
1845:Drivers/STM32WBxx_HAL_Driver/Src/stm32wbxx_hal_tim_ex.c ****   }
 4362              		.loc 1 1845 26 view .LVU1247
 4363 0032 A160     		str	r1, [r4, #8]
 4364              	.L364:
1849:Drivers/STM32WBxx_HAL_Driver/Src/stm32wbxx_hal_tim_ex.c ****   /* Select the Commutation event source */
 4365              		.loc 1 1849 3 is_stmt 1 view .LVU1248
1849:Drivers/STM32WBxx_HAL_Driver/Src/stm32wbxx_hal_tim_ex.c ****   /* Select the Commutation event source */
 4366              		.loc 1 1849 7 is_stmt 0 view .LVU1249
 4367 0034 1868     		ldr	r0, [r3]
1849:Drivers/STM32WBxx_HAL_Driver/Src/stm32wbxx_hal_tim_ex.c ****   /* Select the Commutation event source */
 4368              		.loc 1 1849 17 view .LVU1250
 4369 0036 4168     		ldr	r1, [r0, #4]
1849:Drivers/STM32WBxx_HAL_Driver/Src/stm32wbxx_hal_tim_ex.c ****   /* Select the Commutation event source */
 4370              		.loc 1 1849 23 view .LVU1251
 4371 0038 41F00101 		orr	r1, r1, #1
 4372 003c 4160     		str	r1, [r0, #4]
1851:Drivers/STM32WBxx_HAL_Driver/Src/stm32wbxx_hal_tim_ex.c ****   htim->Instance->CR2 |= CommutationSource;
 4373              		.loc 1 1851 3 is_stmt 1 view .LVU1252
1851:Drivers/STM32WBxx_HAL_Driver/Src/stm32wbxx_hal_tim_ex.c ****   htim->Instance->CR2 |= CommutationSource;
 4374              		.loc 1 1851 7 is_stmt 0 view .LVU1253
 4375 003e 1868     		ldr	r0, [r3]
1851:Drivers/STM32WBxx_HAL_Driver/Src/stm32wbxx_hal_tim_ex.c ****   htim->Instance->CR2 |= CommutationSource;
 4376              		.loc 1 1851 17 view .LVU1254
 4377 0040 4168     		ldr	r1, [r0, #4]
1851:Drivers/STM32WBxx_HAL_Driver/Src/stm32wbxx_hal_tim_ex.c ****   htim->Instance->CR2 |= CommutationSource;
 4378              		.loc 1 1851 23 view .LVU1255
 4379 0042 21F00401 		bic	r1, r1, #4
 4380 0046 4160     		str	r1, [r0, #4]
1852:Drivers/STM32WBxx_HAL_Driver/Src/stm32wbxx_hal_tim_ex.c **** 
 4381              		.loc 1 1852 3 is_stmt 1 view .LVU1256
1852:Drivers/STM32WBxx_HAL_Driver/Src/stm32wbxx_hal_tim_ex.c **** 
 4382              		.loc 1 1852 7 is_stmt 0 view .LVU1257
 4383 0048 1868     		ldr	r0, [r3]
1852:Drivers/STM32WBxx_HAL_Driver/Src/stm32wbxx_hal_tim_ex.c **** 
 4384              		.loc 1 1852 17 view .LVU1258
 4385 004a 4168     		ldr	r1, [r0, #4]
1852:Drivers/STM32WBxx_HAL_Driver/Src/stm32wbxx_hal_tim_ex.c **** 
 4386              		.loc 1 1852 23 view .LVU1259
 4387 004c 0A43     		orrs	r2, r2, r1
 4388              	.LVL317:
1852:Drivers/STM32WBxx_HAL_Driver/Src/stm32wbxx_hal_tim_ex.c **** 
 4389              		.loc 1 1852 23 view .LVU1260
 4390 004e 4260     		str	r2, [r0, #4]
1855:Drivers/STM32WBxx_HAL_Driver/Src/stm32wbxx_hal_tim_ex.c **** 
 4391              		.loc 1 1855 3 is_stmt 1 view .LVU1261
 4392 0050 1968     		ldr	r1, [r3]
 4393 0052 CA68     		ldr	r2, [r1, #12]
 4394 0054 22F02002 		bic	r2, r2, #32
 4395 0058 CA60     		str	r2, [r1, #12]
ARM GAS  /var/folders/98/ctz5mtps7w71v8dr53cf5qg40000gn/T//ccO5oMcB.s 			page 148


1858:Drivers/STM32WBxx_HAL_Driver/Src/stm32wbxx_hal_tim_ex.c **** 
 4396              		.loc 1 1858 3 view .LVU1262
 4397 005a 1968     		ldr	r1, [r3]
 4398 005c CA68     		ldr	r2, [r1, #12]
 4399 005e 22F40052 		bic	r2, r2, #8192
 4400 0062 CA60     		str	r2, [r1, #12]
1860:Drivers/STM32WBxx_HAL_Driver/Src/stm32wbxx_hal_tim_ex.c **** 
 4401              		.loc 1 1860 3 view .LVU1263
1860:Drivers/STM32WBxx_HAL_Driver/Src/stm32wbxx_hal_tim_ex.c **** 
 4402              		.loc 1 1860 3 view .LVU1264
 4403 0064 0020     		movs	r0, #0
 4404 0066 83F83C00 		strb	r0, [r3, #60]
1860:Drivers/STM32WBxx_HAL_Driver/Src/stm32wbxx_hal_tim_ex.c **** 
 4405              		.loc 1 1860 3 view .LVU1265
1862:Drivers/STM32WBxx_HAL_Driver/Src/stm32wbxx_hal_tim_ex.c **** }
 4406              		.loc 1 1862 3 view .LVU1266
1863:Drivers/STM32WBxx_HAL_Driver/Src/stm32wbxx_hal_tim_ex.c **** 
 4407              		.loc 1 1863 1 is_stmt 0 view .LVU1267
 4408 006a 5DF8044B 		ldr	r4, [sp], #4
 4409              	.LCFI31:
 4410              		.cfi_remember_state
 4411              		.cfi_restore 4
 4412              		.cfi_def_cfa_offset 0
 4413 006e 7047     		bx	lr
 4414              	.LVL318:
 4415              	.L363:
 4416              	.LCFI32:
 4417              		.cfi_restore_state
1863:Drivers/STM32WBxx_HAL_Driver/Src/stm32wbxx_hal_tim_ex.c **** 
 4418              		.loc 1 1863 1 view .LVU1268
 4419 0070 3029     		cmp	r1, #48
 4420 0072 DFD1     		bne	.L364
 4421 0074 D3E7     		b	.L362
 4422              	.L365:
 4423              	.LCFI33:
 4424              		.cfi_def_cfa_offset 0
 4425              		.cfi_restore 4
1838:Drivers/STM32WBxx_HAL_Driver/Src/stm32wbxx_hal_tim_ex.c **** 
 4426              		.loc 1 1838 3 discriminator 1 view .LVU1269
 4427 0076 0220     		movs	r0, #2
1863:Drivers/STM32WBxx_HAL_Driver/Src/stm32wbxx_hal_tim_ex.c **** 
 4428              		.loc 1 1863 1 view .LVU1270
 4429 0078 7047     		bx	lr
 4430              		.cfi_endproc
 4431              	.LFE976:
 4433              		.section	.text.HAL_TIMEx_ConfigCommutEvent_IT,"ax",%progbits
 4434              		.align	1
 4435              		.global	HAL_TIMEx_ConfigCommutEvent_IT
 4436              		.syntax unified
 4437              		.thumb
 4438              		.thumb_func
 4440              	HAL_TIMEx_ConfigCommutEvent_IT:
 4441              	.LVL319:
 4442              	.LFB977:
1889:Drivers/STM32WBxx_HAL_Driver/Src/stm32wbxx_hal_tim_ex.c ****   /* Check the parameters */
 4443              		.loc 1 1889 1 is_stmt 1 view -0
 4444              		.cfi_startproc
ARM GAS  /var/folders/98/ctz5mtps7w71v8dr53cf5qg40000gn/T//ccO5oMcB.s 			page 149


 4445              		@ args = 0, pretend = 0, frame = 0
 4446              		@ frame_needed = 0, uses_anonymous_args = 0
 4447              		@ link register save eliminated.
1889:Drivers/STM32WBxx_HAL_Driver/Src/stm32wbxx_hal_tim_ex.c ****   /* Check the parameters */
 4448              		.loc 1 1889 1 is_stmt 0 view .LVU1272
 4449 0000 0346     		mov	r3, r0
1891:Drivers/STM32WBxx_HAL_Driver/Src/stm32wbxx_hal_tim_ex.c ****   assert_param(IS_TIM_INTERNAL_TRIGGEREVENT_SELECTION(InputTrigger));
 4450              		.loc 1 1891 3 is_stmt 1 view .LVU1273
1892:Drivers/STM32WBxx_HAL_Driver/Src/stm32wbxx_hal_tim_ex.c **** 
 4451              		.loc 1 1892 3 view .LVU1274
1894:Drivers/STM32WBxx_HAL_Driver/Src/stm32wbxx_hal_tim_ex.c **** 
 4452              		.loc 1 1894 3 view .LVU1275
1894:Drivers/STM32WBxx_HAL_Driver/Src/stm32wbxx_hal_tim_ex.c **** 
 4453              		.loc 1 1894 3 view .LVU1276
 4454 0002 90F83C00 		ldrb	r0, [r0, #60]	@ zero_extendqisi2
 4455              	.LVL320:
1894:Drivers/STM32WBxx_HAL_Driver/Src/stm32wbxx_hal_tim_ex.c **** 
 4456              		.loc 1 1894 3 is_stmt 0 view .LVU1277
 4457 0006 0128     		cmp	r0, #1
 4458 0008 35D0     		beq	.L375
1889:Drivers/STM32WBxx_HAL_Driver/Src/stm32wbxx_hal_tim_ex.c ****   /* Check the parameters */
 4459              		.loc 1 1889 1 view .LVU1278
 4460 000a 10B4     		push	{r4}
 4461              	.LCFI34:
 4462              		.cfi_def_cfa_offset 4
 4463              		.cfi_offset 4, -4
1894:Drivers/STM32WBxx_HAL_Driver/Src/stm32wbxx_hal_tim_ex.c **** 
 4464              		.loc 1 1894 3 is_stmt 1 discriminator 2 view .LVU1279
 4465 000c 0120     		movs	r0, #1
 4466 000e 83F83C00 		strb	r0, [r3, #60]
1894:Drivers/STM32WBxx_HAL_Driver/Src/stm32wbxx_hal_tim_ex.c **** 
 4467              		.loc 1 1894 3 view .LVU1280
1896:Drivers/STM32WBxx_HAL_Driver/Src/stm32wbxx_hal_tim_ex.c ****       (InputTrigger == TIM_TS_ITR2) || (InputTrigger == TIM_TS_ITR3))
 4468              		.loc 1 1896 3 view .LVU1281
 4469 0012 2029     		cmp	r1, #32
 4470 0014 03D0     		beq	.L372
 4471 0016 2BD8     		bhi	.L373
 4472 0018 09B1     		cbz	r1, .L372
 4473 001a 1029     		cmp	r1, #16
 4474 001c 0AD1     		bne	.L374
 4475              	.L372:
1900:Drivers/STM32WBxx_HAL_Driver/Src/stm32wbxx_hal_tim_ex.c ****     htim->Instance->SMCR |= InputTrigger;
 4476              		.loc 1 1900 5 view .LVU1282
1900:Drivers/STM32WBxx_HAL_Driver/Src/stm32wbxx_hal_tim_ex.c ****     htim->Instance->SMCR |= InputTrigger;
 4477              		.loc 1 1900 9 is_stmt 0 view .LVU1283
 4478 001e 1C68     		ldr	r4, [r3]
1900:Drivers/STM32WBxx_HAL_Driver/Src/stm32wbxx_hal_tim_ex.c ****     htim->Instance->SMCR |= InputTrigger;
 4479              		.loc 1 1900 19 view .LVU1284
 4480 0020 A068     		ldr	r0, [r4, #8]
1900:Drivers/STM32WBxx_HAL_Driver/Src/stm32wbxx_hal_tim_ex.c ****     htim->Instance->SMCR |= InputTrigger;
 4481              		.loc 1 1900 26 view .LVU1285
 4482 0022 20F44010 		bic	r0, r0, #3145728
 4483 0026 20F07000 		bic	r0, r0, #112
 4484 002a A060     		str	r0, [r4, #8]
1901:Drivers/STM32WBxx_HAL_Driver/Src/stm32wbxx_hal_tim_ex.c ****   }
 4485              		.loc 1 1901 5 is_stmt 1 view .LVU1286
1901:Drivers/STM32WBxx_HAL_Driver/Src/stm32wbxx_hal_tim_ex.c ****   }
ARM GAS  /var/folders/98/ctz5mtps7w71v8dr53cf5qg40000gn/T//ccO5oMcB.s 			page 150


 4486              		.loc 1 1901 9 is_stmt 0 view .LVU1287
 4487 002c 1C68     		ldr	r4, [r3]
1901:Drivers/STM32WBxx_HAL_Driver/Src/stm32wbxx_hal_tim_ex.c ****   }
 4488              		.loc 1 1901 19 view .LVU1288
 4489 002e A068     		ldr	r0, [r4, #8]
1901:Drivers/STM32WBxx_HAL_Driver/Src/stm32wbxx_hal_tim_ex.c ****   }
 4490              		.loc 1 1901 26 view .LVU1289
 4491 0030 0143     		orrs	r1, r1, r0
 4492              	.LVL321:
1901:Drivers/STM32WBxx_HAL_Driver/Src/stm32wbxx_hal_tim_ex.c ****   }
 4493              		.loc 1 1901 26 view .LVU1290
 4494 0032 A160     		str	r1, [r4, #8]
 4495              	.L374:
1905:Drivers/STM32WBxx_HAL_Driver/Src/stm32wbxx_hal_tim_ex.c ****   /* Select the Commutation event source */
 4496              		.loc 1 1905 3 is_stmt 1 view .LVU1291
1905:Drivers/STM32WBxx_HAL_Driver/Src/stm32wbxx_hal_tim_ex.c ****   /* Select the Commutation event source */
 4497              		.loc 1 1905 7 is_stmt 0 view .LVU1292
 4498 0034 1868     		ldr	r0, [r3]
1905:Drivers/STM32WBxx_HAL_Driver/Src/stm32wbxx_hal_tim_ex.c ****   /* Select the Commutation event source */
 4499              		.loc 1 1905 17 view .LVU1293
 4500 0036 4168     		ldr	r1, [r0, #4]
1905:Drivers/STM32WBxx_HAL_Driver/Src/stm32wbxx_hal_tim_ex.c ****   /* Select the Commutation event source */
 4501              		.loc 1 1905 23 view .LVU1294
 4502 0038 41F00101 		orr	r1, r1, #1
 4503 003c 4160     		str	r1, [r0, #4]
1907:Drivers/STM32WBxx_HAL_Driver/Src/stm32wbxx_hal_tim_ex.c ****   htim->Instance->CR2 |= CommutationSource;
 4504              		.loc 1 1907 3 is_stmt 1 view .LVU1295
1907:Drivers/STM32WBxx_HAL_Driver/Src/stm32wbxx_hal_tim_ex.c ****   htim->Instance->CR2 |= CommutationSource;
 4505              		.loc 1 1907 7 is_stmt 0 view .LVU1296
 4506 003e 1868     		ldr	r0, [r3]
1907:Drivers/STM32WBxx_HAL_Driver/Src/stm32wbxx_hal_tim_ex.c ****   htim->Instance->CR2 |= CommutationSource;
 4507              		.loc 1 1907 17 view .LVU1297
 4508 0040 4168     		ldr	r1, [r0, #4]
1907:Drivers/STM32WBxx_HAL_Driver/Src/stm32wbxx_hal_tim_ex.c ****   htim->Instance->CR2 |= CommutationSource;
 4509              		.loc 1 1907 23 view .LVU1298
 4510 0042 21F00401 		bic	r1, r1, #4
 4511 0046 4160     		str	r1, [r0, #4]
1908:Drivers/STM32WBxx_HAL_Driver/Src/stm32wbxx_hal_tim_ex.c **** 
 4512              		.loc 1 1908 3 is_stmt 1 view .LVU1299
1908:Drivers/STM32WBxx_HAL_Driver/Src/stm32wbxx_hal_tim_ex.c **** 
 4513              		.loc 1 1908 7 is_stmt 0 view .LVU1300
 4514 0048 1868     		ldr	r0, [r3]
1908:Drivers/STM32WBxx_HAL_Driver/Src/stm32wbxx_hal_tim_ex.c **** 
 4515              		.loc 1 1908 17 view .LVU1301
 4516 004a 4168     		ldr	r1, [r0, #4]
1908:Drivers/STM32WBxx_HAL_Driver/Src/stm32wbxx_hal_tim_ex.c **** 
 4517              		.loc 1 1908 23 view .LVU1302
 4518 004c 0A43     		orrs	r2, r2, r1
 4519              	.LVL322:
1908:Drivers/STM32WBxx_HAL_Driver/Src/stm32wbxx_hal_tim_ex.c **** 
 4520              		.loc 1 1908 23 view .LVU1303
 4521 004e 4260     		str	r2, [r0, #4]
1911:Drivers/STM32WBxx_HAL_Driver/Src/stm32wbxx_hal_tim_ex.c **** 
 4522              		.loc 1 1911 3 is_stmt 1 view .LVU1304
 4523 0050 1968     		ldr	r1, [r3]
 4524 0052 CA68     		ldr	r2, [r1, #12]
 4525 0054 22F40052 		bic	r2, r2, #8192
ARM GAS  /var/folders/98/ctz5mtps7w71v8dr53cf5qg40000gn/T//ccO5oMcB.s 			page 151


 4526 0058 CA60     		str	r2, [r1, #12]
1914:Drivers/STM32WBxx_HAL_Driver/Src/stm32wbxx_hal_tim_ex.c **** 
 4527              		.loc 1 1914 3 view .LVU1305
 4528 005a 1968     		ldr	r1, [r3]
 4529 005c CA68     		ldr	r2, [r1, #12]
 4530 005e 42F02002 		orr	r2, r2, #32
 4531 0062 CA60     		str	r2, [r1, #12]
1916:Drivers/STM32WBxx_HAL_Driver/Src/stm32wbxx_hal_tim_ex.c **** 
 4532              		.loc 1 1916 3 view .LVU1306
1916:Drivers/STM32WBxx_HAL_Driver/Src/stm32wbxx_hal_tim_ex.c **** 
 4533              		.loc 1 1916 3 view .LVU1307
 4534 0064 0020     		movs	r0, #0
 4535 0066 83F83C00 		strb	r0, [r3, #60]
1916:Drivers/STM32WBxx_HAL_Driver/Src/stm32wbxx_hal_tim_ex.c **** 
 4536              		.loc 1 1916 3 view .LVU1308
1918:Drivers/STM32WBxx_HAL_Driver/Src/stm32wbxx_hal_tim_ex.c **** }
 4537              		.loc 1 1918 3 view .LVU1309
1919:Drivers/STM32WBxx_HAL_Driver/Src/stm32wbxx_hal_tim_ex.c **** 
 4538              		.loc 1 1919 1 is_stmt 0 view .LVU1310
 4539 006a 5DF8044B 		ldr	r4, [sp], #4
 4540              	.LCFI35:
 4541              		.cfi_remember_state
 4542              		.cfi_restore 4
 4543              		.cfi_def_cfa_offset 0
 4544 006e 7047     		bx	lr
 4545              	.LVL323:
 4546              	.L373:
 4547              	.LCFI36:
 4548              		.cfi_restore_state
1919:Drivers/STM32WBxx_HAL_Driver/Src/stm32wbxx_hal_tim_ex.c **** 
 4549              		.loc 1 1919 1 view .LVU1311
 4550 0070 3029     		cmp	r1, #48
 4551 0072 DFD1     		bne	.L374
 4552 0074 D3E7     		b	.L372
 4553              	.L375:
 4554              	.LCFI37:
 4555              		.cfi_def_cfa_offset 0
 4556              		.cfi_restore 4
1894:Drivers/STM32WBxx_HAL_Driver/Src/stm32wbxx_hal_tim_ex.c **** 
 4557              		.loc 1 1894 3 discriminator 1 view .LVU1312
 4558 0076 0220     		movs	r0, #2
1919:Drivers/STM32WBxx_HAL_Driver/Src/stm32wbxx_hal_tim_ex.c **** 
 4559              		.loc 1 1919 1 view .LVU1313
 4560 0078 7047     		bx	lr
 4561              		.cfi_endproc
 4562              	.LFE977:
 4564              		.section	.text.HAL_TIMEx_ConfigCommutEvent_DMA,"ax",%progbits
 4565              		.align	1
 4566              		.global	HAL_TIMEx_ConfigCommutEvent_DMA
 4567              		.syntax unified
 4568              		.thumb
 4569              		.thumb_func
 4571              	HAL_TIMEx_ConfigCommutEvent_DMA:
 4572              	.LVL324:
 4573              	.LFB978:
1946:Drivers/STM32WBxx_HAL_Driver/Src/stm32wbxx_hal_tim_ex.c ****   /* Check the parameters */
 4574              		.loc 1 1946 1 is_stmt 1 view -0
ARM GAS  /var/folders/98/ctz5mtps7w71v8dr53cf5qg40000gn/T//ccO5oMcB.s 			page 152


 4575              		.cfi_startproc
 4576              		@ args = 0, pretend = 0, frame = 0
 4577              		@ frame_needed = 0, uses_anonymous_args = 0
 4578              		@ link register save eliminated.
1946:Drivers/STM32WBxx_HAL_Driver/Src/stm32wbxx_hal_tim_ex.c ****   /* Check the parameters */
 4579              		.loc 1 1946 1 is_stmt 0 view .LVU1315
 4580 0000 0346     		mov	r3, r0
1948:Drivers/STM32WBxx_HAL_Driver/Src/stm32wbxx_hal_tim_ex.c ****   assert_param(IS_TIM_INTERNAL_TRIGGEREVENT_SELECTION(InputTrigger));
 4581              		.loc 1 1948 3 is_stmt 1 view .LVU1316
1949:Drivers/STM32WBxx_HAL_Driver/Src/stm32wbxx_hal_tim_ex.c **** 
 4582              		.loc 1 1949 3 view .LVU1317
1951:Drivers/STM32WBxx_HAL_Driver/Src/stm32wbxx_hal_tim_ex.c **** 
 4583              		.loc 1 1951 3 view .LVU1318
1951:Drivers/STM32WBxx_HAL_Driver/Src/stm32wbxx_hal_tim_ex.c **** 
 4584              		.loc 1 1951 3 view .LVU1319
 4585 0002 90F83C00 		ldrb	r0, [r0, #60]	@ zero_extendqisi2
 4586              	.LVL325:
1951:Drivers/STM32WBxx_HAL_Driver/Src/stm32wbxx_hal_tim_ex.c **** 
 4587              		.loc 1 1951 3 is_stmt 0 view .LVU1320
 4588 0006 0128     		cmp	r0, #1
 4589 0008 3ED0     		beq	.L385
1946:Drivers/STM32WBxx_HAL_Driver/Src/stm32wbxx_hal_tim_ex.c ****   /* Check the parameters */
 4590              		.loc 1 1946 1 view .LVU1321
 4591 000a 10B4     		push	{r4}
 4592              	.LCFI38:
 4593              		.cfi_def_cfa_offset 4
 4594              		.cfi_offset 4, -4
1951:Drivers/STM32WBxx_HAL_Driver/Src/stm32wbxx_hal_tim_ex.c **** 
 4595              		.loc 1 1951 3 is_stmt 1 discriminator 2 view .LVU1322
 4596 000c 0120     		movs	r0, #1
 4597 000e 83F83C00 		strb	r0, [r3, #60]
1951:Drivers/STM32WBxx_HAL_Driver/Src/stm32wbxx_hal_tim_ex.c **** 
 4598              		.loc 1 1951 3 view .LVU1323
1953:Drivers/STM32WBxx_HAL_Driver/Src/stm32wbxx_hal_tim_ex.c ****       (InputTrigger == TIM_TS_ITR2) || (InputTrigger == TIM_TS_ITR3))
 4599              		.loc 1 1953 3 view .LVU1324
 4600 0012 2029     		cmp	r1, #32
 4601 0014 03D0     		beq	.L382
 4602 0016 34D8     		bhi	.L383
 4603 0018 09B1     		cbz	r1, .L382
 4604 001a 1029     		cmp	r1, #16
 4605 001c 0AD1     		bne	.L384
 4606              	.L382:
1957:Drivers/STM32WBxx_HAL_Driver/Src/stm32wbxx_hal_tim_ex.c ****     htim->Instance->SMCR |= InputTrigger;
 4607              		.loc 1 1957 5 view .LVU1325
1957:Drivers/STM32WBxx_HAL_Driver/Src/stm32wbxx_hal_tim_ex.c ****     htim->Instance->SMCR |= InputTrigger;
 4608              		.loc 1 1957 9 is_stmt 0 view .LVU1326
 4609 001e 1C68     		ldr	r4, [r3]
1957:Drivers/STM32WBxx_HAL_Driver/Src/stm32wbxx_hal_tim_ex.c ****     htim->Instance->SMCR |= InputTrigger;
 4610              		.loc 1 1957 19 view .LVU1327
 4611 0020 A068     		ldr	r0, [r4, #8]
1957:Drivers/STM32WBxx_HAL_Driver/Src/stm32wbxx_hal_tim_ex.c ****     htim->Instance->SMCR |= InputTrigger;
 4612              		.loc 1 1957 26 view .LVU1328
 4613 0022 20F44010 		bic	r0, r0, #3145728
 4614 0026 20F07000 		bic	r0, r0, #112
 4615 002a A060     		str	r0, [r4, #8]
1958:Drivers/STM32WBxx_HAL_Driver/Src/stm32wbxx_hal_tim_ex.c ****   }
 4616              		.loc 1 1958 5 is_stmt 1 view .LVU1329
ARM GAS  /var/folders/98/ctz5mtps7w71v8dr53cf5qg40000gn/T//ccO5oMcB.s 			page 153


1958:Drivers/STM32WBxx_HAL_Driver/Src/stm32wbxx_hal_tim_ex.c ****   }
 4617              		.loc 1 1958 9 is_stmt 0 view .LVU1330
 4618 002c 1C68     		ldr	r4, [r3]
1958:Drivers/STM32WBxx_HAL_Driver/Src/stm32wbxx_hal_tim_ex.c ****   }
 4619              		.loc 1 1958 19 view .LVU1331
 4620 002e A068     		ldr	r0, [r4, #8]
1958:Drivers/STM32WBxx_HAL_Driver/Src/stm32wbxx_hal_tim_ex.c ****   }
 4621              		.loc 1 1958 26 view .LVU1332
 4622 0030 0143     		orrs	r1, r1, r0
 4623              	.LVL326:
1958:Drivers/STM32WBxx_HAL_Driver/Src/stm32wbxx_hal_tim_ex.c ****   }
 4624              		.loc 1 1958 26 view .LVU1333
 4625 0032 A160     		str	r1, [r4, #8]
 4626              	.L384:
1962:Drivers/STM32WBxx_HAL_Driver/Src/stm32wbxx_hal_tim_ex.c ****   /* Select the Commutation event source */
 4627              		.loc 1 1962 3 is_stmt 1 view .LVU1334
1962:Drivers/STM32WBxx_HAL_Driver/Src/stm32wbxx_hal_tim_ex.c ****   /* Select the Commutation event source */
 4628              		.loc 1 1962 7 is_stmt 0 view .LVU1335
 4629 0034 1868     		ldr	r0, [r3]
1962:Drivers/STM32WBxx_HAL_Driver/Src/stm32wbxx_hal_tim_ex.c ****   /* Select the Commutation event source */
 4630              		.loc 1 1962 17 view .LVU1336
 4631 0036 4168     		ldr	r1, [r0, #4]
1962:Drivers/STM32WBxx_HAL_Driver/Src/stm32wbxx_hal_tim_ex.c ****   /* Select the Commutation event source */
 4632              		.loc 1 1962 23 view .LVU1337
 4633 0038 41F00101 		orr	r1, r1, #1
 4634 003c 4160     		str	r1, [r0, #4]
1964:Drivers/STM32WBxx_HAL_Driver/Src/stm32wbxx_hal_tim_ex.c ****   htim->Instance->CR2 |= CommutationSource;
 4635              		.loc 1 1964 3 is_stmt 1 view .LVU1338
1964:Drivers/STM32WBxx_HAL_Driver/Src/stm32wbxx_hal_tim_ex.c ****   htim->Instance->CR2 |= CommutationSource;
 4636              		.loc 1 1964 7 is_stmt 0 view .LVU1339
 4637 003e 1868     		ldr	r0, [r3]
1964:Drivers/STM32WBxx_HAL_Driver/Src/stm32wbxx_hal_tim_ex.c ****   htim->Instance->CR2 |= CommutationSource;
 4638              		.loc 1 1964 17 view .LVU1340
 4639 0040 4168     		ldr	r1, [r0, #4]
1964:Drivers/STM32WBxx_HAL_Driver/Src/stm32wbxx_hal_tim_ex.c ****   htim->Instance->CR2 |= CommutationSource;
 4640              		.loc 1 1964 23 view .LVU1341
 4641 0042 21F00401 		bic	r1, r1, #4
 4642 0046 4160     		str	r1, [r0, #4]
1965:Drivers/STM32WBxx_HAL_Driver/Src/stm32wbxx_hal_tim_ex.c **** 
 4643              		.loc 1 1965 3 is_stmt 1 view .LVU1342
1965:Drivers/STM32WBxx_HAL_Driver/Src/stm32wbxx_hal_tim_ex.c **** 
 4644              		.loc 1 1965 7 is_stmt 0 view .LVU1343
 4645 0048 1868     		ldr	r0, [r3]
1965:Drivers/STM32WBxx_HAL_Driver/Src/stm32wbxx_hal_tim_ex.c **** 
 4646              		.loc 1 1965 17 view .LVU1344
 4647 004a 4168     		ldr	r1, [r0, #4]
1965:Drivers/STM32WBxx_HAL_Driver/Src/stm32wbxx_hal_tim_ex.c **** 
 4648              		.loc 1 1965 23 view .LVU1345
 4649 004c 0A43     		orrs	r2, r2, r1
 4650              	.LVL327:
1965:Drivers/STM32WBxx_HAL_Driver/Src/stm32wbxx_hal_tim_ex.c **** 
 4651              		.loc 1 1965 23 view .LVU1346
 4652 004e 4260     		str	r2, [r0, #4]
1969:Drivers/STM32WBxx_HAL_Driver/Src/stm32wbxx_hal_tim_ex.c ****   htim->hdma[TIM_DMA_ID_COMMUTATION]->XferHalfCpltCallback = TIMEx_DMACommutationHalfCplt;
 4653              		.loc 1 1969 3 is_stmt 1 view .LVU1347
1969:Drivers/STM32WBxx_HAL_Driver/Src/stm32wbxx_hal_tim_ex.c ****   htim->hdma[TIM_DMA_ID_COMMUTATION]->XferHalfCpltCallback = TIMEx_DMACommutationHalfCplt;
 4654              		.loc 1 1969 13 is_stmt 0 view .LVU1348
ARM GAS  /var/folders/98/ctz5mtps7w71v8dr53cf5qg40000gn/T//ccO5oMcB.s 			page 154


 4655 0050 5A6B     		ldr	r2, [r3, #52]
1969:Drivers/STM32WBxx_HAL_Driver/Src/stm32wbxx_hal_tim_ex.c ****   htim->hdma[TIM_DMA_ID_COMMUTATION]->XferHalfCpltCallback = TIMEx_DMACommutationHalfCplt;
 4656              		.loc 1 1969 56 view .LVU1349
 4657 0052 0E49     		ldr	r1, .L390
 4658 0054 D162     		str	r1, [r2, #44]
1970:Drivers/STM32WBxx_HAL_Driver/Src/stm32wbxx_hal_tim_ex.c ****   /* Set the DMA error callback */
 4659              		.loc 1 1970 3 is_stmt 1 view .LVU1350
1970:Drivers/STM32WBxx_HAL_Driver/Src/stm32wbxx_hal_tim_ex.c ****   /* Set the DMA error callback */
 4660              		.loc 1 1970 13 is_stmt 0 view .LVU1351
 4661 0056 5A6B     		ldr	r2, [r3, #52]
1970:Drivers/STM32WBxx_HAL_Driver/Src/stm32wbxx_hal_tim_ex.c ****   /* Set the DMA error callback */
 4662              		.loc 1 1970 60 view .LVU1352
 4663 0058 0D49     		ldr	r1, .L390+4
 4664 005a 1163     		str	r1, [r2, #48]
1972:Drivers/STM32WBxx_HAL_Driver/Src/stm32wbxx_hal_tim_ex.c **** 
 4665              		.loc 1 1972 3 is_stmt 1 view .LVU1353
1972:Drivers/STM32WBxx_HAL_Driver/Src/stm32wbxx_hal_tim_ex.c **** 
 4666              		.loc 1 1972 13 is_stmt 0 view .LVU1354
 4667 005c 5A6B     		ldr	r2, [r3, #52]
1972:Drivers/STM32WBxx_HAL_Driver/Src/stm32wbxx_hal_tim_ex.c **** 
 4668              		.loc 1 1972 57 view .LVU1355
 4669 005e 0D49     		ldr	r1, .L390+8
 4670 0060 5163     		str	r1, [r2, #52]
1975:Drivers/STM32WBxx_HAL_Driver/Src/stm32wbxx_hal_tim_ex.c **** 
 4671              		.loc 1 1975 3 is_stmt 1 view .LVU1356
 4672 0062 1968     		ldr	r1, [r3]
 4673 0064 CA68     		ldr	r2, [r1, #12]
 4674 0066 22F02002 		bic	r2, r2, #32
 4675 006a CA60     		str	r2, [r1, #12]
1978:Drivers/STM32WBxx_HAL_Driver/Src/stm32wbxx_hal_tim_ex.c **** 
 4676              		.loc 1 1978 3 view .LVU1357
 4677 006c 1968     		ldr	r1, [r3]
 4678 006e CA68     		ldr	r2, [r1, #12]
 4679 0070 42F40052 		orr	r2, r2, #8192
 4680 0074 CA60     		str	r2, [r1, #12]
1980:Drivers/STM32WBxx_HAL_Driver/Src/stm32wbxx_hal_tim_ex.c **** 
 4681              		.loc 1 1980 3 view .LVU1358
1980:Drivers/STM32WBxx_HAL_Driver/Src/stm32wbxx_hal_tim_ex.c **** 
 4682              		.loc 1 1980 3 view .LVU1359
 4683 0076 0020     		movs	r0, #0
 4684 0078 83F83C00 		strb	r0, [r3, #60]
1980:Drivers/STM32WBxx_HAL_Driver/Src/stm32wbxx_hal_tim_ex.c **** 
 4685              		.loc 1 1980 3 view .LVU1360
1982:Drivers/STM32WBxx_HAL_Driver/Src/stm32wbxx_hal_tim_ex.c **** }
 4686              		.loc 1 1982 3 view .LVU1361
1983:Drivers/STM32WBxx_HAL_Driver/Src/stm32wbxx_hal_tim_ex.c **** 
 4687              		.loc 1 1983 1 is_stmt 0 view .LVU1362
 4688 007c 5DF8044B 		ldr	r4, [sp], #4
 4689              	.LCFI39:
 4690              		.cfi_remember_state
 4691              		.cfi_restore 4
 4692              		.cfi_def_cfa_offset 0
 4693 0080 7047     		bx	lr
 4694              	.LVL328:
 4695              	.L383:
 4696              	.LCFI40:
 4697              		.cfi_restore_state
ARM GAS  /var/folders/98/ctz5mtps7w71v8dr53cf5qg40000gn/T//ccO5oMcB.s 			page 155


1983:Drivers/STM32WBxx_HAL_Driver/Src/stm32wbxx_hal_tim_ex.c **** 
 4698              		.loc 1 1983 1 view .LVU1363
 4699 0082 3029     		cmp	r1, #48
 4700 0084 D6D1     		bne	.L384
 4701 0086 CAE7     		b	.L382
 4702              	.L385:
 4703              	.LCFI41:
 4704              		.cfi_def_cfa_offset 0
 4705              		.cfi_restore 4
1951:Drivers/STM32WBxx_HAL_Driver/Src/stm32wbxx_hal_tim_ex.c **** 
 4706              		.loc 1 1951 3 discriminator 1 view .LVU1364
 4707 0088 0220     		movs	r0, #2
1983:Drivers/STM32WBxx_HAL_Driver/Src/stm32wbxx_hal_tim_ex.c **** 
 4708              		.loc 1 1983 1 view .LVU1365
 4709 008a 7047     		bx	lr
 4710              	.L391:
 4711              		.align	2
 4712              	.L390:
 4713 008c 00000000 		.word	TIMEx_DMACommutationCplt
 4714 0090 00000000 		.word	TIMEx_DMACommutationHalfCplt
 4715 0094 00000000 		.word	TIM_DMAError
 4716              		.cfi_endproc
 4717              	.LFE978:
 4719              		.section	.text.HAL_TIMEx_MasterConfigSynchronization,"ax",%progbits
 4720              		.align	1
 4721              		.global	HAL_TIMEx_MasterConfigSynchronization
 4722              		.syntax unified
 4723              		.thumb
 4724              		.thumb_func
 4726              	HAL_TIMEx_MasterConfigSynchronization:
 4727              	.LVL329:
 4728              	.LFB979:
1995:Drivers/STM32WBxx_HAL_Driver/Src/stm32wbxx_hal_tim_ex.c ****   uint32_t tmpcr2;
 4729              		.loc 1 1995 1 is_stmt 1 view -0
 4730              		.cfi_startproc
 4731              		@ args = 0, pretend = 0, frame = 0
 4732              		@ frame_needed = 0, uses_anonymous_args = 0
 4733              		@ link register save eliminated.
1996:Drivers/STM32WBxx_HAL_Driver/Src/stm32wbxx_hal_tim_ex.c ****   uint32_t tmpsmcr;
 4734              		.loc 1 1996 3 view .LVU1367
1997:Drivers/STM32WBxx_HAL_Driver/Src/stm32wbxx_hal_tim_ex.c **** 
 4735              		.loc 1 1997 3 view .LVU1368
2000:Drivers/STM32WBxx_HAL_Driver/Src/stm32wbxx_hal_tim_ex.c ****   assert_param(IS_TIM_TRGO_SOURCE(sMasterConfig->MasterOutputTrigger));
 4736              		.loc 1 2000 3 view .LVU1369
2001:Drivers/STM32WBxx_HAL_Driver/Src/stm32wbxx_hal_tim_ex.c ****   assert_param(IS_TIM_MSM_STATE(sMasterConfig->MasterSlaveMode));
 4737              		.loc 1 2001 3 view .LVU1370
2002:Drivers/STM32WBxx_HAL_Driver/Src/stm32wbxx_hal_tim_ex.c **** 
 4738              		.loc 1 2002 3 view .LVU1371
2005:Drivers/STM32WBxx_HAL_Driver/Src/stm32wbxx_hal_tim_ex.c **** 
 4739              		.loc 1 2005 3 view .LVU1372
2005:Drivers/STM32WBxx_HAL_Driver/Src/stm32wbxx_hal_tim_ex.c **** 
 4740              		.loc 1 2005 3 view .LVU1373
 4741 0000 90F83C20 		ldrb	r2, [r0, #60]	@ zero_extendqisi2
 4742 0004 012A     		cmp	r2, #1
 4743 0006 2BD0     		beq	.L397
1995:Drivers/STM32WBxx_HAL_Driver/Src/stm32wbxx_hal_tim_ex.c ****   uint32_t tmpcr2;
 4744              		.loc 1 1995 1 is_stmt 0 view .LVU1374
ARM GAS  /var/folders/98/ctz5mtps7w71v8dr53cf5qg40000gn/T//ccO5oMcB.s 			page 156


 4745 0008 30B4     		push	{r4, r5}
 4746              	.LCFI42:
 4747              		.cfi_def_cfa_offset 8
 4748              		.cfi_offset 4, -8
 4749              		.cfi_offset 5, -4
 4750 000a 0346     		mov	r3, r0
2005:Drivers/STM32WBxx_HAL_Driver/Src/stm32wbxx_hal_tim_ex.c **** 
 4751              		.loc 1 2005 3 is_stmt 1 discriminator 2 view .LVU1375
 4752 000c 0122     		movs	r2, #1
 4753 000e 80F83C20 		strb	r2, [r0, #60]
2005:Drivers/STM32WBxx_HAL_Driver/Src/stm32wbxx_hal_tim_ex.c **** 
 4754              		.loc 1 2005 3 view .LVU1376
2008:Drivers/STM32WBxx_HAL_Driver/Src/stm32wbxx_hal_tim_ex.c **** 
 4755              		.loc 1 2008 3 view .LVU1377
2008:Drivers/STM32WBxx_HAL_Driver/Src/stm32wbxx_hal_tim_ex.c **** 
 4756              		.loc 1 2008 15 is_stmt 0 view .LVU1378
 4757 0012 0222     		movs	r2, #2
 4758 0014 80F83D20 		strb	r2, [r0, #61]
2011:Drivers/STM32WBxx_HAL_Driver/Src/stm32wbxx_hal_tim_ex.c **** 
 4759              		.loc 1 2011 3 is_stmt 1 view .LVU1379
2011:Drivers/STM32WBxx_HAL_Driver/Src/stm32wbxx_hal_tim_ex.c **** 
 4760              		.loc 1 2011 16 is_stmt 0 view .LVU1380
 4761 0018 0068     		ldr	r0, [r0]
 4762              	.LVL330:
2011:Drivers/STM32WBxx_HAL_Driver/Src/stm32wbxx_hal_tim_ex.c **** 
 4763              		.loc 1 2011 10 view .LVU1381
 4764 001a 4268     		ldr	r2, [r0, #4]
 4765              	.LVL331:
2014:Drivers/STM32WBxx_HAL_Driver/Src/stm32wbxx_hal_tim_ex.c **** 
 4766              		.loc 1 2014 3 is_stmt 1 view .LVU1382
2014:Drivers/STM32WBxx_HAL_Driver/Src/stm32wbxx_hal_tim_ex.c **** 
 4767              		.loc 1 2014 11 is_stmt 0 view .LVU1383
 4768 001c 8468     		ldr	r4, [r0, #8]
 4769              	.LVL332:
2017:Drivers/STM32WBxx_HAL_Driver/Src/stm32wbxx_hal_tim_ex.c ****   {
 4770              		.loc 1 2017 3 is_stmt 1 view .LVU1384
2017:Drivers/STM32WBxx_HAL_Driver/Src/stm32wbxx_hal_tim_ex.c ****   {
 4771              		.loc 1 2017 6 is_stmt 0 view .LVU1385
 4772 001e 114D     		ldr	r5, .L403
 4773 0020 A842     		cmp	r0, r5
 4774 0022 18D0     		beq	.L402
 4775              	.LVL333:
 4776              	.L394:
2029:Drivers/STM32WBxx_HAL_Driver/Src/stm32wbxx_hal_tim_ex.c ****   /* Select the TRGO source */
 4777              		.loc 1 2029 3 is_stmt 1 view .LVU1386
2029:Drivers/STM32WBxx_HAL_Driver/Src/stm32wbxx_hal_tim_ex.c ****   /* Select the TRGO source */
 4778              		.loc 1 2029 10 is_stmt 0 view .LVU1387
 4779 0024 22F07002 		bic	r2, r2, #112
 4780              	.LVL334:
2031:Drivers/STM32WBxx_HAL_Driver/Src/stm32wbxx_hal_tim_ex.c **** 
 4781              		.loc 1 2031 3 is_stmt 1 view .LVU1388
2031:Drivers/STM32WBxx_HAL_Driver/Src/stm32wbxx_hal_tim_ex.c **** 
 4782              		.loc 1 2031 10 is_stmt 0 view .LVU1389
 4783 0028 0D68     		ldr	r5, [r1]
 4784 002a 2A43     		orrs	r2, r2, r5
 4785              	.LVL335:
2034:Drivers/STM32WBxx_HAL_Driver/Src/stm32wbxx_hal_tim_ex.c **** 
ARM GAS  /var/folders/98/ctz5mtps7w71v8dr53cf5qg40000gn/T//ccO5oMcB.s 			page 157


 4786              		.loc 1 2034 3 is_stmt 1 view .LVU1390
2034:Drivers/STM32WBxx_HAL_Driver/Src/stm32wbxx_hal_tim_ex.c **** 
 4787              		.loc 1 2034 23 is_stmt 0 view .LVU1391
 4788 002c 4260     		str	r2, [r0, #4]
2036:Drivers/STM32WBxx_HAL_Driver/Src/stm32wbxx_hal_tim_ex.c ****   {
 4789              		.loc 1 2036 3 is_stmt 1 view .LVU1392
2036:Drivers/STM32WBxx_HAL_Driver/Src/stm32wbxx_hal_tim_ex.c ****   {
 4790              		.loc 1 2036 7 is_stmt 0 view .LVU1393
 4791 002e 1A68     		ldr	r2, [r3]
 4792              	.LVL336:
2036:Drivers/STM32WBxx_HAL_Driver/Src/stm32wbxx_hal_tim_ex.c ****   {
 4793              		.loc 1 2036 6 view .LVU1394
 4794 0030 0C48     		ldr	r0, .L403
 4795              	.LVL337:
2036:Drivers/STM32WBxx_HAL_Driver/Src/stm32wbxx_hal_tim_ex.c ****   {
 4796              		.loc 1 2036 6 view .LVU1395
 4797 0032 8242     		cmp	r2, r0
 4798 0034 02D0     		beq	.L395
2036:Drivers/STM32WBxx_HAL_Driver/Src/stm32wbxx_hal_tim_ex.c ****   {
 4799              		.loc 1 2036 7 discriminator 1 view .LVU1396
 4800 0036 B2F1804F 		cmp	r2, #1073741824
 4801 003a 04D1     		bne	.L396
 4802              	.L395:
2039:Drivers/STM32WBxx_HAL_Driver/Src/stm32wbxx_hal_tim_ex.c ****     /* Set master mode */
 4803              		.loc 1 2039 5 is_stmt 1 view .LVU1397
2039:Drivers/STM32WBxx_HAL_Driver/Src/stm32wbxx_hal_tim_ex.c ****     /* Set master mode */
 4804              		.loc 1 2039 13 is_stmt 0 view .LVU1398
 4805 003c 24F08004 		bic	r4, r4, #128
 4806              	.LVL338:
2041:Drivers/STM32WBxx_HAL_Driver/Src/stm32wbxx_hal_tim_ex.c **** 
 4807              		.loc 1 2041 5 is_stmt 1 view .LVU1399
2041:Drivers/STM32WBxx_HAL_Driver/Src/stm32wbxx_hal_tim_ex.c **** 
 4808              		.loc 1 2041 29 is_stmt 0 view .LVU1400
 4809 0040 8968     		ldr	r1, [r1, #8]
 4810              	.LVL339:
2041:Drivers/STM32WBxx_HAL_Driver/Src/stm32wbxx_hal_tim_ex.c **** 
 4811              		.loc 1 2041 13 view .LVU1401
 4812 0042 2143     		orrs	r1, r1, r4
 4813              	.LVL340:
2044:Drivers/STM32WBxx_HAL_Driver/Src/stm32wbxx_hal_tim_ex.c ****   }
 4814              		.loc 1 2044 5 is_stmt 1 view .LVU1402
2044:Drivers/STM32WBxx_HAL_Driver/Src/stm32wbxx_hal_tim_ex.c ****   }
 4815              		.loc 1 2044 26 is_stmt 0 view .LVU1403
 4816 0044 9160     		str	r1, [r2, #8]
 4817              	.LVL341:
 4818              	.L396:
2048:Drivers/STM32WBxx_HAL_Driver/Src/stm32wbxx_hal_tim_ex.c **** 
 4819              		.loc 1 2048 3 is_stmt 1 view .LVU1404
2048:Drivers/STM32WBxx_HAL_Driver/Src/stm32wbxx_hal_tim_ex.c **** 
 4820              		.loc 1 2048 15 is_stmt 0 view .LVU1405
 4821 0046 0122     		movs	r2, #1
 4822 0048 83F83D20 		strb	r2, [r3, #61]
2050:Drivers/STM32WBxx_HAL_Driver/Src/stm32wbxx_hal_tim_ex.c **** 
 4823              		.loc 1 2050 3 is_stmt 1 view .LVU1406
2050:Drivers/STM32WBxx_HAL_Driver/Src/stm32wbxx_hal_tim_ex.c **** 
 4824              		.loc 1 2050 3 view .LVU1407
 4825 004c 0020     		movs	r0, #0
ARM GAS  /var/folders/98/ctz5mtps7w71v8dr53cf5qg40000gn/T//ccO5oMcB.s 			page 158


 4826 004e 83F83C00 		strb	r0, [r3, #60]
2050:Drivers/STM32WBxx_HAL_Driver/Src/stm32wbxx_hal_tim_ex.c **** 
 4827              		.loc 1 2050 3 view .LVU1408
2052:Drivers/STM32WBxx_HAL_Driver/Src/stm32wbxx_hal_tim_ex.c **** }
 4828              		.loc 1 2052 3 view .LVU1409
2053:Drivers/STM32WBxx_HAL_Driver/Src/stm32wbxx_hal_tim_ex.c **** 
 4829              		.loc 1 2053 1 is_stmt 0 view .LVU1410
 4830 0052 30BC     		pop	{r4, r5}
 4831              	.LCFI43:
 4832              		.cfi_remember_state
 4833              		.cfi_restore 5
 4834              		.cfi_restore 4
 4835              		.cfi_def_cfa_offset 0
 4836 0054 7047     		bx	lr
 4837              	.LVL342:
 4838              	.L402:
 4839              	.LCFI44:
 4840              		.cfi_restore_state
2020:Drivers/STM32WBxx_HAL_Driver/Src/stm32wbxx_hal_tim_ex.c **** 
 4841              		.loc 1 2020 5 is_stmt 1 view .LVU1411
2023:Drivers/STM32WBxx_HAL_Driver/Src/stm32wbxx_hal_tim_ex.c ****     /* Select the TRGO2 source*/
 4842              		.loc 1 2023 5 view .LVU1412
2023:Drivers/STM32WBxx_HAL_Driver/Src/stm32wbxx_hal_tim_ex.c ****     /* Select the TRGO2 source*/
 4843              		.loc 1 2023 12 is_stmt 0 view .LVU1413
 4844 0056 22F47002 		bic	r2, r2, #15728640
 4845              	.LVL343:
2025:Drivers/STM32WBxx_HAL_Driver/Src/stm32wbxx_hal_tim_ex.c ****   }
 4846              		.loc 1 2025 5 is_stmt 1 view .LVU1414
2025:Drivers/STM32WBxx_HAL_Driver/Src/stm32wbxx_hal_tim_ex.c ****   }
 4847              		.loc 1 2025 28 is_stmt 0 view .LVU1415
 4848 005a 4D68     		ldr	r5, [r1, #4]
2025:Drivers/STM32WBxx_HAL_Driver/Src/stm32wbxx_hal_tim_ex.c ****   }
 4849              		.loc 1 2025 12 view .LVU1416
 4850 005c 2A43     		orrs	r2, r2, r5
 4851              	.LVL344:
2025:Drivers/STM32WBxx_HAL_Driver/Src/stm32wbxx_hal_tim_ex.c ****   }
 4852              		.loc 1 2025 12 view .LVU1417
 4853 005e E1E7     		b	.L394
 4854              	.LVL345:
 4855              	.L397:
 4856              	.LCFI45:
 4857              		.cfi_def_cfa_offset 0
 4858              		.cfi_restore 4
 4859              		.cfi_restore 5
2005:Drivers/STM32WBxx_HAL_Driver/Src/stm32wbxx_hal_tim_ex.c **** 
 4860              		.loc 1 2005 3 discriminator 1 view .LVU1418
 4861 0060 0220     		movs	r0, #2
 4862              	.LVL346:
2053:Drivers/STM32WBxx_HAL_Driver/Src/stm32wbxx_hal_tim_ex.c **** 
 4863              		.loc 1 2053 1 view .LVU1419
 4864 0062 7047     		bx	lr
 4865              	.L404:
 4866              		.align	2
 4867              	.L403:
 4868 0064 002C0140 		.word	1073818624
 4869              		.cfi_endproc
 4870              	.LFE979:
ARM GAS  /var/folders/98/ctz5mtps7w71v8dr53cf5qg40000gn/T//ccO5oMcB.s 			page 159


 4872              		.section	.text.HAL_TIMEx_ConfigBreakDeadTime,"ax",%progbits
 4873              		.align	1
 4874              		.global	HAL_TIMEx_ConfigBreakDeadTime
 4875              		.syntax unified
 4876              		.thumb
 4877              		.thumb_func
 4879              	HAL_TIMEx_ConfigBreakDeadTime:
 4880              	.LVL347:
 4881              	.LFB980:
2068:Drivers/STM32WBxx_HAL_Driver/Src/stm32wbxx_hal_tim_ex.c ****   /* Keep this variable initialized to 0 as it is used to configure BDTR register */
 4882              		.loc 1 2068 1 is_stmt 1 view -0
 4883              		.cfi_startproc
 4884              		@ args = 0, pretend = 0, frame = 0
 4885              		@ frame_needed = 0, uses_anonymous_args = 0
 4886              		@ link register save eliminated.
2070:Drivers/STM32WBxx_HAL_Driver/Src/stm32wbxx_hal_tim_ex.c **** 
 4887              		.loc 1 2070 3 view .LVU1421
2073:Drivers/STM32WBxx_HAL_Driver/Src/stm32wbxx_hal_tim_ex.c ****   assert_param(IS_TIM_OSSR_STATE(sBreakDeadTimeConfig->OffStateRunMode));
 4888              		.loc 1 2073 3 view .LVU1422
2074:Drivers/STM32WBxx_HAL_Driver/Src/stm32wbxx_hal_tim_ex.c ****   assert_param(IS_TIM_OSSI_STATE(sBreakDeadTimeConfig->OffStateIDLEMode));
 4889              		.loc 1 2074 3 view .LVU1423
2075:Drivers/STM32WBxx_HAL_Driver/Src/stm32wbxx_hal_tim_ex.c ****   assert_param(IS_TIM_LOCK_LEVEL(sBreakDeadTimeConfig->LockLevel));
 4890              		.loc 1 2075 3 view .LVU1424
2076:Drivers/STM32WBxx_HAL_Driver/Src/stm32wbxx_hal_tim_ex.c ****   assert_param(IS_TIM_DEADTIME(sBreakDeadTimeConfig->DeadTime));
 4891              		.loc 1 2076 3 view .LVU1425
2077:Drivers/STM32WBxx_HAL_Driver/Src/stm32wbxx_hal_tim_ex.c ****   assert_param(IS_TIM_BREAK_STATE(sBreakDeadTimeConfig->BreakState));
 4892              		.loc 1 2077 3 view .LVU1426
2078:Drivers/STM32WBxx_HAL_Driver/Src/stm32wbxx_hal_tim_ex.c ****   assert_param(IS_TIM_BREAK_POLARITY(sBreakDeadTimeConfig->BreakPolarity));
 4893              		.loc 1 2078 3 view .LVU1427
2079:Drivers/STM32WBxx_HAL_Driver/Src/stm32wbxx_hal_tim_ex.c ****   assert_param(IS_TIM_BREAK_FILTER(sBreakDeadTimeConfig->BreakFilter));
 4894              		.loc 1 2079 3 view .LVU1428
2080:Drivers/STM32WBxx_HAL_Driver/Src/stm32wbxx_hal_tim_ex.c ****   assert_param(IS_TIM_AUTOMATIC_OUTPUT_STATE(sBreakDeadTimeConfig->AutomaticOutput));
 4895              		.loc 1 2080 3 view .LVU1429
2081:Drivers/STM32WBxx_HAL_Driver/Src/stm32wbxx_hal_tim_ex.c ****   assert_param(IS_TIM_BREAK_AFMODE(sBreakDeadTimeConfig->BreakAFMode));
 4896              		.loc 1 2081 3 view .LVU1430
2082:Drivers/STM32WBxx_HAL_Driver/Src/stm32wbxx_hal_tim_ex.c **** 
 4897              		.loc 1 2082 3 view .LVU1431
2085:Drivers/STM32WBxx_HAL_Driver/Src/stm32wbxx_hal_tim_ex.c **** 
 4898              		.loc 1 2085 3 view .LVU1432
2085:Drivers/STM32WBxx_HAL_Driver/Src/stm32wbxx_hal_tim_ex.c **** 
 4899              		.loc 1 2085 3 view .LVU1433
 4900 0000 90F83C30 		ldrb	r3, [r0, #60]	@ zero_extendqisi2
 4901 0004 012B     		cmp	r3, #1
 4902 0006 43D0     		beq	.L408
2068:Drivers/STM32WBxx_HAL_Driver/Src/stm32wbxx_hal_tim_ex.c ****   /* Keep this variable initialized to 0 as it is used to configure BDTR register */
 4903              		.loc 1 2068 1 is_stmt 0 view .LVU1434
 4904 0008 10B4     		push	{r4}
 4905              	.LCFI46:
 4906              		.cfi_def_cfa_offset 4
 4907              		.cfi_offset 4, -4
 4908 000a 0246     		mov	r2, r0
2085:Drivers/STM32WBxx_HAL_Driver/Src/stm32wbxx_hal_tim_ex.c **** 
 4909              		.loc 1 2085 3 is_stmt 1 discriminator 2 view .LVU1435
 4910 000c 0123     		movs	r3, #1
 4911 000e 80F83C30 		strb	r3, [r0, #60]
2085:Drivers/STM32WBxx_HAL_Driver/Src/stm32wbxx_hal_tim_ex.c **** 
 4912              		.loc 1 2085 3 view .LVU1436
ARM GAS  /var/folders/98/ctz5mtps7w71v8dr53cf5qg40000gn/T//ccO5oMcB.s 			page 160


2091:Drivers/STM32WBxx_HAL_Driver/Src/stm32wbxx_hal_tim_ex.c ****   MODIFY_REG(tmpbdtr, TIM_BDTR_LOCK, sBreakDeadTimeConfig->LockLevel);
 4913              		.loc 1 2091 3 view .LVU1437
 4914 0012 CB68     		ldr	r3, [r1, #12]
 4915              	.LVL348:
2092:Drivers/STM32WBxx_HAL_Driver/Src/stm32wbxx_hal_tim_ex.c ****   MODIFY_REG(tmpbdtr, TIM_BDTR_OSSI, sBreakDeadTimeConfig->OffStateIDLEMode);
 4916              		.loc 1 2092 3 view .LVU1438
 4917 0014 23F44073 		bic	r3, r3, #768
 4918              	.LVL349:
2092:Drivers/STM32WBxx_HAL_Driver/Src/stm32wbxx_hal_tim_ex.c ****   MODIFY_REG(tmpbdtr, TIM_BDTR_OSSI, sBreakDeadTimeConfig->OffStateIDLEMode);
 4919              		.loc 1 2092 3 is_stmt 0 view .LVU1439
 4920 0018 8868     		ldr	r0, [r1, #8]
 4921              	.LVL350:
2092:Drivers/STM32WBxx_HAL_Driver/Src/stm32wbxx_hal_tim_ex.c ****   MODIFY_REG(tmpbdtr, TIM_BDTR_OSSI, sBreakDeadTimeConfig->OffStateIDLEMode);
 4922              		.loc 1 2092 3 view .LVU1440
 4923 001a 0343     		orrs	r3, r3, r0
 4924              	.LVL351:
2093:Drivers/STM32WBxx_HAL_Driver/Src/stm32wbxx_hal_tim_ex.c ****   MODIFY_REG(tmpbdtr, TIM_BDTR_OSSR, sBreakDeadTimeConfig->OffStateRunMode);
 4925              		.loc 1 2093 3 is_stmt 1 view .LVU1441
 4926 001c 23F48063 		bic	r3, r3, #1024
 4927              	.LVL352:
2093:Drivers/STM32WBxx_HAL_Driver/Src/stm32wbxx_hal_tim_ex.c ****   MODIFY_REG(tmpbdtr, TIM_BDTR_OSSR, sBreakDeadTimeConfig->OffStateRunMode);
 4928              		.loc 1 2093 3 is_stmt 0 view .LVU1442
 4929 0020 4868     		ldr	r0, [r1, #4]
 4930              	.LVL353:
2093:Drivers/STM32WBxx_HAL_Driver/Src/stm32wbxx_hal_tim_ex.c ****   MODIFY_REG(tmpbdtr, TIM_BDTR_OSSR, sBreakDeadTimeConfig->OffStateRunMode);
 4931              		.loc 1 2093 3 view .LVU1443
 4932 0022 0343     		orrs	r3, r3, r0
 4933              	.LVL354:
2094:Drivers/STM32WBxx_HAL_Driver/Src/stm32wbxx_hal_tim_ex.c ****   MODIFY_REG(tmpbdtr, TIM_BDTR_BKE, sBreakDeadTimeConfig->BreakState);
 4934              		.loc 1 2094 3 is_stmt 1 view .LVU1444
 4935 0024 23F40063 		bic	r3, r3, #2048
 4936              	.LVL355:
2094:Drivers/STM32WBxx_HAL_Driver/Src/stm32wbxx_hal_tim_ex.c ****   MODIFY_REG(tmpbdtr, TIM_BDTR_BKE, sBreakDeadTimeConfig->BreakState);
 4937              		.loc 1 2094 3 is_stmt 0 view .LVU1445
 4938 0028 0868     		ldr	r0, [r1]
 4939              	.LVL356:
2094:Drivers/STM32WBxx_HAL_Driver/Src/stm32wbxx_hal_tim_ex.c ****   MODIFY_REG(tmpbdtr, TIM_BDTR_BKE, sBreakDeadTimeConfig->BreakState);
 4940              		.loc 1 2094 3 view .LVU1446
 4941 002a 0343     		orrs	r3, r3, r0
 4942              	.LVL357:
2095:Drivers/STM32WBxx_HAL_Driver/Src/stm32wbxx_hal_tim_ex.c ****   MODIFY_REG(tmpbdtr, TIM_BDTR_BKP, sBreakDeadTimeConfig->BreakPolarity);
 4943              		.loc 1 2095 3 is_stmt 1 view .LVU1447
 4944 002c 23F48053 		bic	r3, r3, #4096
 4945              	.LVL358:
2095:Drivers/STM32WBxx_HAL_Driver/Src/stm32wbxx_hal_tim_ex.c ****   MODIFY_REG(tmpbdtr, TIM_BDTR_BKP, sBreakDeadTimeConfig->BreakPolarity);
 4946              		.loc 1 2095 3 is_stmt 0 view .LVU1448
 4947 0030 0869     		ldr	r0, [r1, #16]
 4948              	.LVL359:
2095:Drivers/STM32WBxx_HAL_Driver/Src/stm32wbxx_hal_tim_ex.c ****   MODIFY_REG(tmpbdtr, TIM_BDTR_BKP, sBreakDeadTimeConfig->BreakPolarity);
 4949              		.loc 1 2095 3 view .LVU1449
 4950 0032 0343     		orrs	r3, r3, r0
 4951              	.LVL360:
2096:Drivers/STM32WBxx_HAL_Driver/Src/stm32wbxx_hal_tim_ex.c ****   MODIFY_REG(tmpbdtr, TIM_BDTR_AOE, sBreakDeadTimeConfig->AutomaticOutput);
 4952              		.loc 1 2096 3 is_stmt 1 view .LVU1450
 4953 0034 23F40053 		bic	r3, r3, #8192
 4954              	.LVL361:
2096:Drivers/STM32WBxx_HAL_Driver/Src/stm32wbxx_hal_tim_ex.c ****   MODIFY_REG(tmpbdtr, TIM_BDTR_AOE, sBreakDeadTimeConfig->AutomaticOutput);
ARM GAS  /var/folders/98/ctz5mtps7w71v8dr53cf5qg40000gn/T//ccO5oMcB.s 			page 161


 4955              		.loc 1 2096 3 is_stmt 0 view .LVU1451
 4956 0038 4869     		ldr	r0, [r1, #20]
 4957              	.LVL362:
2096:Drivers/STM32WBxx_HAL_Driver/Src/stm32wbxx_hal_tim_ex.c ****   MODIFY_REG(tmpbdtr, TIM_BDTR_AOE, sBreakDeadTimeConfig->AutomaticOutput);
 4958              		.loc 1 2096 3 view .LVU1452
 4959 003a 0343     		orrs	r3, r3, r0
 4960              	.LVL363:
2097:Drivers/STM32WBxx_HAL_Driver/Src/stm32wbxx_hal_tim_ex.c ****   MODIFY_REG(tmpbdtr, TIM_BDTR_BKF, (sBreakDeadTimeConfig->BreakFilter << TIM_BDTR_BKF_Pos));
 4961              		.loc 1 2097 3 is_stmt 1 view .LVU1453
 4962 003c 23F48043 		bic	r3, r3, #16384
 4963              	.LVL364:
2097:Drivers/STM32WBxx_HAL_Driver/Src/stm32wbxx_hal_tim_ex.c ****   MODIFY_REG(tmpbdtr, TIM_BDTR_BKF, (sBreakDeadTimeConfig->BreakFilter << TIM_BDTR_BKF_Pos));
 4964              		.loc 1 2097 3 is_stmt 0 view .LVU1454
 4965 0040 086B     		ldr	r0, [r1, #48]
 4966              	.LVL365:
2097:Drivers/STM32WBxx_HAL_Driver/Src/stm32wbxx_hal_tim_ex.c ****   MODIFY_REG(tmpbdtr, TIM_BDTR_BKF, (sBreakDeadTimeConfig->BreakFilter << TIM_BDTR_BKF_Pos));
 4967              		.loc 1 2097 3 view .LVU1455
 4968 0042 0343     		orrs	r3, r3, r0
 4969              	.LVL366:
2098:Drivers/STM32WBxx_HAL_Driver/Src/stm32wbxx_hal_tim_ex.c ****   MODIFY_REG(tmpbdtr, TIM_BDTR_BKBID, sBreakDeadTimeConfig->BreakAFMode);
 4970              		.loc 1 2098 3 is_stmt 1 view .LVU1456
 4971 0044 23F47023 		bic	r3, r3, #983040
 4972              	.LVL367:
2098:Drivers/STM32WBxx_HAL_Driver/Src/stm32wbxx_hal_tim_ex.c ****   MODIFY_REG(tmpbdtr, TIM_BDTR_BKBID, sBreakDeadTimeConfig->BreakAFMode);
 4973              		.loc 1 2098 3 is_stmt 0 view .LVU1457
 4974 0048 8869     		ldr	r0, [r1, #24]
 4975              	.LVL368:
2098:Drivers/STM32WBxx_HAL_Driver/Src/stm32wbxx_hal_tim_ex.c ****   MODIFY_REG(tmpbdtr, TIM_BDTR_BKBID, sBreakDeadTimeConfig->BreakAFMode);
 4976              		.loc 1 2098 3 view .LVU1458
 4977 004a 43EA0043 		orr	r3, r3, r0, lsl #16
 4978              	.LVL369:
2099:Drivers/STM32WBxx_HAL_Driver/Src/stm32wbxx_hal_tim_ex.c **** 
 4979              		.loc 1 2099 3 is_stmt 1 view .LVU1459
 4980 004e 23F08053 		bic	r3, r3, #268435456
 4981              	.LVL370:
2099:Drivers/STM32WBxx_HAL_Driver/Src/stm32wbxx_hal_tim_ex.c **** 
 4982              		.loc 1 2099 3 is_stmt 0 view .LVU1460
 4983 0052 C869     		ldr	r0, [r1, #28]
 4984              	.LVL371:
2099:Drivers/STM32WBxx_HAL_Driver/Src/stm32wbxx_hal_tim_ex.c **** 
 4985              		.loc 1 2099 3 view .LVU1461
 4986 0054 0343     		orrs	r3, r3, r0
 4987              	.LVL372:
2101:Drivers/STM32WBxx_HAL_Driver/Src/stm32wbxx_hal_tim_ex.c ****   {
 4988              		.loc 1 2101 3 is_stmt 1 view .LVU1462
2101:Drivers/STM32WBxx_HAL_Driver/Src/stm32wbxx_hal_tim_ex.c ****   {
 4989              		.loc 1 2101 7 is_stmt 0 view .LVU1463
 4990 0056 1068     		ldr	r0, [r2]
2101:Drivers/STM32WBxx_HAL_Driver/Src/stm32wbxx_hal_tim_ex.c ****   {
 4991              		.loc 1 2101 6 view .LVU1464
 4992 0058 0E4C     		ldr	r4, .L414
 4993 005a A042     		cmp	r0, r4
 4994 005c 06D0     		beq	.L413
 4995              	.LVL373:
 4996              	.L407:
2117:Drivers/STM32WBxx_HAL_Driver/Src/stm32wbxx_hal_tim_ex.c **** 
 4997              		.loc 1 2117 3 is_stmt 1 view .LVU1465
ARM GAS  /var/folders/98/ctz5mtps7w71v8dr53cf5qg40000gn/T//ccO5oMcB.s 			page 162


2117:Drivers/STM32WBxx_HAL_Driver/Src/stm32wbxx_hal_tim_ex.c **** 
 4998              		.loc 1 2117 24 is_stmt 0 view .LVU1466
 4999 005e 4364     		str	r3, [r0, #68]
2119:Drivers/STM32WBxx_HAL_Driver/Src/stm32wbxx_hal_tim_ex.c **** 
 5000              		.loc 1 2119 3 is_stmt 1 view .LVU1467
2119:Drivers/STM32WBxx_HAL_Driver/Src/stm32wbxx_hal_tim_ex.c **** 
 5001              		.loc 1 2119 3 view .LVU1468
 5002 0060 0020     		movs	r0, #0
 5003 0062 82F83C00 		strb	r0, [r2, #60]
2119:Drivers/STM32WBxx_HAL_Driver/Src/stm32wbxx_hal_tim_ex.c **** 
 5004              		.loc 1 2119 3 view .LVU1469
2121:Drivers/STM32WBxx_HAL_Driver/Src/stm32wbxx_hal_tim_ex.c **** }
 5005              		.loc 1 2121 3 view .LVU1470
2122:Drivers/STM32WBxx_HAL_Driver/Src/stm32wbxx_hal_tim_ex.c **** 
 5006              		.loc 1 2122 1 is_stmt 0 view .LVU1471
 5007 0066 5DF8044B 		ldr	r4, [sp], #4
 5008              	.LCFI47:
 5009              		.cfi_remember_state
 5010              		.cfi_restore 4
 5011              		.cfi_def_cfa_offset 0
 5012 006a 7047     		bx	lr
 5013              	.LVL374:
 5014              	.L413:
 5015              	.LCFI48:
 5016              		.cfi_restore_state
2104:Drivers/STM32WBxx_HAL_Driver/Src/stm32wbxx_hal_tim_ex.c ****     assert_param(IS_TIM_BREAK2_POLARITY(sBreakDeadTimeConfig->Break2Polarity));
 5017              		.loc 1 2104 5 is_stmt 1 view .LVU1472
2105:Drivers/STM32WBxx_HAL_Driver/Src/stm32wbxx_hal_tim_ex.c ****     assert_param(IS_TIM_BREAK_FILTER(sBreakDeadTimeConfig->Break2Filter));
 5018              		.loc 1 2105 5 view .LVU1473
2106:Drivers/STM32WBxx_HAL_Driver/Src/stm32wbxx_hal_tim_ex.c ****     assert_param(IS_TIM_BREAK2_AFMODE(sBreakDeadTimeConfig->Break2AFMode));
 5019              		.loc 1 2106 5 view .LVU1474
2107:Drivers/STM32WBxx_HAL_Driver/Src/stm32wbxx_hal_tim_ex.c **** 
 5020              		.loc 1 2107 5 view .LVU1475
2110:Drivers/STM32WBxx_HAL_Driver/Src/stm32wbxx_hal_tim_ex.c ****     MODIFY_REG(tmpbdtr, TIM_BDTR_BK2E, sBreakDeadTimeConfig->Break2State);
 5021              		.loc 1 2110 5 view .LVU1476
 5022 006c 23F47003 		bic	r3, r3, #15728640
 5023              	.LVL375:
2110:Drivers/STM32WBxx_HAL_Driver/Src/stm32wbxx_hal_tim_ex.c ****     MODIFY_REG(tmpbdtr, TIM_BDTR_BK2E, sBreakDeadTimeConfig->Break2State);
 5024              		.loc 1 2110 5 is_stmt 0 view .LVU1477
 5025 0070 8C6A     		ldr	r4, [r1, #40]
 5026 0072 43EA0453 		orr	r3, r3, r4, lsl #20
 5027              	.LVL376:
2111:Drivers/STM32WBxx_HAL_Driver/Src/stm32wbxx_hal_tim_ex.c ****     MODIFY_REG(tmpbdtr, TIM_BDTR_BK2P, sBreakDeadTimeConfig->Break2Polarity);
 5028              		.loc 1 2111 5 is_stmt 1 view .LVU1478
 5029 0076 23F08073 		bic	r3, r3, #16777216
 5030              	.LVL377:
2111:Drivers/STM32WBxx_HAL_Driver/Src/stm32wbxx_hal_tim_ex.c ****     MODIFY_REG(tmpbdtr, TIM_BDTR_BK2P, sBreakDeadTimeConfig->Break2Polarity);
 5031              		.loc 1 2111 5 is_stmt 0 view .LVU1479
 5032 007a 0C6A     		ldr	r4, [r1, #32]
 5033              	.LVL378:
2111:Drivers/STM32WBxx_HAL_Driver/Src/stm32wbxx_hal_tim_ex.c ****     MODIFY_REG(tmpbdtr, TIM_BDTR_BK2P, sBreakDeadTimeConfig->Break2Polarity);
 5034              		.loc 1 2111 5 view .LVU1480
 5035 007c 2343     		orrs	r3, r3, r4
 5036              	.LVL379:
2112:Drivers/STM32WBxx_HAL_Driver/Src/stm32wbxx_hal_tim_ex.c ****     MODIFY_REG(tmpbdtr, TIM_BDTR_BK2BID, sBreakDeadTimeConfig->Break2AFMode);
 5037              		.loc 1 2112 5 is_stmt 1 view .LVU1481
 5038 007e 23F00073 		bic	r3, r3, #33554432
ARM GAS  /var/folders/98/ctz5mtps7w71v8dr53cf5qg40000gn/T//ccO5oMcB.s 			page 163


 5039              	.LVL380:
2112:Drivers/STM32WBxx_HAL_Driver/Src/stm32wbxx_hal_tim_ex.c ****     MODIFY_REG(tmpbdtr, TIM_BDTR_BK2BID, sBreakDeadTimeConfig->Break2AFMode);
 5040              		.loc 1 2112 5 is_stmt 0 view .LVU1482
 5041 0082 4C6A     		ldr	r4, [r1, #36]
 5042              	.LVL381:
2112:Drivers/STM32WBxx_HAL_Driver/Src/stm32wbxx_hal_tim_ex.c ****     MODIFY_REG(tmpbdtr, TIM_BDTR_BK2BID, sBreakDeadTimeConfig->Break2AFMode);
 5043              		.loc 1 2112 5 view .LVU1483
 5044 0084 2343     		orrs	r3, r3, r4
 5045              	.LVL382:
2113:Drivers/STM32WBxx_HAL_Driver/Src/stm32wbxx_hal_tim_ex.c ****   }
 5046              		.loc 1 2113 5 is_stmt 1 view .LVU1484
 5047 0086 23F00053 		bic	r3, r3, #536870912
 5048              	.LVL383:
2113:Drivers/STM32WBxx_HAL_Driver/Src/stm32wbxx_hal_tim_ex.c ****   }
 5049              		.loc 1 2113 5 is_stmt 0 view .LVU1485
 5050 008a C96A     		ldr	r1, [r1, #44]
 5051              	.LVL384:
2113:Drivers/STM32WBxx_HAL_Driver/Src/stm32wbxx_hal_tim_ex.c ****   }
 5052              		.loc 1 2113 5 view .LVU1486
 5053 008c 0B43     		orrs	r3, r3, r1
 5054 008e E6E7     		b	.L407
 5055              	.LVL385:
 5056              	.L408:
 5057              	.LCFI49:
 5058              		.cfi_def_cfa_offset 0
 5059              		.cfi_restore 4
2085:Drivers/STM32WBxx_HAL_Driver/Src/stm32wbxx_hal_tim_ex.c **** 
 5060              		.loc 1 2085 3 discriminator 1 view .LVU1487
 5061 0090 0220     		movs	r0, #2
 5062              	.LVL386:
2122:Drivers/STM32WBxx_HAL_Driver/Src/stm32wbxx_hal_tim_ex.c **** 
 5063              		.loc 1 2122 1 view .LVU1488
 5064 0092 7047     		bx	lr
 5065              	.L415:
 5066              		.align	2
 5067              	.L414:
 5068 0094 002C0140 		.word	1073818624
 5069              		.cfi_endproc
 5070              	.LFE980:
 5072              		.section	.text.HAL_TIMEx_ConfigBreakInput,"ax",%progbits
 5073              		.align	1
 5074              		.global	HAL_TIMEx_ConfigBreakInput
 5075              		.syntax unified
 5076              		.thumb
 5077              		.thumb_func
 5079              	HAL_TIMEx_ConfigBreakInput:
 5080              	.LVL387:
 5081              	.LFB981:
2137:Drivers/STM32WBxx_HAL_Driver/Src/stm32wbxx_hal_tim_ex.c ****   HAL_StatusTypeDef status = HAL_OK;
 5082              		.loc 1 2137 1 is_stmt 1 view -0
 5083              		.cfi_startproc
 5084              		@ args = 0, pretend = 0, frame = 0
 5085              		@ frame_needed = 0, uses_anonymous_args = 0
2137:Drivers/STM32WBxx_HAL_Driver/Src/stm32wbxx_hal_tim_ex.c ****   HAL_StatusTypeDef status = HAL_OK;
 5086              		.loc 1 2137 1 is_stmt 0 view .LVU1490
 5087 0000 0346     		mov	r3, r0
2138:Drivers/STM32WBxx_HAL_Driver/Src/stm32wbxx_hal_tim_ex.c ****   uint32_t tmporx;
ARM GAS  /var/folders/98/ctz5mtps7w71v8dr53cf5qg40000gn/T//ccO5oMcB.s 			page 164


 5088              		.loc 1 2138 3 is_stmt 1 view .LVU1491
 5089              	.LVL388:
2139:Drivers/STM32WBxx_HAL_Driver/Src/stm32wbxx_hal_tim_ex.c ****   uint32_t bkin_enable_mask;
 5090              		.loc 1 2139 3 view .LVU1492
2140:Drivers/STM32WBxx_HAL_Driver/Src/stm32wbxx_hal_tim_ex.c ****   uint32_t bkin_polarity_mask;
 5091              		.loc 1 2140 3 view .LVU1493
2141:Drivers/STM32WBxx_HAL_Driver/Src/stm32wbxx_hal_tim_ex.c ****   uint32_t bkin_enable_bitpos;
 5092              		.loc 1 2141 3 view .LVU1494
2142:Drivers/STM32WBxx_HAL_Driver/Src/stm32wbxx_hal_tim_ex.c ****   uint32_t bkin_polarity_bitpos;
 5093              		.loc 1 2142 3 view .LVU1495
2143:Drivers/STM32WBxx_HAL_Driver/Src/stm32wbxx_hal_tim_ex.c **** 
 5094              		.loc 1 2143 3 view .LVU1496
2146:Drivers/STM32WBxx_HAL_Driver/Src/stm32wbxx_hal_tim_ex.c ****   assert_param(IS_TIM_BREAKINPUT(BreakInput));
 5095              		.loc 1 2146 3 view .LVU1497
2147:Drivers/STM32WBxx_HAL_Driver/Src/stm32wbxx_hal_tim_ex.c ****   assert_param(IS_TIM_BREAKINPUTSOURCE(sBreakInputConfig->Source));
 5096              		.loc 1 2147 3 view .LVU1498
2148:Drivers/STM32WBxx_HAL_Driver/Src/stm32wbxx_hal_tim_ex.c ****   assert_param(IS_TIM_BREAKINPUTSOURCE_STATE(sBreakInputConfig->Enable));
 5097              		.loc 1 2148 3 view .LVU1499
2149:Drivers/STM32WBxx_HAL_Driver/Src/stm32wbxx_hal_tim_ex.c ****   assert_param(IS_TIM_BREAKINPUTSOURCE_POLARITY(sBreakInputConfig->Polarity));
 5098              		.loc 1 2149 3 view .LVU1500
2150:Drivers/STM32WBxx_HAL_Driver/Src/stm32wbxx_hal_tim_ex.c **** 
 5099              		.loc 1 2150 3 view .LVU1501
2153:Drivers/STM32WBxx_HAL_Driver/Src/stm32wbxx_hal_tim_ex.c **** 
 5100              		.loc 1 2153 3 view .LVU1502
2153:Drivers/STM32WBxx_HAL_Driver/Src/stm32wbxx_hal_tim_ex.c **** 
 5101              		.loc 1 2153 3 view .LVU1503
 5102 0002 90F83C00 		ldrb	r0, [r0, #60]	@ zero_extendqisi2
 5103              	.LVL389:
2153:Drivers/STM32WBxx_HAL_Driver/Src/stm32wbxx_hal_tim_ex.c **** 
 5104              		.loc 1 2153 3 is_stmt 0 view .LVU1504
 5105 0006 0128     		cmp	r0, #1
 5106 0008 4CD0     		beq	.L422
2137:Drivers/STM32WBxx_HAL_Driver/Src/stm32wbxx_hal_tim_ex.c ****   HAL_StatusTypeDef status = HAL_OK;
 5107              		.loc 1 2137 1 view .LVU1505
 5108 000a 70B5     		push	{r4, r5, r6, lr}
 5109              	.LCFI50:
 5110              		.cfi_def_cfa_offset 16
 5111              		.cfi_offset 4, -16
 5112              		.cfi_offset 5, -12
 5113              		.cfi_offset 6, -8
 5114              		.cfi_offset 14, -4
2153:Drivers/STM32WBxx_HAL_Driver/Src/stm32wbxx_hal_tim_ex.c **** 
 5115              		.loc 1 2153 3 is_stmt 1 discriminator 2 view .LVU1506
 5116 000c 0120     		movs	r0, #1
 5117 000e 83F83C00 		strb	r0, [r3, #60]
2153:Drivers/STM32WBxx_HAL_Driver/Src/stm32wbxx_hal_tim_ex.c **** 
 5118              		.loc 1 2153 3 view .LVU1507
2155:Drivers/STM32WBxx_HAL_Driver/Src/stm32wbxx_hal_tim_ex.c ****   {
 5119              		.loc 1 2155 3 view .LVU1508
2155:Drivers/STM32WBxx_HAL_Driver/Src/stm32wbxx_hal_tim_ex.c ****   {
 5120              		.loc 1 2155 28 is_stmt 0 view .LVU1509
 5121 0012 1068     		ldr	r0, [r2]
2155:Drivers/STM32WBxx_HAL_Driver/Src/stm32wbxx_hal_tim_ex.c ****   {
 5122              		.loc 1 2155 3 view .LVU1510
 5123 0014 0228     		cmp	r0, #2
 5124 0016 09D0     		beq	.L423
 5125 0018 0428     		cmp	r0, #4
ARM GAS  /var/folders/98/ctz5mtps7w71v8dr53cf5qg40000gn/T//ccO5oMcB.s 			page 165


 5126 001a 0DD0     		beq	.L424
 5127 001c 0128     		cmp	r0, #1
 5128 001e 16D1     		bne	.L425
 5129 0020 4FF0090E 		mov	lr, #9
 5130 0024 0026     		movs	r6, #0
 5131 0026 4FF4007C 		mov	ip, #512
 5132 002a 0AE0     		b	.L418
 5133              	.L423:
2171:Drivers/STM32WBxx_HAL_Driver/Src/stm32wbxx_hal_tim_ex.c ****       break;
 5134              		.loc 1 2171 28 view .LVU1511
 5135 002c 4FF00A0E 		mov	lr, #10
2169:Drivers/STM32WBxx_HAL_Driver/Src/stm32wbxx_hal_tim_ex.c ****       bkin_polarity_mask = TIM1_AF1_BKCMP1P;
 5136              		.loc 1 2169 26 view .LVU1512
 5137 0030 0126     		movs	r6, #1
2170:Drivers/STM32WBxx_HAL_Driver/Src/stm32wbxx_hal_tim_ex.c ****       bkin_polarity_bitpos = TIM1_AF1_BKCMP1P_Pos;
 5138              		.loc 1 2170 26 view .LVU1513
 5139 0032 4FF4806C 		mov	ip, #1024
 5140 0036 04E0     		b	.L418
 5141              	.L424:
2179:Drivers/STM32WBxx_HAL_Driver/Src/stm32wbxx_hal_tim_ex.c ****       break;
 5142              		.loc 1 2179 28 view .LVU1514
 5143 0038 4FF00B0E 		mov	lr, #11
2177:Drivers/STM32WBxx_HAL_Driver/Src/stm32wbxx_hal_tim_ex.c ****       bkin_polarity_mask = TIM1_AF1_BKCMP2P;
 5144              		.loc 1 2177 26 view .LVU1515
 5145 003c 0226     		movs	r6, #2
2178:Drivers/STM32WBxx_HAL_Driver/Src/stm32wbxx_hal_tim_ex.c ****       bkin_polarity_bitpos = TIM1_AF1_BKCMP2P_Pos;
 5146              		.loc 1 2178 26 view .LVU1516
 5147 003e 4FF4006C 		mov	ip, #2048
 5148              	.L418:
 5149              	.LVL390:
2194:Drivers/STM32WBxx_HAL_Driver/Src/stm32wbxx_hal_tim_ex.c ****   {
 5150              		.loc 1 2194 3 is_stmt 1 view .LVU1517
 5151 0042 0129     		cmp	r1, #1
 5152 0044 09D0     		beq	.L419
 5153 0046 0229     		cmp	r1, #2
 5154 0048 1BD0     		beq	.L420
 5155 004a 0120     		movs	r0, #1
 5156              	.LVL391:
2194:Drivers/STM32WBxx_HAL_Driver/Src/stm32wbxx_hal_tim_ex.c ****   {
 5157              		.loc 1 2194 3 is_stmt 0 view .LVU1518
 5158 004c 15E0     		b	.L421
 5159              	.LVL392:
 5160              	.L425:
2189:Drivers/STM32WBxx_HAL_Driver/Src/stm32wbxx_hal_tim_ex.c ****       break;
 5161              		.loc 1 2189 28 view .LVU1519
 5162 004e 4FF0000E 		mov	lr, #0
2188:Drivers/STM32WBxx_HAL_Driver/Src/stm32wbxx_hal_tim_ex.c ****       bkin_polarity_bitpos = 0U;
 5163              		.loc 1 2188 26 view .LVU1520
 5164 0052 7646     		mov	r6, lr
2187:Drivers/STM32WBxx_HAL_Driver/Src/stm32wbxx_hal_tim_ex.c ****       bkin_enable_bitpos = 0U;
 5165              		.loc 1 2187 26 view .LVU1521
 5166 0054 F446     		mov	ip, lr
2186:Drivers/STM32WBxx_HAL_Driver/Src/stm32wbxx_hal_tim_ex.c ****       bkin_polarity_mask = 0U;
 5167              		.loc 1 2186 24 view .LVU1522
 5168 0056 7046     		mov	r0, lr
 5169 0058 F3E7     		b	.L418
 5170              	.LVL393:
ARM GAS  /var/folders/98/ctz5mtps7w71v8dr53cf5qg40000gn/T//ccO5oMcB.s 			page 166


 5171              	.L419:
2199:Drivers/STM32WBxx_HAL_Driver/Src/stm32wbxx_hal_tim_ex.c **** 
 5172              		.loc 1 2199 7 is_stmt 1 view .LVU1523
2199:Drivers/STM32WBxx_HAL_Driver/Src/stm32wbxx_hal_tim_ex.c **** 
 5173              		.loc 1 2199 20 is_stmt 0 view .LVU1524
 5174 005a 1C68     		ldr	r4, [r3]
2199:Drivers/STM32WBxx_HAL_Driver/Src/stm32wbxx_hal_tim_ex.c **** 
 5175              		.loc 1 2199 14 view .LVU1525
 5176 005c 256E     		ldr	r5, [r4, #96]
 5177              	.LVL394:
2202:Drivers/STM32WBxx_HAL_Driver/Src/stm32wbxx_hal_tim_ex.c ****       tmporx |= (sBreakInputConfig->Enable << bkin_enable_bitpos) & bkin_enable_mask;
 5178              		.loc 1 2202 7 is_stmt 1 view .LVU1526
2203:Drivers/STM32WBxx_HAL_Driver/Src/stm32wbxx_hal_tim_ex.c **** 
 5179              		.loc 1 2203 7 view .LVU1527
2203:Drivers/STM32WBxx_HAL_Driver/Src/stm32wbxx_hal_tim_ex.c **** 
 5180              		.loc 1 2203 35 is_stmt 0 view .LVU1528
 5181 005e 5168     		ldr	r1, [r2, #4]
 5182              	.LVL395:
2203:Drivers/STM32WBxx_HAL_Driver/Src/stm32wbxx_hal_tim_ex.c **** 
 5183              		.loc 1 2203 44 view .LVU1529
 5184 0060 B140     		lsls	r1, r1, r6
 5185 0062 6940     		eors	r1, r1, r5
 5186 0064 0140     		ands	r1, r1, r0
2203:Drivers/STM32WBxx_HAL_Driver/Src/stm32wbxx_hal_tim_ex.c **** 
 5187              		.loc 1 2203 14 view .LVU1530
 5188 0066 6940     		eors	r1, r1, r5
 5189              	.LVL396:
2206:Drivers/STM32WBxx_HAL_Driver/Src/stm32wbxx_hal_tim_ex.c ****       tmporx |= (sBreakInputConfig->Polarity << bkin_polarity_bitpos) & bkin_polarity_mask;
 5190              		.loc 1 2206 7 is_stmt 1 view .LVU1531
2207:Drivers/STM32WBxx_HAL_Driver/Src/stm32wbxx_hal_tim_ex.c **** 
 5191              		.loc 1 2207 7 view .LVU1532
2207:Drivers/STM32WBxx_HAL_Driver/Src/stm32wbxx_hal_tim_ex.c **** 
 5192              		.loc 1 2207 35 is_stmt 0 view .LVU1533
 5193 0068 9268     		ldr	r2, [r2, #8]
 5194              	.LVL397:
2207:Drivers/STM32WBxx_HAL_Driver/Src/stm32wbxx_hal_tim_ex.c **** 
 5195              		.loc 1 2207 46 view .LVU1534
 5196 006a 02FA0EF2 		lsl	r2, r2, lr
 5197 006e 4A40     		eors	r2, r2, r1
 5198 0070 02EA0C02 		and	r2, r2, ip
2207:Drivers/STM32WBxx_HAL_Driver/Src/stm32wbxx_hal_tim_ex.c **** 
 5199              		.loc 1 2207 14 view .LVU1535
 5200 0074 4A40     		eors	r2, r2, r1
 5201              	.LVL398:
2210:Drivers/STM32WBxx_HAL_Driver/Src/stm32wbxx_hal_tim_ex.c ****       break;
 5202              		.loc 1 2210 7 is_stmt 1 view .LVU1536
2210:Drivers/STM32WBxx_HAL_Driver/Src/stm32wbxx_hal_tim_ex.c ****       break;
 5203              		.loc 1 2210 27 is_stmt 0 view .LVU1537
 5204 0076 2266     		str	r2, [r4, #96]
2211:Drivers/STM32WBxx_HAL_Driver/Src/stm32wbxx_hal_tim_ex.c ****     }
 5205              		.loc 1 2211 7 is_stmt 1 view .LVU1538
2138:Drivers/STM32WBxx_HAL_Driver/Src/stm32wbxx_hal_tim_ex.c ****   uint32_t tmporx;
 5206              		.loc 1 2138 21 is_stmt 0 view .LVU1539
 5207 0078 0020     		movs	r0, #0
 5208              	.LVL399:
 5209              	.L421:
2235:Drivers/STM32WBxx_HAL_Driver/Src/stm32wbxx_hal_tim_ex.c **** 
ARM GAS  /var/folders/98/ctz5mtps7w71v8dr53cf5qg40000gn/T//ccO5oMcB.s 			page 167


 5210              		.loc 1 2235 3 is_stmt 1 view .LVU1540
2235:Drivers/STM32WBxx_HAL_Driver/Src/stm32wbxx_hal_tim_ex.c **** 
 5211              		.loc 1 2235 3 view .LVU1541
 5212 007a 0022     		movs	r2, #0
 5213 007c 83F83C20 		strb	r2, [r3, #60]
2235:Drivers/STM32WBxx_HAL_Driver/Src/stm32wbxx_hal_tim_ex.c **** 
 5214              		.loc 1 2235 3 view .LVU1542
2237:Drivers/STM32WBxx_HAL_Driver/Src/stm32wbxx_hal_tim_ex.c **** }
 5215              		.loc 1 2237 3 view .LVU1543
2238:Drivers/STM32WBxx_HAL_Driver/Src/stm32wbxx_hal_tim_ex.c **** 
 5216              		.loc 1 2238 1 is_stmt 0 view .LVU1544
 5217 0080 70BD     		pop	{r4, r5, r6, pc}
 5218              	.LVL400:
 5219              	.L420:
2216:Drivers/STM32WBxx_HAL_Driver/Src/stm32wbxx_hal_tim_ex.c **** 
 5220              		.loc 1 2216 7 is_stmt 1 view .LVU1545
2216:Drivers/STM32WBxx_HAL_Driver/Src/stm32wbxx_hal_tim_ex.c **** 
 5221              		.loc 1 2216 20 is_stmt 0 view .LVU1546
 5222 0082 1C68     		ldr	r4, [r3]
2216:Drivers/STM32WBxx_HAL_Driver/Src/stm32wbxx_hal_tim_ex.c **** 
 5223              		.loc 1 2216 14 view .LVU1547
 5224 0084 656E     		ldr	r5, [r4, #100]
 5225              	.LVL401:
2219:Drivers/STM32WBxx_HAL_Driver/Src/stm32wbxx_hal_tim_ex.c ****       tmporx |= (sBreakInputConfig->Enable << bkin_enable_bitpos) & bkin_enable_mask;
 5226              		.loc 1 2219 7 is_stmt 1 view .LVU1548
2220:Drivers/STM32WBxx_HAL_Driver/Src/stm32wbxx_hal_tim_ex.c **** 
 5227              		.loc 1 2220 7 view .LVU1549
2220:Drivers/STM32WBxx_HAL_Driver/Src/stm32wbxx_hal_tim_ex.c **** 
 5228              		.loc 1 2220 35 is_stmt 0 view .LVU1550
 5229 0086 5168     		ldr	r1, [r2, #4]
 5230              	.LVL402:
2220:Drivers/STM32WBxx_HAL_Driver/Src/stm32wbxx_hal_tim_ex.c **** 
 5231              		.loc 1 2220 44 view .LVU1551
 5232 0088 B140     		lsls	r1, r1, r6
 5233 008a 6940     		eors	r1, r1, r5
 5234 008c 0140     		ands	r1, r1, r0
2220:Drivers/STM32WBxx_HAL_Driver/Src/stm32wbxx_hal_tim_ex.c **** 
 5235              		.loc 1 2220 14 view .LVU1552
 5236 008e 6940     		eors	r1, r1, r5
 5237              	.LVL403:
2223:Drivers/STM32WBxx_HAL_Driver/Src/stm32wbxx_hal_tim_ex.c ****       tmporx |= (sBreakInputConfig->Polarity << bkin_polarity_bitpos) & bkin_polarity_mask;
 5238              		.loc 1 2223 7 is_stmt 1 view .LVU1553
2224:Drivers/STM32WBxx_HAL_Driver/Src/stm32wbxx_hal_tim_ex.c **** 
 5239              		.loc 1 2224 7 view .LVU1554
2224:Drivers/STM32WBxx_HAL_Driver/Src/stm32wbxx_hal_tim_ex.c **** 
 5240              		.loc 1 2224 35 is_stmt 0 view .LVU1555
 5241 0090 9268     		ldr	r2, [r2, #8]
 5242              	.LVL404:
2224:Drivers/STM32WBxx_HAL_Driver/Src/stm32wbxx_hal_tim_ex.c **** 
 5243              		.loc 1 2224 46 view .LVU1556
 5244 0092 02FA0EF2 		lsl	r2, r2, lr
 5245 0096 4A40     		eors	r2, r2, r1
 5246 0098 02EA0C02 		and	r2, r2, ip
2224:Drivers/STM32WBxx_HAL_Driver/Src/stm32wbxx_hal_tim_ex.c **** 
 5247              		.loc 1 2224 14 view .LVU1557
 5248 009c 4A40     		eors	r2, r2, r1
 5249              	.LVL405:
ARM GAS  /var/folders/98/ctz5mtps7w71v8dr53cf5qg40000gn/T//ccO5oMcB.s 			page 168


2227:Drivers/STM32WBxx_HAL_Driver/Src/stm32wbxx_hal_tim_ex.c ****       break;
 5250              		.loc 1 2227 7 is_stmt 1 view .LVU1558
2227:Drivers/STM32WBxx_HAL_Driver/Src/stm32wbxx_hal_tim_ex.c ****       break;
 5251              		.loc 1 2227 27 is_stmt 0 view .LVU1559
 5252 009e 6266     		str	r2, [r4, #100]
2228:Drivers/STM32WBxx_HAL_Driver/Src/stm32wbxx_hal_tim_ex.c ****     }
 5253              		.loc 1 2228 7 is_stmt 1 view .LVU1560
2138:Drivers/STM32WBxx_HAL_Driver/Src/stm32wbxx_hal_tim_ex.c ****   uint32_t tmporx;
 5254              		.loc 1 2138 21 is_stmt 0 view .LVU1561
 5255 00a0 0020     		movs	r0, #0
 5256              	.LVL406:
2228:Drivers/STM32WBxx_HAL_Driver/Src/stm32wbxx_hal_tim_ex.c ****     }
 5257              		.loc 1 2228 7 view .LVU1562
 5258 00a2 EAE7     		b	.L421
 5259              	.LVL407:
 5260              	.L422:
 5261              	.LCFI51:
 5262              		.cfi_def_cfa_offset 0
 5263              		.cfi_restore 4
 5264              		.cfi_restore 5
 5265              		.cfi_restore 6
 5266              		.cfi_restore 14
2153:Drivers/STM32WBxx_HAL_Driver/Src/stm32wbxx_hal_tim_ex.c **** 
 5267              		.loc 1 2153 3 discriminator 1 view .LVU1563
 5268 00a4 0220     		movs	r0, #2
2238:Drivers/STM32WBxx_HAL_Driver/Src/stm32wbxx_hal_tim_ex.c **** 
 5269              		.loc 1 2238 1 view .LVU1564
 5270 00a6 7047     		bx	lr
 5271              		.cfi_endproc
 5272              	.LFE981:
 5274              		.section	.text.HAL_TIMEx_RemapConfig,"ax",%progbits
 5275              		.align	1
 5276              		.global	HAL_TIMEx_RemapConfig
 5277              		.syntax unified
 5278              		.thumb
 5279              		.thumb_func
 5281              	HAL_TIMEx_RemapConfig:
 5282              	.LVL408:
 5283              	.LFB982:
2292:Drivers/STM32WBxx_HAL_Driver/Src/stm32wbxx_hal_tim_ex.c ****   uint32_t tmpor;
 5284              		.loc 1 2292 1 is_stmt 1 view -0
 5285              		.cfi_startproc
 5286              		@ args = 0, pretend = 0, frame = 0
 5287              		@ frame_needed = 0, uses_anonymous_args = 0
 5288              		@ link register save eliminated.
2293:Drivers/STM32WBxx_HAL_Driver/Src/stm32wbxx_hal_tim_ex.c ****   uint32_t tmpaf1;
 5289              		.loc 1 2293 3 view .LVU1566
2294:Drivers/STM32WBxx_HAL_Driver/Src/stm32wbxx_hal_tim_ex.c **** 
 5290              		.loc 1 2294 3 view .LVU1567
2297:Drivers/STM32WBxx_HAL_Driver/Src/stm32wbxx_hal_tim_ex.c **** 
 5291              		.loc 1 2297 3 view .LVU1568
2299:Drivers/STM32WBxx_HAL_Driver/Src/stm32wbxx_hal_tim_ex.c **** 
 5292              		.loc 1 2299 3 view .LVU1569
2299:Drivers/STM32WBxx_HAL_Driver/Src/stm32wbxx_hal_tim_ex.c **** 
 5293              		.loc 1 2299 3 view .LVU1570
 5294 0000 90F83C20 		ldrb	r2, [r0, #60]	@ zero_extendqisi2
 5295 0004 012A     		cmp	r2, #1
ARM GAS  /var/folders/98/ctz5mtps7w71v8dr53cf5qg40000gn/T//ccO5oMcB.s 			page 169


 5296 0006 30D0     		beq	.L437
2292:Drivers/STM32WBxx_HAL_Driver/Src/stm32wbxx_hal_tim_ex.c ****   uint32_t tmpor;
 5297              		.loc 1 2292 1 is_stmt 0 view .LVU1571
 5298 0008 30B4     		push	{r4, r5}
 5299              	.LCFI52:
 5300              		.cfi_def_cfa_offset 8
 5301              		.cfi_offset 4, -8
 5302              		.cfi_offset 5, -4
 5303 000a 0346     		mov	r3, r0
2299:Drivers/STM32WBxx_HAL_Driver/Src/stm32wbxx_hal_tim_ex.c **** 
 5304              		.loc 1 2299 3 is_stmt 1 discriminator 2 view .LVU1572
 5305 000c 0122     		movs	r2, #1
 5306 000e 80F83C20 		strb	r2, [r0, #60]
2299:Drivers/STM32WBxx_HAL_Driver/Src/stm32wbxx_hal_tim_ex.c **** 
 5307              		.loc 1 2299 3 view .LVU1573
2302:Drivers/STM32WBxx_HAL_Driver/Src/stm32wbxx_hal_tim_ex.c **** 
 5308              		.loc 1 2302 3 view .LVU1574
2302:Drivers/STM32WBxx_HAL_Driver/Src/stm32wbxx_hal_tim_ex.c **** 
 5309              		.loc 1 2302 11 is_stmt 0 view .LVU1575
 5310 0012 0268     		ldr	r2, [r0]
2302:Drivers/STM32WBxx_HAL_Driver/Src/stm32wbxx_hal_tim_ex.c **** 
 5311              		.loc 1 2302 9 view .LVU1576
 5312 0014 146D     		ldr	r4, [r2, #80]
 5313              	.LVL409:
2305:Drivers/STM32WBxx_HAL_Driver/Src/stm32wbxx_hal_tim_ex.c **** 
 5314              		.loc 1 2305 3 is_stmt 1 view .LVU1577
2305:Drivers/STM32WBxx_HAL_Driver/Src/stm32wbxx_hal_tim_ex.c **** 
 5315              		.loc 1 2305 10 is_stmt 0 view .LVU1578
 5316 0016 106E     		ldr	r0, [r2, #96]
 5317              	.LVL410:
2308:Drivers/STM32WBxx_HAL_Driver/Src/stm32wbxx_hal_tim_ex.c ****   {
 5318              		.loc 1 2308 3 is_stmt 1 view .LVU1579
2308:Drivers/STM32WBxx_HAL_Driver/Src/stm32wbxx_hal_tim_ex.c ****   {
 5319              		.loc 1 2308 6 is_stmt 0 view .LVU1580
 5320 0018 154D     		ldr	r5, .L445
 5321 001a AA42     		cmp	r2, r5
 5322 001c 02D0     		beq	.L432
2308:Drivers/STM32WBxx_HAL_Driver/Src/stm32wbxx_hal_tim_ex.c ****   {
 5323              		.loc 1 2308 7 discriminator 1 view .LVU1581
 5324 001e B2F1804F 		cmp	r2, #1073741824
 5325 0022 06D1     		bne	.L433
 5326              	.L432:
2310:Drivers/STM32WBxx_HAL_Driver/Src/stm32wbxx_hal_tim_ex.c ****     {
 5327              		.loc 1 2310 5 is_stmt 1 view .LVU1582
2310:Drivers/STM32WBxx_HAL_Driver/Src/stm32wbxx_hal_tim_ex.c ****     {
 5328              		.loc 1 2310 8 is_stmt 0 view .LVU1583
 5329 0024 11F4E035 		ands	r5, r1, #114688
 5330 0028 16D0     		beq	.L434
2313:Drivers/STM32WBxx_HAL_Driver/Src/stm32wbxx_hal_tim_ex.c ****     }
 5331              		.loc 1 2313 7 is_stmt 1 view .LVU1584
 5332 002a 20F4E030 		bic	r0, r0, #114688
 5333              	.LVL411:
2313:Drivers/STM32WBxx_HAL_Driver/Src/stm32wbxx_hal_tim_ex.c ****     }
 5334              		.loc 1 2313 7 is_stmt 0 view .LVU1585
 5335 002e 2843     		orrs	r0, r0, r5
 5336              	.LVL412:
 5337              	.L435:
ARM GAS  /var/folders/98/ctz5mtps7w71v8dr53cf5qg40000gn/T//ccO5oMcB.s 			page 170


2322:Drivers/STM32WBxx_HAL_Driver/Src/stm32wbxx_hal_tim_ex.c ****   }
 5338              		.loc 1 2322 5 is_stmt 1 view .LVU1586
 5339 0030 1066     		str	r0, [r2, #96]
 5340              	.L433:
2326:Drivers/STM32WBxx_HAL_Driver/Src/stm32wbxx_hal_tim_ex.c **** 
 5341              		.loc 1 2326 3 view .LVU1587
 5342 0032 1868     		ldr	r0, [r3]
 5343              	.LVL413:
2326:Drivers/STM32WBxx_HAL_Driver/Src/stm32wbxx_hal_tim_ex.c **** 
 5344              		.loc 1 2326 3 is_stmt 0 view .LVU1588
 5345 0034 0E4A     		ldr	r2, .L445
 5346 0036 9042     		cmp	r0, r2
 5347 0038 14D0     		beq	.L438
2326:Drivers/STM32WBxx_HAL_Driver/Src/stm32wbxx_hal_tim_ex.c **** 
 5348              		.loc 1 2326 3 discriminator 1 view .LVU1589
 5349 003a B0F1804F 		cmp	r0, #1073741824
 5350 003e 0ED0     		beq	.L444
2326:Drivers/STM32WBxx_HAL_Driver/Src/stm32wbxx_hal_tim_ex.c **** 
 5351              		.loc 1 2326 3 discriminator 4 view .LVU1590
 5352 0040 6FF00302 		mvn	r2, #3
 5353              	.L436:
2326:Drivers/STM32WBxx_HAL_Driver/Src/stm32wbxx_hal_tim_ex.c **** 
 5354              		.loc 1 2326 3 discriminator 8 view .LVU1591
 5355 0044 2240     		ands	r2, r2, r4
 5356 0046 21F4E031 		bic	r1, r1, #114688
 5357              	.LVL414:
2326:Drivers/STM32WBxx_HAL_Driver/Src/stm32wbxx_hal_tim_ex.c **** 
 5358              		.loc 1 2326 3 discriminator 8 view .LVU1592
 5359 004a 1143     		orrs	r1, r1, r2
 5360              	.LVL415:
2329:Drivers/STM32WBxx_HAL_Driver/Src/stm32wbxx_hal_tim_ex.c **** 
 5361              		.loc 1 2329 3 is_stmt 1 view .LVU1593
 5362 004c 0165     		str	r1, [r0, #80]
2331:Drivers/STM32WBxx_HAL_Driver/Src/stm32wbxx_hal_tim_ex.c **** 
 5363              		.loc 1 2331 3 view .LVU1594
2331:Drivers/STM32WBxx_HAL_Driver/Src/stm32wbxx_hal_tim_ex.c **** 
 5364              		.loc 1 2331 3 view .LVU1595
 5365 004e 0020     		movs	r0, #0
 5366 0050 83F83C00 		strb	r0, [r3, #60]
2331:Drivers/STM32WBxx_HAL_Driver/Src/stm32wbxx_hal_tim_ex.c **** 
 5367              		.loc 1 2331 3 view .LVU1596
2333:Drivers/STM32WBxx_HAL_Driver/Src/stm32wbxx_hal_tim_ex.c **** }
 5368              		.loc 1 2333 3 view .LVU1597
2334:Drivers/STM32WBxx_HAL_Driver/Src/stm32wbxx_hal_tim_ex.c **** 
 5369              		.loc 1 2334 1 is_stmt 0 view .LVU1598
 5370 0054 30BC     		pop	{r4, r5}
 5371              	.LCFI53:
 5372              		.cfi_remember_state
 5373              		.cfi_restore 5
 5374              		.cfi_restore 4
 5375              		.cfi_def_cfa_offset 0
 5376 0056 7047     		bx	lr
 5377              	.LVL416:
 5378              	.L434:
 5379              	.LCFI54:
 5380              		.cfi_restore_state
2318:Drivers/STM32WBxx_HAL_Driver/Src/stm32wbxx_hal_tim_ex.c ****     }
ARM GAS  /var/folders/98/ctz5mtps7w71v8dr53cf5qg40000gn/T//ccO5oMcB.s 			page 171


 5381              		.loc 1 2318 7 is_stmt 1 view .LVU1599
 5382 0058 20F4E030 		bic	r0, r0, #114688
 5383              	.LVL417:
2318:Drivers/STM32WBxx_HAL_Driver/Src/stm32wbxx_hal_tim_ex.c ****     }
 5384              		.loc 1 2318 7 is_stmt 0 view .LVU1600
 5385 005c E8E7     		b	.L435
 5386              	.L444:
2326:Drivers/STM32WBxx_HAL_Driver/Src/stm32wbxx_hal_tim_ex.c **** 
 5387              		.loc 1 2326 3 discriminator 3 view .LVU1601
 5388 005e 6FF00F02 		mvn	r2, #15
 5389 0062 EFE7     		b	.L436
 5390              	.L438:
2326:Drivers/STM32WBxx_HAL_Driver/Src/stm32wbxx_hal_tim_ex.c **** 
 5391              		.loc 1 2326 3 discriminator 2 view .LVU1602
 5392 0064 6FF01302 		mvn	r2, #19
 5393 0068 ECE7     		b	.L436
 5394              	.LVL418:
 5395              	.L437:
 5396              	.LCFI55:
 5397              		.cfi_def_cfa_offset 0
 5398              		.cfi_restore 4
 5399              		.cfi_restore 5
2299:Drivers/STM32WBxx_HAL_Driver/Src/stm32wbxx_hal_tim_ex.c **** 
 5400              		.loc 1 2299 3 discriminator 1 view .LVU1603
 5401 006a 0220     		movs	r0, #2
 5402              	.LVL419:
2334:Drivers/STM32WBxx_HAL_Driver/Src/stm32wbxx_hal_tim_ex.c **** 
 5403              		.loc 1 2334 1 view .LVU1604
 5404 006c 7047     		bx	lr
 5405              	.L446:
 5406 006e 00BF     		.align	2
 5407              	.L445:
 5408 0070 002C0140 		.word	1073818624
 5409              		.cfi_endproc
 5410              	.LFE982:
 5412              		.section	.text.HAL_TIMEx_GroupChannel5,"ax",%progbits
 5413              		.align	1
 5414              		.global	HAL_TIMEx_GroupChannel5
 5415              		.syntax unified
 5416              		.thumb
 5417              		.thumb_func
 5419              	HAL_TIMEx_GroupChannel5:
 5420              	.LVL420:
 5421              	.LFB983:
2348:Drivers/STM32WBxx_HAL_Driver/Src/stm32wbxx_hal_tim_ex.c ****   /* Check parameters */
 5422              		.loc 1 2348 1 is_stmt 1 view -0
 5423              		.cfi_startproc
 5424              		@ args = 0, pretend = 0, frame = 0
 5425              		@ frame_needed = 0, uses_anonymous_args = 0
 5426              		@ link register save eliminated.
2350:Drivers/STM32WBxx_HAL_Driver/Src/stm32wbxx_hal_tim_ex.c ****   assert_param(IS_TIM_GROUPCH5(Channels));
 5427              		.loc 1 2350 3 view .LVU1606
2351:Drivers/STM32WBxx_HAL_Driver/Src/stm32wbxx_hal_tim_ex.c **** 
 5428              		.loc 1 2351 3 view .LVU1607
2354:Drivers/STM32WBxx_HAL_Driver/Src/stm32wbxx_hal_tim_ex.c **** 
 5429              		.loc 1 2354 3 view .LVU1608
2354:Drivers/STM32WBxx_HAL_Driver/Src/stm32wbxx_hal_tim_ex.c **** 
ARM GAS  /var/folders/98/ctz5mtps7w71v8dr53cf5qg40000gn/T//ccO5oMcB.s 			page 172


 5430              		.loc 1 2354 3 view .LVU1609
 5431 0000 90F83C30 		ldrb	r3, [r0, #60]	@ zero_extendqisi2
 5432 0004 012B     		cmp	r3, #1
 5433 0006 18D0     		beq	.L449
2348:Drivers/STM32WBxx_HAL_Driver/Src/stm32wbxx_hal_tim_ex.c ****   /* Check parameters */
 5434              		.loc 1 2348 1 is_stmt 0 view .LVU1610
 5435 0008 10B4     		push	{r4}
 5436              	.LCFI56:
 5437              		.cfi_def_cfa_offset 4
 5438              		.cfi_offset 4, -4
2354:Drivers/STM32WBxx_HAL_Driver/Src/stm32wbxx_hal_tim_ex.c **** 
 5439              		.loc 1 2354 3 is_stmt 1 discriminator 2 view .LVU1611
 5440 000a 0122     		movs	r2, #1
 5441 000c 80F83C20 		strb	r2, [r0, #60]
2354:Drivers/STM32WBxx_HAL_Driver/Src/stm32wbxx_hal_tim_ex.c **** 
 5442              		.loc 1 2354 3 view .LVU1612
2356:Drivers/STM32WBxx_HAL_Driver/Src/stm32wbxx_hal_tim_ex.c **** 
 5443              		.loc 1 2356 3 view .LVU1613
2356:Drivers/STM32WBxx_HAL_Driver/Src/stm32wbxx_hal_tim_ex.c **** 
 5444              		.loc 1 2356 15 is_stmt 0 view .LVU1614
 5445 0010 0223     		movs	r3, #2
 5446 0012 80F83D30 		strb	r3, [r0, #61]
2359:Drivers/STM32WBxx_HAL_Driver/Src/stm32wbxx_hal_tim_ex.c **** 
 5447              		.loc 1 2359 3 is_stmt 1 view .LVU1615
2359:Drivers/STM32WBxx_HAL_Driver/Src/stm32wbxx_hal_tim_ex.c **** 
 5448              		.loc 1 2359 7 is_stmt 0 view .LVU1616
 5449 0016 0468     		ldr	r4, [r0]
2359:Drivers/STM32WBxx_HAL_Driver/Src/stm32wbxx_hal_tim_ex.c **** 
 5450              		.loc 1 2359 17 view .LVU1617
 5451 0018 A36D     		ldr	r3, [r4, #88]
2359:Drivers/STM32WBxx_HAL_Driver/Src/stm32wbxx_hal_tim_ex.c **** 
 5452              		.loc 1 2359 24 view .LVU1618
 5453 001a 23F06043 		bic	r3, r3, #-536870912
 5454 001e A365     		str	r3, [r4, #88]
2362:Drivers/STM32WBxx_HAL_Driver/Src/stm32wbxx_hal_tim_ex.c **** 
 5455              		.loc 1 2362 3 is_stmt 1 view .LVU1619
2362:Drivers/STM32WBxx_HAL_Driver/Src/stm32wbxx_hal_tim_ex.c **** 
 5456              		.loc 1 2362 7 is_stmt 0 view .LVU1620
 5457 0020 0468     		ldr	r4, [r0]
2362:Drivers/STM32WBxx_HAL_Driver/Src/stm32wbxx_hal_tim_ex.c **** 
 5458              		.loc 1 2362 17 view .LVU1621
 5459 0022 A36D     		ldr	r3, [r4, #88]
2362:Drivers/STM32WBxx_HAL_Driver/Src/stm32wbxx_hal_tim_ex.c **** 
 5460              		.loc 1 2362 24 view .LVU1622
 5461 0024 0B43     		orrs	r3, r3, r1
 5462 0026 A365     		str	r3, [r4, #88]
2365:Drivers/STM32WBxx_HAL_Driver/Src/stm32wbxx_hal_tim_ex.c **** 
 5463              		.loc 1 2365 3 is_stmt 1 view .LVU1623
2365:Drivers/STM32WBxx_HAL_Driver/Src/stm32wbxx_hal_tim_ex.c **** 
 5464              		.loc 1 2365 15 is_stmt 0 view .LVU1624
 5465 0028 80F83D20 		strb	r2, [r0, #61]
2367:Drivers/STM32WBxx_HAL_Driver/Src/stm32wbxx_hal_tim_ex.c **** 
 5466              		.loc 1 2367 3 is_stmt 1 view .LVU1625
2367:Drivers/STM32WBxx_HAL_Driver/Src/stm32wbxx_hal_tim_ex.c **** 
 5467              		.loc 1 2367 3 view .LVU1626
 5468 002c 0023     		movs	r3, #0
 5469 002e 80F83C30 		strb	r3, [r0, #60]
ARM GAS  /var/folders/98/ctz5mtps7w71v8dr53cf5qg40000gn/T//ccO5oMcB.s 			page 173


2367:Drivers/STM32WBxx_HAL_Driver/Src/stm32wbxx_hal_tim_ex.c **** 
 5470              		.loc 1 2367 3 view .LVU1627
2369:Drivers/STM32WBxx_HAL_Driver/Src/stm32wbxx_hal_tim_ex.c **** }
 5471              		.loc 1 2369 3 view .LVU1628
2369:Drivers/STM32WBxx_HAL_Driver/Src/stm32wbxx_hal_tim_ex.c **** }
 5472              		.loc 1 2369 10 is_stmt 0 view .LVU1629
 5473 0032 1846     		mov	r0, r3
 5474              	.LVL421:
2370:Drivers/STM32WBxx_HAL_Driver/Src/stm32wbxx_hal_tim_ex.c **** 
 5475              		.loc 1 2370 1 view .LVU1630
 5476 0034 5DF8044B 		ldr	r4, [sp], #4
 5477              	.LCFI57:
 5478              		.cfi_restore 4
 5479              		.cfi_def_cfa_offset 0
 5480 0038 7047     		bx	lr
 5481              	.LVL422:
 5482              	.L449:
2354:Drivers/STM32WBxx_HAL_Driver/Src/stm32wbxx_hal_tim_ex.c **** 
 5483              		.loc 1 2354 3 discriminator 1 view .LVU1631
 5484 003a 0220     		movs	r0, #2
 5485              	.LVL423:
2370:Drivers/STM32WBxx_HAL_Driver/Src/stm32wbxx_hal_tim_ex.c **** 
 5486              		.loc 1 2370 1 view .LVU1632
 5487 003c 7047     		bx	lr
 5488              		.cfi_endproc
 5489              	.LFE983:
 5491              		.section	.text.HAL_TIMEx_DisarmBreakInput,"ax",%progbits
 5492              		.align	1
 5493              		.global	HAL_TIMEx_DisarmBreakInput
 5494              		.syntax unified
 5495              		.thumb
 5496              		.thumb_func
 5498              	HAL_TIMEx_DisarmBreakInput:
 5499              	.LVL424:
 5500              	.LFB984:
2386:Drivers/STM32WBxx_HAL_Driver/Src/stm32wbxx_hal_tim_ex.c ****   HAL_StatusTypeDef status = HAL_OK;
 5501              		.loc 1 2386 1 is_stmt 1 view -0
 5502              		.cfi_startproc
 5503              		@ args = 0, pretend = 0, frame = 0
 5504              		@ frame_needed = 0, uses_anonymous_args = 0
 5505              		@ link register save eliminated.
2387:Drivers/STM32WBxx_HAL_Driver/Src/stm32wbxx_hal_tim_ex.c ****   uint32_t tmpbdtr;
 5506              		.loc 1 2387 3 view .LVU1634
2388:Drivers/STM32WBxx_HAL_Driver/Src/stm32wbxx_hal_tim_ex.c **** 
 5507              		.loc 1 2388 3 view .LVU1635
2391:Drivers/STM32WBxx_HAL_Driver/Src/stm32wbxx_hal_tim_ex.c ****   assert_param(IS_TIM_BREAKINPUT(BreakInput));
 5508              		.loc 1 2391 3 view .LVU1636
2392:Drivers/STM32WBxx_HAL_Driver/Src/stm32wbxx_hal_tim_ex.c **** 
 5509              		.loc 1 2392 3 view .LVU1637
2394:Drivers/STM32WBxx_HAL_Driver/Src/stm32wbxx_hal_tim_ex.c ****   {
 5510              		.loc 1 2394 3 view .LVU1638
 5511 0000 0129     		cmp	r1, #1
 5512 0002 03D0     		beq	.L455
 5513 0004 0229     		cmp	r1, #2
 5514 0006 10D0     		beq	.L456
 5515 0008 0120     		movs	r0, #1
 5516              	.LVL425:
ARM GAS  /var/folders/98/ctz5mtps7w71v8dr53cf5qg40000gn/T//ccO5oMcB.s 			page 174


2394:Drivers/STM32WBxx_HAL_Driver/Src/stm32wbxx_hal_tim_ex.c ****   {
 5517              		.loc 1 2394 3 is_stmt 0 view .LVU1639
 5518 000a 7047     		bx	lr
 5519              	.LVL426:
 5520              	.L455:
2399:Drivers/STM32WBxx_HAL_Driver/Src/stm32wbxx_hal_tim_ex.c ****       if ((READ_BIT(tmpbdtr, TIM_BDTR_BKBID) == TIM_BDTR_BKBID) &&
 5521              		.loc 1 2399 7 is_stmt 1 view .LVU1640
2399:Drivers/STM32WBxx_HAL_Driver/Src/stm32wbxx_hal_tim_ex.c ****       if ((READ_BIT(tmpbdtr, TIM_BDTR_BKBID) == TIM_BDTR_BKBID) &&
 5522              		.loc 1 2399 17 is_stmt 0 view .LVU1641
 5523 000c 0268     		ldr	r2, [r0]
2399:Drivers/STM32WBxx_HAL_Driver/Src/stm32wbxx_hal_tim_ex.c ****       if ((READ_BIT(tmpbdtr, TIM_BDTR_BKBID) == TIM_BDTR_BKBID) &&
 5524              		.loc 1 2399 15 view .LVU1642
 5525 000e 516C     		ldr	r1, [r2, #68]
 5526              	.LVL427:
2400:Drivers/STM32WBxx_HAL_Driver/Src/stm32wbxx_hal_tim_ex.c ****           (READ_BIT(tmpbdtr, TIM_BDTR_MOE) == 0U))
 5527              		.loc 1 2400 7 is_stmt 1 view .LVU1643
2400:Drivers/STM32WBxx_HAL_Driver/Src/stm32wbxx_hal_tim_ex.c ****           (READ_BIT(tmpbdtr, TIM_BDTR_MOE) == 0U))
 5528              		.loc 1 2400 65 is_stmt 0 view .LVU1644
 5529 0010 0D4B     		ldr	r3, .L462
 5530 0012 0B40     		ands	r3, r3, r1
2400:Drivers/STM32WBxx_HAL_Driver/Src/stm32wbxx_hal_tim_ex.c ****           (READ_BIT(tmpbdtr, TIM_BDTR_MOE) == 0U))
 5531              		.loc 1 2400 10 view .LVU1645
 5532 0014 B3F1805F 		cmp	r3, #268435456
 5533 0018 01D0     		beq	.L460
2387:Drivers/STM32WBxx_HAL_Driver/Src/stm32wbxx_hal_tim_ex.c ****   uint32_t tmpbdtr;
 5534              		.loc 1 2387 21 view .LVU1646
 5535 001a 0020     		movs	r0, #0
 5536              	.LVL428:
2387:Drivers/STM32WBxx_HAL_Driver/Src/stm32wbxx_hal_tim_ex.c ****   uint32_t tmpbdtr;
 5537              		.loc 1 2387 21 view .LVU1647
 5538 001c 7047     		bx	lr
 5539              	.LVL429:
 5540              	.L460:
2404:Drivers/STM32WBxx_HAL_Driver/Src/stm32wbxx_hal_tim_ex.c ****       }
 5541              		.loc 1 2404 9 is_stmt 1 view .LVU1648
 5542 001e 536C     		ldr	r3, [r2, #68]
 5543 0020 43F08063 		orr	r3, r3, #67108864
 5544 0024 5364     		str	r3, [r2, #68]
2387:Drivers/STM32WBxx_HAL_Driver/Src/stm32wbxx_hal_tim_ex.c ****   uint32_t tmpbdtr;
 5545              		.loc 1 2387 21 is_stmt 0 view .LVU1649
 5546 0026 0020     		movs	r0, #0
 5547              	.LVL430:
2387:Drivers/STM32WBxx_HAL_Driver/Src/stm32wbxx_hal_tim_ex.c ****   uint32_t tmpbdtr;
 5548              		.loc 1 2387 21 view .LVU1650
 5549 0028 7047     		bx	lr
 5550              	.LVL431:
 5551              	.L456:
2411:Drivers/STM32WBxx_HAL_Driver/Src/stm32wbxx_hal_tim_ex.c ****       if ((READ_BIT(tmpbdtr, TIM_BDTR_BK2BID) == TIM_BDTR_BK2BID) &&
 5552              		.loc 1 2411 7 is_stmt 1 view .LVU1651
2411:Drivers/STM32WBxx_HAL_Driver/Src/stm32wbxx_hal_tim_ex.c ****       if ((READ_BIT(tmpbdtr, TIM_BDTR_BK2BID) == TIM_BDTR_BK2BID) &&
 5553              		.loc 1 2411 17 is_stmt 0 view .LVU1652
 5554 002a 0268     		ldr	r2, [r0]
2411:Drivers/STM32WBxx_HAL_Driver/Src/stm32wbxx_hal_tim_ex.c ****       if ((READ_BIT(tmpbdtr, TIM_BDTR_BK2BID) == TIM_BDTR_BK2BID) &&
 5555              		.loc 1 2411 15 view .LVU1653
 5556 002c 516C     		ldr	r1, [r2, #68]
 5557              	.LVL432:
2412:Drivers/STM32WBxx_HAL_Driver/Src/stm32wbxx_hal_tim_ex.c ****           (READ_BIT(tmpbdtr, TIM_BDTR_MOE) == 0U))
ARM GAS  /var/folders/98/ctz5mtps7w71v8dr53cf5qg40000gn/T//ccO5oMcB.s 			page 175


 5558              		.loc 1 2412 7 is_stmt 1 view .LVU1654
2412:Drivers/STM32WBxx_HAL_Driver/Src/stm32wbxx_hal_tim_ex.c ****           (READ_BIT(tmpbdtr, TIM_BDTR_MOE) == 0U))
 5559              		.loc 1 2412 67 is_stmt 0 view .LVU1655
 5560 002e 074B     		ldr	r3, .L462+4
 5561 0030 0B40     		ands	r3, r3, r1
2412:Drivers/STM32WBxx_HAL_Driver/Src/stm32wbxx_hal_tim_ex.c ****           (READ_BIT(tmpbdtr, TIM_BDTR_MOE) == 0U))
 5562              		.loc 1 2412 10 view .LVU1656
 5563 0032 B3F1005F 		cmp	r3, #536870912
 5564 0036 01D0     		beq	.L461
2387:Drivers/STM32WBxx_HAL_Driver/Src/stm32wbxx_hal_tim_ex.c ****   uint32_t tmpbdtr;
 5565              		.loc 1 2387 21 view .LVU1657
 5566 0038 0020     		movs	r0, #0
 5567              	.LVL433:
2425:Drivers/STM32WBxx_HAL_Driver/Src/stm32wbxx_hal_tim_ex.c **** }
 5568              		.loc 1 2425 3 is_stmt 1 view .LVU1658
2426:Drivers/STM32WBxx_HAL_Driver/Src/stm32wbxx_hal_tim_ex.c **** 
 5569              		.loc 1 2426 1 is_stmt 0 view .LVU1659
 5570 003a 7047     		bx	lr
 5571              	.LVL434:
 5572              	.L461:
2416:Drivers/STM32WBxx_HAL_Driver/Src/stm32wbxx_hal_tim_ex.c ****       }
 5573              		.loc 1 2416 9 is_stmt 1 view .LVU1660
 5574 003c 536C     		ldr	r3, [r2, #68]
 5575 003e 43F00063 		orr	r3, r3, #134217728
 5576 0042 5364     		str	r3, [r2, #68]
2387:Drivers/STM32WBxx_HAL_Driver/Src/stm32wbxx_hal_tim_ex.c ****   uint32_t tmpbdtr;
 5577              		.loc 1 2387 21 is_stmt 0 view .LVU1661
 5578 0044 0020     		movs	r0, #0
 5579              	.LVL435:
2387:Drivers/STM32WBxx_HAL_Driver/Src/stm32wbxx_hal_tim_ex.c ****   uint32_t tmpbdtr;
 5580              		.loc 1 2387 21 view .LVU1662
 5581 0046 7047     		bx	lr
 5582              	.L463:
 5583              		.align	2
 5584              	.L462:
 5585 0048 00800010 		.word	268468224
 5586 004c 00800020 		.word	536903680
 5587              		.cfi_endproc
 5588              	.LFE984:
 5590              		.section	.text.HAL_TIMEx_ReArmBreakInput,"ax",%progbits
 5591              		.align	1
 5592              		.global	HAL_TIMEx_ReArmBreakInput
 5593              		.syntax unified
 5594              		.thumb
 5595              		.thumb_func
 5597              	HAL_TIMEx_ReArmBreakInput:
 5598              	.LVL436:
 5599              	.LFB985:
2440:Drivers/STM32WBxx_HAL_Driver/Src/stm32wbxx_hal_tim_ex.c ****   HAL_StatusTypeDef status = HAL_OK;
 5600              		.loc 1 2440 1 is_stmt 1 view -0
 5601              		.cfi_startproc
 5602              		@ args = 0, pretend = 0, frame = 0
 5603              		@ frame_needed = 0, uses_anonymous_args = 0
2440:Drivers/STM32WBxx_HAL_Driver/Src/stm32wbxx_hal_tim_ex.c ****   HAL_StatusTypeDef status = HAL_OK;
 5604              		.loc 1 2440 1 is_stmt 0 view .LVU1664
 5605 0000 38B5     		push	{r3, r4, r5, lr}
 5606              	.LCFI58:
ARM GAS  /var/folders/98/ctz5mtps7w71v8dr53cf5qg40000gn/T//ccO5oMcB.s 			page 176


 5607              		.cfi_def_cfa_offset 16
 5608              		.cfi_offset 3, -16
 5609              		.cfi_offset 4, -12
 5610              		.cfi_offset 5, -8
 5611              		.cfi_offset 14, -4
 5612 0002 0446     		mov	r4, r0
2441:Drivers/STM32WBxx_HAL_Driver/Src/stm32wbxx_hal_tim_ex.c ****   uint32_t tickstart;
 5613              		.loc 1 2441 3 is_stmt 1 view .LVU1665
 5614              	.LVL437:
2442:Drivers/STM32WBxx_HAL_Driver/Src/stm32wbxx_hal_tim_ex.c **** 
 5615              		.loc 1 2442 3 view .LVU1666
2445:Drivers/STM32WBxx_HAL_Driver/Src/stm32wbxx_hal_tim_ex.c ****   assert_param(IS_TIM_BREAKINPUT(BreakInput));
 5616              		.loc 1 2445 3 view .LVU1667
2446:Drivers/STM32WBxx_HAL_Driver/Src/stm32wbxx_hal_tim_ex.c **** 
 5617              		.loc 1 2446 3 view .LVU1668
2448:Drivers/STM32WBxx_HAL_Driver/Src/stm32wbxx_hal_tim_ex.c ****   {
 5618              		.loc 1 2448 3 view .LVU1669
 5619 0004 0129     		cmp	r1, #1
 5620 0006 03D0     		beq	.L465
 5621 0008 0229     		cmp	r1, #2
 5622 000a 1ED0     		beq	.L466
 5623 000c 0120     		movs	r0, #1
 5624              	.LVL438:
 5625              	.L467:
2501:Drivers/STM32WBxx_HAL_Driver/Src/stm32wbxx_hal_tim_ex.c **** 
 5626              		.loc 1 2501 1 is_stmt 0 view .LVU1670
 5627 000e 38BD     		pop	{r3, r4, r5, pc}
 5628              	.LVL439:
 5629              	.L465:
2453:Drivers/STM32WBxx_HAL_Driver/Src/stm32wbxx_hal_tim_ex.c ****       {
 5630              		.loc 1 2453 7 is_stmt 1 view .LVU1671
2453:Drivers/STM32WBxx_HAL_Driver/Src/stm32wbxx_hal_tim_ex.c ****       {
 5631              		.loc 1 2453 11 is_stmt 0 view .LVU1672
 5632 0010 0368     		ldr	r3, [r0]
 5633 0012 5B6C     		ldr	r3, [r3, #68]
2453:Drivers/STM32WBxx_HAL_Driver/Src/stm32wbxx_hal_tim_ex.c ****       {
 5634              		.loc 1 2453 10 view .LVU1673
 5635 0014 13F0805F 		tst	r3, #268435456
 5636 0018 01D1     		bne	.L477
2441:Drivers/STM32WBxx_HAL_Driver/Src/stm32wbxx_hal_tim_ex.c ****   uint32_t tickstart;
 5637              		.loc 1 2441 21 view .LVU1674
 5638 001a 0020     		movs	r0, #0
 5639              	.LVL440:
2441:Drivers/STM32WBxx_HAL_Driver/Src/stm32wbxx_hal_tim_ex.c ****   uint32_t tickstart;
 5640              		.loc 1 2441 21 view .LVU1675
 5641 001c F7E7     		b	.L467
 5642              	.LVL441:
 5643              	.L477:
2457:Drivers/STM32WBxx_HAL_Driver/Src/stm32wbxx_hal_tim_ex.c ****         while (READ_BIT(htim->Instance->BDTR, TIM_BDTR_BKDSRM) != 0UL)
 5644              		.loc 1 2457 9 is_stmt 1 view .LVU1676
2457:Drivers/STM32WBxx_HAL_Driver/Src/stm32wbxx_hal_tim_ex.c ****         while (READ_BIT(htim->Instance->BDTR, TIM_BDTR_BKDSRM) != 0UL)
 5645              		.loc 1 2457 21 is_stmt 0 view .LVU1677
 5646 001e FFF7FEFF 		bl	HAL_GetTick
 5647              	.LVL442:
2457:Drivers/STM32WBxx_HAL_Driver/Src/stm32wbxx_hal_tim_ex.c ****         while (READ_BIT(htim->Instance->BDTR, TIM_BDTR_BKDSRM) != 0UL)
 5648              		.loc 1 2457 21 view .LVU1678
 5649 0022 0546     		mov	r5, r0
ARM GAS  /var/folders/98/ctz5mtps7w71v8dr53cf5qg40000gn/T//ccO5oMcB.s 			page 177


 5650              	.LVL443:
2458:Drivers/STM32WBxx_HAL_Driver/Src/stm32wbxx_hal_tim_ex.c ****         {
 5651              		.loc 1 2458 9 is_stmt 1 view .LVU1679
 5652              	.L468:
2458:Drivers/STM32WBxx_HAL_Driver/Src/stm32wbxx_hal_tim_ex.c ****         {
 5653              		.loc 1 2458 64 view .LVU1680
2458:Drivers/STM32WBxx_HAL_Driver/Src/stm32wbxx_hal_tim_ex.c ****         {
 5654              		.loc 1 2458 16 is_stmt 0 view .LVU1681
 5655 0024 2368     		ldr	r3, [r4]
 5656 0026 5B6C     		ldr	r3, [r3, #68]
2458:Drivers/STM32WBxx_HAL_Driver/Src/stm32wbxx_hal_tim_ex.c ****         {
 5657              		.loc 1 2458 64 view .LVU1682
 5658 0028 13F0806F 		tst	r3, #67108864
 5659 002c 0BD0     		beq	.L478
2460:Drivers/STM32WBxx_HAL_Driver/Src/stm32wbxx_hal_tim_ex.c ****           {
 5660              		.loc 1 2460 11 is_stmt 1 view .LVU1683
2460:Drivers/STM32WBxx_HAL_Driver/Src/stm32wbxx_hal_tim_ex.c ****           {
 5661              		.loc 1 2460 16 is_stmt 0 view .LVU1684
 5662 002e FFF7FEFF 		bl	HAL_GetTick
 5663              	.LVL444:
2460:Drivers/STM32WBxx_HAL_Driver/Src/stm32wbxx_hal_tim_ex.c ****           {
 5664              		.loc 1 2460 30 discriminator 1 view .LVU1685
 5665 0032 401B     		subs	r0, r0, r5
2460:Drivers/STM32WBxx_HAL_Driver/Src/stm32wbxx_hal_tim_ex.c ****           {
 5666              		.loc 1 2460 14 discriminator 1 view .LVU1686
 5667 0034 0528     		cmp	r0, #5
 5668 0036 F5D9     		bls	.L468
2463:Drivers/STM32WBxx_HAL_Driver/Src/stm32wbxx_hal_tim_ex.c ****             {
 5669              		.loc 1 2463 13 is_stmt 1 view .LVU1687
2463:Drivers/STM32WBxx_HAL_Driver/Src/stm32wbxx_hal_tim_ex.c ****             {
 5670              		.loc 1 2463 17 is_stmt 0 view .LVU1688
 5671 0038 2368     		ldr	r3, [r4]
 5672 003a 5B6C     		ldr	r3, [r3, #68]
2463:Drivers/STM32WBxx_HAL_Driver/Src/stm32wbxx_hal_tim_ex.c ****             {
 5673              		.loc 1 2463 16 view .LVU1689
 5674 003c 13F0806F 		tst	r3, #67108864
 5675 0040 F0D0     		beq	.L468
2465:Drivers/STM32WBxx_HAL_Driver/Src/stm32wbxx_hal_tim_ex.c ****             }
 5676              		.loc 1 2465 22 view .LVU1690
 5677 0042 0320     		movs	r0, #3
 5678 0044 E3E7     		b	.L467
 5679              	.L478:
2441:Drivers/STM32WBxx_HAL_Driver/Src/stm32wbxx_hal_tim_ex.c ****   uint32_t tickstart;
 5680              		.loc 1 2441 21 view .LVU1691
 5681 0046 0020     		movs	r0, #0
 5682 0048 E1E7     		b	.L467
 5683              	.LVL445:
 5684              	.L466:
2476:Drivers/STM32WBxx_HAL_Driver/Src/stm32wbxx_hal_tim_ex.c ****       {
 5685              		.loc 1 2476 7 is_stmt 1 view .LVU1692
2476:Drivers/STM32WBxx_HAL_Driver/Src/stm32wbxx_hal_tim_ex.c ****       {
 5686              		.loc 1 2476 11 is_stmt 0 view .LVU1693
 5687 004a 0368     		ldr	r3, [r0]
 5688 004c 5B6C     		ldr	r3, [r3, #68]
2476:Drivers/STM32WBxx_HAL_Driver/Src/stm32wbxx_hal_tim_ex.c ****       {
 5689              		.loc 1 2476 10 view .LVU1694
 5690 004e 13F0005F 		tst	r3, #536870912
ARM GAS  /var/folders/98/ctz5mtps7w71v8dr53cf5qg40000gn/T//ccO5oMcB.s 			page 178


 5691 0052 01D1     		bne	.L479
2441:Drivers/STM32WBxx_HAL_Driver/Src/stm32wbxx_hal_tim_ex.c ****   uint32_t tickstart;
 5692              		.loc 1 2441 21 view .LVU1695
 5693 0054 0020     		movs	r0, #0
 5694              	.LVL446:
2441:Drivers/STM32WBxx_HAL_Driver/Src/stm32wbxx_hal_tim_ex.c ****   uint32_t tickstart;
 5695              		.loc 1 2441 21 view .LVU1696
 5696 0056 DAE7     		b	.L467
 5697              	.LVL447:
 5698              	.L479:
2480:Drivers/STM32WBxx_HAL_Driver/Src/stm32wbxx_hal_tim_ex.c ****         while (READ_BIT(htim->Instance->BDTR, TIM_BDTR_BK2DSRM) != 0UL)
 5699              		.loc 1 2480 9 is_stmt 1 view .LVU1697
2480:Drivers/STM32WBxx_HAL_Driver/Src/stm32wbxx_hal_tim_ex.c ****         while (READ_BIT(htim->Instance->BDTR, TIM_BDTR_BK2DSRM) != 0UL)
 5700              		.loc 1 2480 21 is_stmt 0 view .LVU1698
 5701 0058 FFF7FEFF 		bl	HAL_GetTick
 5702              	.LVL448:
2480:Drivers/STM32WBxx_HAL_Driver/Src/stm32wbxx_hal_tim_ex.c ****         while (READ_BIT(htim->Instance->BDTR, TIM_BDTR_BK2DSRM) != 0UL)
 5703              		.loc 1 2480 21 view .LVU1699
 5704 005c 0546     		mov	r5, r0
 5705              	.LVL449:
2481:Drivers/STM32WBxx_HAL_Driver/Src/stm32wbxx_hal_tim_ex.c ****         {
 5706              		.loc 1 2481 9 is_stmt 1 view .LVU1700
 5707              	.L470:
2481:Drivers/STM32WBxx_HAL_Driver/Src/stm32wbxx_hal_tim_ex.c ****         {
 5708              		.loc 1 2481 65 view .LVU1701
2481:Drivers/STM32WBxx_HAL_Driver/Src/stm32wbxx_hal_tim_ex.c ****         {
 5709              		.loc 1 2481 16 is_stmt 0 view .LVU1702
 5710 005e 2368     		ldr	r3, [r4]
 5711 0060 5B6C     		ldr	r3, [r3, #68]
2481:Drivers/STM32WBxx_HAL_Driver/Src/stm32wbxx_hal_tim_ex.c ****         {
 5712              		.loc 1 2481 65 view .LVU1703
 5713 0062 13F0006F 		tst	r3, #134217728
 5714 0066 0BD0     		beq	.L480
2483:Drivers/STM32WBxx_HAL_Driver/Src/stm32wbxx_hal_tim_ex.c ****           {
 5715              		.loc 1 2483 11 is_stmt 1 view .LVU1704
2483:Drivers/STM32WBxx_HAL_Driver/Src/stm32wbxx_hal_tim_ex.c ****           {
 5716              		.loc 1 2483 16 is_stmt 0 view .LVU1705
 5717 0068 FFF7FEFF 		bl	HAL_GetTick
 5718              	.LVL450:
2483:Drivers/STM32WBxx_HAL_Driver/Src/stm32wbxx_hal_tim_ex.c ****           {
 5719              		.loc 1 2483 30 discriminator 1 view .LVU1706
 5720 006c 401B     		subs	r0, r0, r5
2483:Drivers/STM32WBxx_HAL_Driver/Src/stm32wbxx_hal_tim_ex.c ****           {
 5721              		.loc 1 2483 14 discriminator 1 view .LVU1707
 5722 006e 0528     		cmp	r0, #5
 5723 0070 F5D9     		bls	.L470
2486:Drivers/STM32WBxx_HAL_Driver/Src/stm32wbxx_hal_tim_ex.c ****             {
 5724              		.loc 1 2486 13 is_stmt 1 view .LVU1708
2486:Drivers/STM32WBxx_HAL_Driver/Src/stm32wbxx_hal_tim_ex.c ****             {
 5725              		.loc 1 2486 17 is_stmt 0 view .LVU1709
 5726 0072 2368     		ldr	r3, [r4]
 5727 0074 5B6C     		ldr	r3, [r3, #68]
2486:Drivers/STM32WBxx_HAL_Driver/Src/stm32wbxx_hal_tim_ex.c ****             {
 5728              		.loc 1 2486 16 view .LVU1710
 5729 0076 13F0006F 		tst	r3, #134217728
 5730 007a F0D0     		beq	.L470
2488:Drivers/STM32WBxx_HAL_Driver/Src/stm32wbxx_hal_tim_ex.c ****             }
ARM GAS  /var/folders/98/ctz5mtps7w71v8dr53cf5qg40000gn/T//ccO5oMcB.s 			page 179


 5731              		.loc 1 2488 22 view .LVU1711
 5732 007c 0320     		movs	r0, #3
 5733 007e C6E7     		b	.L467
 5734              	.L480:
2441:Drivers/STM32WBxx_HAL_Driver/Src/stm32wbxx_hal_tim_ex.c ****   uint32_t tickstart;
 5735              		.loc 1 2441 21 view .LVU1712
 5736 0080 0020     		movs	r0, #0
 5737 0082 C4E7     		b	.L467
 5738              		.cfi_endproc
 5739              	.LFE985:
 5741              		.section	.text.HAL_TIMEx_CommutCallback,"ax",%progbits
 5742              		.align	1
 5743              		.weak	HAL_TIMEx_CommutCallback
 5744              		.syntax unified
 5745              		.thumb
 5746              		.thumb_func
 5748              	HAL_TIMEx_CommutCallback:
 5749              	.LVL451:
 5750              	.LFB986:
2529:Drivers/STM32WBxx_HAL_Driver/Src/stm32wbxx_hal_tim_ex.c ****   /* Prevent unused argument(s) compilation warning */
 5751              		.loc 1 2529 1 is_stmt 1 view -0
 5752              		.cfi_startproc
 5753              		@ args = 0, pretend = 0, frame = 0
 5754              		@ frame_needed = 0, uses_anonymous_args = 0
 5755              		@ link register save eliminated.
2531:Drivers/STM32WBxx_HAL_Driver/Src/stm32wbxx_hal_tim_ex.c **** 
 5756              		.loc 1 2531 3 view .LVU1714
2536:Drivers/STM32WBxx_HAL_Driver/Src/stm32wbxx_hal_tim_ex.c **** /**
 5757              		.loc 1 2536 1 is_stmt 0 view .LVU1715
 5758 0000 7047     		bx	lr
 5759              		.cfi_endproc
 5760              	.LFE986:
 5762              		.section	.text.TIMEx_DMACommutationCplt,"ax",%progbits
 5763              		.align	1
 5764              		.global	TIMEx_DMACommutationCplt
 5765              		.syntax unified
 5766              		.thumb
 5767              		.thumb_func
 5769              	TIMEx_DMACommutationCplt:
 5770              	.LVL452:
 5771              	.LFB992:
2650:Drivers/STM32WBxx_HAL_Driver/Src/stm32wbxx_hal_tim_ex.c ****   TIM_HandleTypeDef *htim = (TIM_HandleTypeDef *)((DMA_HandleTypeDef *)hdma)->Parent;
 5772              		.loc 1 2650 1 is_stmt 1 view -0
 5773              		.cfi_startproc
 5774              		@ args = 0, pretend = 0, frame = 0
 5775              		@ frame_needed = 0, uses_anonymous_args = 0
2650:Drivers/STM32WBxx_HAL_Driver/Src/stm32wbxx_hal_tim_ex.c ****   TIM_HandleTypeDef *htim = (TIM_HandleTypeDef *)((DMA_HandleTypeDef *)hdma)->Parent;
 5776              		.loc 1 2650 1 is_stmt 0 view .LVU1717
 5777 0000 08B5     		push	{r3, lr}
 5778              	.LCFI59:
 5779              		.cfi_def_cfa_offset 8
 5780              		.cfi_offset 3, -8
 5781              		.cfi_offset 14, -4
2651:Drivers/STM32WBxx_HAL_Driver/Src/stm32wbxx_hal_tim_ex.c **** 
 5782              		.loc 1 2651 3 is_stmt 1 view .LVU1718
2651:Drivers/STM32WBxx_HAL_Driver/Src/stm32wbxx_hal_tim_ex.c **** 
 5783              		.loc 1 2651 22 is_stmt 0 view .LVU1719
ARM GAS  /var/folders/98/ctz5mtps7w71v8dr53cf5qg40000gn/T//ccO5oMcB.s 			page 180


 5784 0002 806A     		ldr	r0, [r0, #40]
 5785              	.LVL453:
2654:Drivers/STM32WBxx_HAL_Driver/Src/stm32wbxx_hal_tim_ex.c **** 
 5786              		.loc 1 2654 3 is_stmt 1 view .LVU1720
2654:Drivers/STM32WBxx_HAL_Driver/Src/stm32wbxx_hal_tim_ex.c **** 
 5787              		.loc 1 2654 15 is_stmt 0 view .LVU1721
 5788 0004 0123     		movs	r3, #1
 5789 0006 80F83D30 		strb	r3, [r0, #61]
2659:Drivers/STM32WBxx_HAL_Driver/Src/stm32wbxx_hal_tim_ex.c **** #endif /* USE_HAL_TIM_REGISTER_CALLBACKS */
 5790              		.loc 1 2659 3 is_stmt 1 view .LVU1722
 5791 000a FFF7FEFF 		bl	HAL_TIMEx_CommutCallback
 5792              	.LVL454:
2661:Drivers/STM32WBxx_HAL_Driver/Src/stm32wbxx_hal_tim_ex.c **** 
 5793              		.loc 1 2661 1 is_stmt 0 view .LVU1723
 5794 000e 08BD     		pop	{r3, pc}
 5795              		.cfi_endproc
 5796              	.LFE992:
 5798              		.section	.text.HAL_TIMEx_CommutHalfCpltCallback,"ax",%progbits
 5799              		.align	1
 5800              		.weak	HAL_TIMEx_CommutHalfCpltCallback
 5801              		.syntax unified
 5802              		.thumb
 5803              		.thumb_func
 5805              	HAL_TIMEx_CommutHalfCpltCallback:
 5806              	.LVL455:
 5807              	.LFB987:
2543:Drivers/STM32WBxx_HAL_Driver/Src/stm32wbxx_hal_tim_ex.c ****   /* Prevent unused argument(s) compilation warning */
 5808              		.loc 1 2543 1 is_stmt 1 view -0
 5809              		.cfi_startproc
 5810              		@ args = 0, pretend = 0, frame = 0
 5811              		@ frame_needed = 0, uses_anonymous_args = 0
 5812              		@ link register save eliminated.
2545:Drivers/STM32WBxx_HAL_Driver/Src/stm32wbxx_hal_tim_ex.c **** 
 5813              		.loc 1 2545 3 view .LVU1725
2550:Drivers/STM32WBxx_HAL_Driver/Src/stm32wbxx_hal_tim_ex.c **** 
 5814              		.loc 1 2550 1 is_stmt 0 view .LVU1726
 5815 0000 7047     		bx	lr
 5816              		.cfi_endproc
 5817              	.LFE987:
 5819              		.section	.text.TIMEx_DMACommutationHalfCplt,"ax",%progbits
 5820              		.align	1
 5821              		.global	TIMEx_DMACommutationHalfCplt
 5822              		.syntax unified
 5823              		.thumb
 5824              		.thumb_func
 5826              	TIMEx_DMACommutationHalfCplt:
 5827              	.LVL456:
 5828              	.LFB993:
2669:Drivers/STM32WBxx_HAL_Driver/Src/stm32wbxx_hal_tim_ex.c ****   TIM_HandleTypeDef *htim = (TIM_HandleTypeDef *)((DMA_HandleTypeDef *)hdma)->Parent;
 5829              		.loc 1 2669 1 is_stmt 1 view -0
 5830              		.cfi_startproc
 5831              		@ args = 0, pretend = 0, frame = 0
 5832              		@ frame_needed = 0, uses_anonymous_args = 0
2669:Drivers/STM32WBxx_HAL_Driver/Src/stm32wbxx_hal_tim_ex.c ****   TIM_HandleTypeDef *htim = (TIM_HandleTypeDef *)((DMA_HandleTypeDef *)hdma)->Parent;
 5833              		.loc 1 2669 1 is_stmt 0 view .LVU1728
 5834 0000 08B5     		push	{r3, lr}
 5835              	.LCFI60:
ARM GAS  /var/folders/98/ctz5mtps7w71v8dr53cf5qg40000gn/T//ccO5oMcB.s 			page 181


 5836              		.cfi_def_cfa_offset 8
 5837              		.cfi_offset 3, -8
 5838              		.cfi_offset 14, -4
2670:Drivers/STM32WBxx_HAL_Driver/Src/stm32wbxx_hal_tim_ex.c **** 
 5839              		.loc 1 2670 3 is_stmt 1 view .LVU1729
2670:Drivers/STM32WBxx_HAL_Driver/Src/stm32wbxx_hal_tim_ex.c **** 
 5840              		.loc 1 2670 22 is_stmt 0 view .LVU1730
 5841 0002 806A     		ldr	r0, [r0, #40]
 5842              	.LVL457:
2673:Drivers/STM32WBxx_HAL_Driver/Src/stm32wbxx_hal_tim_ex.c **** 
 5843              		.loc 1 2673 3 is_stmt 1 view .LVU1731
2673:Drivers/STM32WBxx_HAL_Driver/Src/stm32wbxx_hal_tim_ex.c **** 
 5844              		.loc 1 2673 15 is_stmt 0 view .LVU1732
 5845 0004 0123     		movs	r3, #1
 5846 0006 80F83D30 		strb	r3, [r0, #61]
2678:Drivers/STM32WBxx_HAL_Driver/Src/stm32wbxx_hal_tim_ex.c **** #endif /* USE_HAL_TIM_REGISTER_CALLBACKS */
 5847              		.loc 1 2678 3 is_stmt 1 view .LVU1733
 5848 000a FFF7FEFF 		bl	HAL_TIMEx_CommutHalfCpltCallback
 5849              	.LVL458:
2680:Drivers/STM32WBxx_HAL_Driver/Src/stm32wbxx_hal_tim_ex.c **** 
 5850              		.loc 1 2680 1 is_stmt 0 view .LVU1734
 5851 000e 08BD     		pop	{r3, pc}
 5852              		.cfi_endproc
 5853              	.LFE993:
 5855              		.section	.text.HAL_TIMEx_BreakCallback,"ax",%progbits
 5856              		.align	1
 5857              		.weak	HAL_TIMEx_BreakCallback
 5858              		.syntax unified
 5859              		.thumb
 5860              		.thumb_func
 5862              	HAL_TIMEx_BreakCallback:
 5863              	.LVL459:
 5864              	.LFB988:
2558:Drivers/STM32WBxx_HAL_Driver/Src/stm32wbxx_hal_tim_ex.c ****   /* Prevent unused argument(s) compilation warning */
 5865              		.loc 1 2558 1 is_stmt 1 view -0
 5866              		.cfi_startproc
 5867              		@ args = 0, pretend = 0, frame = 0
 5868              		@ frame_needed = 0, uses_anonymous_args = 0
 5869              		@ link register save eliminated.
2560:Drivers/STM32WBxx_HAL_Driver/Src/stm32wbxx_hal_tim_ex.c **** 
 5870              		.loc 1 2560 3 view .LVU1736
2565:Drivers/STM32WBxx_HAL_Driver/Src/stm32wbxx_hal_tim_ex.c **** 
 5871              		.loc 1 2565 1 is_stmt 0 view .LVU1737
 5872 0000 7047     		bx	lr
 5873              		.cfi_endproc
 5874              	.LFE988:
 5876              		.section	.text.HAL_TIMEx_Break2Callback,"ax",%progbits
 5877              		.align	1
 5878              		.weak	HAL_TIMEx_Break2Callback
 5879              		.syntax unified
 5880              		.thumb
 5881              		.thumb_func
 5883              	HAL_TIMEx_Break2Callback:
 5884              	.LVL460:
 5885              	.LFB989:
2573:Drivers/STM32WBxx_HAL_Driver/Src/stm32wbxx_hal_tim_ex.c ****   /* Prevent unused argument(s) compilation warning */
 5886              		.loc 1 2573 1 is_stmt 1 view -0
ARM GAS  /var/folders/98/ctz5mtps7w71v8dr53cf5qg40000gn/T//ccO5oMcB.s 			page 182


 5887              		.cfi_startproc
 5888              		@ args = 0, pretend = 0, frame = 0
 5889              		@ frame_needed = 0, uses_anonymous_args = 0
 5890              		@ link register save eliminated.
2575:Drivers/STM32WBxx_HAL_Driver/Src/stm32wbxx_hal_tim_ex.c **** 
 5891              		.loc 1 2575 3 view .LVU1739
2580:Drivers/STM32WBxx_HAL_Driver/Src/stm32wbxx_hal_tim_ex.c **** /**
 5892              		.loc 1 2580 1 is_stmt 0 view .LVU1740
 5893 0000 7047     		bx	lr
 5894              		.cfi_endproc
 5895              	.LFE989:
 5897              		.section	.text.HAL_TIMEx_HallSensor_GetState,"ax",%progbits
 5898              		.align	1
 5899              		.global	HAL_TIMEx_HallSensor_GetState
 5900              		.syntax unified
 5901              		.thumb
 5902              		.thumb_func
 5904              	HAL_TIMEx_HallSensor_GetState:
 5905              	.LVL461:
 5906              	.LFB990:
2606:Drivers/STM32WBxx_HAL_Driver/Src/stm32wbxx_hal_tim_ex.c ****   return htim->State;
 5907              		.loc 1 2606 1 is_stmt 1 view -0
 5908              		.cfi_startproc
 5909              		@ args = 0, pretend = 0, frame = 0
 5910              		@ frame_needed = 0, uses_anonymous_args = 0
 5911              		@ link register save eliminated.
2607:Drivers/STM32WBxx_HAL_Driver/Src/stm32wbxx_hal_tim_ex.c **** }
 5912              		.loc 1 2607 3 view .LVU1742
2607:Drivers/STM32WBxx_HAL_Driver/Src/stm32wbxx_hal_tim_ex.c **** }
 5913              		.loc 1 2607 14 is_stmt 0 view .LVU1743
 5914 0000 90F83D00 		ldrb	r0, [r0, #61]	@ zero_extendqisi2
 5915              	.LVL462:
2608:Drivers/STM32WBxx_HAL_Driver/Src/stm32wbxx_hal_tim_ex.c **** 
 5916              		.loc 1 2608 1 view .LVU1744
 5917 0004 7047     		bx	lr
 5918              		.cfi_endproc
 5919              	.LFE990:
 5921              		.section	.text.HAL_TIMEx_GetChannelNState,"ax",%progbits
 5922              		.align	1
 5923              		.global	HAL_TIMEx_GetChannelNState
 5924              		.syntax unified
 5925              		.thumb
 5926              		.thumb_func
 5928              	HAL_TIMEx_GetChannelNState:
 5929              	.LVL463:
 5930              	.LFB991:
2621:Drivers/STM32WBxx_HAL_Driver/Src/stm32wbxx_hal_tim_ex.c ****   HAL_TIM_ChannelStateTypeDef channel_state;
 5931              		.loc 1 2621 1 is_stmt 1 view -0
 5932              		.cfi_startproc
 5933              		@ args = 0, pretend = 0, frame = 0
 5934              		@ frame_needed = 0, uses_anonymous_args = 0
 5935              		@ link register save eliminated.
2622:Drivers/STM32WBxx_HAL_Driver/Src/stm32wbxx_hal_tim_ex.c **** 
 5936              		.loc 1 2622 3 view .LVU1746
2625:Drivers/STM32WBxx_HAL_Driver/Src/stm32wbxx_hal_tim_ex.c **** 
 5937              		.loc 1 2625 3 view .LVU1747
2627:Drivers/STM32WBxx_HAL_Driver/Src/stm32wbxx_hal_tim_ex.c **** 
ARM GAS  /var/folders/98/ctz5mtps7w71v8dr53cf5qg40000gn/T//ccO5oMcB.s 			page 183


 5938              		.loc 1 2627 3 view .LVU1748
2627:Drivers/STM32WBxx_HAL_Driver/Src/stm32wbxx_hal_tim_ex.c **** 
 5939              		.loc 1 2627 19 is_stmt 0 view .LVU1749
 5940 0000 19B9     		cbnz	r1, .L491
2627:Drivers/STM32WBxx_HAL_Driver/Src/stm32wbxx_hal_tim_ex.c **** 
 5941              		.loc 1 2627 19 discriminator 1 view .LVU1750
 5942 0002 90F84400 		ldrb	r0, [r0, #68]	@ zero_extendqisi2
 5943              	.LVL464:
2627:Drivers/STM32WBxx_HAL_Driver/Src/stm32wbxx_hal_tim_ex.c **** 
 5944              		.loc 1 2627 19 discriminator 1 view .LVU1751
 5945 0006 C0B2     		uxtb	r0, r0
 5946 0008 7047     		bx	lr
 5947              	.LVL465:
 5948              	.L491:
2627:Drivers/STM32WBxx_HAL_Driver/Src/stm32wbxx_hal_tim_ex.c **** 
 5949              		.loc 1 2627 19 discriminator 2 view .LVU1752
 5950 000a 0429     		cmp	r1, #4
 5951 000c 05D0     		beq	.L495
2627:Drivers/STM32WBxx_HAL_Driver/Src/stm32wbxx_hal_tim_ex.c **** 
 5952              		.loc 1 2627 19 discriminator 5 view .LVU1753
 5953 000e 0829     		cmp	r1, #8
 5954 0010 07D0     		beq	.L496
2627:Drivers/STM32WBxx_HAL_Driver/Src/stm32wbxx_hal_tim_ex.c **** 
 5955              		.loc 1 2627 19 discriminator 8 view .LVU1754
 5956 0012 90F84700 		ldrb	r0, [r0, #71]	@ zero_extendqisi2
 5957              	.LVL466:
2627:Drivers/STM32WBxx_HAL_Driver/Src/stm32wbxx_hal_tim_ex.c **** 
 5958              		.loc 1 2627 19 discriminator 8 view .LVU1755
 5959 0016 C0B2     		uxtb	r0, r0
 5960              	.LVL467:
2629:Drivers/STM32WBxx_HAL_Driver/Src/stm32wbxx_hal_tim_ex.c **** }
 5961              		.loc 1 2629 3 is_stmt 1 view .LVU1756
2630:Drivers/STM32WBxx_HAL_Driver/Src/stm32wbxx_hal_tim_ex.c **** /**
 5962              		.loc 1 2630 1 is_stmt 0 view .LVU1757
 5963 0018 7047     		bx	lr
 5964              	.LVL468:
 5965              	.L495:
2627:Drivers/STM32WBxx_HAL_Driver/Src/stm32wbxx_hal_tim_ex.c **** 
 5966              		.loc 1 2627 19 discriminator 4 view .LVU1758
 5967 001a 90F84500 		ldrb	r0, [r0, #69]	@ zero_extendqisi2
 5968              	.LVL469:
2627:Drivers/STM32WBxx_HAL_Driver/Src/stm32wbxx_hal_tim_ex.c **** 
 5969              		.loc 1 2627 19 discriminator 4 view .LVU1759
 5970 001e C0B2     		uxtb	r0, r0
 5971 0020 7047     		bx	lr
 5972              	.LVL470:
 5973              	.L496:
2627:Drivers/STM32WBxx_HAL_Driver/Src/stm32wbxx_hal_tim_ex.c **** 
 5974              		.loc 1 2627 19 discriminator 7 view .LVU1760
 5975 0022 90F84600 		ldrb	r0, [r0, #70]	@ zero_extendqisi2
 5976              	.LVL471:
2627:Drivers/STM32WBxx_HAL_Driver/Src/stm32wbxx_hal_tim_ex.c **** 
 5977              		.loc 1 2627 19 discriminator 7 view .LVU1761
 5978 0026 C0B2     		uxtb	r0, r0
 5979 0028 7047     		bx	lr
 5980              		.cfi_endproc
 5981              	.LFE991:
ARM GAS  /var/folders/98/ctz5mtps7w71v8dr53cf5qg40000gn/T//ccO5oMcB.s 			page 184


 5983              		.text
 5984              	.Letext0:
 5985              		.file 2 "/Users/yevhenvazhynskyi/Drivers/arm-gnu-toolchain-14.2.rel1-darwin-arm64-arm-none-eabi/ar
 5986              		.file 3 "/Users/yevhenvazhynskyi/Drivers/arm-gnu-toolchain-14.2.rel1-darwin-arm64-arm-none-eabi/ar
 5987              		.file 4 "Drivers/CMSIS/Device/ST/STM32WBxx/Include/stm32wb55xx.h"
 5988              		.file 5 "Drivers/CMSIS/Device/ST/STM32WBxx/Include/stm32wbxx.h"
 5989              		.file 6 "Drivers/STM32WBxx_HAL_Driver/Inc/stm32wbxx_hal_def.h"
 5990              		.file 7 "Drivers/STM32WBxx_HAL_Driver/Inc/stm32wbxx_hal_dma.h"
 5991              		.file 8 "Drivers/STM32WBxx_HAL_Driver/Inc/stm32wbxx_hal_tim.h"
 5992              		.file 9 "Drivers/STM32WBxx_HAL_Driver/Inc/stm32wbxx_hal_tim_ex.h"
 5993              		.file 10 "Drivers/STM32WBxx_HAL_Driver/Inc/stm32wbxx_hal.h"
ARM GAS  /var/folders/98/ctz5mtps7w71v8dr53cf5qg40000gn/T//ccO5oMcB.s 			page 185


DEFINED SYMBOLS
                            *ABS*:00000000 stm32wbxx_hal_tim_ex.c
/var/folders/98/ctz5mtps7w71v8dr53cf5qg40000gn/T//ccO5oMcB.s:21     .text.TIM_CCxNChannelCmd:00000000 $t
/var/folders/98/ctz5mtps7w71v8dr53cf5qg40000gn/T//ccO5oMcB.s:26     .text.TIM_CCxNChannelCmd:00000000 TIM_CCxNChannelCmd
/var/folders/98/ctz5mtps7w71v8dr53cf5qg40000gn/T//ccO5oMcB.s:64     .text.TIM_DMAErrorCCxN:00000000 $t
/var/folders/98/ctz5mtps7w71v8dr53cf5qg40000gn/T//ccO5oMcB.s:69     .text.TIM_DMAErrorCCxN:00000000 TIM_DMAErrorCCxN
/var/folders/98/ctz5mtps7w71v8dr53cf5qg40000gn/T//ccO5oMcB.s:149    .text.TIM_DMADelayPulseNCplt:00000000 $t
/var/folders/98/ctz5mtps7w71v8dr53cf5qg40000gn/T//ccO5oMcB.s:154    .text.TIM_DMADelayPulseNCplt:00000000 TIM_DMADelayPulseNCplt
/var/folders/98/ctz5mtps7w71v8dr53cf5qg40000gn/T//ccO5oMcB.s:253    .text.HAL_TIMEx_HallSensor_MspInit:00000000 $t
/var/folders/98/ctz5mtps7w71v8dr53cf5qg40000gn/T//ccO5oMcB.s:259    .text.HAL_TIMEx_HallSensor_MspInit:00000000 HAL_TIMEx_HallSensor_MspInit
/var/folders/98/ctz5mtps7w71v8dr53cf5qg40000gn/T//ccO5oMcB.s:274    .text.HAL_TIMEx_HallSensor_Init:00000000 $t
/var/folders/98/ctz5mtps7w71v8dr53cf5qg40000gn/T//ccO5oMcB.s:280    .text.HAL_TIMEx_HallSensor_Init:00000000 HAL_TIMEx_HallSensor_Init
/var/folders/98/ctz5mtps7w71v8dr53cf5qg40000gn/T//ccO5oMcB.s:499    .text.HAL_TIMEx_HallSensor_MspDeInit:00000000 $t
/var/folders/98/ctz5mtps7w71v8dr53cf5qg40000gn/T//ccO5oMcB.s:505    .text.HAL_TIMEx_HallSensor_MspDeInit:00000000 HAL_TIMEx_HallSensor_MspDeInit
/var/folders/98/ctz5mtps7w71v8dr53cf5qg40000gn/T//ccO5oMcB.s:520    .text.HAL_TIMEx_HallSensor_DeInit:00000000 $t
/var/folders/98/ctz5mtps7w71v8dr53cf5qg40000gn/T//ccO5oMcB.s:526    .text.HAL_TIMEx_HallSensor_DeInit:00000000 HAL_TIMEx_HallSensor_DeInit
/var/folders/98/ctz5mtps7w71v8dr53cf5qg40000gn/T//ccO5oMcB.s:596    .text.HAL_TIMEx_HallSensor_Start:00000000 $t
/var/folders/98/ctz5mtps7w71v8dr53cf5qg40000gn/T//ccO5oMcB.s:602    .text.HAL_TIMEx_HallSensor_Start:00000000 HAL_TIMEx_HallSensor_Start
/var/folders/98/ctz5mtps7w71v8dr53cf5qg40000gn/T//ccO5oMcB.s:742    .text.HAL_TIMEx_HallSensor_Start:00000094 $d
/var/folders/98/ctz5mtps7w71v8dr53cf5qg40000gn/T//ccO5oMcB.s:748    .text.HAL_TIMEx_HallSensor_Stop:00000000 $t
/var/folders/98/ctz5mtps7w71v8dr53cf5qg40000gn/T//ccO5oMcB.s:754    .text.HAL_TIMEx_HallSensor_Stop:00000000 HAL_TIMEx_HallSensor_Stop
/var/folders/98/ctz5mtps7w71v8dr53cf5qg40000gn/T//ccO5oMcB.s:813    .text.HAL_TIMEx_HallSensor_Start_IT:00000000 $t
/var/folders/98/ctz5mtps7w71v8dr53cf5qg40000gn/T//ccO5oMcB.s:819    .text.HAL_TIMEx_HallSensor_Start_IT:00000000 HAL_TIMEx_HallSensor_Start_IT
/var/folders/98/ctz5mtps7w71v8dr53cf5qg40000gn/T//ccO5oMcB.s:967    .text.HAL_TIMEx_HallSensor_Start_IT:000000a0 $d
/var/folders/98/ctz5mtps7w71v8dr53cf5qg40000gn/T//ccO5oMcB.s:973    .text.HAL_TIMEx_HallSensor_Stop_IT:00000000 $t
/var/folders/98/ctz5mtps7w71v8dr53cf5qg40000gn/T//ccO5oMcB.s:979    .text.HAL_TIMEx_HallSensor_Stop_IT:00000000 HAL_TIMEx_HallSensor_Stop_IT
/var/folders/98/ctz5mtps7w71v8dr53cf5qg40000gn/T//ccO5oMcB.s:1043   .text.HAL_TIMEx_HallSensor_Start_DMA:00000000 $t
/var/folders/98/ctz5mtps7w71v8dr53cf5qg40000gn/T//ccO5oMcB.s:1049   .text.HAL_TIMEx_HallSensor_Start_DMA:00000000 HAL_TIMEx_HallSensor_Start_DMA
/var/folders/98/ctz5mtps7w71v8dr53cf5qg40000gn/T//ccO5oMcB.s:1227   .text.HAL_TIMEx_HallSensor_Start_DMA:000000b4 $d
/var/folders/98/ctz5mtps7w71v8dr53cf5qg40000gn/T//ccO5oMcB.s:1236   .text.HAL_TIMEx_HallSensor_Stop_DMA:00000000 $t
/var/folders/98/ctz5mtps7w71v8dr53cf5qg40000gn/T//ccO5oMcB.s:1242   .text.HAL_TIMEx_HallSensor_Stop_DMA:00000000 HAL_TIMEx_HallSensor_Stop_DMA
/var/folders/98/ctz5mtps7w71v8dr53cf5qg40000gn/T//ccO5oMcB.s:1307   .text.HAL_TIMEx_OCN_Start:00000000 $t
/var/folders/98/ctz5mtps7w71v8dr53cf5qg40000gn/T//ccO5oMcB.s:1313   .text.HAL_TIMEx_OCN_Start:00000000 HAL_TIMEx_OCN_Start
/var/folders/98/ctz5mtps7w71v8dr53cf5qg40000gn/T//ccO5oMcB.s:1479   .text.HAL_TIMEx_OCN_Start:000000c0 $d
/var/folders/98/ctz5mtps7w71v8dr53cf5qg40000gn/T//ccO5oMcB.s:1485   .text.HAL_TIMEx_OCN_Stop:00000000 $t
/var/folders/98/ctz5mtps7w71v8dr53cf5qg40000gn/T//ccO5oMcB.s:1491   .text.HAL_TIMEx_OCN_Stop:00000000 HAL_TIMEx_OCN_Stop
/var/folders/98/ctz5mtps7w71v8dr53cf5qg40000gn/T//ccO5oMcB.s:1588   .text.HAL_TIMEx_OCN_Start_IT:00000000 $t
/var/folders/98/ctz5mtps7w71v8dr53cf5qg40000gn/T//ccO5oMcB.s:1594   .text.HAL_TIMEx_OCN_Start_IT:00000000 HAL_TIMEx_OCN_Start_IT
/var/folders/98/ctz5mtps7w71v8dr53cf5qg40000gn/T//ccO5oMcB.s:1805   .text.HAL_TIMEx_OCN_Start_IT:000000fc $d
/var/folders/98/ctz5mtps7w71v8dr53cf5qg40000gn/T//ccO5oMcB.s:1811   .text.HAL_TIMEx_OCN_Stop_IT:00000000 $t
/var/folders/98/ctz5mtps7w71v8dr53cf5qg40000gn/T//ccO5oMcB.s:1817   .text.HAL_TIMEx_OCN_Stop_IT:00000000 HAL_TIMEx_OCN_Stop_IT
/var/folders/98/ctz5mtps7w71v8dr53cf5qg40000gn/T//ccO5oMcB.s:1983   .text.HAL_TIMEx_OCN_Start_DMA:00000000 $t
/var/folders/98/ctz5mtps7w71v8dr53cf5qg40000gn/T//ccO5oMcB.s:1989   .text.HAL_TIMEx_OCN_Start_DMA:00000000 HAL_TIMEx_OCN_Start_DMA
/var/folders/98/ctz5mtps7w71v8dr53cf5qg40000gn/T//ccO5oMcB.s:2381   .text.HAL_TIMEx_OCN_Start_DMA:000001d0 $d
/var/folders/98/ctz5mtps7w71v8dr53cf5qg40000gn/T//ccO5oMcB.s:2390   .text.HAL_TIMEx_OCN_Stop_DMA:00000000 $t
/var/folders/98/ctz5mtps7w71v8dr53cf5qg40000gn/T//ccO5oMcB.s:2396   .text.HAL_TIMEx_OCN_Stop_DMA:00000000 HAL_TIMEx_OCN_Stop_DMA
/var/folders/98/ctz5mtps7w71v8dr53cf5qg40000gn/T//ccO5oMcB.s:2560   .text.HAL_TIMEx_PWMN_Start:00000000 $t
/var/folders/98/ctz5mtps7w71v8dr53cf5qg40000gn/T//ccO5oMcB.s:2566   .text.HAL_TIMEx_PWMN_Start:00000000 HAL_TIMEx_PWMN_Start
/var/folders/98/ctz5mtps7w71v8dr53cf5qg40000gn/T//ccO5oMcB.s:2732   .text.HAL_TIMEx_PWMN_Start:000000c0 $d
/var/folders/98/ctz5mtps7w71v8dr53cf5qg40000gn/T//ccO5oMcB.s:2738   .text.HAL_TIMEx_PWMN_Stop:00000000 $t
/var/folders/98/ctz5mtps7w71v8dr53cf5qg40000gn/T//ccO5oMcB.s:2744   .text.HAL_TIMEx_PWMN_Stop:00000000 HAL_TIMEx_PWMN_Stop
/var/folders/98/ctz5mtps7w71v8dr53cf5qg40000gn/T//ccO5oMcB.s:2841   .text.HAL_TIMEx_PWMN_Start_IT:00000000 $t
/var/folders/98/ctz5mtps7w71v8dr53cf5qg40000gn/T//ccO5oMcB.s:2847   .text.HAL_TIMEx_PWMN_Start_IT:00000000 HAL_TIMEx_PWMN_Start_IT
/var/folders/98/ctz5mtps7w71v8dr53cf5qg40000gn/T//ccO5oMcB.s:3058   .text.HAL_TIMEx_PWMN_Start_IT:000000fc $d
/var/folders/98/ctz5mtps7w71v8dr53cf5qg40000gn/T//ccO5oMcB.s:3064   .text.HAL_TIMEx_PWMN_Stop_IT:00000000 $t
/var/folders/98/ctz5mtps7w71v8dr53cf5qg40000gn/T//ccO5oMcB.s:3070   .text.HAL_TIMEx_PWMN_Stop_IT:00000000 HAL_TIMEx_PWMN_Stop_IT
/var/folders/98/ctz5mtps7w71v8dr53cf5qg40000gn/T//ccO5oMcB.s:3236   .text.HAL_TIMEx_PWMN_Start_DMA:00000000 $t
ARM GAS  /var/folders/98/ctz5mtps7w71v8dr53cf5qg40000gn/T//ccO5oMcB.s 			page 186


/var/folders/98/ctz5mtps7w71v8dr53cf5qg40000gn/T//ccO5oMcB.s:3242   .text.HAL_TIMEx_PWMN_Start_DMA:00000000 HAL_TIMEx_PWMN_Start_DMA
/var/folders/98/ctz5mtps7w71v8dr53cf5qg40000gn/T//ccO5oMcB.s:3634   .text.HAL_TIMEx_PWMN_Start_DMA:000001d0 $d
/var/folders/98/ctz5mtps7w71v8dr53cf5qg40000gn/T//ccO5oMcB.s:3643   .text.HAL_TIMEx_PWMN_Stop_DMA:00000000 $t
/var/folders/98/ctz5mtps7w71v8dr53cf5qg40000gn/T//ccO5oMcB.s:3649   .text.HAL_TIMEx_PWMN_Stop_DMA:00000000 HAL_TIMEx_PWMN_Stop_DMA
/var/folders/98/ctz5mtps7w71v8dr53cf5qg40000gn/T//ccO5oMcB.s:3813   .text.HAL_TIMEx_OnePulseN_Start:00000000 $t
/var/folders/98/ctz5mtps7w71v8dr53cf5qg40000gn/T//ccO5oMcB.s:3819   .text.HAL_TIMEx_OnePulseN_Start:00000000 HAL_TIMEx_OnePulseN_Start
/var/folders/98/ctz5mtps7w71v8dr53cf5qg40000gn/T//ccO5oMcB.s:3946   .text.HAL_TIMEx_OnePulseN_Stop:00000000 $t
/var/folders/98/ctz5mtps7w71v8dr53cf5qg40000gn/T//ccO5oMcB.s:3952   .text.HAL_TIMEx_OnePulseN_Stop:00000000 HAL_TIMEx_OnePulseN_Stop
/var/folders/98/ctz5mtps7w71v8dr53cf5qg40000gn/T//ccO5oMcB.s:4048   .text.HAL_TIMEx_OnePulseN_Start_IT:00000000 $t
/var/folders/98/ctz5mtps7w71v8dr53cf5qg40000gn/T//ccO5oMcB.s:4054   .text.HAL_TIMEx_OnePulseN_Start_IT:00000000 HAL_TIMEx_OnePulseN_Start_IT
/var/folders/98/ctz5mtps7w71v8dr53cf5qg40000gn/T//ccO5oMcB.s:4191   .text.HAL_TIMEx_OnePulseN_Stop_IT:00000000 $t
/var/folders/98/ctz5mtps7w71v8dr53cf5qg40000gn/T//ccO5oMcB.s:4197   .text.HAL_TIMEx_OnePulseN_Stop_IT:00000000 HAL_TIMEx_OnePulseN_Stop_IT
/var/folders/98/ctz5mtps7w71v8dr53cf5qg40000gn/T//ccO5oMcB.s:4303   .text.HAL_TIMEx_ConfigCommutEvent:00000000 $t
/var/folders/98/ctz5mtps7w71v8dr53cf5qg40000gn/T//ccO5oMcB.s:4309   .text.HAL_TIMEx_ConfigCommutEvent:00000000 HAL_TIMEx_ConfigCommutEvent
/var/folders/98/ctz5mtps7w71v8dr53cf5qg40000gn/T//ccO5oMcB.s:4434   .text.HAL_TIMEx_ConfigCommutEvent_IT:00000000 $t
/var/folders/98/ctz5mtps7w71v8dr53cf5qg40000gn/T//ccO5oMcB.s:4440   .text.HAL_TIMEx_ConfigCommutEvent_IT:00000000 HAL_TIMEx_ConfigCommutEvent_IT
/var/folders/98/ctz5mtps7w71v8dr53cf5qg40000gn/T//ccO5oMcB.s:4565   .text.HAL_TIMEx_ConfigCommutEvent_DMA:00000000 $t
/var/folders/98/ctz5mtps7w71v8dr53cf5qg40000gn/T//ccO5oMcB.s:4571   .text.HAL_TIMEx_ConfigCommutEvent_DMA:00000000 HAL_TIMEx_ConfigCommutEvent_DMA
/var/folders/98/ctz5mtps7w71v8dr53cf5qg40000gn/T//ccO5oMcB.s:4713   .text.HAL_TIMEx_ConfigCommutEvent_DMA:0000008c $d
/var/folders/98/ctz5mtps7w71v8dr53cf5qg40000gn/T//ccO5oMcB.s:5769   .text.TIMEx_DMACommutationCplt:00000000 TIMEx_DMACommutationCplt
/var/folders/98/ctz5mtps7w71v8dr53cf5qg40000gn/T//ccO5oMcB.s:5826   .text.TIMEx_DMACommutationHalfCplt:00000000 TIMEx_DMACommutationHalfCplt
/var/folders/98/ctz5mtps7w71v8dr53cf5qg40000gn/T//ccO5oMcB.s:4720   .text.HAL_TIMEx_MasterConfigSynchronization:00000000 $t
/var/folders/98/ctz5mtps7w71v8dr53cf5qg40000gn/T//ccO5oMcB.s:4726   .text.HAL_TIMEx_MasterConfigSynchronization:00000000 HAL_TIMEx_MasterConfigSynchronization
/var/folders/98/ctz5mtps7w71v8dr53cf5qg40000gn/T//ccO5oMcB.s:4868   .text.HAL_TIMEx_MasterConfigSynchronization:00000064 $d
/var/folders/98/ctz5mtps7w71v8dr53cf5qg40000gn/T//ccO5oMcB.s:4873   .text.HAL_TIMEx_ConfigBreakDeadTime:00000000 $t
/var/folders/98/ctz5mtps7w71v8dr53cf5qg40000gn/T//ccO5oMcB.s:4879   .text.HAL_TIMEx_ConfigBreakDeadTime:00000000 HAL_TIMEx_ConfigBreakDeadTime
/var/folders/98/ctz5mtps7w71v8dr53cf5qg40000gn/T//ccO5oMcB.s:5068   .text.HAL_TIMEx_ConfigBreakDeadTime:00000094 $d
/var/folders/98/ctz5mtps7w71v8dr53cf5qg40000gn/T//ccO5oMcB.s:5073   .text.HAL_TIMEx_ConfigBreakInput:00000000 $t
/var/folders/98/ctz5mtps7w71v8dr53cf5qg40000gn/T//ccO5oMcB.s:5079   .text.HAL_TIMEx_ConfigBreakInput:00000000 HAL_TIMEx_ConfigBreakInput
/var/folders/98/ctz5mtps7w71v8dr53cf5qg40000gn/T//ccO5oMcB.s:5275   .text.HAL_TIMEx_RemapConfig:00000000 $t
/var/folders/98/ctz5mtps7w71v8dr53cf5qg40000gn/T//ccO5oMcB.s:5281   .text.HAL_TIMEx_RemapConfig:00000000 HAL_TIMEx_RemapConfig
/var/folders/98/ctz5mtps7w71v8dr53cf5qg40000gn/T//ccO5oMcB.s:5408   .text.HAL_TIMEx_RemapConfig:00000070 $d
/var/folders/98/ctz5mtps7w71v8dr53cf5qg40000gn/T//ccO5oMcB.s:5413   .text.HAL_TIMEx_GroupChannel5:00000000 $t
/var/folders/98/ctz5mtps7w71v8dr53cf5qg40000gn/T//ccO5oMcB.s:5419   .text.HAL_TIMEx_GroupChannel5:00000000 HAL_TIMEx_GroupChannel5
/var/folders/98/ctz5mtps7w71v8dr53cf5qg40000gn/T//ccO5oMcB.s:5492   .text.HAL_TIMEx_DisarmBreakInput:00000000 $t
/var/folders/98/ctz5mtps7w71v8dr53cf5qg40000gn/T//ccO5oMcB.s:5498   .text.HAL_TIMEx_DisarmBreakInput:00000000 HAL_TIMEx_DisarmBreakInput
/var/folders/98/ctz5mtps7w71v8dr53cf5qg40000gn/T//ccO5oMcB.s:5585   .text.HAL_TIMEx_DisarmBreakInput:00000048 $d
/var/folders/98/ctz5mtps7w71v8dr53cf5qg40000gn/T//ccO5oMcB.s:5591   .text.HAL_TIMEx_ReArmBreakInput:00000000 $t
/var/folders/98/ctz5mtps7w71v8dr53cf5qg40000gn/T//ccO5oMcB.s:5597   .text.HAL_TIMEx_ReArmBreakInput:00000000 HAL_TIMEx_ReArmBreakInput
/var/folders/98/ctz5mtps7w71v8dr53cf5qg40000gn/T//ccO5oMcB.s:5742   .text.HAL_TIMEx_CommutCallback:00000000 $t
/var/folders/98/ctz5mtps7w71v8dr53cf5qg40000gn/T//ccO5oMcB.s:5748   .text.HAL_TIMEx_CommutCallback:00000000 HAL_TIMEx_CommutCallback
/var/folders/98/ctz5mtps7w71v8dr53cf5qg40000gn/T//ccO5oMcB.s:5763   .text.TIMEx_DMACommutationCplt:00000000 $t
/var/folders/98/ctz5mtps7w71v8dr53cf5qg40000gn/T//ccO5oMcB.s:5799   .text.HAL_TIMEx_CommutHalfCpltCallback:00000000 $t
/var/folders/98/ctz5mtps7w71v8dr53cf5qg40000gn/T//ccO5oMcB.s:5805   .text.HAL_TIMEx_CommutHalfCpltCallback:00000000 HAL_TIMEx_CommutHalfCpltCallback
/var/folders/98/ctz5mtps7w71v8dr53cf5qg40000gn/T//ccO5oMcB.s:5820   .text.TIMEx_DMACommutationHalfCplt:00000000 $t
/var/folders/98/ctz5mtps7w71v8dr53cf5qg40000gn/T//ccO5oMcB.s:5856   .text.HAL_TIMEx_BreakCallback:00000000 $t
/var/folders/98/ctz5mtps7w71v8dr53cf5qg40000gn/T//ccO5oMcB.s:5862   .text.HAL_TIMEx_BreakCallback:00000000 HAL_TIMEx_BreakCallback
/var/folders/98/ctz5mtps7w71v8dr53cf5qg40000gn/T//ccO5oMcB.s:5877   .text.HAL_TIMEx_Break2Callback:00000000 $t
/var/folders/98/ctz5mtps7w71v8dr53cf5qg40000gn/T//ccO5oMcB.s:5883   .text.HAL_TIMEx_Break2Callback:00000000 HAL_TIMEx_Break2Callback
/var/folders/98/ctz5mtps7w71v8dr53cf5qg40000gn/T//ccO5oMcB.s:5898   .text.HAL_TIMEx_HallSensor_GetState:00000000 $t
/var/folders/98/ctz5mtps7w71v8dr53cf5qg40000gn/T//ccO5oMcB.s:5904   .text.HAL_TIMEx_HallSensor_GetState:00000000 HAL_TIMEx_HallSensor_GetState
/var/folders/98/ctz5mtps7w71v8dr53cf5qg40000gn/T//ccO5oMcB.s:5922   .text.HAL_TIMEx_GetChannelNState:00000000 $t
/var/folders/98/ctz5mtps7w71v8dr53cf5qg40000gn/T//ccO5oMcB.s:5928   .text.HAL_TIMEx_GetChannelNState:00000000 HAL_TIMEx_GetChannelNState

UNDEFINED SYMBOLS
HAL_TIM_ErrorCallback
HAL_TIM_PWM_PulseFinishedCallback
ARM GAS  /var/folders/98/ctz5mtps7w71v8dr53cf5qg40000gn/T//ccO5oMcB.s 			page 187


TIM_Base_SetConfig
TIM_TI1_SetConfig
TIM_OC2_SetConfig
TIM_CCxChannelCmd
HAL_DMA_Start_IT
TIM_DMACaptureCplt
TIM_DMACaptureHalfCplt
TIM_DMAError
HAL_DMA_Abort_IT
TIM_DMADelayPulseHalfCplt
HAL_GetTick
