ARM GAS  /var/folders/98/ctz5mtps7w71v8dr53cf5qg40000gn/T//ccdzqVkO.s 			page 1


   1              		.cpu cortex-m4
   2              		.arch armv7e-m
   3              		.fpu fpv4-sp-d16
   4              		.eabi_attribute 27, 1
   5              		.eabi_attribute 28, 1
   6              		.eabi_attribute 20, 1
   7              		.eabi_attribute 21, 1
   8              		.eabi_attribute 23, 3
   9              		.eabi_attribute 24, 1
  10              		.eabi_attribute 25, 1
  11              		.eabi_attribute 26, 1
  12              		.eabi_attribute 30, 1
  13              		.eabi_attribute 34, 1
  14              		.eabi_attribute 18, 4
  15              		.file	"stm32wbxx_hal_rcc.c"
  16              		.text
  17              	.Ltext0:
  18              		.cfi_sections	.debug_frame
  19              		.file 1 "Drivers/STM32WBxx_HAL_Driver/Src/stm32wbxx_hal_rcc.c"
  20              		.section	.text.RCC_SetFlashLatency,"ax",%progbits
  21              		.align	1
  22              		.syntax unified
  23              		.thumb
  24              		.thumb_func
  26              	RCC_SetFlashLatency:
  27              	.LVL0:
  28              	.LFB967:
   1:Drivers/STM32WBxx_HAL_Driver/Src/stm32wbxx_hal_rcc.c **** /**
   2:Drivers/STM32WBxx_HAL_Driver/Src/stm32wbxx_hal_rcc.c ****   ******************************************************************************
   3:Drivers/STM32WBxx_HAL_Driver/Src/stm32wbxx_hal_rcc.c ****   * @file    stm32wbxx_hal_rcc.c
   4:Drivers/STM32WBxx_HAL_Driver/Src/stm32wbxx_hal_rcc.c ****   * @author  MCD Application Team
   5:Drivers/STM32WBxx_HAL_Driver/Src/stm32wbxx_hal_rcc.c ****   * @brief   RCC HAL module driver.
   6:Drivers/STM32WBxx_HAL_Driver/Src/stm32wbxx_hal_rcc.c ****   *          This file provides firmware functions to manage the following
   7:Drivers/STM32WBxx_HAL_Driver/Src/stm32wbxx_hal_rcc.c ****   *          functionalities of the Reset and Clock Control (RCC) peripheral:
   8:Drivers/STM32WBxx_HAL_Driver/Src/stm32wbxx_hal_rcc.c ****   *           + Initialization and de-initialization functions
   9:Drivers/STM32WBxx_HAL_Driver/Src/stm32wbxx_hal_rcc.c ****   *           + Peripheral Control functions
  10:Drivers/STM32WBxx_HAL_Driver/Src/stm32wbxx_hal_rcc.c ****   ******************************************************************************
  11:Drivers/STM32WBxx_HAL_Driver/Src/stm32wbxx_hal_rcc.c ****   * @attention
  12:Drivers/STM32WBxx_HAL_Driver/Src/stm32wbxx_hal_rcc.c ****   *
  13:Drivers/STM32WBxx_HAL_Driver/Src/stm32wbxx_hal_rcc.c ****   * Copyright (c) 2019 STMicroelectronics.
  14:Drivers/STM32WBxx_HAL_Driver/Src/stm32wbxx_hal_rcc.c ****   * All rights reserved.
  15:Drivers/STM32WBxx_HAL_Driver/Src/stm32wbxx_hal_rcc.c ****   *
  16:Drivers/STM32WBxx_HAL_Driver/Src/stm32wbxx_hal_rcc.c ****   * This software is licensed under terms that can be found in the LICENSE file
  17:Drivers/STM32WBxx_HAL_Driver/Src/stm32wbxx_hal_rcc.c ****   * in the root directory of this software component.
  18:Drivers/STM32WBxx_HAL_Driver/Src/stm32wbxx_hal_rcc.c ****   * If no LICENSE file comes with this software, it is provided AS-IS.
  19:Drivers/STM32WBxx_HAL_Driver/Src/stm32wbxx_hal_rcc.c ****   *
  20:Drivers/STM32WBxx_HAL_Driver/Src/stm32wbxx_hal_rcc.c ****   ******************************************************************************
  21:Drivers/STM32WBxx_HAL_Driver/Src/stm32wbxx_hal_rcc.c ****   @verbatim
  22:Drivers/STM32WBxx_HAL_Driver/Src/stm32wbxx_hal_rcc.c ****   ==============================================================================
  23:Drivers/STM32WBxx_HAL_Driver/Src/stm32wbxx_hal_rcc.c ****                       ##### RCC specific features #####
  24:Drivers/STM32WBxx_HAL_Driver/Src/stm32wbxx_hal_rcc.c ****   ==============================================================================
  25:Drivers/STM32WBxx_HAL_Driver/Src/stm32wbxx_hal_rcc.c ****     [..]
  26:Drivers/STM32WBxx_HAL_Driver/Src/stm32wbxx_hal_rcc.c ****       After reset the device is running from Multiple Speed Internal oscillator
  27:Drivers/STM32WBxx_HAL_Driver/Src/stm32wbxx_hal_rcc.c ****       (4 MHz) with Flash 0 wait state. Flash prefetch buffer, D-Cache
  28:Drivers/STM32WBxx_HAL_Driver/Src/stm32wbxx_hal_rcc.c ****       and I-Cache are disabled, and all peripherals are off except internal
  29:Drivers/STM32WBxx_HAL_Driver/Src/stm32wbxx_hal_rcc.c ****       SRAM, Flash and JTAG.
  30:Drivers/STM32WBxx_HAL_Driver/Src/stm32wbxx_hal_rcc.c **** 
ARM GAS  /var/folders/98/ctz5mtps7w71v8dr53cf5qg40000gn/T//ccdzqVkO.s 			page 2


  31:Drivers/STM32WBxx_HAL_Driver/Src/stm32wbxx_hal_rcc.c ****       (+) There is no prescaler on High speed (AHBs) and Low speed (APBs) buses:
  32:Drivers/STM32WBxx_HAL_Driver/Src/stm32wbxx_hal_rcc.c ****           all peripherals mapped on these buses are running at MSI speed.
  33:Drivers/STM32WBxx_HAL_Driver/Src/stm32wbxx_hal_rcc.c ****       (+) The clock for all peripherals is switched off, except the SRAM and FLASH.
  34:Drivers/STM32WBxx_HAL_Driver/Src/stm32wbxx_hal_rcc.c ****       (+) All GPIOs are in analog mode, except the JTAG pins which
  35:Drivers/STM32WBxx_HAL_Driver/Src/stm32wbxx_hal_rcc.c ****           are assigned to be used for debug purpose.
  36:Drivers/STM32WBxx_HAL_Driver/Src/stm32wbxx_hal_rcc.c **** 
  37:Drivers/STM32WBxx_HAL_Driver/Src/stm32wbxx_hal_rcc.c ****     [..]
  38:Drivers/STM32WBxx_HAL_Driver/Src/stm32wbxx_hal_rcc.c ****       Once the device started from reset, the user application has to:
  39:Drivers/STM32WBxx_HAL_Driver/Src/stm32wbxx_hal_rcc.c ****       (+) Configure the clock source to be used to drive the System clock
  40:Drivers/STM32WBxx_HAL_Driver/Src/stm32wbxx_hal_rcc.c ****           (if the application needs higher frequency/performance)
  41:Drivers/STM32WBxx_HAL_Driver/Src/stm32wbxx_hal_rcc.c ****       (+) Configure the System clock frequency and Flash settings
  42:Drivers/STM32WBxx_HAL_Driver/Src/stm32wbxx_hal_rcc.c ****       (+) Configure the AHB and APB buses prescalers
  43:Drivers/STM32WBxx_HAL_Driver/Src/stm32wbxx_hal_rcc.c ****       (+) Enable the clock for the peripheral(s) to be used
  44:Drivers/STM32WBxx_HAL_Driver/Src/stm32wbxx_hal_rcc.c ****       (+) Configure the clock source(s) for peripherals which clocks are not
  45:Drivers/STM32WBxx_HAL_Driver/Src/stm32wbxx_hal_rcc.c ****           derived from the System clock (SAI1, RTC, ADC, USB/RNG, USART1, LPUART1, LPTIMx, I2Cx, SM
  46:Drivers/STM32WBxx_HAL_Driver/Src/stm32wbxx_hal_rcc.c **** 
  47:Drivers/STM32WBxx_HAL_Driver/Src/stm32wbxx_hal_rcc.c ****   @endverbatim
  48:Drivers/STM32WBxx_HAL_Driver/Src/stm32wbxx_hal_rcc.c ****   ******************************************************************************
  49:Drivers/STM32WBxx_HAL_Driver/Src/stm32wbxx_hal_rcc.c ****   */
  50:Drivers/STM32WBxx_HAL_Driver/Src/stm32wbxx_hal_rcc.c **** 
  51:Drivers/STM32WBxx_HAL_Driver/Src/stm32wbxx_hal_rcc.c **** /* Includes ------------------------------------------------------------------*/
  52:Drivers/STM32WBxx_HAL_Driver/Src/stm32wbxx_hal_rcc.c **** #include "stm32wbxx_hal.h"
  53:Drivers/STM32WBxx_HAL_Driver/Src/stm32wbxx_hal_rcc.c **** 
  54:Drivers/STM32WBxx_HAL_Driver/Src/stm32wbxx_hal_rcc.c **** /** @addtogroup STM32WBxx_HAL_Driver
  55:Drivers/STM32WBxx_HAL_Driver/Src/stm32wbxx_hal_rcc.c ****   * @{
  56:Drivers/STM32WBxx_HAL_Driver/Src/stm32wbxx_hal_rcc.c ****   */
  57:Drivers/STM32WBxx_HAL_Driver/Src/stm32wbxx_hal_rcc.c **** 
  58:Drivers/STM32WBxx_HAL_Driver/Src/stm32wbxx_hal_rcc.c **** /** @defgroup RCC RCC
  59:Drivers/STM32WBxx_HAL_Driver/Src/stm32wbxx_hal_rcc.c ****   * @brief RCC HAL module driver
  60:Drivers/STM32WBxx_HAL_Driver/Src/stm32wbxx_hal_rcc.c ****   * @{
  61:Drivers/STM32WBxx_HAL_Driver/Src/stm32wbxx_hal_rcc.c ****   */
  62:Drivers/STM32WBxx_HAL_Driver/Src/stm32wbxx_hal_rcc.c **** 
  63:Drivers/STM32WBxx_HAL_Driver/Src/stm32wbxx_hal_rcc.c **** #ifdef HAL_RCC_MODULE_ENABLED
  64:Drivers/STM32WBxx_HAL_Driver/Src/stm32wbxx_hal_rcc.c **** 
  65:Drivers/STM32WBxx_HAL_Driver/Src/stm32wbxx_hal_rcc.c **** /* Private typedef -----------------------------------------------------------*/
  66:Drivers/STM32WBxx_HAL_Driver/Src/stm32wbxx_hal_rcc.c **** /* Private define ------------------------------------------------------------*/
  67:Drivers/STM32WBxx_HAL_Driver/Src/stm32wbxx_hal_rcc.c **** /** @defgroup RCC_Private_Constants RCC Private Constants
  68:Drivers/STM32WBxx_HAL_Driver/Src/stm32wbxx_hal_rcc.c ****   * @{
  69:Drivers/STM32WBxx_HAL_Driver/Src/stm32wbxx_hal_rcc.c ****   */
  70:Drivers/STM32WBxx_HAL_Driver/Src/stm32wbxx_hal_rcc.c **** #define HSE_TIMEOUT_VALUE          HSE_STARTUP_TIMEOUT
  71:Drivers/STM32WBxx_HAL_Driver/Src/stm32wbxx_hal_rcc.c **** #define HSI_TIMEOUT_VALUE          (2U)    /* 2 ms (minimum Tick + 1)   */
  72:Drivers/STM32WBxx_HAL_Driver/Src/stm32wbxx_hal_rcc.c **** #define MSI_TIMEOUT_VALUE          (2U)    /* 2 ms (minimum Tick + 1)   */
  73:Drivers/STM32WBxx_HAL_Driver/Src/stm32wbxx_hal_rcc.c **** #define LSI1_TIMEOUT_VALUE         (2U)    /* 2 ms (minimum Tick + 1)   */
  74:Drivers/STM32WBxx_HAL_Driver/Src/stm32wbxx_hal_rcc.c **** #define LSI2_TIMEOUT_VALUE         (3U)    /* to be adjusted with DS    */
  75:Drivers/STM32WBxx_HAL_Driver/Src/stm32wbxx_hal_rcc.c **** #define HSI48_TIMEOUT_VALUE        (2U)    /* 2 ms (minimum Tick + 1)   */
  76:Drivers/STM32WBxx_HAL_Driver/Src/stm32wbxx_hal_rcc.c **** #define PLL_TIMEOUT_VALUE          (2U)    /* 2 ms (minimum Tick + 1)   */
  77:Drivers/STM32WBxx_HAL_Driver/Src/stm32wbxx_hal_rcc.c **** #if defined(SAI1)
  78:Drivers/STM32WBxx_HAL_Driver/Src/stm32wbxx_hal_rcc.c **** #define PLLSAI1_TIMEOUT_VALUE      (2U)    /* 2 ms (minimum Tick + 1)   */
  79:Drivers/STM32WBxx_HAL_Driver/Src/stm32wbxx_hal_rcc.c **** #endif /* SAI1 */
  80:Drivers/STM32WBxx_HAL_Driver/Src/stm32wbxx_hal_rcc.c **** #define PRESCALER_TIMEOUT_VALUE    (2U)    /* 2 ms (minimum Tick + 1)   */
  81:Drivers/STM32WBxx_HAL_Driver/Src/stm32wbxx_hal_rcc.c **** #define LATENCY_TIMEOUT_VALUE      (2U)    /* 2 ms (minimum Tick + 1)   */
  82:Drivers/STM32WBxx_HAL_Driver/Src/stm32wbxx_hal_rcc.c **** #define CLOCKSWITCH_TIMEOUT_VALUE  (5000U) /* 5 s                       */
  83:Drivers/STM32WBxx_HAL_Driver/Src/stm32wbxx_hal_rcc.c **** 
  84:Drivers/STM32WBxx_HAL_Driver/Src/stm32wbxx_hal_rcc.c **** #define PLLSOURCE_NONE             (0U)
  85:Drivers/STM32WBxx_HAL_Driver/Src/stm32wbxx_hal_rcc.c **** #define MEGA_HZ                    (1000000U) /* Division factor to convert Hz in Mhz */
  86:Drivers/STM32WBxx_HAL_Driver/Src/stm32wbxx_hal_rcc.c **** /**
  87:Drivers/STM32WBxx_HAL_Driver/Src/stm32wbxx_hal_rcc.c ****   * @}
ARM GAS  /var/folders/98/ctz5mtps7w71v8dr53cf5qg40000gn/T//ccdzqVkO.s 			page 3


  88:Drivers/STM32WBxx_HAL_Driver/Src/stm32wbxx_hal_rcc.c ****   */
  89:Drivers/STM32WBxx_HAL_Driver/Src/stm32wbxx_hal_rcc.c **** 
  90:Drivers/STM32WBxx_HAL_Driver/Src/stm32wbxx_hal_rcc.c **** /* Private macro -------------------------------------------------------------*/
  91:Drivers/STM32WBxx_HAL_Driver/Src/stm32wbxx_hal_rcc.c **** /** @defgroup RCC_Private_Macros RCC Private Macros
  92:Drivers/STM32WBxx_HAL_Driver/Src/stm32wbxx_hal_rcc.c ****   * @{
  93:Drivers/STM32WBxx_HAL_Driver/Src/stm32wbxx_hal_rcc.c ****   */
  94:Drivers/STM32WBxx_HAL_Driver/Src/stm32wbxx_hal_rcc.c **** 
  95:Drivers/STM32WBxx_HAL_Driver/Src/stm32wbxx_hal_rcc.c **** #define RCC_GET_MCO_GPIO_PIN(__RCC_MCOx__)   ((__RCC_MCOx__) & GPIO_PIN_MASK)
  96:Drivers/STM32WBxx_HAL_Driver/Src/stm32wbxx_hal_rcc.c **** 
  97:Drivers/STM32WBxx_HAL_Driver/Src/stm32wbxx_hal_rcc.c **** #define RCC_GET_MCO_GPIO_AF(__RCC_MCOx__)    (((__RCC_MCOx__) & RCC_MCO_GPIOAF_MASK) >> RCC_MCO_GPI
  98:Drivers/STM32WBxx_HAL_Driver/Src/stm32wbxx_hal_rcc.c **** 
  99:Drivers/STM32WBxx_HAL_Driver/Src/stm32wbxx_hal_rcc.c **** #define RCC_GET_MCO_GPIO_INDEX(__RCC_MCOx__) (((__RCC_MCOx__) & RCC_MCO_GPIOPORT_MASK) >> RCC_MCO_G
 100:Drivers/STM32WBxx_HAL_Driver/Src/stm32wbxx_hal_rcc.c **** 
 101:Drivers/STM32WBxx_HAL_Driver/Src/stm32wbxx_hal_rcc.c **** #define RCC_GET_MCO_GPIO_PORT(__RCC_MCOx__)  (IOPORT_BASE + ((0x00000400UL) * RCC_GET_MCO_GPIO_INDE
 102:Drivers/STM32WBxx_HAL_Driver/Src/stm32wbxx_hal_rcc.c **** 
 103:Drivers/STM32WBxx_HAL_Driver/Src/stm32wbxx_hal_rcc.c **** #define RCC_PLL_OSCSOURCE_CONFIG(__HAL_RCC_PLLSOURCE__) \
 104:Drivers/STM32WBxx_HAL_Driver/Src/stm32wbxx_hal_rcc.c ****   (MODIFY_REG(RCC->PLLCFGR, RCC_PLLCFGR_PLLSRC, (uint32_t)(__HAL_RCC_PLLSOURCE__)))
 105:Drivers/STM32WBxx_HAL_Driver/Src/stm32wbxx_hal_rcc.c **** 
 106:Drivers/STM32WBxx_HAL_Driver/Src/stm32wbxx_hal_rcc.c **** #define __COUNTOF(_A_)   (sizeof(_A_) / sizeof(*(_A_)))
 107:Drivers/STM32WBxx_HAL_Driver/Src/stm32wbxx_hal_rcc.c **** /**
 108:Drivers/STM32WBxx_HAL_Driver/Src/stm32wbxx_hal_rcc.c ****   * @}
 109:Drivers/STM32WBxx_HAL_Driver/Src/stm32wbxx_hal_rcc.c ****   */
 110:Drivers/STM32WBxx_HAL_Driver/Src/stm32wbxx_hal_rcc.c **** 
 111:Drivers/STM32WBxx_HAL_Driver/Src/stm32wbxx_hal_rcc.c **** /* Private variables ---------------------------------------------------------*/
 112:Drivers/STM32WBxx_HAL_Driver/Src/stm32wbxx_hal_rcc.c **** /** @defgroup RCC_Private_Variables RCC Private Variables
 113:Drivers/STM32WBxx_HAL_Driver/Src/stm32wbxx_hal_rcc.c ****   * @{
 114:Drivers/STM32WBxx_HAL_Driver/Src/stm32wbxx_hal_rcc.c ****   */
 115:Drivers/STM32WBxx_HAL_Driver/Src/stm32wbxx_hal_rcc.c **** 
 116:Drivers/STM32WBxx_HAL_Driver/Src/stm32wbxx_hal_rcc.c **** 
 117:Drivers/STM32WBxx_HAL_Driver/Src/stm32wbxx_hal_rcc.c **** /**
 118:Drivers/STM32WBxx_HAL_Driver/Src/stm32wbxx_hal_rcc.c ****   * @}
 119:Drivers/STM32WBxx_HAL_Driver/Src/stm32wbxx_hal_rcc.c ****   */
 120:Drivers/STM32WBxx_HAL_Driver/Src/stm32wbxx_hal_rcc.c **** 
 121:Drivers/STM32WBxx_HAL_Driver/Src/stm32wbxx_hal_rcc.c **** /* Private function prototypes -----------------------------------------------*/
 122:Drivers/STM32WBxx_HAL_Driver/Src/stm32wbxx_hal_rcc.c **** /** @defgroup RCC_Private_Functions RCC Private Functions
 123:Drivers/STM32WBxx_HAL_Driver/Src/stm32wbxx_hal_rcc.c ****   * @{
 124:Drivers/STM32WBxx_HAL_Driver/Src/stm32wbxx_hal_rcc.c ****   */
 125:Drivers/STM32WBxx_HAL_Driver/Src/stm32wbxx_hal_rcc.c **** static HAL_StatusTypeDef RCC_SetFlashLatencyFromMSIRange(uint32_t MSI_Range);
 126:Drivers/STM32WBxx_HAL_Driver/Src/stm32wbxx_hal_rcc.c **** static HAL_StatusTypeDef RCC_SetFlashLatency(uint32_t Flash_ClkSrcFreq, uint32_t VCORE_Voltage);
 127:Drivers/STM32WBxx_HAL_Driver/Src/stm32wbxx_hal_rcc.c **** /**
 128:Drivers/STM32WBxx_HAL_Driver/Src/stm32wbxx_hal_rcc.c ****   * @}
 129:Drivers/STM32WBxx_HAL_Driver/Src/stm32wbxx_hal_rcc.c ****   */
 130:Drivers/STM32WBxx_HAL_Driver/Src/stm32wbxx_hal_rcc.c **** 
 131:Drivers/STM32WBxx_HAL_Driver/Src/stm32wbxx_hal_rcc.c **** /* Exported functions --------------------------------------------------------*/
 132:Drivers/STM32WBxx_HAL_Driver/Src/stm32wbxx_hal_rcc.c **** 
 133:Drivers/STM32WBxx_HAL_Driver/Src/stm32wbxx_hal_rcc.c **** /** @defgroup RCC_Exported_Functions RCC Exported Functions
 134:Drivers/STM32WBxx_HAL_Driver/Src/stm32wbxx_hal_rcc.c ****   * @{
 135:Drivers/STM32WBxx_HAL_Driver/Src/stm32wbxx_hal_rcc.c ****   */
 136:Drivers/STM32WBxx_HAL_Driver/Src/stm32wbxx_hal_rcc.c **** 
 137:Drivers/STM32WBxx_HAL_Driver/Src/stm32wbxx_hal_rcc.c **** /** @defgroup RCC_Exported_Functions_Group1 Initialization and de-initialization functions
 138:Drivers/STM32WBxx_HAL_Driver/Src/stm32wbxx_hal_rcc.c ****   *  @brief    Initialization and Configuration functions
 139:Drivers/STM32WBxx_HAL_Driver/Src/stm32wbxx_hal_rcc.c ****   *
 140:Drivers/STM32WBxx_HAL_Driver/Src/stm32wbxx_hal_rcc.c ****   @verbatim
 141:Drivers/STM32WBxx_HAL_Driver/Src/stm32wbxx_hal_rcc.c ****  ===============================================================================
 142:Drivers/STM32WBxx_HAL_Driver/Src/stm32wbxx_hal_rcc.c ****            ##### Initialization and de-initialization functions #####
 143:Drivers/STM32WBxx_HAL_Driver/Src/stm32wbxx_hal_rcc.c ****  ===============================================================================
 144:Drivers/STM32WBxx_HAL_Driver/Src/stm32wbxx_hal_rcc.c ****     [..]
ARM GAS  /var/folders/98/ctz5mtps7w71v8dr53cf5qg40000gn/T//ccdzqVkO.s 			page 4


 145:Drivers/STM32WBxx_HAL_Driver/Src/stm32wbxx_hal_rcc.c ****       This section provides functions allowing to configure the internal and external oscillators
 146:Drivers/STM32WBxx_HAL_Driver/Src/stm32wbxx_hal_rcc.c ****       (HSE, HSI, LSE, MSI, LSI1, LSI2, PLL, CSS and MCO) and the System buses clocks (SYSCLK, HCLK1
 147:Drivers/STM32WBxx_HAL_Driver/Src/stm32wbxx_hal_rcc.c ****        and PCLK2).
 148:Drivers/STM32WBxx_HAL_Driver/Src/stm32wbxx_hal_rcc.c **** 
 149:Drivers/STM32WBxx_HAL_Driver/Src/stm32wbxx_hal_rcc.c ****     [..] Internal/external clock and PLL configuration
 150:Drivers/STM32WBxx_HAL_Driver/Src/stm32wbxx_hal_rcc.c ****          (+) HSI (high-speed internal): 16 MHz factory-trimmed RC used directly or through
 151:Drivers/STM32WBxx_HAL_Driver/Src/stm32wbxx_hal_rcc.c ****              the PLL as System clock source.
 152:Drivers/STM32WBxx_HAL_Driver/Src/stm32wbxx_hal_rcc.c **** 
 153:Drivers/STM32WBxx_HAL_Driver/Src/stm32wbxx_hal_rcc.c ****          (+) MSI (Multiple Speed Internal): Its frequency is software trimmable from 100KHZ to 48MH
 154:Drivers/STM32WBxx_HAL_Driver/Src/stm32wbxx_hal_rcc.c ****              It can be used to generate the clock for the USB FS (48 MHz).
 155:Drivers/STM32WBxx_HAL_Driver/Src/stm32wbxx_hal_rcc.c ****              The number of flash wait states is automatically adjusted when MSI range is updated wi
 156:Drivers/STM32WBxx_HAL_Driver/Src/stm32wbxx_hal_rcc.c ****              HAL_RCC_OscConfig() and the MSI is used as System clock source.
 157:Drivers/STM32WBxx_HAL_Driver/Src/stm32wbxx_hal_rcc.c **** 
 158:Drivers/STM32WBxx_HAL_Driver/Src/stm32wbxx_hal_rcc.c ****          (+) LSI1/LSI2 (low-speed internal): 32 KHz low consumption RC used as IWDG and/or RTC
 159:Drivers/STM32WBxx_HAL_Driver/Src/stm32wbxx_hal_rcc.c ****              clock source.
 160:Drivers/STM32WBxx_HAL_Driver/Src/stm32wbxx_hal_rcc.c **** 
 161:Drivers/STM32WBxx_HAL_Driver/Src/stm32wbxx_hal_rcc.c ****          (+) HSE (high-speed external): 32 MHz crystal oscillator used directly or
 162:Drivers/STM32WBxx_HAL_Driver/Src/stm32wbxx_hal_rcc.c ****              through the PLL as System clock source. Can be used also optionally as RTC clock sourc
 163:Drivers/STM32WBxx_HAL_Driver/Src/stm32wbxx_hal_rcc.c **** 
 164:Drivers/STM32WBxx_HAL_Driver/Src/stm32wbxx_hal_rcc.c ****          (+) LSE (low-speed external): 32.768 KHz oscillator used optionally as RTC clock source
 165:Drivers/STM32WBxx_HAL_Driver/Src/stm32wbxx_hal_rcc.c ****              or the RF system Auto-wakeup from Stop and Standby modes.
 166:Drivers/STM32WBxx_HAL_Driver/Src/stm32wbxx_hal_rcc.c **** 
 167:Drivers/STM32WBxx_HAL_Driver/Src/stm32wbxx_hal_rcc.c ****          (+) PLL (clocked by HSI, HSE or MSI) providing up to three independent output clocks:
 168:Drivers/STM32WBxx_HAL_Driver/Src/stm32wbxx_hal_rcc.c ****            (++) The first output is used to generate the high speed system clock (up to 64MHz).
 169:Drivers/STM32WBxx_HAL_Driver/Src/stm32wbxx_hal_rcc.c ****            (++) The second output is used to generate the clock for the USB FS (48 MHz),
 170:Drivers/STM32WBxx_HAL_Driver/Src/stm32wbxx_hal_rcc.c ****                 the random analog generator (<=48 MHz)
 171:Drivers/STM32WBxx_HAL_Driver/Src/stm32wbxx_hal_rcc.c ****            (++) The third output is used to generate an accurate clock to achieve
 172:Drivers/STM32WBxx_HAL_Driver/Src/stm32wbxx_hal_rcc.c ****                 high-quality audio performance on SAI interface.
 173:Drivers/STM32WBxx_HAL_Driver/Src/stm32wbxx_hal_rcc.c **** 
 174:Drivers/STM32WBxx_HAL_Driver/Src/stm32wbxx_hal_rcc.c ****          (+) PLLSAI1 (clocked by HSI, HSE or MSI) providing up to three independent output clocks:
 175:Drivers/STM32WBxx_HAL_Driver/Src/stm32wbxx_hal_rcc.c ****            (++) The first output is used to generate SAR ADC clock.
 176:Drivers/STM32WBxx_HAL_Driver/Src/stm32wbxx_hal_rcc.c ****            (++) The second output is used to generate the clock for the USB FS (48 MHz),
 177:Drivers/STM32WBxx_HAL_Driver/Src/stm32wbxx_hal_rcc.c ****                 the random analog generator (<=48 MHz).
 178:Drivers/STM32WBxx_HAL_Driver/Src/stm32wbxx_hal_rcc.c ****            (++) The Third output is used to generate an accurate clock to achieve
 179:Drivers/STM32WBxx_HAL_Driver/Src/stm32wbxx_hal_rcc.c ****                 high-quality audio performance on SAI interface.
 180:Drivers/STM32WBxx_HAL_Driver/Src/stm32wbxx_hal_rcc.c **** 
 181:Drivers/STM32WBxx_HAL_Driver/Src/stm32wbxx_hal_rcc.c **** 
 182:Drivers/STM32WBxx_HAL_Driver/Src/stm32wbxx_hal_rcc.c ****          (+) CSS (Clock security system): once enabled, if a HSE clock failure occurs
 183:Drivers/STM32WBxx_HAL_Driver/Src/stm32wbxx_hal_rcc.c ****             (HSE used directly or through PLL as System clock source), the System clock
 184:Drivers/STM32WBxx_HAL_Driver/Src/stm32wbxx_hal_rcc.c ****              is automatically switched to MSI or the HSI oscillator (depending on the
 185:Drivers/STM32WBxx_HAL_Driver/Src/stm32wbxx_hal_rcc.c ****              STOPWUCK configuration) and an interrupt is generated if enabled.
 186:Drivers/STM32WBxx_HAL_Driver/Src/stm32wbxx_hal_rcc.c ****              The interrupt is linked to the CPU1 and CPU2 NMI (Non-Maskable Interrupt) exception ve
 187:Drivers/STM32WBxx_HAL_Driver/Src/stm32wbxx_hal_rcc.c **** 
 188:Drivers/STM32WBxx_HAL_Driver/Src/stm32wbxx_hal_rcc.c ****          (+) LSECSS: once enabled, if a LSE clock failure occurs, the LSE
 189:Drivers/STM32WBxx_HAL_Driver/Src/stm32wbxx_hal_rcc.c ****              clock is no longer supplied to the RTC but no hardware action is made to the registers
 190:Drivers/STM32WBxx_HAL_Driver/Src/stm32wbxx_hal_rcc.c ****              MSI was in PLL-mode, this mode is disabled.
 191:Drivers/STM32WBxx_HAL_Driver/Src/stm32wbxx_hal_rcc.c ****              In Standby mode a wakeup is generated. In other modes an interrupt can be sent to wake
 192:Drivers/STM32WBxx_HAL_Driver/Src/stm32wbxx_hal_rcc.c ****              the software
 193:Drivers/STM32WBxx_HAL_Driver/Src/stm32wbxx_hal_rcc.c **** 
 194:Drivers/STM32WBxx_HAL_Driver/Src/stm32wbxx_hal_rcc.c ****          (+) MCO (microcontroller clock output): used to output MSI, LSI1, LSI2, HSI, LSE, HSE (bef
 195:Drivers/STM32WBxx_HAL_Driver/Src/stm32wbxx_hal_rcc.c ****              after stabilization), SYSCLK, HSI48 or main PLL clock (through a configurable prescale
 196:Drivers/STM32WBxx_HAL_Driver/Src/stm32wbxx_hal_rcc.c ****              on PA8, PB6 & PA15 pins.
 197:Drivers/STM32WBxx_HAL_Driver/Src/stm32wbxx_hal_rcc.c **** 
 198:Drivers/STM32WBxx_HAL_Driver/Src/stm32wbxx_hal_rcc.c ****     [..] System, AHB and APB buses clocks configuration
 199:Drivers/STM32WBxx_HAL_Driver/Src/stm32wbxx_hal_rcc.c ****          (+) Several clock sources can be used to drive the System clock (SYSCLK): MSI, HSI,
 200:Drivers/STM32WBxx_HAL_Driver/Src/stm32wbxx_hal_rcc.c ****              HSE and main PLL.
 201:Drivers/STM32WBxx_HAL_Driver/Src/stm32wbxx_hal_rcc.c ****              The AHB clock (HCLK1) is derived from System clock through configurable
ARM GAS  /var/folders/98/ctz5mtps7w71v8dr53cf5qg40000gn/T//ccdzqVkO.s 			page 5


 202:Drivers/STM32WBxx_HAL_Driver/Src/stm32wbxx_hal_rcc.c ****              prescaler and used to clock the CPU, memory and peripherals mapped
 203:Drivers/STM32WBxx_HAL_Driver/Src/stm32wbxx_hal_rcc.c ****              on AHB bus (DMA, GPIO...). APB1 (PCLK1) and APB2 (PCLK2) clocks are derived
 204:Drivers/STM32WBxx_HAL_Driver/Src/stm32wbxx_hal_rcc.c ****              from AHB clock through configurable prescalers and used to clock
 205:Drivers/STM32WBxx_HAL_Driver/Src/stm32wbxx_hal_rcc.c ****              the peripherals mapped on these buses. You can use
 206:Drivers/STM32WBxx_HAL_Driver/Src/stm32wbxx_hal_rcc.c ****              HAL_RCC_GetSysClockFreq() function to retrieve the frequencies of these clocks.
 207:Drivers/STM32WBxx_HAL_Driver/Src/stm32wbxx_hal_rcc.c ****              The AHB4 clock (HCLK4) is derived from System clock through configurable
 208:Drivers/STM32WBxx_HAL_Driver/Src/stm32wbxx_hal_rcc.c ****              prescaler and used to clock the FLASH
 209:Drivers/STM32WBxx_HAL_Driver/Src/stm32wbxx_hal_rcc.c **** 
 210:Drivers/STM32WBxx_HAL_Driver/Src/stm32wbxx_hal_rcc.c ****          -@- All the peripheral clocks are derived from the System clock (SYSCLK) except:
 211:Drivers/STM32WBxx_HAL_Driver/Src/stm32wbxx_hal_rcc.c **** 
 212:Drivers/STM32WBxx_HAL_Driver/Src/stm32wbxx_hal_rcc.c ****            (+@) SAI: the SAI clock can be derived either from a specific PLL (PLLSAI1) or (PLLSYS) 
 213:Drivers/STM32WBxx_HAL_Driver/Src/stm32wbxx_hal_rcc.c ****                 from an external clock mapped on the SAI_CKIN pin.
 214:Drivers/STM32WBxx_HAL_Driver/Src/stm32wbxx_hal_rcc.c ****                 You have to use HAL_RCCEx_PeriphCLKConfig() function to configure this clock.
 215:Drivers/STM32WBxx_HAL_Driver/Src/stm32wbxx_hal_rcc.c ****            (+@) RTC: the RTC clock can be derived either from the LSI, LSE or HSE clock
 216:Drivers/STM32WBxx_HAL_Driver/Src/stm32wbxx_hal_rcc.c ****                 divided by 32.
 217:Drivers/STM32WBxx_HAL_Driver/Src/stm32wbxx_hal_rcc.c ****                 You have to use __HAL_RCC_RTC_ENABLE() and HAL_RCCEx_PeriphCLKConfig() function
 218:Drivers/STM32WBxx_HAL_Driver/Src/stm32wbxx_hal_rcc.c ****                 to configure this clock.
 219:Drivers/STM32WBxx_HAL_Driver/Src/stm32wbxx_hal_rcc.c ****            (+@) USB FS and RNG: USB FS requires a frequency equal to 48 MHz
 220:Drivers/STM32WBxx_HAL_Driver/Src/stm32wbxx_hal_rcc.c ****                 to work correctly, while RNG peripherals requires a frequency
 221:Drivers/STM32WBxx_HAL_Driver/Src/stm32wbxx_hal_rcc.c ****                 equal or lower than to 48 MHz. This clock is derived of the main PLL or PLLSAI1
 222:Drivers/STM32WBxx_HAL_Driver/Src/stm32wbxx_hal_rcc.c ****                 through PLLQ divider. You have to enable the peripheral clock and use
 223:Drivers/STM32WBxx_HAL_Driver/Src/stm32wbxx_hal_rcc.c ****                 HAL_RCCEx_PeriphCLKConfig() function to configure this clock.
 224:Drivers/STM32WBxx_HAL_Driver/Src/stm32wbxx_hal_rcc.c ****            (+@) IWDG clock which is always the LSI clock.
 225:Drivers/STM32WBxx_HAL_Driver/Src/stm32wbxx_hal_rcc.c **** 
 226:Drivers/STM32WBxx_HAL_Driver/Src/stm32wbxx_hal_rcc.c **** 
 227:Drivers/STM32WBxx_HAL_Driver/Src/stm32wbxx_hal_rcc.c ****          (+) The maximum frequency of the SYSCLK, HCLK1, HCLK4, PCLK1 and PCLK2 is 64 MHz.
 228:Drivers/STM32WBxx_HAL_Driver/Src/stm32wbxx_hal_rcc.c ****              The maximum frequency of the HCLK2 is 32 MHz.
 229:Drivers/STM32WBxx_HAL_Driver/Src/stm32wbxx_hal_rcc.c ****              The clock source frequency should be adapted depending on the device voltage range
 230:Drivers/STM32WBxx_HAL_Driver/Src/stm32wbxx_hal_rcc.c ****              as listed in the Reference Manual "Clock source frequency versus voltage scaling" chap
 231:Drivers/STM32WBxx_HAL_Driver/Src/stm32wbxx_hal_rcc.c **** 
 232:Drivers/STM32WBxx_HAL_Driver/Src/stm32wbxx_hal_rcc.c ****   @endverbatim
 233:Drivers/STM32WBxx_HAL_Driver/Src/stm32wbxx_hal_rcc.c **** 
 234:Drivers/STM32WBxx_HAL_Driver/Src/stm32wbxx_hal_rcc.c ****            Table 1. HCLK4 clock frequency.
 235:Drivers/STM32WBxx_HAL_Driver/Src/stm32wbxx_hal_rcc.c ****            +-------------------------------------------------------+
 236:Drivers/STM32WBxx_HAL_Driver/Src/stm32wbxx_hal_rcc.c ****            | Latency         |    HCLK4 clock frequency (MHz)      |
 237:Drivers/STM32WBxx_HAL_Driver/Src/stm32wbxx_hal_rcc.c ****            |                 |-------------------------------------|
 238:Drivers/STM32WBxx_HAL_Driver/Src/stm32wbxx_hal_rcc.c ****            |                 | voltage range 1  | voltage range 2  |
 239:Drivers/STM32WBxx_HAL_Driver/Src/stm32wbxx_hal_rcc.c ****            |                 |      1.2 V       |     1.0 V        |
 240:Drivers/STM32WBxx_HAL_Driver/Src/stm32wbxx_hal_rcc.c ****            |-----------------|------------------|------------------|
 241:Drivers/STM32WBxx_HAL_Driver/Src/stm32wbxx_hal_rcc.c ****            |0WS(1 CPU cycles)|   HCLK4 <= 18    |   HCLK4 <= 6     |
 242:Drivers/STM32WBxx_HAL_Driver/Src/stm32wbxx_hal_rcc.c ****            |-----------------|------------------|------------------|
 243:Drivers/STM32WBxx_HAL_Driver/Src/stm32wbxx_hal_rcc.c ****            |1WS(2 CPU cycles)|   HCLK4 <= 36    |   HCLK4 <= 12    |
 244:Drivers/STM32WBxx_HAL_Driver/Src/stm32wbxx_hal_rcc.c ****            |-----------------|------------------|------------------|
 245:Drivers/STM32WBxx_HAL_Driver/Src/stm32wbxx_hal_rcc.c ****            |2WS(3 CPU cycles)|   HCLK4 <= 54    |   HCLK4 <= 16    |
 246:Drivers/STM32WBxx_HAL_Driver/Src/stm32wbxx_hal_rcc.c ****            |-----------------|------------------|------------------|
 247:Drivers/STM32WBxx_HAL_Driver/Src/stm32wbxx_hal_rcc.c ****            |3WS(4 CPU cycles)|   HCLK4 <= 64    |   HCLK4 <= n.a.  |
 248:Drivers/STM32WBxx_HAL_Driver/Src/stm32wbxx_hal_rcc.c ****            |-----------------|------------------|------------------|
 249:Drivers/STM32WBxx_HAL_Driver/Src/stm32wbxx_hal_rcc.c **** 
 250:Drivers/STM32WBxx_HAL_Driver/Src/stm32wbxx_hal_rcc.c ****   * @{
 251:Drivers/STM32WBxx_HAL_Driver/Src/stm32wbxx_hal_rcc.c ****   */
 252:Drivers/STM32WBxx_HAL_Driver/Src/stm32wbxx_hal_rcc.c **** 
 253:Drivers/STM32WBxx_HAL_Driver/Src/stm32wbxx_hal_rcc.c **** /**
 254:Drivers/STM32WBxx_HAL_Driver/Src/stm32wbxx_hal_rcc.c ****   * @brief  Reset the RCC clock configuration to the default reset state.
 255:Drivers/STM32WBxx_HAL_Driver/Src/stm32wbxx_hal_rcc.c ****   * @note   The default reset state of the clock configuration is given below:
 256:Drivers/STM32WBxx_HAL_Driver/Src/stm32wbxx_hal_rcc.c ****   *           - MSI ON and used as system clock source
 257:Drivers/STM32WBxx_HAL_Driver/Src/stm32wbxx_hal_rcc.c ****   *           - HSE, HSI, PLL, PLLSAI1
 258:Drivers/STM32WBxx_HAL_Driver/Src/stm32wbxx_hal_rcc.c ****   *           - HCLK1, HCLK2, HCLK4, PCLK1 and PCLK2 prescalers set to 1.
ARM GAS  /var/folders/98/ctz5mtps7w71v8dr53cf5qg40000gn/T//ccdzqVkO.s 			page 6


 259:Drivers/STM32WBxx_HAL_Driver/Src/stm32wbxx_hal_rcc.c ****   *           - CSS, MCO OFF
 260:Drivers/STM32WBxx_HAL_Driver/Src/stm32wbxx_hal_rcc.c ****   *           - All interrupts disabled
 261:Drivers/STM32WBxx_HAL_Driver/Src/stm32wbxx_hal_rcc.c ****   * @note   This function doesn't modify the configuration of the
 262:Drivers/STM32WBxx_HAL_Driver/Src/stm32wbxx_hal_rcc.c ****   *           - Peripheral clocks
 263:Drivers/STM32WBxx_HAL_Driver/Src/stm32wbxx_hal_rcc.c ****   *           - LSI, LSE and RTC clocks
 264:Drivers/STM32WBxx_HAL_Driver/Src/stm32wbxx_hal_rcc.c ****   * @retval HAL status
 265:Drivers/STM32WBxx_HAL_Driver/Src/stm32wbxx_hal_rcc.c ****   */
 266:Drivers/STM32WBxx_HAL_Driver/Src/stm32wbxx_hal_rcc.c **** HAL_StatusTypeDef HAL_RCC_DeInit(void)
 267:Drivers/STM32WBxx_HAL_Driver/Src/stm32wbxx_hal_rcc.c **** {
 268:Drivers/STM32WBxx_HAL_Driver/Src/stm32wbxx_hal_rcc.c ****   uint32_t tickstart;
 269:Drivers/STM32WBxx_HAL_Driver/Src/stm32wbxx_hal_rcc.c **** 
 270:Drivers/STM32WBxx_HAL_Driver/Src/stm32wbxx_hal_rcc.c ****   /* Get Start Tick*/
 271:Drivers/STM32WBxx_HAL_Driver/Src/stm32wbxx_hal_rcc.c ****   tickstart = HAL_GetTick();
 272:Drivers/STM32WBxx_HAL_Driver/Src/stm32wbxx_hal_rcc.c **** 
 273:Drivers/STM32WBxx_HAL_Driver/Src/stm32wbxx_hal_rcc.c ****   /* MSI PLL OFF */
 274:Drivers/STM32WBxx_HAL_Driver/Src/stm32wbxx_hal_rcc.c ****   LL_RCC_MSI_DisablePLLMode();
 275:Drivers/STM32WBxx_HAL_Driver/Src/stm32wbxx_hal_rcc.c **** 
 276:Drivers/STM32WBxx_HAL_Driver/Src/stm32wbxx_hal_rcc.c ****   /* Set MSION bit */
 277:Drivers/STM32WBxx_HAL_Driver/Src/stm32wbxx_hal_rcc.c ****   LL_RCC_MSI_Enable();
 278:Drivers/STM32WBxx_HAL_Driver/Src/stm32wbxx_hal_rcc.c **** 
 279:Drivers/STM32WBxx_HAL_Driver/Src/stm32wbxx_hal_rcc.c ****   /* Wait till MSI is ready */
 280:Drivers/STM32WBxx_HAL_Driver/Src/stm32wbxx_hal_rcc.c ****   while (LL_RCC_MSI_IsReady() == 0U)
 281:Drivers/STM32WBxx_HAL_Driver/Src/stm32wbxx_hal_rcc.c ****   {
 282:Drivers/STM32WBxx_HAL_Driver/Src/stm32wbxx_hal_rcc.c ****     if ((HAL_GetTick() - tickstart) > MSI_TIMEOUT_VALUE)
 283:Drivers/STM32WBxx_HAL_Driver/Src/stm32wbxx_hal_rcc.c ****     {
 284:Drivers/STM32WBxx_HAL_Driver/Src/stm32wbxx_hal_rcc.c ****       return HAL_TIMEOUT;
 285:Drivers/STM32WBxx_HAL_Driver/Src/stm32wbxx_hal_rcc.c ****     }
 286:Drivers/STM32WBxx_HAL_Driver/Src/stm32wbxx_hal_rcc.c ****   }
 287:Drivers/STM32WBxx_HAL_Driver/Src/stm32wbxx_hal_rcc.c **** 
 288:Drivers/STM32WBxx_HAL_Driver/Src/stm32wbxx_hal_rcc.c ****   /* Set MSIRANGE default value */
 289:Drivers/STM32WBxx_HAL_Driver/Src/stm32wbxx_hal_rcc.c ****   LL_RCC_MSI_SetRange(LL_RCC_MSIRANGE_6);
 290:Drivers/STM32WBxx_HAL_Driver/Src/stm32wbxx_hal_rcc.c **** 
 291:Drivers/STM32WBxx_HAL_Driver/Src/stm32wbxx_hal_rcc.c ****   /* Set MSITRIM bits to the reset value*/
 292:Drivers/STM32WBxx_HAL_Driver/Src/stm32wbxx_hal_rcc.c ****   LL_RCC_MSI_SetCalibTrimming(0);
 293:Drivers/STM32WBxx_HAL_Driver/Src/stm32wbxx_hal_rcc.c **** 
 294:Drivers/STM32WBxx_HAL_Driver/Src/stm32wbxx_hal_rcc.c ****   /* Set HSITRIM bits to the reset value*/
 295:Drivers/STM32WBxx_HAL_Driver/Src/stm32wbxx_hal_rcc.c ****   LL_RCC_HSI_SetCalibTrimming(0x40U);
 296:Drivers/STM32WBxx_HAL_Driver/Src/stm32wbxx_hal_rcc.c **** 
 297:Drivers/STM32WBxx_HAL_Driver/Src/stm32wbxx_hal_rcc.c ****   /* Get Start Tick*/
 298:Drivers/STM32WBxx_HAL_Driver/Src/stm32wbxx_hal_rcc.c ****   tickstart = HAL_GetTick();
 299:Drivers/STM32WBxx_HAL_Driver/Src/stm32wbxx_hal_rcc.c **** 
 300:Drivers/STM32WBxx_HAL_Driver/Src/stm32wbxx_hal_rcc.c ****   /* Reset CFGR register (MSI is selected as system clock source) */
 301:Drivers/STM32WBxx_HAL_Driver/Src/stm32wbxx_hal_rcc.c ****   CLEAR_REG(RCC->CFGR);
 302:Drivers/STM32WBxx_HAL_Driver/Src/stm32wbxx_hal_rcc.c **** 
 303:Drivers/STM32WBxx_HAL_Driver/Src/stm32wbxx_hal_rcc.c ****   /* Wait till MSI is ready */
 304:Drivers/STM32WBxx_HAL_Driver/Src/stm32wbxx_hal_rcc.c ****   while (READ_BIT(RCC->CFGR, RCC_CFGR_SWS) != 0U)
 305:Drivers/STM32WBxx_HAL_Driver/Src/stm32wbxx_hal_rcc.c ****   {
 306:Drivers/STM32WBxx_HAL_Driver/Src/stm32wbxx_hal_rcc.c ****     if ((HAL_GetTick() - tickstart) > CLOCKSWITCH_TIMEOUT_VALUE)
 307:Drivers/STM32WBxx_HAL_Driver/Src/stm32wbxx_hal_rcc.c ****     {
 308:Drivers/STM32WBxx_HAL_Driver/Src/stm32wbxx_hal_rcc.c ****       return HAL_TIMEOUT;
 309:Drivers/STM32WBxx_HAL_Driver/Src/stm32wbxx_hal_rcc.c ****     }
 310:Drivers/STM32WBxx_HAL_Driver/Src/stm32wbxx_hal_rcc.c ****   }
 311:Drivers/STM32WBxx_HAL_Driver/Src/stm32wbxx_hal_rcc.c **** 
 312:Drivers/STM32WBxx_HAL_Driver/Src/stm32wbxx_hal_rcc.c ****   /* Reset HSION, HSIKERON, HSIASFS, HSEON, PLLON, PLLSAI11ON, HSEPRE bits */
 313:Drivers/STM32WBxx_HAL_Driver/Src/stm32wbxx_hal_rcc.c **** #if defined(SAI1)
 314:Drivers/STM32WBxx_HAL_Driver/Src/stm32wbxx_hal_rcc.c ****   CLEAR_BIT(RCC->CR, RCC_CR_HSION | RCC_CR_HSIKERON | RCC_CR_HSIASFS | RCC_CR_HSEON | RCC_CR_HSEPRE
 315:Drivers/STM32WBxx_HAL_Driver/Src/stm32wbxx_hal_rcc.c ****             RCC_CR_PLLSAI1ON);
ARM GAS  /var/folders/98/ctz5mtps7w71v8dr53cf5qg40000gn/T//ccdzqVkO.s 			page 7


 316:Drivers/STM32WBxx_HAL_Driver/Src/stm32wbxx_hal_rcc.c **** #else
 317:Drivers/STM32WBxx_HAL_Driver/Src/stm32wbxx_hal_rcc.c ****   CLEAR_BIT(RCC->CR, RCC_CR_HSION | RCC_CR_HSIKERON | RCC_CR_HSIASFS | RCC_CR_HSEON | RCC_CR_HSEPRE
 318:Drivers/STM32WBxx_HAL_Driver/Src/stm32wbxx_hal_rcc.c **** #endif /* SAI1 */
 319:Drivers/STM32WBxx_HAL_Driver/Src/stm32wbxx_hal_rcc.c **** 
 320:Drivers/STM32WBxx_HAL_Driver/Src/stm32wbxx_hal_rcc.c ****   /* Get Start Tick*/
 321:Drivers/STM32WBxx_HAL_Driver/Src/stm32wbxx_hal_rcc.c ****   tickstart = HAL_GetTick();
 322:Drivers/STM32WBxx_HAL_Driver/Src/stm32wbxx_hal_rcc.c **** 
 323:Drivers/STM32WBxx_HAL_Driver/Src/stm32wbxx_hal_rcc.c ****   /* Wait till PLL is ready */
 324:Drivers/STM32WBxx_HAL_Driver/Src/stm32wbxx_hal_rcc.c ****   while (LL_RCC_PLL_IsReady() != 0U)
 325:Drivers/STM32WBxx_HAL_Driver/Src/stm32wbxx_hal_rcc.c ****   {
 326:Drivers/STM32WBxx_HAL_Driver/Src/stm32wbxx_hal_rcc.c ****     if ((HAL_GetTick() - tickstart) > PLL_TIMEOUT_VALUE)
 327:Drivers/STM32WBxx_HAL_Driver/Src/stm32wbxx_hal_rcc.c ****     {
 328:Drivers/STM32WBxx_HAL_Driver/Src/stm32wbxx_hal_rcc.c ****       return HAL_TIMEOUT;
 329:Drivers/STM32WBxx_HAL_Driver/Src/stm32wbxx_hal_rcc.c ****     }
 330:Drivers/STM32WBxx_HAL_Driver/Src/stm32wbxx_hal_rcc.c ****   }
 331:Drivers/STM32WBxx_HAL_Driver/Src/stm32wbxx_hal_rcc.c **** 
 332:Drivers/STM32WBxx_HAL_Driver/Src/stm32wbxx_hal_rcc.c ****   /* once PLL is OFF, reset PLLCFGR register to default value */
 333:Drivers/STM32WBxx_HAL_Driver/Src/stm32wbxx_hal_rcc.c ****   WRITE_REG(RCC->PLLCFGR, RCC_PLLCFGR_PLLR_0 | RCC_PLLCFGR_PLLQ_0 | RCC_PLLCFGR_PLLP_1 | RCC_PLLCFG
 334:Drivers/STM32WBxx_HAL_Driver/Src/stm32wbxx_hal_rcc.c **** 
 335:Drivers/STM32WBxx_HAL_Driver/Src/stm32wbxx_hal_rcc.c **** #if defined(SAI1)
 336:Drivers/STM32WBxx_HAL_Driver/Src/stm32wbxx_hal_rcc.c ****   /* Get Start Tick*/
 337:Drivers/STM32WBxx_HAL_Driver/Src/stm32wbxx_hal_rcc.c ****   tickstart = HAL_GetTick();
 338:Drivers/STM32WBxx_HAL_Driver/Src/stm32wbxx_hal_rcc.c **** 
 339:Drivers/STM32WBxx_HAL_Driver/Src/stm32wbxx_hal_rcc.c ****   /* Wait till PLL is ready */
 340:Drivers/STM32WBxx_HAL_Driver/Src/stm32wbxx_hal_rcc.c ****   while (LL_RCC_PLLSAI1_IsReady() != 0U)
 341:Drivers/STM32WBxx_HAL_Driver/Src/stm32wbxx_hal_rcc.c ****   {
 342:Drivers/STM32WBxx_HAL_Driver/Src/stm32wbxx_hal_rcc.c ****     if ((HAL_GetTick() - tickstart) > PLLSAI1_TIMEOUT_VALUE)
 343:Drivers/STM32WBxx_HAL_Driver/Src/stm32wbxx_hal_rcc.c ****     {
 344:Drivers/STM32WBxx_HAL_Driver/Src/stm32wbxx_hal_rcc.c ****       return HAL_TIMEOUT;
 345:Drivers/STM32WBxx_HAL_Driver/Src/stm32wbxx_hal_rcc.c ****     }
 346:Drivers/STM32WBxx_HAL_Driver/Src/stm32wbxx_hal_rcc.c ****   }
 347:Drivers/STM32WBxx_HAL_Driver/Src/stm32wbxx_hal_rcc.c ****   /* once PLLSAI1 is OFF, reset PLLSAI1CFGR register to default value */
 348:Drivers/STM32WBxx_HAL_Driver/Src/stm32wbxx_hal_rcc.c ****   WRITE_REG(RCC->PLLSAI1CFGR, RCC_PLLSAI1CFGR_PLLR_0 | RCC_PLLSAI1CFGR_PLLQ_0 |
 349:Drivers/STM32WBxx_HAL_Driver/Src/stm32wbxx_hal_rcc.c ****             RCC_PLLSAI1CFGR_PLLP_1 | RCC_PLLSAI1CFGR_PLLN_0);
 350:Drivers/STM32WBxx_HAL_Driver/Src/stm32wbxx_hal_rcc.c **** #endif /* SAI1 */
 351:Drivers/STM32WBxx_HAL_Driver/Src/stm32wbxx_hal_rcc.c **** 
 352:Drivers/STM32WBxx_HAL_Driver/Src/stm32wbxx_hal_rcc.c ****   /* Disable all interrupts */
 353:Drivers/STM32WBxx_HAL_Driver/Src/stm32wbxx_hal_rcc.c ****   CLEAR_REG(RCC->CIER);
 354:Drivers/STM32WBxx_HAL_Driver/Src/stm32wbxx_hal_rcc.c **** 
 355:Drivers/STM32WBxx_HAL_Driver/Src/stm32wbxx_hal_rcc.c ****   /* Clear all interrupt flags */
 356:Drivers/STM32WBxx_HAL_Driver/Src/stm32wbxx_hal_rcc.c ****   WRITE_REG(RCC->CICR, 0xFFFFFFFFU);
 357:Drivers/STM32WBxx_HAL_Driver/Src/stm32wbxx_hal_rcc.c **** 
 358:Drivers/STM32WBxx_HAL_Driver/Src/stm32wbxx_hal_rcc.c ****   /* EXTCFGR reset*/
 359:Drivers/STM32WBxx_HAL_Driver/Src/stm32wbxx_hal_rcc.c ****   LL_RCC_WriteReg(EXTCFGR, 0x00030000U);
 360:Drivers/STM32WBxx_HAL_Driver/Src/stm32wbxx_hal_rcc.c **** 
 361:Drivers/STM32WBxx_HAL_Driver/Src/stm32wbxx_hal_rcc.c ****   /* Update the SystemCoreClock global variable */
 362:Drivers/STM32WBxx_HAL_Driver/Src/stm32wbxx_hal_rcc.c ****   SystemCoreClock = MSI_VALUE;
 363:Drivers/STM32WBxx_HAL_Driver/Src/stm32wbxx_hal_rcc.c **** 
 364:Drivers/STM32WBxx_HAL_Driver/Src/stm32wbxx_hal_rcc.c ****   /* Adapt Systick interrupt period */
 365:Drivers/STM32WBxx_HAL_Driver/Src/stm32wbxx_hal_rcc.c ****   if (HAL_InitTick(uwTickPrio) != HAL_OK)
 366:Drivers/STM32WBxx_HAL_Driver/Src/stm32wbxx_hal_rcc.c ****   {
 367:Drivers/STM32WBxx_HAL_Driver/Src/stm32wbxx_hal_rcc.c ****     return HAL_ERROR;
 368:Drivers/STM32WBxx_HAL_Driver/Src/stm32wbxx_hal_rcc.c ****   }
 369:Drivers/STM32WBxx_HAL_Driver/Src/stm32wbxx_hal_rcc.c ****   else
 370:Drivers/STM32WBxx_HAL_Driver/Src/stm32wbxx_hal_rcc.c ****   {
 371:Drivers/STM32WBxx_HAL_Driver/Src/stm32wbxx_hal_rcc.c ****     return HAL_OK;
 372:Drivers/STM32WBxx_HAL_Driver/Src/stm32wbxx_hal_rcc.c ****   }
ARM GAS  /var/folders/98/ctz5mtps7w71v8dr53cf5qg40000gn/T//ccdzqVkO.s 			page 8


 373:Drivers/STM32WBxx_HAL_Driver/Src/stm32wbxx_hal_rcc.c **** }
 374:Drivers/STM32WBxx_HAL_Driver/Src/stm32wbxx_hal_rcc.c **** 
 375:Drivers/STM32WBxx_HAL_Driver/Src/stm32wbxx_hal_rcc.c **** /**
 376:Drivers/STM32WBxx_HAL_Driver/Src/stm32wbxx_hal_rcc.c ****   * @brief  Initialize the RCC Oscillators according to the specified parameters in the
 377:Drivers/STM32WBxx_HAL_Driver/Src/stm32wbxx_hal_rcc.c ****   *         @ref RCC_OscInitTypeDef.
 378:Drivers/STM32WBxx_HAL_Driver/Src/stm32wbxx_hal_rcc.c ****   * @param  RCC_OscInitStruct  pointer to a @ref RCC_OscInitTypeDef structure that
 379:Drivers/STM32WBxx_HAL_Driver/Src/stm32wbxx_hal_rcc.c ****   *         contains the configuration information for the RCC Oscillators.
 380:Drivers/STM32WBxx_HAL_Driver/Src/stm32wbxx_hal_rcc.c ****   * @note   The PLL is not disabled when used as system clock.
 381:Drivers/STM32WBxx_HAL_Driver/Src/stm32wbxx_hal_rcc.c ****   * @note   The PLL source is not updated when used as PLLSAI1 clock source.
 382:Drivers/STM32WBxx_HAL_Driver/Src/stm32wbxx_hal_rcc.c ****   * @retval HAL status
 383:Drivers/STM32WBxx_HAL_Driver/Src/stm32wbxx_hal_rcc.c ****   */
 384:Drivers/STM32WBxx_HAL_Driver/Src/stm32wbxx_hal_rcc.c **** HAL_StatusTypeDef HAL_RCC_OscConfig(RCC_OscInitTypeDef  *RCC_OscInitStruct)
 385:Drivers/STM32WBxx_HAL_Driver/Src/stm32wbxx_hal_rcc.c **** {
 386:Drivers/STM32WBxx_HAL_Driver/Src/stm32wbxx_hal_rcc.c ****   uint32_t tickstart;
 387:Drivers/STM32WBxx_HAL_Driver/Src/stm32wbxx_hal_rcc.c **** 
 388:Drivers/STM32WBxx_HAL_Driver/Src/stm32wbxx_hal_rcc.c ****   /* Check Null pointer */
 389:Drivers/STM32WBxx_HAL_Driver/Src/stm32wbxx_hal_rcc.c ****   if (RCC_OscInitStruct == NULL)
 390:Drivers/STM32WBxx_HAL_Driver/Src/stm32wbxx_hal_rcc.c ****   {
 391:Drivers/STM32WBxx_HAL_Driver/Src/stm32wbxx_hal_rcc.c ****     return HAL_ERROR;
 392:Drivers/STM32WBxx_HAL_Driver/Src/stm32wbxx_hal_rcc.c ****   }
 393:Drivers/STM32WBxx_HAL_Driver/Src/stm32wbxx_hal_rcc.c **** 
 394:Drivers/STM32WBxx_HAL_Driver/Src/stm32wbxx_hal_rcc.c ****   /* Check the parameters */
 395:Drivers/STM32WBxx_HAL_Driver/Src/stm32wbxx_hal_rcc.c ****   assert_param(IS_RCC_OSCILLATORTYPE(RCC_OscInitStruct->OscillatorType));
 396:Drivers/STM32WBxx_HAL_Driver/Src/stm32wbxx_hal_rcc.c **** 
 397:Drivers/STM32WBxx_HAL_Driver/Src/stm32wbxx_hal_rcc.c ****   /*----------------------------- MSI Configuration --------------------------*/
 398:Drivers/STM32WBxx_HAL_Driver/Src/stm32wbxx_hal_rcc.c ****   if (((RCC_OscInitStruct->OscillatorType) & RCC_OSCILLATORTYPE_MSI) == RCC_OSCILLATORTYPE_MSI)
 399:Drivers/STM32WBxx_HAL_Driver/Src/stm32wbxx_hal_rcc.c ****   {
 400:Drivers/STM32WBxx_HAL_Driver/Src/stm32wbxx_hal_rcc.c ****     /* Check the parameters */
 401:Drivers/STM32WBxx_HAL_Driver/Src/stm32wbxx_hal_rcc.c ****     assert_param(IS_RCC_MSI(RCC_OscInitStruct->MSIState));
 402:Drivers/STM32WBxx_HAL_Driver/Src/stm32wbxx_hal_rcc.c ****     assert_param(IS_RCC_MSICALIBRATION_VALUE(RCC_OscInitStruct->MSICalibrationValue));
 403:Drivers/STM32WBxx_HAL_Driver/Src/stm32wbxx_hal_rcc.c ****     assert_param(IS_RCC_MSI_CLOCK_RANGE(RCC_OscInitStruct->MSIClockRange));
 404:Drivers/STM32WBxx_HAL_Driver/Src/stm32wbxx_hal_rcc.c **** 
 405:Drivers/STM32WBxx_HAL_Driver/Src/stm32wbxx_hal_rcc.c ****     /* When the MSI is used as system clock it will not be disabled */
 406:Drivers/STM32WBxx_HAL_Driver/Src/stm32wbxx_hal_rcc.c ****     const uint32_t temp_sysclksrc = __HAL_RCC_GET_SYSCLK_SOURCE();
 407:Drivers/STM32WBxx_HAL_Driver/Src/stm32wbxx_hal_rcc.c ****     const uint32_t temp_plloscsrc = __HAL_RCC_GET_PLL_OSCSOURCE();
 408:Drivers/STM32WBxx_HAL_Driver/Src/stm32wbxx_hal_rcc.c ****     if ((temp_sysclksrc == RCC_SYSCLKSOURCE_STATUS_MSI) ||
 409:Drivers/STM32WBxx_HAL_Driver/Src/stm32wbxx_hal_rcc.c ****         ((temp_sysclksrc == RCC_SYSCLKSOURCE_STATUS_PLLCLK) && (temp_plloscsrc == RCC_PLLSOURCE_MSI
 410:Drivers/STM32WBxx_HAL_Driver/Src/stm32wbxx_hal_rcc.c ****     {
 411:Drivers/STM32WBxx_HAL_Driver/Src/stm32wbxx_hal_rcc.c ****       if (RCC_OscInitStruct->MSIState == RCC_MSI_OFF)
 412:Drivers/STM32WBxx_HAL_Driver/Src/stm32wbxx_hal_rcc.c ****       {
 413:Drivers/STM32WBxx_HAL_Driver/Src/stm32wbxx_hal_rcc.c ****         return HAL_ERROR;
 414:Drivers/STM32WBxx_HAL_Driver/Src/stm32wbxx_hal_rcc.c ****       }
 415:Drivers/STM32WBxx_HAL_Driver/Src/stm32wbxx_hal_rcc.c ****       /* Otherwise, just the calibration and MSI range change are allowed */
 416:Drivers/STM32WBxx_HAL_Driver/Src/stm32wbxx_hal_rcc.c ****       else
 417:Drivers/STM32WBxx_HAL_Driver/Src/stm32wbxx_hal_rcc.c ****       {
 418:Drivers/STM32WBxx_HAL_Driver/Src/stm32wbxx_hal_rcc.c ****         /* To correctly read data from FLASH memory, the number of wait states (LATENCY)
 419:Drivers/STM32WBxx_HAL_Driver/Src/stm32wbxx_hal_rcc.c ****            must be correctly programmed according to the frequency of the AHB4 clock
 420:Drivers/STM32WBxx_HAL_Driver/Src/stm32wbxx_hal_rcc.c ****            and the supply voltage of the device. */
 421:Drivers/STM32WBxx_HAL_Driver/Src/stm32wbxx_hal_rcc.c ****         if (RCC_OscInitStruct->MSIClockRange > __HAL_RCC_GET_MSI_RANGE())
 422:Drivers/STM32WBxx_HAL_Driver/Src/stm32wbxx_hal_rcc.c ****         {
 423:Drivers/STM32WBxx_HAL_Driver/Src/stm32wbxx_hal_rcc.c ****           /* First increase number of wait states update if necessary */
 424:Drivers/STM32WBxx_HAL_Driver/Src/stm32wbxx_hal_rcc.c ****           if (RCC_SetFlashLatencyFromMSIRange(RCC_OscInitStruct->MSIClockRange) != HAL_OK)
 425:Drivers/STM32WBxx_HAL_Driver/Src/stm32wbxx_hal_rcc.c ****           {
 426:Drivers/STM32WBxx_HAL_Driver/Src/stm32wbxx_hal_rcc.c ****             return HAL_ERROR;
 427:Drivers/STM32WBxx_HAL_Driver/Src/stm32wbxx_hal_rcc.c ****           }
 428:Drivers/STM32WBxx_HAL_Driver/Src/stm32wbxx_hal_rcc.c **** 
 429:Drivers/STM32WBxx_HAL_Driver/Src/stm32wbxx_hal_rcc.c ****           /* Selects the Multiple Speed oscillator (MSI) clock range .*/
ARM GAS  /var/folders/98/ctz5mtps7w71v8dr53cf5qg40000gn/T//ccdzqVkO.s 			page 9


 430:Drivers/STM32WBxx_HAL_Driver/Src/stm32wbxx_hal_rcc.c ****           __HAL_RCC_MSI_RANGE_CONFIG(RCC_OscInitStruct->MSIClockRange);
 431:Drivers/STM32WBxx_HAL_Driver/Src/stm32wbxx_hal_rcc.c ****           /* Adjusts the Multiple Speed oscillator (MSI) calibration value.*/
 432:Drivers/STM32WBxx_HAL_Driver/Src/stm32wbxx_hal_rcc.c ****           __HAL_RCC_MSI_CALIBRATIONVALUE_ADJUST(RCC_OscInitStruct->MSICalibrationValue);
 433:Drivers/STM32WBxx_HAL_Driver/Src/stm32wbxx_hal_rcc.c ****         }
 434:Drivers/STM32WBxx_HAL_Driver/Src/stm32wbxx_hal_rcc.c ****         else
 435:Drivers/STM32WBxx_HAL_Driver/Src/stm32wbxx_hal_rcc.c ****         {
 436:Drivers/STM32WBxx_HAL_Driver/Src/stm32wbxx_hal_rcc.c ****           /* Else, keep current flash latency while decreasing applies */
 437:Drivers/STM32WBxx_HAL_Driver/Src/stm32wbxx_hal_rcc.c ****           /* Selects the Multiple Speed oscillator (MSI) clock range .*/
 438:Drivers/STM32WBxx_HAL_Driver/Src/stm32wbxx_hal_rcc.c ****           __HAL_RCC_MSI_RANGE_CONFIG(RCC_OscInitStruct->MSIClockRange);
 439:Drivers/STM32WBxx_HAL_Driver/Src/stm32wbxx_hal_rcc.c ****           /* Adjusts the Multiple Speed oscillator (MSI) calibration value.*/
 440:Drivers/STM32WBxx_HAL_Driver/Src/stm32wbxx_hal_rcc.c ****           __HAL_RCC_MSI_CALIBRATIONVALUE_ADJUST(RCC_OscInitStruct->MSICalibrationValue);
 441:Drivers/STM32WBxx_HAL_Driver/Src/stm32wbxx_hal_rcc.c **** 
 442:Drivers/STM32WBxx_HAL_Driver/Src/stm32wbxx_hal_rcc.c ****           /* Decrease number of wait states update if necessary */
 443:Drivers/STM32WBxx_HAL_Driver/Src/stm32wbxx_hal_rcc.c ****           if (RCC_SetFlashLatencyFromMSIRange(RCC_OscInitStruct->MSIClockRange) != HAL_OK)
 444:Drivers/STM32WBxx_HAL_Driver/Src/stm32wbxx_hal_rcc.c ****           {
 445:Drivers/STM32WBxx_HAL_Driver/Src/stm32wbxx_hal_rcc.c ****             return HAL_ERROR;
 446:Drivers/STM32WBxx_HAL_Driver/Src/stm32wbxx_hal_rcc.c ****           }
 447:Drivers/STM32WBxx_HAL_Driver/Src/stm32wbxx_hal_rcc.c ****         }
 448:Drivers/STM32WBxx_HAL_Driver/Src/stm32wbxx_hal_rcc.c **** 
 449:Drivers/STM32WBxx_HAL_Driver/Src/stm32wbxx_hal_rcc.c ****         /* Update the SystemCoreClock global variable */
 450:Drivers/STM32WBxx_HAL_Driver/Src/stm32wbxx_hal_rcc.c ****         SystemCoreClock = HAL_RCC_GetHCLKFreq();
 451:Drivers/STM32WBxx_HAL_Driver/Src/stm32wbxx_hal_rcc.c **** 
 452:Drivers/STM32WBxx_HAL_Driver/Src/stm32wbxx_hal_rcc.c ****         if (HAL_InitTick(uwTickPrio) != HAL_OK)
 453:Drivers/STM32WBxx_HAL_Driver/Src/stm32wbxx_hal_rcc.c ****         {
 454:Drivers/STM32WBxx_HAL_Driver/Src/stm32wbxx_hal_rcc.c ****           return HAL_ERROR;
 455:Drivers/STM32WBxx_HAL_Driver/Src/stm32wbxx_hal_rcc.c ****         }
 456:Drivers/STM32WBxx_HAL_Driver/Src/stm32wbxx_hal_rcc.c ****       }
 457:Drivers/STM32WBxx_HAL_Driver/Src/stm32wbxx_hal_rcc.c ****     }
 458:Drivers/STM32WBxx_HAL_Driver/Src/stm32wbxx_hal_rcc.c ****     else
 459:Drivers/STM32WBxx_HAL_Driver/Src/stm32wbxx_hal_rcc.c ****     {
 460:Drivers/STM32WBxx_HAL_Driver/Src/stm32wbxx_hal_rcc.c ****       /* Check the MSI State */
 461:Drivers/STM32WBxx_HAL_Driver/Src/stm32wbxx_hal_rcc.c ****       if (RCC_OscInitStruct->MSIState != RCC_MSI_OFF)
 462:Drivers/STM32WBxx_HAL_Driver/Src/stm32wbxx_hal_rcc.c ****       {
 463:Drivers/STM32WBxx_HAL_Driver/Src/stm32wbxx_hal_rcc.c ****         /* Enable the Internal High Speed oscillator (MSI). */
 464:Drivers/STM32WBxx_HAL_Driver/Src/stm32wbxx_hal_rcc.c ****         __HAL_RCC_MSI_ENABLE();
 465:Drivers/STM32WBxx_HAL_Driver/Src/stm32wbxx_hal_rcc.c **** 
 466:Drivers/STM32WBxx_HAL_Driver/Src/stm32wbxx_hal_rcc.c ****         /* Get timeout */
 467:Drivers/STM32WBxx_HAL_Driver/Src/stm32wbxx_hal_rcc.c ****         tickstart = HAL_GetTick();
 468:Drivers/STM32WBxx_HAL_Driver/Src/stm32wbxx_hal_rcc.c **** 
 469:Drivers/STM32WBxx_HAL_Driver/Src/stm32wbxx_hal_rcc.c ****         /* Wait till MSI is ready */
 470:Drivers/STM32WBxx_HAL_Driver/Src/stm32wbxx_hal_rcc.c ****         while (LL_RCC_MSI_IsReady() == 0U)
 471:Drivers/STM32WBxx_HAL_Driver/Src/stm32wbxx_hal_rcc.c ****         {
 472:Drivers/STM32WBxx_HAL_Driver/Src/stm32wbxx_hal_rcc.c ****           if ((HAL_GetTick() - tickstart) > MSI_TIMEOUT_VALUE)
 473:Drivers/STM32WBxx_HAL_Driver/Src/stm32wbxx_hal_rcc.c ****           {
 474:Drivers/STM32WBxx_HAL_Driver/Src/stm32wbxx_hal_rcc.c ****             return HAL_TIMEOUT;
 475:Drivers/STM32WBxx_HAL_Driver/Src/stm32wbxx_hal_rcc.c ****           }
 476:Drivers/STM32WBxx_HAL_Driver/Src/stm32wbxx_hal_rcc.c ****         }
 477:Drivers/STM32WBxx_HAL_Driver/Src/stm32wbxx_hal_rcc.c **** 
 478:Drivers/STM32WBxx_HAL_Driver/Src/stm32wbxx_hal_rcc.c ****         /* Selects the Multiple Speed oscillator (MSI) clock range .*/
 479:Drivers/STM32WBxx_HAL_Driver/Src/stm32wbxx_hal_rcc.c ****         __HAL_RCC_MSI_RANGE_CONFIG(RCC_OscInitStruct->MSIClockRange);
 480:Drivers/STM32WBxx_HAL_Driver/Src/stm32wbxx_hal_rcc.c ****         /* Adjusts the Multiple Speed oscillator (MSI) calibration value.*/
 481:Drivers/STM32WBxx_HAL_Driver/Src/stm32wbxx_hal_rcc.c ****         __HAL_RCC_MSI_CALIBRATIONVALUE_ADJUST(RCC_OscInitStruct->MSICalibrationValue);
 482:Drivers/STM32WBxx_HAL_Driver/Src/stm32wbxx_hal_rcc.c **** 
 483:Drivers/STM32WBxx_HAL_Driver/Src/stm32wbxx_hal_rcc.c ****       }
 484:Drivers/STM32WBxx_HAL_Driver/Src/stm32wbxx_hal_rcc.c ****       else
 485:Drivers/STM32WBxx_HAL_Driver/Src/stm32wbxx_hal_rcc.c ****       {
 486:Drivers/STM32WBxx_HAL_Driver/Src/stm32wbxx_hal_rcc.c ****         /* Disable the Internal High Speed oscillator (MSI). */
ARM GAS  /var/folders/98/ctz5mtps7w71v8dr53cf5qg40000gn/T//ccdzqVkO.s 			page 10


 487:Drivers/STM32WBxx_HAL_Driver/Src/stm32wbxx_hal_rcc.c ****         __HAL_RCC_MSI_DISABLE();
 488:Drivers/STM32WBxx_HAL_Driver/Src/stm32wbxx_hal_rcc.c **** 
 489:Drivers/STM32WBxx_HAL_Driver/Src/stm32wbxx_hal_rcc.c ****         /* Get timeout */
 490:Drivers/STM32WBxx_HAL_Driver/Src/stm32wbxx_hal_rcc.c ****         tickstart = HAL_GetTick();
 491:Drivers/STM32WBxx_HAL_Driver/Src/stm32wbxx_hal_rcc.c **** 
 492:Drivers/STM32WBxx_HAL_Driver/Src/stm32wbxx_hal_rcc.c ****         /* Wait till MSI is disabled */
 493:Drivers/STM32WBxx_HAL_Driver/Src/stm32wbxx_hal_rcc.c ****         while (LL_RCC_MSI_IsReady() != 0U)
 494:Drivers/STM32WBxx_HAL_Driver/Src/stm32wbxx_hal_rcc.c ****         {
 495:Drivers/STM32WBxx_HAL_Driver/Src/stm32wbxx_hal_rcc.c ****           if ((HAL_GetTick() - tickstart) > MSI_TIMEOUT_VALUE)
 496:Drivers/STM32WBxx_HAL_Driver/Src/stm32wbxx_hal_rcc.c ****           {
 497:Drivers/STM32WBxx_HAL_Driver/Src/stm32wbxx_hal_rcc.c ****             return HAL_TIMEOUT;
 498:Drivers/STM32WBxx_HAL_Driver/Src/stm32wbxx_hal_rcc.c ****           }
 499:Drivers/STM32WBxx_HAL_Driver/Src/stm32wbxx_hal_rcc.c ****         }
 500:Drivers/STM32WBxx_HAL_Driver/Src/stm32wbxx_hal_rcc.c ****       }
 501:Drivers/STM32WBxx_HAL_Driver/Src/stm32wbxx_hal_rcc.c ****     }
 502:Drivers/STM32WBxx_HAL_Driver/Src/stm32wbxx_hal_rcc.c ****   }
 503:Drivers/STM32WBxx_HAL_Driver/Src/stm32wbxx_hal_rcc.c **** 
 504:Drivers/STM32WBxx_HAL_Driver/Src/stm32wbxx_hal_rcc.c ****   /*------------------------------- HSE Configuration ------------------------*/
 505:Drivers/STM32WBxx_HAL_Driver/Src/stm32wbxx_hal_rcc.c ****   if (((RCC_OscInitStruct->OscillatorType) & RCC_OSCILLATORTYPE_HSE) == RCC_OSCILLATORTYPE_HSE)
 506:Drivers/STM32WBxx_HAL_Driver/Src/stm32wbxx_hal_rcc.c ****   {
 507:Drivers/STM32WBxx_HAL_Driver/Src/stm32wbxx_hal_rcc.c ****     /* Check the parameters */
 508:Drivers/STM32WBxx_HAL_Driver/Src/stm32wbxx_hal_rcc.c ****     assert_param(IS_RCC_HSE(RCC_OscInitStruct->HSEState));
 509:Drivers/STM32WBxx_HAL_Driver/Src/stm32wbxx_hal_rcc.c **** 
 510:Drivers/STM32WBxx_HAL_Driver/Src/stm32wbxx_hal_rcc.c ****     /* When the HSE is used as system clock or clock source for PLL in these cases it is not allowe
 511:Drivers/STM32WBxx_HAL_Driver/Src/stm32wbxx_hal_rcc.c ****     const uint32_t temp_sysclksrc = __HAL_RCC_GET_SYSCLK_SOURCE();
 512:Drivers/STM32WBxx_HAL_Driver/Src/stm32wbxx_hal_rcc.c ****     const uint32_t temp_plloscsrc = __HAL_RCC_GET_PLL_OSCSOURCE();
 513:Drivers/STM32WBxx_HAL_Driver/Src/stm32wbxx_hal_rcc.c ****     if ((temp_sysclksrc == RCC_SYSCLKSOURCE_STATUS_HSE) ||
 514:Drivers/STM32WBxx_HAL_Driver/Src/stm32wbxx_hal_rcc.c ****         ((temp_sysclksrc == RCC_SYSCLKSOURCE_STATUS_PLLCLK) && (temp_plloscsrc == RCC_PLLSOURCE_HSE
 515:Drivers/STM32WBxx_HAL_Driver/Src/stm32wbxx_hal_rcc.c ****     {
 516:Drivers/STM32WBxx_HAL_Driver/Src/stm32wbxx_hal_rcc.c ****       if (RCC_OscInitStruct->HSEState == RCC_HSE_OFF)
 517:Drivers/STM32WBxx_HAL_Driver/Src/stm32wbxx_hal_rcc.c ****       {
 518:Drivers/STM32WBxx_HAL_Driver/Src/stm32wbxx_hal_rcc.c ****         return HAL_ERROR;
 519:Drivers/STM32WBxx_HAL_Driver/Src/stm32wbxx_hal_rcc.c ****       }
 520:Drivers/STM32WBxx_HAL_Driver/Src/stm32wbxx_hal_rcc.c ****     }
 521:Drivers/STM32WBxx_HAL_Driver/Src/stm32wbxx_hal_rcc.c ****     else
 522:Drivers/STM32WBxx_HAL_Driver/Src/stm32wbxx_hal_rcc.c ****     {
 523:Drivers/STM32WBxx_HAL_Driver/Src/stm32wbxx_hal_rcc.c ****       /* Set the new HSE configuration ---------------------------------------*/
 524:Drivers/STM32WBxx_HAL_Driver/Src/stm32wbxx_hal_rcc.c ****       __HAL_RCC_HSE_CONFIG(RCC_OscInitStruct->HSEState);
 525:Drivers/STM32WBxx_HAL_Driver/Src/stm32wbxx_hal_rcc.c **** 
 526:Drivers/STM32WBxx_HAL_Driver/Src/stm32wbxx_hal_rcc.c ****       /* Check the HSE State */
 527:Drivers/STM32WBxx_HAL_Driver/Src/stm32wbxx_hal_rcc.c ****       if (RCC_OscInitStruct->HSEState != RCC_HSE_OFF)
 528:Drivers/STM32WBxx_HAL_Driver/Src/stm32wbxx_hal_rcc.c ****       {
 529:Drivers/STM32WBxx_HAL_Driver/Src/stm32wbxx_hal_rcc.c ****         /* Get Start Tick*/
 530:Drivers/STM32WBxx_HAL_Driver/Src/stm32wbxx_hal_rcc.c ****         tickstart = HAL_GetTick();
 531:Drivers/STM32WBxx_HAL_Driver/Src/stm32wbxx_hal_rcc.c **** 
 532:Drivers/STM32WBxx_HAL_Driver/Src/stm32wbxx_hal_rcc.c ****         /* Wait till HSE is ready */
 533:Drivers/STM32WBxx_HAL_Driver/Src/stm32wbxx_hal_rcc.c ****         while (LL_RCC_HSE_IsReady() == 0U)
 534:Drivers/STM32WBxx_HAL_Driver/Src/stm32wbxx_hal_rcc.c ****         {
 535:Drivers/STM32WBxx_HAL_Driver/Src/stm32wbxx_hal_rcc.c ****           if ((HAL_GetTick() - tickstart) > HSE_TIMEOUT_VALUE)
 536:Drivers/STM32WBxx_HAL_Driver/Src/stm32wbxx_hal_rcc.c ****           {
 537:Drivers/STM32WBxx_HAL_Driver/Src/stm32wbxx_hal_rcc.c ****             return HAL_TIMEOUT;
 538:Drivers/STM32WBxx_HAL_Driver/Src/stm32wbxx_hal_rcc.c ****           }
 539:Drivers/STM32WBxx_HAL_Driver/Src/stm32wbxx_hal_rcc.c ****         }
 540:Drivers/STM32WBxx_HAL_Driver/Src/stm32wbxx_hal_rcc.c ****       }
 541:Drivers/STM32WBxx_HAL_Driver/Src/stm32wbxx_hal_rcc.c ****       else
 542:Drivers/STM32WBxx_HAL_Driver/Src/stm32wbxx_hal_rcc.c ****       {
 543:Drivers/STM32WBxx_HAL_Driver/Src/stm32wbxx_hal_rcc.c ****         /* Get Start Tick*/
ARM GAS  /var/folders/98/ctz5mtps7w71v8dr53cf5qg40000gn/T//ccdzqVkO.s 			page 11


 544:Drivers/STM32WBxx_HAL_Driver/Src/stm32wbxx_hal_rcc.c ****         tickstart = HAL_GetTick();
 545:Drivers/STM32WBxx_HAL_Driver/Src/stm32wbxx_hal_rcc.c **** 
 546:Drivers/STM32WBxx_HAL_Driver/Src/stm32wbxx_hal_rcc.c ****         /* Wait till HSE is disabled */
 547:Drivers/STM32WBxx_HAL_Driver/Src/stm32wbxx_hal_rcc.c ****         while (LL_RCC_HSE_IsReady() != 0U)
 548:Drivers/STM32WBxx_HAL_Driver/Src/stm32wbxx_hal_rcc.c ****         {
 549:Drivers/STM32WBxx_HAL_Driver/Src/stm32wbxx_hal_rcc.c ****           if ((HAL_GetTick() - tickstart) > HSE_TIMEOUT_VALUE)
 550:Drivers/STM32WBxx_HAL_Driver/Src/stm32wbxx_hal_rcc.c ****           {
 551:Drivers/STM32WBxx_HAL_Driver/Src/stm32wbxx_hal_rcc.c ****             return HAL_TIMEOUT;
 552:Drivers/STM32WBxx_HAL_Driver/Src/stm32wbxx_hal_rcc.c ****           }
 553:Drivers/STM32WBxx_HAL_Driver/Src/stm32wbxx_hal_rcc.c ****         }
 554:Drivers/STM32WBxx_HAL_Driver/Src/stm32wbxx_hal_rcc.c ****       }
 555:Drivers/STM32WBxx_HAL_Driver/Src/stm32wbxx_hal_rcc.c ****     }
 556:Drivers/STM32WBxx_HAL_Driver/Src/stm32wbxx_hal_rcc.c ****   }
 557:Drivers/STM32WBxx_HAL_Driver/Src/stm32wbxx_hal_rcc.c **** 
 558:Drivers/STM32WBxx_HAL_Driver/Src/stm32wbxx_hal_rcc.c ****   /*----------------------------- HSI Configuration --------------------------*/
 559:Drivers/STM32WBxx_HAL_Driver/Src/stm32wbxx_hal_rcc.c ****   if (((RCC_OscInitStruct->OscillatorType) & RCC_OSCILLATORTYPE_HSI) == RCC_OSCILLATORTYPE_HSI)
 560:Drivers/STM32WBxx_HAL_Driver/Src/stm32wbxx_hal_rcc.c ****   {
 561:Drivers/STM32WBxx_HAL_Driver/Src/stm32wbxx_hal_rcc.c ****     /* Check the parameters */
 562:Drivers/STM32WBxx_HAL_Driver/Src/stm32wbxx_hal_rcc.c ****     assert_param(IS_RCC_HSI(RCC_OscInitStruct->HSIState));
 563:Drivers/STM32WBxx_HAL_Driver/Src/stm32wbxx_hal_rcc.c ****     assert_param(IS_RCC_HSI_CALIBRATION_VALUE(RCC_OscInitStruct->HSICalibrationValue));
 564:Drivers/STM32WBxx_HAL_Driver/Src/stm32wbxx_hal_rcc.c **** 
 565:Drivers/STM32WBxx_HAL_Driver/Src/stm32wbxx_hal_rcc.c ****     /* Check if HSI is used as system clock or as PLL source when PLL is selected as system clock *
 566:Drivers/STM32WBxx_HAL_Driver/Src/stm32wbxx_hal_rcc.c ****     const uint32_t temp_sysclksrc = __HAL_RCC_GET_SYSCLK_SOURCE();
 567:Drivers/STM32WBxx_HAL_Driver/Src/stm32wbxx_hal_rcc.c ****     const uint32_t temp_plloscsrc = __HAL_RCC_GET_PLL_OSCSOURCE();
 568:Drivers/STM32WBxx_HAL_Driver/Src/stm32wbxx_hal_rcc.c ****     if ((temp_sysclksrc == RCC_SYSCLKSOURCE_STATUS_HSI) ||
 569:Drivers/STM32WBxx_HAL_Driver/Src/stm32wbxx_hal_rcc.c ****         ((temp_sysclksrc == RCC_SYSCLKSOURCE_STATUS_PLLCLK) && (temp_plloscsrc == RCC_PLLSOURCE_HSI
 570:Drivers/STM32WBxx_HAL_Driver/Src/stm32wbxx_hal_rcc.c ****     {
 571:Drivers/STM32WBxx_HAL_Driver/Src/stm32wbxx_hal_rcc.c ****       /* When HSI is used as system clock it will not be disabled */
 572:Drivers/STM32WBxx_HAL_Driver/Src/stm32wbxx_hal_rcc.c ****       if (RCC_OscInitStruct->HSIState == RCC_HSI_OFF)
 573:Drivers/STM32WBxx_HAL_Driver/Src/stm32wbxx_hal_rcc.c ****       {
 574:Drivers/STM32WBxx_HAL_Driver/Src/stm32wbxx_hal_rcc.c ****         return HAL_ERROR;
 575:Drivers/STM32WBxx_HAL_Driver/Src/stm32wbxx_hal_rcc.c ****       }
 576:Drivers/STM32WBxx_HAL_Driver/Src/stm32wbxx_hal_rcc.c ****       /* Otherwise, just the calibration is allowed */
 577:Drivers/STM32WBxx_HAL_Driver/Src/stm32wbxx_hal_rcc.c ****       else
 578:Drivers/STM32WBxx_HAL_Driver/Src/stm32wbxx_hal_rcc.c ****       {
 579:Drivers/STM32WBxx_HAL_Driver/Src/stm32wbxx_hal_rcc.c ****         /* Adjusts the Internal High Speed oscillator (HSI) calibration value.*/
 580:Drivers/STM32WBxx_HAL_Driver/Src/stm32wbxx_hal_rcc.c ****         __HAL_RCC_HSI_CALIBRATIONVALUE_ADJUST(RCC_OscInitStruct->HSICalibrationValue);
 581:Drivers/STM32WBxx_HAL_Driver/Src/stm32wbxx_hal_rcc.c ****       }
 582:Drivers/STM32WBxx_HAL_Driver/Src/stm32wbxx_hal_rcc.c ****     }
 583:Drivers/STM32WBxx_HAL_Driver/Src/stm32wbxx_hal_rcc.c ****     else
 584:Drivers/STM32WBxx_HAL_Driver/Src/stm32wbxx_hal_rcc.c ****     {
 585:Drivers/STM32WBxx_HAL_Driver/Src/stm32wbxx_hal_rcc.c ****       /* Check the HSI State */
 586:Drivers/STM32WBxx_HAL_Driver/Src/stm32wbxx_hal_rcc.c ****       if (RCC_OscInitStruct->HSIState != RCC_HSI_OFF)
 587:Drivers/STM32WBxx_HAL_Driver/Src/stm32wbxx_hal_rcc.c ****       {
 588:Drivers/STM32WBxx_HAL_Driver/Src/stm32wbxx_hal_rcc.c ****         /* Enable the Internal High Speed oscillator (HSI). */
 589:Drivers/STM32WBxx_HAL_Driver/Src/stm32wbxx_hal_rcc.c ****         __HAL_RCC_HSI_ENABLE();
 590:Drivers/STM32WBxx_HAL_Driver/Src/stm32wbxx_hal_rcc.c **** 
 591:Drivers/STM32WBxx_HAL_Driver/Src/stm32wbxx_hal_rcc.c ****         /* Get Start Tick*/
 592:Drivers/STM32WBxx_HAL_Driver/Src/stm32wbxx_hal_rcc.c ****         tickstart = HAL_GetTick();
 593:Drivers/STM32WBxx_HAL_Driver/Src/stm32wbxx_hal_rcc.c **** 
 594:Drivers/STM32WBxx_HAL_Driver/Src/stm32wbxx_hal_rcc.c ****         /* Wait till HSI is ready */
 595:Drivers/STM32WBxx_HAL_Driver/Src/stm32wbxx_hal_rcc.c ****         while (LL_RCC_HSI_IsReady() == 0U)
 596:Drivers/STM32WBxx_HAL_Driver/Src/stm32wbxx_hal_rcc.c ****         {
 597:Drivers/STM32WBxx_HAL_Driver/Src/stm32wbxx_hal_rcc.c ****           if ((HAL_GetTick() - tickstart) > HSI_TIMEOUT_VALUE)
 598:Drivers/STM32WBxx_HAL_Driver/Src/stm32wbxx_hal_rcc.c ****           {
 599:Drivers/STM32WBxx_HAL_Driver/Src/stm32wbxx_hal_rcc.c ****             return HAL_TIMEOUT;
 600:Drivers/STM32WBxx_HAL_Driver/Src/stm32wbxx_hal_rcc.c ****           }
ARM GAS  /var/folders/98/ctz5mtps7w71v8dr53cf5qg40000gn/T//ccdzqVkO.s 			page 12


 601:Drivers/STM32WBxx_HAL_Driver/Src/stm32wbxx_hal_rcc.c ****         }
 602:Drivers/STM32WBxx_HAL_Driver/Src/stm32wbxx_hal_rcc.c **** 
 603:Drivers/STM32WBxx_HAL_Driver/Src/stm32wbxx_hal_rcc.c ****         /* Adjusts the Internal High Speed oscillator (HSI) calibration value.*/
 604:Drivers/STM32WBxx_HAL_Driver/Src/stm32wbxx_hal_rcc.c ****         __HAL_RCC_HSI_CALIBRATIONVALUE_ADJUST(RCC_OscInitStruct->HSICalibrationValue);
 605:Drivers/STM32WBxx_HAL_Driver/Src/stm32wbxx_hal_rcc.c ****       }
 606:Drivers/STM32WBxx_HAL_Driver/Src/stm32wbxx_hal_rcc.c ****       else
 607:Drivers/STM32WBxx_HAL_Driver/Src/stm32wbxx_hal_rcc.c ****       {
 608:Drivers/STM32WBxx_HAL_Driver/Src/stm32wbxx_hal_rcc.c ****         /* Disable the Internal High Speed oscillator (HSI). */
 609:Drivers/STM32WBxx_HAL_Driver/Src/stm32wbxx_hal_rcc.c ****         __HAL_RCC_HSI_DISABLE();
 610:Drivers/STM32WBxx_HAL_Driver/Src/stm32wbxx_hal_rcc.c **** 
 611:Drivers/STM32WBxx_HAL_Driver/Src/stm32wbxx_hal_rcc.c ****         /* Get Start Tick*/
 612:Drivers/STM32WBxx_HAL_Driver/Src/stm32wbxx_hal_rcc.c ****         tickstart = HAL_GetTick();
 613:Drivers/STM32WBxx_HAL_Driver/Src/stm32wbxx_hal_rcc.c **** 
 614:Drivers/STM32WBxx_HAL_Driver/Src/stm32wbxx_hal_rcc.c ****         /* Wait till HSI is disabled */
 615:Drivers/STM32WBxx_HAL_Driver/Src/stm32wbxx_hal_rcc.c ****         while (LL_RCC_HSI_IsReady() != 0U)
 616:Drivers/STM32WBxx_HAL_Driver/Src/stm32wbxx_hal_rcc.c ****         {
 617:Drivers/STM32WBxx_HAL_Driver/Src/stm32wbxx_hal_rcc.c ****           if ((HAL_GetTick() - tickstart) > HSI_TIMEOUT_VALUE)
 618:Drivers/STM32WBxx_HAL_Driver/Src/stm32wbxx_hal_rcc.c ****           {
 619:Drivers/STM32WBxx_HAL_Driver/Src/stm32wbxx_hal_rcc.c ****             return HAL_TIMEOUT;
 620:Drivers/STM32WBxx_HAL_Driver/Src/stm32wbxx_hal_rcc.c ****           }
 621:Drivers/STM32WBxx_HAL_Driver/Src/stm32wbxx_hal_rcc.c ****         }
 622:Drivers/STM32WBxx_HAL_Driver/Src/stm32wbxx_hal_rcc.c ****       }
 623:Drivers/STM32WBxx_HAL_Driver/Src/stm32wbxx_hal_rcc.c ****     }
 624:Drivers/STM32WBxx_HAL_Driver/Src/stm32wbxx_hal_rcc.c ****   }
 625:Drivers/STM32WBxx_HAL_Driver/Src/stm32wbxx_hal_rcc.c ****   /*------------------------------ LSI Configuration (LSI1 or LSI2) -------------------------*/
 626:Drivers/STM32WBxx_HAL_Driver/Src/stm32wbxx_hal_rcc.c **** 
 627:Drivers/STM32WBxx_HAL_Driver/Src/stm32wbxx_hal_rcc.c ****   if ((((RCC_OscInitStruct->OscillatorType) & RCC_OSCILLATORTYPE_LSI1) == RCC_OSCILLATORTYPE_LSI1) 
 628:Drivers/STM32WBxx_HAL_Driver/Src/stm32wbxx_hal_rcc.c ****       (((RCC_OscInitStruct->OscillatorType) & RCC_OSCILLATORTYPE_LSI2) == RCC_OSCILLATORTYPE_LSI2))
 629:Drivers/STM32WBxx_HAL_Driver/Src/stm32wbxx_hal_rcc.c ****   {
 630:Drivers/STM32WBxx_HAL_Driver/Src/stm32wbxx_hal_rcc.c ****     /* Check the parameters */
 631:Drivers/STM32WBxx_HAL_Driver/Src/stm32wbxx_hal_rcc.c ****     assert_param(IS_RCC_LSI(RCC_OscInitStruct->LSIState));
 632:Drivers/STM32WBxx_HAL_Driver/Src/stm32wbxx_hal_rcc.c **** 
 633:Drivers/STM32WBxx_HAL_Driver/Src/stm32wbxx_hal_rcc.c ****     /* Check the LSI State */
 634:Drivers/STM32WBxx_HAL_Driver/Src/stm32wbxx_hal_rcc.c ****     if (RCC_OscInitStruct->LSIState != RCC_LSI_OFF)
 635:Drivers/STM32WBxx_HAL_Driver/Src/stm32wbxx_hal_rcc.c ****     {
 636:Drivers/STM32WBxx_HAL_Driver/Src/stm32wbxx_hal_rcc.c ****       /*------------------------------ LSI2 selected by default (when Switch ON) ------------------
 637:Drivers/STM32WBxx_HAL_Driver/Src/stm32wbxx_hal_rcc.c ****       if (((RCC_OscInitStruct->OscillatorType) & RCC_OSCILLATORTYPE_LSI2) == RCC_OSCILLATORTYPE_LSI
 638:Drivers/STM32WBxx_HAL_Driver/Src/stm32wbxx_hal_rcc.c ****       {
 639:Drivers/STM32WBxx_HAL_Driver/Src/stm32wbxx_hal_rcc.c ****         assert_param(IS_RCC_LSI2_CALIBRATION_VALUE(RCC_OscInitStruct->LSI2CalibrationValue));
 640:Drivers/STM32WBxx_HAL_Driver/Src/stm32wbxx_hal_rcc.c **** 
 641:Drivers/STM32WBxx_HAL_Driver/Src/stm32wbxx_hal_rcc.c ****         /* 1. Check LSI1 state and enable if required */
 642:Drivers/STM32WBxx_HAL_Driver/Src/stm32wbxx_hal_rcc.c ****         if (LL_RCC_LSI1_IsReady() == 0U)
 643:Drivers/STM32WBxx_HAL_Driver/Src/stm32wbxx_hal_rcc.c ****         {
 644:Drivers/STM32WBxx_HAL_Driver/Src/stm32wbxx_hal_rcc.c ****           /* This is required to enable LSI1 before enabling LSI2 */
 645:Drivers/STM32WBxx_HAL_Driver/Src/stm32wbxx_hal_rcc.c ****           __HAL_RCC_LSI1_ENABLE();
 646:Drivers/STM32WBxx_HAL_Driver/Src/stm32wbxx_hal_rcc.c **** 
 647:Drivers/STM32WBxx_HAL_Driver/Src/stm32wbxx_hal_rcc.c ****           /* Get Start Tick*/
 648:Drivers/STM32WBxx_HAL_Driver/Src/stm32wbxx_hal_rcc.c ****           tickstart = HAL_GetTick();
 649:Drivers/STM32WBxx_HAL_Driver/Src/stm32wbxx_hal_rcc.c **** 
 650:Drivers/STM32WBxx_HAL_Driver/Src/stm32wbxx_hal_rcc.c ****           /* Wait till LSI1 is ready */
 651:Drivers/STM32WBxx_HAL_Driver/Src/stm32wbxx_hal_rcc.c ****           while (LL_RCC_LSI1_IsReady() == 0U)
 652:Drivers/STM32WBxx_HAL_Driver/Src/stm32wbxx_hal_rcc.c ****           {
 653:Drivers/STM32WBxx_HAL_Driver/Src/stm32wbxx_hal_rcc.c ****             if ((HAL_GetTick() - tickstart) > LSI1_TIMEOUT_VALUE)
 654:Drivers/STM32WBxx_HAL_Driver/Src/stm32wbxx_hal_rcc.c ****             {
 655:Drivers/STM32WBxx_HAL_Driver/Src/stm32wbxx_hal_rcc.c ****               return HAL_TIMEOUT;
 656:Drivers/STM32WBxx_HAL_Driver/Src/stm32wbxx_hal_rcc.c ****             }
 657:Drivers/STM32WBxx_HAL_Driver/Src/stm32wbxx_hal_rcc.c ****           }
ARM GAS  /var/folders/98/ctz5mtps7w71v8dr53cf5qg40000gn/T//ccdzqVkO.s 			page 13


 658:Drivers/STM32WBxx_HAL_Driver/Src/stm32wbxx_hal_rcc.c ****         }
 659:Drivers/STM32WBxx_HAL_Driver/Src/stm32wbxx_hal_rcc.c **** 
 660:Drivers/STM32WBxx_HAL_Driver/Src/stm32wbxx_hal_rcc.c ****         /* 2. Enable the Internal Low Speed oscillator (LSI2) and set trimming value */
 661:Drivers/STM32WBxx_HAL_Driver/Src/stm32wbxx_hal_rcc.c ****         __HAL_RCC_LSI2_ENABLE();
 662:Drivers/STM32WBxx_HAL_Driver/Src/stm32wbxx_hal_rcc.c **** 
 663:Drivers/STM32WBxx_HAL_Driver/Src/stm32wbxx_hal_rcc.c ****         /* Get Start Tick*/
 664:Drivers/STM32WBxx_HAL_Driver/Src/stm32wbxx_hal_rcc.c ****         tickstart = HAL_GetTick();
 665:Drivers/STM32WBxx_HAL_Driver/Src/stm32wbxx_hal_rcc.c **** 
 666:Drivers/STM32WBxx_HAL_Driver/Src/stm32wbxx_hal_rcc.c ****         /* Wait till LSI2 is ready */
 667:Drivers/STM32WBxx_HAL_Driver/Src/stm32wbxx_hal_rcc.c ****         while (LL_RCC_LSI2_IsReady() == 0U)
 668:Drivers/STM32WBxx_HAL_Driver/Src/stm32wbxx_hal_rcc.c ****         {
 669:Drivers/STM32WBxx_HAL_Driver/Src/stm32wbxx_hal_rcc.c ****           if ((HAL_GetTick() - tickstart) > LSI2_TIMEOUT_VALUE)
 670:Drivers/STM32WBxx_HAL_Driver/Src/stm32wbxx_hal_rcc.c ****           {
 671:Drivers/STM32WBxx_HAL_Driver/Src/stm32wbxx_hal_rcc.c ****             return HAL_TIMEOUT;
 672:Drivers/STM32WBxx_HAL_Driver/Src/stm32wbxx_hal_rcc.c ****           }
 673:Drivers/STM32WBxx_HAL_Driver/Src/stm32wbxx_hal_rcc.c ****         }
 674:Drivers/STM32WBxx_HAL_Driver/Src/stm32wbxx_hal_rcc.c ****         /* Adjusts the Internal Low Spee oscillator (LSI2) calibration value */
 675:Drivers/STM32WBxx_HAL_Driver/Src/stm32wbxx_hal_rcc.c ****         __HAL_RCC_LSI2_CALIBRATIONVALUE_ADJUST(RCC_OscInitStruct->LSI2CalibrationValue);
 676:Drivers/STM32WBxx_HAL_Driver/Src/stm32wbxx_hal_rcc.c **** 
 677:Drivers/STM32WBxx_HAL_Driver/Src/stm32wbxx_hal_rcc.c ****         /* 3. Disable LSI1 */
 678:Drivers/STM32WBxx_HAL_Driver/Src/stm32wbxx_hal_rcc.c **** 
 679:Drivers/STM32WBxx_HAL_Driver/Src/stm32wbxx_hal_rcc.c ****         /* LSI1 was initially not enable, require to disable it */
 680:Drivers/STM32WBxx_HAL_Driver/Src/stm32wbxx_hal_rcc.c ****         __HAL_RCC_LSI1_DISABLE();
 681:Drivers/STM32WBxx_HAL_Driver/Src/stm32wbxx_hal_rcc.c **** 
 682:Drivers/STM32WBxx_HAL_Driver/Src/stm32wbxx_hal_rcc.c ****         /* Get Start Tick*/
 683:Drivers/STM32WBxx_HAL_Driver/Src/stm32wbxx_hal_rcc.c ****         tickstart = HAL_GetTick();
 684:Drivers/STM32WBxx_HAL_Driver/Src/stm32wbxx_hal_rcc.c **** 
 685:Drivers/STM32WBxx_HAL_Driver/Src/stm32wbxx_hal_rcc.c ****         /* Wait till LSI1 is disabled */
 686:Drivers/STM32WBxx_HAL_Driver/Src/stm32wbxx_hal_rcc.c ****         while (LL_RCC_LSI1_IsReady() != 0U)
 687:Drivers/STM32WBxx_HAL_Driver/Src/stm32wbxx_hal_rcc.c ****         {
 688:Drivers/STM32WBxx_HAL_Driver/Src/stm32wbxx_hal_rcc.c ****           if ((HAL_GetTick() - tickstart) > LSI1_TIMEOUT_VALUE)
 689:Drivers/STM32WBxx_HAL_Driver/Src/stm32wbxx_hal_rcc.c ****           {
 690:Drivers/STM32WBxx_HAL_Driver/Src/stm32wbxx_hal_rcc.c ****             return HAL_TIMEOUT;
 691:Drivers/STM32WBxx_HAL_Driver/Src/stm32wbxx_hal_rcc.c ****           }
 692:Drivers/STM32WBxx_HAL_Driver/Src/stm32wbxx_hal_rcc.c ****         }
 693:Drivers/STM32WBxx_HAL_Driver/Src/stm32wbxx_hal_rcc.c ****       }
 694:Drivers/STM32WBxx_HAL_Driver/Src/stm32wbxx_hal_rcc.c ****       else
 695:Drivers/STM32WBxx_HAL_Driver/Src/stm32wbxx_hal_rcc.c ****       {
 696:Drivers/STM32WBxx_HAL_Driver/Src/stm32wbxx_hal_rcc.c ****         /*------------------------------ LSI1 selected (only if LSI2 OFF)-------------------------*
 697:Drivers/STM32WBxx_HAL_Driver/Src/stm32wbxx_hal_rcc.c **** 
 698:Drivers/STM32WBxx_HAL_Driver/Src/stm32wbxx_hal_rcc.c ****         /* 1. Enable the Internal Low Speed oscillator (LSI1). */
 699:Drivers/STM32WBxx_HAL_Driver/Src/stm32wbxx_hal_rcc.c ****         __HAL_RCC_LSI1_ENABLE();
 700:Drivers/STM32WBxx_HAL_Driver/Src/stm32wbxx_hal_rcc.c **** 
 701:Drivers/STM32WBxx_HAL_Driver/Src/stm32wbxx_hal_rcc.c ****         /* Get Start Tick*/
 702:Drivers/STM32WBxx_HAL_Driver/Src/stm32wbxx_hal_rcc.c ****         tickstart = HAL_GetTick();
 703:Drivers/STM32WBxx_HAL_Driver/Src/stm32wbxx_hal_rcc.c **** 
 704:Drivers/STM32WBxx_HAL_Driver/Src/stm32wbxx_hal_rcc.c ****         /* Wait till LSI1 is ready */
 705:Drivers/STM32WBxx_HAL_Driver/Src/stm32wbxx_hal_rcc.c ****         while (LL_RCC_LSI1_IsReady() == 0U)
 706:Drivers/STM32WBxx_HAL_Driver/Src/stm32wbxx_hal_rcc.c ****         {
 707:Drivers/STM32WBxx_HAL_Driver/Src/stm32wbxx_hal_rcc.c ****           if ((HAL_GetTick() - tickstart) > LSI1_TIMEOUT_VALUE)
 708:Drivers/STM32WBxx_HAL_Driver/Src/stm32wbxx_hal_rcc.c ****           {
 709:Drivers/STM32WBxx_HAL_Driver/Src/stm32wbxx_hal_rcc.c ****             return HAL_TIMEOUT;
 710:Drivers/STM32WBxx_HAL_Driver/Src/stm32wbxx_hal_rcc.c ****           }
 711:Drivers/STM32WBxx_HAL_Driver/Src/stm32wbxx_hal_rcc.c ****         }
 712:Drivers/STM32WBxx_HAL_Driver/Src/stm32wbxx_hal_rcc.c ****         /*2. Switch OFF LSI2*/
 713:Drivers/STM32WBxx_HAL_Driver/Src/stm32wbxx_hal_rcc.c **** 
 714:Drivers/STM32WBxx_HAL_Driver/Src/stm32wbxx_hal_rcc.c ****         /* Disable the Internal Low Speed oscillator (LSI2). */
ARM GAS  /var/folders/98/ctz5mtps7w71v8dr53cf5qg40000gn/T//ccdzqVkO.s 			page 14


 715:Drivers/STM32WBxx_HAL_Driver/Src/stm32wbxx_hal_rcc.c ****         __HAL_RCC_LSI2_DISABLE();
 716:Drivers/STM32WBxx_HAL_Driver/Src/stm32wbxx_hal_rcc.c **** 
 717:Drivers/STM32WBxx_HAL_Driver/Src/stm32wbxx_hal_rcc.c ****         /* Wait till LSI2 is disabled */
 718:Drivers/STM32WBxx_HAL_Driver/Src/stm32wbxx_hal_rcc.c ****         while (LL_RCC_LSI2_IsReady() != 0U)
 719:Drivers/STM32WBxx_HAL_Driver/Src/stm32wbxx_hal_rcc.c ****         {
 720:Drivers/STM32WBxx_HAL_Driver/Src/stm32wbxx_hal_rcc.c ****           if ((HAL_GetTick() - tickstart) > LSI2_TIMEOUT_VALUE)
 721:Drivers/STM32WBxx_HAL_Driver/Src/stm32wbxx_hal_rcc.c ****           {
 722:Drivers/STM32WBxx_HAL_Driver/Src/stm32wbxx_hal_rcc.c ****             return HAL_TIMEOUT;
 723:Drivers/STM32WBxx_HAL_Driver/Src/stm32wbxx_hal_rcc.c ****           }
 724:Drivers/STM32WBxx_HAL_Driver/Src/stm32wbxx_hal_rcc.c ****         }
 725:Drivers/STM32WBxx_HAL_Driver/Src/stm32wbxx_hal_rcc.c ****       }
 726:Drivers/STM32WBxx_HAL_Driver/Src/stm32wbxx_hal_rcc.c ****     }
 727:Drivers/STM32WBxx_HAL_Driver/Src/stm32wbxx_hal_rcc.c ****     else
 728:Drivers/STM32WBxx_HAL_Driver/Src/stm32wbxx_hal_rcc.c ****     {
 729:Drivers/STM32WBxx_HAL_Driver/Src/stm32wbxx_hal_rcc.c **** 
 730:Drivers/STM32WBxx_HAL_Driver/Src/stm32wbxx_hal_rcc.c ****       /* Disable the Internal Low Speed oscillator (LSI2). */
 731:Drivers/STM32WBxx_HAL_Driver/Src/stm32wbxx_hal_rcc.c ****       __HAL_RCC_LSI2_DISABLE();
 732:Drivers/STM32WBxx_HAL_Driver/Src/stm32wbxx_hal_rcc.c **** 
 733:Drivers/STM32WBxx_HAL_Driver/Src/stm32wbxx_hal_rcc.c ****       /* Get Start Tick*/
 734:Drivers/STM32WBxx_HAL_Driver/Src/stm32wbxx_hal_rcc.c ****       tickstart = HAL_GetTick();
 735:Drivers/STM32WBxx_HAL_Driver/Src/stm32wbxx_hal_rcc.c **** 
 736:Drivers/STM32WBxx_HAL_Driver/Src/stm32wbxx_hal_rcc.c ****       /* Wait till LSI2 is disabled */
 737:Drivers/STM32WBxx_HAL_Driver/Src/stm32wbxx_hal_rcc.c ****       while (LL_RCC_LSI2_IsReady() != 0U)
 738:Drivers/STM32WBxx_HAL_Driver/Src/stm32wbxx_hal_rcc.c ****       {
 739:Drivers/STM32WBxx_HAL_Driver/Src/stm32wbxx_hal_rcc.c ****         if ((HAL_GetTick() - tickstart) > LSI2_TIMEOUT_VALUE)
 740:Drivers/STM32WBxx_HAL_Driver/Src/stm32wbxx_hal_rcc.c ****         {
 741:Drivers/STM32WBxx_HAL_Driver/Src/stm32wbxx_hal_rcc.c ****           return HAL_TIMEOUT;
 742:Drivers/STM32WBxx_HAL_Driver/Src/stm32wbxx_hal_rcc.c ****         }
 743:Drivers/STM32WBxx_HAL_Driver/Src/stm32wbxx_hal_rcc.c ****       }
 744:Drivers/STM32WBxx_HAL_Driver/Src/stm32wbxx_hal_rcc.c **** 
 745:Drivers/STM32WBxx_HAL_Driver/Src/stm32wbxx_hal_rcc.c ****       /* Disable the Internal Low Speed oscillator (LSI1). */
 746:Drivers/STM32WBxx_HAL_Driver/Src/stm32wbxx_hal_rcc.c ****       __HAL_RCC_LSI1_DISABLE();
 747:Drivers/STM32WBxx_HAL_Driver/Src/stm32wbxx_hal_rcc.c **** 
 748:Drivers/STM32WBxx_HAL_Driver/Src/stm32wbxx_hal_rcc.c ****       /* Get Start Tick*/
 749:Drivers/STM32WBxx_HAL_Driver/Src/stm32wbxx_hal_rcc.c ****       tickstart = HAL_GetTick();
 750:Drivers/STM32WBxx_HAL_Driver/Src/stm32wbxx_hal_rcc.c **** 
 751:Drivers/STM32WBxx_HAL_Driver/Src/stm32wbxx_hal_rcc.c ****       /* Wait till LSI1 is disabled */
 752:Drivers/STM32WBxx_HAL_Driver/Src/stm32wbxx_hal_rcc.c ****       while (LL_RCC_LSI1_IsReady() != 0U)
 753:Drivers/STM32WBxx_HAL_Driver/Src/stm32wbxx_hal_rcc.c ****       {
 754:Drivers/STM32WBxx_HAL_Driver/Src/stm32wbxx_hal_rcc.c ****         if ((HAL_GetTick() - tickstart) > LSI1_TIMEOUT_VALUE)
 755:Drivers/STM32WBxx_HAL_Driver/Src/stm32wbxx_hal_rcc.c ****         {
 756:Drivers/STM32WBxx_HAL_Driver/Src/stm32wbxx_hal_rcc.c ****           return HAL_TIMEOUT;
 757:Drivers/STM32WBxx_HAL_Driver/Src/stm32wbxx_hal_rcc.c ****         }
 758:Drivers/STM32WBxx_HAL_Driver/Src/stm32wbxx_hal_rcc.c ****       }
 759:Drivers/STM32WBxx_HAL_Driver/Src/stm32wbxx_hal_rcc.c ****     }
 760:Drivers/STM32WBxx_HAL_Driver/Src/stm32wbxx_hal_rcc.c ****   }
 761:Drivers/STM32WBxx_HAL_Driver/Src/stm32wbxx_hal_rcc.c **** 
 762:Drivers/STM32WBxx_HAL_Driver/Src/stm32wbxx_hal_rcc.c ****   /*------------------------------ LSE Configuration -------------------------*/
 763:Drivers/STM32WBxx_HAL_Driver/Src/stm32wbxx_hal_rcc.c ****   if (((RCC_OscInitStruct->OscillatorType) & RCC_OSCILLATORTYPE_LSE) == RCC_OSCILLATORTYPE_LSE)
 764:Drivers/STM32WBxx_HAL_Driver/Src/stm32wbxx_hal_rcc.c ****   {
 765:Drivers/STM32WBxx_HAL_Driver/Src/stm32wbxx_hal_rcc.c ****     /* Check the parameters */
 766:Drivers/STM32WBxx_HAL_Driver/Src/stm32wbxx_hal_rcc.c ****     assert_param(IS_RCC_LSE(RCC_OscInitStruct->LSEState));
 767:Drivers/STM32WBxx_HAL_Driver/Src/stm32wbxx_hal_rcc.c **** 
 768:Drivers/STM32WBxx_HAL_Driver/Src/stm32wbxx_hal_rcc.c ****     /* Update LSE configuration in Backup Domain control register    */
 769:Drivers/STM32WBxx_HAL_Driver/Src/stm32wbxx_hal_rcc.c ****     /* Requires to enable write access to Backup Domain of necessary */
 770:Drivers/STM32WBxx_HAL_Driver/Src/stm32wbxx_hal_rcc.c **** 
 771:Drivers/STM32WBxx_HAL_Driver/Src/stm32wbxx_hal_rcc.c ****     if (HAL_IS_BIT_CLR(PWR->CR1, PWR_CR1_DBP))
ARM GAS  /var/folders/98/ctz5mtps7w71v8dr53cf5qg40000gn/T//ccdzqVkO.s 			page 15


 772:Drivers/STM32WBxx_HAL_Driver/Src/stm32wbxx_hal_rcc.c ****     {
 773:Drivers/STM32WBxx_HAL_Driver/Src/stm32wbxx_hal_rcc.c ****       /* Enable write access to Backup domain */
 774:Drivers/STM32WBxx_HAL_Driver/Src/stm32wbxx_hal_rcc.c ****       HAL_PWR_EnableBkUpAccess();
 775:Drivers/STM32WBxx_HAL_Driver/Src/stm32wbxx_hal_rcc.c **** 
 776:Drivers/STM32WBxx_HAL_Driver/Src/stm32wbxx_hal_rcc.c ****       /* Wait for Backup domain Write protection disable */
 777:Drivers/STM32WBxx_HAL_Driver/Src/stm32wbxx_hal_rcc.c ****       tickstart = HAL_GetTick();
 778:Drivers/STM32WBxx_HAL_Driver/Src/stm32wbxx_hal_rcc.c **** 
 779:Drivers/STM32WBxx_HAL_Driver/Src/stm32wbxx_hal_rcc.c ****       while (HAL_IS_BIT_CLR(PWR->CR1, PWR_CR1_DBP))
 780:Drivers/STM32WBxx_HAL_Driver/Src/stm32wbxx_hal_rcc.c ****       {
 781:Drivers/STM32WBxx_HAL_Driver/Src/stm32wbxx_hal_rcc.c ****         if ((HAL_GetTick() - tickstart) > RCC_DBP_TIMEOUT_VALUE)
 782:Drivers/STM32WBxx_HAL_Driver/Src/stm32wbxx_hal_rcc.c ****         {
 783:Drivers/STM32WBxx_HAL_Driver/Src/stm32wbxx_hal_rcc.c ****           return HAL_TIMEOUT;
 784:Drivers/STM32WBxx_HAL_Driver/Src/stm32wbxx_hal_rcc.c ****         }
 785:Drivers/STM32WBxx_HAL_Driver/Src/stm32wbxx_hal_rcc.c ****       }
 786:Drivers/STM32WBxx_HAL_Driver/Src/stm32wbxx_hal_rcc.c ****     }
 787:Drivers/STM32WBxx_HAL_Driver/Src/stm32wbxx_hal_rcc.c **** 
 788:Drivers/STM32WBxx_HAL_Driver/Src/stm32wbxx_hal_rcc.c ****     /* Set the new LSE configuration -----------------------------------------*/
 789:Drivers/STM32WBxx_HAL_Driver/Src/stm32wbxx_hal_rcc.c ****     __HAL_RCC_LSE_CONFIG(RCC_OscInitStruct->LSEState);
 790:Drivers/STM32WBxx_HAL_Driver/Src/stm32wbxx_hal_rcc.c **** 
 791:Drivers/STM32WBxx_HAL_Driver/Src/stm32wbxx_hal_rcc.c ****     /* Check the LSE State */
 792:Drivers/STM32WBxx_HAL_Driver/Src/stm32wbxx_hal_rcc.c ****     if (RCC_OscInitStruct->LSEState != RCC_LSE_OFF)
 793:Drivers/STM32WBxx_HAL_Driver/Src/stm32wbxx_hal_rcc.c ****     {
 794:Drivers/STM32WBxx_HAL_Driver/Src/stm32wbxx_hal_rcc.c ****       /* Get Start Tick*/
 795:Drivers/STM32WBxx_HAL_Driver/Src/stm32wbxx_hal_rcc.c ****       tickstart = HAL_GetTick();
 796:Drivers/STM32WBxx_HAL_Driver/Src/stm32wbxx_hal_rcc.c **** 
 797:Drivers/STM32WBxx_HAL_Driver/Src/stm32wbxx_hal_rcc.c ****       /* Wait till LSE is ready */
 798:Drivers/STM32WBxx_HAL_Driver/Src/stm32wbxx_hal_rcc.c ****       while (LL_RCC_LSE_IsReady() == 0U)
 799:Drivers/STM32WBxx_HAL_Driver/Src/stm32wbxx_hal_rcc.c ****       {
 800:Drivers/STM32WBxx_HAL_Driver/Src/stm32wbxx_hal_rcc.c ****         if ((HAL_GetTick() - tickstart) > RCC_LSE_TIMEOUT_VALUE)
 801:Drivers/STM32WBxx_HAL_Driver/Src/stm32wbxx_hal_rcc.c ****         {
 802:Drivers/STM32WBxx_HAL_Driver/Src/stm32wbxx_hal_rcc.c ****           return HAL_TIMEOUT;
 803:Drivers/STM32WBxx_HAL_Driver/Src/stm32wbxx_hal_rcc.c ****         }
 804:Drivers/STM32WBxx_HAL_Driver/Src/stm32wbxx_hal_rcc.c ****       }
 805:Drivers/STM32WBxx_HAL_Driver/Src/stm32wbxx_hal_rcc.c ****     }
 806:Drivers/STM32WBxx_HAL_Driver/Src/stm32wbxx_hal_rcc.c ****     else
 807:Drivers/STM32WBxx_HAL_Driver/Src/stm32wbxx_hal_rcc.c ****     {
 808:Drivers/STM32WBxx_HAL_Driver/Src/stm32wbxx_hal_rcc.c ****       /* Get Start Tick*/
 809:Drivers/STM32WBxx_HAL_Driver/Src/stm32wbxx_hal_rcc.c ****       tickstart = HAL_GetTick();
 810:Drivers/STM32WBxx_HAL_Driver/Src/stm32wbxx_hal_rcc.c **** 
 811:Drivers/STM32WBxx_HAL_Driver/Src/stm32wbxx_hal_rcc.c ****       /* Wait till LSE is disabled */
 812:Drivers/STM32WBxx_HAL_Driver/Src/stm32wbxx_hal_rcc.c ****       while (LL_RCC_LSE_IsReady() != 0U)
 813:Drivers/STM32WBxx_HAL_Driver/Src/stm32wbxx_hal_rcc.c ****       {
 814:Drivers/STM32WBxx_HAL_Driver/Src/stm32wbxx_hal_rcc.c ****         if ((HAL_GetTick() - tickstart) > RCC_LSE_TIMEOUT_VALUE)
 815:Drivers/STM32WBxx_HAL_Driver/Src/stm32wbxx_hal_rcc.c ****         {
 816:Drivers/STM32WBxx_HAL_Driver/Src/stm32wbxx_hal_rcc.c ****           return HAL_TIMEOUT;
 817:Drivers/STM32WBxx_HAL_Driver/Src/stm32wbxx_hal_rcc.c ****         }
 818:Drivers/STM32WBxx_HAL_Driver/Src/stm32wbxx_hal_rcc.c ****       }
 819:Drivers/STM32WBxx_HAL_Driver/Src/stm32wbxx_hal_rcc.c ****     }
 820:Drivers/STM32WBxx_HAL_Driver/Src/stm32wbxx_hal_rcc.c **** 
 821:Drivers/STM32WBxx_HAL_Driver/Src/stm32wbxx_hal_rcc.c ****   }
 822:Drivers/STM32WBxx_HAL_Driver/Src/stm32wbxx_hal_rcc.c **** #if defined(RCC_HSI48_SUPPORT)
 823:Drivers/STM32WBxx_HAL_Driver/Src/stm32wbxx_hal_rcc.c ****   /*------------------------------ HSI48 Configuration -----------------------*/
 824:Drivers/STM32WBxx_HAL_Driver/Src/stm32wbxx_hal_rcc.c ****   if (((RCC_OscInitStruct->OscillatorType) & RCC_OSCILLATORTYPE_HSI48) == RCC_OSCILLATORTYPE_HSI48)
 825:Drivers/STM32WBxx_HAL_Driver/Src/stm32wbxx_hal_rcc.c ****   {
 826:Drivers/STM32WBxx_HAL_Driver/Src/stm32wbxx_hal_rcc.c ****     /* Check the parameters */
 827:Drivers/STM32WBxx_HAL_Driver/Src/stm32wbxx_hal_rcc.c ****     assert_param(IS_RCC_HSI48(RCC_OscInitStruct->HSI48State));
 828:Drivers/STM32WBxx_HAL_Driver/Src/stm32wbxx_hal_rcc.c **** 
ARM GAS  /var/folders/98/ctz5mtps7w71v8dr53cf5qg40000gn/T//ccdzqVkO.s 			page 16


 829:Drivers/STM32WBxx_HAL_Driver/Src/stm32wbxx_hal_rcc.c ****     /* Check the HSI State */
 830:Drivers/STM32WBxx_HAL_Driver/Src/stm32wbxx_hal_rcc.c ****     if (RCC_OscInitStruct->HSI48State != RCC_HSI48_OFF)
 831:Drivers/STM32WBxx_HAL_Driver/Src/stm32wbxx_hal_rcc.c ****     {
 832:Drivers/STM32WBxx_HAL_Driver/Src/stm32wbxx_hal_rcc.c ****       /* Enable the Internal Low Speed oscillator (HSI48). */
 833:Drivers/STM32WBxx_HAL_Driver/Src/stm32wbxx_hal_rcc.c ****       __HAL_RCC_HSI48_ENABLE();
 834:Drivers/STM32WBxx_HAL_Driver/Src/stm32wbxx_hal_rcc.c **** 
 835:Drivers/STM32WBxx_HAL_Driver/Src/stm32wbxx_hal_rcc.c ****       /* Get Start Tick*/
 836:Drivers/STM32WBxx_HAL_Driver/Src/stm32wbxx_hal_rcc.c ****       tickstart = HAL_GetTick();
 837:Drivers/STM32WBxx_HAL_Driver/Src/stm32wbxx_hal_rcc.c **** 
 838:Drivers/STM32WBxx_HAL_Driver/Src/stm32wbxx_hal_rcc.c ****       /* Wait till HSI48 is ready */
 839:Drivers/STM32WBxx_HAL_Driver/Src/stm32wbxx_hal_rcc.c ****       while (LL_RCC_HSI48_IsReady() == 0U)
 840:Drivers/STM32WBxx_HAL_Driver/Src/stm32wbxx_hal_rcc.c ****       {
 841:Drivers/STM32WBxx_HAL_Driver/Src/stm32wbxx_hal_rcc.c ****         if ((HAL_GetTick() - tickstart) > HSI48_TIMEOUT_VALUE)
 842:Drivers/STM32WBxx_HAL_Driver/Src/stm32wbxx_hal_rcc.c ****         {
 843:Drivers/STM32WBxx_HAL_Driver/Src/stm32wbxx_hal_rcc.c ****           return HAL_TIMEOUT;
 844:Drivers/STM32WBxx_HAL_Driver/Src/stm32wbxx_hal_rcc.c ****         }
 845:Drivers/STM32WBxx_HAL_Driver/Src/stm32wbxx_hal_rcc.c ****       }
 846:Drivers/STM32WBxx_HAL_Driver/Src/stm32wbxx_hal_rcc.c ****     }
 847:Drivers/STM32WBxx_HAL_Driver/Src/stm32wbxx_hal_rcc.c ****     else
 848:Drivers/STM32WBxx_HAL_Driver/Src/stm32wbxx_hal_rcc.c ****     {
 849:Drivers/STM32WBxx_HAL_Driver/Src/stm32wbxx_hal_rcc.c ****       /* Disable the Internal Low Speed oscillator (HSI48). */
 850:Drivers/STM32WBxx_HAL_Driver/Src/stm32wbxx_hal_rcc.c ****       __HAL_RCC_HSI48_DISABLE();
 851:Drivers/STM32WBxx_HAL_Driver/Src/stm32wbxx_hal_rcc.c **** 
 852:Drivers/STM32WBxx_HAL_Driver/Src/stm32wbxx_hal_rcc.c ****       /* Get Start Tick*/
 853:Drivers/STM32WBxx_HAL_Driver/Src/stm32wbxx_hal_rcc.c ****       tickstart = HAL_GetTick();
 854:Drivers/STM32WBxx_HAL_Driver/Src/stm32wbxx_hal_rcc.c **** 
 855:Drivers/STM32WBxx_HAL_Driver/Src/stm32wbxx_hal_rcc.c ****       /* Wait till HSI48 is disabled */
 856:Drivers/STM32WBxx_HAL_Driver/Src/stm32wbxx_hal_rcc.c ****       while (LL_RCC_HSI48_IsReady() != 0U)
 857:Drivers/STM32WBxx_HAL_Driver/Src/stm32wbxx_hal_rcc.c ****       {
 858:Drivers/STM32WBxx_HAL_Driver/Src/stm32wbxx_hal_rcc.c ****         if ((HAL_GetTick() - tickstart) > HSI48_TIMEOUT_VALUE)
 859:Drivers/STM32WBxx_HAL_Driver/Src/stm32wbxx_hal_rcc.c ****         {
 860:Drivers/STM32WBxx_HAL_Driver/Src/stm32wbxx_hal_rcc.c ****           return HAL_TIMEOUT;
 861:Drivers/STM32WBxx_HAL_Driver/Src/stm32wbxx_hal_rcc.c ****         }
 862:Drivers/STM32WBxx_HAL_Driver/Src/stm32wbxx_hal_rcc.c ****       }
 863:Drivers/STM32WBxx_HAL_Driver/Src/stm32wbxx_hal_rcc.c ****     }
 864:Drivers/STM32WBxx_HAL_Driver/Src/stm32wbxx_hal_rcc.c ****   }
 865:Drivers/STM32WBxx_HAL_Driver/Src/stm32wbxx_hal_rcc.c **** #endif /* RCC_HSI48_SUPPORT */
 866:Drivers/STM32WBxx_HAL_Driver/Src/stm32wbxx_hal_rcc.c ****   /*-------------------------------- PLL Configuration -----------------------*/
 867:Drivers/STM32WBxx_HAL_Driver/Src/stm32wbxx_hal_rcc.c ****   /* Check the parameters */
 868:Drivers/STM32WBxx_HAL_Driver/Src/stm32wbxx_hal_rcc.c ****   assert_param(IS_RCC_PLL(RCC_OscInitStruct->PLL.PLLState));
 869:Drivers/STM32WBxx_HAL_Driver/Src/stm32wbxx_hal_rcc.c **** 
 870:Drivers/STM32WBxx_HAL_Driver/Src/stm32wbxx_hal_rcc.c ****   if (RCC_OscInitStruct->PLL.PLLState != RCC_PLL_NONE)
 871:Drivers/STM32WBxx_HAL_Driver/Src/stm32wbxx_hal_rcc.c ****   {
 872:Drivers/STM32WBxx_HAL_Driver/Src/stm32wbxx_hal_rcc.c ****     const uint32_t temp_sysclksrc = __HAL_RCC_GET_SYSCLK_SOURCE();
 873:Drivers/STM32WBxx_HAL_Driver/Src/stm32wbxx_hal_rcc.c ****     const uint32_t temp_pllconfig = RCC->PLLCFGR;
 874:Drivers/STM32WBxx_HAL_Driver/Src/stm32wbxx_hal_rcc.c **** 
 875:Drivers/STM32WBxx_HAL_Driver/Src/stm32wbxx_hal_rcc.c ****     /* PLL On ? */
 876:Drivers/STM32WBxx_HAL_Driver/Src/stm32wbxx_hal_rcc.c ****     if (RCC_OscInitStruct->PLL.PLLState == RCC_PLL_ON)
 877:Drivers/STM32WBxx_HAL_Driver/Src/stm32wbxx_hal_rcc.c ****     {
 878:Drivers/STM32WBxx_HAL_Driver/Src/stm32wbxx_hal_rcc.c ****       /* Check the parameters */
 879:Drivers/STM32WBxx_HAL_Driver/Src/stm32wbxx_hal_rcc.c ****       assert_param(IS_RCC_PLLSOURCE(RCC_OscInitStruct->PLL.PLLSource));
 880:Drivers/STM32WBxx_HAL_Driver/Src/stm32wbxx_hal_rcc.c ****       assert_param(IS_RCC_PLLM_VALUE(RCC_OscInitStruct->PLL.PLLM));
 881:Drivers/STM32WBxx_HAL_Driver/Src/stm32wbxx_hal_rcc.c ****       assert_param(IS_RCC_PLLN_VALUE(RCC_OscInitStruct->PLL.PLLN));
 882:Drivers/STM32WBxx_HAL_Driver/Src/stm32wbxx_hal_rcc.c ****       assert_param(IS_RCC_PLLP_VALUE(RCC_OscInitStruct->PLL.PLLP));
 883:Drivers/STM32WBxx_HAL_Driver/Src/stm32wbxx_hal_rcc.c ****       assert_param(IS_RCC_PLLQ_VALUE(RCC_OscInitStruct->PLL.PLLQ));
 884:Drivers/STM32WBxx_HAL_Driver/Src/stm32wbxx_hal_rcc.c ****       assert_param(IS_RCC_PLLR_VALUE(RCC_OscInitStruct->PLL.PLLR));
 885:Drivers/STM32WBxx_HAL_Driver/Src/stm32wbxx_hal_rcc.c **** 
ARM GAS  /var/folders/98/ctz5mtps7w71v8dr53cf5qg40000gn/T//ccdzqVkO.s 			page 17


 886:Drivers/STM32WBxx_HAL_Driver/Src/stm32wbxx_hal_rcc.c ****       /* Do nothing if PLL configuration is unchanged */
 887:Drivers/STM32WBxx_HAL_Driver/Src/stm32wbxx_hal_rcc.c ****       if ((READ_BIT(temp_pllconfig, RCC_PLLCFGR_PLLSRC) != RCC_OscInitStruct->PLL.PLLSource) ||
 888:Drivers/STM32WBxx_HAL_Driver/Src/stm32wbxx_hal_rcc.c ****           (READ_BIT(temp_pllconfig, RCC_PLLCFGR_PLLM) != RCC_OscInitStruct->PLL.PLLM) ||
 889:Drivers/STM32WBxx_HAL_Driver/Src/stm32wbxx_hal_rcc.c ****           ((READ_BIT(temp_pllconfig, RCC_PLLCFGR_PLLN) >> RCC_PLLCFGR_PLLN_Pos) != RCC_OscInitStruc
 890:Drivers/STM32WBxx_HAL_Driver/Src/stm32wbxx_hal_rcc.c ****           (READ_BIT(temp_pllconfig, RCC_PLLCFGR_PLLP) != RCC_OscInitStruct->PLL.PLLP) ||
 891:Drivers/STM32WBxx_HAL_Driver/Src/stm32wbxx_hal_rcc.c ****           (READ_BIT(temp_pllconfig, RCC_PLLCFGR_PLLQ) != RCC_OscInitStruct->PLL.PLLQ) ||
 892:Drivers/STM32WBxx_HAL_Driver/Src/stm32wbxx_hal_rcc.c ****           (READ_BIT(temp_pllconfig, RCC_PLLCFGR_PLLR) != RCC_OscInitStruct->PLL.PLLR))
 893:Drivers/STM32WBxx_HAL_Driver/Src/stm32wbxx_hal_rcc.c ****       {
 894:Drivers/STM32WBxx_HAL_Driver/Src/stm32wbxx_hal_rcc.c ****         /* Check if the PLL is used as system clock or not */
 895:Drivers/STM32WBxx_HAL_Driver/Src/stm32wbxx_hal_rcc.c ****         if (temp_sysclksrc != RCC_SYSCLKSOURCE_STATUS_PLLCLK)
 896:Drivers/STM32WBxx_HAL_Driver/Src/stm32wbxx_hal_rcc.c ****         {
 897:Drivers/STM32WBxx_HAL_Driver/Src/stm32wbxx_hal_rcc.c **** #if defined(SAI1)
 898:Drivers/STM32WBxx_HAL_Driver/Src/stm32wbxx_hal_rcc.c ****           /* Check if main PLL can be updated */
 899:Drivers/STM32WBxx_HAL_Driver/Src/stm32wbxx_hal_rcc.c ****           /* Not possible if the source is shared by other enabled PLLSAIx */
 900:Drivers/STM32WBxx_HAL_Driver/Src/stm32wbxx_hal_rcc.c ****           if (READ_BIT(RCC->CR, RCC_CR_PLLSAI1ON) != 0U)
 901:Drivers/STM32WBxx_HAL_Driver/Src/stm32wbxx_hal_rcc.c **** 
 902:Drivers/STM32WBxx_HAL_Driver/Src/stm32wbxx_hal_rcc.c ****           {
 903:Drivers/STM32WBxx_HAL_Driver/Src/stm32wbxx_hal_rcc.c ****             return HAL_ERROR;
 904:Drivers/STM32WBxx_HAL_Driver/Src/stm32wbxx_hal_rcc.c ****           }
 905:Drivers/STM32WBxx_HAL_Driver/Src/stm32wbxx_hal_rcc.c ****           else
 906:Drivers/STM32WBxx_HAL_Driver/Src/stm32wbxx_hal_rcc.c **** #endif /* SAI1 */
 907:Drivers/STM32WBxx_HAL_Driver/Src/stm32wbxx_hal_rcc.c ****           {
 908:Drivers/STM32WBxx_HAL_Driver/Src/stm32wbxx_hal_rcc.c ****             /* Disable the main PLL. */
 909:Drivers/STM32WBxx_HAL_Driver/Src/stm32wbxx_hal_rcc.c ****             __HAL_RCC_PLL_DISABLE();
 910:Drivers/STM32WBxx_HAL_Driver/Src/stm32wbxx_hal_rcc.c **** 
 911:Drivers/STM32WBxx_HAL_Driver/Src/stm32wbxx_hal_rcc.c ****             /* Get Start Tick*/
 912:Drivers/STM32WBxx_HAL_Driver/Src/stm32wbxx_hal_rcc.c ****             tickstart = HAL_GetTick();
 913:Drivers/STM32WBxx_HAL_Driver/Src/stm32wbxx_hal_rcc.c **** 
 914:Drivers/STM32WBxx_HAL_Driver/Src/stm32wbxx_hal_rcc.c ****             /* Wait till PLL is ready */
 915:Drivers/STM32WBxx_HAL_Driver/Src/stm32wbxx_hal_rcc.c ****             while (READ_BIT(RCC->CR, RCC_CR_PLLRDY) != 0U)
 916:Drivers/STM32WBxx_HAL_Driver/Src/stm32wbxx_hal_rcc.c ****             {
 917:Drivers/STM32WBxx_HAL_Driver/Src/stm32wbxx_hal_rcc.c ****               if ((HAL_GetTick() - tickstart) > PLL_TIMEOUT_VALUE)
 918:Drivers/STM32WBxx_HAL_Driver/Src/stm32wbxx_hal_rcc.c ****               {
 919:Drivers/STM32WBxx_HAL_Driver/Src/stm32wbxx_hal_rcc.c ****                 return HAL_TIMEOUT;
 920:Drivers/STM32WBxx_HAL_Driver/Src/stm32wbxx_hal_rcc.c ****               }
 921:Drivers/STM32WBxx_HAL_Driver/Src/stm32wbxx_hal_rcc.c ****             }
 922:Drivers/STM32WBxx_HAL_Driver/Src/stm32wbxx_hal_rcc.c **** 
 923:Drivers/STM32WBxx_HAL_Driver/Src/stm32wbxx_hal_rcc.c ****             /* Configure the main PLL clock source, multiplication and division factors. */
 924:Drivers/STM32WBxx_HAL_Driver/Src/stm32wbxx_hal_rcc.c ****             __HAL_RCC_PLL_CONFIG(RCC_OscInitStruct->PLL.PLLSource,
 925:Drivers/STM32WBxx_HAL_Driver/Src/stm32wbxx_hal_rcc.c ****                                  RCC_OscInitStruct->PLL.PLLM,
 926:Drivers/STM32WBxx_HAL_Driver/Src/stm32wbxx_hal_rcc.c ****                                  RCC_OscInitStruct->PLL.PLLN,
 927:Drivers/STM32WBxx_HAL_Driver/Src/stm32wbxx_hal_rcc.c ****                                  RCC_OscInitStruct->PLL.PLLP,
 928:Drivers/STM32WBxx_HAL_Driver/Src/stm32wbxx_hal_rcc.c ****                                  RCC_OscInitStruct->PLL.PLLQ,
 929:Drivers/STM32WBxx_HAL_Driver/Src/stm32wbxx_hal_rcc.c ****                                  RCC_OscInitStruct->PLL.PLLR);
 930:Drivers/STM32WBxx_HAL_Driver/Src/stm32wbxx_hal_rcc.c **** 
 931:Drivers/STM32WBxx_HAL_Driver/Src/stm32wbxx_hal_rcc.c ****             /* Enable the main PLL. */
 932:Drivers/STM32WBxx_HAL_Driver/Src/stm32wbxx_hal_rcc.c ****             __HAL_RCC_PLL_ENABLE();
 933:Drivers/STM32WBxx_HAL_Driver/Src/stm32wbxx_hal_rcc.c **** 
 934:Drivers/STM32WBxx_HAL_Driver/Src/stm32wbxx_hal_rcc.c ****             /* Enable PLL System Clock output. */
 935:Drivers/STM32WBxx_HAL_Driver/Src/stm32wbxx_hal_rcc.c ****             __HAL_RCC_PLLCLKOUT_ENABLE(RCC_PLL_SYSCLK);
 936:Drivers/STM32WBxx_HAL_Driver/Src/stm32wbxx_hal_rcc.c **** 
 937:Drivers/STM32WBxx_HAL_Driver/Src/stm32wbxx_hal_rcc.c ****             /* Get Start Tick*/
 938:Drivers/STM32WBxx_HAL_Driver/Src/stm32wbxx_hal_rcc.c ****             tickstart = HAL_GetTick();
 939:Drivers/STM32WBxx_HAL_Driver/Src/stm32wbxx_hal_rcc.c **** 
 940:Drivers/STM32WBxx_HAL_Driver/Src/stm32wbxx_hal_rcc.c ****             /* Wait till PLL is ready */
 941:Drivers/STM32WBxx_HAL_Driver/Src/stm32wbxx_hal_rcc.c ****             while (READ_BIT(RCC->CR, RCC_CR_PLLRDY) == 0U)
 942:Drivers/STM32WBxx_HAL_Driver/Src/stm32wbxx_hal_rcc.c ****             {
ARM GAS  /var/folders/98/ctz5mtps7w71v8dr53cf5qg40000gn/T//ccdzqVkO.s 			page 18


 943:Drivers/STM32WBxx_HAL_Driver/Src/stm32wbxx_hal_rcc.c ****               if ((HAL_GetTick() - tickstart) > PLL_TIMEOUT_VALUE)
 944:Drivers/STM32WBxx_HAL_Driver/Src/stm32wbxx_hal_rcc.c ****               {
 945:Drivers/STM32WBxx_HAL_Driver/Src/stm32wbxx_hal_rcc.c ****                 return HAL_TIMEOUT;
 946:Drivers/STM32WBxx_HAL_Driver/Src/stm32wbxx_hal_rcc.c ****               }
 947:Drivers/STM32WBxx_HAL_Driver/Src/stm32wbxx_hal_rcc.c ****             }
 948:Drivers/STM32WBxx_HAL_Driver/Src/stm32wbxx_hal_rcc.c ****           }
 949:Drivers/STM32WBxx_HAL_Driver/Src/stm32wbxx_hal_rcc.c ****         }
 950:Drivers/STM32WBxx_HAL_Driver/Src/stm32wbxx_hal_rcc.c ****         else
 951:Drivers/STM32WBxx_HAL_Driver/Src/stm32wbxx_hal_rcc.c ****         {
 952:Drivers/STM32WBxx_HAL_Driver/Src/stm32wbxx_hal_rcc.c ****           /* PLL is already used as System core clock */
 953:Drivers/STM32WBxx_HAL_Driver/Src/stm32wbxx_hal_rcc.c ****           return HAL_ERROR;
 954:Drivers/STM32WBxx_HAL_Driver/Src/stm32wbxx_hal_rcc.c ****         }
 955:Drivers/STM32WBxx_HAL_Driver/Src/stm32wbxx_hal_rcc.c ****       }
 956:Drivers/STM32WBxx_HAL_Driver/Src/stm32wbxx_hal_rcc.c ****       else
 957:Drivers/STM32WBxx_HAL_Driver/Src/stm32wbxx_hal_rcc.c ****       {
 958:Drivers/STM32WBxx_HAL_Driver/Src/stm32wbxx_hal_rcc.c ****         /* PLL configuration is unchanged */
 959:Drivers/STM32WBxx_HAL_Driver/Src/stm32wbxx_hal_rcc.c ****         /* Re-enable PLL if it was disabled (ie. low power mode) */
 960:Drivers/STM32WBxx_HAL_Driver/Src/stm32wbxx_hal_rcc.c ****         if (READ_BIT(RCC->CR, RCC_CR_PLLRDY) == 0U)
 961:Drivers/STM32WBxx_HAL_Driver/Src/stm32wbxx_hal_rcc.c ****         {
 962:Drivers/STM32WBxx_HAL_Driver/Src/stm32wbxx_hal_rcc.c ****           /* Enable the main PLL. */
 963:Drivers/STM32WBxx_HAL_Driver/Src/stm32wbxx_hal_rcc.c ****           __HAL_RCC_PLL_ENABLE();
 964:Drivers/STM32WBxx_HAL_Driver/Src/stm32wbxx_hal_rcc.c **** 
 965:Drivers/STM32WBxx_HAL_Driver/Src/stm32wbxx_hal_rcc.c ****           /* Enable PLL System Clock output. */
 966:Drivers/STM32WBxx_HAL_Driver/Src/stm32wbxx_hal_rcc.c ****           __HAL_RCC_PLLCLKOUT_ENABLE(RCC_PLL_SYSCLK);
 967:Drivers/STM32WBxx_HAL_Driver/Src/stm32wbxx_hal_rcc.c **** 
 968:Drivers/STM32WBxx_HAL_Driver/Src/stm32wbxx_hal_rcc.c ****           /* Get Start Tick*/
 969:Drivers/STM32WBxx_HAL_Driver/Src/stm32wbxx_hal_rcc.c ****           tickstart = HAL_GetTick();
 970:Drivers/STM32WBxx_HAL_Driver/Src/stm32wbxx_hal_rcc.c **** 
 971:Drivers/STM32WBxx_HAL_Driver/Src/stm32wbxx_hal_rcc.c ****           /* Wait till PLL is ready */
 972:Drivers/STM32WBxx_HAL_Driver/Src/stm32wbxx_hal_rcc.c ****           while (READ_BIT(RCC->CR, RCC_CR_PLLRDY) == 0U)
 973:Drivers/STM32WBxx_HAL_Driver/Src/stm32wbxx_hal_rcc.c ****           {
 974:Drivers/STM32WBxx_HAL_Driver/Src/stm32wbxx_hal_rcc.c ****             if ((HAL_GetTick() - tickstart) > PLL_TIMEOUT_VALUE)
 975:Drivers/STM32WBxx_HAL_Driver/Src/stm32wbxx_hal_rcc.c ****             {
 976:Drivers/STM32WBxx_HAL_Driver/Src/stm32wbxx_hal_rcc.c ****               return HAL_TIMEOUT;
 977:Drivers/STM32WBxx_HAL_Driver/Src/stm32wbxx_hal_rcc.c ****             }
 978:Drivers/STM32WBxx_HAL_Driver/Src/stm32wbxx_hal_rcc.c ****           }
 979:Drivers/STM32WBxx_HAL_Driver/Src/stm32wbxx_hal_rcc.c ****         }
 980:Drivers/STM32WBxx_HAL_Driver/Src/stm32wbxx_hal_rcc.c ****       }
 981:Drivers/STM32WBxx_HAL_Driver/Src/stm32wbxx_hal_rcc.c ****     }
 982:Drivers/STM32WBxx_HAL_Driver/Src/stm32wbxx_hal_rcc.c ****     else
 983:Drivers/STM32WBxx_HAL_Driver/Src/stm32wbxx_hal_rcc.c ****     {
 984:Drivers/STM32WBxx_HAL_Driver/Src/stm32wbxx_hal_rcc.c ****       /* Check that PLL is not used as system clock or not */
 985:Drivers/STM32WBxx_HAL_Driver/Src/stm32wbxx_hal_rcc.c ****       if (temp_sysclksrc != RCC_SYSCLKSOURCE_STATUS_PLLCLK)
 986:Drivers/STM32WBxx_HAL_Driver/Src/stm32wbxx_hal_rcc.c ****       {
 987:Drivers/STM32WBxx_HAL_Driver/Src/stm32wbxx_hal_rcc.c ****         /* Disable the main PLL. */
 988:Drivers/STM32WBxx_HAL_Driver/Src/stm32wbxx_hal_rcc.c ****         __HAL_RCC_PLL_DISABLE();
 989:Drivers/STM32WBxx_HAL_Driver/Src/stm32wbxx_hal_rcc.c **** 
 990:Drivers/STM32WBxx_HAL_Driver/Src/stm32wbxx_hal_rcc.c ****         /* Get Start Tick*/
 991:Drivers/STM32WBxx_HAL_Driver/Src/stm32wbxx_hal_rcc.c ****         tickstart = HAL_GetTick();
 992:Drivers/STM32WBxx_HAL_Driver/Src/stm32wbxx_hal_rcc.c **** 
 993:Drivers/STM32WBxx_HAL_Driver/Src/stm32wbxx_hal_rcc.c ****         /* Wait till PLL is disabled */
 994:Drivers/STM32WBxx_HAL_Driver/Src/stm32wbxx_hal_rcc.c ****         while (READ_BIT(RCC->CR, RCC_CR_PLLRDY) != 0U)
 995:Drivers/STM32WBxx_HAL_Driver/Src/stm32wbxx_hal_rcc.c ****         {
 996:Drivers/STM32WBxx_HAL_Driver/Src/stm32wbxx_hal_rcc.c ****           if ((HAL_GetTick() - tickstart) > PLL_TIMEOUT_VALUE)
 997:Drivers/STM32WBxx_HAL_Driver/Src/stm32wbxx_hal_rcc.c ****           {
 998:Drivers/STM32WBxx_HAL_Driver/Src/stm32wbxx_hal_rcc.c ****             return HAL_TIMEOUT;
 999:Drivers/STM32WBxx_HAL_Driver/Src/stm32wbxx_hal_rcc.c ****           }
ARM GAS  /var/folders/98/ctz5mtps7w71v8dr53cf5qg40000gn/T//ccdzqVkO.s 			page 19


1000:Drivers/STM32WBxx_HAL_Driver/Src/stm32wbxx_hal_rcc.c ****         }
1001:Drivers/STM32WBxx_HAL_Driver/Src/stm32wbxx_hal_rcc.c **** 
1002:Drivers/STM32WBxx_HAL_Driver/Src/stm32wbxx_hal_rcc.c ****         /* Disable the PLL source and outputs to save power when PLL is off */
1003:Drivers/STM32WBxx_HAL_Driver/Src/stm32wbxx_hal_rcc.c **** #if defined(SAI1) && defined(USB)
1004:Drivers/STM32WBxx_HAL_Driver/Src/stm32wbxx_hal_rcc.c ****         CLEAR_BIT(RCC->PLLCFGR, (RCC_PLLCFGR_PLLSRC | RCC_PLLCFGR_PLLPEN | RCC_PLLCFGR_PLLQEN | RCC
1005:Drivers/STM32WBxx_HAL_Driver/Src/stm32wbxx_hal_rcc.c **** #else
1006:Drivers/STM32WBxx_HAL_Driver/Src/stm32wbxx_hal_rcc.c ****         CLEAR_BIT(RCC->PLLCFGR, (RCC_PLLCFGR_PLLSRC | RCC_PLLCFGR_PLLREN));
1007:Drivers/STM32WBxx_HAL_Driver/Src/stm32wbxx_hal_rcc.c **** #endif /* SAI1 && USB */
1008:Drivers/STM32WBxx_HAL_Driver/Src/stm32wbxx_hal_rcc.c ****       }
1009:Drivers/STM32WBxx_HAL_Driver/Src/stm32wbxx_hal_rcc.c ****       else
1010:Drivers/STM32WBxx_HAL_Driver/Src/stm32wbxx_hal_rcc.c ****       {
1011:Drivers/STM32WBxx_HAL_Driver/Src/stm32wbxx_hal_rcc.c ****         /* PLL is already used as System core clock */
1012:Drivers/STM32WBxx_HAL_Driver/Src/stm32wbxx_hal_rcc.c ****         return HAL_ERROR;
1013:Drivers/STM32WBxx_HAL_Driver/Src/stm32wbxx_hal_rcc.c ****       }
1014:Drivers/STM32WBxx_HAL_Driver/Src/stm32wbxx_hal_rcc.c ****     }
1015:Drivers/STM32WBxx_HAL_Driver/Src/stm32wbxx_hal_rcc.c ****   }
1016:Drivers/STM32WBxx_HAL_Driver/Src/stm32wbxx_hal_rcc.c ****   return HAL_OK;
1017:Drivers/STM32WBxx_HAL_Driver/Src/stm32wbxx_hal_rcc.c **** }
1018:Drivers/STM32WBxx_HAL_Driver/Src/stm32wbxx_hal_rcc.c **** 
1019:Drivers/STM32WBxx_HAL_Driver/Src/stm32wbxx_hal_rcc.c **** 
1020:Drivers/STM32WBxx_HAL_Driver/Src/stm32wbxx_hal_rcc.c **** /**
1021:Drivers/STM32WBxx_HAL_Driver/Src/stm32wbxx_hal_rcc.c ****   * @brief  Initialize the CPU, AHB and APB buses clocks according to the specified
1022:Drivers/STM32WBxx_HAL_Driver/Src/stm32wbxx_hal_rcc.c ****   *         parameters in the RCC_ClkInitStruct.
1023:Drivers/STM32WBxx_HAL_Driver/Src/stm32wbxx_hal_rcc.c ****   * @param  RCC_ClkInitStruct  pointer to a @ref RCC_ClkInitTypeDef structure that
1024:Drivers/STM32WBxx_HAL_Driver/Src/stm32wbxx_hal_rcc.c ****   *         contains the configuration information for the RCC peripheral.
1025:Drivers/STM32WBxx_HAL_Driver/Src/stm32wbxx_hal_rcc.c ****   * @param  FLatency  FLASH Latency
1026:Drivers/STM32WBxx_HAL_Driver/Src/stm32wbxx_hal_rcc.c ****   *          This parameter can be one of the following values:
1027:Drivers/STM32WBxx_HAL_Driver/Src/stm32wbxx_hal_rcc.c ****   *            @arg FLASH_LATENCY_0   FLASH 0 Latency cycle
1028:Drivers/STM32WBxx_HAL_Driver/Src/stm32wbxx_hal_rcc.c ****   *            @arg FLASH_LATENCY_1   FLASH 1 Latency cycle
1029:Drivers/STM32WBxx_HAL_Driver/Src/stm32wbxx_hal_rcc.c ****   *            @arg FLASH_LATENCY_2   FLASH 2 Latency cycle
1030:Drivers/STM32WBxx_HAL_Driver/Src/stm32wbxx_hal_rcc.c ****   *            @arg FLASH_LATENCY_3   FLASH 3 Latency cycle
1031:Drivers/STM32WBxx_HAL_Driver/Src/stm32wbxx_hal_rcc.c ****   *
1032:Drivers/STM32WBxx_HAL_Driver/Src/stm32wbxx_hal_rcc.c ****   * @note   The SystemCoreClock CMSIS variable is used to store System Clock Frequency
1033:Drivers/STM32WBxx_HAL_Driver/Src/stm32wbxx_hal_rcc.c ****   *         and updated by @ref HAL_RCC_GetHCLKFreq() function called within this function
1034:Drivers/STM32WBxx_HAL_Driver/Src/stm32wbxx_hal_rcc.c ****   *
1035:Drivers/STM32WBxx_HAL_Driver/Src/stm32wbxx_hal_rcc.c ****   * @note   The MSI is used by default as system clock source after
1036:Drivers/STM32WBxx_HAL_Driver/Src/stm32wbxx_hal_rcc.c ****   *         startup from Reset, wake-up from STANDBY mode. After restart from Reset,
1037:Drivers/STM32WBxx_HAL_Driver/Src/stm32wbxx_hal_rcc.c ****   *         the MSI frequency is set to its default value 4 MHz.
1038:Drivers/STM32WBxx_HAL_Driver/Src/stm32wbxx_hal_rcc.c ****   *
1039:Drivers/STM32WBxx_HAL_Driver/Src/stm32wbxx_hal_rcc.c ****   * @note   The HSI can be selected as system clock source after
1040:Drivers/STM32WBxx_HAL_Driver/Src/stm32wbxx_hal_rcc.c ****   *         from STOP modes or in case of failure of the HSE used directly or indirectly
1041:Drivers/STM32WBxx_HAL_Driver/Src/stm32wbxx_hal_rcc.c ****   *         as system clock (if the Clock Security System CSS is enabled).
1042:Drivers/STM32WBxx_HAL_Driver/Src/stm32wbxx_hal_rcc.c ****   *
1043:Drivers/STM32WBxx_HAL_Driver/Src/stm32wbxx_hal_rcc.c ****   * @note   A switch from one clock source to another occurs only if the target
1044:Drivers/STM32WBxx_HAL_Driver/Src/stm32wbxx_hal_rcc.c ****   *         clock source is ready (clock stable after startup delay or PLL locked).
1045:Drivers/STM32WBxx_HAL_Driver/Src/stm32wbxx_hal_rcc.c ****   *         If a clock source which is not yet ready is selected, the switch will
1046:Drivers/STM32WBxx_HAL_Driver/Src/stm32wbxx_hal_rcc.c ****   *         occur when the clock source is ready.
1047:Drivers/STM32WBxx_HAL_Driver/Src/stm32wbxx_hal_rcc.c ****   *
1048:Drivers/STM32WBxx_HAL_Driver/Src/stm32wbxx_hal_rcc.c ****   * @note   You can use @ref HAL_RCC_GetClockConfig() function to know which clock is
1049:Drivers/STM32WBxx_HAL_Driver/Src/stm32wbxx_hal_rcc.c ****   *         currently used as system clock source.
1050:Drivers/STM32WBxx_HAL_Driver/Src/stm32wbxx_hal_rcc.c ****   *
1051:Drivers/STM32WBxx_HAL_Driver/Src/stm32wbxx_hal_rcc.c ****   * @note   Depending on the device voltage range, the software has to set correctly
1052:Drivers/STM32WBxx_HAL_Driver/Src/stm32wbxx_hal_rcc.c ****   *         HPRE[3:0] bits to ensure that HCLK1 not exceed the maximum allowed frequency
1053:Drivers/STM32WBxx_HAL_Driver/Src/stm32wbxx_hal_rcc.c ****   *         (for more details refer to section above "Initialization/de-initialization functions")
1054:Drivers/STM32WBxx_HAL_Driver/Src/stm32wbxx_hal_rcc.c ****   * @retval None
1055:Drivers/STM32WBxx_HAL_Driver/Src/stm32wbxx_hal_rcc.c ****   */
1056:Drivers/STM32WBxx_HAL_Driver/Src/stm32wbxx_hal_rcc.c **** HAL_StatusTypeDef HAL_RCC_ClockConfig(RCC_ClkInitTypeDef  *RCC_ClkInitStruct, uint32_t FLatency)
ARM GAS  /var/folders/98/ctz5mtps7w71v8dr53cf5qg40000gn/T//ccdzqVkO.s 			page 20


1057:Drivers/STM32WBxx_HAL_Driver/Src/stm32wbxx_hal_rcc.c **** {
1058:Drivers/STM32WBxx_HAL_Driver/Src/stm32wbxx_hal_rcc.c ****   uint32_t tickstart;
1059:Drivers/STM32WBxx_HAL_Driver/Src/stm32wbxx_hal_rcc.c **** 
1060:Drivers/STM32WBxx_HAL_Driver/Src/stm32wbxx_hal_rcc.c ****   /* Check Null pointer */
1061:Drivers/STM32WBxx_HAL_Driver/Src/stm32wbxx_hal_rcc.c ****   if (RCC_ClkInitStruct == NULL)
1062:Drivers/STM32WBxx_HAL_Driver/Src/stm32wbxx_hal_rcc.c ****   {
1063:Drivers/STM32WBxx_HAL_Driver/Src/stm32wbxx_hal_rcc.c ****     return HAL_ERROR;
1064:Drivers/STM32WBxx_HAL_Driver/Src/stm32wbxx_hal_rcc.c ****   }
1065:Drivers/STM32WBxx_HAL_Driver/Src/stm32wbxx_hal_rcc.c **** 
1066:Drivers/STM32WBxx_HAL_Driver/Src/stm32wbxx_hal_rcc.c ****   /* Check the parameters */
1067:Drivers/STM32WBxx_HAL_Driver/Src/stm32wbxx_hal_rcc.c ****   assert_param(IS_RCC_CLOCKTYPE(RCC_ClkInitStruct->ClockType));
1068:Drivers/STM32WBxx_HAL_Driver/Src/stm32wbxx_hal_rcc.c ****   assert_param(IS_FLASH_LATENCY(FLatency));
1069:Drivers/STM32WBxx_HAL_Driver/Src/stm32wbxx_hal_rcc.c **** 
1070:Drivers/STM32WBxx_HAL_Driver/Src/stm32wbxx_hal_rcc.c ****   /* To correctly read data from FLASH memory, the number of wait states (LATENCY)
1071:Drivers/STM32WBxx_HAL_Driver/Src/stm32wbxx_hal_rcc.c ****     must be correctly programmed according to the frequency of the FLASH clock
1072:Drivers/STM32WBxx_HAL_Driver/Src/stm32wbxx_hal_rcc.c ****     (HCLK4) and the supply voltage of the device. */
1073:Drivers/STM32WBxx_HAL_Driver/Src/stm32wbxx_hal_rcc.c **** 
1074:Drivers/STM32WBxx_HAL_Driver/Src/stm32wbxx_hal_rcc.c ****   /* Increasing the number of wait states because of higher CPU frequency */
1075:Drivers/STM32WBxx_HAL_Driver/Src/stm32wbxx_hal_rcc.c ****   if (FLatency > __HAL_FLASH_GET_LATENCY())
1076:Drivers/STM32WBxx_HAL_Driver/Src/stm32wbxx_hal_rcc.c ****   {
1077:Drivers/STM32WBxx_HAL_Driver/Src/stm32wbxx_hal_rcc.c ****     /* Program the new number of wait states to the LATENCY bits in the FLASH_ACR register */
1078:Drivers/STM32WBxx_HAL_Driver/Src/stm32wbxx_hal_rcc.c ****     __HAL_FLASH_SET_LATENCY(FLatency);
1079:Drivers/STM32WBxx_HAL_Driver/Src/stm32wbxx_hal_rcc.c **** 
1080:Drivers/STM32WBxx_HAL_Driver/Src/stm32wbxx_hal_rcc.c ****     /* Get Start Tick*/
1081:Drivers/STM32WBxx_HAL_Driver/Src/stm32wbxx_hal_rcc.c ****     tickstart = HAL_GetTick();
1082:Drivers/STM32WBxx_HAL_Driver/Src/stm32wbxx_hal_rcc.c **** 
1083:Drivers/STM32WBxx_HAL_Driver/Src/stm32wbxx_hal_rcc.c ****     /* Check that the new number of wait states is taken into account to access the Flash
1084:Drivers/STM32WBxx_HAL_Driver/Src/stm32wbxx_hal_rcc.c ****        memory by reading the FLASH_ACR register */
1085:Drivers/STM32WBxx_HAL_Driver/Src/stm32wbxx_hal_rcc.c ****     while (__HAL_FLASH_GET_LATENCY() != FLatency)
1086:Drivers/STM32WBxx_HAL_Driver/Src/stm32wbxx_hal_rcc.c ****     {
1087:Drivers/STM32WBxx_HAL_Driver/Src/stm32wbxx_hal_rcc.c ****       if ((HAL_GetTick() - tickstart) > LATENCY_TIMEOUT_VALUE)
1088:Drivers/STM32WBxx_HAL_Driver/Src/stm32wbxx_hal_rcc.c ****       {
1089:Drivers/STM32WBxx_HAL_Driver/Src/stm32wbxx_hal_rcc.c ****         return HAL_TIMEOUT;
1090:Drivers/STM32WBxx_HAL_Driver/Src/stm32wbxx_hal_rcc.c ****       }
1091:Drivers/STM32WBxx_HAL_Driver/Src/stm32wbxx_hal_rcc.c ****     }
1092:Drivers/STM32WBxx_HAL_Driver/Src/stm32wbxx_hal_rcc.c ****   }
1093:Drivers/STM32WBxx_HAL_Driver/Src/stm32wbxx_hal_rcc.c **** 
1094:Drivers/STM32WBxx_HAL_Driver/Src/stm32wbxx_hal_rcc.c ****   /*-------------------------- HCLK1 Configuration --------------------------*/
1095:Drivers/STM32WBxx_HAL_Driver/Src/stm32wbxx_hal_rcc.c ****   if (((RCC_ClkInitStruct->ClockType) & RCC_CLOCKTYPE_HCLK) == RCC_CLOCKTYPE_HCLK)
1096:Drivers/STM32WBxx_HAL_Driver/Src/stm32wbxx_hal_rcc.c ****   {
1097:Drivers/STM32WBxx_HAL_Driver/Src/stm32wbxx_hal_rcc.c ****     assert_param(IS_RCC_HCLKx(RCC_ClkInitStruct->AHBCLKDivider));
1098:Drivers/STM32WBxx_HAL_Driver/Src/stm32wbxx_hal_rcc.c ****     LL_RCC_SetAHBPrescaler(RCC_ClkInitStruct->AHBCLKDivider);
1099:Drivers/STM32WBxx_HAL_Driver/Src/stm32wbxx_hal_rcc.c **** 
1100:Drivers/STM32WBxx_HAL_Driver/Src/stm32wbxx_hal_rcc.c ****     /* HCLK1 prescaler flag when value applied */
1101:Drivers/STM32WBxx_HAL_Driver/Src/stm32wbxx_hal_rcc.c ****     tickstart = HAL_GetTick();
1102:Drivers/STM32WBxx_HAL_Driver/Src/stm32wbxx_hal_rcc.c ****     while (LL_RCC_IsActiveFlag_HPRE() == 0U)
1103:Drivers/STM32WBxx_HAL_Driver/Src/stm32wbxx_hal_rcc.c ****     {
1104:Drivers/STM32WBxx_HAL_Driver/Src/stm32wbxx_hal_rcc.c ****       if ((HAL_GetTick() - tickstart) > PRESCALER_TIMEOUT_VALUE)
1105:Drivers/STM32WBxx_HAL_Driver/Src/stm32wbxx_hal_rcc.c ****       {
1106:Drivers/STM32WBxx_HAL_Driver/Src/stm32wbxx_hal_rcc.c ****         return HAL_TIMEOUT;
1107:Drivers/STM32WBxx_HAL_Driver/Src/stm32wbxx_hal_rcc.c ****       }
1108:Drivers/STM32WBxx_HAL_Driver/Src/stm32wbxx_hal_rcc.c ****     }
1109:Drivers/STM32WBxx_HAL_Driver/Src/stm32wbxx_hal_rcc.c ****   }
1110:Drivers/STM32WBxx_HAL_Driver/Src/stm32wbxx_hal_rcc.c **** 
1111:Drivers/STM32WBxx_HAL_Driver/Src/stm32wbxx_hal_rcc.c ****   /*-------------------------- HCLK2 Configuration --------------------------*/
1112:Drivers/STM32WBxx_HAL_Driver/Src/stm32wbxx_hal_rcc.c ****   if (((RCC_ClkInitStruct->ClockType) & RCC_CLOCKTYPE_HCLK2) == RCC_CLOCKTYPE_HCLK2)
1113:Drivers/STM32WBxx_HAL_Driver/Src/stm32wbxx_hal_rcc.c ****   {
ARM GAS  /var/folders/98/ctz5mtps7w71v8dr53cf5qg40000gn/T//ccdzqVkO.s 			page 21


1114:Drivers/STM32WBxx_HAL_Driver/Src/stm32wbxx_hal_rcc.c ****     assert_param(IS_RCC_HCLKx(RCC_ClkInitStruct->AHBCLK2Divider));
1115:Drivers/STM32WBxx_HAL_Driver/Src/stm32wbxx_hal_rcc.c ****     LL_C2_RCC_SetAHBPrescaler(RCC_ClkInitStruct->AHBCLK2Divider);
1116:Drivers/STM32WBxx_HAL_Driver/Src/stm32wbxx_hal_rcc.c **** 
1117:Drivers/STM32WBxx_HAL_Driver/Src/stm32wbxx_hal_rcc.c ****     /* HCLK2 prescaler flag when value applied */
1118:Drivers/STM32WBxx_HAL_Driver/Src/stm32wbxx_hal_rcc.c ****     tickstart = HAL_GetTick();
1119:Drivers/STM32WBxx_HAL_Driver/Src/stm32wbxx_hal_rcc.c ****     while (LL_RCC_IsActiveFlag_C2HPRE() == 0U)
1120:Drivers/STM32WBxx_HAL_Driver/Src/stm32wbxx_hal_rcc.c ****     {
1121:Drivers/STM32WBxx_HAL_Driver/Src/stm32wbxx_hal_rcc.c ****       if ((HAL_GetTick() - tickstart) > PRESCALER_TIMEOUT_VALUE)
1122:Drivers/STM32WBxx_HAL_Driver/Src/stm32wbxx_hal_rcc.c ****       {
1123:Drivers/STM32WBxx_HAL_Driver/Src/stm32wbxx_hal_rcc.c ****         return HAL_TIMEOUT;
1124:Drivers/STM32WBxx_HAL_Driver/Src/stm32wbxx_hal_rcc.c ****       }
1125:Drivers/STM32WBxx_HAL_Driver/Src/stm32wbxx_hal_rcc.c ****     }
1126:Drivers/STM32WBxx_HAL_Driver/Src/stm32wbxx_hal_rcc.c ****   }
1127:Drivers/STM32WBxx_HAL_Driver/Src/stm32wbxx_hal_rcc.c ****   /*-------------------------- HCLK4 Configuration --------------------------*/
1128:Drivers/STM32WBxx_HAL_Driver/Src/stm32wbxx_hal_rcc.c ****   if (((RCC_ClkInitStruct->ClockType) & RCC_CLOCKTYPE_HCLK4) == RCC_CLOCKTYPE_HCLK4)
1129:Drivers/STM32WBxx_HAL_Driver/Src/stm32wbxx_hal_rcc.c ****   {
1130:Drivers/STM32WBxx_HAL_Driver/Src/stm32wbxx_hal_rcc.c ****     assert_param(IS_RCC_HCLKx(RCC_ClkInitStruct->AHBCLK4Divider));
1131:Drivers/STM32WBxx_HAL_Driver/Src/stm32wbxx_hal_rcc.c ****     LL_RCC_SetAHB4Prescaler(RCC_ClkInitStruct->AHBCLK4Divider);
1132:Drivers/STM32WBxx_HAL_Driver/Src/stm32wbxx_hal_rcc.c **** 
1133:Drivers/STM32WBxx_HAL_Driver/Src/stm32wbxx_hal_rcc.c ****     /* AHB shared prescaler flag when value applied */
1134:Drivers/STM32WBxx_HAL_Driver/Src/stm32wbxx_hal_rcc.c ****     tickstart = HAL_GetTick();
1135:Drivers/STM32WBxx_HAL_Driver/Src/stm32wbxx_hal_rcc.c ****     while (LL_RCC_IsActiveFlag_SHDHPRE() == 0U)
1136:Drivers/STM32WBxx_HAL_Driver/Src/stm32wbxx_hal_rcc.c ****     {
1137:Drivers/STM32WBxx_HAL_Driver/Src/stm32wbxx_hal_rcc.c ****       if ((HAL_GetTick() - tickstart) > PRESCALER_TIMEOUT_VALUE)
1138:Drivers/STM32WBxx_HAL_Driver/Src/stm32wbxx_hal_rcc.c ****       {
1139:Drivers/STM32WBxx_HAL_Driver/Src/stm32wbxx_hal_rcc.c ****         return HAL_TIMEOUT;
1140:Drivers/STM32WBxx_HAL_Driver/Src/stm32wbxx_hal_rcc.c ****       }
1141:Drivers/STM32WBxx_HAL_Driver/Src/stm32wbxx_hal_rcc.c ****     }
1142:Drivers/STM32WBxx_HAL_Driver/Src/stm32wbxx_hal_rcc.c ****   }
1143:Drivers/STM32WBxx_HAL_Driver/Src/stm32wbxx_hal_rcc.c **** 
1144:Drivers/STM32WBxx_HAL_Driver/Src/stm32wbxx_hal_rcc.c ****   /*-------------------------- PCLK1 Configuration ---------------------------*/
1145:Drivers/STM32WBxx_HAL_Driver/Src/stm32wbxx_hal_rcc.c ****   if (((RCC_ClkInitStruct->ClockType) & RCC_CLOCKTYPE_PCLK1) == RCC_CLOCKTYPE_PCLK1)
1146:Drivers/STM32WBxx_HAL_Driver/Src/stm32wbxx_hal_rcc.c ****   {
1147:Drivers/STM32WBxx_HAL_Driver/Src/stm32wbxx_hal_rcc.c ****     assert_param(IS_RCC_PCLKx(RCC_ClkInitStruct->APB1CLKDivider));
1148:Drivers/STM32WBxx_HAL_Driver/Src/stm32wbxx_hal_rcc.c ****     LL_RCC_SetAPB1Prescaler(RCC_ClkInitStruct->APB1CLKDivider);
1149:Drivers/STM32WBxx_HAL_Driver/Src/stm32wbxx_hal_rcc.c **** 
1150:Drivers/STM32WBxx_HAL_Driver/Src/stm32wbxx_hal_rcc.c ****     /* APB1 prescaler flag when value applied */
1151:Drivers/STM32WBxx_HAL_Driver/Src/stm32wbxx_hal_rcc.c ****     tickstart = HAL_GetTick();
1152:Drivers/STM32WBxx_HAL_Driver/Src/stm32wbxx_hal_rcc.c ****     while (LL_RCC_IsActiveFlag_PPRE1() == 0U)
1153:Drivers/STM32WBxx_HAL_Driver/Src/stm32wbxx_hal_rcc.c ****     {
1154:Drivers/STM32WBxx_HAL_Driver/Src/stm32wbxx_hal_rcc.c ****       if ((HAL_GetTick() - tickstart) > PRESCALER_TIMEOUT_VALUE)
1155:Drivers/STM32WBxx_HAL_Driver/Src/stm32wbxx_hal_rcc.c ****       {
1156:Drivers/STM32WBxx_HAL_Driver/Src/stm32wbxx_hal_rcc.c ****         return HAL_TIMEOUT;
1157:Drivers/STM32WBxx_HAL_Driver/Src/stm32wbxx_hal_rcc.c ****       }
1158:Drivers/STM32WBxx_HAL_Driver/Src/stm32wbxx_hal_rcc.c ****     }
1159:Drivers/STM32WBxx_HAL_Driver/Src/stm32wbxx_hal_rcc.c ****   }
1160:Drivers/STM32WBxx_HAL_Driver/Src/stm32wbxx_hal_rcc.c **** 
1161:Drivers/STM32WBxx_HAL_Driver/Src/stm32wbxx_hal_rcc.c ****   /*-------------------------- PCLK2 Configuration ---------------------------*/
1162:Drivers/STM32WBxx_HAL_Driver/Src/stm32wbxx_hal_rcc.c ****   if (((RCC_ClkInitStruct->ClockType) & RCC_CLOCKTYPE_PCLK2) == RCC_CLOCKTYPE_PCLK2)
1163:Drivers/STM32WBxx_HAL_Driver/Src/stm32wbxx_hal_rcc.c ****   {
1164:Drivers/STM32WBxx_HAL_Driver/Src/stm32wbxx_hal_rcc.c ****     assert_param(IS_RCC_PCLKx(RCC_ClkInitStruct->APB2CLKDivider));
1165:Drivers/STM32WBxx_HAL_Driver/Src/stm32wbxx_hal_rcc.c ****     LL_RCC_SetAPB2Prescaler((RCC_ClkInitStruct->APB2CLKDivider) << 3U);
1166:Drivers/STM32WBxx_HAL_Driver/Src/stm32wbxx_hal_rcc.c **** 
1167:Drivers/STM32WBxx_HAL_Driver/Src/stm32wbxx_hal_rcc.c ****     /* APB2 prescaler flag when value applied */
1168:Drivers/STM32WBxx_HAL_Driver/Src/stm32wbxx_hal_rcc.c ****     tickstart = HAL_GetTick();
1169:Drivers/STM32WBxx_HAL_Driver/Src/stm32wbxx_hal_rcc.c ****     while (LL_RCC_IsActiveFlag_PPRE2() == 0U)
1170:Drivers/STM32WBxx_HAL_Driver/Src/stm32wbxx_hal_rcc.c ****     {
ARM GAS  /var/folders/98/ctz5mtps7w71v8dr53cf5qg40000gn/T//ccdzqVkO.s 			page 22


1171:Drivers/STM32WBxx_HAL_Driver/Src/stm32wbxx_hal_rcc.c ****       if ((HAL_GetTick() - tickstart) > PRESCALER_TIMEOUT_VALUE)
1172:Drivers/STM32WBxx_HAL_Driver/Src/stm32wbxx_hal_rcc.c ****       {
1173:Drivers/STM32WBxx_HAL_Driver/Src/stm32wbxx_hal_rcc.c ****         return HAL_TIMEOUT;
1174:Drivers/STM32WBxx_HAL_Driver/Src/stm32wbxx_hal_rcc.c ****       }
1175:Drivers/STM32WBxx_HAL_Driver/Src/stm32wbxx_hal_rcc.c ****     }
1176:Drivers/STM32WBxx_HAL_Driver/Src/stm32wbxx_hal_rcc.c ****   }
1177:Drivers/STM32WBxx_HAL_Driver/Src/stm32wbxx_hal_rcc.c **** 
1178:Drivers/STM32WBxx_HAL_Driver/Src/stm32wbxx_hal_rcc.c ****   /*------------------------- SYSCLK Configuration ---------------------------*/
1179:Drivers/STM32WBxx_HAL_Driver/Src/stm32wbxx_hal_rcc.c ****   if (((RCC_ClkInitStruct->ClockType) & RCC_CLOCKTYPE_SYSCLK) == RCC_CLOCKTYPE_SYSCLK)
1180:Drivers/STM32WBxx_HAL_Driver/Src/stm32wbxx_hal_rcc.c ****   {
1181:Drivers/STM32WBxx_HAL_Driver/Src/stm32wbxx_hal_rcc.c ****     assert_param(IS_RCC_SYSCLKSOURCE(RCC_ClkInitStruct->SYSCLKSource));
1182:Drivers/STM32WBxx_HAL_Driver/Src/stm32wbxx_hal_rcc.c **** 
1183:Drivers/STM32WBxx_HAL_Driver/Src/stm32wbxx_hal_rcc.c ****     /* HSE is selected as System Clock Source */
1184:Drivers/STM32WBxx_HAL_Driver/Src/stm32wbxx_hal_rcc.c ****     if (RCC_ClkInitStruct->SYSCLKSource == RCC_SYSCLKSOURCE_HSE)
1185:Drivers/STM32WBxx_HAL_Driver/Src/stm32wbxx_hal_rcc.c ****     {
1186:Drivers/STM32WBxx_HAL_Driver/Src/stm32wbxx_hal_rcc.c ****       /* Check the HSE ready flag */
1187:Drivers/STM32WBxx_HAL_Driver/Src/stm32wbxx_hal_rcc.c ****       if (LL_RCC_HSE_IsReady() == 0U)
1188:Drivers/STM32WBxx_HAL_Driver/Src/stm32wbxx_hal_rcc.c ****       {
1189:Drivers/STM32WBxx_HAL_Driver/Src/stm32wbxx_hal_rcc.c ****         return HAL_ERROR;
1190:Drivers/STM32WBxx_HAL_Driver/Src/stm32wbxx_hal_rcc.c ****       }
1191:Drivers/STM32WBxx_HAL_Driver/Src/stm32wbxx_hal_rcc.c ****     }
1192:Drivers/STM32WBxx_HAL_Driver/Src/stm32wbxx_hal_rcc.c ****     /* PLL is selected as System Clock Source */
1193:Drivers/STM32WBxx_HAL_Driver/Src/stm32wbxx_hal_rcc.c ****     else if (RCC_ClkInitStruct->SYSCLKSource == RCC_SYSCLKSOURCE_PLLCLK)
1194:Drivers/STM32WBxx_HAL_Driver/Src/stm32wbxx_hal_rcc.c ****     {
1195:Drivers/STM32WBxx_HAL_Driver/Src/stm32wbxx_hal_rcc.c ****       /* Check the PLL ready flag */
1196:Drivers/STM32WBxx_HAL_Driver/Src/stm32wbxx_hal_rcc.c ****       if (LL_RCC_PLL_IsReady() == 0U)
1197:Drivers/STM32WBxx_HAL_Driver/Src/stm32wbxx_hal_rcc.c ****       {
1198:Drivers/STM32WBxx_HAL_Driver/Src/stm32wbxx_hal_rcc.c ****         return HAL_ERROR;
1199:Drivers/STM32WBxx_HAL_Driver/Src/stm32wbxx_hal_rcc.c ****       }
1200:Drivers/STM32WBxx_HAL_Driver/Src/stm32wbxx_hal_rcc.c ****     }
1201:Drivers/STM32WBxx_HAL_Driver/Src/stm32wbxx_hal_rcc.c ****     /* MSI is selected as System Clock Source */
1202:Drivers/STM32WBxx_HAL_Driver/Src/stm32wbxx_hal_rcc.c ****     else if (RCC_ClkInitStruct->SYSCLKSource == RCC_SYSCLKSOURCE_MSI)
1203:Drivers/STM32WBxx_HAL_Driver/Src/stm32wbxx_hal_rcc.c ****     {
1204:Drivers/STM32WBxx_HAL_Driver/Src/stm32wbxx_hal_rcc.c ****       /* Check the MSI ready flag */
1205:Drivers/STM32WBxx_HAL_Driver/Src/stm32wbxx_hal_rcc.c ****       if (LL_RCC_MSI_IsReady() == 0U)
1206:Drivers/STM32WBxx_HAL_Driver/Src/stm32wbxx_hal_rcc.c ****       {
1207:Drivers/STM32WBxx_HAL_Driver/Src/stm32wbxx_hal_rcc.c ****         return HAL_ERROR;
1208:Drivers/STM32WBxx_HAL_Driver/Src/stm32wbxx_hal_rcc.c ****       }
1209:Drivers/STM32WBxx_HAL_Driver/Src/stm32wbxx_hal_rcc.c ****     }
1210:Drivers/STM32WBxx_HAL_Driver/Src/stm32wbxx_hal_rcc.c ****     /* HSI is selected as System Clock Source */
1211:Drivers/STM32WBxx_HAL_Driver/Src/stm32wbxx_hal_rcc.c ****     else
1212:Drivers/STM32WBxx_HAL_Driver/Src/stm32wbxx_hal_rcc.c ****     {
1213:Drivers/STM32WBxx_HAL_Driver/Src/stm32wbxx_hal_rcc.c ****       /* Check the HSI ready flag */
1214:Drivers/STM32WBxx_HAL_Driver/Src/stm32wbxx_hal_rcc.c ****       if (LL_RCC_HSI_IsReady() == 0U)
1215:Drivers/STM32WBxx_HAL_Driver/Src/stm32wbxx_hal_rcc.c ****       {
1216:Drivers/STM32WBxx_HAL_Driver/Src/stm32wbxx_hal_rcc.c ****         return HAL_ERROR;
1217:Drivers/STM32WBxx_HAL_Driver/Src/stm32wbxx_hal_rcc.c ****       }
1218:Drivers/STM32WBxx_HAL_Driver/Src/stm32wbxx_hal_rcc.c **** 
1219:Drivers/STM32WBxx_HAL_Driver/Src/stm32wbxx_hal_rcc.c ****     }
1220:Drivers/STM32WBxx_HAL_Driver/Src/stm32wbxx_hal_rcc.c **** 
1221:Drivers/STM32WBxx_HAL_Driver/Src/stm32wbxx_hal_rcc.c ****     /* apply system clock switch */
1222:Drivers/STM32WBxx_HAL_Driver/Src/stm32wbxx_hal_rcc.c ****     LL_RCC_SetSysClkSource(RCC_ClkInitStruct->SYSCLKSource);
1223:Drivers/STM32WBxx_HAL_Driver/Src/stm32wbxx_hal_rcc.c **** 
1224:Drivers/STM32WBxx_HAL_Driver/Src/stm32wbxx_hal_rcc.c ****     /* Get Start Tick*/
1225:Drivers/STM32WBxx_HAL_Driver/Src/stm32wbxx_hal_rcc.c ****     tickstart = HAL_GetTick();
1226:Drivers/STM32WBxx_HAL_Driver/Src/stm32wbxx_hal_rcc.c **** 
1227:Drivers/STM32WBxx_HAL_Driver/Src/stm32wbxx_hal_rcc.c ****     /* check system clock source switch status */
ARM GAS  /var/folders/98/ctz5mtps7w71v8dr53cf5qg40000gn/T//ccdzqVkO.s 			page 23


1228:Drivers/STM32WBxx_HAL_Driver/Src/stm32wbxx_hal_rcc.c ****     while (__HAL_RCC_GET_SYSCLK_SOURCE() != (RCC_ClkInitStruct->SYSCLKSource << RCC_CFGR_SWS_Pos))
1229:Drivers/STM32WBxx_HAL_Driver/Src/stm32wbxx_hal_rcc.c ****     {
1230:Drivers/STM32WBxx_HAL_Driver/Src/stm32wbxx_hal_rcc.c ****       if ((HAL_GetTick() - tickstart) > CLOCKSWITCH_TIMEOUT_VALUE)
1231:Drivers/STM32WBxx_HAL_Driver/Src/stm32wbxx_hal_rcc.c ****       {
1232:Drivers/STM32WBxx_HAL_Driver/Src/stm32wbxx_hal_rcc.c ****         return HAL_TIMEOUT;
1233:Drivers/STM32WBxx_HAL_Driver/Src/stm32wbxx_hal_rcc.c ****       }
1234:Drivers/STM32WBxx_HAL_Driver/Src/stm32wbxx_hal_rcc.c ****     }
1235:Drivers/STM32WBxx_HAL_Driver/Src/stm32wbxx_hal_rcc.c ****   }
1236:Drivers/STM32WBxx_HAL_Driver/Src/stm32wbxx_hal_rcc.c **** 
1237:Drivers/STM32WBxx_HAL_Driver/Src/stm32wbxx_hal_rcc.c ****   /* Decreasing the number of wait states because of lower CPU frequency */
1238:Drivers/STM32WBxx_HAL_Driver/Src/stm32wbxx_hal_rcc.c ****   if (FLatency < __HAL_FLASH_GET_LATENCY())
1239:Drivers/STM32WBxx_HAL_Driver/Src/stm32wbxx_hal_rcc.c ****   {
1240:Drivers/STM32WBxx_HAL_Driver/Src/stm32wbxx_hal_rcc.c ****     /* Program the new number of wait states to the LATENCY bits in the FLASH_ACR register */
1241:Drivers/STM32WBxx_HAL_Driver/Src/stm32wbxx_hal_rcc.c ****     __HAL_FLASH_SET_LATENCY(FLatency);
1242:Drivers/STM32WBxx_HAL_Driver/Src/stm32wbxx_hal_rcc.c **** 
1243:Drivers/STM32WBxx_HAL_Driver/Src/stm32wbxx_hal_rcc.c ****     /* Get Start Tick*/
1244:Drivers/STM32WBxx_HAL_Driver/Src/stm32wbxx_hal_rcc.c ****     tickstart = HAL_GetTick();
1245:Drivers/STM32WBxx_HAL_Driver/Src/stm32wbxx_hal_rcc.c **** 
1246:Drivers/STM32WBxx_HAL_Driver/Src/stm32wbxx_hal_rcc.c ****     /* Check that the new number of wait states is taken into account to access the Flash
1247:Drivers/STM32WBxx_HAL_Driver/Src/stm32wbxx_hal_rcc.c ****     memory by reading the FLASH_ACR register */
1248:Drivers/STM32WBxx_HAL_Driver/Src/stm32wbxx_hal_rcc.c ****     while (__HAL_FLASH_GET_LATENCY() != FLatency)
1249:Drivers/STM32WBxx_HAL_Driver/Src/stm32wbxx_hal_rcc.c ****     {
1250:Drivers/STM32WBxx_HAL_Driver/Src/stm32wbxx_hal_rcc.c ****       if ((HAL_GetTick() - tickstart) > LATENCY_TIMEOUT_VALUE)
1251:Drivers/STM32WBxx_HAL_Driver/Src/stm32wbxx_hal_rcc.c ****       {
1252:Drivers/STM32WBxx_HAL_Driver/Src/stm32wbxx_hal_rcc.c ****         return HAL_TIMEOUT;
1253:Drivers/STM32WBxx_HAL_Driver/Src/stm32wbxx_hal_rcc.c ****       }
1254:Drivers/STM32WBxx_HAL_Driver/Src/stm32wbxx_hal_rcc.c ****     }
1255:Drivers/STM32WBxx_HAL_Driver/Src/stm32wbxx_hal_rcc.c ****   }
1256:Drivers/STM32WBxx_HAL_Driver/Src/stm32wbxx_hal_rcc.c **** 
1257:Drivers/STM32WBxx_HAL_Driver/Src/stm32wbxx_hal_rcc.c ****   /*---------------------------------------------------------------------------*/
1258:Drivers/STM32WBxx_HAL_Driver/Src/stm32wbxx_hal_rcc.c **** 
1259:Drivers/STM32WBxx_HAL_Driver/Src/stm32wbxx_hal_rcc.c ****   /* Update the SystemCoreClock global variable */
1260:Drivers/STM32WBxx_HAL_Driver/Src/stm32wbxx_hal_rcc.c ****   SystemCoreClock = HAL_RCC_GetHCLKFreq();
1261:Drivers/STM32WBxx_HAL_Driver/Src/stm32wbxx_hal_rcc.c **** 
1262:Drivers/STM32WBxx_HAL_Driver/Src/stm32wbxx_hal_rcc.c ****   /* Configure the source of time base considering new system clocks settings*/
1263:Drivers/STM32WBxx_HAL_Driver/Src/stm32wbxx_hal_rcc.c ****   return HAL_InitTick(HAL_GetTickPrio());
1264:Drivers/STM32WBxx_HAL_Driver/Src/stm32wbxx_hal_rcc.c **** }
1265:Drivers/STM32WBxx_HAL_Driver/Src/stm32wbxx_hal_rcc.c **** 
1266:Drivers/STM32WBxx_HAL_Driver/Src/stm32wbxx_hal_rcc.c **** /**
1267:Drivers/STM32WBxx_HAL_Driver/Src/stm32wbxx_hal_rcc.c ****   * @}
1268:Drivers/STM32WBxx_HAL_Driver/Src/stm32wbxx_hal_rcc.c ****   */
1269:Drivers/STM32WBxx_HAL_Driver/Src/stm32wbxx_hal_rcc.c **** 
1270:Drivers/STM32WBxx_HAL_Driver/Src/stm32wbxx_hal_rcc.c **** /** @defgroup RCC_Exported_Functions_Group2 Peripheral Control functions
1271:Drivers/STM32WBxx_HAL_Driver/Src/stm32wbxx_hal_rcc.c ****   *  @brief   RCC clocks control functions
1272:Drivers/STM32WBxx_HAL_Driver/Src/stm32wbxx_hal_rcc.c ****   *
1273:Drivers/STM32WBxx_HAL_Driver/Src/stm32wbxx_hal_rcc.c **** @verbatim
1274:Drivers/STM32WBxx_HAL_Driver/Src/stm32wbxx_hal_rcc.c ****  ===============================================================================
1275:Drivers/STM32WBxx_HAL_Driver/Src/stm32wbxx_hal_rcc.c ****                       ##### Peripheral Control functions #####
1276:Drivers/STM32WBxx_HAL_Driver/Src/stm32wbxx_hal_rcc.c ****  ===============================================================================
1277:Drivers/STM32WBxx_HAL_Driver/Src/stm32wbxx_hal_rcc.c ****     [..]
1278:Drivers/STM32WBxx_HAL_Driver/Src/stm32wbxx_hal_rcc.c ****     This subsection provides a set of functions allowing to:
1279:Drivers/STM32WBxx_HAL_Driver/Src/stm32wbxx_hal_rcc.c **** 
1280:Drivers/STM32WBxx_HAL_Driver/Src/stm32wbxx_hal_rcc.c ****     (+) Output clock to MCO pin.
1281:Drivers/STM32WBxx_HAL_Driver/Src/stm32wbxx_hal_rcc.c ****     (+) Retrieve current clock frequencies.
1282:Drivers/STM32WBxx_HAL_Driver/Src/stm32wbxx_hal_rcc.c ****     (+) Enable the Clock Security System.
1283:Drivers/STM32WBxx_HAL_Driver/Src/stm32wbxx_hal_rcc.c **** 
1284:Drivers/STM32WBxx_HAL_Driver/Src/stm32wbxx_hal_rcc.c **** @endverbatim
ARM GAS  /var/folders/98/ctz5mtps7w71v8dr53cf5qg40000gn/T//ccdzqVkO.s 			page 24


1285:Drivers/STM32WBxx_HAL_Driver/Src/stm32wbxx_hal_rcc.c ****   * @{
1286:Drivers/STM32WBxx_HAL_Driver/Src/stm32wbxx_hal_rcc.c ****   */
1287:Drivers/STM32WBxx_HAL_Driver/Src/stm32wbxx_hal_rcc.c **** 
1288:Drivers/STM32WBxx_HAL_Driver/Src/stm32wbxx_hal_rcc.c **** /**
1289:Drivers/STM32WBxx_HAL_Driver/Src/stm32wbxx_hal_rcc.c ****   * @brief  Select the clock source to output on MCO1 pin(PA8) or MCO2 pin (PB6) or MCO3 pin (PA15)
1290:Drivers/STM32WBxx_HAL_Driver/Src/stm32wbxx_hal_rcc.c ****   * @note   PA8, PB6 or PA15 should be configured in alternate function mode.
1291:Drivers/STM32WBxx_HAL_Driver/Src/stm32wbxx_hal_rcc.c ****   * @param  RCC_MCOx  specifies the output direction for the clock source.
1292:Drivers/STM32WBxx_HAL_Driver/Src/stm32wbxx_hal_rcc.c ****   *            @arg @ref RCC_MCO1_PA8  Clock source to output on MCO1 pin(PA8)
1293:Drivers/STM32WBxx_HAL_Driver/Src/stm32wbxx_hal_rcc.c ****   *            @arg @ref RCC_MCO2_PB6  Clock source to output on MCO2 pin(PB6)
1294:Drivers/STM32WBxx_HAL_Driver/Src/stm32wbxx_hal_rcc.c ****   *            @arg @ref RCC_MCO3_PA15  Clock source to output on MCO3 pin(PA15)
1295:Drivers/STM32WBxx_HAL_Driver/Src/stm32wbxx_hal_rcc.c ****   * @param  RCC_MCOSource  specifies the clock source to output.
1296:Drivers/STM32WBxx_HAL_Driver/Src/stm32wbxx_hal_rcc.c ****   *          This parameter can be one of the following values:
1297:Drivers/STM32WBxx_HAL_Driver/Src/stm32wbxx_hal_rcc.c ****   *            @arg @ref RCC_MCO1SOURCE_NOCLOCK  MCO output disabled, no clock on MCO
1298:Drivers/STM32WBxx_HAL_Driver/Src/stm32wbxx_hal_rcc.c ****   *            @arg @ref RCC_MCO1SOURCE_SYSCLK  system clock selected as MCO source
1299:Drivers/STM32WBxx_HAL_Driver/Src/stm32wbxx_hal_rcc.c ****   *            @arg @ref RCC_MCO1SOURCE_MSI    MSI clock selected as MCO source
1300:Drivers/STM32WBxx_HAL_Driver/Src/stm32wbxx_hal_rcc.c ****   *            @arg @ref RCC_MCO1SOURCE_HSI    HSI clock selected as MCO source
1301:Drivers/STM32WBxx_HAL_Driver/Src/stm32wbxx_hal_rcc.c ****   *            @arg @ref RCC_MCO1SOURCE_HSE    HSE clock selected as MCO source
1302:Drivers/STM32WBxx_HAL_Driver/Src/stm32wbxx_hal_rcc.c ****   *            @arg @ref RCC_MCO1SOURCE_PLLCLK  main PLL clock selected as MCO source
1303:Drivers/STM32WBxx_HAL_Driver/Src/stm32wbxx_hal_rcc.c ****   *            @arg @ref RCC_MCO1SOURCE_LSI1   LSI1 clock selected as MCO source
1304:Drivers/STM32WBxx_HAL_Driver/Src/stm32wbxx_hal_rcc.c ****   *            @arg @ref RCC_MCO1SOURCE_LSI2   LSI2 clock selected as MCO source
1305:Drivers/STM32WBxx_HAL_Driver/Src/stm32wbxx_hal_rcc.c ****   *            @arg @ref RCC_MCO1SOURCE_LSE    LSE clock selected as MCO source
1306:Drivers/STM32WBxx_HAL_Driver/Src/stm32wbxx_hal_rcc.c ****   *            @arg @ref RCC_MCO1SOURCE_HSI48  HSI48 clock selected as MCO source for devices with 
1307:Drivers/STM32WBxx_HAL_Driver/Src/stm32wbxx_hal_rcc.c ****   *            @arg @ref RCC_MCO1SOURCE_HSE_BEFORE_STAB  HSE clock before stabilization selected as
1308:Drivers/STM32WBxx_HAL_Driver/Src/stm32wbxx_hal_rcc.c ****   * @param  RCC_MCODiv  specifies the MCO prescaler.
1309:Drivers/STM32WBxx_HAL_Driver/Src/stm32wbxx_hal_rcc.c ****   *          This parameter can be one of the following values:
1310:Drivers/STM32WBxx_HAL_Driver/Src/stm32wbxx_hal_rcc.c ****   *            @arg @ref RCC_MCODIV_1  no division applied to MCO clock
1311:Drivers/STM32WBxx_HAL_Driver/Src/stm32wbxx_hal_rcc.c ****   *            @arg @ref RCC_MCODIV_2  division by 2 applied to MCO clock
1312:Drivers/STM32WBxx_HAL_Driver/Src/stm32wbxx_hal_rcc.c ****   *            @arg @ref RCC_MCODIV_4  division by 4 applied to MCO clock
1313:Drivers/STM32WBxx_HAL_Driver/Src/stm32wbxx_hal_rcc.c ****   *            @arg @ref RCC_MCODIV_8  division by 8 applied to MCO clock
1314:Drivers/STM32WBxx_HAL_Driver/Src/stm32wbxx_hal_rcc.c ****   *            @arg @ref RCC_MCODIV_16  division by 16 applied to MCO clock
1315:Drivers/STM32WBxx_HAL_Driver/Src/stm32wbxx_hal_rcc.c ****   * @retval None
1316:Drivers/STM32WBxx_HAL_Driver/Src/stm32wbxx_hal_rcc.c ****   */
1317:Drivers/STM32WBxx_HAL_Driver/Src/stm32wbxx_hal_rcc.c **** void HAL_RCC_MCOConfig(uint32_t RCC_MCOx, uint32_t RCC_MCOSource, uint32_t RCC_MCODiv)
1318:Drivers/STM32WBxx_HAL_Driver/Src/stm32wbxx_hal_rcc.c **** {
1319:Drivers/STM32WBxx_HAL_Driver/Src/stm32wbxx_hal_rcc.c ****   GPIO_InitTypeDef gpio_initstruct;
1320:Drivers/STM32WBxx_HAL_Driver/Src/stm32wbxx_hal_rcc.c ****   uint32_t mcoindex;
1321:Drivers/STM32WBxx_HAL_Driver/Src/stm32wbxx_hal_rcc.c ****   uint32_t mco_gpio_index;
1322:Drivers/STM32WBxx_HAL_Driver/Src/stm32wbxx_hal_rcc.c ****   GPIO_TypeDef *mco_gpio_port;
1323:Drivers/STM32WBxx_HAL_Driver/Src/stm32wbxx_hal_rcc.c **** 
1324:Drivers/STM32WBxx_HAL_Driver/Src/stm32wbxx_hal_rcc.c ****   /* Check the parameters */
1325:Drivers/STM32WBxx_HAL_Driver/Src/stm32wbxx_hal_rcc.c ****   assert_param(IS_RCC_MCO(RCC_MCOx));
1326:Drivers/STM32WBxx_HAL_Driver/Src/stm32wbxx_hal_rcc.c **** 
1327:Drivers/STM32WBxx_HAL_Driver/Src/stm32wbxx_hal_rcc.c ****   /* Common GPIO init parameters */
1328:Drivers/STM32WBxx_HAL_Driver/Src/stm32wbxx_hal_rcc.c ****   gpio_initstruct.Mode      = GPIO_MODE_AF_PP;
1329:Drivers/STM32WBxx_HAL_Driver/Src/stm32wbxx_hal_rcc.c ****   gpio_initstruct.Speed     = GPIO_SPEED_FREQ_VERY_HIGH;
1330:Drivers/STM32WBxx_HAL_Driver/Src/stm32wbxx_hal_rcc.c ****   gpio_initstruct.Pull      = GPIO_NOPULL;
1331:Drivers/STM32WBxx_HAL_Driver/Src/stm32wbxx_hal_rcc.c **** 
1332:Drivers/STM32WBxx_HAL_Driver/Src/stm32wbxx_hal_rcc.c ****   /* Get MCOx selection */
1333:Drivers/STM32WBxx_HAL_Driver/Src/stm32wbxx_hal_rcc.c ****   mcoindex = RCC_MCOx & RCC_MCO_INDEX_MASK;
1334:Drivers/STM32WBxx_HAL_Driver/Src/stm32wbxx_hal_rcc.c **** 
1335:Drivers/STM32WBxx_HAL_Driver/Src/stm32wbxx_hal_rcc.c ****   /* Get MCOx GPIO Port */
1336:Drivers/STM32WBxx_HAL_Driver/Src/stm32wbxx_hal_rcc.c ****   mco_gpio_port = (GPIO_TypeDef *) RCC_GET_MCO_GPIO_PORT(RCC_MCOx);
1337:Drivers/STM32WBxx_HAL_Driver/Src/stm32wbxx_hal_rcc.c **** 
1338:Drivers/STM32WBxx_HAL_Driver/Src/stm32wbxx_hal_rcc.c ****   /* MCOx Clock Enable */
1339:Drivers/STM32WBxx_HAL_Driver/Src/stm32wbxx_hal_rcc.c ****   mco_gpio_index = RCC_GET_MCO_GPIO_INDEX(RCC_MCOx);
1340:Drivers/STM32WBxx_HAL_Driver/Src/stm32wbxx_hal_rcc.c ****   SET_BIT(RCC->AHB2ENR, (1UL << mco_gpio_index));
1341:Drivers/STM32WBxx_HAL_Driver/Src/stm32wbxx_hal_rcc.c **** 
ARM GAS  /var/folders/98/ctz5mtps7w71v8dr53cf5qg40000gn/T//ccdzqVkO.s 			page 25


1342:Drivers/STM32WBxx_HAL_Driver/Src/stm32wbxx_hal_rcc.c ****   /* Configure the MCOx pin in alternate function mode */
1343:Drivers/STM32WBxx_HAL_Driver/Src/stm32wbxx_hal_rcc.c ****   gpio_initstruct.Pin = RCC_GET_MCO_GPIO_PIN(RCC_MCOx);
1344:Drivers/STM32WBxx_HAL_Driver/Src/stm32wbxx_hal_rcc.c ****   gpio_initstruct.Alternate = RCC_GET_MCO_GPIO_AF(RCC_MCOx);
1345:Drivers/STM32WBxx_HAL_Driver/Src/stm32wbxx_hal_rcc.c ****   HAL_GPIO_Init(mco_gpio_port, &gpio_initstruct);
1346:Drivers/STM32WBxx_HAL_Driver/Src/stm32wbxx_hal_rcc.c **** 
1347:Drivers/STM32WBxx_HAL_Driver/Src/stm32wbxx_hal_rcc.c ****   if (mcoindex == RCC_MCO1_INDEX)
1348:Drivers/STM32WBxx_HAL_Driver/Src/stm32wbxx_hal_rcc.c ****   {
1349:Drivers/STM32WBxx_HAL_Driver/Src/stm32wbxx_hal_rcc.c ****     assert_param(IS_RCC_MCODIV(RCC_MCODiv));
1350:Drivers/STM32WBxx_HAL_Driver/Src/stm32wbxx_hal_rcc.c ****     assert_param(IS_RCC_MCO1SOURCE(RCC_MCOSource));
1351:Drivers/STM32WBxx_HAL_Driver/Src/stm32wbxx_hal_rcc.c ****     /* Mask MCOSEL[] and MCOPRE[] bits then set MCO clock source and prescaler */
1352:Drivers/STM32WBxx_HAL_Driver/Src/stm32wbxx_hal_rcc.c ****     LL_RCC_ConfigMCO(RCC_MCOSource, RCC_MCODiv);
1353:Drivers/STM32WBxx_HAL_Driver/Src/stm32wbxx_hal_rcc.c ****   }
1354:Drivers/STM32WBxx_HAL_Driver/Src/stm32wbxx_hal_rcc.c ****   else if (mcoindex == RCC_MCO2_INDEX)
1355:Drivers/STM32WBxx_HAL_Driver/Src/stm32wbxx_hal_rcc.c ****   {
1356:Drivers/STM32WBxx_HAL_Driver/Src/stm32wbxx_hal_rcc.c ****     assert_param(IS_RCC_MCODIV(RCC_MCODiv));
1357:Drivers/STM32WBxx_HAL_Driver/Src/stm32wbxx_hal_rcc.c ****     assert_param(IS_RCC_MCO2SOURCE(RCC_MCOSource));
1358:Drivers/STM32WBxx_HAL_Driver/Src/stm32wbxx_hal_rcc.c ****     /* Mask MCOSEL[] and MCOPRE[] bits then set MCO clock source and prescaler */
1359:Drivers/STM32WBxx_HAL_Driver/Src/stm32wbxx_hal_rcc.c ****     LL_RCC_ConfigMCO(RCC_MCOSource, RCC_MCODiv);
1360:Drivers/STM32WBxx_HAL_Driver/Src/stm32wbxx_hal_rcc.c ****   }
1361:Drivers/STM32WBxx_HAL_Driver/Src/stm32wbxx_hal_rcc.c **** #if defined(RCC_MCO3_SUPPORT)
1362:Drivers/STM32WBxx_HAL_Driver/Src/stm32wbxx_hal_rcc.c ****   else if (mcoindex == RCC_MCO3_INDEX)
1363:Drivers/STM32WBxx_HAL_Driver/Src/stm32wbxx_hal_rcc.c ****   {
1364:Drivers/STM32WBxx_HAL_Driver/Src/stm32wbxx_hal_rcc.c ****     assert_param(IS_RCC_MCODIV(RCC_MCODiv));
1365:Drivers/STM32WBxx_HAL_Driver/Src/stm32wbxx_hal_rcc.c ****     assert_param(IS_RCC_MCO3SOURCE(RCC_MCOSource));
1366:Drivers/STM32WBxx_HAL_Driver/Src/stm32wbxx_hal_rcc.c ****     /* Mask MCOSEL[] and MCOPRE[] bits then set MCO clock source and prescaler */
1367:Drivers/STM32WBxx_HAL_Driver/Src/stm32wbxx_hal_rcc.c ****     LL_RCC_ConfigMCO(RCC_MCOSource, RCC_MCODiv);
1368:Drivers/STM32WBxx_HAL_Driver/Src/stm32wbxx_hal_rcc.c ****   }
1369:Drivers/STM32WBxx_HAL_Driver/Src/stm32wbxx_hal_rcc.c **** #endif /* RCC_MCO3_SUPPORT */
1370:Drivers/STM32WBxx_HAL_Driver/Src/stm32wbxx_hal_rcc.c ****   else
1371:Drivers/STM32WBxx_HAL_Driver/Src/stm32wbxx_hal_rcc.c ****   {}
1372:Drivers/STM32WBxx_HAL_Driver/Src/stm32wbxx_hal_rcc.c **** }
1373:Drivers/STM32WBxx_HAL_Driver/Src/stm32wbxx_hal_rcc.c **** 
1374:Drivers/STM32WBxx_HAL_Driver/Src/stm32wbxx_hal_rcc.c **** /**
1375:Drivers/STM32WBxx_HAL_Driver/Src/stm32wbxx_hal_rcc.c ****   * @brief  Return the SYSCLK frequency.
1376:Drivers/STM32WBxx_HAL_Driver/Src/stm32wbxx_hal_rcc.c ****   *
1377:Drivers/STM32WBxx_HAL_Driver/Src/stm32wbxx_hal_rcc.c ****   * @note   The system computed by this function is not the real
1378:Drivers/STM32WBxx_HAL_Driver/Src/stm32wbxx_hal_rcc.c ****   *         frequency in the chip. It is calculated based on the predefined
1379:Drivers/STM32WBxx_HAL_Driver/Src/stm32wbxx_hal_rcc.c ****   *         constant and the selected clock source:
1380:Drivers/STM32WBxx_HAL_Driver/Src/stm32wbxx_hal_rcc.c ****   * @note     If SYSCLK source is MSI, function returns values based on MSI range
1381:Drivers/STM32WBxx_HAL_Driver/Src/stm32wbxx_hal_rcc.c ****   * @note     If SYSCLK source is HSI, function returns values based on HSI_VALUE(*)
1382:Drivers/STM32WBxx_HAL_Driver/Src/stm32wbxx_hal_rcc.c ****   * @note     If SYSCLK source is HSE, function returns values based on HSE_VALUE(**)
1383:Drivers/STM32WBxx_HAL_Driver/Src/stm32wbxx_hal_rcc.c ****   * @note     If SYSCLK source is PLL, function returns values based on HSE_VALUE(**),
1384:Drivers/STM32WBxx_HAL_Driver/Src/stm32wbxx_hal_rcc.c ****   *           HSI_VALUE(*) or MSI Value multiplied/divided by the PLL factors.
1385:Drivers/STM32WBxx_HAL_Driver/Src/stm32wbxx_hal_rcc.c ****   * @note     (*) HSI_VALUE is a constant defined in stm32wbxx_hal_conf.h file (default value
1386:Drivers/STM32WBxx_HAL_Driver/Src/stm32wbxx_hal_rcc.c ****   *               16 MHz) but the real value may vary depending on the variations
1387:Drivers/STM32WBxx_HAL_Driver/Src/stm32wbxx_hal_rcc.c ****   *               in voltage and temperature.
1388:Drivers/STM32WBxx_HAL_Driver/Src/stm32wbxx_hal_rcc.c ****   * @note     (**) HSE_VALUE is a constant defined in stm32wbxx_hal_conf.h file (default value
1389:Drivers/STM32WBxx_HAL_Driver/Src/stm32wbxx_hal_rcc.c ****   *                32 MHz), user has to ensure that HSE_VALUE is same as the real
1390:Drivers/STM32WBxx_HAL_Driver/Src/stm32wbxx_hal_rcc.c ****   *                frequency of the crystal used. Otherwise, this function may
1391:Drivers/STM32WBxx_HAL_Driver/Src/stm32wbxx_hal_rcc.c ****   *                have wrong result.
1392:Drivers/STM32WBxx_HAL_Driver/Src/stm32wbxx_hal_rcc.c ****   *
1393:Drivers/STM32WBxx_HAL_Driver/Src/stm32wbxx_hal_rcc.c ****   * @note   The result of this function could be not correct when using fractional
1394:Drivers/STM32WBxx_HAL_Driver/Src/stm32wbxx_hal_rcc.c ****   *         value for HSE crystal.
1395:Drivers/STM32WBxx_HAL_Driver/Src/stm32wbxx_hal_rcc.c ****   *
1396:Drivers/STM32WBxx_HAL_Driver/Src/stm32wbxx_hal_rcc.c ****   * @note   This function can be used by the user application to compute the
1397:Drivers/STM32WBxx_HAL_Driver/Src/stm32wbxx_hal_rcc.c ****   *         baudrate for the communication peripherals or configure other parameters.
1398:Drivers/STM32WBxx_HAL_Driver/Src/stm32wbxx_hal_rcc.c ****   *
ARM GAS  /var/folders/98/ctz5mtps7w71v8dr53cf5qg40000gn/T//ccdzqVkO.s 			page 26


1399:Drivers/STM32WBxx_HAL_Driver/Src/stm32wbxx_hal_rcc.c ****   * @note   Each time SYSCLK changes, this function must be called to update the
1400:Drivers/STM32WBxx_HAL_Driver/Src/stm32wbxx_hal_rcc.c ****   *         right SYSCLK value. Otherwise, any configuration based on this function will be incorre
1401:Drivers/STM32WBxx_HAL_Driver/Src/stm32wbxx_hal_rcc.c ****   *
1402:Drivers/STM32WBxx_HAL_Driver/Src/stm32wbxx_hal_rcc.c ****   *
1403:Drivers/STM32WBxx_HAL_Driver/Src/stm32wbxx_hal_rcc.c ****   * @retval SYSCLK frequency
1404:Drivers/STM32WBxx_HAL_Driver/Src/stm32wbxx_hal_rcc.c ****   */
1405:Drivers/STM32WBxx_HAL_Driver/Src/stm32wbxx_hal_rcc.c **** uint32_t HAL_RCC_GetSysClockFreq(void)
1406:Drivers/STM32WBxx_HAL_Driver/Src/stm32wbxx_hal_rcc.c **** {
1407:Drivers/STM32WBxx_HAL_Driver/Src/stm32wbxx_hal_rcc.c ****   uint32_t pllsource;
1408:Drivers/STM32WBxx_HAL_Driver/Src/stm32wbxx_hal_rcc.c ****   uint32_t sysclockfreq;
1409:Drivers/STM32WBxx_HAL_Driver/Src/stm32wbxx_hal_rcc.c ****   uint32_t pllinputfreq;
1410:Drivers/STM32WBxx_HAL_Driver/Src/stm32wbxx_hal_rcc.c ****   const uint32_t temp_sysclksrc = __HAL_RCC_GET_SYSCLK_SOURCE();
1411:Drivers/STM32WBxx_HAL_Driver/Src/stm32wbxx_hal_rcc.c **** 
1412:Drivers/STM32WBxx_HAL_Driver/Src/stm32wbxx_hal_rcc.c ****   if (temp_sysclksrc == RCC_SYSCLKSOURCE_STATUS_MSI)
1413:Drivers/STM32WBxx_HAL_Driver/Src/stm32wbxx_hal_rcc.c ****   {
1414:Drivers/STM32WBxx_HAL_Driver/Src/stm32wbxx_hal_rcc.c ****     /* Retrieve MSI frequency range in HZ*/
1415:Drivers/STM32WBxx_HAL_Driver/Src/stm32wbxx_hal_rcc.c ****     /* MSI used as system clock source */
1416:Drivers/STM32WBxx_HAL_Driver/Src/stm32wbxx_hal_rcc.c ****     sysclockfreq = __LL_RCC_CALC_MSI_FREQ(LL_RCC_MSI_GetRange());
1417:Drivers/STM32WBxx_HAL_Driver/Src/stm32wbxx_hal_rcc.c ****   }
1418:Drivers/STM32WBxx_HAL_Driver/Src/stm32wbxx_hal_rcc.c ****   else if (temp_sysclksrc == RCC_SYSCLKSOURCE_STATUS_HSI)
1419:Drivers/STM32WBxx_HAL_Driver/Src/stm32wbxx_hal_rcc.c ****   {
1420:Drivers/STM32WBxx_HAL_Driver/Src/stm32wbxx_hal_rcc.c ****     /* HSI used as system clock source */
1421:Drivers/STM32WBxx_HAL_Driver/Src/stm32wbxx_hal_rcc.c ****     sysclockfreq = HSI_VALUE;
1422:Drivers/STM32WBxx_HAL_Driver/Src/stm32wbxx_hal_rcc.c ****   }
1423:Drivers/STM32WBxx_HAL_Driver/Src/stm32wbxx_hal_rcc.c ****   else if (temp_sysclksrc == RCC_SYSCLKSOURCE_STATUS_HSE)
1424:Drivers/STM32WBxx_HAL_Driver/Src/stm32wbxx_hal_rcc.c ****   {
1425:Drivers/STM32WBxx_HAL_Driver/Src/stm32wbxx_hal_rcc.c ****     /* HSE used as system clock source */
1426:Drivers/STM32WBxx_HAL_Driver/Src/stm32wbxx_hal_rcc.c ****     if (LL_RCC_HSE_IsEnabledDiv2() == 1U)
1427:Drivers/STM32WBxx_HAL_Driver/Src/stm32wbxx_hal_rcc.c ****     {
1428:Drivers/STM32WBxx_HAL_Driver/Src/stm32wbxx_hal_rcc.c ****       sysclockfreq = HSE_VALUE / 2U;
1429:Drivers/STM32WBxx_HAL_Driver/Src/stm32wbxx_hal_rcc.c ****     }
1430:Drivers/STM32WBxx_HAL_Driver/Src/stm32wbxx_hal_rcc.c ****     else
1431:Drivers/STM32WBxx_HAL_Driver/Src/stm32wbxx_hal_rcc.c ****     {
1432:Drivers/STM32WBxx_HAL_Driver/Src/stm32wbxx_hal_rcc.c ****       sysclockfreq = HSE_VALUE;
1433:Drivers/STM32WBxx_HAL_Driver/Src/stm32wbxx_hal_rcc.c ****     }
1434:Drivers/STM32WBxx_HAL_Driver/Src/stm32wbxx_hal_rcc.c ****   }
1435:Drivers/STM32WBxx_HAL_Driver/Src/stm32wbxx_hal_rcc.c ****   else
1436:Drivers/STM32WBxx_HAL_Driver/Src/stm32wbxx_hal_rcc.c ****   {
1437:Drivers/STM32WBxx_HAL_Driver/Src/stm32wbxx_hal_rcc.c ****     /* PLL used as system clock  source */
1438:Drivers/STM32WBxx_HAL_Driver/Src/stm32wbxx_hal_rcc.c ****     pllsource = LL_RCC_PLL_GetMainSource();
1439:Drivers/STM32WBxx_HAL_Driver/Src/stm32wbxx_hal_rcc.c ****     switch (pllsource)
1440:Drivers/STM32WBxx_HAL_Driver/Src/stm32wbxx_hal_rcc.c ****     {
1441:Drivers/STM32WBxx_HAL_Driver/Src/stm32wbxx_hal_rcc.c ****       case RCC_PLLSOURCE_HSI:  /* HSI used as PLL clock source */
1442:Drivers/STM32WBxx_HAL_Driver/Src/stm32wbxx_hal_rcc.c ****         pllinputfreq = HSI_VALUE;
1443:Drivers/STM32WBxx_HAL_Driver/Src/stm32wbxx_hal_rcc.c ****         break;
1444:Drivers/STM32WBxx_HAL_Driver/Src/stm32wbxx_hal_rcc.c ****       case RCC_PLLSOURCE_HSE:  /* HSE used as PLL clock source */
1445:Drivers/STM32WBxx_HAL_Driver/Src/stm32wbxx_hal_rcc.c ****         if (LL_RCC_HSE_IsEnabledDiv2() == 1U)
1446:Drivers/STM32WBxx_HAL_Driver/Src/stm32wbxx_hal_rcc.c ****         {
1447:Drivers/STM32WBxx_HAL_Driver/Src/stm32wbxx_hal_rcc.c ****           pllinputfreq = HSE_VALUE / 2U;
1448:Drivers/STM32WBxx_HAL_Driver/Src/stm32wbxx_hal_rcc.c ****         }
1449:Drivers/STM32WBxx_HAL_Driver/Src/stm32wbxx_hal_rcc.c ****         else
1450:Drivers/STM32WBxx_HAL_Driver/Src/stm32wbxx_hal_rcc.c ****         {
1451:Drivers/STM32WBxx_HAL_Driver/Src/stm32wbxx_hal_rcc.c ****           pllinputfreq = HSE_VALUE;
1452:Drivers/STM32WBxx_HAL_Driver/Src/stm32wbxx_hal_rcc.c ****         }
1453:Drivers/STM32WBxx_HAL_Driver/Src/stm32wbxx_hal_rcc.c ****         break;
1454:Drivers/STM32WBxx_HAL_Driver/Src/stm32wbxx_hal_rcc.c ****       case RCC_PLLSOURCE_MSI:  /* MSI used as PLL clock source */
1455:Drivers/STM32WBxx_HAL_Driver/Src/stm32wbxx_hal_rcc.c ****       default:
ARM GAS  /var/folders/98/ctz5mtps7w71v8dr53cf5qg40000gn/T//ccdzqVkO.s 			page 27


1456:Drivers/STM32WBxx_HAL_Driver/Src/stm32wbxx_hal_rcc.c ****         pllinputfreq = __LL_RCC_CALC_MSI_FREQ(LL_RCC_MSI_GetRange());
1457:Drivers/STM32WBxx_HAL_Driver/Src/stm32wbxx_hal_rcc.c ****         break;
1458:Drivers/STM32WBxx_HAL_Driver/Src/stm32wbxx_hal_rcc.c ****     }
1459:Drivers/STM32WBxx_HAL_Driver/Src/stm32wbxx_hal_rcc.c ****     sysclockfreq = __LL_RCC_CALC_PLLCLK_FREQ(pllinputfreq, LL_RCC_PLL_GetDivider(), LL_RCC_PLL_GetN
1460:Drivers/STM32WBxx_HAL_Driver/Src/stm32wbxx_hal_rcc.c ****                                              LL_RCC_PLL_GetR());
1461:Drivers/STM32WBxx_HAL_Driver/Src/stm32wbxx_hal_rcc.c ****   }
1462:Drivers/STM32WBxx_HAL_Driver/Src/stm32wbxx_hal_rcc.c **** 
1463:Drivers/STM32WBxx_HAL_Driver/Src/stm32wbxx_hal_rcc.c ****   return sysclockfreq;
1464:Drivers/STM32WBxx_HAL_Driver/Src/stm32wbxx_hal_rcc.c **** }
1465:Drivers/STM32WBxx_HAL_Driver/Src/stm32wbxx_hal_rcc.c **** 
1466:Drivers/STM32WBxx_HAL_Driver/Src/stm32wbxx_hal_rcc.c **** /**
1467:Drivers/STM32WBxx_HAL_Driver/Src/stm32wbxx_hal_rcc.c ****   * @brief  Return the HCLK frequency.
1468:Drivers/STM32WBxx_HAL_Driver/Src/stm32wbxx_hal_rcc.c ****   * @retval HCLK frequency in Hz
1469:Drivers/STM32WBxx_HAL_Driver/Src/stm32wbxx_hal_rcc.c ****   */
1470:Drivers/STM32WBxx_HAL_Driver/Src/stm32wbxx_hal_rcc.c **** uint32_t HAL_RCC_GetHCLKFreq(void)
1471:Drivers/STM32WBxx_HAL_Driver/Src/stm32wbxx_hal_rcc.c **** {
1472:Drivers/STM32WBxx_HAL_Driver/Src/stm32wbxx_hal_rcc.c ****   /* Get SysClock and Compute HCLK1 frequency ---------------------------*/
1473:Drivers/STM32WBxx_HAL_Driver/Src/stm32wbxx_hal_rcc.c ****   return ((uint32_t)(__LL_RCC_CALC_HCLK1_FREQ(HAL_RCC_GetSysClockFreq(), LL_RCC_GetAHBPrescaler()))
1474:Drivers/STM32WBxx_HAL_Driver/Src/stm32wbxx_hal_rcc.c **** }
1475:Drivers/STM32WBxx_HAL_Driver/Src/stm32wbxx_hal_rcc.c **** 
1476:Drivers/STM32WBxx_HAL_Driver/Src/stm32wbxx_hal_rcc.c **** /**
1477:Drivers/STM32WBxx_HAL_Driver/Src/stm32wbxx_hal_rcc.c ****   * @brief  Return the HCLK2 frequency.
1478:Drivers/STM32WBxx_HAL_Driver/Src/stm32wbxx_hal_rcc.c ****   * @retval HCLK2 frequency in Hz
1479:Drivers/STM32WBxx_HAL_Driver/Src/stm32wbxx_hal_rcc.c ****   */
1480:Drivers/STM32WBxx_HAL_Driver/Src/stm32wbxx_hal_rcc.c **** uint32_t HAL_RCC_GetHCLK2Freq(void)
1481:Drivers/STM32WBxx_HAL_Driver/Src/stm32wbxx_hal_rcc.c **** {
1482:Drivers/STM32WBxx_HAL_Driver/Src/stm32wbxx_hal_rcc.c ****   /* Get SysClock and Compute HCLK2 frequency ---------------------------*/
1483:Drivers/STM32WBxx_HAL_Driver/Src/stm32wbxx_hal_rcc.c ****   return ((uint32_t)(__LL_RCC_CALC_HCLK2_FREQ(HAL_RCC_GetSysClockFreq(), LL_C2_RCC_GetAHBPrescaler(
1484:Drivers/STM32WBxx_HAL_Driver/Src/stm32wbxx_hal_rcc.c **** }
1485:Drivers/STM32WBxx_HAL_Driver/Src/stm32wbxx_hal_rcc.c **** 
1486:Drivers/STM32WBxx_HAL_Driver/Src/stm32wbxx_hal_rcc.c **** /**
1487:Drivers/STM32WBxx_HAL_Driver/Src/stm32wbxx_hal_rcc.c ****   * @brief  Return the HCLK4 frequency.
1488:Drivers/STM32WBxx_HAL_Driver/Src/stm32wbxx_hal_rcc.c ****   * @retval HCLK4 frequency in Hz
1489:Drivers/STM32WBxx_HAL_Driver/Src/stm32wbxx_hal_rcc.c ****   */
1490:Drivers/STM32WBxx_HAL_Driver/Src/stm32wbxx_hal_rcc.c **** uint32_t HAL_RCC_GetHCLK4Freq(void)
1491:Drivers/STM32WBxx_HAL_Driver/Src/stm32wbxx_hal_rcc.c **** {
1492:Drivers/STM32WBxx_HAL_Driver/Src/stm32wbxx_hal_rcc.c ****   /* Get SysClock and Compute AHB4 frequency ---------------------------*/
1493:Drivers/STM32WBxx_HAL_Driver/Src/stm32wbxx_hal_rcc.c ****   return ((uint32_t)(__LL_RCC_CALC_HCLK4_FREQ(HAL_RCC_GetSysClockFreq(), LL_RCC_GetAHB4Prescaler())
1494:Drivers/STM32WBxx_HAL_Driver/Src/stm32wbxx_hal_rcc.c **** }
1495:Drivers/STM32WBxx_HAL_Driver/Src/stm32wbxx_hal_rcc.c **** 
1496:Drivers/STM32WBxx_HAL_Driver/Src/stm32wbxx_hal_rcc.c **** /**
1497:Drivers/STM32WBxx_HAL_Driver/Src/stm32wbxx_hal_rcc.c ****   * @brief  Return the PCLK1 frequency.
1498:Drivers/STM32WBxx_HAL_Driver/Src/stm32wbxx_hal_rcc.c ****   * @note   Each time PCLK1 changes, this function must be called to update the
1499:Drivers/STM32WBxx_HAL_Driver/Src/stm32wbxx_hal_rcc.c ****   *         right PCLK1 value. Otherwise, any configuration based on this function will be incorrec
1500:Drivers/STM32WBxx_HAL_Driver/Src/stm32wbxx_hal_rcc.c ****   * @retval PCLK1 frequency in Hz
1501:Drivers/STM32WBxx_HAL_Driver/Src/stm32wbxx_hal_rcc.c ****   */
1502:Drivers/STM32WBxx_HAL_Driver/Src/stm32wbxx_hal_rcc.c **** uint32_t HAL_RCC_GetPCLK1Freq(void)
1503:Drivers/STM32WBxx_HAL_Driver/Src/stm32wbxx_hal_rcc.c **** {
1504:Drivers/STM32WBxx_HAL_Driver/Src/stm32wbxx_hal_rcc.c ****   /* Get HCLK source and Compute PCLK1 frequency ---------------------------*/
1505:Drivers/STM32WBxx_HAL_Driver/Src/stm32wbxx_hal_rcc.c ****   return ((uint32_t)(__LL_RCC_CALC_PCLK1_FREQ(HAL_RCC_GetHCLKFreq(), LL_RCC_GetAPB1Prescaler())));
1506:Drivers/STM32WBxx_HAL_Driver/Src/stm32wbxx_hal_rcc.c **** }
1507:Drivers/STM32WBxx_HAL_Driver/Src/stm32wbxx_hal_rcc.c **** 
1508:Drivers/STM32WBxx_HAL_Driver/Src/stm32wbxx_hal_rcc.c **** /**
1509:Drivers/STM32WBxx_HAL_Driver/Src/stm32wbxx_hal_rcc.c ****   * @brief  Return the PCLK2 frequency.
1510:Drivers/STM32WBxx_HAL_Driver/Src/stm32wbxx_hal_rcc.c ****   * @note   Each time PCLK2 changes, this function must be called to update the
1511:Drivers/STM32WBxx_HAL_Driver/Src/stm32wbxx_hal_rcc.c ****   *         right PCLK2 value. Otherwise, any configuration based on this function will be incorrec
1512:Drivers/STM32WBxx_HAL_Driver/Src/stm32wbxx_hal_rcc.c ****   * @retval PCLK2 frequency in Hz
ARM GAS  /var/folders/98/ctz5mtps7w71v8dr53cf5qg40000gn/T//ccdzqVkO.s 			page 28


1513:Drivers/STM32WBxx_HAL_Driver/Src/stm32wbxx_hal_rcc.c ****   */
1514:Drivers/STM32WBxx_HAL_Driver/Src/stm32wbxx_hal_rcc.c **** uint32_t HAL_RCC_GetPCLK2Freq(void)
1515:Drivers/STM32WBxx_HAL_Driver/Src/stm32wbxx_hal_rcc.c **** {
1516:Drivers/STM32WBxx_HAL_Driver/Src/stm32wbxx_hal_rcc.c ****   /* Get HCLK source and Compute PCLK2 frequency ---------------------------*/
1517:Drivers/STM32WBxx_HAL_Driver/Src/stm32wbxx_hal_rcc.c ****   return ((uint32_t)(__LL_RCC_CALC_PCLK2_FREQ(HAL_RCC_GetHCLKFreq(), LL_RCC_GetAPB2Prescaler())));
1518:Drivers/STM32WBxx_HAL_Driver/Src/stm32wbxx_hal_rcc.c **** }
1519:Drivers/STM32WBxx_HAL_Driver/Src/stm32wbxx_hal_rcc.c **** 
1520:Drivers/STM32WBxx_HAL_Driver/Src/stm32wbxx_hal_rcc.c **** /**
1521:Drivers/STM32WBxx_HAL_Driver/Src/stm32wbxx_hal_rcc.c ****   * @brief  Configure the RCC_OscInitStruct according to the internal
1522:Drivers/STM32WBxx_HAL_Driver/Src/stm32wbxx_hal_rcc.c ****   *         RCC configuration registers.
1523:Drivers/STM32WBxx_HAL_Driver/Src/stm32wbxx_hal_rcc.c ****   * @param  RCC_OscInitStruct  pointer to an RCC_OscInitTypeDef structure that
1524:Drivers/STM32WBxx_HAL_Driver/Src/stm32wbxx_hal_rcc.c ****   *         will be configured.
1525:Drivers/STM32WBxx_HAL_Driver/Src/stm32wbxx_hal_rcc.c ****   * @retval None
1526:Drivers/STM32WBxx_HAL_Driver/Src/stm32wbxx_hal_rcc.c ****   */
1527:Drivers/STM32WBxx_HAL_Driver/Src/stm32wbxx_hal_rcc.c **** void HAL_RCC_GetOscConfig(RCC_OscInitTypeDef  *RCC_OscInitStruct)
1528:Drivers/STM32WBxx_HAL_Driver/Src/stm32wbxx_hal_rcc.c **** {
1529:Drivers/STM32WBxx_HAL_Driver/Src/stm32wbxx_hal_rcc.c ****   uint32_t regvalue;
1530:Drivers/STM32WBxx_HAL_Driver/Src/stm32wbxx_hal_rcc.c ****   uint32_t regICSRvalue;
1531:Drivers/STM32WBxx_HAL_Driver/Src/stm32wbxx_hal_rcc.c ****   uint32_t regPLLCFGRvalue;
1532:Drivers/STM32WBxx_HAL_Driver/Src/stm32wbxx_hal_rcc.c **** 
1533:Drivers/STM32WBxx_HAL_Driver/Src/stm32wbxx_hal_rcc.c ****   /* Check the parameters */
1534:Drivers/STM32WBxx_HAL_Driver/Src/stm32wbxx_hal_rcc.c ****   assert_param(RCC_OscInitStruct != (void *)NULL);
1535:Drivers/STM32WBxx_HAL_Driver/Src/stm32wbxx_hal_rcc.c **** 
1536:Drivers/STM32WBxx_HAL_Driver/Src/stm32wbxx_hal_rcc.c ****   /* Set all possible values for the Oscillator type parameter ---------------*/
1537:Drivers/STM32WBxx_HAL_Driver/Src/stm32wbxx_hal_rcc.c ****   RCC_OscInitStruct->OscillatorType = RCC_OSCILLATORTYPE_HSE | RCC_OSCILLATORTYPE_HSI | RCC_OSCILLA
1538:Drivers/STM32WBxx_HAL_Driver/Src/stm32wbxx_hal_rcc.c ****                                       RCC_OSCILLATORTYPE_LSE | RCC_OSCILLATORTYPE_LSI1 | RCC_OSCILL
1539:Drivers/STM32WBxx_HAL_Driver/Src/stm32wbxx_hal_rcc.c **** 
1540:Drivers/STM32WBxx_HAL_Driver/Src/stm32wbxx_hal_rcc.c **** #if defined(RCC_HSI48_SUPPORT)
1541:Drivers/STM32WBxx_HAL_Driver/Src/stm32wbxx_hal_rcc.c ****   RCC_OscInitStruct->OscillatorType |= RCC_OSCILLATORTYPE_HSI48;
1542:Drivers/STM32WBxx_HAL_Driver/Src/stm32wbxx_hal_rcc.c **** #endif /* RCC_HSI48_SUPPORT */
1543:Drivers/STM32WBxx_HAL_Driver/Src/stm32wbxx_hal_rcc.c **** 
1544:Drivers/STM32WBxx_HAL_Driver/Src/stm32wbxx_hal_rcc.c ****   /* Get register values */
1545:Drivers/STM32WBxx_HAL_Driver/Src/stm32wbxx_hal_rcc.c ****   regvalue = RCC->CR; /* Control register */
1546:Drivers/STM32WBxx_HAL_Driver/Src/stm32wbxx_hal_rcc.c ****   regICSRvalue = RCC->ICSCR; /* Get Internal Clock Sources Calibration register */
1547:Drivers/STM32WBxx_HAL_Driver/Src/stm32wbxx_hal_rcc.c ****   regPLLCFGRvalue = RCC->PLLCFGR; /* Get PLL Configuration register */
1548:Drivers/STM32WBxx_HAL_Driver/Src/stm32wbxx_hal_rcc.c **** 
1549:Drivers/STM32WBxx_HAL_Driver/Src/stm32wbxx_hal_rcc.c ****   /* Get the HSE configuration -----------------------------------------------*/
1550:Drivers/STM32WBxx_HAL_Driver/Src/stm32wbxx_hal_rcc.c ****   RCC_OscInitStruct->HSEState = (regvalue & RCC_CR_HSEON);
1551:Drivers/STM32WBxx_HAL_Driver/Src/stm32wbxx_hal_rcc.c **** 
1552:Drivers/STM32WBxx_HAL_Driver/Src/stm32wbxx_hal_rcc.c ****   /* Get the MSI configuration -----------------------------------------------*/
1553:Drivers/STM32WBxx_HAL_Driver/Src/stm32wbxx_hal_rcc.c ****   RCC_OscInitStruct->MSIState            = (regvalue & RCC_CR_MSION);
1554:Drivers/STM32WBxx_HAL_Driver/Src/stm32wbxx_hal_rcc.c ****   RCC_OscInitStruct->MSICalibrationValue = (regICSRvalue & RCC_ICSCR_MSITRIM) >> RCC_ICSCR_MSITRIM_
1555:Drivers/STM32WBxx_HAL_Driver/Src/stm32wbxx_hal_rcc.c ****   RCC_OscInitStruct->MSIClockRange       = (regvalue & RCC_CR_MSIRANGE);
1556:Drivers/STM32WBxx_HAL_Driver/Src/stm32wbxx_hal_rcc.c **** 
1557:Drivers/STM32WBxx_HAL_Driver/Src/stm32wbxx_hal_rcc.c ****   /* Get the HSI configuration -----------------------------------------------*/
1558:Drivers/STM32WBxx_HAL_Driver/Src/stm32wbxx_hal_rcc.c ****   RCC_OscInitStruct->HSIState            = (regvalue & RCC_CR_HSION);
1559:Drivers/STM32WBxx_HAL_Driver/Src/stm32wbxx_hal_rcc.c ****   RCC_OscInitStruct->HSICalibrationValue = ((regICSRvalue & RCC_ICSCR_HSITRIM) >> RCC_ICSCR_HSITRIM
1560:Drivers/STM32WBxx_HAL_Driver/Src/stm32wbxx_hal_rcc.c **** 
1561:Drivers/STM32WBxx_HAL_Driver/Src/stm32wbxx_hal_rcc.c ****   /* Get the PLL configuration -----------------------------------------------*/
1562:Drivers/STM32WBxx_HAL_Driver/Src/stm32wbxx_hal_rcc.c ****   RCC_OscInitStruct->PLL.PLLState  = ((regvalue & RCC_CR_PLLON) >> RCC_CR_PLLON_Pos) + 1U;
1563:Drivers/STM32WBxx_HAL_Driver/Src/stm32wbxx_hal_rcc.c ****   RCC_OscInitStruct->PLL.PLLSource = (regPLLCFGRvalue & RCC_PLLCFGR_PLLSRC);
1564:Drivers/STM32WBxx_HAL_Driver/Src/stm32wbxx_hal_rcc.c ****   RCC_OscInitStruct->PLL.PLLM      = (regPLLCFGRvalue & RCC_PLLCFGR_PLLM);
1565:Drivers/STM32WBxx_HAL_Driver/Src/stm32wbxx_hal_rcc.c ****   RCC_OscInitStruct->PLL.PLLN      = ((regPLLCFGRvalue & RCC_PLLCFGR_PLLN) >> RCC_PLLCFGR_PLLN_Pos)
1566:Drivers/STM32WBxx_HAL_Driver/Src/stm32wbxx_hal_rcc.c ****   RCC_OscInitStruct->PLL.PLLP      = (regPLLCFGRvalue & RCC_PLLCFGR_PLLP);
1567:Drivers/STM32WBxx_HAL_Driver/Src/stm32wbxx_hal_rcc.c ****   RCC_OscInitStruct->PLL.PLLQ      = (regPLLCFGRvalue & RCC_PLLCFGR_PLLQ);
1568:Drivers/STM32WBxx_HAL_Driver/Src/stm32wbxx_hal_rcc.c ****   RCC_OscInitStruct->PLL.PLLR      = (regPLLCFGRvalue & RCC_PLLCFGR_PLLR);
1569:Drivers/STM32WBxx_HAL_Driver/Src/stm32wbxx_hal_rcc.c **** 
ARM GAS  /var/folders/98/ctz5mtps7w71v8dr53cf5qg40000gn/T//ccdzqVkO.s 			page 29


1570:Drivers/STM32WBxx_HAL_Driver/Src/stm32wbxx_hal_rcc.c ****   /* Get Backup Domain register */
1571:Drivers/STM32WBxx_HAL_Driver/Src/stm32wbxx_hal_rcc.c ****   regvalue = RCC->BDCR;
1572:Drivers/STM32WBxx_HAL_Driver/Src/stm32wbxx_hal_rcc.c **** 
1573:Drivers/STM32WBxx_HAL_Driver/Src/stm32wbxx_hal_rcc.c ****   /* Get the LSE configuration -----------------------------------------------*/
1574:Drivers/STM32WBxx_HAL_Driver/Src/stm32wbxx_hal_rcc.c ****   RCC_OscInitStruct->LSEState = (regvalue & RCC_LSE_BYPASS);
1575:Drivers/STM32WBxx_HAL_Driver/Src/stm32wbxx_hal_rcc.c **** 
1576:Drivers/STM32WBxx_HAL_Driver/Src/stm32wbxx_hal_rcc.c ****   /* Get Control/Status register */
1577:Drivers/STM32WBxx_HAL_Driver/Src/stm32wbxx_hal_rcc.c ****   regvalue = RCC->CSR;
1578:Drivers/STM32WBxx_HAL_Driver/Src/stm32wbxx_hal_rcc.c **** 
1579:Drivers/STM32WBxx_HAL_Driver/Src/stm32wbxx_hal_rcc.c ****   /* Get the LSI configuration -----------------------------------------------*/
1580:Drivers/STM32WBxx_HAL_Driver/Src/stm32wbxx_hal_rcc.c ****   RCC_OscInitStruct->LSIState = ((regvalue & RCC_LSI_ON) > 0U) ? RCC_LSI_ON : 0U;
1581:Drivers/STM32WBxx_HAL_Driver/Src/stm32wbxx_hal_rcc.c **** 
1582:Drivers/STM32WBxx_HAL_Driver/Src/stm32wbxx_hal_rcc.c **** #if defined(RCC_HSI48_SUPPORT)
1583:Drivers/STM32WBxx_HAL_Driver/Src/stm32wbxx_hal_rcc.c ****   /* Get Control/Status register */
1584:Drivers/STM32WBxx_HAL_Driver/Src/stm32wbxx_hal_rcc.c ****   regvalue = RCC->CRRCR;
1585:Drivers/STM32WBxx_HAL_Driver/Src/stm32wbxx_hal_rcc.c **** 
1586:Drivers/STM32WBxx_HAL_Driver/Src/stm32wbxx_hal_rcc.c ****   /* Get the HSI48 configuration ---------------------------------------------*/
1587:Drivers/STM32WBxx_HAL_Driver/Src/stm32wbxx_hal_rcc.c ****   RCC_OscInitStruct->HSI48State = (regvalue & RCC_CRRCR_HSI48ON);
1588:Drivers/STM32WBxx_HAL_Driver/Src/stm32wbxx_hal_rcc.c **** #endif /* RCC_HSI48_SUPPORT */
1589:Drivers/STM32WBxx_HAL_Driver/Src/stm32wbxx_hal_rcc.c **** 
1590:Drivers/STM32WBxx_HAL_Driver/Src/stm32wbxx_hal_rcc.c **** }
1591:Drivers/STM32WBxx_HAL_Driver/Src/stm32wbxx_hal_rcc.c **** 
1592:Drivers/STM32WBxx_HAL_Driver/Src/stm32wbxx_hal_rcc.c **** /**
1593:Drivers/STM32WBxx_HAL_Driver/Src/stm32wbxx_hal_rcc.c ****   * @brief  Configure the RCC_ClkInitStruct according to the internal
1594:Drivers/STM32WBxx_HAL_Driver/Src/stm32wbxx_hal_rcc.c ****   *         RCC configuration registers.
1595:Drivers/STM32WBxx_HAL_Driver/Src/stm32wbxx_hal_rcc.c ****   * @param  RCC_ClkInitStruct Pointer to a @ref RCC_ClkInitTypeDef structure that
1596:Drivers/STM32WBxx_HAL_Driver/Src/stm32wbxx_hal_rcc.c ****   *                           will be configured.
1597:Drivers/STM32WBxx_HAL_Driver/Src/stm32wbxx_hal_rcc.c ****   * @param  pFLatency         Pointer on the Flash Latency.
1598:Drivers/STM32WBxx_HAL_Driver/Src/stm32wbxx_hal_rcc.c ****   * @retval None
1599:Drivers/STM32WBxx_HAL_Driver/Src/stm32wbxx_hal_rcc.c ****   */
1600:Drivers/STM32WBxx_HAL_Driver/Src/stm32wbxx_hal_rcc.c **** void HAL_RCC_GetClockConfig(RCC_ClkInitTypeDef  *RCC_ClkInitStruct, uint32_t *pFLatency)
1601:Drivers/STM32WBxx_HAL_Driver/Src/stm32wbxx_hal_rcc.c **** {
1602:Drivers/STM32WBxx_HAL_Driver/Src/stm32wbxx_hal_rcc.c ****   /* Check the parameters */
1603:Drivers/STM32WBxx_HAL_Driver/Src/stm32wbxx_hal_rcc.c ****   assert_param(RCC_ClkInitStruct != (void *)NULL);
1604:Drivers/STM32WBxx_HAL_Driver/Src/stm32wbxx_hal_rcc.c ****   assert_param(pFLatency != (void *)NULL);
1605:Drivers/STM32WBxx_HAL_Driver/Src/stm32wbxx_hal_rcc.c **** 
1606:Drivers/STM32WBxx_HAL_Driver/Src/stm32wbxx_hal_rcc.c ****   /* Set all possible values for the Clock type parameter --------------------*/
1607:Drivers/STM32WBxx_HAL_Driver/Src/stm32wbxx_hal_rcc.c ****   RCC_ClkInitStruct->ClockType = (RCC_CLOCKTYPE_SYSCLK | RCC_CLOCKTYPE_HCLK | RCC_CLOCKTYPE_PCLK1 |
1608:Drivers/STM32WBxx_HAL_Driver/Src/stm32wbxx_hal_rcc.c ****                                   RCC_CLOCKTYPE_PCLK2 | RCC_CLOCKTYPE_HCLK2 | RCC_CLOCKTYPE_HCLK4);
1609:Drivers/STM32WBxx_HAL_Driver/Src/stm32wbxx_hal_rcc.c **** 
1610:Drivers/STM32WBxx_HAL_Driver/Src/stm32wbxx_hal_rcc.c ****   /* Get the SYSCLK configuration --------------------------------------------*/
1611:Drivers/STM32WBxx_HAL_Driver/Src/stm32wbxx_hal_rcc.c ****   RCC_ClkInitStruct->SYSCLKSource = LL_RCC_GetSysClkSource();
1612:Drivers/STM32WBxx_HAL_Driver/Src/stm32wbxx_hal_rcc.c **** 
1613:Drivers/STM32WBxx_HAL_Driver/Src/stm32wbxx_hal_rcc.c ****   /* Get the HCLK configuration ----------------------------------------------*/
1614:Drivers/STM32WBxx_HAL_Driver/Src/stm32wbxx_hal_rcc.c ****   RCC_ClkInitStruct->AHBCLKDivider = LL_RCC_GetAHBPrescaler();
1615:Drivers/STM32WBxx_HAL_Driver/Src/stm32wbxx_hal_rcc.c **** 
1616:Drivers/STM32WBxx_HAL_Driver/Src/stm32wbxx_hal_rcc.c ****   /* Get the APB1 configuration ----------------------------------------------*/
1617:Drivers/STM32WBxx_HAL_Driver/Src/stm32wbxx_hal_rcc.c ****   RCC_ClkInitStruct->APB1CLKDivider = LL_RCC_GetAPB1Prescaler();
1618:Drivers/STM32WBxx_HAL_Driver/Src/stm32wbxx_hal_rcc.c **** 
1619:Drivers/STM32WBxx_HAL_Driver/Src/stm32wbxx_hal_rcc.c ****   /* Get the APB2 configuration ----------------------------------------------*/
1620:Drivers/STM32WBxx_HAL_Driver/Src/stm32wbxx_hal_rcc.c ****   RCC_ClkInitStruct->APB2CLKDivider = LL_RCC_GetAPB2Prescaler();
1621:Drivers/STM32WBxx_HAL_Driver/Src/stm32wbxx_hal_rcc.c **** 
1622:Drivers/STM32WBxx_HAL_Driver/Src/stm32wbxx_hal_rcc.c ****   /* Get the AHBCLK2Divider configuration ------------------------------------*/
1623:Drivers/STM32WBxx_HAL_Driver/Src/stm32wbxx_hal_rcc.c ****   RCC_ClkInitStruct->AHBCLK2Divider = LL_C2_RCC_GetAHBPrescaler();
1624:Drivers/STM32WBxx_HAL_Driver/Src/stm32wbxx_hal_rcc.c **** 
1625:Drivers/STM32WBxx_HAL_Driver/Src/stm32wbxx_hal_rcc.c ****   /* Get the AHBCLK4Divider configuration ------------------------------------*/
1626:Drivers/STM32WBxx_HAL_Driver/Src/stm32wbxx_hal_rcc.c ****   RCC_ClkInitStruct->AHBCLK4Divider = LL_RCC_GetAHB4Prescaler();
ARM GAS  /var/folders/98/ctz5mtps7w71v8dr53cf5qg40000gn/T//ccdzqVkO.s 			page 30


1627:Drivers/STM32WBxx_HAL_Driver/Src/stm32wbxx_hal_rcc.c **** 
1628:Drivers/STM32WBxx_HAL_Driver/Src/stm32wbxx_hal_rcc.c ****   /* Get the Flash Wait State (Latency) configuration ------------------------*/
1629:Drivers/STM32WBxx_HAL_Driver/Src/stm32wbxx_hal_rcc.c ****   *pFLatency = __HAL_FLASH_GET_LATENCY();
1630:Drivers/STM32WBxx_HAL_Driver/Src/stm32wbxx_hal_rcc.c **** }
1631:Drivers/STM32WBxx_HAL_Driver/Src/stm32wbxx_hal_rcc.c **** 
1632:Drivers/STM32WBxx_HAL_Driver/Src/stm32wbxx_hal_rcc.c **** /**
1633:Drivers/STM32WBxx_HAL_Driver/Src/stm32wbxx_hal_rcc.c ****   * @brief  Enable the Clock Security System.
1634:Drivers/STM32WBxx_HAL_Driver/Src/stm32wbxx_hal_rcc.c ****   * @note   If a failure is detected on the HSE oscillator clock, this oscillator
1635:Drivers/STM32WBxx_HAL_Driver/Src/stm32wbxx_hal_rcc.c ****   *         is automatically disabled and an interrupt is generated to inform the
1636:Drivers/STM32WBxx_HAL_Driver/Src/stm32wbxx_hal_rcc.c ****   *         software about the failure (Clock Security System Interrupt, CSSI),
1637:Drivers/STM32WBxx_HAL_Driver/Src/stm32wbxx_hal_rcc.c ****   *         allowing the MCU to perform rescue operations. The CSSI is linked to
1638:Drivers/STM32WBxx_HAL_Driver/Src/stm32wbxx_hal_rcc.c ****   *         CPU1 and CPU2 NMI (Non-Maskable Interrupt) exception vector.
1639:Drivers/STM32WBxx_HAL_Driver/Src/stm32wbxx_hal_rcc.c ****   * @note   The Clock Security System can only be cleared by reset.
1640:Drivers/STM32WBxx_HAL_Driver/Src/stm32wbxx_hal_rcc.c ****   * @retval None
1641:Drivers/STM32WBxx_HAL_Driver/Src/stm32wbxx_hal_rcc.c ****   */
1642:Drivers/STM32WBxx_HAL_Driver/Src/stm32wbxx_hal_rcc.c **** void HAL_RCC_EnableCSS(void)
1643:Drivers/STM32WBxx_HAL_Driver/Src/stm32wbxx_hal_rcc.c **** {
1644:Drivers/STM32WBxx_HAL_Driver/Src/stm32wbxx_hal_rcc.c ****   LL_RCC_HSE_EnableCSS();
1645:Drivers/STM32WBxx_HAL_Driver/Src/stm32wbxx_hal_rcc.c **** }
1646:Drivers/STM32WBxx_HAL_Driver/Src/stm32wbxx_hal_rcc.c **** 
1647:Drivers/STM32WBxx_HAL_Driver/Src/stm32wbxx_hal_rcc.c **** /**
1648:Drivers/STM32WBxx_HAL_Driver/Src/stm32wbxx_hal_rcc.c ****   * @brief Handle the RCC HSE Clock Security System interrupt request.
1649:Drivers/STM32WBxx_HAL_Driver/Src/stm32wbxx_hal_rcc.c ****   * @note  This API should be called under the NMI_Handler().
1650:Drivers/STM32WBxx_HAL_Driver/Src/stm32wbxx_hal_rcc.c ****   * @retval None
1651:Drivers/STM32WBxx_HAL_Driver/Src/stm32wbxx_hal_rcc.c ****   */
1652:Drivers/STM32WBxx_HAL_Driver/Src/stm32wbxx_hal_rcc.c **** void HAL_RCC_NMI_IRQHandler(void)
1653:Drivers/STM32WBxx_HAL_Driver/Src/stm32wbxx_hal_rcc.c **** {
1654:Drivers/STM32WBxx_HAL_Driver/Src/stm32wbxx_hal_rcc.c ****   /* Check RCC CSSF interrupt flag  */
1655:Drivers/STM32WBxx_HAL_Driver/Src/stm32wbxx_hal_rcc.c ****   if (__HAL_RCC_GET_IT(RCC_IT_HSECSS))
1656:Drivers/STM32WBxx_HAL_Driver/Src/stm32wbxx_hal_rcc.c ****   {
1657:Drivers/STM32WBxx_HAL_Driver/Src/stm32wbxx_hal_rcc.c ****     /* RCC Clock Security System interrupt user callback */
1658:Drivers/STM32WBxx_HAL_Driver/Src/stm32wbxx_hal_rcc.c ****     HAL_RCC_CSSCallback();
1659:Drivers/STM32WBxx_HAL_Driver/Src/stm32wbxx_hal_rcc.c **** 
1660:Drivers/STM32WBxx_HAL_Driver/Src/stm32wbxx_hal_rcc.c ****     /* Clear RCC CSS pending bit */
1661:Drivers/STM32WBxx_HAL_Driver/Src/stm32wbxx_hal_rcc.c ****     __HAL_RCC_CLEAR_IT(RCC_IT_HSECSS);
1662:Drivers/STM32WBxx_HAL_Driver/Src/stm32wbxx_hal_rcc.c ****   }
1663:Drivers/STM32WBxx_HAL_Driver/Src/stm32wbxx_hal_rcc.c **** }
1664:Drivers/STM32WBxx_HAL_Driver/Src/stm32wbxx_hal_rcc.c **** 
1665:Drivers/STM32WBxx_HAL_Driver/Src/stm32wbxx_hal_rcc.c **** /**
1666:Drivers/STM32WBxx_HAL_Driver/Src/stm32wbxx_hal_rcc.c ****   * @brief Handle the RCC HSE Clock Security System interrupt callback.
1667:Drivers/STM32WBxx_HAL_Driver/Src/stm32wbxx_hal_rcc.c ****   * @retval none
1668:Drivers/STM32WBxx_HAL_Driver/Src/stm32wbxx_hal_rcc.c ****   */
1669:Drivers/STM32WBxx_HAL_Driver/Src/stm32wbxx_hal_rcc.c **** __weak void HAL_RCC_CSSCallback(void)
1670:Drivers/STM32WBxx_HAL_Driver/Src/stm32wbxx_hal_rcc.c **** {
1671:Drivers/STM32WBxx_HAL_Driver/Src/stm32wbxx_hal_rcc.c ****   /* NOTE : This function should not be modified, when the callback is needed,
1672:Drivers/STM32WBxx_HAL_Driver/Src/stm32wbxx_hal_rcc.c ****             the @ref HAL_RCC_CSSCallback should be implemented in the user file
1673:Drivers/STM32WBxx_HAL_Driver/Src/stm32wbxx_hal_rcc.c ****    */
1674:Drivers/STM32WBxx_HAL_Driver/Src/stm32wbxx_hal_rcc.c **** }
1675:Drivers/STM32WBxx_HAL_Driver/Src/stm32wbxx_hal_rcc.c **** 
1676:Drivers/STM32WBxx_HAL_Driver/Src/stm32wbxx_hal_rcc.c **** /**
1677:Drivers/STM32WBxx_HAL_Driver/Src/stm32wbxx_hal_rcc.c ****   * @brief  Get and clear reset flags
1678:Drivers/STM32WBxx_HAL_Driver/Src/stm32wbxx_hal_rcc.c ****   * @param  None
1679:Drivers/STM32WBxx_HAL_Driver/Src/stm32wbxx_hal_rcc.c ****   * @note   Once reset flags are retrieved, this API is clearing them in order
1680:Drivers/STM32WBxx_HAL_Driver/Src/stm32wbxx_hal_rcc.c ****   *         to isolate next reset reason.
1681:Drivers/STM32WBxx_HAL_Driver/Src/stm32wbxx_hal_rcc.c ****   * @retval can be a combination of @ref RCC_Reset_Flag
1682:Drivers/STM32WBxx_HAL_Driver/Src/stm32wbxx_hal_rcc.c ****   */
1683:Drivers/STM32WBxx_HAL_Driver/Src/stm32wbxx_hal_rcc.c **** uint32_t HAL_RCC_GetResetSource(void)
ARM GAS  /var/folders/98/ctz5mtps7w71v8dr53cf5qg40000gn/T//ccdzqVkO.s 			page 31


1684:Drivers/STM32WBxx_HAL_Driver/Src/stm32wbxx_hal_rcc.c **** {
1685:Drivers/STM32WBxx_HAL_Driver/Src/stm32wbxx_hal_rcc.c ****   uint32_t reset;
1686:Drivers/STM32WBxx_HAL_Driver/Src/stm32wbxx_hal_rcc.c **** 
1687:Drivers/STM32WBxx_HAL_Driver/Src/stm32wbxx_hal_rcc.c ****   /* Get all reset flags */
1688:Drivers/STM32WBxx_HAL_Driver/Src/stm32wbxx_hal_rcc.c ****   reset = RCC->CSR & RCC_RESET_FLAG_ALL;
1689:Drivers/STM32WBxx_HAL_Driver/Src/stm32wbxx_hal_rcc.c **** 
1690:Drivers/STM32WBxx_HAL_Driver/Src/stm32wbxx_hal_rcc.c ****   /* Clear Reset flags */
1691:Drivers/STM32WBxx_HAL_Driver/Src/stm32wbxx_hal_rcc.c ****   RCC->CSR |= RCC_CSR_RMVF;
1692:Drivers/STM32WBxx_HAL_Driver/Src/stm32wbxx_hal_rcc.c **** 
1693:Drivers/STM32WBxx_HAL_Driver/Src/stm32wbxx_hal_rcc.c ****   return reset;
1694:Drivers/STM32WBxx_HAL_Driver/Src/stm32wbxx_hal_rcc.c **** }
1695:Drivers/STM32WBxx_HAL_Driver/Src/stm32wbxx_hal_rcc.c **** 
1696:Drivers/STM32WBxx_HAL_Driver/Src/stm32wbxx_hal_rcc.c **** /**
1697:Drivers/STM32WBxx_HAL_Driver/Src/stm32wbxx_hal_rcc.c ****   * @}
1698:Drivers/STM32WBxx_HAL_Driver/Src/stm32wbxx_hal_rcc.c ****   */
1699:Drivers/STM32WBxx_HAL_Driver/Src/stm32wbxx_hal_rcc.c **** 
1700:Drivers/STM32WBxx_HAL_Driver/Src/stm32wbxx_hal_rcc.c **** /**
1701:Drivers/STM32WBxx_HAL_Driver/Src/stm32wbxx_hal_rcc.c ****   * @}
1702:Drivers/STM32WBxx_HAL_Driver/Src/stm32wbxx_hal_rcc.c ****   */
1703:Drivers/STM32WBxx_HAL_Driver/Src/stm32wbxx_hal_rcc.c **** 
1704:Drivers/STM32WBxx_HAL_Driver/Src/stm32wbxx_hal_rcc.c **** /* Private function prototypes -----------------------------------------------*/
1705:Drivers/STM32WBxx_HAL_Driver/Src/stm32wbxx_hal_rcc.c **** /** @addtogroup RCC_Private_Functions
1706:Drivers/STM32WBxx_HAL_Driver/Src/stm32wbxx_hal_rcc.c ****   * @{
1707:Drivers/STM32WBxx_HAL_Driver/Src/stm32wbxx_hal_rcc.c ****   */
1708:Drivers/STM32WBxx_HAL_Driver/Src/stm32wbxx_hal_rcc.c **** 
1709:Drivers/STM32WBxx_HAL_Driver/Src/stm32wbxx_hal_rcc.c **** /**
1710:Drivers/STM32WBxx_HAL_Driver/Src/stm32wbxx_hal_rcc.c ****   * @brief  Update number of Flash wait states in line with MSI range and current
1711:Drivers/STM32WBxx_HAL_Driver/Src/stm32wbxx_hal_rcc.c ****             voltage range.
1712:Drivers/STM32WBxx_HAL_Driver/Src/stm32wbxx_hal_rcc.c ****   * @param  MSI_Range  MSI range value from @ref RCC_MSIRANGE_0 to @ref RCC_MSIRANGE_11
1713:Drivers/STM32WBxx_HAL_Driver/Src/stm32wbxx_hal_rcc.c ****   * @retval HAL status
1714:Drivers/STM32WBxx_HAL_Driver/Src/stm32wbxx_hal_rcc.c ****   */
1715:Drivers/STM32WBxx_HAL_Driver/Src/stm32wbxx_hal_rcc.c **** static HAL_StatusTypeDef RCC_SetFlashLatencyFromMSIRange(uint32_t MSI_Range)
1716:Drivers/STM32WBxx_HAL_Driver/Src/stm32wbxx_hal_rcc.c **** {
1717:Drivers/STM32WBxx_HAL_Driver/Src/stm32wbxx_hal_rcc.c ****   uint32_t flash_clksrcfreq;
1718:Drivers/STM32WBxx_HAL_Driver/Src/stm32wbxx_hal_rcc.c ****   uint32_t msifreq;
1719:Drivers/STM32WBxx_HAL_Driver/Src/stm32wbxx_hal_rcc.c **** 
1720:Drivers/STM32WBxx_HAL_Driver/Src/stm32wbxx_hal_rcc.c ****   /* Check the parameters */
1721:Drivers/STM32WBxx_HAL_Driver/Src/stm32wbxx_hal_rcc.c ****   assert_param(IS_RCC_MSI_CLOCK_RANGE(MSI_Range));
1722:Drivers/STM32WBxx_HAL_Driver/Src/stm32wbxx_hal_rcc.c **** 
1723:Drivers/STM32WBxx_HAL_Driver/Src/stm32wbxx_hal_rcc.c ****   /* MSI frequency range in Hz */
1724:Drivers/STM32WBxx_HAL_Driver/Src/stm32wbxx_hal_rcc.c ****   if (MSI_Range > RCC_MSIRANGE_11)
1725:Drivers/STM32WBxx_HAL_Driver/Src/stm32wbxx_hal_rcc.c ****   {
1726:Drivers/STM32WBxx_HAL_Driver/Src/stm32wbxx_hal_rcc.c ****     msifreq = __LL_RCC_CALC_MSI_FREQ(RCC_MSIRANGE_11);
1727:Drivers/STM32WBxx_HAL_Driver/Src/stm32wbxx_hal_rcc.c ****   }
1728:Drivers/STM32WBxx_HAL_Driver/Src/stm32wbxx_hal_rcc.c ****   else
1729:Drivers/STM32WBxx_HAL_Driver/Src/stm32wbxx_hal_rcc.c ****   {
1730:Drivers/STM32WBxx_HAL_Driver/Src/stm32wbxx_hal_rcc.c ****     msifreq = __LL_RCC_CALC_MSI_FREQ(MSI_Range);
1731:Drivers/STM32WBxx_HAL_Driver/Src/stm32wbxx_hal_rcc.c ****   }
1732:Drivers/STM32WBxx_HAL_Driver/Src/stm32wbxx_hal_rcc.c **** 
1733:Drivers/STM32WBxx_HAL_Driver/Src/stm32wbxx_hal_rcc.c ****   flash_clksrcfreq = __LL_RCC_CALC_HCLK4_FREQ(msifreq, LL_RCC_GetAHB4Prescaler());
1734:Drivers/STM32WBxx_HAL_Driver/Src/stm32wbxx_hal_rcc.c **** 
1735:Drivers/STM32WBxx_HAL_Driver/Src/stm32wbxx_hal_rcc.c **** #if defined(PWR_CR1_VOS)
1736:Drivers/STM32WBxx_HAL_Driver/Src/stm32wbxx_hal_rcc.c ****   return RCC_SetFlashLatency((flash_clksrcfreq / MEGA_HZ), HAL_PWREx_GetVoltageRange());
1737:Drivers/STM32WBxx_HAL_Driver/Src/stm32wbxx_hal_rcc.c **** #else
1738:Drivers/STM32WBxx_HAL_Driver/Src/stm32wbxx_hal_rcc.c ****   return RCC_SetFlashLatency((flash_clksrcfreq / MEGA_HZ), PWR_REGULATOR_VOLTAGE_SCALE1);
1739:Drivers/STM32WBxx_HAL_Driver/Src/stm32wbxx_hal_rcc.c **** #endif /* PWR_CR1_VOS */
1740:Drivers/STM32WBxx_HAL_Driver/Src/stm32wbxx_hal_rcc.c **** }
ARM GAS  /var/folders/98/ctz5mtps7w71v8dr53cf5qg40000gn/T//ccdzqVkO.s 			page 32


1741:Drivers/STM32WBxx_HAL_Driver/Src/stm32wbxx_hal_rcc.c **** 
1742:Drivers/STM32WBxx_HAL_Driver/Src/stm32wbxx_hal_rcc.c **** 
1743:Drivers/STM32WBxx_HAL_Driver/Src/stm32wbxx_hal_rcc.c **** /**
1744:Drivers/STM32WBxx_HAL_Driver/Src/stm32wbxx_hal_rcc.c ****   * @brief  Update number of Flash wait states.
1745:Drivers/STM32WBxx_HAL_Driver/Src/stm32wbxx_hal_rcc.c ****   * @param  Flash_ClkSrcFreq  Flash Clock Source (in MHz)
1746:Drivers/STM32WBxx_HAL_Driver/Src/stm32wbxx_hal_rcc.c ****   * @param  VCORE_Voltage     Current Vcore voltage (PWR_REGULATOR_VOLTAGE_SCALE1 or PWR_REGULATOR_
1747:Drivers/STM32WBxx_HAL_Driver/Src/stm32wbxx_hal_rcc.c ****   * @retval HAL status
1748:Drivers/STM32WBxx_HAL_Driver/Src/stm32wbxx_hal_rcc.c ****   */
1749:Drivers/STM32WBxx_HAL_Driver/Src/stm32wbxx_hal_rcc.c **** static HAL_StatusTypeDef RCC_SetFlashLatency(uint32_t Flash_ClkSrcFreq, uint32_t VCORE_Voltage)
1750:Drivers/STM32WBxx_HAL_Driver/Src/stm32wbxx_hal_rcc.c **** {
  29              		.loc 1 1750 1 view -0
  30              		.cfi_startproc
  31              		@ args = 0, pretend = 0, frame = 48
  32              		@ frame_needed = 0, uses_anonymous_args = 0
  33              		.loc 1 1750 1 is_stmt 0 view .LVU1
  34 0000 30B5     		push	{r4, r5, lr}
  35              	.LCFI0:
  36              		.cfi_def_cfa_offset 12
  37              		.cfi_offset 4, -12
  38              		.cfi_offset 5, -8
  39              		.cfi_offset 14, -4
  40 0002 8DB0     		sub	sp, sp, #52
  41              	.LCFI1:
  42              		.cfi_def_cfa_offset 64
  43 0004 0546     		mov	r5, r0
  44 0006 8E46     		mov	lr, r1
1751:Drivers/STM32WBxx_HAL_Driver/Src/stm32wbxx_hal_rcc.c ****   /* Flash Clock source (HCLK4) range in MHz with a VCORE is range1 */
1752:Drivers/STM32WBxx_HAL_Driver/Src/stm32wbxx_hal_rcc.c ****   const uint32_t FLASH_CLK_SRC_RANGE_VOS1[] = {18UL, 36UL, 54UL, 64UL};
  45              		.loc 1 1752 3 is_stmt 1 view .LVU2
  46              		.loc 1 1752 18 is_stmt 0 view .LVU3
  47 0008 2B4C     		ldr	r4, .L19
  48 000a 94E80F00 		ldm	r4, {r0, r1, r2, r3}
  49              	.LVL1:
  50              		.loc 1 1752 18 view .LVU4
  51 000e 0DF1300C 		add	ip, sp, #48
  52 0012 0CE90F00 		stmdb	ip, {r0, r1, r2, r3}
1753:Drivers/STM32WBxx_HAL_Driver/Src/stm32wbxx_hal_rcc.c **** #if defined(PWR_CR1_VOS)
1754:Drivers/STM32WBxx_HAL_Driver/Src/stm32wbxx_hal_rcc.c ****   /* Flash Clock source (HCLK4) range in MHz with a VCORE is range2 */
1755:Drivers/STM32WBxx_HAL_Driver/Src/stm32wbxx_hal_rcc.c ****   const uint32_t FLASH_CLK_SRC_RANGE_VOS2[] = {6UL, 12UL, 16UL};
  53              		.loc 1 1755 3 is_stmt 1 view .LVU5
  54              		.loc 1 1755 18 is_stmt 0 view .LVU6
  55 0016 05AB     		add	r3, sp, #20
  56 0018 04F11002 		add	r2, r4, #16
  57 001c 07CA     		ldm	r2, {r0, r1, r2}
  58 001e 83E80700 		stm	r3, {r0, r1, r2}
1756:Drivers/STM32WBxx_HAL_Driver/Src/stm32wbxx_hal_rcc.c **** #endif /* PWR_CR1_VOS */
1757:Drivers/STM32WBxx_HAL_Driver/Src/stm32wbxx_hal_rcc.c ****   /* Flash Latency range */
1758:Drivers/STM32WBxx_HAL_Driver/Src/stm32wbxx_hal_rcc.c ****   const uint32_t FLASH_LATENCY_RANGE[] = {FLASH_LATENCY_0, FLASH_LATENCY_1, FLASH_LATENCY_2, FLASH_
  59              		.loc 1 1758 3 is_stmt 1 view .LVU7
  60              		.loc 1 1758 18 is_stmt 0 view .LVU8
  61 0022 0DF1040C 		add	ip, sp, #4
  62 0026 1C34     		adds	r4, r4, #28
  63 0028 94E80F00 		ldm	r4, {r0, r1, r2, r3}
  64 002c 8CE80F00 		stm	ip, {r0, r1, r2, r3}
1759:Drivers/STM32WBxx_HAL_Driver/Src/stm32wbxx_hal_rcc.c ****   uint32_t latency   = FLASH_LATENCY_0;  /* default value 0WS */
  65              		.loc 1 1759 3 is_stmt 1 view .LVU9
  66              	.LVL2:
ARM GAS  /var/folders/98/ctz5mtps7w71v8dr53cf5qg40000gn/T//ccdzqVkO.s 			page 33


1760:Drivers/STM32WBxx_HAL_Driver/Src/stm32wbxx_hal_rcc.c ****   uint32_t tickstart;
  67              		.loc 1 1760 3 view .LVU10
1761:Drivers/STM32WBxx_HAL_Driver/Src/stm32wbxx_hal_rcc.c **** 
1762:Drivers/STM32WBxx_HAL_Driver/Src/stm32wbxx_hal_rcc.c **** #if defined(PWR_CR1_VOS)
1763:Drivers/STM32WBxx_HAL_Driver/Src/stm32wbxx_hal_rcc.c ****   if (VCORE_Voltage == PWR_REGULATOR_VOLTAGE_SCALE1)
  68              		.loc 1 1763 3 view .LVU11
  69              		.loc 1 1763 6 is_stmt 0 view .LVU12
  70 0030 BEF5007F 		cmp	lr, #512
  71 0034 07D0     		beq	.L12
  72              	.LBB222:
1764:Drivers/STM32WBxx_HAL_Driver/Src/stm32wbxx_hal_rcc.c ****   {
1765:Drivers/STM32WBxx_HAL_Driver/Src/stm32wbxx_hal_rcc.c ****     for (uint32_t index = 0; index < __COUNTOF(FLASH_CLK_SRC_RANGE_VOS1); index++)
1766:Drivers/STM32WBxx_HAL_Driver/Src/stm32wbxx_hal_rcc.c ****     {
1767:Drivers/STM32WBxx_HAL_Driver/Src/stm32wbxx_hal_rcc.c ****       if (Flash_ClkSrcFreq <= FLASH_CLK_SRC_RANGE_VOS1[index])
1768:Drivers/STM32WBxx_HAL_Driver/Src/stm32wbxx_hal_rcc.c ****       {
1769:Drivers/STM32WBxx_HAL_Driver/Src/stm32wbxx_hal_rcc.c ****         latency = FLASH_LATENCY_RANGE[index];
1770:Drivers/STM32WBxx_HAL_Driver/Src/stm32wbxx_hal_rcc.c ****         break;
1771:Drivers/STM32WBxx_HAL_Driver/Src/stm32wbxx_hal_rcc.c ****       }
1772:Drivers/STM32WBxx_HAL_Driver/Src/stm32wbxx_hal_rcc.c ****     }
1773:Drivers/STM32WBxx_HAL_Driver/Src/stm32wbxx_hal_rcc.c ****   }
1774:Drivers/STM32WBxx_HAL_Driver/Src/stm32wbxx_hal_rcc.c ****   else  /* PWR_REGULATOR_VOLTAGE_SCALE2 */
1775:Drivers/STM32WBxx_HAL_Driver/Src/stm32wbxx_hal_rcc.c ****   {
1776:Drivers/STM32WBxx_HAL_Driver/Src/stm32wbxx_hal_rcc.c ****     for (uint32_t index = 0; index < __COUNTOF(FLASH_CLK_SRC_RANGE_VOS2); index++)
  73              		.loc 1 1776 19 view .LVU13
  74 0036 0023     		movs	r3, #0
  75 0038 14E0     		b	.L3
  76              	.LVL3:
  77              	.L16:
  78              		.loc 1 1776 19 view .LVU14
  79              	.LBE222:
  80              	.LBB223:
1769:Drivers/STM32WBxx_HAL_Driver/Src/stm32wbxx_hal_rcc.c ****         break;
  81              		.loc 1 1769 9 is_stmt 1 view .LVU15
1769:Drivers/STM32WBxx_HAL_Driver/Src/stm32wbxx_hal_rcc.c ****         break;
  82              		.loc 1 1769 17 is_stmt 0 view .LVU16
  83 003a 0CAA     		add	r2, sp, #48
  84 003c 02EB8303 		add	r3, r2, r3, lsl #2
  85              	.LVL4:
1769:Drivers/STM32WBxx_HAL_Driver/Src/stm32wbxx_hal_rcc.c ****         break;
  86              		.loc 1 1769 17 view .LVU17
  87 0040 53F82C5C 		ldr	r5, [r3, #-44]
  88              	.LVL5:
1770:Drivers/STM32WBxx_HAL_Driver/Src/stm32wbxx_hal_rcc.c ****       }
  89              		.loc 1 1770 9 is_stmt 1 view .LVU18
  90 0044 1EE0     		b	.L5
  91              	.LVL6:
  92              	.L12:
1765:Drivers/STM32WBxx_HAL_Driver/Src/stm32wbxx_hal_rcc.c ****     {
  93              		.loc 1 1765 19 is_stmt 0 view .LVU19
  94 0046 0023     		movs	r3, #0
  95              	.L2:
  96              	.LVL7:
1765:Drivers/STM32WBxx_HAL_Driver/Src/stm32wbxx_hal_rcc.c ****     {
  97              		.loc 1 1765 36 is_stmt 1 discriminator 1 view .LVU20
  98 0048 032B     		cmp	r3, #3
  99 004a 08D8     		bhi	.L15
1767:Drivers/STM32WBxx_HAL_Driver/Src/stm32wbxx_hal_rcc.c ****       {
ARM GAS  /var/folders/98/ctz5mtps7w71v8dr53cf5qg40000gn/T//ccdzqVkO.s 			page 34


 100              		.loc 1 1767 7 view .LVU21
1767:Drivers/STM32WBxx_HAL_Driver/Src/stm32wbxx_hal_rcc.c ****       {
 101              		.loc 1 1767 55 is_stmt 0 view .LVU22
 102 004c 0CAA     		add	r2, sp, #48
 103 004e 02EB8302 		add	r2, r2, r3, lsl #2
 104 0052 52F8102C 		ldr	r2, [r2, #-16]
1767:Drivers/STM32WBxx_HAL_Driver/Src/stm32wbxx_hal_rcc.c ****       {
 105              		.loc 1 1767 10 view .LVU23
 106 0056 AA42     		cmp	r2, r5
 107 0058 EFD2     		bcs	.L16
1765:Drivers/STM32WBxx_HAL_Driver/Src/stm32wbxx_hal_rcc.c ****     {
 108              		.loc 1 1765 80 is_stmt 1 discriminator 2 view .LVU24
 109 005a 0133     		adds	r3, r3, #1
 110              	.LVL8:
1765:Drivers/STM32WBxx_HAL_Driver/Src/stm32wbxx_hal_rcc.c ****     {
 111              		.loc 1 1765 80 is_stmt 0 discriminator 2 view .LVU25
 112 005c F4E7     		b	.L2
 113              	.L15:
1765:Drivers/STM32WBxx_HAL_Driver/Src/stm32wbxx_hal_rcc.c ****     {
 114              		.loc 1 1765 80 discriminator 2 view .LVU26
 115              	.LBE223:
1759:Drivers/STM32WBxx_HAL_Driver/Src/stm32wbxx_hal_rcc.c ****   uint32_t tickstart;
 116              		.loc 1 1759 12 view .LVU27
 117 005e 0025     		movs	r5, #0
 118              	.LVL9:
1759:Drivers/STM32WBxx_HAL_Driver/Src/stm32wbxx_hal_rcc.c ****   uint32_t tickstart;
 119              		.loc 1 1759 12 view .LVU28
 120 0060 10E0     		b	.L5
 121              	.LVL10:
 122              	.L7:
 123              	.LBB224:
 124              		.loc 1 1776 80 is_stmt 1 discriminator 2 view .LVU29
 125 0062 0133     		adds	r3, r3, #1
 126              	.LVL11:
 127              	.L3:
 128              		.loc 1 1776 36 discriminator 1 view .LVU30
 129 0064 022B     		cmp	r3, #2
 130 0066 0CD8     		bhi	.L17
1777:Drivers/STM32WBxx_HAL_Driver/Src/stm32wbxx_hal_rcc.c ****     {
1778:Drivers/STM32WBxx_HAL_Driver/Src/stm32wbxx_hal_rcc.c ****       if (Flash_ClkSrcFreq <= FLASH_CLK_SRC_RANGE_VOS2[index])
 131              		.loc 1 1778 7 view .LVU31
 132              		.loc 1 1778 55 is_stmt 0 view .LVU32
 133 0068 0CAA     		add	r2, sp, #48
 134 006a 02EB8302 		add	r2, r2, r3, lsl #2
 135 006e 52F81C2C 		ldr	r2, [r2, #-28]
 136              		.loc 1 1778 10 view .LVU33
 137 0072 AA42     		cmp	r2, r5
 138 0074 F5D3     		bcc	.L7
1779:Drivers/STM32WBxx_HAL_Driver/Src/stm32wbxx_hal_rcc.c ****       {
1780:Drivers/STM32WBxx_HAL_Driver/Src/stm32wbxx_hal_rcc.c ****         latency = FLASH_LATENCY_RANGE[index];
 139              		.loc 1 1780 9 is_stmt 1 view .LVU34
 140              		.loc 1 1780 17 is_stmt 0 view .LVU35
 141 0076 0CAA     		add	r2, sp, #48
 142 0078 02EB8303 		add	r3, r2, r3, lsl #2
 143              	.LVL12:
 144              		.loc 1 1780 17 view .LVU36
 145 007c 53F82C5C 		ldr	r5, [r3, #-44]
ARM GAS  /var/folders/98/ctz5mtps7w71v8dr53cf5qg40000gn/T//ccdzqVkO.s 			page 35


 146              	.LVL13:
1781:Drivers/STM32WBxx_HAL_Driver/Src/stm32wbxx_hal_rcc.c ****         break;
 147              		.loc 1 1781 9 is_stmt 1 view .LVU37
 148 0080 00E0     		b	.L5
 149              	.LVL14:
 150              	.L17:
 151              		.loc 1 1781 9 is_stmt 0 view .LVU38
 152              	.LBE224:
1759:Drivers/STM32WBxx_HAL_Driver/Src/stm32wbxx_hal_rcc.c ****   uint32_t tickstart;
 153              		.loc 1 1759 12 view .LVU39
 154 0082 0025     		movs	r5, #0
 155              	.LVL15:
 156              	.L5:
1782:Drivers/STM32WBxx_HAL_Driver/Src/stm32wbxx_hal_rcc.c ****       }
1783:Drivers/STM32WBxx_HAL_Driver/Src/stm32wbxx_hal_rcc.c ****     }
1784:Drivers/STM32WBxx_HAL_Driver/Src/stm32wbxx_hal_rcc.c ****   }
1785:Drivers/STM32WBxx_HAL_Driver/Src/stm32wbxx_hal_rcc.c **** #else
1786:Drivers/STM32WBxx_HAL_Driver/Src/stm32wbxx_hal_rcc.c ****   for (uint32_t index = 0; index < __COUNTOF(FLASH_CLK_SRC_RANGE_VOS1); index++)
1787:Drivers/STM32WBxx_HAL_Driver/Src/stm32wbxx_hal_rcc.c ****   {
1788:Drivers/STM32WBxx_HAL_Driver/Src/stm32wbxx_hal_rcc.c ****     if (Flash_ClkSrcFreq <= FLASH_CLK_SRC_RANGE_VOS1[index])
1789:Drivers/STM32WBxx_HAL_Driver/Src/stm32wbxx_hal_rcc.c ****     {
1790:Drivers/STM32WBxx_HAL_Driver/Src/stm32wbxx_hal_rcc.c ****       latency = FLASH_LATENCY_RANGE[index];
1791:Drivers/STM32WBxx_HAL_Driver/Src/stm32wbxx_hal_rcc.c ****       break;
1792:Drivers/STM32WBxx_HAL_Driver/Src/stm32wbxx_hal_rcc.c ****     }
1793:Drivers/STM32WBxx_HAL_Driver/Src/stm32wbxx_hal_rcc.c ****   }
1794:Drivers/STM32WBxx_HAL_Driver/Src/stm32wbxx_hal_rcc.c **** #endif /* PWR_CR1_VOS */
1795:Drivers/STM32WBxx_HAL_Driver/Src/stm32wbxx_hal_rcc.c **** 
1796:Drivers/STM32WBxx_HAL_Driver/Src/stm32wbxx_hal_rcc.c ****   __HAL_FLASH_SET_LATENCY(latency);
 157              		.loc 1 1796 3 is_stmt 1 view .LVU40
 158 0084 0D4A     		ldr	r2, .L19+4
 159 0086 1368     		ldr	r3, [r2]
 160 0088 23F00703 		bic	r3, r3, #7
 161 008c 2B43     		orrs	r3, r3, r5
 162 008e 1360     		str	r3, [r2]
1797:Drivers/STM32WBxx_HAL_Driver/Src/stm32wbxx_hal_rcc.c **** 
1798:Drivers/STM32WBxx_HAL_Driver/Src/stm32wbxx_hal_rcc.c ****   /* Get Start Tick*/
1799:Drivers/STM32WBxx_HAL_Driver/Src/stm32wbxx_hal_rcc.c ****   tickstart = HAL_GetTick();
 163              		.loc 1 1799 3 view .LVU41
 164              		.loc 1 1799 15 is_stmt 0 view .LVU42
 165 0090 FFF7FEFF 		bl	HAL_GetTick
 166              	.LVL16:
 167              		.loc 1 1799 15 view .LVU43
 168 0094 0446     		mov	r4, r0
 169              	.LVL17:
1800:Drivers/STM32WBxx_HAL_Driver/Src/stm32wbxx_hal_rcc.c **** 
1801:Drivers/STM32WBxx_HAL_Driver/Src/stm32wbxx_hal_rcc.c ****   /* Check that the new number of wait states is taken into account to access the Flash
1802:Drivers/STM32WBxx_HAL_Driver/Src/stm32wbxx_hal_rcc.c ****      memory by reading the FLASH_ACR register */
1803:Drivers/STM32WBxx_HAL_Driver/Src/stm32wbxx_hal_rcc.c ****   while (__HAL_FLASH_GET_LATENCY() != latency)
 170              		.loc 1 1803 3 is_stmt 1 view .LVU44
 171              	.L9:
 172              		.loc 1 1803 36 view .LVU45
 173              		.loc 1 1803 10 is_stmt 0 view .LVU46
 174 0096 094B     		ldr	r3, .L19+4
 175 0098 1B68     		ldr	r3, [r3]
 176 009a 03F00703 		and	r3, r3, #7
 177              		.loc 1 1803 36 view .LVU47
 178 009e AB42     		cmp	r3, r5
ARM GAS  /var/folders/98/ctz5mtps7w71v8dr53cf5qg40000gn/T//ccdzqVkO.s 			page 36


 179 00a0 06D0     		beq	.L18
1804:Drivers/STM32WBxx_HAL_Driver/Src/stm32wbxx_hal_rcc.c ****   {
1805:Drivers/STM32WBxx_HAL_Driver/Src/stm32wbxx_hal_rcc.c ****     if ((HAL_GetTick() - tickstart) > LATENCY_TIMEOUT_VALUE)
 180              		.loc 1 1805 5 is_stmt 1 view .LVU48
 181              		.loc 1 1805 10 is_stmt 0 view .LVU49
 182 00a2 FFF7FEFF 		bl	HAL_GetTick
 183              	.LVL18:
 184              		.loc 1 1805 24 discriminator 1 view .LVU50
 185 00a6 001B     		subs	r0, r0, r4
 186              		.loc 1 1805 8 discriminator 1 view .LVU51
 187 00a8 0228     		cmp	r0, #2
 188 00aa F4D9     		bls	.L9
1806:Drivers/STM32WBxx_HAL_Driver/Src/stm32wbxx_hal_rcc.c ****     {
1807:Drivers/STM32WBxx_HAL_Driver/Src/stm32wbxx_hal_rcc.c ****       return HAL_TIMEOUT;
 189              		.loc 1 1807 14 view .LVU52
 190 00ac 0320     		movs	r0, #3
 191 00ae 00E0     		b	.L10
 192              	.L18:
1808:Drivers/STM32WBxx_HAL_Driver/Src/stm32wbxx_hal_rcc.c ****     }
1809:Drivers/STM32WBxx_HAL_Driver/Src/stm32wbxx_hal_rcc.c ****   }
1810:Drivers/STM32WBxx_HAL_Driver/Src/stm32wbxx_hal_rcc.c ****   return HAL_OK;
 193              		.loc 1 1810 10 view .LVU53
 194 00b0 0020     		movs	r0, #0
 195              	.L10:
1811:Drivers/STM32WBxx_HAL_Driver/Src/stm32wbxx_hal_rcc.c **** }
 196              		.loc 1 1811 1 view .LVU54
 197 00b2 0DB0     		add	sp, sp, #52
 198              	.LCFI2:
 199              		.cfi_def_cfa_offset 12
 200              		@ sp needed
 201 00b4 30BD     		pop	{r4, r5, pc}
 202              	.LVL19:
 203              	.L20:
 204              		.loc 1 1811 1 view .LVU55
 205 00b6 00BF     		.align	2
 206              	.L19:
 207 00b8 00000000 		.word	.LANCHOR0
 208 00bc 00400058 		.word	1476411392
 209              		.cfi_endproc
 210              	.LFE967:
 212              		.section	.text.RCC_SetFlashLatencyFromMSIRange,"ax",%progbits
 213              		.align	1
 214              		.syntax unified
 215              		.thumb
 216              		.thumb_func
 218              	RCC_SetFlashLatencyFromMSIRange:
 219              	.LVL20:
 220              	.LFB966:
1716:Drivers/STM32WBxx_HAL_Driver/Src/stm32wbxx_hal_rcc.c ****   uint32_t flash_clksrcfreq;
 221              		.loc 1 1716 1 is_stmt 1 view -0
 222              		.cfi_startproc
 223              		@ args = 0, pretend = 0, frame = 0
 224              		@ frame_needed = 0, uses_anonymous_args = 0
1716:Drivers/STM32WBxx_HAL_Driver/Src/stm32wbxx_hal_rcc.c ****   uint32_t flash_clksrcfreq;
 225              		.loc 1 1716 1 is_stmt 0 view .LVU57
 226 0000 10B5     		push	{r4, lr}
 227              	.LCFI3:
ARM GAS  /var/folders/98/ctz5mtps7w71v8dr53cf5qg40000gn/T//ccdzqVkO.s 			page 37


 228              		.cfi_def_cfa_offset 8
 229              		.cfi_offset 4, -8
 230              		.cfi_offset 14, -4
1717:Drivers/STM32WBxx_HAL_Driver/Src/stm32wbxx_hal_rcc.c ****   uint32_t msifreq;
 231              		.loc 1 1717 3 is_stmt 1 view .LVU58
1718:Drivers/STM32WBxx_HAL_Driver/Src/stm32wbxx_hal_rcc.c **** 
 232              		.loc 1 1718 3 view .LVU59
1721:Drivers/STM32WBxx_HAL_Driver/Src/stm32wbxx_hal_rcc.c **** 
 233              		.loc 1 1721 3 view .LVU60
1724:Drivers/STM32WBxx_HAL_Driver/Src/stm32wbxx_hal_rcc.c ****   {
 234              		.loc 1 1724 3 view .LVU61
1724:Drivers/STM32WBxx_HAL_Driver/Src/stm32wbxx_hal_rcc.c ****   {
 235              		.loc 1 1724 6 is_stmt 0 view .LVU62
 236 0002 B028     		cmp	r0, #176
 237 0004 16D9     		bls	.L22
1726:Drivers/STM32WBxx_HAL_Driver/Src/stm32wbxx_hal_rcc.c ****   }
 238              		.loc 1 1726 5 is_stmt 1 view .LVU63
1726:Drivers/STM32WBxx_HAL_Driver/Src/stm32wbxx_hal_rcc.c ****   }
 239              		.loc 1 1726 13 is_stmt 0 view .LVU64
 240 0006 0E4B     		ldr	r3, .L25
 241 0008 DC6A     		ldr	r4, [r3, #44]
 242              	.LVL21:
 243              	.L23:
1733:Drivers/STM32WBxx_HAL_Driver/Src/stm32wbxx_hal_rcc.c **** 
 244              		.loc 1 1733 3 is_stmt 1 view .LVU65
 245              	.LBB225:
 246              	.LBI225:
 247              		.file 2 "Drivers/STM32WBxx_HAL_Driver/Inc/stm32wbxx_ll_rcc.h"
   1:Drivers/STM32WBxx_HAL_Driver/Inc/stm32wbxx_ll_rcc.h **** /**
   2:Drivers/STM32WBxx_HAL_Driver/Inc/stm32wbxx_ll_rcc.h ****   ******************************************************************************
   3:Drivers/STM32WBxx_HAL_Driver/Inc/stm32wbxx_ll_rcc.h ****   * @file    stm32wbxx_ll_rcc.h
   4:Drivers/STM32WBxx_HAL_Driver/Inc/stm32wbxx_ll_rcc.h ****   * @author  MCD Application Team
   5:Drivers/STM32WBxx_HAL_Driver/Inc/stm32wbxx_ll_rcc.h ****   * @brief   Header file of RCC LL module.
   6:Drivers/STM32WBxx_HAL_Driver/Inc/stm32wbxx_ll_rcc.h ****   ******************************************************************************
   7:Drivers/STM32WBxx_HAL_Driver/Inc/stm32wbxx_ll_rcc.h ****   * @attention
   8:Drivers/STM32WBxx_HAL_Driver/Inc/stm32wbxx_ll_rcc.h ****   *
   9:Drivers/STM32WBxx_HAL_Driver/Inc/stm32wbxx_ll_rcc.h ****   * Copyright (c) 2019 STMicroelectronics.
  10:Drivers/STM32WBxx_HAL_Driver/Inc/stm32wbxx_ll_rcc.h ****   * All rights reserved.
  11:Drivers/STM32WBxx_HAL_Driver/Inc/stm32wbxx_ll_rcc.h ****   *
  12:Drivers/STM32WBxx_HAL_Driver/Inc/stm32wbxx_ll_rcc.h ****   * This software is licensed under terms that can be found in the LICENSE file
  13:Drivers/STM32WBxx_HAL_Driver/Inc/stm32wbxx_ll_rcc.h ****   * in the root directory of this software component.
  14:Drivers/STM32WBxx_HAL_Driver/Inc/stm32wbxx_ll_rcc.h ****   * If no LICENSE file comes with this software, it is provided AS-IS.
  15:Drivers/STM32WBxx_HAL_Driver/Inc/stm32wbxx_ll_rcc.h ****   *
  16:Drivers/STM32WBxx_HAL_Driver/Inc/stm32wbxx_ll_rcc.h ****   ******************************************************************************
  17:Drivers/STM32WBxx_HAL_Driver/Inc/stm32wbxx_ll_rcc.h ****   */
  18:Drivers/STM32WBxx_HAL_Driver/Inc/stm32wbxx_ll_rcc.h **** 
  19:Drivers/STM32WBxx_HAL_Driver/Inc/stm32wbxx_ll_rcc.h **** /* Define to prevent recursive inclusion -------------------------------------*/
  20:Drivers/STM32WBxx_HAL_Driver/Inc/stm32wbxx_ll_rcc.h **** #ifndef STM32WBxx_LL_RCC_H
  21:Drivers/STM32WBxx_HAL_Driver/Inc/stm32wbxx_ll_rcc.h **** #define STM32WBxx_LL_RCC_H
  22:Drivers/STM32WBxx_HAL_Driver/Inc/stm32wbxx_ll_rcc.h **** 
  23:Drivers/STM32WBxx_HAL_Driver/Inc/stm32wbxx_ll_rcc.h **** #ifdef __cplusplus
  24:Drivers/STM32WBxx_HAL_Driver/Inc/stm32wbxx_ll_rcc.h **** extern "C" {
  25:Drivers/STM32WBxx_HAL_Driver/Inc/stm32wbxx_ll_rcc.h **** #endif
  26:Drivers/STM32WBxx_HAL_Driver/Inc/stm32wbxx_ll_rcc.h **** 
  27:Drivers/STM32WBxx_HAL_Driver/Inc/stm32wbxx_ll_rcc.h **** /* Includes ------------------------------------------------------------------*/
  28:Drivers/STM32WBxx_HAL_Driver/Inc/stm32wbxx_ll_rcc.h **** #include "stm32wbxx.h"
  29:Drivers/STM32WBxx_HAL_Driver/Inc/stm32wbxx_ll_rcc.h **** 
ARM GAS  /var/folders/98/ctz5mtps7w71v8dr53cf5qg40000gn/T//ccdzqVkO.s 			page 38


  30:Drivers/STM32WBxx_HAL_Driver/Inc/stm32wbxx_ll_rcc.h **** /** @addtogroup STM32WBxx_LL_Driver
  31:Drivers/STM32WBxx_HAL_Driver/Inc/stm32wbxx_ll_rcc.h ****   * @{
  32:Drivers/STM32WBxx_HAL_Driver/Inc/stm32wbxx_ll_rcc.h ****   */
  33:Drivers/STM32WBxx_HAL_Driver/Inc/stm32wbxx_ll_rcc.h **** 
  34:Drivers/STM32WBxx_HAL_Driver/Inc/stm32wbxx_ll_rcc.h **** #if defined(RCC)
  35:Drivers/STM32WBxx_HAL_Driver/Inc/stm32wbxx_ll_rcc.h **** 
  36:Drivers/STM32WBxx_HAL_Driver/Inc/stm32wbxx_ll_rcc.h **** /** @defgroup RCC_LL RCC
  37:Drivers/STM32WBxx_HAL_Driver/Inc/stm32wbxx_ll_rcc.h ****   * @{
  38:Drivers/STM32WBxx_HAL_Driver/Inc/stm32wbxx_ll_rcc.h ****   */
  39:Drivers/STM32WBxx_HAL_Driver/Inc/stm32wbxx_ll_rcc.h **** 
  40:Drivers/STM32WBxx_HAL_Driver/Inc/stm32wbxx_ll_rcc.h **** /* Private types -------------------------------------------------------------*/
  41:Drivers/STM32WBxx_HAL_Driver/Inc/stm32wbxx_ll_rcc.h **** /* Private variables ---------------------------------------------------------*/
  42:Drivers/STM32WBxx_HAL_Driver/Inc/stm32wbxx_ll_rcc.h **** /** @defgroup RCC_LL_Private_Variables RCC Private Variables
  43:Drivers/STM32WBxx_HAL_Driver/Inc/stm32wbxx_ll_rcc.h ****   * @{
  44:Drivers/STM32WBxx_HAL_Driver/Inc/stm32wbxx_ll_rcc.h ****   */
  45:Drivers/STM32WBxx_HAL_Driver/Inc/stm32wbxx_ll_rcc.h **** 
  46:Drivers/STM32WBxx_HAL_Driver/Inc/stm32wbxx_ll_rcc.h **** #define HSE_CONTROL_UNLOCK_KEY 0xCAFECAFEU
  47:Drivers/STM32WBxx_HAL_Driver/Inc/stm32wbxx_ll_rcc.h **** 
  48:Drivers/STM32WBxx_HAL_Driver/Inc/stm32wbxx_ll_rcc.h **** /**
  49:Drivers/STM32WBxx_HAL_Driver/Inc/stm32wbxx_ll_rcc.h ****   * @}
  50:Drivers/STM32WBxx_HAL_Driver/Inc/stm32wbxx_ll_rcc.h ****   */
  51:Drivers/STM32WBxx_HAL_Driver/Inc/stm32wbxx_ll_rcc.h **** 
  52:Drivers/STM32WBxx_HAL_Driver/Inc/stm32wbxx_ll_rcc.h **** /* Private constants ---------------------------------------------------------*/
  53:Drivers/STM32WBxx_HAL_Driver/Inc/stm32wbxx_ll_rcc.h **** /* Private macros ------------------------------------------------------------*/
  54:Drivers/STM32WBxx_HAL_Driver/Inc/stm32wbxx_ll_rcc.h **** #if defined(USE_FULL_LL_DRIVER)
  55:Drivers/STM32WBxx_HAL_Driver/Inc/stm32wbxx_ll_rcc.h **** /** @defgroup RCC_LL_Private_Macros RCC Private Macros
  56:Drivers/STM32WBxx_HAL_Driver/Inc/stm32wbxx_ll_rcc.h ****   * @{
  57:Drivers/STM32WBxx_HAL_Driver/Inc/stm32wbxx_ll_rcc.h ****   */
  58:Drivers/STM32WBxx_HAL_Driver/Inc/stm32wbxx_ll_rcc.h **** /**
  59:Drivers/STM32WBxx_HAL_Driver/Inc/stm32wbxx_ll_rcc.h ****   * @}
  60:Drivers/STM32WBxx_HAL_Driver/Inc/stm32wbxx_ll_rcc.h ****   */
  61:Drivers/STM32WBxx_HAL_Driver/Inc/stm32wbxx_ll_rcc.h **** #endif /* USE_FULL_LL_DRIVER */
  62:Drivers/STM32WBxx_HAL_Driver/Inc/stm32wbxx_ll_rcc.h **** 
  63:Drivers/STM32WBxx_HAL_Driver/Inc/stm32wbxx_ll_rcc.h **** /* Exported types ------------------------------------------------------------*/
  64:Drivers/STM32WBxx_HAL_Driver/Inc/stm32wbxx_ll_rcc.h **** #if defined(USE_FULL_LL_DRIVER)
  65:Drivers/STM32WBxx_HAL_Driver/Inc/stm32wbxx_ll_rcc.h **** /** @defgroup RCC_LL_Exported_Types RCC Exported Types
  66:Drivers/STM32WBxx_HAL_Driver/Inc/stm32wbxx_ll_rcc.h ****   * @{
  67:Drivers/STM32WBxx_HAL_Driver/Inc/stm32wbxx_ll_rcc.h ****   */
  68:Drivers/STM32WBxx_HAL_Driver/Inc/stm32wbxx_ll_rcc.h **** 
  69:Drivers/STM32WBxx_HAL_Driver/Inc/stm32wbxx_ll_rcc.h **** /** @defgroup LL_ES_CLOCK_FREQ Clocks Frequency Structure
  70:Drivers/STM32WBxx_HAL_Driver/Inc/stm32wbxx_ll_rcc.h ****   * @{
  71:Drivers/STM32WBxx_HAL_Driver/Inc/stm32wbxx_ll_rcc.h ****   */
  72:Drivers/STM32WBxx_HAL_Driver/Inc/stm32wbxx_ll_rcc.h **** 
  73:Drivers/STM32WBxx_HAL_Driver/Inc/stm32wbxx_ll_rcc.h **** /**
  74:Drivers/STM32WBxx_HAL_Driver/Inc/stm32wbxx_ll_rcc.h ****   * @brief  RCC Clocks Frequency Structure
  75:Drivers/STM32WBxx_HAL_Driver/Inc/stm32wbxx_ll_rcc.h ****   */
  76:Drivers/STM32WBxx_HAL_Driver/Inc/stm32wbxx_ll_rcc.h **** typedef struct
  77:Drivers/STM32WBxx_HAL_Driver/Inc/stm32wbxx_ll_rcc.h **** {
  78:Drivers/STM32WBxx_HAL_Driver/Inc/stm32wbxx_ll_rcc.h ****   uint32_t SYSCLK_Frequency;         /*!< SYSCLK clock frequency */
  79:Drivers/STM32WBxx_HAL_Driver/Inc/stm32wbxx_ll_rcc.h ****   uint32_t HCLK1_Frequency;          /*!< HCLK1 clock frequency  */
  80:Drivers/STM32WBxx_HAL_Driver/Inc/stm32wbxx_ll_rcc.h ****   uint32_t HCLK2_Frequency;          /*!< HCLK2 clock frequency  */
  81:Drivers/STM32WBxx_HAL_Driver/Inc/stm32wbxx_ll_rcc.h ****   uint32_t HCLK4_Frequency;          /*!< HCLK4 clock frequency  */
  82:Drivers/STM32WBxx_HAL_Driver/Inc/stm32wbxx_ll_rcc.h ****   uint32_t HCLK5_Frequency;          /*!< HCLK5 clock frequency  */
  83:Drivers/STM32WBxx_HAL_Driver/Inc/stm32wbxx_ll_rcc.h ****   uint32_t PCLK1_Frequency;          /*!< PCLK1 clock frequency  */
  84:Drivers/STM32WBxx_HAL_Driver/Inc/stm32wbxx_ll_rcc.h ****   uint32_t PCLK2_Frequency;          /*!< PCLK2 clock frequency  */
  85:Drivers/STM32WBxx_HAL_Driver/Inc/stm32wbxx_ll_rcc.h **** } LL_RCC_ClocksTypeDef;
  86:Drivers/STM32WBxx_HAL_Driver/Inc/stm32wbxx_ll_rcc.h **** 
ARM GAS  /var/folders/98/ctz5mtps7w71v8dr53cf5qg40000gn/T//ccdzqVkO.s 			page 39


  87:Drivers/STM32WBxx_HAL_Driver/Inc/stm32wbxx_ll_rcc.h **** /**
  88:Drivers/STM32WBxx_HAL_Driver/Inc/stm32wbxx_ll_rcc.h ****   * @}
  89:Drivers/STM32WBxx_HAL_Driver/Inc/stm32wbxx_ll_rcc.h ****   */
  90:Drivers/STM32WBxx_HAL_Driver/Inc/stm32wbxx_ll_rcc.h **** 
  91:Drivers/STM32WBxx_HAL_Driver/Inc/stm32wbxx_ll_rcc.h **** /**
  92:Drivers/STM32WBxx_HAL_Driver/Inc/stm32wbxx_ll_rcc.h ****   * @}
  93:Drivers/STM32WBxx_HAL_Driver/Inc/stm32wbxx_ll_rcc.h ****   */
  94:Drivers/STM32WBxx_HAL_Driver/Inc/stm32wbxx_ll_rcc.h **** #endif /* USE_FULL_LL_DRIVER */
  95:Drivers/STM32WBxx_HAL_Driver/Inc/stm32wbxx_ll_rcc.h **** 
  96:Drivers/STM32WBxx_HAL_Driver/Inc/stm32wbxx_ll_rcc.h **** /* Exported constants --------------------------------------------------------*/
  97:Drivers/STM32WBxx_HAL_Driver/Inc/stm32wbxx_ll_rcc.h **** /** @defgroup RCC_LL_Exported_Constants RCC Exported Constants
  98:Drivers/STM32WBxx_HAL_Driver/Inc/stm32wbxx_ll_rcc.h ****   * @{
  99:Drivers/STM32WBxx_HAL_Driver/Inc/stm32wbxx_ll_rcc.h ****   */
 100:Drivers/STM32WBxx_HAL_Driver/Inc/stm32wbxx_ll_rcc.h **** 
 101:Drivers/STM32WBxx_HAL_Driver/Inc/stm32wbxx_ll_rcc.h **** /** @defgroup RCC_LL_EC_OSC_VALUES Oscillator Values adaptation
 102:Drivers/STM32WBxx_HAL_Driver/Inc/stm32wbxx_ll_rcc.h ****   * @brief    Defines used to adapt values of different oscillators
 103:Drivers/STM32WBxx_HAL_Driver/Inc/stm32wbxx_ll_rcc.h ****   * @note     These values could be modified in the user environment according to
 104:Drivers/STM32WBxx_HAL_Driver/Inc/stm32wbxx_ll_rcc.h ****   *           HW set-up.
 105:Drivers/STM32WBxx_HAL_Driver/Inc/stm32wbxx_ll_rcc.h ****   * @{
 106:Drivers/STM32WBxx_HAL_Driver/Inc/stm32wbxx_ll_rcc.h ****   */
 107:Drivers/STM32WBxx_HAL_Driver/Inc/stm32wbxx_ll_rcc.h **** #if !defined  (HSE_VALUE)
 108:Drivers/STM32WBxx_HAL_Driver/Inc/stm32wbxx_ll_rcc.h **** #define HSE_VALUE    32000000U  /*!< Value of the HSE oscillator in Hz */
 109:Drivers/STM32WBxx_HAL_Driver/Inc/stm32wbxx_ll_rcc.h **** #endif /* !HSE_VALUE */
 110:Drivers/STM32WBxx_HAL_Driver/Inc/stm32wbxx_ll_rcc.h **** 
 111:Drivers/STM32WBxx_HAL_Driver/Inc/stm32wbxx_ll_rcc.h **** #if !defined  (HSI_VALUE)
 112:Drivers/STM32WBxx_HAL_Driver/Inc/stm32wbxx_ll_rcc.h **** #define HSI_VALUE    16000000U  /*!< Value of the HSI oscillator in Hz */
 113:Drivers/STM32WBxx_HAL_Driver/Inc/stm32wbxx_ll_rcc.h **** #endif /* !HSI_VALUE */
 114:Drivers/STM32WBxx_HAL_Driver/Inc/stm32wbxx_ll_rcc.h **** 
 115:Drivers/STM32WBxx_HAL_Driver/Inc/stm32wbxx_ll_rcc.h **** #if !defined  (LSE_VALUE)
 116:Drivers/STM32WBxx_HAL_Driver/Inc/stm32wbxx_ll_rcc.h **** #if defined(STM32WB5Mxx)
 117:Drivers/STM32WBxx_HAL_Driver/Inc/stm32wbxx_ll_rcc.h **** #define LSE_VALUE    32774U     /*!< Value of the LSE oscillator in Hz */
 118:Drivers/STM32WBxx_HAL_Driver/Inc/stm32wbxx_ll_rcc.h **** #else
 119:Drivers/STM32WBxx_HAL_Driver/Inc/stm32wbxx_ll_rcc.h **** #define LSE_VALUE    32768U     /*!< Value of the LSE oscillator in Hz */
 120:Drivers/STM32WBxx_HAL_Driver/Inc/stm32wbxx_ll_rcc.h **** #endif /* STM32WB5Mxx */
 121:Drivers/STM32WBxx_HAL_Driver/Inc/stm32wbxx_ll_rcc.h **** #endif /* !LSE_VALUE */
 122:Drivers/STM32WBxx_HAL_Driver/Inc/stm32wbxx_ll_rcc.h **** 
 123:Drivers/STM32WBxx_HAL_Driver/Inc/stm32wbxx_ll_rcc.h **** #if !defined  (LSI_VALUE)
 124:Drivers/STM32WBxx_HAL_Driver/Inc/stm32wbxx_ll_rcc.h **** #define LSI_VALUE    32000U     /*!< Value of the LSI oscillator in Hz */
 125:Drivers/STM32WBxx_HAL_Driver/Inc/stm32wbxx_ll_rcc.h **** #endif /* !LSI_VALUE */
 126:Drivers/STM32WBxx_HAL_Driver/Inc/stm32wbxx_ll_rcc.h **** 
 127:Drivers/STM32WBxx_HAL_Driver/Inc/stm32wbxx_ll_rcc.h **** #if defined(RCC_HSI48_SUPPORT)
 128:Drivers/STM32WBxx_HAL_Driver/Inc/stm32wbxx_ll_rcc.h **** #if !defined  (HSI48_VALUE)
 129:Drivers/STM32WBxx_HAL_Driver/Inc/stm32wbxx_ll_rcc.h **** #define HSI48_VALUE  48000000U  /*!< Value of the HSI48 oscillator in Hz */
 130:Drivers/STM32WBxx_HAL_Driver/Inc/stm32wbxx_ll_rcc.h **** #endif /* !HSI48_VALUE */
 131:Drivers/STM32WBxx_HAL_Driver/Inc/stm32wbxx_ll_rcc.h **** #endif /* RCC_HSI48_SUPPORT */
 132:Drivers/STM32WBxx_HAL_Driver/Inc/stm32wbxx_ll_rcc.h **** 
 133:Drivers/STM32WBxx_HAL_Driver/Inc/stm32wbxx_ll_rcc.h **** /**
 134:Drivers/STM32WBxx_HAL_Driver/Inc/stm32wbxx_ll_rcc.h ****   * @}
 135:Drivers/STM32WBxx_HAL_Driver/Inc/stm32wbxx_ll_rcc.h ****   */
 136:Drivers/STM32WBxx_HAL_Driver/Inc/stm32wbxx_ll_rcc.h **** 
 137:Drivers/STM32WBxx_HAL_Driver/Inc/stm32wbxx_ll_rcc.h **** /** @defgroup RCC_LL_EC_CLEAR_FLAG Clear Flags Defines
 138:Drivers/STM32WBxx_HAL_Driver/Inc/stm32wbxx_ll_rcc.h ****   * @brief    Flags defines which can be used with LL_RCC_WriteReg function
 139:Drivers/STM32WBxx_HAL_Driver/Inc/stm32wbxx_ll_rcc.h ****   * @{
 140:Drivers/STM32WBxx_HAL_Driver/Inc/stm32wbxx_ll_rcc.h ****   */
 141:Drivers/STM32WBxx_HAL_Driver/Inc/stm32wbxx_ll_rcc.h **** #define LL_RCC_CICR_LSI1RDYC               RCC_CICR_LSI1RDYC    /*!< LSI1 Ready Interrupt Clear    
 142:Drivers/STM32WBxx_HAL_Driver/Inc/stm32wbxx_ll_rcc.h **** #define LL_RCC_CICR_LSI2RDYC               RCC_CICR_LSI2RDYC    /*!< LSI1 Ready Interrupt Clear    
 143:Drivers/STM32WBxx_HAL_Driver/Inc/stm32wbxx_ll_rcc.h **** #define LL_RCC_CICR_LSERDYC                RCC_CICR_LSERDYC     /*!< LSE Ready Interrupt Clear     
ARM GAS  /var/folders/98/ctz5mtps7w71v8dr53cf5qg40000gn/T//ccdzqVkO.s 			page 40


 144:Drivers/STM32WBxx_HAL_Driver/Inc/stm32wbxx_ll_rcc.h **** #define LL_RCC_CICR_MSIRDYC                RCC_CICR_MSIRDYC     /*!< MSI Ready Interrupt Clear     
 145:Drivers/STM32WBxx_HAL_Driver/Inc/stm32wbxx_ll_rcc.h **** #define LL_RCC_CICR_HSIRDYC                RCC_CICR_HSIRDYC     /*!< HSI Ready Interrupt Clear     
 146:Drivers/STM32WBxx_HAL_Driver/Inc/stm32wbxx_ll_rcc.h **** #define LL_RCC_CICR_HSERDYC                RCC_CICR_HSERDYC     /*!< HSE Ready Interrupt Clear     
 147:Drivers/STM32WBxx_HAL_Driver/Inc/stm32wbxx_ll_rcc.h **** #define LL_RCC_CICR_PLLRDYC                RCC_CICR_PLLRDYC     /*!< PLL Ready Interrupt Clear     
 148:Drivers/STM32WBxx_HAL_Driver/Inc/stm32wbxx_ll_rcc.h **** #if defined(RCC_HSI48_SUPPORT)
 149:Drivers/STM32WBxx_HAL_Driver/Inc/stm32wbxx_ll_rcc.h **** #define LL_RCC_CICR_HSI48RDYC              RCC_CICR_HSI48RDYC   /*!< HSI48 Ready Interrupt Clear   
 150:Drivers/STM32WBxx_HAL_Driver/Inc/stm32wbxx_ll_rcc.h **** #endif /* RCC_HSI48_SUPPORT */
 151:Drivers/STM32WBxx_HAL_Driver/Inc/stm32wbxx_ll_rcc.h **** #if defined(SAI1)
 152:Drivers/STM32WBxx_HAL_Driver/Inc/stm32wbxx_ll_rcc.h **** #define LL_RCC_CICR_PLLSAI1RDYC            RCC_CICR_PLLSAI1RDYC /*!< PLLSAI1 Ready Interrupt Clear 
 153:Drivers/STM32WBxx_HAL_Driver/Inc/stm32wbxx_ll_rcc.h **** #endif /* SAI1 */
 154:Drivers/STM32WBxx_HAL_Driver/Inc/stm32wbxx_ll_rcc.h **** #define LL_RCC_CICR_LSECSSC                RCC_CICR_LSECSSC     /*!< LSE Clock Security System Inte
 155:Drivers/STM32WBxx_HAL_Driver/Inc/stm32wbxx_ll_rcc.h **** #define LL_RCC_CICR_CSSC                   RCC_CICR_CSSC        /*!< Clock Security System Interrup
 156:Drivers/STM32WBxx_HAL_Driver/Inc/stm32wbxx_ll_rcc.h **** /**
 157:Drivers/STM32WBxx_HAL_Driver/Inc/stm32wbxx_ll_rcc.h ****   * @}
 158:Drivers/STM32WBxx_HAL_Driver/Inc/stm32wbxx_ll_rcc.h ****   */
 159:Drivers/STM32WBxx_HAL_Driver/Inc/stm32wbxx_ll_rcc.h **** 
 160:Drivers/STM32WBxx_HAL_Driver/Inc/stm32wbxx_ll_rcc.h **** /** @defgroup RCC_LL_EC_GET_FLAG Get Flags Defines
 161:Drivers/STM32WBxx_HAL_Driver/Inc/stm32wbxx_ll_rcc.h ****   * @brief    Flags defines which can be used with LL_RCC_ReadReg function
 162:Drivers/STM32WBxx_HAL_Driver/Inc/stm32wbxx_ll_rcc.h ****   * @{
 163:Drivers/STM32WBxx_HAL_Driver/Inc/stm32wbxx_ll_rcc.h ****   */
 164:Drivers/STM32WBxx_HAL_Driver/Inc/stm32wbxx_ll_rcc.h **** #define LL_RCC_CIFR_LSI1RDYF               RCC_CIFR_LSI1RDYF    /*!< LSI1 Ready Interrupt flag     
 165:Drivers/STM32WBxx_HAL_Driver/Inc/stm32wbxx_ll_rcc.h **** #define LL_RCC_CIFR_LSI2RDYF               RCC_CIFR_LSI2RDYF    /*!< LSI2 Ready Interrupt flag     
 166:Drivers/STM32WBxx_HAL_Driver/Inc/stm32wbxx_ll_rcc.h **** #define LL_RCC_CIFR_LSERDYF                RCC_CIFR_LSERDYF     /*!< LSE Ready Interrupt flag      
 167:Drivers/STM32WBxx_HAL_Driver/Inc/stm32wbxx_ll_rcc.h **** #define LL_RCC_CIFR_MSIRDYF                RCC_CIFR_MSIRDYF     /*!< MSI Ready Interrupt flag      
 168:Drivers/STM32WBxx_HAL_Driver/Inc/stm32wbxx_ll_rcc.h **** #define LL_RCC_CIFR_HSIRDYF                RCC_CIFR_HSIRDYF     /*!< HSI Ready Interrupt flag      
 169:Drivers/STM32WBxx_HAL_Driver/Inc/stm32wbxx_ll_rcc.h **** #define LL_RCC_CIFR_HSERDYF                RCC_CIFR_HSERDYF     /*!< HSE Ready Interrupt flag      
 170:Drivers/STM32WBxx_HAL_Driver/Inc/stm32wbxx_ll_rcc.h **** #define LL_RCC_CIFR_PLLRDYF                RCC_CIFR_PLLRDYF     /*!< PLL Ready Interrupt flag      
 171:Drivers/STM32WBxx_HAL_Driver/Inc/stm32wbxx_ll_rcc.h **** #if defined(RCC_HSI48_SUPPORT)
 172:Drivers/STM32WBxx_HAL_Driver/Inc/stm32wbxx_ll_rcc.h **** #define LL_RCC_CIFR_HSI48RDYF              RCC_CIFR_HSI48RDYF   /*!< HSI48 Ready Interrupt flag    
 173:Drivers/STM32WBxx_HAL_Driver/Inc/stm32wbxx_ll_rcc.h **** #endif /* RCC_HSI48_SUPPORT */
 174:Drivers/STM32WBxx_HAL_Driver/Inc/stm32wbxx_ll_rcc.h **** #if defined(SAI1)
 175:Drivers/STM32WBxx_HAL_Driver/Inc/stm32wbxx_ll_rcc.h **** #define LL_RCC_CIFR_PLLSAI1RDYF            RCC_CIFR_PLLSAI1RDYF /*!< PLLSAI1 Ready Interrupt flag  
 176:Drivers/STM32WBxx_HAL_Driver/Inc/stm32wbxx_ll_rcc.h **** #endif /* SAI1 */
 177:Drivers/STM32WBxx_HAL_Driver/Inc/stm32wbxx_ll_rcc.h **** #define LL_RCC_CIFR_LSECSSF                RCC_CIFR_LSECSSF     /*!< LSE Clock Security System Inte
 178:Drivers/STM32WBxx_HAL_Driver/Inc/stm32wbxx_ll_rcc.h **** #define LL_RCC_CIFR_CSSF                   RCC_CIFR_CSSF        /*!< Clock Security System Interrup
 179:Drivers/STM32WBxx_HAL_Driver/Inc/stm32wbxx_ll_rcc.h **** #define LL_RCC_CSR_LPWRRSTF                RCC_CSR_LPWRRSTF     /*!< Low-Power reset flag          
 180:Drivers/STM32WBxx_HAL_Driver/Inc/stm32wbxx_ll_rcc.h **** #define LL_RCC_CSR_OBLRSTF                 RCC_CSR_OBLRSTF      /*!< OBL reset flag                
 181:Drivers/STM32WBxx_HAL_Driver/Inc/stm32wbxx_ll_rcc.h **** #define LL_RCC_CSR_PINRSTF                 RCC_CSR_PINRSTF      /*!< PIN reset flag                
 182:Drivers/STM32WBxx_HAL_Driver/Inc/stm32wbxx_ll_rcc.h **** #define LL_RCC_CSR_SFTRSTF                 RCC_CSR_SFTRSTF      /*!< Software Reset flag           
 183:Drivers/STM32WBxx_HAL_Driver/Inc/stm32wbxx_ll_rcc.h **** #define LL_RCC_CSR_IWDGRSTF                RCC_CSR_IWDGRSTF     /*!< Independent Watchdog reset fla
 184:Drivers/STM32WBxx_HAL_Driver/Inc/stm32wbxx_ll_rcc.h **** #define LL_RCC_CSR_WWDGRSTF                RCC_CSR_WWDGRSTF     /*!< Window watchdog reset flag    
 185:Drivers/STM32WBxx_HAL_Driver/Inc/stm32wbxx_ll_rcc.h **** #define LL_RCC_CSR_BORRSTF                 RCC_CSR_BORRSTF      /*!< BOR reset flag                
 186:Drivers/STM32WBxx_HAL_Driver/Inc/stm32wbxx_ll_rcc.h **** /**
 187:Drivers/STM32WBxx_HAL_Driver/Inc/stm32wbxx_ll_rcc.h ****   * @}
 188:Drivers/STM32WBxx_HAL_Driver/Inc/stm32wbxx_ll_rcc.h ****   */
 189:Drivers/STM32WBxx_HAL_Driver/Inc/stm32wbxx_ll_rcc.h **** 
 190:Drivers/STM32WBxx_HAL_Driver/Inc/stm32wbxx_ll_rcc.h **** /** @defgroup RCC_LL_EC_IT IT Defines
 191:Drivers/STM32WBxx_HAL_Driver/Inc/stm32wbxx_ll_rcc.h ****   * @brief    IT defines which can be used with LL_RCC_ReadReg and  LL_RCC_WriteReg functions
 192:Drivers/STM32WBxx_HAL_Driver/Inc/stm32wbxx_ll_rcc.h ****   * @{
 193:Drivers/STM32WBxx_HAL_Driver/Inc/stm32wbxx_ll_rcc.h ****   */
 194:Drivers/STM32WBxx_HAL_Driver/Inc/stm32wbxx_ll_rcc.h **** #define LL_RCC_CIER_LSI1RDYIE              RCC_CIER_LSI1RDYIE     /*!< LSI1 Ready Interrupt Enable 
 195:Drivers/STM32WBxx_HAL_Driver/Inc/stm32wbxx_ll_rcc.h **** #define LL_RCC_CIER_LSI2RDYIE              RCC_CIER_LSI2RDYIE     /*!< LSI Ready Interrupt Enable  
 196:Drivers/STM32WBxx_HAL_Driver/Inc/stm32wbxx_ll_rcc.h **** #define LL_RCC_CIER_LSERDYIE               RCC_CIER_LSERDYIE      /*!< LSE Ready Interrupt Enable  
 197:Drivers/STM32WBxx_HAL_Driver/Inc/stm32wbxx_ll_rcc.h **** #define LL_RCC_CIER_MSIRDYIE               RCC_CIER_MSIRDYIE      /*!< MSI Ready Interrupt Enable  
 198:Drivers/STM32WBxx_HAL_Driver/Inc/stm32wbxx_ll_rcc.h **** #define LL_RCC_CIER_HSIRDYIE               RCC_CIER_HSIRDYIE      /*!< HSI Ready Interrupt Enable  
 199:Drivers/STM32WBxx_HAL_Driver/Inc/stm32wbxx_ll_rcc.h **** #define LL_RCC_CIER_HSERDYIE               RCC_CIER_HSERDYIE      /*!< HSE Ready Interrupt Enable  
 200:Drivers/STM32WBxx_HAL_Driver/Inc/stm32wbxx_ll_rcc.h **** #define LL_RCC_CIER_PLLRDYIE               RCC_CIER_PLLRDYIE      /*!< PLL Ready Interrupt Enable  
ARM GAS  /var/folders/98/ctz5mtps7w71v8dr53cf5qg40000gn/T//ccdzqVkO.s 			page 41


 201:Drivers/STM32WBxx_HAL_Driver/Inc/stm32wbxx_ll_rcc.h **** #if defined(RCC_HSI48_SUPPORT)
 202:Drivers/STM32WBxx_HAL_Driver/Inc/stm32wbxx_ll_rcc.h **** #define LL_RCC_CIER_HSI48RDYIE             RCC_CIER_HSI48RDYIE    /*!< HSI48 Ready Interrupt Enable
 203:Drivers/STM32WBxx_HAL_Driver/Inc/stm32wbxx_ll_rcc.h **** #endif /* RCC_HSI48_SUPPORT */
 204:Drivers/STM32WBxx_HAL_Driver/Inc/stm32wbxx_ll_rcc.h **** #if defined(SAI1)
 205:Drivers/STM32WBxx_HAL_Driver/Inc/stm32wbxx_ll_rcc.h **** #define LL_RCC_CIER_PLLSAI1RDYIE           RCC_CIER_PLLSAI1RDYIE  /*!< PLLSAI1 Ready Interrupt Enab
 206:Drivers/STM32WBxx_HAL_Driver/Inc/stm32wbxx_ll_rcc.h **** #endif /* SAI1 */
 207:Drivers/STM32WBxx_HAL_Driver/Inc/stm32wbxx_ll_rcc.h **** #define LL_RCC_CIER_LSECSSIE               RCC_CIER_LSECSSIE      /*!< LSE CSS Interrupt Enable    
 208:Drivers/STM32WBxx_HAL_Driver/Inc/stm32wbxx_ll_rcc.h **** /**
 209:Drivers/STM32WBxx_HAL_Driver/Inc/stm32wbxx_ll_rcc.h ****   * @}
 210:Drivers/STM32WBxx_HAL_Driver/Inc/stm32wbxx_ll_rcc.h ****   */
 211:Drivers/STM32WBxx_HAL_Driver/Inc/stm32wbxx_ll_rcc.h **** 
 212:Drivers/STM32WBxx_HAL_Driver/Inc/stm32wbxx_ll_rcc.h **** /** @defgroup RCC_LL_EC_LSEDRIVE  LSE oscillator drive capability
 213:Drivers/STM32WBxx_HAL_Driver/Inc/stm32wbxx_ll_rcc.h ****   * @{
 214:Drivers/STM32WBxx_HAL_Driver/Inc/stm32wbxx_ll_rcc.h ****   */
 215:Drivers/STM32WBxx_HAL_Driver/Inc/stm32wbxx_ll_rcc.h **** #define LL_RCC_LSEDRIVE_LOW                0x00000000U             /*!< Xtal mode lower driving cap
 216:Drivers/STM32WBxx_HAL_Driver/Inc/stm32wbxx_ll_rcc.h **** #define LL_RCC_LSEDRIVE_MEDIUMLOW          RCC_BDCR_LSEDRV_0       /*!< Xtal mode medium low drivin
 217:Drivers/STM32WBxx_HAL_Driver/Inc/stm32wbxx_ll_rcc.h **** #define LL_RCC_LSEDRIVE_MEDIUMHIGH         RCC_BDCR_LSEDRV_1       /*!< Xtal mode medium high drivi
 218:Drivers/STM32WBxx_HAL_Driver/Inc/stm32wbxx_ll_rcc.h **** #define LL_RCC_LSEDRIVE_HIGH               RCC_BDCR_LSEDRV         /*!< Xtal mode higher driving ca
 219:Drivers/STM32WBxx_HAL_Driver/Inc/stm32wbxx_ll_rcc.h **** /**
 220:Drivers/STM32WBxx_HAL_Driver/Inc/stm32wbxx_ll_rcc.h ****   * @}
 221:Drivers/STM32WBxx_HAL_Driver/Inc/stm32wbxx_ll_rcc.h ****   */
 222:Drivers/STM32WBxx_HAL_Driver/Inc/stm32wbxx_ll_rcc.h **** 
 223:Drivers/STM32WBxx_HAL_Driver/Inc/stm32wbxx_ll_rcc.h **** /** @defgroup RCC_LL_EC_MSIRANGE  MSI clock ranges
 224:Drivers/STM32WBxx_HAL_Driver/Inc/stm32wbxx_ll_rcc.h ****   * @{
 225:Drivers/STM32WBxx_HAL_Driver/Inc/stm32wbxx_ll_rcc.h ****   */
 226:Drivers/STM32WBxx_HAL_Driver/Inc/stm32wbxx_ll_rcc.h **** #define LL_RCC_MSIRANGE_0                  RCC_CR_MSIRANGE_0  /*!< MSI = 100 KHz  */
 227:Drivers/STM32WBxx_HAL_Driver/Inc/stm32wbxx_ll_rcc.h **** #define LL_RCC_MSIRANGE_1                  RCC_CR_MSIRANGE_1  /*!< MSI = 200 KHz  */
 228:Drivers/STM32WBxx_HAL_Driver/Inc/stm32wbxx_ll_rcc.h **** #define LL_RCC_MSIRANGE_2                  RCC_CR_MSIRANGE_2  /*!< MSI = 400 KHz  */
 229:Drivers/STM32WBxx_HAL_Driver/Inc/stm32wbxx_ll_rcc.h **** #define LL_RCC_MSIRANGE_3                  RCC_CR_MSIRANGE_3  /*!< MSI = 800 KHz  */
 230:Drivers/STM32WBxx_HAL_Driver/Inc/stm32wbxx_ll_rcc.h **** #define LL_RCC_MSIRANGE_4                  RCC_CR_MSIRANGE_4  /*!< MSI = 1 MHz    */
 231:Drivers/STM32WBxx_HAL_Driver/Inc/stm32wbxx_ll_rcc.h **** #define LL_RCC_MSIRANGE_5                  RCC_CR_MSIRANGE_5  /*!< MSI = 2 MHz    */
 232:Drivers/STM32WBxx_HAL_Driver/Inc/stm32wbxx_ll_rcc.h **** #define LL_RCC_MSIRANGE_6                  RCC_CR_MSIRANGE_6  /*!< MSI = 4 MHz    */
 233:Drivers/STM32WBxx_HAL_Driver/Inc/stm32wbxx_ll_rcc.h **** #define LL_RCC_MSIRANGE_7                  RCC_CR_MSIRANGE_7  /*!< MSI = 8 MHz    */
 234:Drivers/STM32WBxx_HAL_Driver/Inc/stm32wbxx_ll_rcc.h **** #define LL_RCC_MSIRANGE_8                  RCC_CR_MSIRANGE_8  /*!< MSI = 16 MHz   */
 235:Drivers/STM32WBxx_HAL_Driver/Inc/stm32wbxx_ll_rcc.h **** #define LL_RCC_MSIRANGE_9                  RCC_CR_MSIRANGE_9  /*!< MSI = 24 MHz   */
 236:Drivers/STM32WBxx_HAL_Driver/Inc/stm32wbxx_ll_rcc.h **** #define LL_RCC_MSIRANGE_10                 RCC_CR_MSIRANGE_10 /*!< MSI = 32 MHz   */
 237:Drivers/STM32WBxx_HAL_Driver/Inc/stm32wbxx_ll_rcc.h **** #define LL_RCC_MSIRANGE_11                 RCC_CR_MSIRANGE_11 /*!< MSI = 48 MHz   */
 238:Drivers/STM32WBxx_HAL_Driver/Inc/stm32wbxx_ll_rcc.h **** /**
 239:Drivers/STM32WBxx_HAL_Driver/Inc/stm32wbxx_ll_rcc.h ****   * @}
 240:Drivers/STM32WBxx_HAL_Driver/Inc/stm32wbxx_ll_rcc.h ****   */
 241:Drivers/STM32WBxx_HAL_Driver/Inc/stm32wbxx_ll_rcc.h **** 
 242:Drivers/STM32WBxx_HAL_Driver/Inc/stm32wbxx_ll_rcc.h **** 
 243:Drivers/STM32WBxx_HAL_Driver/Inc/stm32wbxx_ll_rcc.h **** /** @defgroup RCC_LL_EC_HSE_CURRENT_CONTROL  HSE current control max limits
 244:Drivers/STM32WBxx_HAL_Driver/Inc/stm32wbxx_ll_rcc.h ****   * @{
 245:Drivers/STM32WBxx_HAL_Driver/Inc/stm32wbxx_ll_rcc.h ****   */
 246:Drivers/STM32WBxx_HAL_Driver/Inc/stm32wbxx_ll_rcc.h **** #define LL_RCC_HSE_CURRENTMAX_0            0x000000000U                                            
 247:Drivers/STM32WBxx_HAL_Driver/Inc/stm32wbxx_ll_rcc.h **** #define LL_RCC_HSE_CURRENTMAX_1            RCC_HSECR_HSEGMC0                                       
 248:Drivers/STM32WBxx_HAL_Driver/Inc/stm32wbxx_ll_rcc.h **** #define LL_RCC_HSE_CURRENTMAX_2            RCC_HSECR_HSEGMC1                                       
 249:Drivers/STM32WBxx_HAL_Driver/Inc/stm32wbxx_ll_rcc.h **** #define LL_RCC_HSE_CURRENTMAX_3            (RCC_HSECR_HSEGMC1|RCC_HSECR_HSEGMC0)                   
 250:Drivers/STM32WBxx_HAL_Driver/Inc/stm32wbxx_ll_rcc.h **** #define LL_RCC_HSE_CURRENTMAX_4            RCC_HSECR_HSEGMC2                                       
 251:Drivers/STM32WBxx_HAL_Driver/Inc/stm32wbxx_ll_rcc.h **** #define LL_RCC_HSE_CURRENTMAX_5            (RCC_HSECR_HSEGMC2|RCC_HSECR_HSEGMC0)                   
 252:Drivers/STM32WBxx_HAL_Driver/Inc/stm32wbxx_ll_rcc.h **** #define LL_RCC_HSE_CURRENTMAX_6            (RCC_HSECR_HSEGMC2|RCC_HSECR_HSEGMC1)                   
 253:Drivers/STM32WBxx_HAL_Driver/Inc/stm32wbxx_ll_rcc.h **** #define LL_RCC_HSE_CURRENTMAX_7            (RCC_HSECR_HSEGMC2|RCC_HSECR_HSEGMC1|RCC_HSECR_HSEGMC0) 
 254:Drivers/STM32WBxx_HAL_Driver/Inc/stm32wbxx_ll_rcc.h **** /**
 255:Drivers/STM32WBxx_HAL_Driver/Inc/stm32wbxx_ll_rcc.h ****   * @}
 256:Drivers/STM32WBxx_HAL_Driver/Inc/stm32wbxx_ll_rcc.h ****   */
 257:Drivers/STM32WBxx_HAL_Driver/Inc/stm32wbxx_ll_rcc.h **** 
ARM GAS  /var/folders/98/ctz5mtps7w71v8dr53cf5qg40000gn/T//ccdzqVkO.s 			page 42


 258:Drivers/STM32WBxx_HAL_Driver/Inc/stm32wbxx_ll_rcc.h **** /** @defgroup RCC_LL_EC_HSE_SENSE_AMPLIFIER  HSE sense amplifier threshold
 259:Drivers/STM32WBxx_HAL_Driver/Inc/stm32wbxx_ll_rcc.h ****   * @{
 260:Drivers/STM32WBxx_HAL_Driver/Inc/stm32wbxx_ll_rcc.h ****   */
 261:Drivers/STM32WBxx_HAL_Driver/Inc/stm32wbxx_ll_rcc.h **** #define LL_RCC_HSEAMPTHRESHOLD_1_2         (0x000000000U)        /*!< HSE sense amplifier bias curr
 262:Drivers/STM32WBxx_HAL_Driver/Inc/stm32wbxx_ll_rcc.h **** #define LL_RCC_HSEAMPTHRESHOLD_3_4         RCC_HSECR_HSES        /*!< HSE sense amplifier bias curr
 263:Drivers/STM32WBxx_HAL_Driver/Inc/stm32wbxx_ll_rcc.h **** /**
 264:Drivers/STM32WBxx_HAL_Driver/Inc/stm32wbxx_ll_rcc.h ****   * @}
 265:Drivers/STM32WBxx_HAL_Driver/Inc/stm32wbxx_ll_rcc.h ****   */
 266:Drivers/STM32WBxx_HAL_Driver/Inc/stm32wbxx_ll_rcc.h **** 
 267:Drivers/STM32WBxx_HAL_Driver/Inc/stm32wbxx_ll_rcc.h **** /** @defgroup RCC_LL_EC_LSCO_CLKSOURCE  LSCO Selection
 268:Drivers/STM32WBxx_HAL_Driver/Inc/stm32wbxx_ll_rcc.h ****   * @{
 269:Drivers/STM32WBxx_HAL_Driver/Inc/stm32wbxx_ll_rcc.h ****   */
 270:Drivers/STM32WBxx_HAL_Driver/Inc/stm32wbxx_ll_rcc.h **** #define LL_RCC_LSCO_CLKSOURCE_LSI          0x00000000U           /*!< LSI selection for low speed c
 271:Drivers/STM32WBxx_HAL_Driver/Inc/stm32wbxx_ll_rcc.h **** #define LL_RCC_LSCO_CLKSOURCE_LSE          RCC_BDCR_LSCOSEL      /*!< LSE selection for low speed c
 272:Drivers/STM32WBxx_HAL_Driver/Inc/stm32wbxx_ll_rcc.h **** /**
 273:Drivers/STM32WBxx_HAL_Driver/Inc/stm32wbxx_ll_rcc.h ****   * @}
 274:Drivers/STM32WBxx_HAL_Driver/Inc/stm32wbxx_ll_rcc.h ****   */
 275:Drivers/STM32WBxx_HAL_Driver/Inc/stm32wbxx_ll_rcc.h **** 
 276:Drivers/STM32WBxx_HAL_Driver/Inc/stm32wbxx_ll_rcc.h **** /** @defgroup RCC_LL_EC_SYS_CLKSOURCE  System clock switch
 277:Drivers/STM32WBxx_HAL_Driver/Inc/stm32wbxx_ll_rcc.h ****   * @{
 278:Drivers/STM32WBxx_HAL_Driver/Inc/stm32wbxx_ll_rcc.h ****   */
 279:Drivers/STM32WBxx_HAL_Driver/Inc/stm32wbxx_ll_rcc.h **** #define LL_RCC_SYS_CLKSOURCE_MSI           0x00000000U                       /*!< MSI selection as 
 280:Drivers/STM32WBxx_HAL_Driver/Inc/stm32wbxx_ll_rcc.h **** #define LL_RCC_SYS_CLKSOURCE_HSI           RCC_CFGR_SW_0                     /*!< HSI selection as 
 281:Drivers/STM32WBxx_HAL_Driver/Inc/stm32wbxx_ll_rcc.h **** #define LL_RCC_SYS_CLKSOURCE_HSE           RCC_CFGR_SW_1                     /*!< HSE selection as 
 282:Drivers/STM32WBxx_HAL_Driver/Inc/stm32wbxx_ll_rcc.h **** #define LL_RCC_SYS_CLKSOURCE_PLL           (RCC_CFGR_SW_1 | RCC_CFGR_SW_0)   /*!< PLL selection as 
 283:Drivers/STM32WBxx_HAL_Driver/Inc/stm32wbxx_ll_rcc.h **** /**
 284:Drivers/STM32WBxx_HAL_Driver/Inc/stm32wbxx_ll_rcc.h ****   * @}
 285:Drivers/STM32WBxx_HAL_Driver/Inc/stm32wbxx_ll_rcc.h ****   */
 286:Drivers/STM32WBxx_HAL_Driver/Inc/stm32wbxx_ll_rcc.h **** 
 287:Drivers/STM32WBxx_HAL_Driver/Inc/stm32wbxx_ll_rcc.h **** /** @defgroup RCC_LL_EC_SYS_CLKSOURCE_STATUS  System clock switch status
 288:Drivers/STM32WBxx_HAL_Driver/Inc/stm32wbxx_ll_rcc.h ****   * @{
 289:Drivers/STM32WBxx_HAL_Driver/Inc/stm32wbxx_ll_rcc.h ****   */
 290:Drivers/STM32WBxx_HAL_Driver/Inc/stm32wbxx_ll_rcc.h **** #define LL_RCC_SYS_CLKSOURCE_STATUS_MSI    0x00000000U                       /*!< MSI used as syste
 291:Drivers/STM32WBxx_HAL_Driver/Inc/stm32wbxx_ll_rcc.h **** #define LL_RCC_SYS_CLKSOURCE_STATUS_HSI    RCC_CFGR_SWS_0                    /*!< HSI used as syste
 292:Drivers/STM32WBxx_HAL_Driver/Inc/stm32wbxx_ll_rcc.h **** #define LL_RCC_SYS_CLKSOURCE_STATUS_HSE    RCC_CFGR_SWS_1                    /*!< HSE used as syste
 293:Drivers/STM32WBxx_HAL_Driver/Inc/stm32wbxx_ll_rcc.h **** #define LL_RCC_SYS_CLKSOURCE_STATUS_PLL    (RCC_CFGR_SWS_1 | RCC_CFGR_SWS_0) /*!< PLL used as syste
 294:Drivers/STM32WBxx_HAL_Driver/Inc/stm32wbxx_ll_rcc.h **** /**
 295:Drivers/STM32WBxx_HAL_Driver/Inc/stm32wbxx_ll_rcc.h ****   * @}
 296:Drivers/STM32WBxx_HAL_Driver/Inc/stm32wbxx_ll_rcc.h ****   */
 297:Drivers/STM32WBxx_HAL_Driver/Inc/stm32wbxx_ll_rcc.h **** 
 298:Drivers/STM32WBxx_HAL_Driver/Inc/stm32wbxx_ll_rcc.h **** /** @defgroup RCC_LL_EC_RF_CLKSOURCE_STATUS  RF system clock switch status
 299:Drivers/STM32WBxx_HAL_Driver/Inc/stm32wbxx_ll_rcc.h ****   * @{
 300:Drivers/STM32WBxx_HAL_Driver/Inc/stm32wbxx_ll_rcc.h ****   */
 301:Drivers/STM32WBxx_HAL_Driver/Inc/stm32wbxx_ll_rcc.h **** #define LL_RCC_RF_CLKSOURCE_HSI            0x00000000U        /*!< HSI used as RF system clock     
 302:Drivers/STM32WBxx_HAL_Driver/Inc/stm32wbxx_ll_rcc.h **** #define LL_RCC_RF_CLKSOURCE_HSE_DIV2       RCC_EXTCFGR_RFCSS  /*!< HSE divided by 2 used as RF syst
 303:Drivers/STM32WBxx_HAL_Driver/Inc/stm32wbxx_ll_rcc.h **** /**
 304:Drivers/STM32WBxx_HAL_Driver/Inc/stm32wbxx_ll_rcc.h ****   * @}
 305:Drivers/STM32WBxx_HAL_Driver/Inc/stm32wbxx_ll_rcc.h ****   */
 306:Drivers/STM32WBxx_HAL_Driver/Inc/stm32wbxx_ll_rcc.h **** 
 307:Drivers/STM32WBxx_HAL_Driver/Inc/stm32wbxx_ll_rcc.h **** /** @defgroup RCC_LL_EC_SYSCLK_DIV  AHB prescaler
 308:Drivers/STM32WBxx_HAL_Driver/Inc/stm32wbxx_ll_rcc.h ****   * @{
 309:Drivers/STM32WBxx_HAL_Driver/Inc/stm32wbxx_ll_rcc.h ****   */
 310:Drivers/STM32WBxx_HAL_Driver/Inc/stm32wbxx_ll_rcc.h **** #define LL_RCC_SYSCLK_DIV_1                0x00000000U                                             
 311:Drivers/STM32WBxx_HAL_Driver/Inc/stm32wbxx_ll_rcc.h **** #define LL_RCC_SYSCLK_DIV_2                RCC_CFGR_HPRE_3                                         
 312:Drivers/STM32WBxx_HAL_Driver/Inc/stm32wbxx_ll_rcc.h **** #define LL_RCC_SYSCLK_DIV_3                RCC_CFGR_HPRE_0                                         
 313:Drivers/STM32WBxx_HAL_Driver/Inc/stm32wbxx_ll_rcc.h **** #define LL_RCC_SYSCLK_DIV_4                (RCC_CFGR_HPRE_3 | RCC_CFGR_HPRE_0)                     
 314:Drivers/STM32WBxx_HAL_Driver/Inc/stm32wbxx_ll_rcc.h **** #define LL_RCC_SYSCLK_DIV_5                RCC_CFGR_HPRE_1                                         
ARM GAS  /var/folders/98/ctz5mtps7w71v8dr53cf5qg40000gn/T//ccdzqVkO.s 			page 43


 315:Drivers/STM32WBxx_HAL_Driver/Inc/stm32wbxx_ll_rcc.h **** #define LL_RCC_SYSCLK_DIV_6                (RCC_CFGR_HPRE_2 | RCC_CFGR_HPRE_0)                     
 316:Drivers/STM32WBxx_HAL_Driver/Inc/stm32wbxx_ll_rcc.h **** #define LL_RCC_SYSCLK_DIV_8                (RCC_CFGR_HPRE_3 | RCC_CFGR_HPRE_1)                     
 317:Drivers/STM32WBxx_HAL_Driver/Inc/stm32wbxx_ll_rcc.h **** #define LL_RCC_SYSCLK_DIV_10               (RCC_CFGR_HPRE_2 | RCC_CFGR_HPRE_1)                     
 318:Drivers/STM32WBxx_HAL_Driver/Inc/stm32wbxx_ll_rcc.h **** #define LL_RCC_SYSCLK_DIV_16               (RCC_CFGR_HPRE_3 | RCC_CFGR_HPRE_1 | RCC_CFGR_HPRE_0)   
 319:Drivers/STM32WBxx_HAL_Driver/Inc/stm32wbxx_ll_rcc.h **** #define LL_RCC_SYSCLK_DIV_32               (RCC_CFGR_HPRE_2 | RCC_CFGR_HPRE_1 | RCC_CFGR_HPRE_0)   
 320:Drivers/STM32WBxx_HAL_Driver/Inc/stm32wbxx_ll_rcc.h **** #define LL_RCC_SYSCLK_DIV_64               (RCC_CFGR_HPRE_3 | RCC_CFGR_HPRE_2)                     
 321:Drivers/STM32WBxx_HAL_Driver/Inc/stm32wbxx_ll_rcc.h **** #define LL_RCC_SYSCLK_DIV_128              (RCC_CFGR_HPRE_3 | RCC_CFGR_HPRE_2 | RCC_CFGR_HPRE_0)   
 322:Drivers/STM32WBxx_HAL_Driver/Inc/stm32wbxx_ll_rcc.h **** #define LL_RCC_SYSCLK_DIV_256              (RCC_CFGR_HPRE_3 | RCC_CFGR_HPRE_2 | RCC_CFGR_HPRE_1)   
 323:Drivers/STM32WBxx_HAL_Driver/Inc/stm32wbxx_ll_rcc.h **** #define LL_RCC_SYSCLK_DIV_512              (RCC_CFGR_HPRE_3 | RCC_CFGR_HPRE_2 | RCC_CFGR_HPRE_1 | R
 324:Drivers/STM32WBxx_HAL_Driver/Inc/stm32wbxx_ll_rcc.h **** /**
 325:Drivers/STM32WBxx_HAL_Driver/Inc/stm32wbxx_ll_rcc.h ****   * @}
 326:Drivers/STM32WBxx_HAL_Driver/Inc/stm32wbxx_ll_rcc.h ****   */
 327:Drivers/STM32WBxx_HAL_Driver/Inc/stm32wbxx_ll_rcc.h **** 
 328:Drivers/STM32WBxx_HAL_Driver/Inc/stm32wbxx_ll_rcc.h **** /** @defgroup RCC_LL_EC_APB1_DIV  APB low-speed prescaler (APB1)
 329:Drivers/STM32WBxx_HAL_Driver/Inc/stm32wbxx_ll_rcc.h ****   * @{
 330:Drivers/STM32WBxx_HAL_Driver/Inc/stm32wbxx_ll_rcc.h ****   */
 331:Drivers/STM32WBxx_HAL_Driver/Inc/stm32wbxx_ll_rcc.h **** #define LL_RCC_APB1_DIV_1                  0x00000000U                                             
 332:Drivers/STM32WBxx_HAL_Driver/Inc/stm32wbxx_ll_rcc.h **** #define LL_RCC_APB1_DIV_2                  RCC_CFGR_PPRE1_2                                        
 333:Drivers/STM32WBxx_HAL_Driver/Inc/stm32wbxx_ll_rcc.h **** #define LL_RCC_APB1_DIV_4                  (RCC_CFGR_PPRE1_2 | RCC_CFGR_PPRE1_0)                   
 334:Drivers/STM32WBxx_HAL_Driver/Inc/stm32wbxx_ll_rcc.h **** #define LL_RCC_APB1_DIV_8                  (RCC_CFGR_PPRE1_2 | RCC_CFGR_PPRE1_1)                   
 335:Drivers/STM32WBxx_HAL_Driver/Inc/stm32wbxx_ll_rcc.h **** #define LL_RCC_APB1_DIV_16                 (RCC_CFGR_PPRE1_2 | RCC_CFGR_PPRE1_1 | RCC_CFGR_PPRE1_0)
 336:Drivers/STM32WBxx_HAL_Driver/Inc/stm32wbxx_ll_rcc.h **** /**
 337:Drivers/STM32WBxx_HAL_Driver/Inc/stm32wbxx_ll_rcc.h ****   * @}
 338:Drivers/STM32WBxx_HAL_Driver/Inc/stm32wbxx_ll_rcc.h ****   */
 339:Drivers/STM32WBxx_HAL_Driver/Inc/stm32wbxx_ll_rcc.h **** 
 340:Drivers/STM32WBxx_HAL_Driver/Inc/stm32wbxx_ll_rcc.h **** /** @defgroup RCC_LL_EC_APB2_DIV  APB high-speed prescaler (APB2)
 341:Drivers/STM32WBxx_HAL_Driver/Inc/stm32wbxx_ll_rcc.h ****   * @{
 342:Drivers/STM32WBxx_HAL_Driver/Inc/stm32wbxx_ll_rcc.h ****   */
 343:Drivers/STM32WBxx_HAL_Driver/Inc/stm32wbxx_ll_rcc.h **** #define LL_RCC_APB2_DIV_1                  0x00000000U                                             
 344:Drivers/STM32WBxx_HAL_Driver/Inc/stm32wbxx_ll_rcc.h **** #define LL_RCC_APB2_DIV_2                  RCC_CFGR_PPRE2_2                                        
 345:Drivers/STM32WBxx_HAL_Driver/Inc/stm32wbxx_ll_rcc.h **** #define LL_RCC_APB2_DIV_4                  (RCC_CFGR_PPRE2_2 | RCC_CFGR_PPRE2_0)                   
 346:Drivers/STM32WBxx_HAL_Driver/Inc/stm32wbxx_ll_rcc.h **** #define LL_RCC_APB2_DIV_8                  (RCC_CFGR_PPRE2_2 | RCC_CFGR_PPRE2_1)                   
 347:Drivers/STM32WBxx_HAL_Driver/Inc/stm32wbxx_ll_rcc.h **** #define LL_RCC_APB2_DIV_16                 (RCC_CFGR_PPRE2_2 | RCC_CFGR_PPRE2_1 | RCC_CFGR_PPRE2_0)
 348:Drivers/STM32WBxx_HAL_Driver/Inc/stm32wbxx_ll_rcc.h **** /**
 349:Drivers/STM32WBxx_HAL_Driver/Inc/stm32wbxx_ll_rcc.h ****   * @}
 350:Drivers/STM32WBxx_HAL_Driver/Inc/stm32wbxx_ll_rcc.h ****   */
 351:Drivers/STM32WBxx_HAL_Driver/Inc/stm32wbxx_ll_rcc.h **** 
 352:Drivers/STM32WBxx_HAL_Driver/Inc/stm32wbxx_ll_rcc.h **** /** @defgroup RCC_LL_EC_STOP_WAKEUPCLOCK  Wakeup from Stop and CSS backup clock selection
 353:Drivers/STM32WBxx_HAL_Driver/Inc/stm32wbxx_ll_rcc.h ****   * @{
 354:Drivers/STM32WBxx_HAL_Driver/Inc/stm32wbxx_ll_rcc.h ****   */
 355:Drivers/STM32WBxx_HAL_Driver/Inc/stm32wbxx_ll_rcc.h **** #define LL_RCC_STOP_WAKEUPCLOCK_MSI        0x00000000U             /*!< MSI selection after wake-up
 356:Drivers/STM32WBxx_HAL_Driver/Inc/stm32wbxx_ll_rcc.h **** #define LL_RCC_STOP_WAKEUPCLOCK_HSI        RCC_CFGR_STOPWUCK       /*!< HSI selection after wake-up
 357:Drivers/STM32WBxx_HAL_Driver/Inc/stm32wbxx_ll_rcc.h **** /**
 358:Drivers/STM32WBxx_HAL_Driver/Inc/stm32wbxx_ll_rcc.h ****   * @}
 359:Drivers/STM32WBxx_HAL_Driver/Inc/stm32wbxx_ll_rcc.h ****   */
 360:Drivers/STM32WBxx_HAL_Driver/Inc/stm32wbxx_ll_rcc.h **** 
 361:Drivers/STM32WBxx_HAL_Driver/Inc/stm32wbxx_ll_rcc.h **** /** @defgroup RCC_LL_EC_MCO1SOURCE  MCO1 SOURCE selection
 362:Drivers/STM32WBxx_HAL_Driver/Inc/stm32wbxx_ll_rcc.h ****   * @{
 363:Drivers/STM32WBxx_HAL_Driver/Inc/stm32wbxx_ll_rcc.h ****   */
 364:Drivers/STM32WBxx_HAL_Driver/Inc/stm32wbxx_ll_rcc.h **** #define LL_RCC_MCO1SOURCE_NOCLOCK          0x00000000U                                   /*!< MCO o
 365:Drivers/STM32WBxx_HAL_Driver/Inc/stm32wbxx_ll_rcc.h **** #define LL_RCC_MCO1SOURCE_SYSCLK           RCC_CFGR_MCOSEL_0                             /*!< SYSCL
 366:Drivers/STM32WBxx_HAL_Driver/Inc/stm32wbxx_ll_rcc.h **** #define LL_RCC_MCO1SOURCE_MSI              RCC_CFGR_MCOSEL_1                             /*!< MSI s
 367:Drivers/STM32WBxx_HAL_Driver/Inc/stm32wbxx_ll_rcc.h **** #define LL_RCC_MCO1SOURCE_HSI              (RCC_CFGR_MCOSEL_0| RCC_CFGR_MCOSEL_1)        /*!< HSI s
 368:Drivers/STM32WBxx_HAL_Driver/Inc/stm32wbxx_ll_rcc.h **** #define LL_RCC_MCO1SOURCE_HSE              RCC_CFGR_MCOSEL_2                             /*!< HSE a
 369:Drivers/STM32WBxx_HAL_Driver/Inc/stm32wbxx_ll_rcc.h **** #define LL_RCC_MCO1SOURCE_PLLCLK           (RCC_CFGR_MCOSEL_0|RCC_CFGR_MCOSEL_2)         /*!< Main 
 370:Drivers/STM32WBxx_HAL_Driver/Inc/stm32wbxx_ll_rcc.h **** #define LL_RCC_MCO1SOURCE_LSI1             (RCC_CFGR_MCOSEL_1|RCC_CFGR_MCOSEL_2)         /*!< LSI1 
 371:Drivers/STM32WBxx_HAL_Driver/Inc/stm32wbxx_ll_rcc.h **** #define LL_RCC_MCO1SOURCE_LSI2             (RCC_CFGR_MCOSEL_0|RCC_CFGR_MCOSEL_1|RCC_CFGR_MCOSEL_2) 
ARM GAS  /var/folders/98/ctz5mtps7w71v8dr53cf5qg40000gn/T//ccdzqVkO.s 			page 44


 372:Drivers/STM32WBxx_HAL_Driver/Inc/stm32wbxx_ll_rcc.h **** #define LL_RCC_MCO1SOURCE_LSE              RCC_CFGR_MCOSEL_3                             /*!< LSE s
 373:Drivers/STM32WBxx_HAL_Driver/Inc/stm32wbxx_ll_rcc.h **** #if defined(RCC_HSI48_SUPPORT)
 374:Drivers/STM32WBxx_HAL_Driver/Inc/stm32wbxx_ll_rcc.h **** #define LL_RCC_MCO1SOURCE_HSI48            (RCC_CFGR_MCOSEL_0|RCC_CFGR_MCOSEL_3)         /*!< HSI48
 375:Drivers/STM32WBxx_HAL_Driver/Inc/stm32wbxx_ll_rcc.h **** #endif /* RCC_HSI48_SUPPORT */
 376:Drivers/STM32WBxx_HAL_Driver/Inc/stm32wbxx_ll_rcc.h **** #define LL_RCC_MCO1SOURCE_HSE_BEFORE_STAB  (RCC_CFGR_MCOSEL_2|RCC_CFGR_MCOSEL_3)         /*!< HSE b
 377:Drivers/STM32WBxx_HAL_Driver/Inc/stm32wbxx_ll_rcc.h **** /**
 378:Drivers/STM32WBxx_HAL_Driver/Inc/stm32wbxx_ll_rcc.h ****   * @}
 379:Drivers/STM32WBxx_HAL_Driver/Inc/stm32wbxx_ll_rcc.h ****   */
 380:Drivers/STM32WBxx_HAL_Driver/Inc/stm32wbxx_ll_rcc.h **** 
 381:Drivers/STM32WBxx_HAL_Driver/Inc/stm32wbxx_ll_rcc.h **** /** @defgroup RCC_LL_EC_MCO1_DIV  MCO1 prescaler
 382:Drivers/STM32WBxx_HAL_Driver/Inc/stm32wbxx_ll_rcc.h ****   * @{
 383:Drivers/STM32WBxx_HAL_Driver/Inc/stm32wbxx_ll_rcc.h ****   */
 384:Drivers/STM32WBxx_HAL_Driver/Inc/stm32wbxx_ll_rcc.h **** #define LL_RCC_MCO1_DIV_1                  0x00000000U                               /*!< MCO not d
 385:Drivers/STM32WBxx_HAL_Driver/Inc/stm32wbxx_ll_rcc.h **** #define LL_RCC_MCO1_DIV_2                  RCC_CFGR_MCOPRE_0                         /*!< MCO divid
 386:Drivers/STM32WBxx_HAL_Driver/Inc/stm32wbxx_ll_rcc.h **** #define LL_RCC_MCO1_DIV_4                  RCC_CFGR_MCOPRE_1                         /*!< MCO divid
 387:Drivers/STM32WBxx_HAL_Driver/Inc/stm32wbxx_ll_rcc.h **** #define LL_RCC_MCO1_DIV_8                  (RCC_CFGR_MCOPRE_1 | RCC_CFGR_MCOPRE_0)   /*!< MCO divid
 388:Drivers/STM32WBxx_HAL_Driver/Inc/stm32wbxx_ll_rcc.h **** #define LL_RCC_MCO1_DIV_16                 RCC_CFGR_MCOPRE_2                         /*!< MCO divid
 389:Drivers/STM32WBxx_HAL_Driver/Inc/stm32wbxx_ll_rcc.h **** /**
 390:Drivers/STM32WBxx_HAL_Driver/Inc/stm32wbxx_ll_rcc.h ****   * @}
 391:Drivers/STM32WBxx_HAL_Driver/Inc/stm32wbxx_ll_rcc.h ****   */
 392:Drivers/STM32WBxx_HAL_Driver/Inc/stm32wbxx_ll_rcc.h **** 
 393:Drivers/STM32WBxx_HAL_Driver/Inc/stm32wbxx_ll_rcc.h **** #if defined(RCC_SMPS_SUPPORT)
 394:Drivers/STM32WBxx_HAL_Driver/Inc/stm32wbxx_ll_rcc.h **** /** @defgroup RCC_LL_EC_SMPS_CLKSOURCE  SMPS clock switch
 395:Drivers/STM32WBxx_HAL_Driver/Inc/stm32wbxx_ll_rcc.h ****   * @{
 396:Drivers/STM32WBxx_HAL_Driver/Inc/stm32wbxx_ll_rcc.h ****   */
 397:Drivers/STM32WBxx_HAL_Driver/Inc/stm32wbxx_ll_rcc.h **** #define LL_RCC_SMPS_CLKSOURCE_HSI           0x00000000U             /*!< HSI selection as SMPS cloc
 398:Drivers/STM32WBxx_HAL_Driver/Inc/stm32wbxx_ll_rcc.h **** #define LL_RCC_SMPS_CLKSOURCE_MSI           RCC_SMPSCR_SMPSSEL_0    /*!< MSI selection as SMPS cloc
 399:Drivers/STM32WBxx_HAL_Driver/Inc/stm32wbxx_ll_rcc.h **** #define LL_RCC_SMPS_CLKSOURCE_HSE           RCC_SMPSCR_SMPSSEL_1    /*!< HSE selection as SMPS cloc
 400:Drivers/STM32WBxx_HAL_Driver/Inc/stm32wbxx_ll_rcc.h **** /**
 401:Drivers/STM32WBxx_HAL_Driver/Inc/stm32wbxx_ll_rcc.h ****   * @}
 402:Drivers/STM32WBxx_HAL_Driver/Inc/stm32wbxx_ll_rcc.h ****   */
 403:Drivers/STM32WBxx_HAL_Driver/Inc/stm32wbxx_ll_rcc.h **** 
 404:Drivers/STM32WBxx_HAL_Driver/Inc/stm32wbxx_ll_rcc.h **** /** @defgroup RCC_LL_EC_SMPS_CLKSOURCE_STATUS  SMPS clock switch status
 405:Drivers/STM32WBxx_HAL_Driver/Inc/stm32wbxx_ll_rcc.h ****   * @{
 406:Drivers/STM32WBxx_HAL_Driver/Inc/stm32wbxx_ll_rcc.h ****   */
 407:Drivers/STM32WBxx_HAL_Driver/Inc/stm32wbxx_ll_rcc.h **** #define LL_RCC_SMPS_CLKSOURCE_STATUS_HSI       0x00000000U                                   /*!< H
 408:Drivers/STM32WBxx_HAL_Driver/Inc/stm32wbxx_ll_rcc.h **** #define LL_RCC_SMPS_CLKSOURCE_STATUS_MSI       RCC_SMPSCR_SMPSSWS_0                          /*!< M
 409:Drivers/STM32WBxx_HAL_Driver/Inc/stm32wbxx_ll_rcc.h **** #define LL_RCC_SMPS_CLKSOURCE_STATUS_HSE       RCC_SMPSCR_SMPSSWS_1                          /*!< H
 410:Drivers/STM32WBxx_HAL_Driver/Inc/stm32wbxx_ll_rcc.h **** #define LL_RCC_SMPS_CLKSOURCE_STATUS_NO_CLOCK  (RCC_SMPSCR_SMPSSWS_0|RCC_SMPSCR_SMPSSWS_1)   /*!< N
 411:Drivers/STM32WBxx_HAL_Driver/Inc/stm32wbxx_ll_rcc.h **** /**
 412:Drivers/STM32WBxx_HAL_Driver/Inc/stm32wbxx_ll_rcc.h ****   * @}
 413:Drivers/STM32WBxx_HAL_Driver/Inc/stm32wbxx_ll_rcc.h ****   */
 414:Drivers/STM32WBxx_HAL_Driver/Inc/stm32wbxx_ll_rcc.h **** 
 415:Drivers/STM32WBxx_HAL_Driver/Inc/stm32wbxx_ll_rcc.h **** /** @defgroup RCC_LL_EC_SMPS_DIV  SMPS prescaler
 416:Drivers/STM32WBxx_HAL_Driver/Inc/stm32wbxx_ll_rcc.h ****     * @{
 417:Drivers/STM32WBxx_HAL_Driver/Inc/stm32wbxx_ll_rcc.h ****     */
 418:Drivers/STM32WBxx_HAL_Driver/Inc/stm32wbxx_ll_rcc.h **** #define LL_RCC_SMPS_DIV_0                  (0x00000000U)                                     /*!< S
 419:Drivers/STM32WBxx_HAL_Driver/Inc/stm32wbxx_ll_rcc.h **** #define LL_RCC_SMPS_DIV_1                  RCC_SMPSCR_SMPSDIV_0                              /*!< S
 420:Drivers/STM32WBxx_HAL_Driver/Inc/stm32wbxx_ll_rcc.h **** #define LL_RCC_SMPS_DIV_2                  RCC_SMPSCR_SMPSDIV_1                              /*!< S
 421:Drivers/STM32WBxx_HAL_Driver/Inc/stm32wbxx_ll_rcc.h **** #define LL_RCC_SMPS_DIV_3                  (RCC_SMPSCR_SMPSDIV_0|RCC_SMPSCR_SMPSDIV_1)       /*!< S
 422:Drivers/STM32WBxx_HAL_Driver/Inc/stm32wbxx_ll_rcc.h **** /**
 423:Drivers/STM32WBxx_HAL_Driver/Inc/stm32wbxx_ll_rcc.h ****     * @}
 424:Drivers/STM32WBxx_HAL_Driver/Inc/stm32wbxx_ll_rcc.h ****     */
 425:Drivers/STM32WBxx_HAL_Driver/Inc/stm32wbxx_ll_rcc.h **** #endif /* RCC_SMPS_SUPPORT */
 426:Drivers/STM32WBxx_HAL_Driver/Inc/stm32wbxx_ll_rcc.h **** 
 427:Drivers/STM32WBxx_HAL_Driver/Inc/stm32wbxx_ll_rcc.h **** #if defined(USE_FULL_LL_DRIVER)
 428:Drivers/STM32WBxx_HAL_Driver/Inc/stm32wbxx_ll_rcc.h **** /** @defgroup RCC_LL_EC_PERIPH_FREQUENCY Peripheral clock frequency
ARM GAS  /var/folders/98/ctz5mtps7w71v8dr53cf5qg40000gn/T//ccdzqVkO.s 			page 45


 429:Drivers/STM32WBxx_HAL_Driver/Inc/stm32wbxx_ll_rcc.h ****   * @{
 430:Drivers/STM32WBxx_HAL_Driver/Inc/stm32wbxx_ll_rcc.h ****   */
 431:Drivers/STM32WBxx_HAL_Driver/Inc/stm32wbxx_ll_rcc.h **** #define LL_RCC_PERIPH_FREQUENCY_NO         0x00000000U                 /*!< No clock enabled for th
 432:Drivers/STM32WBxx_HAL_Driver/Inc/stm32wbxx_ll_rcc.h **** #define LL_RCC_PERIPH_FREQUENCY_NA         0xFFFFFFFFU                 /*!< Frequency cannot be pro
 433:Drivers/STM32WBxx_HAL_Driver/Inc/stm32wbxx_ll_rcc.h **** /**
 434:Drivers/STM32WBxx_HAL_Driver/Inc/stm32wbxx_ll_rcc.h ****   * @}
 435:Drivers/STM32WBxx_HAL_Driver/Inc/stm32wbxx_ll_rcc.h ****   */
 436:Drivers/STM32WBxx_HAL_Driver/Inc/stm32wbxx_ll_rcc.h **** #endif /* USE_FULL_LL_DRIVER */
 437:Drivers/STM32WBxx_HAL_Driver/Inc/stm32wbxx_ll_rcc.h **** 
 438:Drivers/STM32WBxx_HAL_Driver/Inc/stm32wbxx_ll_rcc.h **** /** @defgroup RCC_LL_EC_USART1_CLKSOURCE USART1 CLKSOURCE
 439:Drivers/STM32WBxx_HAL_Driver/Inc/stm32wbxx_ll_rcc.h ****   * @{
 440:Drivers/STM32WBxx_HAL_Driver/Inc/stm32wbxx_ll_rcc.h ****   */
 441:Drivers/STM32WBxx_HAL_Driver/Inc/stm32wbxx_ll_rcc.h **** #define LL_RCC_USART1_CLKSOURCE_PCLK2      0x00000000U                /*!< PCLK2 selected as USART1
 442:Drivers/STM32WBxx_HAL_Driver/Inc/stm32wbxx_ll_rcc.h **** #define LL_RCC_USART1_CLKSOURCE_SYSCLK     RCC_CCIPR_USART1SEL_0      /*!< SYSCLK selected as USART
 443:Drivers/STM32WBxx_HAL_Driver/Inc/stm32wbxx_ll_rcc.h **** #define LL_RCC_USART1_CLKSOURCE_HSI        RCC_CCIPR_USART1SEL_1      /*!< HSI selected as USART1 c
 444:Drivers/STM32WBxx_HAL_Driver/Inc/stm32wbxx_ll_rcc.h **** #define LL_RCC_USART1_CLKSOURCE_LSE        RCC_CCIPR_USART1SEL        /*!< LSE selected as USART1 c
 445:Drivers/STM32WBxx_HAL_Driver/Inc/stm32wbxx_ll_rcc.h **** /**
 446:Drivers/STM32WBxx_HAL_Driver/Inc/stm32wbxx_ll_rcc.h ****   * @}
 447:Drivers/STM32WBxx_HAL_Driver/Inc/stm32wbxx_ll_rcc.h ****   */
 448:Drivers/STM32WBxx_HAL_Driver/Inc/stm32wbxx_ll_rcc.h **** 
 449:Drivers/STM32WBxx_HAL_Driver/Inc/stm32wbxx_ll_rcc.h **** #if defined(LPUART1)
 450:Drivers/STM32WBxx_HAL_Driver/Inc/stm32wbxx_ll_rcc.h **** /** @defgroup RCC_LL_EC_LPUART1_CLKSOURCE LPUART1 CLKSOURCE
 451:Drivers/STM32WBxx_HAL_Driver/Inc/stm32wbxx_ll_rcc.h ****   * @{
 452:Drivers/STM32WBxx_HAL_Driver/Inc/stm32wbxx_ll_rcc.h ****   */
 453:Drivers/STM32WBxx_HAL_Driver/Inc/stm32wbxx_ll_rcc.h **** #define LL_RCC_LPUART1_CLKSOURCE_PCLK1     0x00000000U               /*!< PCLK1 selected as LPUART1
 454:Drivers/STM32WBxx_HAL_Driver/Inc/stm32wbxx_ll_rcc.h **** #define LL_RCC_LPUART1_CLKSOURCE_SYSCLK    RCC_CCIPR_LPUART1SEL_0    /*!< SYCLK selected as LPUART1
 455:Drivers/STM32WBxx_HAL_Driver/Inc/stm32wbxx_ll_rcc.h **** #define LL_RCC_LPUART1_CLKSOURCE_HSI       RCC_CCIPR_LPUART1SEL_1    /*!< HSI selected as LPUART1 c
 456:Drivers/STM32WBxx_HAL_Driver/Inc/stm32wbxx_ll_rcc.h **** #define LL_RCC_LPUART1_CLKSOURCE_LSE       RCC_CCIPR_LPUART1SEL      /*!< LSE selected as LPUART1 c
 457:Drivers/STM32WBxx_HAL_Driver/Inc/stm32wbxx_ll_rcc.h **** /**
 458:Drivers/STM32WBxx_HAL_Driver/Inc/stm32wbxx_ll_rcc.h ****   * @}
 459:Drivers/STM32WBxx_HAL_Driver/Inc/stm32wbxx_ll_rcc.h ****   */
 460:Drivers/STM32WBxx_HAL_Driver/Inc/stm32wbxx_ll_rcc.h **** #endif /* LPUART1 */
 461:Drivers/STM32WBxx_HAL_Driver/Inc/stm32wbxx_ll_rcc.h **** 
 462:Drivers/STM32WBxx_HAL_Driver/Inc/stm32wbxx_ll_rcc.h **** /** @defgroup RCC_LL_EC_I2Cx_CLKSOURCE I2Cx CLKSOURCE
 463:Drivers/STM32WBxx_HAL_Driver/Inc/stm32wbxx_ll_rcc.h ****   * @{
 464:Drivers/STM32WBxx_HAL_Driver/Inc/stm32wbxx_ll_rcc.h ****   */
 465:Drivers/STM32WBxx_HAL_Driver/Inc/stm32wbxx_ll_rcc.h **** #define LL_RCC_I2C1_CLKSOURCE_PCLK1        (uint32_t)((RCC_CCIPR_I2C1SEL << 4) | (0x00000000U >> 4)
 466:Drivers/STM32WBxx_HAL_Driver/Inc/stm32wbxx_ll_rcc.h **** #define LL_RCC_I2C1_CLKSOURCE_SYSCLK       (uint32_t)((RCC_CCIPR_I2C1SEL << 4) | (RCC_CCIPR_I2C1SEL
 467:Drivers/STM32WBxx_HAL_Driver/Inc/stm32wbxx_ll_rcc.h **** #define LL_RCC_I2C1_CLKSOURCE_HSI          (uint32_t)((RCC_CCIPR_I2C1SEL << 4) | (RCC_CCIPR_I2C1SEL
 468:Drivers/STM32WBxx_HAL_Driver/Inc/stm32wbxx_ll_rcc.h **** #if defined(I2C3)
 469:Drivers/STM32WBxx_HAL_Driver/Inc/stm32wbxx_ll_rcc.h **** #define LL_RCC_I2C3_CLKSOURCE_PCLK1        (uint32_t)((RCC_CCIPR_I2C3SEL << 4) | (0x00000000U >> 4)
 470:Drivers/STM32WBxx_HAL_Driver/Inc/stm32wbxx_ll_rcc.h **** #define LL_RCC_I2C3_CLKSOURCE_SYSCLK       (uint32_t)((RCC_CCIPR_I2C3SEL << 4) | (RCC_CCIPR_I2C3SEL
 471:Drivers/STM32WBxx_HAL_Driver/Inc/stm32wbxx_ll_rcc.h **** #define LL_RCC_I2C3_CLKSOURCE_HSI          (uint32_t)((RCC_CCIPR_I2C3SEL << 4) | (RCC_CCIPR_I2C3SEL
 472:Drivers/STM32WBxx_HAL_Driver/Inc/stm32wbxx_ll_rcc.h **** #endif /* I2C3 */
 473:Drivers/STM32WBxx_HAL_Driver/Inc/stm32wbxx_ll_rcc.h **** /**
 474:Drivers/STM32WBxx_HAL_Driver/Inc/stm32wbxx_ll_rcc.h ****   * @}
 475:Drivers/STM32WBxx_HAL_Driver/Inc/stm32wbxx_ll_rcc.h ****   */
 476:Drivers/STM32WBxx_HAL_Driver/Inc/stm32wbxx_ll_rcc.h **** 
 477:Drivers/STM32WBxx_HAL_Driver/Inc/stm32wbxx_ll_rcc.h **** /** @defgroup RCC_LL_EC_LPTIMx_CLKSOURCE LPTIMx CLKSOURCE
 478:Drivers/STM32WBxx_HAL_Driver/Inc/stm32wbxx_ll_rcc.h ****   * @{
 479:Drivers/STM32WBxx_HAL_Driver/Inc/stm32wbxx_ll_rcc.h ****   */
 480:Drivers/STM32WBxx_HAL_Driver/Inc/stm32wbxx_ll_rcc.h **** #define LL_RCC_LPTIM1_CLKSOURCE_PCLK1      (uint32_t)(RCC_CCIPR_LPTIM1SEL | (0x00000000U >> 16))   
 481:Drivers/STM32WBxx_HAL_Driver/Inc/stm32wbxx_ll_rcc.h **** #define LL_RCC_LPTIM1_CLKSOURCE_LSI        (uint32_t)(RCC_CCIPR_LPTIM1SEL | (RCC_CCIPR_LPTIM1SEL_0 
 482:Drivers/STM32WBxx_HAL_Driver/Inc/stm32wbxx_ll_rcc.h **** #define LL_RCC_LPTIM1_CLKSOURCE_HSI        (uint32_t)(RCC_CCIPR_LPTIM1SEL | (RCC_CCIPR_LPTIM1SEL_1 
 483:Drivers/STM32WBxx_HAL_Driver/Inc/stm32wbxx_ll_rcc.h **** #define LL_RCC_LPTIM1_CLKSOURCE_LSE        (uint32_t)(RCC_CCIPR_LPTIM1SEL | (RCC_CCIPR_LPTIM1SEL >>
 484:Drivers/STM32WBxx_HAL_Driver/Inc/stm32wbxx_ll_rcc.h **** #define LL_RCC_LPTIM2_CLKSOURCE_PCLK1      (uint32_t)(RCC_CCIPR_LPTIM2SEL | (0x00000000U >> 16))   
 485:Drivers/STM32WBxx_HAL_Driver/Inc/stm32wbxx_ll_rcc.h **** #define LL_RCC_LPTIM2_CLKSOURCE_LSI        (uint32_t)(RCC_CCIPR_LPTIM2SEL | (RCC_CCIPR_LPTIM2SEL_0 
ARM GAS  /var/folders/98/ctz5mtps7w71v8dr53cf5qg40000gn/T//ccdzqVkO.s 			page 46


 486:Drivers/STM32WBxx_HAL_Driver/Inc/stm32wbxx_ll_rcc.h **** #define LL_RCC_LPTIM2_CLKSOURCE_HSI        (uint32_t)(RCC_CCIPR_LPTIM2SEL | (RCC_CCIPR_LPTIM2SEL_1 
 487:Drivers/STM32WBxx_HAL_Driver/Inc/stm32wbxx_ll_rcc.h **** #define LL_RCC_LPTIM2_CLKSOURCE_LSE        (uint32_t)(RCC_CCIPR_LPTIM2SEL | (RCC_CCIPR_LPTIM2SEL >>
 488:Drivers/STM32WBxx_HAL_Driver/Inc/stm32wbxx_ll_rcc.h **** /**
 489:Drivers/STM32WBxx_HAL_Driver/Inc/stm32wbxx_ll_rcc.h ****   * @}
 490:Drivers/STM32WBxx_HAL_Driver/Inc/stm32wbxx_ll_rcc.h ****   */
 491:Drivers/STM32WBxx_HAL_Driver/Inc/stm32wbxx_ll_rcc.h **** 
 492:Drivers/STM32WBxx_HAL_Driver/Inc/stm32wbxx_ll_rcc.h **** #if defined(SAI1)
 493:Drivers/STM32WBxx_HAL_Driver/Inc/stm32wbxx_ll_rcc.h **** /** @defgroup RCC_LL_EC_SAI1_CLKSOURCE SAI1 CLKSOURCE
 494:Drivers/STM32WBxx_HAL_Driver/Inc/stm32wbxx_ll_rcc.h ****   * @{
 495:Drivers/STM32WBxx_HAL_Driver/Inc/stm32wbxx_ll_rcc.h ****   */
 496:Drivers/STM32WBxx_HAL_Driver/Inc/stm32wbxx_ll_rcc.h **** #define LL_RCC_SAI1_CLKSOURCE_PLLSAI1      0x00000000U            /*!< PLLSAI1 selected as SAI1 clo
 497:Drivers/STM32WBxx_HAL_Driver/Inc/stm32wbxx_ll_rcc.h **** #define LL_RCC_SAI1_CLKSOURCE_PLL          RCC_CCIPR_SAI1SEL_0    /*!< PLL selected as SAI1 clock  
 498:Drivers/STM32WBxx_HAL_Driver/Inc/stm32wbxx_ll_rcc.h **** #define LL_RCC_SAI1_CLKSOURCE_HSI          RCC_CCIPR_SAI1SEL_1    /*!< HSI selected as SAI1 clock  
 499:Drivers/STM32WBxx_HAL_Driver/Inc/stm32wbxx_ll_rcc.h **** #define LL_RCC_SAI1_CLKSOURCE_PIN          RCC_CCIPR_SAI1SEL      /*!< External input selected as S
 500:Drivers/STM32WBxx_HAL_Driver/Inc/stm32wbxx_ll_rcc.h **** /**
 501:Drivers/STM32WBxx_HAL_Driver/Inc/stm32wbxx_ll_rcc.h ****   * @}
 502:Drivers/STM32WBxx_HAL_Driver/Inc/stm32wbxx_ll_rcc.h ****   */
 503:Drivers/STM32WBxx_HAL_Driver/Inc/stm32wbxx_ll_rcc.h **** #endif /* SAI1 */
 504:Drivers/STM32WBxx_HAL_Driver/Inc/stm32wbxx_ll_rcc.h **** 
 505:Drivers/STM32WBxx_HAL_Driver/Inc/stm32wbxx_ll_rcc.h **** /** @defgroup RCC_LL_EC_CLK48_CLKSOURCE CLK48 CLKSOURCE
 506:Drivers/STM32WBxx_HAL_Driver/Inc/stm32wbxx_ll_rcc.h ****   * @{
 507:Drivers/STM32WBxx_HAL_Driver/Inc/stm32wbxx_ll_rcc.h ****   */
 508:Drivers/STM32WBxx_HAL_Driver/Inc/stm32wbxx_ll_rcc.h **** #if defined(RCC_HSI48_SUPPORT)
 509:Drivers/STM32WBxx_HAL_Driver/Inc/stm32wbxx_ll_rcc.h **** #define LL_RCC_CLK48_CLKSOURCE_HSI48       0x00000000U           /*!< HSI48 selected as CLK48 clock
 510:Drivers/STM32WBxx_HAL_Driver/Inc/stm32wbxx_ll_rcc.h **** #endif /* RCC_HSI48_SUPPORT */
 511:Drivers/STM32WBxx_HAL_Driver/Inc/stm32wbxx_ll_rcc.h **** #if defined(SAI1)
 512:Drivers/STM32WBxx_HAL_Driver/Inc/stm32wbxx_ll_rcc.h **** #define LL_RCC_CLK48_CLKSOURCE_PLLSAI1     RCC_CCIPR_CLK48SEL_0  /*!< PLLSAI1 selected as CLK48 clo
 513:Drivers/STM32WBxx_HAL_Driver/Inc/stm32wbxx_ll_rcc.h **** #endif /* SAI1 */
 514:Drivers/STM32WBxx_HAL_Driver/Inc/stm32wbxx_ll_rcc.h **** #define LL_RCC_CLK48_CLKSOURCE_PLL         RCC_CCIPR_CLK48SEL_1  /*!< PLL selected as CLK48 clock  
 515:Drivers/STM32WBxx_HAL_Driver/Inc/stm32wbxx_ll_rcc.h **** #define LL_RCC_CLK48_CLKSOURCE_MSI         RCC_CCIPR_CLK48SEL    /*!< MSI selected as CLK48 clock  
 516:Drivers/STM32WBxx_HAL_Driver/Inc/stm32wbxx_ll_rcc.h **** /**
 517:Drivers/STM32WBxx_HAL_Driver/Inc/stm32wbxx_ll_rcc.h ****   * @}
 518:Drivers/STM32WBxx_HAL_Driver/Inc/stm32wbxx_ll_rcc.h ****   */
 519:Drivers/STM32WBxx_HAL_Driver/Inc/stm32wbxx_ll_rcc.h **** 
 520:Drivers/STM32WBxx_HAL_Driver/Inc/stm32wbxx_ll_rcc.h **** /** @defgroup RCC_LL_EC_USB_CLKSOURCE USB CLKSOURCE
 521:Drivers/STM32WBxx_HAL_Driver/Inc/stm32wbxx_ll_rcc.h ****   * @{
 522:Drivers/STM32WBxx_HAL_Driver/Inc/stm32wbxx_ll_rcc.h ****   */
 523:Drivers/STM32WBxx_HAL_Driver/Inc/stm32wbxx_ll_rcc.h **** #if defined(RCC_HSI48_SUPPORT)
 524:Drivers/STM32WBxx_HAL_Driver/Inc/stm32wbxx_ll_rcc.h **** #define LL_RCC_USB_CLKSOURCE_HSI48         LL_RCC_CLK48_CLKSOURCE_HSI48    /*!< HSI48 selected as U
 525:Drivers/STM32WBxx_HAL_Driver/Inc/stm32wbxx_ll_rcc.h **** #endif /* RCC_HSI48_SUPPORT */
 526:Drivers/STM32WBxx_HAL_Driver/Inc/stm32wbxx_ll_rcc.h **** #if defined(SAI1)
 527:Drivers/STM32WBxx_HAL_Driver/Inc/stm32wbxx_ll_rcc.h **** #define LL_RCC_USB_CLKSOURCE_PLLSAI1       LL_RCC_CLK48_CLKSOURCE_PLLSAI1  /*!< PLLSAI1 selected as
 528:Drivers/STM32WBxx_HAL_Driver/Inc/stm32wbxx_ll_rcc.h **** #endif /* SAI1 */
 529:Drivers/STM32WBxx_HAL_Driver/Inc/stm32wbxx_ll_rcc.h **** #define LL_RCC_USB_CLKSOURCE_PLL           LL_RCC_CLK48_CLKSOURCE_PLL      /*!< PLL selected as USB
 530:Drivers/STM32WBxx_HAL_Driver/Inc/stm32wbxx_ll_rcc.h **** #define LL_RCC_USB_CLKSOURCE_MSI           LL_RCC_CLK48_CLKSOURCE_MSI      /*!< MSI selected as USB
 531:Drivers/STM32WBxx_HAL_Driver/Inc/stm32wbxx_ll_rcc.h **** /**
 532:Drivers/STM32WBxx_HAL_Driver/Inc/stm32wbxx_ll_rcc.h ****   * @}
 533:Drivers/STM32WBxx_HAL_Driver/Inc/stm32wbxx_ll_rcc.h ****   */
 534:Drivers/STM32WBxx_HAL_Driver/Inc/stm32wbxx_ll_rcc.h **** 
 535:Drivers/STM32WBxx_HAL_Driver/Inc/stm32wbxx_ll_rcc.h **** /** @defgroup RCC_LL_EC_ADC_CLKSRC ADC CLKSRC
 536:Drivers/STM32WBxx_HAL_Driver/Inc/stm32wbxx_ll_rcc.h ****   * @{
 537:Drivers/STM32WBxx_HAL_Driver/Inc/stm32wbxx_ll_rcc.h ****   */
 538:Drivers/STM32WBxx_HAL_Driver/Inc/stm32wbxx_ll_rcc.h **** #define LL_RCC_ADC_CLKSOURCE_NONE             0x00000000U        /*!< no Clock used as ADC clock*/
 539:Drivers/STM32WBxx_HAL_Driver/Inc/stm32wbxx_ll_rcc.h **** #if defined(STM32WB55xx) || defined (STM32WB5Mxx) || defined (STM32WB35xx)
 540:Drivers/STM32WBxx_HAL_Driver/Inc/stm32wbxx_ll_rcc.h **** #define LL_RCC_ADC_CLKSOURCE_PLLSAI1          RCC_CCIPR_ADCSEL_0 /*!< PLLSAI1 selected as ADC clock
 541:Drivers/STM32WBxx_HAL_Driver/Inc/stm32wbxx_ll_rcc.h **** #elif defined (STM32WB15xx) || defined(STM32WB1Mxx)
 542:Drivers/STM32WBxx_HAL_Driver/Inc/stm32wbxx_ll_rcc.h **** #define LL_RCC_ADC_CLKSOURCE_HSI              RCC_CCIPR_ADCSEL_0 /*!< HSI selected as ADC clock    
ARM GAS  /var/folders/98/ctz5mtps7w71v8dr53cf5qg40000gn/T//ccdzqVkO.s 			page 47


 543:Drivers/STM32WBxx_HAL_Driver/Inc/stm32wbxx_ll_rcc.h **** #endif /* STM32WB55xx || STM32WB5Mxx || STM32WB35xx */
 544:Drivers/STM32WBxx_HAL_Driver/Inc/stm32wbxx_ll_rcc.h **** #define LL_RCC_ADC_CLKSOURCE_PLL              RCC_CCIPR_ADCSEL_1 /*!< PLL selected as ADC clock    
 545:Drivers/STM32WBxx_HAL_Driver/Inc/stm32wbxx_ll_rcc.h **** #define LL_RCC_ADC_CLKSOURCE_SYSCLK           RCC_CCIPR_ADCSEL   /*!< SYSCLK selected as ADC clock 
 546:Drivers/STM32WBxx_HAL_Driver/Inc/stm32wbxx_ll_rcc.h **** /**
 547:Drivers/STM32WBxx_HAL_Driver/Inc/stm32wbxx_ll_rcc.h ****   * @}
 548:Drivers/STM32WBxx_HAL_Driver/Inc/stm32wbxx_ll_rcc.h ****   */
 549:Drivers/STM32WBxx_HAL_Driver/Inc/stm32wbxx_ll_rcc.h **** 
 550:Drivers/STM32WBxx_HAL_Driver/Inc/stm32wbxx_ll_rcc.h **** /** @defgroup RCC_LL_EC_RNG_CLKSRC RNG CLKSRC
 551:Drivers/STM32WBxx_HAL_Driver/Inc/stm32wbxx_ll_rcc.h ****   * @{
 552:Drivers/STM32WBxx_HAL_Driver/Inc/stm32wbxx_ll_rcc.h ****   */
 553:Drivers/STM32WBxx_HAL_Driver/Inc/stm32wbxx_ll_rcc.h **** #define LL_RCC_RNG_CLKSOURCE_CLK48            0x00000000U        /*!< CLK48 divided by 3 selected a
 554:Drivers/STM32WBxx_HAL_Driver/Inc/stm32wbxx_ll_rcc.h **** #define LL_RCC_RNG_CLKSOURCE_LSI              RCC_CCIPR_RNGSEL_0 /*!< LSI selected as ADC clock    
 555:Drivers/STM32WBxx_HAL_Driver/Inc/stm32wbxx_ll_rcc.h **** #define LL_RCC_RNG_CLKSOURCE_LSE              RCC_CCIPR_RNGSEL_1 /*!< LSE selected as ADC clock    
 556:Drivers/STM32WBxx_HAL_Driver/Inc/stm32wbxx_ll_rcc.h **** /**
 557:Drivers/STM32WBxx_HAL_Driver/Inc/stm32wbxx_ll_rcc.h ****   * @}
 558:Drivers/STM32WBxx_HAL_Driver/Inc/stm32wbxx_ll_rcc.h ****   */
 559:Drivers/STM32WBxx_HAL_Driver/Inc/stm32wbxx_ll_rcc.h **** 
 560:Drivers/STM32WBxx_HAL_Driver/Inc/stm32wbxx_ll_rcc.h **** 
 561:Drivers/STM32WBxx_HAL_Driver/Inc/stm32wbxx_ll_rcc.h **** /** @defgroup RCC_LL_EC_USART1 USART1
 562:Drivers/STM32WBxx_HAL_Driver/Inc/stm32wbxx_ll_rcc.h ****   * @{
 563:Drivers/STM32WBxx_HAL_Driver/Inc/stm32wbxx_ll_rcc.h ****   */
 564:Drivers/STM32WBxx_HAL_Driver/Inc/stm32wbxx_ll_rcc.h **** #define LL_RCC_USART1_CLKSOURCE            RCC_CCIPR_USART1SEL   /*!< USART1 clock source selection
 565:Drivers/STM32WBxx_HAL_Driver/Inc/stm32wbxx_ll_rcc.h **** /**
 566:Drivers/STM32WBxx_HAL_Driver/Inc/stm32wbxx_ll_rcc.h ****   * @}
 567:Drivers/STM32WBxx_HAL_Driver/Inc/stm32wbxx_ll_rcc.h ****   */
 568:Drivers/STM32WBxx_HAL_Driver/Inc/stm32wbxx_ll_rcc.h **** 
 569:Drivers/STM32WBxx_HAL_Driver/Inc/stm32wbxx_ll_rcc.h **** #if defined(LPUART1)
 570:Drivers/STM32WBxx_HAL_Driver/Inc/stm32wbxx_ll_rcc.h **** /** @defgroup RCC_LL_EC_LPUART1 LPUART1
 571:Drivers/STM32WBxx_HAL_Driver/Inc/stm32wbxx_ll_rcc.h ****   * @{
 572:Drivers/STM32WBxx_HAL_Driver/Inc/stm32wbxx_ll_rcc.h ****   */
 573:Drivers/STM32WBxx_HAL_Driver/Inc/stm32wbxx_ll_rcc.h **** #define LL_RCC_LPUART1_CLKSOURCE           RCC_CCIPR_LPUART1SEL  /*!< LPUART1 clock source selectio
 574:Drivers/STM32WBxx_HAL_Driver/Inc/stm32wbxx_ll_rcc.h **** /**
 575:Drivers/STM32WBxx_HAL_Driver/Inc/stm32wbxx_ll_rcc.h ****   * @}
 576:Drivers/STM32WBxx_HAL_Driver/Inc/stm32wbxx_ll_rcc.h ****   */
 577:Drivers/STM32WBxx_HAL_Driver/Inc/stm32wbxx_ll_rcc.h **** #endif /* LPUART1 */
 578:Drivers/STM32WBxx_HAL_Driver/Inc/stm32wbxx_ll_rcc.h **** 
 579:Drivers/STM32WBxx_HAL_Driver/Inc/stm32wbxx_ll_rcc.h **** /** @defgroup RCC_LL_EC_I2C1 I2C1
 580:Drivers/STM32WBxx_HAL_Driver/Inc/stm32wbxx_ll_rcc.h ****   * @{
 581:Drivers/STM32WBxx_HAL_Driver/Inc/stm32wbxx_ll_rcc.h ****   */
 582:Drivers/STM32WBxx_HAL_Driver/Inc/stm32wbxx_ll_rcc.h **** #define LL_RCC_I2C1_CLKSOURCE              RCC_CCIPR_I2C1SEL    /*!< I2C1 clock source selection bi
 583:Drivers/STM32WBxx_HAL_Driver/Inc/stm32wbxx_ll_rcc.h **** #define LL_RCC_I2C3_CLKSOURCE              RCC_CCIPR_I2C3SEL    /*!< I2C3 clock source selection bi
 584:Drivers/STM32WBxx_HAL_Driver/Inc/stm32wbxx_ll_rcc.h **** /**
 585:Drivers/STM32WBxx_HAL_Driver/Inc/stm32wbxx_ll_rcc.h ****   * @}
 586:Drivers/STM32WBxx_HAL_Driver/Inc/stm32wbxx_ll_rcc.h ****   */
 587:Drivers/STM32WBxx_HAL_Driver/Inc/stm32wbxx_ll_rcc.h **** 
 588:Drivers/STM32WBxx_HAL_Driver/Inc/stm32wbxx_ll_rcc.h **** /** @defgroup RCC_LL_EC_LPTIM1 LPTIM1
 589:Drivers/STM32WBxx_HAL_Driver/Inc/stm32wbxx_ll_rcc.h ****   * @{
 590:Drivers/STM32WBxx_HAL_Driver/Inc/stm32wbxx_ll_rcc.h ****   */
 591:Drivers/STM32WBxx_HAL_Driver/Inc/stm32wbxx_ll_rcc.h **** #define LL_RCC_LPTIM1_CLKSOURCE            RCC_CCIPR_LPTIM1SEL  /*!< LPTIM1 clock source selection 
 592:Drivers/STM32WBxx_HAL_Driver/Inc/stm32wbxx_ll_rcc.h **** #define LL_RCC_LPTIM2_CLKSOURCE            RCC_CCIPR_LPTIM2SEL  /*!< LPTIM2 clock source selection 
 593:Drivers/STM32WBxx_HAL_Driver/Inc/stm32wbxx_ll_rcc.h **** /**
 594:Drivers/STM32WBxx_HAL_Driver/Inc/stm32wbxx_ll_rcc.h ****   * @}
 595:Drivers/STM32WBxx_HAL_Driver/Inc/stm32wbxx_ll_rcc.h ****   */
 596:Drivers/STM32WBxx_HAL_Driver/Inc/stm32wbxx_ll_rcc.h **** 
 597:Drivers/STM32WBxx_HAL_Driver/Inc/stm32wbxx_ll_rcc.h **** #if defined(SAI1)
 598:Drivers/STM32WBxx_HAL_Driver/Inc/stm32wbxx_ll_rcc.h **** /** @defgroup RCC_LL_EC_SAI1 SAI1
 599:Drivers/STM32WBxx_HAL_Driver/Inc/stm32wbxx_ll_rcc.h ****   * @{
ARM GAS  /var/folders/98/ctz5mtps7w71v8dr53cf5qg40000gn/T//ccdzqVkO.s 			page 48


 600:Drivers/STM32WBxx_HAL_Driver/Inc/stm32wbxx_ll_rcc.h ****   */
 601:Drivers/STM32WBxx_HAL_Driver/Inc/stm32wbxx_ll_rcc.h **** #define LL_RCC_SAI1_CLKSOURCE              RCC_CCIPR_SAI1SEL   /*!< SAI1 clock source selection bit
 602:Drivers/STM32WBxx_HAL_Driver/Inc/stm32wbxx_ll_rcc.h **** /**
 603:Drivers/STM32WBxx_HAL_Driver/Inc/stm32wbxx_ll_rcc.h ****   * @}
 604:Drivers/STM32WBxx_HAL_Driver/Inc/stm32wbxx_ll_rcc.h ****   */
 605:Drivers/STM32WBxx_HAL_Driver/Inc/stm32wbxx_ll_rcc.h **** #endif /* SAI1 */
 606:Drivers/STM32WBxx_HAL_Driver/Inc/stm32wbxx_ll_rcc.h **** 
 607:Drivers/STM32WBxx_HAL_Driver/Inc/stm32wbxx_ll_rcc.h **** /** @defgroup RCC_LL_EC_CLK48 CLK48
 608:Drivers/STM32WBxx_HAL_Driver/Inc/stm32wbxx_ll_rcc.h ****   * @{
 609:Drivers/STM32WBxx_HAL_Driver/Inc/stm32wbxx_ll_rcc.h ****   */
 610:Drivers/STM32WBxx_HAL_Driver/Inc/stm32wbxx_ll_rcc.h **** #define LL_RCC_CLK48_CLKSOURCE             RCC_CCIPR_CLK48SEL  /*!< CLK48 clock source selection bi
 611:Drivers/STM32WBxx_HAL_Driver/Inc/stm32wbxx_ll_rcc.h **** /**
 612:Drivers/STM32WBxx_HAL_Driver/Inc/stm32wbxx_ll_rcc.h ****   * @}
 613:Drivers/STM32WBxx_HAL_Driver/Inc/stm32wbxx_ll_rcc.h ****   */
 614:Drivers/STM32WBxx_HAL_Driver/Inc/stm32wbxx_ll_rcc.h **** 
 615:Drivers/STM32WBxx_HAL_Driver/Inc/stm32wbxx_ll_rcc.h **** /** @defgroup RCC_LL_EC_USB USB
 616:Drivers/STM32WBxx_HAL_Driver/Inc/stm32wbxx_ll_rcc.h ****   * @{
 617:Drivers/STM32WBxx_HAL_Driver/Inc/stm32wbxx_ll_rcc.h ****   */
 618:Drivers/STM32WBxx_HAL_Driver/Inc/stm32wbxx_ll_rcc.h **** #define LL_RCC_USB_CLKSOURCE               LL_RCC_CLK48_CLKSOURCE  /*!< USB clock source selection 
 619:Drivers/STM32WBxx_HAL_Driver/Inc/stm32wbxx_ll_rcc.h **** /**
 620:Drivers/STM32WBxx_HAL_Driver/Inc/stm32wbxx_ll_rcc.h ****   * @}
 621:Drivers/STM32WBxx_HAL_Driver/Inc/stm32wbxx_ll_rcc.h ****   */
 622:Drivers/STM32WBxx_HAL_Driver/Inc/stm32wbxx_ll_rcc.h **** 
 623:Drivers/STM32WBxx_HAL_Driver/Inc/stm32wbxx_ll_rcc.h **** /** @defgroup RCC_LL_EC_RNG RNG
 624:Drivers/STM32WBxx_HAL_Driver/Inc/stm32wbxx_ll_rcc.h ****   * @{
 625:Drivers/STM32WBxx_HAL_Driver/Inc/stm32wbxx_ll_rcc.h ****   */
 626:Drivers/STM32WBxx_HAL_Driver/Inc/stm32wbxx_ll_rcc.h **** #define LL_RCC_RNG_CLKSOURCE               RCC_CCIPR_RNGSEL  /*!< RNG clock source selection bits *
 627:Drivers/STM32WBxx_HAL_Driver/Inc/stm32wbxx_ll_rcc.h **** /**
 628:Drivers/STM32WBxx_HAL_Driver/Inc/stm32wbxx_ll_rcc.h ****   * @}
 629:Drivers/STM32WBxx_HAL_Driver/Inc/stm32wbxx_ll_rcc.h ****   */
 630:Drivers/STM32WBxx_HAL_Driver/Inc/stm32wbxx_ll_rcc.h **** 
 631:Drivers/STM32WBxx_HAL_Driver/Inc/stm32wbxx_ll_rcc.h **** /** @defgroup RCC_LL_EC_ADC ADC
 632:Drivers/STM32WBxx_HAL_Driver/Inc/stm32wbxx_ll_rcc.h ****   * @{
 633:Drivers/STM32WBxx_HAL_Driver/Inc/stm32wbxx_ll_rcc.h ****   */
 634:Drivers/STM32WBxx_HAL_Driver/Inc/stm32wbxx_ll_rcc.h **** #define LL_RCC_ADC_CLKSOURCE               RCC_CCIPR_ADCSEL   /*!< ADC clock source selection bits 
 635:Drivers/STM32WBxx_HAL_Driver/Inc/stm32wbxx_ll_rcc.h **** /**
 636:Drivers/STM32WBxx_HAL_Driver/Inc/stm32wbxx_ll_rcc.h ****   * @}
 637:Drivers/STM32WBxx_HAL_Driver/Inc/stm32wbxx_ll_rcc.h ****   */
 638:Drivers/STM32WBxx_HAL_Driver/Inc/stm32wbxx_ll_rcc.h **** 
 639:Drivers/STM32WBxx_HAL_Driver/Inc/stm32wbxx_ll_rcc.h **** 
 640:Drivers/STM32WBxx_HAL_Driver/Inc/stm32wbxx_ll_rcc.h **** /** @defgroup RCC_LL_EC_RTC_CLKSOURCE  RTC clock source selection
 641:Drivers/STM32WBxx_HAL_Driver/Inc/stm32wbxx_ll_rcc.h ****   * @{
 642:Drivers/STM32WBxx_HAL_Driver/Inc/stm32wbxx_ll_rcc.h ****   */
 643:Drivers/STM32WBxx_HAL_Driver/Inc/stm32wbxx_ll_rcc.h **** #define LL_RCC_RTC_CLKSOURCE_NONE          0x00000000U                   /*!< No clock used as RTC 
 644:Drivers/STM32WBxx_HAL_Driver/Inc/stm32wbxx_ll_rcc.h **** #define LL_RCC_RTC_CLKSOURCE_LSE           RCC_BDCR_RTCSEL_0             /*!< LSE oscillator clock 
 645:Drivers/STM32WBxx_HAL_Driver/Inc/stm32wbxx_ll_rcc.h **** #define LL_RCC_RTC_CLKSOURCE_LSI           RCC_BDCR_RTCSEL_1             /*!< LSI oscillator clock 
 646:Drivers/STM32WBxx_HAL_Driver/Inc/stm32wbxx_ll_rcc.h **** #define LL_RCC_RTC_CLKSOURCE_HSE_DIV32     RCC_BDCR_RTCSEL               /*!< HSE oscillator clock 
 647:Drivers/STM32WBxx_HAL_Driver/Inc/stm32wbxx_ll_rcc.h **** 
 648:Drivers/STM32WBxx_HAL_Driver/Inc/stm32wbxx_ll_rcc.h **** /**
 649:Drivers/STM32WBxx_HAL_Driver/Inc/stm32wbxx_ll_rcc.h ****   * @}
 650:Drivers/STM32WBxx_HAL_Driver/Inc/stm32wbxx_ll_rcc.h ****   */
 651:Drivers/STM32WBxx_HAL_Driver/Inc/stm32wbxx_ll_rcc.h **** 
 652:Drivers/STM32WBxx_HAL_Driver/Inc/stm32wbxx_ll_rcc.h **** /** @defgroup RCC_LL_EC_RFWKP_CLKSOURCE  RF Wakeup clock source selection
 653:Drivers/STM32WBxx_HAL_Driver/Inc/stm32wbxx_ll_rcc.h ****   * @{
 654:Drivers/STM32WBxx_HAL_Driver/Inc/stm32wbxx_ll_rcc.h ****   */
 655:Drivers/STM32WBxx_HAL_Driver/Inc/stm32wbxx_ll_rcc.h **** #define LL_RCC_RFWKP_CLKSOURCE_NONE          0x00000000U                 /*!< No clock used as RF W
 656:Drivers/STM32WBxx_HAL_Driver/Inc/stm32wbxx_ll_rcc.h **** #define LL_RCC_RFWKP_CLKSOURCE_LSE           RCC_CSR_RFWKPSEL_0          /*!< LSE oscillator clock 
ARM GAS  /var/folders/98/ctz5mtps7w71v8dr53cf5qg40000gn/T//ccdzqVkO.s 			page 49


 657:Drivers/STM32WBxx_HAL_Driver/Inc/stm32wbxx_ll_rcc.h **** #if defined(STM32WB15xx) || defined(STM32WB10xx)
 658:Drivers/STM32WBxx_HAL_Driver/Inc/stm32wbxx_ll_rcc.h **** #define LL_RCC_RFWKP_CLKSOURCE_LSI           RCC_CSR_RFWKPSEL_1          /*!< LSI oscillator clock 
 659:Drivers/STM32WBxx_HAL_Driver/Inc/stm32wbxx_ll_rcc.h **** #endif /* STM32WB15xx || STM32WB10xx */
 660:Drivers/STM32WBxx_HAL_Driver/Inc/stm32wbxx_ll_rcc.h **** #define LL_RCC_RFWKP_CLKSOURCE_HSE_DIV1024   RCC_CSR_RFWKPSEL            /*!< HSE oscillator clock 
 661:Drivers/STM32WBxx_HAL_Driver/Inc/stm32wbxx_ll_rcc.h **** 
 662:Drivers/STM32WBxx_HAL_Driver/Inc/stm32wbxx_ll_rcc.h **** /**
 663:Drivers/STM32WBxx_HAL_Driver/Inc/stm32wbxx_ll_rcc.h ****   * @}
 664:Drivers/STM32WBxx_HAL_Driver/Inc/stm32wbxx_ll_rcc.h ****   */
 665:Drivers/STM32WBxx_HAL_Driver/Inc/stm32wbxx_ll_rcc.h **** 
 666:Drivers/STM32WBxx_HAL_Driver/Inc/stm32wbxx_ll_rcc.h **** 
 667:Drivers/STM32WBxx_HAL_Driver/Inc/stm32wbxx_ll_rcc.h **** /** @defgroup RCC_LL_EC_PLLSOURCE  PLL and PLLSAI1 entry clock source
 668:Drivers/STM32WBxx_HAL_Driver/Inc/stm32wbxx_ll_rcc.h ****   * @{
 669:Drivers/STM32WBxx_HAL_Driver/Inc/stm32wbxx_ll_rcc.h ****   */
 670:Drivers/STM32WBxx_HAL_Driver/Inc/stm32wbxx_ll_rcc.h **** #define LL_RCC_PLLSOURCE_NONE              0x00000000U                                    /*!< No c
 671:Drivers/STM32WBxx_HAL_Driver/Inc/stm32wbxx_ll_rcc.h **** #define LL_RCC_PLLSOURCE_MSI               RCC_PLLCFGR_PLLSRC_0                           /*!< MSI 
 672:Drivers/STM32WBxx_HAL_Driver/Inc/stm32wbxx_ll_rcc.h **** #define LL_RCC_PLLSOURCE_HSI               RCC_PLLCFGR_PLLSRC_1                           /*!< HSI 
 673:Drivers/STM32WBxx_HAL_Driver/Inc/stm32wbxx_ll_rcc.h **** #define LL_RCC_PLLSOURCE_HSE               (RCC_PLLCFGR_PLLSRC_1 | RCC_PLLCFGR_PLLSRC_0)  /*!< HSE 
 674:Drivers/STM32WBxx_HAL_Driver/Inc/stm32wbxx_ll_rcc.h **** /**
 675:Drivers/STM32WBxx_HAL_Driver/Inc/stm32wbxx_ll_rcc.h ****   * @}
 676:Drivers/STM32WBxx_HAL_Driver/Inc/stm32wbxx_ll_rcc.h ****   */
 677:Drivers/STM32WBxx_HAL_Driver/Inc/stm32wbxx_ll_rcc.h **** 
 678:Drivers/STM32WBxx_HAL_Driver/Inc/stm32wbxx_ll_rcc.h **** /** @defgroup RCC_LL_EC_PLLM_DIV  PLL and PLLSAI1 division factor
 679:Drivers/STM32WBxx_HAL_Driver/Inc/stm32wbxx_ll_rcc.h ****   * @{
 680:Drivers/STM32WBxx_HAL_Driver/Inc/stm32wbxx_ll_rcc.h ****   */
 681:Drivers/STM32WBxx_HAL_Driver/Inc/stm32wbxx_ll_rcc.h **** #define LL_RCC_PLLM_DIV_1                  0x00000000U                                 /*!< PLL and
 682:Drivers/STM32WBxx_HAL_Driver/Inc/stm32wbxx_ll_rcc.h **** #define LL_RCC_PLLM_DIV_2                  (RCC_PLLCFGR_PLLM_0)                        /*!< PLL and
 683:Drivers/STM32WBxx_HAL_Driver/Inc/stm32wbxx_ll_rcc.h **** #define LL_RCC_PLLM_DIV_3                  (RCC_PLLCFGR_PLLM_1)                        /*!< PLL and
 684:Drivers/STM32WBxx_HAL_Driver/Inc/stm32wbxx_ll_rcc.h **** #define LL_RCC_PLLM_DIV_4                  ((RCC_PLLCFGR_PLLM_1 | RCC_PLLCFGR_PLLM_0)) /*!< PLL and
 685:Drivers/STM32WBxx_HAL_Driver/Inc/stm32wbxx_ll_rcc.h **** #define LL_RCC_PLLM_DIV_5                  (RCC_PLLCFGR_PLLM_2)                        /*!< PLL and
 686:Drivers/STM32WBxx_HAL_Driver/Inc/stm32wbxx_ll_rcc.h **** #define LL_RCC_PLLM_DIV_6                  ((RCC_PLLCFGR_PLLM_2 | RCC_PLLCFGR_PLLM_0)) /*!< PLL and
 687:Drivers/STM32WBxx_HAL_Driver/Inc/stm32wbxx_ll_rcc.h **** #define LL_RCC_PLLM_DIV_7                  ((RCC_PLLCFGR_PLLM_2 | RCC_PLLCFGR_PLLM_1)) /*!< PLL and
 688:Drivers/STM32WBxx_HAL_Driver/Inc/stm32wbxx_ll_rcc.h **** #define LL_RCC_PLLM_DIV_8                  (RCC_PLLCFGR_PLLM)                          /*!< PLL and
 689:Drivers/STM32WBxx_HAL_Driver/Inc/stm32wbxx_ll_rcc.h **** /**
 690:Drivers/STM32WBxx_HAL_Driver/Inc/stm32wbxx_ll_rcc.h ****   * @}
 691:Drivers/STM32WBxx_HAL_Driver/Inc/stm32wbxx_ll_rcc.h ****   */
 692:Drivers/STM32WBxx_HAL_Driver/Inc/stm32wbxx_ll_rcc.h **** 
 693:Drivers/STM32WBxx_HAL_Driver/Inc/stm32wbxx_ll_rcc.h **** /** @defgroup RCC_LL_EC_PLLR_DIV  PLL division factor (PLLR)
 694:Drivers/STM32WBxx_HAL_Driver/Inc/stm32wbxx_ll_rcc.h ****   * @{
 695:Drivers/STM32WBxx_HAL_Driver/Inc/stm32wbxx_ll_rcc.h ****   */
 696:Drivers/STM32WBxx_HAL_Driver/Inc/stm32wbxx_ll_rcc.h **** #define LL_RCC_PLLR_DIV_2                  (RCC_PLLCFGR_PLLR_0)                     /*!< Main PLL d
 697:Drivers/STM32WBxx_HAL_Driver/Inc/stm32wbxx_ll_rcc.h **** #define LL_RCC_PLLR_DIV_3                  (RCC_PLLCFGR_PLLR_1)                     /*!< Main PLL d
 698:Drivers/STM32WBxx_HAL_Driver/Inc/stm32wbxx_ll_rcc.h **** #define LL_RCC_PLLR_DIV_4                  (RCC_PLLCFGR_PLLR_1|RCC_PLLCFGR_PLLR_0)  /*!< Main PLL d
 699:Drivers/STM32WBxx_HAL_Driver/Inc/stm32wbxx_ll_rcc.h **** #define LL_RCC_PLLR_DIV_5                  (RCC_PLLCFGR_PLLR_2)                     /*!< Main PLL d
 700:Drivers/STM32WBxx_HAL_Driver/Inc/stm32wbxx_ll_rcc.h **** #define LL_RCC_PLLR_DIV_6                  (RCC_PLLCFGR_PLLR_2|RCC_PLLCFGR_PLLR_0)  /*!< Main PLL d
 701:Drivers/STM32WBxx_HAL_Driver/Inc/stm32wbxx_ll_rcc.h **** #define LL_RCC_PLLR_DIV_7                  (RCC_PLLCFGR_PLLR_2|RCC_PLLCFGR_PLLR_1)  /*!< Main PLL d
 702:Drivers/STM32WBxx_HAL_Driver/Inc/stm32wbxx_ll_rcc.h **** #define LL_RCC_PLLR_DIV_8                  (RCC_PLLCFGR_PLLR)                       /*!< Main PLL d
 703:Drivers/STM32WBxx_HAL_Driver/Inc/stm32wbxx_ll_rcc.h **** /**
 704:Drivers/STM32WBxx_HAL_Driver/Inc/stm32wbxx_ll_rcc.h ****   * @}
 705:Drivers/STM32WBxx_HAL_Driver/Inc/stm32wbxx_ll_rcc.h ****   */
 706:Drivers/STM32WBxx_HAL_Driver/Inc/stm32wbxx_ll_rcc.h **** 
 707:Drivers/STM32WBxx_HAL_Driver/Inc/stm32wbxx_ll_rcc.h **** /** @defgroup RCC_LL_EC_PLLP_DIV  PLL division factor (PLLP)
 708:Drivers/STM32WBxx_HAL_Driver/Inc/stm32wbxx_ll_rcc.h ****   * @{
 709:Drivers/STM32WBxx_HAL_Driver/Inc/stm32wbxx_ll_rcc.h ****   */
 710:Drivers/STM32WBxx_HAL_Driver/Inc/stm32wbxx_ll_rcc.h **** #define LL_RCC_PLLP_DIV_2                  (RCC_PLLCFGR_PLLP_0)                                    
 711:Drivers/STM32WBxx_HAL_Driver/Inc/stm32wbxx_ll_rcc.h **** #define LL_RCC_PLLP_DIV_3                  (RCC_PLLCFGR_PLLP_1)                                    
 712:Drivers/STM32WBxx_HAL_Driver/Inc/stm32wbxx_ll_rcc.h **** #define LL_RCC_PLLP_DIV_4                  (RCC_PLLCFGR_PLLP_0|RCC_PLLCFGR_PLLP_1)                 
 713:Drivers/STM32WBxx_HAL_Driver/Inc/stm32wbxx_ll_rcc.h **** #define LL_RCC_PLLP_DIV_5                  (RCC_PLLCFGR_PLLP_2)                                    
ARM GAS  /var/folders/98/ctz5mtps7w71v8dr53cf5qg40000gn/T//ccdzqVkO.s 			page 50


 714:Drivers/STM32WBxx_HAL_Driver/Inc/stm32wbxx_ll_rcc.h **** #define LL_RCC_PLLP_DIV_6                  (RCC_PLLCFGR_PLLP_0|RCC_PLLCFGR_PLLP_2)                 
 715:Drivers/STM32WBxx_HAL_Driver/Inc/stm32wbxx_ll_rcc.h **** #define LL_RCC_PLLP_DIV_7                  (RCC_PLLCFGR_PLLP_1|RCC_PLLCFGR_PLLP_2)                 
 716:Drivers/STM32WBxx_HAL_Driver/Inc/stm32wbxx_ll_rcc.h **** #define LL_RCC_PLLP_DIV_8                  (RCC_PLLCFGR_PLLP_0|RCC_PLLCFGR_PLLP_1|RCC_PLLCFGR_PLLP_
 717:Drivers/STM32WBxx_HAL_Driver/Inc/stm32wbxx_ll_rcc.h **** #define LL_RCC_PLLP_DIV_9                  (RCC_PLLCFGR_PLLP_3)                                    
 718:Drivers/STM32WBxx_HAL_Driver/Inc/stm32wbxx_ll_rcc.h **** #define LL_RCC_PLLP_DIV_10                 (RCC_PLLCFGR_PLLP_0|RCC_PLLCFGR_PLLP_3)                 
 719:Drivers/STM32WBxx_HAL_Driver/Inc/stm32wbxx_ll_rcc.h **** #define LL_RCC_PLLP_DIV_11                 (RCC_PLLCFGR_PLLP_1|RCC_PLLCFGR_PLLP_3)                 
 720:Drivers/STM32WBxx_HAL_Driver/Inc/stm32wbxx_ll_rcc.h **** #define LL_RCC_PLLP_DIV_12                 (RCC_PLLCFGR_PLLP_0|RCC_PLLCFGR_PLLP_1|RCC_PLLCFGR_PLLP_
 721:Drivers/STM32WBxx_HAL_Driver/Inc/stm32wbxx_ll_rcc.h **** #define LL_RCC_PLLP_DIV_13                 (RCC_PLLCFGR_PLLP_2|RCC_PLLCFGR_PLLP_3)                 
 722:Drivers/STM32WBxx_HAL_Driver/Inc/stm32wbxx_ll_rcc.h **** #define LL_RCC_PLLP_DIV_14                 (RCC_PLLCFGR_PLLP_0|RCC_PLLCFGR_PLLP_2|RCC_PLLCFGR_PLLP_
 723:Drivers/STM32WBxx_HAL_Driver/Inc/stm32wbxx_ll_rcc.h **** #define LL_RCC_PLLP_DIV_15                 (RCC_PLLCFGR_PLLP_1|RCC_PLLCFGR_PLLP_2|RCC_PLLCFGR_PLLP_
 724:Drivers/STM32WBxx_HAL_Driver/Inc/stm32wbxx_ll_rcc.h **** #define LL_RCC_PLLP_DIV_16                 (RCC_PLLCFGR_PLLP_0|RCC_PLLCFGR_PLLP_1|RCC_PLLCFGR_PLLP_
 725:Drivers/STM32WBxx_HAL_Driver/Inc/stm32wbxx_ll_rcc.h **** #define LL_RCC_PLLP_DIV_17                 (RCC_PLLCFGR_PLLP_4)                                    
 726:Drivers/STM32WBxx_HAL_Driver/Inc/stm32wbxx_ll_rcc.h **** #define LL_RCC_PLLP_DIV_18                 (RCC_PLLCFGR_PLLP_0|RCC_PLLCFGR_PLLP_4)                 
 727:Drivers/STM32WBxx_HAL_Driver/Inc/stm32wbxx_ll_rcc.h **** #define LL_RCC_PLLP_DIV_19                 (RCC_PLLCFGR_PLLP_1|RCC_PLLCFGR_PLLP_4)                 
 728:Drivers/STM32WBxx_HAL_Driver/Inc/stm32wbxx_ll_rcc.h **** #define LL_RCC_PLLP_DIV_20                 (RCC_PLLCFGR_PLLP_0|RCC_PLLCFGR_PLLP_1|RCC_PLLCFGR_PLLP_
 729:Drivers/STM32WBxx_HAL_Driver/Inc/stm32wbxx_ll_rcc.h **** #define LL_RCC_PLLP_DIV_21                 (RCC_PLLCFGR_PLLP_2|RCC_PLLCFGR_PLLP_4)                 
 730:Drivers/STM32WBxx_HAL_Driver/Inc/stm32wbxx_ll_rcc.h **** #define LL_RCC_PLLP_DIV_22                 (RCC_PLLCFGR_PLLP_0|RCC_PLLCFGR_PLLP_2|RCC_PLLCFGR_PLLP_
 731:Drivers/STM32WBxx_HAL_Driver/Inc/stm32wbxx_ll_rcc.h **** #define LL_RCC_PLLP_DIV_23                 (RCC_PLLCFGR_PLLP_1|RCC_PLLCFGR_PLLP_2|RCC_PLLCFGR_PLLP_
 732:Drivers/STM32WBxx_HAL_Driver/Inc/stm32wbxx_ll_rcc.h **** #define LL_RCC_PLLP_DIV_24                 (RCC_PLLCFGR_PLLP_0|RCC_PLLCFGR_PLLP_1|RCC_PLLCFGR_PLLP_
 733:Drivers/STM32WBxx_HAL_Driver/Inc/stm32wbxx_ll_rcc.h **** #define LL_RCC_PLLP_DIV_25                 (RCC_PLLCFGR_PLLP_3|RCC_PLLCFGR_PLLP_4)                 
 734:Drivers/STM32WBxx_HAL_Driver/Inc/stm32wbxx_ll_rcc.h **** #define LL_RCC_PLLP_DIV_26                 (RCC_PLLCFGR_PLLP_0|RCC_PLLCFGR_PLLP_3|RCC_PLLCFGR_PLLP_
 735:Drivers/STM32WBxx_HAL_Driver/Inc/stm32wbxx_ll_rcc.h **** #define LL_RCC_PLLP_DIV_27                 (RCC_PLLCFGR_PLLP_1|RCC_PLLCFGR_PLLP_3|RCC_PLLCFGR_PLLP_
 736:Drivers/STM32WBxx_HAL_Driver/Inc/stm32wbxx_ll_rcc.h **** #define LL_RCC_PLLP_DIV_28                 (RCC_PLLCFGR_PLLP_0|RCC_PLLCFGR_PLLP_1|RCC_PLLCFGR_PLLP_
 737:Drivers/STM32WBxx_HAL_Driver/Inc/stm32wbxx_ll_rcc.h **** #define LL_RCC_PLLP_DIV_29                 (RCC_PLLCFGR_PLLP_2|RCC_PLLCFGR_PLLP_3|RCC_PLLCFGR_PLLP_
 738:Drivers/STM32WBxx_HAL_Driver/Inc/stm32wbxx_ll_rcc.h **** #define LL_RCC_PLLP_DIV_30                 (RCC_PLLCFGR_PLLP_0|RCC_PLLCFGR_PLLP_2|RCC_PLLCFGR_PLLP_
 739:Drivers/STM32WBxx_HAL_Driver/Inc/stm32wbxx_ll_rcc.h **** #define LL_RCC_PLLP_DIV_31                 (RCC_PLLCFGR_PLLP_1|RCC_PLLCFGR_PLLP_2|RCC_PLLCFGR_PLLP_
 740:Drivers/STM32WBxx_HAL_Driver/Inc/stm32wbxx_ll_rcc.h **** #define LL_RCC_PLLP_DIV_32                 (RCC_PLLCFGR_PLLP_0|RCC_PLLCFGR_PLLP_1|RCC_PLLCFGR_PLLP_
 741:Drivers/STM32WBxx_HAL_Driver/Inc/stm32wbxx_ll_rcc.h **** /**
 742:Drivers/STM32WBxx_HAL_Driver/Inc/stm32wbxx_ll_rcc.h ****   * @}
 743:Drivers/STM32WBxx_HAL_Driver/Inc/stm32wbxx_ll_rcc.h ****   */
 744:Drivers/STM32WBxx_HAL_Driver/Inc/stm32wbxx_ll_rcc.h **** 
 745:Drivers/STM32WBxx_HAL_Driver/Inc/stm32wbxx_ll_rcc.h **** /** @defgroup RCC_LL_EC_PLLQ_DIV  PLL division factor (PLLQ)
 746:Drivers/STM32WBxx_HAL_Driver/Inc/stm32wbxx_ll_rcc.h ****   * @{
 747:Drivers/STM32WBxx_HAL_Driver/Inc/stm32wbxx_ll_rcc.h ****   */
 748:Drivers/STM32WBxx_HAL_Driver/Inc/stm32wbxx_ll_rcc.h **** #define LL_RCC_PLLQ_DIV_2                  (RCC_PLLCFGR_PLLQ_0)                    /*!< Main PLL di
 749:Drivers/STM32WBxx_HAL_Driver/Inc/stm32wbxx_ll_rcc.h **** #define LL_RCC_PLLQ_DIV_3                  (RCC_PLLCFGR_PLLQ_1)                    /*!< Main PLL di
 750:Drivers/STM32WBxx_HAL_Driver/Inc/stm32wbxx_ll_rcc.h **** #define LL_RCC_PLLQ_DIV_4                  (RCC_PLLCFGR_PLLQ_1|RCC_PLLCFGR_PLLQ_0) /*!< Main PLL di
 751:Drivers/STM32WBxx_HAL_Driver/Inc/stm32wbxx_ll_rcc.h **** #define LL_RCC_PLLQ_DIV_5                  (RCC_PLLCFGR_PLLQ_2)                    /*!< Main PLL di
 752:Drivers/STM32WBxx_HAL_Driver/Inc/stm32wbxx_ll_rcc.h **** #define LL_RCC_PLLQ_DIV_6                  (RCC_PLLCFGR_PLLQ_2|RCC_PLLCFGR_PLLQ_0) /*!< Main PLL di
 753:Drivers/STM32WBxx_HAL_Driver/Inc/stm32wbxx_ll_rcc.h **** #define LL_RCC_PLLQ_DIV_7                  (RCC_PLLCFGR_PLLQ_2|RCC_PLLCFGR_PLLQ_1) /*!< Main PLL di
 754:Drivers/STM32WBxx_HAL_Driver/Inc/stm32wbxx_ll_rcc.h **** #define LL_RCC_PLLQ_DIV_8                  (RCC_PLLCFGR_PLLQ)                      /*!< Main PLL di
 755:Drivers/STM32WBxx_HAL_Driver/Inc/stm32wbxx_ll_rcc.h **** /**
 756:Drivers/STM32WBxx_HAL_Driver/Inc/stm32wbxx_ll_rcc.h ****   * @}
 757:Drivers/STM32WBxx_HAL_Driver/Inc/stm32wbxx_ll_rcc.h ****   */
 758:Drivers/STM32WBxx_HAL_Driver/Inc/stm32wbxx_ll_rcc.h **** 
 759:Drivers/STM32WBxx_HAL_Driver/Inc/stm32wbxx_ll_rcc.h **** 
 760:Drivers/STM32WBxx_HAL_Driver/Inc/stm32wbxx_ll_rcc.h **** #if defined(SAI1)
 761:Drivers/STM32WBxx_HAL_Driver/Inc/stm32wbxx_ll_rcc.h **** /** @defgroup RCC_LL_EC_PLLSAI1Q  PLLSAI1 division factor (PLLQ)
 762:Drivers/STM32WBxx_HAL_Driver/Inc/stm32wbxx_ll_rcc.h ****   * @{
 763:Drivers/STM32WBxx_HAL_Driver/Inc/stm32wbxx_ll_rcc.h ****   */
 764:Drivers/STM32WBxx_HAL_Driver/Inc/stm32wbxx_ll_rcc.h **** #define LL_RCC_PLLSAI1Q_DIV_2              (RCC_PLLSAI1CFGR_PLLQ_0)                                
 765:Drivers/STM32WBxx_HAL_Driver/Inc/stm32wbxx_ll_rcc.h **** #define LL_RCC_PLLSAI1Q_DIV_3              (RCC_PLLSAI1CFGR_PLLQ_1)                                
 766:Drivers/STM32WBxx_HAL_Driver/Inc/stm32wbxx_ll_rcc.h **** #define LL_RCC_PLLSAI1Q_DIV_4              (RCC_PLLSAI1CFGR_PLLQ_1 | RCC_PLLSAI1CFGR_PLLQ_0)       
 767:Drivers/STM32WBxx_HAL_Driver/Inc/stm32wbxx_ll_rcc.h **** #define LL_RCC_PLLSAI1Q_DIV_5              (RCC_PLLSAI1CFGR_PLLQ_2)                                
 768:Drivers/STM32WBxx_HAL_Driver/Inc/stm32wbxx_ll_rcc.h **** #define LL_RCC_PLLSAI1Q_DIV_6              (RCC_PLLSAI1CFGR_PLLQ_2 | RCC_PLLSAI1CFGR_PLLQ_0)       
 769:Drivers/STM32WBxx_HAL_Driver/Inc/stm32wbxx_ll_rcc.h **** #define LL_RCC_PLLSAI1Q_DIV_7              (RCC_PLLSAI1CFGR_PLLQ_2 | RCC_PLLSAI1CFGR_PLLQ_1)       
 770:Drivers/STM32WBxx_HAL_Driver/Inc/stm32wbxx_ll_rcc.h **** #define LL_RCC_PLLSAI1Q_DIV_8              (RCC_PLLSAI1CFGR_PLLQ_2 | RCC_PLLSAI1CFGR_PLLQ_1 | RCC_P
ARM GAS  /var/folders/98/ctz5mtps7w71v8dr53cf5qg40000gn/T//ccdzqVkO.s 			page 51


 771:Drivers/STM32WBxx_HAL_Driver/Inc/stm32wbxx_ll_rcc.h **** /**
 772:Drivers/STM32WBxx_HAL_Driver/Inc/stm32wbxx_ll_rcc.h ****   * @}
 773:Drivers/STM32WBxx_HAL_Driver/Inc/stm32wbxx_ll_rcc.h ****   */
 774:Drivers/STM32WBxx_HAL_Driver/Inc/stm32wbxx_ll_rcc.h **** 
 775:Drivers/STM32WBxx_HAL_Driver/Inc/stm32wbxx_ll_rcc.h **** /** @defgroup RCC_LL_EC_PLLSAI1P  PLLSAI1 division factor (PLLP)
 776:Drivers/STM32WBxx_HAL_Driver/Inc/stm32wbxx_ll_rcc.h ****   * @{
 777:Drivers/STM32WBxx_HAL_Driver/Inc/stm32wbxx_ll_rcc.h ****   */
 778:Drivers/STM32WBxx_HAL_Driver/Inc/stm32wbxx_ll_rcc.h **** #define LL_RCC_PLLSAI1P_DIV_2                  (RCC_PLLSAI1CFGR_PLLP_0)                            
 779:Drivers/STM32WBxx_HAL_Driver/Inc/stm32wbxx_ll_rcc.h **** #define LL_RCC_PLLSAI1P_DIV_3                  (RCC_PLLSAI1CFGR_PLLP_1)                            
 780:Drivers/STM32WBxx_HAL_Driver/Inc/stm32wbxx_ll_rcc.h **** #define LL_RCC_PLLSAI1P_DIV_4                  (RCC_PLLSAI1CFGR_PLLP_0|RCC_PLLSAI1CFGR_PLLP_1)     
 781:Drivers/STM32WBxx_HAL_Driver/Inc/stm32wbxx_ll_rcc.h **** #define LL_RCC_PLLSAI1P_DIV_5                  (RCC_PLLSAI1CFGR_PLLP_2)                            
 782:Drivers/STM32WBxx_HAL_Driver/Inc/stm32wbxx_ll_rcc.h **** #define LL_RCC_PLLSAI1P_DIV_6                  (RCC_PLLSAI1CFGR_PLLP_0|RCC_PLLSAI1CFGR_PLLP_2)     
 783:Drivers/STM32WBxx_HAL_Driver/Inc/stm32wbxx_ll_rcc.h **** #define LL_RCC_PLLSAI1P_DIV_7                  (RCC_PLLSAI1CFGR_PLLP_1|RCC_PLLSAI1CFGR_PLLP_2)     
 784:Drivers/STM32WBxx_HAL_Driver/Inc/stm32wbxx_ll_rcc.h **** #define LL_RCC_PLLSAI1P_DIV_8                  (RCC_PLLSAI1CFGR_PLLP_0|RCC_PLLSAI1CFGR_PLLP_1|RCC_P
 785:Drivers/STM32WBxx_HAL_Driver/Inc/stm32wbxx_ll_rcc.h **** #define LL_RCC_PLLSAI1P_DIV_9                  (RCC_PLLSAI1CFGR_PLLP_3)                            
 786:Drivers/STM32WBxx_HAL_Driver/Inc/stm32wbxx_ll_rcc.h **** #define LL_RCC_PLLSAI1P_DIV_10                 (RCC_PLLSAI1CFGR_PLLP_0|RCC_PLLSAI1CFGR_PLLP_3)     
 787:Drivers/STM32WBxx_HAL_Driver/Inc/stm32wbxx_ll_rcc.h **** #define LL_RCC_PLLSAI1P_DIV_11                 (RCC_PLLSAI1CFGR_PLLP_1|RCC_PLLSAI1CFGR_PLLP_3)     
 788:Drivers/STM32WBxx_HAL_Driver/Inc/stm32wbxx_ll_rcc.h **** #define LL_RCC_PLLSAI1P_DIV_12                 (RCC_PLLSAI1CFGR_PLLP_0|RCC_PLLSAI1CFGR_PLLP_1|RCC_P
 789:Drivers/STM32WBxx_HAL_Driver/Inc/stm32wbxx_ll_rcc.h **** #define LL_RCC_PLLSAI1P_DIV_13                 (RCC_PLLSAI1CFGR_PLLP_2|RCC_PLLSAI1CFGR_PLLP_3)     
 790:Drivers/STM32WBxx_HAL_Driver/Inc/stm32wbxx_ll_rcc.h **** #define LL_RCC_PLLSAI1P_DIV_14                 (RCC_PLLSAI1CFGR_PLLP_0|RCC_PLLSAI1CFGR_PLLP_2|RCC_P
 791:Drivers/STM32WBxx_HAL_Driver/Inc/stm32wbxx_ll_rcc.h **** #define LL_RCC_PLLSAI1P_DIV_15                 (RCC_PLLSAI1CFGR_PLLP_1|RCC_PLLSAI1CFGR_PLLP_2|RCC_P
 792:Drivers/STM32WBxx_HAL_Driver/Inc/stm32wbxx_ll_rcc.h **** #define LL_RCC_PLLSAI1P_DIV_16                 (RCC_PLLSAI1CFGR_PLLP_0|RCC_PLLSAI1CFGR_PLLP_1|RCC_P
 793:Drivers/STM32WBxx_HAL_Driver/Inc/stm32wbxx_ll_rcc.h **** #define LL_RCC_PLLSAI1P_DIV_17                 (RCC_PLLSAI1CFGR_PLLP_4)                            
 794:Drivers/STM32WBxx_HAL_Driver/Inc/stm32wbxx_ll_rcc.h **** #define LL_RCC_PLLSAI1P_DIV_18                 (RCC_PLLSAI1CFGR_PLLP_0|RCC_PLLSAI1CFGR_PLLP_4)     
 795:Drivers/STM32WBxx_HAL_Driver/Inc/stm32wbxx_ll_rcc.h **** #define LL_RCC_PLLSAI1P_DIV_19                 (RCC_PLLSAI1CFGR_PLLP_1|RCC_PLLSAI1CFGR_PLLP_4)     
 796:Drivers/STM32WBxx_HAL_Driver/Inc/stm32wbxx_ll_rcc.h **** #define LL_RCC_PLLSAI1P_DIV_20                 (RCC_PLLSAI1CFGR_PLLP_0|RCC_PLLSAI1CFGR_PLLP_1|RCC_P
 797:Drivers/STM32WBxx_HAL_Driver/Inc/stm32wbxx_ll_rcc.h **** #define LL_RCC_PLLSAI1P_DIV_21                 (RCC_PLLSAI1CFGR_PLLP_2|RCC_PLLSAI1CFGR_PLLP_4)     
 798:Drivers/STM32WBxx_HAL_Driver/Inc/stm32wbxx_ll_rcc.h **** #define LL_RCC_PLLSAI1P_DIV_22                 (RCC_PLLSAI1CFGR_PLLP_0|RCC_PLLSAI1CFGR_PLLP_2|RCC_P
 799:Drivers/STM32WBxx_HAL_Driver/Inc/stm32wbxx_ll_rcc.h **** #define LL_RCC_PLLSAI1P_DIV_23                 (RCC_PLLSAI1CFGR_PLLP_1|RCC_PLLSAI1CFGR_PLLP_2|RCC_P
 800:Drivers/STM32WBxx_HAL_Driver/Inc/stm32wbxx_ll_rcc.h **** #define LL_RCC_PLLSAI1P_DIV_24                 (RCC_PLLSAI1CFGR_PLLP_0|RCC_PLLSAI1CFGR_PLLP_1|RCC_P
 801:Drivers/STM32WBxx_HAL_Driver/Inc/stm32wbxx_ll_rcc.h **** #define LL_RCC_PLLSAI1P_DIV_25                 (RCC_PLLSAI1CFGR_PLLP_3|RCC_PLLSAI1CFGR_PLLP_4)     
 802:Drivers/STM32WBxx_HAL_Driver/Inc/stm32wbxx_ll_rcc.h **** #define LL_RCC_PLLSAI1P_DIV_26                 (RCC_PLLSAI1CFGR_PLLP_0|RCC_PLLSAI1CFGR_PLLP_3|RCC_P
 803:Drivers/STM32WBxx_HAL_Driver/Inc/stm32wbxx_ll_rcc.h **** #define LL_RCC_PLLSAI1P_DIV_27                 (RCC_PLLSAI1CFGR_PLLP_1|RCC_PLLSAI1CFGR_PLLP_3|RCC_P
 804:Drivers/STM32WBxx_HAL_Driver/Inc/stm32wbxx_ll_rcc.h **** #define LL_RCC_PLLSAI1P_DIV_28                 (RCC_PLLSAI1CFGR_PLLP_0|RCC_PLLSAI1CFGR_PLLP_1|RCC_P
 805:Drivers/STM32WBxx_HAL_Driver/Inc/stm32wbxx_ll_rcc.h **** #define LL_RCC_PLLSAI1P_DIV_29                 (RCC_PLLSAI1CFGR_PLLP_2|RCC_PLLSAI1CFGR_PLLP_3|RCC_P
 806:Drivers/STM32WBxx_HAL_Driver/Inc/stm32wbxx_ll_rcc.h **** #define LL_RCC_PLLSAI1P_DIV_30                 (RCC_PLLSAI1CFGR_PLLP_0|RCC_PLLSAI1CFGR_PLLP_2|RCC_P
 807:Drivers/STM32WBxx_HAL_Driver/Inc/stm32wbxx_ll_rcc.h **** #define LL_RCC_PLLSAI1P_DIV_31                 (RCC_PLLSAI1CFGR_PLLP_1|RCC_PLLSAI1CFGR_PLLP_2|RCC_P
 808:Drivers/STM32WBxx_HAL_Driver/Inc/stm32wbxx_ll_rcc.h **** #define LL_RCC_PLLSAI1P_DIV_32                 (RCC_PLLSAI1CFGR_PLLP_0|RCC_PLLSAI1CFGR_PLLP_1|RCC_P
 809:Drivers/STM32WBxx_HAL_Driver/Inc/stm32wbxx_ll_rcc.h **** /**
 810:Drivers/STM32WBxx_HAL_Driver/Inc/stm32wbxx_ll_rcc.h ****   * @}
 811:Drivers/STM32WBxx_HAL_Driver/Inc/stm32wbxx_ll_rcc.h ****   */
 812:Drivers/STM32WBxx_HAL_Driver/Inc/stm32wbxx_ll_rcc.h **** 
 813:Drivers/STM32WBxx_HAL_Driver/Inc/stm32wbxx_ll_rcc.h **** /** @defgroup RCC_LL_EC_PLLSAI1R  PLLSAI1 division factor (PLLR)
 814:Drivers/STM32WBxx_HAL_Driver/Inc/stm32wbxx_ll_rcc.h ****   * @{
 815:Drivers/STM32WBxx_HAL_Driver/Inc/stm32wbxx_ll_rcc.h ****   */
 816:Drivers/STM32WBxx_HAL_Driver/Inc/stm32wbxx_ll_rcc.h **** #define LL_RCC_PLLSAI1R_DIV_2              (RCC_PLLSAI1CFGR_PLLR_0)                                
 817:Drivers/STM32WBxx_HAL_Driver/Inc/stm32wbxx_ll_rcc.h **** #define LL_RCC_PLLSAI1R_DIV_3              (RCC_PLLSAI1CFGR_PLLR_1)                                
 818:Drivers/STM32WBxx_HAL_Driver/Inc/stm32wbxx_ll_rcc.h **** #define LL_RCC_PLLSAI1R_DIV_4              (RCC_PLLSAI1CFGR_PLLR_1 | RCC_PLLSAI1CFGR_PLLR_0)       
 819:Drivers/STM32WBxx_HAL_Driver/Inc/stm32wbxx_ll_rcc.h **** #define LL_RCC_PLLSAI1R_DIV_5              (RCC_PLLSAI1CFGR_PLLR_2)                                
 820:Drivers/STM32WBxx_HAL_Driver/Inc/stm32wbxx_ll_rcc.h **** #define LL_RCC_PLLSAI1R_DIV_6              (RCC_PLLSAI1CFGR_PLLR_2 | RCC_PLLSAI1CFGR_PLLR_0)       
 821:Drivers/STM32WBxx_HAL_Driver/Inc/stm32wbxx_ll_rcc.h **** #define LL_RCC_PLLSAI1R_DIV_7              (RCC_PLLSAI1CFGR_PLLR_2 | RCC_PLLSAI1CFGR_PLLR_1)       
 822:Drivers/STM32WBxx_HAL_Driver/Inc/stm32wbxx_ll_rcc.h **** #define LL_RCC_PLLSAI1R_DIV_8              (RCC_PLLSAI1CFGR_PLLR_2 | RCC_PLLSAI1CFGR_PLLR_1 | RCC_P
 823:Drivers/STM32WBxx_HAL_Driver/Inc/stm32wbxx_ll_rcc.h **** /**
 824:Drivers/STM32WBxx_HAL_Driver/Inc/stm32wbxx_ll_rcc.h ****   * @}
 825:Drivers/STM32WBxx_HAL_Driver/Inc/stm32wbxx_ll_rcc.h ****   */
 826:Drivers/STM32WBxx_HAL_Driver/Inc/stm32wbxx_ll_rcc.h **** #endif /* SAI1 */
 827:Drivers/STM32WBxx_HAL_Driver/Inc/stm32wbxx_ll_rcc.h **** 
ARM GAS  /var/folders/98/ctz5mtps7w71v8dr53cf5qg40000gn/T//ccdzqVkO.s 			page 52


 828:Drivers/STM32WBxx_HAL_Driver/Inc/stm32wbxx_ll_rcc.h **** /**
 829:Drivers/STM32WBxx_HAL_Driver/Inc/stm32wbxx_ll_rcc.h ****   * @}
 830:Drivers/STM32WBxx_HAL_Driver/Inc/stm32wbxx_ll_rcc.h ****   */
 831:Drivers/STM32WBxx_HAL_Driver/Inc/stm32wbxx_ll_rcc.h **** 
 832:Drivers/STM32WBxx_HAL_Driver/Inc/stm32wbxx_ll_rcc.h **** /* Exported macro ------------------------------------------------------------*/
 833:Drivers/STM32WBxx_HAL_Driver/Inc/stm32wbxx_ll_rcc.h **** /** @defgroup RCC_LL_Exported_Macros RCC Exported Macros
 834:Drivers/STM32WBxx_HAL_Driver/Inc/stm32wbxx_ll_rcc.h ****   * @{
 835:Drivers/STM32WBxx_HAL_Driver/Inc/stm32wbxx_ll_rcc.h ****   */
 836:Drivers/STM32WBxx_HAL_Driver/Inc/stm32wbxx_ll_rcc.h **** 
 837:Drivers/STM32WBxx_HAL_Driver/Inc/stm32wbxx_ll_rcc.h **** /** @defgroup RCC_LL_EM_WRITE_READ Common Write and read registers Macros
 838:Drivers/STM32WBxx_HAL_Driver/Inc/stm32wbxx_ll_rcc.h ****   * @{
 839:Drivers/STM32WBxx_HAL_Driver/Inc/stm32wbxx_ll_rcc.h ****   */
 840:Drivers/STM32WBxx_HAL_Driver/Inc/stm32wbxx_ll_rcc.h **** 
 841:Drivers/STM32WBxx_HAL_Driver/Inc/stm32wbxx_ll_rcc.h **** /**
 842:Drivers/STM32WBxx_HAL_Driver/Inc/stm32wbxx_ll_rcc.h ****   * @brief  Write a value in RCC register
 843:Drivers/STM32WBxx_HAL_Driver/Inc/stm32wbxx_ll_rcc.h ****   * @param  __REG__ Register to be written
 844:Drivers/STM32WBxx_HAL_Driver/Inc/stm32wbxx_ll_rcc.h ****   * @param  __VALUE__ Value to be written in the register
 845:Drivers/STM32WBxx_HAL_Driver/Inc/stm32wbxx_ll_rcc.h ****   * @retval None
 846:Drivers/STM32WBxx_HAL_Driver/Inc/stm32wbxx_ll_rcc.h ****   */
 847:Drivers/STM32WBxx_HAL_Driver/Inc/stm32wbxx_ll_rcc.h **** #define LL_RCC_WriteReg(__REG__, __VALUE__) WRITE_REG(RCC->__REG__, (__VALUE__))
 848:Drivers/STM32WBxx_HAL_Driver/Inc/stm32wbxx_ll_rcc.h **** 
 849:Drivers/STM32WBxx_HAL_Driver/Inc/stm32wbxx_ll_rcc.h **** /**
 850:Drivers/STM32WBxx_HAL_Driver/Inc/stm32wbxx_ll_rcc.h ****   * @brief  Read a value in RCC register
 851:Drivers/STM32WBxx_HAL_Driver/Inc/stm32wbxx_ll_rcc.h ****   * @param  __REG__ Register to be read
 852:Drivers/STM32WBxx_HAL_Driver/Inc/stm32wbxx_ll_rcc.h ****   * @retval Register value
 853:Drivers/STM32WBxx_HAL_Driver/Inc/stm32wbxx_ll_rcc.h ****   */
 854:Drivers/STM32WBxx_HAL_Driver/Inc/stm32wbxx_ll_rcc.h **** #define LL_RCC_ReadReg(__REG__) READ_REG(RCC->__REG__)
 855:Drivers/STM32WBxx_HAL_Driver/Inc/stm32wbxx_ll_rcc.h **** /**
 856:Drivers/STM32WBxx_HAL_Driver/Inc/stm32wbxx_ll_rcc.h ****   * @}
 857:Drivers/STM32WBxx_HAL_Driver/Inc/stm32wbxx_ll_rcc.h ****   */
 858:Drivers/STM32WBxx_HAL_Driver/Inc/stm32wbxx_ll_rcc.h **** 
 859:Drivers/STM32WBxx_HAL_Driver/Inc/stm32wbxx_ll_rcc.h **** /** @defgroup RCC_LL_EM_CALC_FREQ Calculate frequencies
 860:Drivers/STM32WBxx_HAL_Driver/Inc/stm32wbxx_ll_rcc.h ****   * @{
 861:Drivers/STM32WBxx_HAL_Driver/Inc/stm32wbxx_ll_rcc.h ****   */
 862:Drivers/STM32WBxx_HAL_Driver/Inc/stm32wbxx_ll_rcc.h **** 
 863:Drivers/STM32WBxx_HAL_Driver/Inc/stm32wbxx_ll_rcc.h **** /**
 864:Drivers/STM32WBxx_HAL_Driver/Inc/stm32wbxx_ll_rcc.h ****   * @brief  Helper macro to calculate the PLLRCLK frequency on system domain
 865:Drivers/STM32WBxx_HAL_Driver/Inc/stm32wbxx_ll_rcc.h ****   * @note ex: @ref __LL_RCC_CALC_PLLCLK_FREQ (HSE_VALUE,@ref LL_RCC_PLL_GetDivider (),
 866:Drivers/STM32WBxx_HAL_Driver/Inc/stm32wbxx_ll_rcc.h ****   *             @ref LL_RCC_PLL_GetN (), @ref LL_RCC_PLL_GetR ());
 867:Drivers/STM32WBxx_HAL_Driver/Inc/stm32wbxx_ll_rcc.h ****   * @param  __INPUTFREQ__ PLL Input frequency (based on MSI/HSE/HSI)
 868:Drivers/STM32WBxx_HAL_Driver/Inc/stm32wbxx_ll_rcc.h ****   * @param  __PLLM__ This parameter can be one of the following values:
 869:Drivers/STM32WBxx_HAL_Driver/Inc/stm32wbxx_ll_rcc.h ****   *         @arg @ref LL_RCC_PLLM_DIV_1
 870:Drivers/STM32WBxx_HAL_Driver/Inc/stm32wbxx_ll_rcc.h ****   *         @arg @ref LL_RCC_PLLM_DIV_2
 871:Drivers/STM32WBxx_HAL_Driver/Inc/stm32wbxx_ll_rcc.h ****   *         @arg @ref LL_RCC_PLLM_DIV_3
 872:Drivers/STM32WBxx_HAL_Driver/Inc/stm32wbxx_ll_rcc.h ****   *         @arg @ref LL_RCC_PLLM_DIV_4
 873:Drivers/STM32WBxx_HAL_Driver/Inc/stm32wbxx_ll_rcc.h ****   *         @arg @ref LL_RCC_PLLM_DIV_5
 874:Drivers/STM32WBxx_HAL_Driver/Inc/stm32wbxx_ll_rcc.h ****   *         @arg @ref LL_RCC_PLLM_DIV_6
 875:Drivers/STM32WBxx_HAL_Driver/Inc/stm32wbxx_ll_rcc.h ****   *         @arg @ref LL_RCC_PLLM_DIV_7
 876:Drivers/STM32WBxx_HAL_Driver/Inc/stm32wbxx_ll_rcc.h ****   *         @arg @ref LL_RCC_PLLM_DIV_8
 877:Drivers/STM32WBxx_HAL_Driver/Inc/stm32wbxx_ll_rcc.h ****   * @param  __PLLN__ Between Min_Data = 6 and Max_Data = 127
 878:Drivers/STM32WBxx_HAL_Driver/Inc/stm32wbxx_ll_rcc.h ****   * @param  __PLLR__ This parameter can be one of the following values:
 879:Drivers/STM32WBxx_HAL_Driver/Inc/stm32wbxx_ll_rcc.h ****   *         @arg @ref LL_RCC_PLLR_DIV_2
 880:Drivers/STM32WBxx_HAL_Driver/Inc/stm32wbxx_ll_rcc.h ****   *         @arg @ref LL_RCC_PLLR_DIV_3
 881:Drivers/STM32WBxx_HAL_Driver/Inc/stm32wbxx_ll_rcc.h ****   *         @arg @ref LL_RCC_PLLR_DIV_4
 882:Drivers/STM32WBxx_HAL_Driver/Inc/stm32wbxx_ll_rcc.h ****   *         @arg @ref LL_RCC_PLLR_DIV_5
 883:Drivers/STM32WBxx_HAL_Driver/Inc/stm32wbxx_ll_rcc.h ****   *         @arg @ref LL_RCC_PLLR_DIV_6
 884:Drivers/STM32WBxx_HAL_Driver/Inc/stm32wbxx_ll_rcc.h ****   *         @arg @ref LL_RCC_PLLR_DIV_7
ARM GAS  /var/folders/98/ctz5mtps7w71v8dr53cf5qg40000gn/T//ccdzqVkO.s 			page 53


 885:Drivers/STM32WBxx_HAL_Driver/Inc/stm32wbxx_ll_rcc.h ****   *         @arg @ref LL_RCC_PLLR_DIV_8
 886:Drivers/STM32WBxx_HAL_Driver/Inc/stm32wbxx_ll_rcc.h ****   * @retval PLL clock frequency (in Hz)
 887:Drivers/STM32WBxx_HAL_Driver/Inc/stm32wbxx_ll_rcc.h ****   */
 888:Drivers/STM32WBxx_HAL_Driver/Inc/stm32wbxx_ll_rcc.h **** #define __LL_RCC_CALC_PLLCLK_FREQ(__INPUTFREQ__, __PLLM__, __PLLN__, __PLLR__) ((__INPUTFREQ__) * (
 889:Drivers/STM32WBxx_HAL_Driver/Inc/stm32wbxx_ll_rcc.h ****                                                                                 (((__PLLR__) >> RCC
 890:Drivers/STM32WBxx_HAL_Driver/Inc/stm32wbxx_ll_rcc.h **** 
 891:Drivers/STM32WBxx_HAL_Driver/Inc/stm32wbxx_ll_rcc.h **** #if defined(SAI1)
 892:Drivers/STM32WBxx_HAL_Driver/Inc/stm32wbxx_ll_rcc.h **** /**
 893:Drivers/STM32WBxx_HAL_Driver/Inc/stm32wbxx_ll_rcc.h ****   * @brief  Helper macro to calculate the PLLPCLK frequency used on SAI domain
 894:Drivers/STM32WBxx_HAL_Driver/Inc/stm32wbxx_ll_rcc.h ****   * @note ex: @ref __LL_RCC_CALC_PLLCLK_SAI_FREQ (HSE_VALUE,@ref LL_RCC_PLL_GetDivider (),
 895:Drivers/STM32WBxx_HAL_Driver/Inc/stm32wbxx_ll_rcc.h ****   *             @ref LL_RCC_PLL_GetN (), @ref LL_RCC_PLL_GetP ());
 896:Drivers/STM32WBxx_HAL_Driver/Inc/stm32wbxx_ll_rcc.h ****   * @param  __INPUTFREQ__ PLL Input frequency (based on MSI/HSE/HSI)
 897:Drivers/STM32WBxx_HAL_Driver/Inc/stm32wbxx_ll_rcc.h ****   * @param  __PLLM__ This parameter can be one of the following values:
 898:Drivers/STM32WBxx_HAL_Driver/Inc/stm32wbxx_ll_rcc.h ****   *         @arg @ref LL_RCC_PLLM_DIV_1
 899:Drivers/STM32WBxx_HAL_Driver/Inc/stm32wbxx_ll_rcc.h ****   *         @arg @ref LL_RCC_PLLM_DIV_2
 900:Drivers/STM32WBxx_HAL_Driver/Inc/stm32wbxx_ll_rcc.h ****   *         @arg @ref LL_RCC_PLLM_DIV_3
 901:Drivers/STM32WBxx_HAL_Driver/Inc/stm32wbxx_ll_rcc.h ****   *         @arg @ref LL_RCC_PLLM_DIV_4
 902:Drivers/STM32WBxx_HAL_Driver/Inc/stm32wbxx_ll_rcc.h ****   *         @arg @ref LL_RCC_PLLM_DIV_5
 903:Drivers/STM32WBxx_HAL_Driver/Inc/stm32wbxx_ll_rcc.h ****   *         @arg @ref LL_RCC_PLLM_DIV_6
 904:Drivers/STM32WBxx_HAL_Driver/Inc/stm32wbxx_ll_rcc.h ****   *         @arg @ref LL_RCC_PLLM_DIV_7
 905:Drivers/STM32WBxx_HAL_Driver/Inc/stm32wbxx_ll_rcc.h ****   *         @arg @ref LL_RCC_PLLM_DIV_8
 906:Drivers/STM32WBxx_HAL_Driver/Inc/stm32wbxx_ll_rcc.h ****   * @param  __PLLN__ Between Min_Data = 6 and Max_Data = 127
 907:Drivers/STM32WBxx_HAL_Driver/Inc/stm32wbxx_ll_rcc.h ****   * @param  __PLLP__ This parameter can be one of the following values:
 908:Drivers/STM32WBxx_HAL_Driver/Inc/stm32wbxx_ll_rcc.h ****   *         @arg @ref LL_RCC_PLLP_DIV_2
 909:Drivers/STM32WBxx_HAL_Driver/Inc/stm32wbxx_ll_rcc.h ****   *         @arg @ref LL_RCC_PLLP_DIV_3
 910:Drivers/STM32WBxx_HAL_Driver/Inc/stm32wbxx_ll_rcc.h ****   *         @arg @ref LL_RCC_PLLP_DIV_4
 911:Drivers/STM32WBxx_HAL_Driver/Inc/stm32wbxx_ll_rcc.h ****   *         @arg @ref LL_RCC_PLLP_DIV_5
 912:Drivers/STM32WBxx_HAL_Driver/Inc/stm32wbxx_ll_rcc.h ****   *         @arg @ref LL_RCC_PLLP_DIV_6
 913:Drivers/STM32WBxx_HAL_Driver/Inc/stm32wbxx_ll_rcc.h ****   *         @arg @ref LL_RCC_PLLP_DIV_7
 914:Drivers/STM32WBxx_HAL_Driver/Inc/stm32wbxx_ll_rcc.h ****   *         @arg @ref LL_RCC_PLLP_DIV_8
 915:Drivers/STM32WBxx_HAL_Driver/Inc/stm32wbxx_ll_rcc.h ****   *         @arg @ref LL_RCC_PLLP_DIV_9
 916:Drivers/STM32WBxx_HAL_Driver/Inc/stm32wbxx_ll_rcc.h ****   *         @arg @ref LL_RCC_PLLP_DIV_10
 917:Drivers/STM32WBxx_HAL_Driver/Inc/stm32wbxx_ll_rcc.h ****   *         @arg @ref LL_RCC_PLLP_DIV_11
 918:Drivers/STM32WBxx_HAL_Driver/Inc/stm32wbxx_ll_rcc.h ****   *         @arg @ref LL_RCC_PLLP_DIV_12
 919:Drivers/STM32WBxx_HAL_Driver/Inc/stm32wbxx_ll_rcc.h ****   *         @arg @ref LL_RCC_PLLP_DIV_13
 920:Drivers/STM32WBxx_HAL_Driver/Inc/stm32wbxx_ll_rcc.h ****   *         @arg @ref LL_RCC_PLLP_DIV_14
 921:Drivers/STM32WBxx_HAL_Driver/Inc/stm32wbxx_ll_rcc.h ****   *         @arg @ref LL_RCC_PLLP_DIV_15
 922:Drivers/STM32WBxx_HAL_Driver/Inc/stm32wbxx_ll_rcc.h ****   *         @arg @ref LL_RCC_PLLP_DIV_16
 923:Drivers/STM32WBxx_HAL_Driver/Inc/stm32wbxx_ll_rcc.h ****   *         @arg @ref LL_RCC_PLLP_DIV_17
 924:Drivers/STM32WBxx_HAL_Driver/Inc/stm32wbxx_ll_rcc.h ****   *         @arg @ref LL_RCC_PLLP_DIV_18
 925:Drivers/STM32WBxx_HAL_Driver/Inc/stm32wbxx_ll_rcc.h ****   *         @arg @ref LL_RCC_PLLP_DIV_19
 926:Drivers/STM32WBxx_HAL_Driver/Inc/stm32wbxx_ll_rcc.h ****   *         @arg @ref LL_RCC_PLLP_DIV_20
 927:Drivers/STM32WBxx_HAL_Driver/Inc/stm32wbxx_ll_rcc.h ****   *         @arg @ref LL_RCC_PLLP_DIV_21
 928:Drivers/STM32WBxx_HAL_Driver/Inc/stm32wbxx_ll_rcc.h ****   *         @arg @ref LL_RCC_PLLP_DIV_22
 929:Drivers/STM32WBxx_HAL_Driver/Inc/stm32wbxx_ll_rcc.h ****   *         @arg @ref LL_RCC_PLLP_DIV_23
 930:Drivers/STM32WBxx_HAL_Driver/Inc/stm32wbxx_ll_rcc.h ****   *         @arg @ref LL_RCC_PLLP_DIV_24
 931:Drivers/STM32WBxx_HAL_Driver/Inc/stm32wbxx_ll_rcc.h ****   *         @arg @ref LL_RCC_PLLP_DIV_25
 932:Drivers/STM32WBxx_HAL_Driver/Inc/stm32wbxx_ll_rcc.h ****   *         @arg @ref LL_RCC_PLLP_DIV_26
 933:Drivers/STM32WBxx_HAL_Driver/Inc/stm32wbxx_ll_rcc.h ****   *         @arg @ref LL_RCC_PLLP_DIV_27
 934:Drivers/STM32WBxx_HAL_Driver/Inc/stm32wbxx_ll_rcc.h ****   *         @arg @ref LL_RCC_PLLP_DIV_28
 935:Drivers/STM32WBxx_HAL_Driver/Inc/stm32wbxx_ll_rcc.h ****   *         @arg @ref LL_RCC_PLLP_DIV_29
 936:Drivers/STM32WBxx_HAL_Driver/Inc/stm32wbxx_ll_rcc.h ****   *         @arg @ref LL_RCC_PLLP_DIV_30
 937:Drivers/STM32WBxx_HAL_Driver/Inc/stm32wbxx_ll_rcc.h ****   *         @arg @ref LL_RCC_PLLP_DIV_31
 938:Drivers/STM32WBxx_HAL_Driver/Inc/stm32wbxx_ll_rcc.h ****   * @retval PLL clock frequency (in Hz)
 939:Drivers/STM32WBxx_HAL_Driver/Inc/stm32wbxx_ll_rcc.h ****   */
 940:Drivers/STM32WBxx_HAL_Driver/Inc/stm32wbxx_ll_rcc.h **** #define __LL_RCC_CALC_PLLCLK_SAI_FREQ(__INPUTFREQ__, __PLLM__, __PLLN__, __PLLP__) ((__INPUTFREQ__)
 941:Drivers/STM32WBxx_HAL_Driver/Inc/stm32wbxx_ll_rcc.h ****     (((__PLLP__) >> RCC_PLLCFGR_PLLP_Pos) + 1U))
ARM GAS  /var/folders/98/ctz5mtps7w71v8dr53cf5qg40000gn/T//ccdzqVkO.s 			page 54


 942:Drivers/STM32WBxx_HAL_Driver/Inc/stm32wbxx_ll_rcc.h **** #endif /* SAI1 */
 943:Drivers/STM32WBxx_HAL_Driver/Inc/stm32wbxx_ll_rcc.h **** 
 944:Drivers/STM32WBxx_HAL_Driver/Inc/stm32wbxx_ll_rcc.h **** /**
 945:Drivers/STM32WBxx_HAL_Driver/Inc/stm32wbxx_ll_rcc.h ****   * @brief  Helper macro to calculate the PLLPCLK frequency used on ADC domain
 946:Drivers/STM32WBxx_HAL_Driver/Inc/stm32wbxx_ll_rcc.h ****   * @note ex: @ref __LL_RCC_CALC_PLLCLK_ADC_FREQ (HSE_VALUE,@ref LL_RCC_PLL_GetDivider (),
 947:Drivers/STM32WBxx_HAL_Driver/Inc/stm32wbxx_ll_rcc.h ****   *             @ref LL_RCC_PLL_GetN (), @ref LL_RCC_PLL_GetP ());
 948:Drivers/STM32WBxx_HAL_Driver/Inc/stm32wbxx_ll_rcc.h ****   * @param  __INPUTFREQ__ PLL Input frequency (based on MSI/HSE/HSI)
 949:Drivers/STM32WBxx_HAL_Driver/Inc/stm32wbxx_ll_rcc.h ****   * @param  __PLLM__ This parameter can be one of the following values:
 950:Drivers/STM32WBxx_HAL_Driver/Inc/stm32wbxx_ll_rcc.h ****   *         @arg @ref LL_RCC_PLLM_DIV_1
 951:Drivers/STM32WBxx_HAL_Driver/Inc/stm32wbxx_ll_rcc.h ****   *         @arg @ref LL_RCC_PLLM_DIV_2
 952:Drivers/STM32WBxx_HAL_Driver/Inc/stm32wbxx_ll_rcc.h ****   *         @arg @ref LL_RCC_PLLM_DIV_3
 953:Drivers/STM32WBxx_HAL_Driver/Inc/stm32wbxx_ll_rcc.h ****   *         @arg @ref LL_RCC_PLLM_DIV_4
 954:Drivers/STM32WBxx_HAL_Driver/Inc/stm32wbxx_ll_rcc.h ****   *         @arg @ref LL_RCC_PLLM_DIV_5
 955:Drivers/STM32WBxx_HAL_Driver/Inc/stm32wbxx_ll_rcc.h ****   *         @arg @ref LL_RCC_PLLM_DIV_6
 956:Drivers/STM32WBxx_HAL_Driver/Inc/stm32wbxx_ll_rcc.h ****   *         @arg @ref LL_RCC_PLLM_DIV_7
 957:Drivers/STM32WBxx_HAL_Driver/Inc/stm32wbxx_ll_rcc.h ****   *         @arg @ref LL_RCC_PLLM_DIV_8
 958:Drivers/STM32WBxx_HAL_Driver/Inc/stm32wbxx_ll_rcc.h ****   * @param  __PLLN__ Between Min_Data = 6 and Max_Data = 127
 959:Drivers/STM32WBxx_HAL_Driver/Inc/stm32wbxx_ll_rcc.h ****   * @param  __PLLP__ This parameter can be one of the following values:
 960:Drivers/STM32WBxx_HAL_Driver/Inc/stm32wbxx_ll_rcc.h ****   *         @arg @ref LL_RCC_PLLP_DIV_2
 961:Drivers/STM32WBxx_HAL_Driver/Inc/stm32wbxx_ll_rcc.h ****   *         @arg @ref LL_RCC_PLLP_DIV_3
 962:Drivers/STM32WBxx_HAL_Driver/Inc/stm32wbxx_ll_rcc.h ****   *         @arg @ref LL_RCC_PLLP_DIV_4
 963:Drivers/STM32WBxx_HAL_Driver/Inc/stm32wbxx_ll_rcc.h ****   *         @arg @ref LL_RCC_PLLP_DIV_5
 964:Drivers/STM32WBxx_HAL_Driver/Inc/stm32wbxx_ll_rcc.h ****   *         @arg @ref LL_RCC_PLLP_DIV_6
 965:Drivers/STM32WBxx_HAL_Driver/Inc/stm32wbxx_ll_rcc.h ****   *         @arg @ref LL_RCC_PLLP_DIV_7
 966:Drivers/STM32WBxx_HAL_Driver/Inc/stm32wbxx_ll_rcc.h ****   *         @arg @ref LL_RCC_PLLP_DIV_8
 967:Drivers/STM32WBxx_HAL_Driver/Inc/stm32wbxx_ll_rcc.h ****   *         @arg @ref LL_RCC_PLLP_DIV_9
 968:Drivers/STM32WBxx_HAL_Driver/Inc/stm32wbxx_ll_rcc.h ****   *         @arg @ref LL_RCC_PLLP_DIV_10
 969:Drivers/STM32WBxx_HAL_Driver/Inc/stm32wbxx_ll_rcc.h ****   *         @arg @ref LL_RCC_PLLP_DIV_11
 970:Drivers/STM32WBxx_HAL_Driver/Inc/stm32wbxx_ll_rcc.h ****   *         @arg @ref LL_RCC_PLLP_DIV_12
 971:Drivers/STM32WBxx_HAL_Driver/Inc/stm32wbxx_ll_rcc.h ****   *         @arg @ref LL_RCC_PLLP_DIV_13
 972:Drivers/STM32WBxx_HAL_Driver/Inc/stm32wbxx_ll_rcc.h ****   *         @arg @ref LL_RCC_PLLP_DIV_14
 973:Drivers/STM32WBxx_HAL_Driver/Inc/stm32wbxx_ll_rcc.h ****   *         @arg @ref LL_RCC_PLLP_DIV_15
 974:Drivers/STM32WBxx_HAL_Driver/Inc/stm32wbxx_ll_rcc.h ****   *         @arg @ref LL_RCC_PLLP_DIV_16
 975:Drivers/STM32WBxx_HAL_Driver/Inc/stm32wbxx_ll_rcc.h ****   *         @arg @ref LL_RCC_PLLP_DIV_17
 976:Drivers/STM32WBxx_HAL_Driver/Inc/stm32wbxx_ll_rcc.h ****   *         @arg @ref LL_RCC_PLLP_DIV_18
 977:Drivers/STM32WBxx_HAL_Driver/Inc/stm32wbxx_ll_rcc.h ****   *         @arg @ref LL_RCC_PLLP_DIV_19
 978:Drivers/STM32WBxx_HAL_Driver/Inc/stm32wbxx_ll_rcc.h ****   *         @arg @ref LL_RCC_PLLP_DIV_20
 979:Drivers/STM32WBxx_HAL_Driver/Inc/stm32wbxx_ll_rcc.h ****   *         @arg @ref LL_RCC_PLLP_DIV_21
 980:Drivers/STM32WBxx_HAL_Driver/Inc/stm32wbxx_ll_rcc.h ****   *         @arg @ref LL_RCC_PLLP_DIV_22
 981:Drivers/STM32WBxx_HAL_Driver/Inc/stm32wbxx_ll_rcc.h ****   *         @arg @ref LL_RCC_PLLP_DIV_23
 982:Drivers/STM32WBxx_HAL_Driver/Inc/stm32wbxx_ll_rcc.h ****   *         @arg @ref LL_RCC_PLLP_DIV_24
 983:Drivers/STM32WBxx_HAL_Driver/Inc/stm32wbxx_ll_rcc.h ****   *         @arg @ref LL_RCC_PLLP_DIV_25
 984:Drivers/STM32WBxx_HAL_Driver/Inc/stm32wbxx_ll_rcc.h ****   *         @arg @ref LL_RCC_PLLP_DIV_26
 985:Drivers/STM32WBxx_HAL_Driver/Inc/stm32wbxx_ll_rcc.h ****   *         @arg @ref LL_RCC_PLLP_DIV_27
 986:Drivers/STM32WBxx_HAL_Driver/Inc/stm32wbxx_ll_rcc.h ****   *         @arg @ref LL_RCC_PLLP_DIV_28
 987:Drivers/STM32WBxx_HAL_Driver/Inc/stm32wbxx_ll_rcc.h ****   *         @arg @ref LL_RCC_PLLP_DIV_29
 988:Drivers/STM32WBxx_HAL_Driver/Inc/stm32wbxx_ll_rcc.h ****   *         @arg @ref LL_RCC_PLLP_DIV_30
 989:Drivers/STM32WBxx_HAL_Driver/Inc/stm32wbxx_ll_rcc.h ****   *         @arg @ref LL_RCC_PLLP_DIV_31
 990:Drivers/STM32WBxx_HAL_Driver/Inc/stm32wbxx_ll_rcc.h ****   *         @arg @ref LL_RCC_PLLP_DIV_32
 991:Drivers/STM32WBxx_HAL_Driver/Inc/stm32wbxx_ll_rcc.h ****   * @retval PLL clock frequency (in Hz)
 992:Drivers/STM32WBxx_HAL_Driver/Inc/stm32wbxx_ll_rcc.h ****   */
 993:Drivers/STM32WBxx_HAL_Driver/Inc/stm32wbxx_ll_rcc.h **** #define __LL_RCC_CALC_PLLCLK_ADC_FREQ(__INPUTFREQ__, __PLLM__, __PLLN__, __PLLP__) ((__INPUTFREQ__)
 994:Drivers/STM32WBxx_HAL_Driver/Inc/stm32wbxx_ll_rcc.h ****     (((__PLLP__) >> RCC_PLLCFGR_PLLP_Pos) + 1U))
 995:Drivers/STM32WBxx_HAL_Driver/Inc/stm32wbxx_ll_rcc.h **** 
 996:Drivers/STM32WBxx_HAL_Driver/Inc/stm32wbxx_ll_rcc.h **** 
 997:Drivers/STM32WBxx_HAL_Driver/Inc/stm32wbxx_ll_rcc.h **** /**
 998:Drivers/STM32WBxx_HAL_Driver/Inc/stm32wbxx_ll_rcc.h ****   * @brief  Helper macro to calculate the PLLQCLK frequency used on 48M domain
ARM GAS  /var/folders/98/ctz5mtps7w71v8dr53cf5qg40000gn/T//ccdzqVkO.s 			page 55


 999:Drivers/STM32WBxx_HAL_Driver/Inc/stm32wbxx_ll_rcc.h ****   * @note ex: @ref __LL_RCC_CALC_PLLCLK_48M_FREQ (HSE_VALUE,@ref LL_RCC_PLL_GetDivider (),
1000:Drivers/STM32WBxx_HAL_Driver/Inc/stm32wbxx_ll_rcc.h ****   *             @ref LL_RCC_PLL_GetN (), @ref LL_RCC_PLL_GetQ ());
1001:Drivers/STM32WBxx_HAL_Driver/Inc/stm32wbxx_ll_rcc.h ****   * @param  __INPUTFREQ__ PLL Input frequency (based on MSI/HSE/HSI)
1002:Drivers/STM32WBxx_HAL_Driver/Inc/stm32wbxx_ll_rcc.h ****   * @param  __PLLM__ This parameter can be one of the following values:
1003:Drivers/STM32WBxx_HAL_Driver/Inc/stm32wbxx_ll_rcc.h ****   *         @arg @ref LL_RCC_PLLM_DIV_1
1004:Drivers/STM32WBxx_HAL_Driver/Inc/stm32wbxx_ll_rcc.h ****   *         @arg @ref LL_RCC_PLLM_DIV_2
1005:Drivers/STM32WBxx_HAL_Driver/Inc/stm32wbxx_ll_rcc.h ****   *         @arg @ref LL_RCC_PLLM_DIV_3
1006:Drivers/STM32WBxx_HAL_Driver/Inc/stm32wbxx_ll_rcc.h ****   *         @arg @ref LL_RCC_PLLM_DIV_4
1007:Drivers/STM32WBxx_HAL_Driver/Inc/stm32wbxx_ll_rcc.h ****   *         @arg @ref LL_RCC_PLLM_DIV_5
1008:Drivers/STM32WBxx_HAL_Driver/Inc/stm32wbxx_ll_rcc.h ****   *         @arg @ref LL_RCC_PLLM_DIV_6
1009:Drivers/STM32WBxx_HAL_Driver/Inc/stm32wbxx_ll_rcc.h ****   *         @arg @ref LL_RCC_PLLM_DIV_7
1010:Drivers/STM32WBxx_HAL_Driver/Inc/stm32wbxx_ll_rcc.h ****   *         @arg @ref LL_RCC_PLLM_DIV_8
1011:Drivers/STM32WBxx_HAL_Driver/Inc/stm32wbxx_ll_rcc.h ****   * @param  __PLLN__ Between Min_Data = 6 and Max_Data = 127
1012:Drivers/STM32WBxx_HAL_Driver/Inc/stm32wbxx_ll_rcc.h ****   * @param  __PLLQ__ This parameter can be one of the following values:
1013:Drivers/STM32WBxx_HAL_Driver/Inc/stm32wbxx_ll_rcc.h ****   *         @arg @ref LL_RCC_PLLQ_DIV_2
1014:Drivers/STM32WBxx_HAL_Driver/Inc/stm32wbxx_ll_rcc.h ****   *         @arg @ref LL_RCC_PLLQ_DIV_3
1015:Drivers/STM32WBxx_HAL_Driver/Inc/stm32wbxx_ll_rcc.h ****   *         @arg @ref LL_RCC_PLLQ_DIV_4
1016:Drivers/STM32WBxx_HAL_Driver/Inc/stm32wbxx_ll_rcc.h ****   *         @arg @ref LL_RCC_PLLQ_DIV_5
1017:Drivers/STM32WBxx_HAL_Driver/Inc/stm32wbxx_ll_rcc.h ****   *         @arg @ref LL_RCC_PLLQ_DIV_6
1018:Drivers/STM32WBxx_HAL_Driver/Inc/stm32wbxx_ll_rcc.h ****   *         @arg @ref LL_RCC_PLLQ_DIV_7
1019:Drivers/STM32WBxx_HAL_Driver/Inc/stm32wbxx_ll_rcc.h ****   *         @arg @ref LL_RCC_PLLQ_DIV_8
1020:Drivers/STM32WBxx_HAL_Driver/Inc/stm32wbxx_ll_rcc.h ****   * @retval PLL clock frequency (in Hz)
1021:Drivers/STM32WBxx_HAL_Driver/Inc/stm32wbxx_ll_rcc.h ****   */
1022:Drivers/STM32WBxx_HAL_Driver/Inc/stm32wbxx_ll_rcc.h **** #define __LL_RCC_CALC_PLLCLK_48M_FREQ(__INPUTFREQ__, __PLLM__, __PLLN__, __PLLQ__) ((__INPUTFREQ__)
1023:Drivers/STM32WBxx_HAL_Driver/Inc/stm32wbxx_ll_rcc.h ****     (((__PLLQ__) >> RCC_PLLCFGR_PLLQ_Pos) + 1U))
1024:Drivers/STM32WBxx_HAL_Driver/Inc/stm32wbxx_ll_rcc.h **** 
1025:Drivers/STM32WBxx_HAL_Driver/Inc/stm32wbxx_ll_rcc.h **** #if defined(SAI1)
1026:Drivers/STM32WBxx_HAL_Driver/Inc/stm32wbxx_ll_rcc.h **** /**
1027:Drivers/STM32WBxx_HAL_Driver/Inc/stm32wbxx_ll_rcc.h ****   * @brief  Helper macro to calculate the PLLSAI1PCLK frequency used for SAI domain
1028:Drivers/STM32WBxx_HAL_Driver/Inc/stm32wbxx_ll_rcc.h ****   * @note ex: @ref __LL_RCC_CALC_PLLSAI1_SAI_FREQ (HSE_VALUE,@ref LL_RCC_PLL_GetDivider (),
1029:Drivers/STM32WBxx_HAL_Driver/Inc/stm32wbxx_ll_rcc.h ****   *             @ref LL_RCC_PLLSAI1_GetN (), @ref LL_RCC_PLLSAI1_GetP ());
1030:Drivers/STM32WBxx_HAL_Driver/Inc/stm32wbxx_ll_rcc.h ****   * @param  __INPUTFREQ__ PLL Input frequency (based on MSI/HSE/HSI)
1031:Drivers/STM32WBxx_HAL_Driver/Inc/stm32wbxx_ll_rcc.h ****   * @param  __PLLM__ This parameter can be one of the following values:
1032:Drivers/STM32WBxx_HAL_Driver/Inc/stm32wbxx_ll_rcc.h ****   *         @arg @ref LL_RCC_PLLM_DIV_1
1033:Drivers/STM32WBxx_HAL_Driver/Inc/stm32wbxx_ll_rcc.h ****   *         @arg @ref LL_RCC_PLLM_DIV_2
1034:Drivers/STM32WBxx_HAL_Driver/Inc/stm32wbxx_ll_rcc.h ****   *         @arg @ref LL_RCC_PLLM_DIV_3
1035:Drivers/STM32WBxx_HAL_Driver/Inc/stm32wbxx_ll_rcc.h ****   *         @arg @ref LL_RCC_PLLM_DIV_4
1036:Drivers/STM32WBxx_HAL_Driver/Inc/stm32wbxx_ll_rcc.h ****   *         @arg @ref LL_RCC_PLLM_DIV_5
1037:Drivers/STM32WBxx_HAL_Driver/Inc/stm32wbxx_ll_rcc.h ****   *         @arg @ref LL_RCC_PLLM_DIV_6
1038:Drivers/STM32WBxx_HAL_Driver/Inc/stm32wbxx_ll_rcc.h ****   *         @arg @ref LL_RCC_PLLM_DIV_7
1039:Drivers/STM32WBxx_HAL_Driver/Inc/stm32wbxx_ll_rcc.h ****   *         @arg @ref LL_RCC_PLLM_DIV_8
1040:Drivers/STM32WBxx_HAL_Driver/Inc/stm32wbxx_ll_rcc.h ****   * @param  __PLLSAI1N__ Between 6 and 127
1041:Drivers/STM32WBxx_HAL_Driver/Inc/stm32wbxx_ll_rcc.h ****   * @param  __PLLSAI1P__ This parameter can be one of the following values:
1042:Drivers/STM32WBxx_HAL_Driver/Inc/stm32wbxx_ll_rcc.h ****   *         @arg @ref LL_RCC_PLLSAI1P_DIV_2
1043:Drivers/STM32WBxx_HAL_Driver/Inc/stm32wbxx_ll_rcc.h ****   *         @arg @ref LL_RCC_PLLSAI1P_DIV_3
1044:Drivers/STM32WBxx_HAL_Driver/Inc/stm32wbxx_ll_rcc.h ****   *         @arg @ref LL_RCC_PLLSAI1P_DIV_4
1045:Drivers/STM32WBxx_HAL_Driver/Inc/stm32wbxx_ll_rcc.h ****   *         @arg @ref LL_RCC_PLLSAI1P_DIV_5
1046:Drivers/STM32WBxx_HAL_Driver/Inc/stm32wbxx_ll_rcc.h ****   *         @arg @ref LL_RCC_PLLSAI1P_DIV_6
1047:Drivers/STM32WBxx_HAL_Driver/Inc/stm32wbxx_ll_rcc.h ****   *         @arg @ref LL_RCC_PLLSAI1P_DIV_7
1048:Drivers/STM32WBxx_HAL_Driver/Inc/stm32wbxx_ll_rcc.h ****   *         @arg @ref LL_RCC_PLLSAI1P_DIV_8
1049:Drivers/STM32WBxx_HAL_Driver/Inc/stm32wbxx_ll_rcc.h ****   *         @arg @ref LL_RCC_PLLSAI1P_DIV_9
1050:Drivers/STM32WBxx_HAL_Driver/Inc/stm32wbxx_ll_rcc.h ****   *         @arg @ref LL_RCC_PLLSAI1P_DIV_10
1051:Drivers/STM32WBxx_HAL_Driver/Inc/stm32wbxx_ll_rcc.h ****   *         @arg @ref LL_RCC_PLLSAI1P_DIV_11
1052:Drivers/STM32WBxx_HAL_Driver/Inc/stm32wbxx_ll_rcc.h ****   *         @arg @ref LL_RCC_PLLSAI1P_DIV_12
1053:Drivers/STM32WBxx_HAL_Driver/Inc/stm32wbxx_ll_rcc.h ****   *         @arg @ref LL_RCC_PLLSAI1P_DIV_13
1054:Drivers/STM32WBxx_HAL_Driver/Inc/stm32wbxx_ll_rcc.h ****   *         @arg @ref LL_RCC_PLLSAI1P_DIV_14
1055:Drivers/STM32WBxx_HAL_Driver/Inc/stm32wbxx_ll_rcc.h ****   *         @arg @ref LL_RCC_PLLSAI1P_DIV_15
ARM GAS  /var/folders/98/ctz5mtps7w71v8dr53cf5qg40000gn/T//ccdzqVkO.s 			page 56


1056:Drivers/STM32WBxx_HAL_Driver/Inc/stm32wbxx_ll_rcc.h ****   *         @arg @ref LL_RCC_PLLSAI1P_DIV_16
1057:Drivers/STM32WBxx_HAL_Driver/Inc/stm32wbxx_ll_rcc.h ****   *         @arg @ref LL_RCC_PLLSAI1P_DIV_17
1058:Drivers/STM32WBxx_HAL_Driver/Inc/stm32wbxx_ll_rcc.h ****   *         @arg @ref LL_RCC_PLLSAI1P_DIV_18
1059:Drivers/STM32WBxx_HAL_Driver/Inc/stm32wbxx_ll_rcc.h ****   *         @arg @ref LL_RCC_PLLSAI1P_DIV_19
1060:Drivers/STM32WBxx_HAL_Driver/Inc/stm32wbxx_ll_rcc.h ****   *         @arg @ref LL_RCC_PLLSAI1P_DIV_20
1061:Drivers/STM32WBxx_HAL_Driver/Inc/stm32wbxx_ll_rcc.h ****   *         @arg @ref LL_RCC_PLLSAI1P_DIV_21
1062:Drivers/STM32WBxx_HAL_Driver/Inc/stm32wbxx_ll_rcc.h ****   *         @arg @ref LL_RCC_PLLSAI1P_DIV_22
1063:Drivers/STM32WBxx_HAL_Driver/Inc/stm32wbxx_ll_rcc.h ****   *         @arg @ref LL_RCC_PLLSAI1P_DIV_23
1064:Drivers/STM32WBxx_HAL_Driver/Inc/stm32wbxx_ll_rcc.h ****   *         @arg @ref LL_RCC_PLLSAI1P_DIV_24
1065:Drivers/STM32WBxx_HAL_Driver/Inc/stm32wbxx_ll_rcc.h ****   *         @arg @ref LL_RCC_PLLSAI1P_DIV_25
1066:Drivers/STM32WBxx_HAL_Driver/Inc/stm32wbxx_ll_rcc.h ****   *         @arg @ref LL_RCC_PLLSAI1P_DIV_26
1067:Drivers/STM32WBxx_HAL_Driver/Inc/stm32wbxx_ll_rcc.h ****   *         @arg @ref LL_RCC_PLLSAI1P_DIV_27
1068:Drivers/STM32WBxx_HAL_Driver/Inc/stm32wbxx_ll_rcc.h ****   *         @arg @ref LL_RCC_PLLSAI1P_DIV_28
1069:Drivers/STM32WBxx_HAL_Driver/Inc/stm32wbxx_ll_rcc.h ****   *         @arg @ref LL_RCC_PLLSAI1P_DIV_29
1070:Drivers/STM32WBxx_HAL_Driver/Inc/stm32wbxx_ll_rcc.h ****   *         @arg @ref LL_RCC_PLLSAI1P_DIV_30
1071:Drivers/STM32WBxx_HAL_Driver/Inc/stm32wbxx_ll_rcc.h ****   *         @arg @ref LL_RCC_PLLSAI1P_DIV_31
1072:Drivers/STM32WBxx_HAL_Driver/Inc/stm32wbxx_ll_rcc.h ****   *         @arg @ref LL_RCC_PLLSAI1P_DIV_32
1073:Drivers/STM32WBxx_HAL_Driver/Inc/stm32wbxx_ll_rcc.h ****   * @retval PLLSAI1 clock frequency (in Hz)
1074:Drivers/STM32WBxx_HAL_Driver/Inc/stm32wbxx_ll_rcc.h ****   */
1075:Drivers/STM32WBxx_HAL_Driver/Inc/stm32wbxx_ll_rcc.h **** #define __LL_RCC_CALC_PLLSAI1_SAI_FREQ(__INPUTFREQ__, __PLLM__, __PLLSAI1N__, __PLLSAI1P__) \
1076:Drivers/STM32WBxx_HAL_Driver/Inc/stm32wbxx_ll_rcc.h ****   ((__INPUTFREQ__) * (__PLLSAI1N__)  / ((((__PLLM__)>> RCC_PLLCFGR_PLLM_Pos) + 1U)) / \
1077:Drivers/STM32WBxx_HAL_Driver/Inc/stm32wbxx_ll_rcc.h ****    (((__PLLSAI1P__) >> RCC_PLLSAI1CFGR_PLLP_Pos) + 1U))
1078:Drivers/STM32WBxx_HAL_Driver/Inc/stm32wbxx_ll_rcc.h **** 
1079:Drivers/STM32WBxx_HAL_Driver/Inc/stm32wbxx_ll_rcc.h **** /**
1080:Drivers/STM32WBxx_HAL_Driver/Inc/stm32wbxx_ll_rcc.h ****   * @brief  Helper macro to calculate the PLLSAI1QCLK frequency used on 48M domain
1081:Drivers/STM32WBxx_HAL_Driver/Inc/stm32wbxx_ll_rcc.h ****   * @note ex: @ref __LL_RCC_CALC_PLLSAI1_48M_FREQ (HSE_VALUE,@ref LL_RCC_PLL_GetDivider (),
1082:Drivers/STM32WBxx_HAL_Driver/Inc/stm32wbxx_ll_rcc.h ****   *             @ref LL_RCC_PLLSAI1_GetN (), @ref LL_RCC_PLLSAI1_GetQ ());
1083:Drivers/STM32WBxx_HAL_Driver/Inc/stm32wbxx_ll_rcc.h ****   * @param  __INPUTFREQ__ PLL Input frequency (based on MSI/HSE/HSI)
1084:Drivers/STM32WBxx_HAL_Driver/Inc/stm32wbxx_ll_rcc.h ****   * @param  __PLLM__ This parameter can be one of the following values:
1085:Drivers/STM32WBxx_HAL_Driver/Inc/stm32wbxx_ll_rcc.h ****   *         @arg @ref LL_RCC_PLLM_DIV_1
1086:Drivers/STM32WBxx_HAL_Driver/Inc/stm32wbxx_ll_rcc.h ****   *         @arg @ref LL_RCC_PLLM_DIV_2
1087:Drivers/STM32WBxx_HAL_Driver/Inc/stm32wbxx_ll_rcc.h ****   *         @arg @ref LL_RCC_PLLM_DIV_3
1088:Drivers/STM32WBxx_HAL_Driver/Inc/stm32wbxx_ll_rcc.h ****   *         @arg @ref LL_RCC_PLLM_DIV_4
1089:Drivers/STM32WBxx_HAL_Driver/Inc/stm32wbxx_ll_rcc.h ****   *         @arg @ref LL_RCC_PLLM_DIV_5
1090:Drivers/STM32WBxx_HAL_Driver/Inc/stm32wbxx_ll_rcc.h ****   *         @arg @ref LL_RCC_PLLM_DIV_6
1091:Drivers/STM32WBxx_HAL_Driver/Inc/stm32wbxx_ll_rcc.h ****   *         @arg @ref LL_RCC_PLLM_DIV_7
1092:Drivers/STM32WBxx_HAL_Driver/Inc/stm32wbxx_ll_rcc.h ****   *         @arg @ref LL_RCC_PLLM_DIV_8
1093:Drivers/STM32WBxx_HAL_Driver/Inc/stm32wbxx_ll_rcc.h ****   * @param  __PLLSAI1N__ Between 6 and 127
1094:Drivers/STM32WBxx_HAL_Driver/Inc/stm32wbxx_ll_rcc.h ****   * @param  __PLLSAI1Q__ This parameter can be one of the following values:
1095:Drivers/STM32WBxx_HAL_Driver/Inc/stm32wbxx_ll_rcc.h ****   *         @arg @ref LL_RCC_PLLSAI1Q_DIV_2
1096:Drivers/STM32WBxx_HAL_Driver/Inc/stm32wbxx_ll_rcc.h ****   *         @arg @ref LL_RCC_PLLSAI1Q_DIV_3
1097:Drivers/STM32WBxx_HAL_Driver/Inc/stm32wbxx_ll_rcc.h ****   *         @arg @ref LL_RCC_PLLSAI1Q_DIV_4
1098:Drivers/STM32WBxx_HAL_Driver/Inc/stm32wbxx_ll_rcc.h ****   *         @arg @ref LL_RCC_PLLSAI1Q_DIV_5
1099:Drivers/STM32WBxx_HAL_Driver/Inc/stm32wbxx_ll_rcc.h ****   *         @arg @ref LL_RCC_PLLSAI1Q_DIV_6
1100:Drivers/STM32WBxx_HAL_Driver/Inc/stm32wbxx_ll_rcc.h ****   *         @arg @ref LL_RCC_PLLSAI1Q_DIV_7
1101:Drivers/STM32WBxx_HAL_Driver/Inc/stm32wbxx_ll_rcc.h ****   *         @arg @ref LL_RCC_PLLSAI1Q_DIV_8
1102:Drivers/STM32WBxx_HAL_Driver/Inc/stm32wbxx_ll_rcc.h ****   * @retval PLLSAI1 clock frequency (in Hz)
1103:Drivers/STM32WBxx_HAL_Driver/Inc/stm32wbxx_ll_rcc.h ****   */
1104:Drivers/STM32WBxx_HAL_Driver/Inc/stm32wbxx_ll_rcc.h **** #define __LL_RCC_CALC_PLLSAI1_48M_FREQ(__INPUTFREQ__, __PLLM__, __PLLSAI1N__, __PLLSAI1Q__) \
1105:Drivers/STM32WBxx_HAL_Driver/Inc/stm32wbxx_ll_rcc.h ****   ((__INPUTFREQ__) * (__PLLSAI1N__) / ((((__PLLM__)>> RCC_PLLCFGR_PLLM_Pos) + 1U)) / \
1106:Drivers/STM32WBxx_HAL_Driver/Inc/stm32wbxx_ll_rcc.h ****    (((__PLLSAI1Q__) >> RCC_PLLSAI1CFGR_PLLQ_Pos) + 1U))
1107:Drivers/STM32WBxx_HAL_Driver/Inc/stm32wbxx_ll_rcc.h **** 
1108:Drivers/STM32WBxx_HAL_Driver/Inc/stm32wbxx_ll_rcc.h **** /**
1109:Drivers/STM32WBxx_HAL_Driver/Inc/stm32wbxx_ll_rcc.h ****   * @brief  Helper macro to calculate the PLLSAI1RCLK frequency used on ADC domain
1110:Drivers/STM32WBxx_HAL_Driver/Inc/stm32wbxx_ll_rcc.h ****   * @note ex: @ref __LL_RCC_CALC_PLLSAI1_ADC_FREQ (HSE_VALUE,@ref LL_RCC_PLL_GetDivider (),
1111:Drivers/STM32WBxx_HAL_Driver/Inc/stm32wbxx_ll_rcc.h ****   *             @ref LL_RCC_PLLSAI1_GetN (), @ref LL_RCC_PLLSAI1_GetR ());
1112:Drivers/STM32WBxx_HAL_Driver/Inc/stm32wbxx_ll_rcc.h ****   * @param  __INPUTFREQ__ PLL Input frequency (based on MSI/HSE/HSI)
ARM GAS  /var/folders/98/ctz5mtps7w71v8dr53cf5qg40000gn/T//ccdzqVkO.s 			page 57


1113:Drivers/STM32WBxx_HAL_Driver/Inc/stm32wbxx_ll_rcc.h ****   * @param  __PLLM__ This parameter can be one of the following values:
1114:Drivers/STM32WBxx_HAL_Driver/Inc/stm32wbxx_ll_rcc.h ****   *         @arg @ref LL_RCC_PLLM_DIV_1
1115:Drivers/STM32WBxx_HAL_Driver/Inc/stm32wbxx_ll_rcc.h ****   *         @arg @ref LL_RCC_PLLM_DIV_2
1116:Drivers/STM32WBxx_HAL_Driver/Inc/stm32wbxx_ll_rcc.h ****   *         @arg @ref LL_RCC_PLLM_DIV_3
1117:Drivers/STM32WBxx_HAL_Driver/Inc/stm32wbxx_ll_rcc.h ****   *         @arg @ref LL_RCC_PLLM_DIV_4
1118:Drivers/STM32WBxx_HAL_Driver/Inc/stm32wbxx_ll_rcc.h ****   *         @arg @ref LL_RCC_PLLM_DIV_5
1119:Drivers/STM32WBxx_HAL_Driver/Inc/stm32wbxx_ll_rcc.h ****   *         @arg @ref LL_RCC_PLLM_DIV_6
1120:Drivers/STM32WBxx_HAL_Driver/Inc/stm32wbxx_ll_rcc.h ****   *         @arg @ref LL_RCC_PLLM_DIV_7
1121:Drivers/STM32WBxx_HAL_Driver/Inc/stm32wbxx_ll_rcc.h ****   *         @arg @ref LL_RCC_PLLM_DIV_8
1122:Drivers/STM32WBxx_HAL_Driver/Inc/stm32wbxx_ll_rcc.h ****   * @param  __PLLSAI1N__ Between 6 and 127
1123:Drivers/STM32WBxx_HAL_Driver/Inc/stm32wbxx_ll_rcc.h ****   * @param  __PLLSAI1R__ This parameter can be one of the following values:
1124:Drivers/STM32WBxx_HAL_Driver/Inc/stm32wbxx_ll_rcc.h ****   *         @arg @ref LL_RCC_PLLSAI1R_DIV_2
1125:Drivers/STM32WBxx_HAL_Driver/Inc/stm32wbxx_ll_rcc.h ****   *         @arg @ref LL_RCC_PLLSAI1R_DIV_3
1126:Drivers/STM32WBxx_HAL_Driver/Inc/stm32wbxx_ll_rcc.h ****   *         @arg @ref LL_RCC_PLLSAI1R_DIV_4
1127:Drivers/STM32WBxx_HAL_Driver/Inc/stm32wbxx_ll_rcc.h ****   *         @arg @ref LL_RCC_PLLSAI1R_DIV_5
1128:Drivers/STM32WBxx_HAL_Driver/Inc/stm32wbxx_ll_rcc.h ****   *         @arg @ref LL_RCC_PLLSAI1R_DIV_6
1129:Drivers/STM32WBxx_HAL_Driver/Inc/stm32wbxx_ll_rcc.h ****   *         @arg @ref LL_RCC_PLLSAI1R_DIV_7
1130:Drivers/STM32WBxx_HAL_Driver/Inc/stm32wbxx_ll_rcc.h ****   *         @arg @ref LL_RCC_PLLSAI1R_DIV_8
1131:Drivers/STM32WBxx_HAL_Driver/Inc/stm32wbxx_ll_rcc.h ****   * @retval PLLSAI1 clock frequency (in Hz)
1132:Drivers/STM32WBxx_HAL_Driver/Inc/stm32wbxx_ll_rcc.h ****   */
1133:Drivers/STM32WBxx_HAL_Driver/Inc/stm32wbxx_ll_rcc.h **** #define __LL_RCC_CALC_PLLSAI1_ADC_FREQ(__INPUTFREQ__, __PLLM__, __PLLSAI1N__, __PLLSAI1R__) \
1134:Drivers/STM32WBxx_HAL_Driver/Inc/stm32wbxx_ll_rcc.h ****   ((__INPUTFREQ__) * (__PLLSAI1N__) / ((((__PLLM__)>> RCC_PLLCFGR_PLLM_Pos) + 1U)) / \
1135:Drivers/STM32WBxx_HAL_Driver/Inc/stm32wbxx_ll_rcc.h ****    (((__PLLSAI1R__) >> RCC_PLLSAI1CFGR_PLLR_Pos) + 1U))
1136:Drivers/STM32WBxx_HAL_Driver/Inc/stm32wbxx_ll_rcc.h **** #endif /* SAI1 */
1137:Drivers/STM32WBxx_HAL_Driver/Inc/stm32wbxx_ll_rcc.h **** 
1138:Drivers/STM32WBxx_HAL_Driver/Inc/stm32wbxx_ll_rcc.h **** /**
1139:Drivers/STM32WBxx_HAL_Driver/Inc/stm32wbxx_ll_rcc.h ****   * @brief  Helper macro to calculate the HCLK1 frequency
1140:Drivers/STM32WBxx_HAL_Driver/Inc/stm32wbxx_ll_rcc.h ****   * @param  __SYSCLKFREQ__ SYSCLK frequency (based on MSI/HSE/HSI/PLLCLK)
1141:Drivers/STM32WBxx_HAL_Driver/Inc/stm32wbxx_ll_rcc.h ****   * @param  __CPU1PRESCALER__ This parameter can be one of the following values:
1142:Drivers/STM32WBxx_HAL_Driver/Inc/stm32wbxx_ll_rcc.h ****   *         @arg @ref LL_RCC_SYSCLK_DIV_1
1143:Drivers/STM32WBxx_HAL_Driver/Inc/stm32wbxx_ll_rcc.h ****   *         @arg @ref LL_RCC_SYSCLK_DIV_2
1144:Drivers/STM32WBxx_HAL_Driver/Inc/stm32wbxx_ll_rcc.h ****   *         @arg @ref LL_RCC_SYSCLK_DIV_3
1145:Drivers/STM32WBxx_HAL_Driver/Inc/stm32wbxx_ll_rcc.h ****   *         @arg @ref LL_RCC_SYSCLK_DIV_4
1146:Drivers/STM32WBxx_HAL_Driver/Inc/stm32wbxx_ll_rcc.h ****   *         @arg @ref LL_RCC_SYSCLK_DIV_5
1147:Drivers/STM32WBxx_HAL_Driver/Inc/stm32wbxx_ll_rcc.h ****   *         @arg @ref LL_RCC_SYSCLK_DIV_6
1148:Drivers/STM32WBxx_HAL_Driver/Inc/stm32wbxx_ll_rcc.h ****   *         @arg @ref LL_RCC_SYSCLK_DIV_8
1149:Drivers/STM32WBxx_HAL_Driver/Inc/stm32wbxx_ll_rcc.h ****   *         @arg @ref LL_RCC_SYSCLK_DIV_10
1150:Drivers/STM32WBxx_HAL_Driver/Inc/stm32wbxx_ll_rcc.h ****   *         @arg @ref LL_RCC_SYSCLK_DIV_16
1151:Drivers/STM32WBxx_HAL_Driver/Inc/stm32wbxx_ll_rcc.h ****   *         @arg @ref LL_RCC_SYSCLK_DIV_32
1152:Drivers/STM32WBxx_HAL_Driver/Inc/stm32wbxx_ll_rcc.h ****   *         @arg @ref LL_RCC_SYSCLK_DIV_64
1153:Drivers/STM32WBxx_HAL_Driver/Inc/stm32wbxx_ll_rcc.h ****   *         @arg @ref LL_RCC_SYSCLK_DIV_128
1154:Drivers/STM32WBxx_HAL_Driver/Inc/stm32wbxx_ll_rcc.h ****   *         @arg @ref LL_RCC_SYSCLK_DIV_256
1155:Drivers/STM32WBxx_HAL_Driver/Inc/stm32wbxx_ll_rcc.h ****   *         @arg @ref LL_RCC_SYSCLK_DIV_512
1156:Drivers/STM32WBxx_HAL_Driver/Inc/stm32wbxx_ll_rcc.h ****   * @retval HCLK1 clock frequency (in Hz)
1157:Drivers/STM32WBxx_HAL_Driver/Inc/stm32wbxx_ll_rcc.h ****   */
1158:Drivers/STM32WBxx_HAL_Driver/Inc/stm32wbxx_ll_rcc.h **** #define __LL_RCC_CALC_HCLK1_FREQ(__SYSCLKFREQ__,__CPU1PRESCALER__) ((__SYSCLKFREQ__) / AHBPrescTabl
1159:Drivers/STM32WBxx_HAL_Driver/Inc/stm32wbxx_ll_rcc.h ****                                                                     & RCC_CFGR_HPRE) >>  RCC_CFGR_H
1160:Drivers/STM32WBxx_HAL_Driver/Inc/stm32wbxx_ll_rcc.h **** 
1161:Drivers/STM32WBxx_HAL_Driver/Inc/stm32wbxx_ll_rcc.h **** /**
1162:Drivers/STM32WBxx_HAL_Driver/Inc/stm32wbxx_ll_rcc.h ****   * @brief  Helper macro to calculate the HCLK2 frequency
1163:Drivers/STM32WBxx_HAL_Driver/Inc/stm32wbxx_ll_rcc.h ****   * @param  __SYSCLKFREQ__ SYSCLK frequency (based on MSI/HSE/HSI/PLLCLK)
1164:Drivers/STM32WBxx_HAL_Driver/Inc/stm32wbxx_ll_rcc.h ****   * @param  __CPU2PRESCALER__ This parameter can be one of the following values:
1165:Drivers/STM32WBxx_HAL_Driver/Inc/stm32wbxx_ll_rcc.h ****   *         @arg @ref LL_RCC_SYSCLK_DIV_1
1166:Drivers/STM32WBxx_HAL_Driver/Inc/stm32wbxx_ll_rcc.h ****   *         @arg @ref LL_RCC_SYSCLK_DIV_2
1167:Drivers/STM32WBxx_HAL_Driver/Inc/stm32wbxx_ll_rcc.h ****   *         @arg @ref LL_RCC_SYSCLK_DIV_3
1168:Drivers/STM32WBxx_HAL_Driver/Inc/stm32wbxx_ll_rcc.h ****   *         @arg @ref LL_RCC_SYSCLK_DIV_4
1169:Drivers/STM32WBxx_HAL_Driver/Inc/stm32wbxx_ll_rcc.h ****   *         @arg @ref LL_RCC_SYSCLK_DIV_5
ARM GAS  /var/folders/98/ctz5mtps7w71v8dr53cf5qg40000gn/T//ccdzqVkO.s 			page 58


1170:Drivers/STM32WBxx_HAL_Driver/Inc/stm32wbxx_ll_rcc.h ****   *         @arg @ref LL_RCC_SYSCLK_DIV_6
1171:Drivers/STM32WBxx_HAL_Driver/Inc/stm32wbxx_ll_rcc.h ****   *         @arg @ref LL_RCC_SYSCLK_DIV_8
1172:Drivers/STM32WBxx_HAL_Driver/Inc/stm32wbxx_ll_rcc.h ****   *         @arg @ref LL_RCC_SYSCLK_DIV_10
1173:Drivers/STM32WBxx_HAL_Driver/Inc/stm32wbxx_ll_rcc.h ****   *         @arg @ref LL_RCC_SYSCLK_DIV_16
1174:Drivers/STM32WBxx_HAL_Driver/Inc/stm32wbxx_ll_rcc.h ****   *         @arg @ref LL_RCC_SYSCLK_DIV_32
1175:Drivers/STM32WBxx_HAL_Driver/Inc/stm32wbxx_ll_rcc.h ****   *         @arg @ref LL_RCC_SYSCLK_DIV_64
1176:Drivers/STM32WBxx_HAL_Driver/Inc/stm32wbxx_ll_rcc.h ****   *         @arg @ref LL_RCC_SYSCLK_DIV_128
1177:Drivers/STM32WBxx_HAL_Driver/Inc/stm32wbxx_ll_rcc.h ****   *         @arg @ref LL_RCC_SYSCLK_DIV_256
1178:Drivers/STM32WBxx_HAL_Driver/Inc/stm32wbxx_ll_rcc.h ****   *         @arg @ref LL_RCC_SYSCLK_DIV_512
1179:Drivers/STM32WBxx_HAL_Driver/Inc/stm32wbxx_ll_rcc.h ****   * @retval HCLK2 clock frequency (in Hz)
1180:Drivers/STM32WBxx_HAL_Driver/Inc/stm32wbxx_ll_rcc.h ****   */
1181:Drivers/STM32WBxx_HAL_Driver/Inc/stm32wbxx_ll_rcc.h **** #define __LL_RCC_CALC_HCLK2_FREQ(__SYSCLKFREQ__, __CPU2PRESCALER__) ((__SYSCLKFREQ__) / AHBPrescTab
1182:Drivers/STM32WBxx_HAL_Driver/Inc/stm32wbxx_ll_rcc.h ****                                                                      & RCC_EXTCFGR_C2HPRE) >>  RCC_
1183:Drivers/STM32WBxx_HAL_Driver/Inc/stm32wbxx_ll_rcc.h **** 
1184:Drivers/STM32WBxx_HAL_Driver/Inc/stm32wbxx_ll_rcc.h **** /**
1185:Drivers/STM32WBxx_HAL_Driver/Inc/stm32wbxx_ll_rcc.h ****   * @brief  Helper macro to calculate the HCLK4 frequency
1186:Drivers/STM32WBxx_HAL_Driver/Inc/stm32wbxx_ll_rcc.h ****   * @param  __SYSCLKFREQ__ SYSCLK frequency (based on MSI/HSE/HSI/PLLCLK)
1187:Drivers/STM32WBxx_HAL_Driver/Inc/stm32wbxx_ll_rcc.h ****   * @param  __AHB4PRESCALER__ This parameter can be one of the following values:
1188:Drivers/STM32WBxx_HAL_Driver/Inc/stm32wbxx_ll_rcc.h ****   *         @arg @ref LL_RCC_SYSCLK_DIV_1
1189:Drivers/STM32WBxx_HAL_Driver/Inc/stm32wbxx_ll_rcc.h ****   *         @arg @ref LL_RCC_SYSCLK_DIV_2
1190:Drivers/STM32WBxx_HAL_Driver/Inc/stm32wbxx_ll_rcc.h ****   *         @arg @ref LL_RCC_SYSCLK_DIV_3
1191:Drivers/STM32WBxx_HAL_Driver/Inc/stm32wbxx_ll_rcc.h ****   *         @arg @ref LL_RCC_SYSCLK_DIV_4
1192:Drivers/STM32WBxx_HAL_Driver/Inc/stm32wbxx_ll_rcc.h ****   *         @arg @ref LL_RCC_SYSCLK_DIV_5
1193:Drivers/STM32WBxx_HAL_Driver/Inc/stm32wbxx_ll_rcc.h ****   *         @arg @ref LL_RCC_SYSCLK_DIV_6
1194:Drivers/STM32WBxx_HAL_Driver/Inc/stm32wbxx_ll_rcc.h ****   *         @arg @ref LL_RCC_SYSCLK_DIV_8
1195:Drivers/STM32WBxx_HAL_Driver/Inc/stm32wbxx_ll_rcc.h ****   *         @arg @ref LL_RCC_SYSCLK_DIV_10
1196:Drivers/STM32WBxx_HAL_Driver/Inc/stm32wbxx_ll_rcc.h ****   *         @arg @ref LL_RCC_SYSCLK_DIV_16
1197:Drivers/STM32WBxx_HAL_Driver/Inc/stm32wbxx_ll_rcc.h ****   *         @arg @ref LL_RCC_SYSCLK_DIV_32
1198:Drivers/STM32WBxx_HAL_Driver/Inc/stm32wbxx_ll_rcc.h ****   *         @arg @ref LL_RCC_SYSCLK_DIV_64
1199:Drivers/STM32WBxx_HAL_Driver/Inc/stm32wbxx_ll_rcc.h ****   *         @arg @ref LL_RCC_SYSCLK_DIV_128
1200:Drivers/STM32WBxx_HAL_Driver/Inc/stm32wbxx_ll_rcc.h ****   *         @arg @ref LL_RCC_SYSCLK_DIV_256
1201:Drivers/STM32WBxx_HAL_Driver/Inc/stm32wbxx_ll_rcc.h ****   *         @arg @ref LL_RCC_SYSCLK_DIV_512
1202:Drivers/STM32WBxx_HAL_Driver/Inc/stm32wbxx_ll_rcc.h ****   * @retval HCLK4 clock frequency (in Hz)
1203:Drivers/STM32WBxx_HAL_Driver/Inc/stm32wbxx_ll_rcc.h ****   */
1204:Drivers/STM32WBxx_HAL_Driver/Inc/stm32wbxx_ll_rcc.h **** #define __LL_RCC_CALC_HCLK4_FREQ(__SYSCLKFREQ__, __AHB4PRESCALER__) ((__SYSCLKFREQ__) / AHBPrescTab
1205:Drivers/STM32WBxx_HAL_Driver/Inc/stm32wbxx_ll_rcc.h ****                                                                      & RCC_EXTCFGR_SHDHPRE) >>  RCC
1206:Drivers/STM32WBxx_HAL_Driver/Inc/stm32wbxx_ll_rcc.h **** 
1207:Drivers/STM32WBxx_HAL_Driver/Inc/stm32wbxx_ll_rcc.h **** 
1208:Drivers/STM32WBxx_HAL_Driver/Inc/stm32wbxx_ll_rcc.h **** /**
1209:Drivers/STM32WBxx_HAL_Driver/Inc/stm32wbxx_ll_rcc.h ****   * @brief  Helper macro to calculate the PCLK1 frequency (ABP1)
1210:Drivers/STM32WBxx_HAL_Driver/Inc/stm32wbxx_ll_rcc.h ****   * @param  __HCLKFREQ__ HCLK frequency
1211:Drivers/STM32WBxx_HAL_Driver/Inc/stm32wbxx_ll_rcc.h ****   * @param  __APB1PRESCALER__ This parameter can be one of the following values:
1212:Drivers/STM32WBxx_HAL_Driver/Inc/stm32wbxx_ll_rcc.h ****   *         @arg @ref LL_RCC_APB1_DIV_1
1213:Drivers/STM32WBxx_HAL_Driver/Inc/stm32wbxx_ll_rcc.h ****   *         @arg @ref LL_RCC_APB1_DIV_2
1214:Drivers/STM32WBxx_HAL_Driver/Inc/stm32wbxx_ll_rcc.h ****   *         @arg @ref LL_RCC_APB1_DIV_4
1215:Drivers/STM32WBxx_HAL_Driver/Inc/stm32wbxx_ll_rcc.h ****   *         @arg @ref LL_RCC_APB1_DIV_8
1216:Drivers/STM32WBxx_HAL_Driver/Inc/stm32wbxx_ll_rcc.h ****   *         @arg @ref LL_RCC_APB1_DIV_16
1217:Drivers/STM32WBxx_HAL_Driver/Inc/stm32wbxx_ll_rcc.h ****   * @retval PCLK1 clock frequency (in Hz)
1218:Drivers/STM32WBxx_HAL_Driver/Inc/stm32wbxx_ll_rcc.h ****   */
1219:Drivers/STM32WBxx_HAL_Driver/Inc/stm32wbxx_ll_rcc.h **** #define __LL_RCC_CALC_PCLK1_FREQ(__HCLKFREQ__, __APB1PRESCALER__) ((__HCLKFREQ__) >> (APBPrescTable
1220:Drivers/STM32WBxx_HAL_Driver/Inc/stm32wbxx_ll_rcc.h ****                                                                    & RCC_CFGR_PPRE1_Msk) >>  RCC_CF
1221:Drivers/STM32WBxx_HAL_Driver/Inc/stm32wbxx_ll_rcc.h **** 
1222:Drivers/STM32WBxx_HAL_Driver/Inc/stm32wbxx_ll_rcc.h **** /**
1223:Drivers/STM32WBxx_HAL_Driver/Inc/stm32wbxx_ll_rcc.h ****   * @brief  Helper macro to calculate the PCLK2 frequency (ABP2)
1224:Drivers/STM32WBxx_HAL_Driver/Inc/stm32wbxx_ll_rcc.h ****   * @param  __HCLKFREQ__ HCLK frequency
1225:Drivers/STM32WBxx_HAL_Driver/Inc/stm32wbxx_ll_rcc.h ****   * @param  __APB2PRESCALER__ This parameter can be one of the following values:
1226:Drivers/STM32WBxx_HAL_Driver/Inc/stm32wbxx_ll_rcc.h ****   *         @arg @ref LL_RCC_APB2_DIV_1
ARM GAS  /var/folders/98/ctz5mtps7w71v8dr53cf5qg40000gn/T//ccdzqVkO.s 			page 59


1227:Drivers/STM32WBxx_HAL_Driver/Inc/stm32wbxx_ll_rcc.h ****   *         @arg @ref LL_RCC_APB2_DIV_2
1228:Drivers/STM32WBxx_HAL_Driver/Inc/stm32wbxx_ll_rcc.h ****   *         @arg @ref LL_RCC_APB2_DIV_4
1229:Drivers/STM32WBxx_HAL_Driver/Inc/stm32wbxx_ll_rcc.h ****   *         @arg @ref LL_RCC_APB2_DIV_8
1230:Drivers/STM32WBxx_HAL_Driver/Inc/stm32wbxx_ll_rcc.h ****   *         @arg @ref LL_RCC_APB2_DIV_16
1231:Drivers/STM32WBxx_HAL_Driver/Inc/stm32wbxx_ll_rcc.h ****   * @retval PCLK2 clock frequency (in Hz)
1232:Drivers/STM32WBxx_HAL_Driver/Inc/stm32wbxx_ll_rcc.h ****   */
1233:Drivers/STM32WBxx_HAL_Driver/Inc/stm32wbxx_ll_rcc.h **** #define __LL_RCC_CALC_PCLK2_FREQ(__HCLKFREQ__, __APB2PRESCALER__) ((__HCLKFREQ__) >> (APBPrescTable
1234:Drivers/STM32WBxx_HAL_Driver/Inc/stm32wbxx_ll_rcc.h ****                                                                    & RCC_CFGR_PPRE2_Msk) >>  RCC_CF
1235:Drivers/STM32WBxx_HAL_Driver/Inc/stm32wbxx_ll_rcc.h **** 
1236:Drivers/STM32WBxx_HAL_Driver/Inc/stm32wbxx_ll_rcc.h **** /**
1237:Drivers/STM32WBxx_HAL_Driver/Inc/stm32wbxx_ll_rcc.h ****   * @brief  Helper macro to calculate the MSI frequency (in Hz)
1238:Drivers/STM32WBxx_HAL_Driver/Inc/stm32wbxx_ll_rcc.h ****   * @note __MSIRANGE__can be retrieved by @ref LL_RCC_MSI_GetRange()
1239:Drivers/STM32WBxx_HAL_Driver/Inc/stm32wbxx_ll_rcc.h ****   * @param  __MSIRANGE__ This parameter can be one of the following values:
1240:Drivers/STM32WBxx_HAL_Driver/Inc/stm32wbxx_ll_rcc.h ****   *         @arg @ref LL_RCC_MSIRANGE_0
1241:Drivers/STM32WBxx_HAL_Driver/Inc/stm32wbxx_ll_rcc.h ****   *         @arg @ref LL_RCC_MSIRANGE_1
1242:Drivers/STM32WBxx_HAL_Driver/Inc/stm32wbxx_ll_rcc.h ****   *         @arg @ref LL_RCC_MSIRANGE_2
1243:Drivers/STM32WBxx_HAL_Driver/Inc/stm32wbxx_ll_rcc.h ****   *         @arg @ref LL_RCC_MSIRANGE_3
1244:Drivers/STM32WBxx_HAL_Driver/Inc/stm32wbxx_ll_rcc.h ****   *         @arg @ref LL_RCC_MSIRANGE_4
1245:Drivers/STM32WBxx_HAL_Driver/Inc/stm32wbxx_ll_rcc.h ****   *         @arg @ref LL_RCC_MSIRANGE_5
1246:Drivers/STM32WBxx_HAL_Driver/Inc/stm32wbxx_ll_rcc.h ****   *         @arg @ref LL_RCC_MSIRANGE_6
1247:Drivers/STM32WBxx_HAL_Driver/Inc/stm32wbxx_ll_rcc.h ****   *         @arg @ref LL_RCC_MSIRANGE_7
1248:Drivers/STM32WBxx_HAL_Driver/Inc/stm32wbxx_ll_rcc.h ****   *         @arg @ref LL_RCC_MSIRANGE_8
1249:Drivers/STM32WBxx_HAL_Driver/Inc/stm32wbxx_ll_rcc.h ****   *         @arg @ref LL_RCC_MSIRANGE_9
1250:Drivers/STM32WBxx_HAL_Driver/Inc/stm32wbxx_ll_rcc.h ****   *         @arg @ref LL_RCC_MSIRANGE_10
1251:Drivers/STM32WBxx_HAL_Driver/Inc/stm32wbxx_ll_rcc.h ****   *         @arg @ref LL_RCC_MSIRANGE_11
1252:Drivers/STM32WBxx_HAL_Driver/Inc/stm32wbxx_ll_rcc.h ****   * @retval MSI clock frequency (in Hz)
1253:Drivers/STM32WBxx_HAL_Driver/Inc/stm32wbxx_ll_rcc.h ****   */
1254:Drivers/STM32WBxx_HAL_Driver/Inc/stm32wbxx_ll_rcc.h **** #define __LL_RCC_CALC_MSI_FREQ(__MSIRANGE__) MSIRangeTable[((__MSIRANGE__)\
1255:Drivers/STM32WBxx_HAL_Driver/Inc/stm32wbxx_ll_rcc.h ****                                                             & RCC_CR_MSIRANGE_Msk) >> RCC_CR_MSIRAN
1256:Drivers/STM32WBxx_HAL_Driver/Inc/stm32wbxx_ll_rcc.h **** /**
1257:Drivers/STM32WBxx_HAL_Driver/Inc/stm32wbxx_ll_rcc.h ****   * @}
1258:Drivers/STM32WBxx_HAL_Driver/Inc/stm32wbxx_ll_rcc.h ****   */
1259:Drivers/STM32WBxx_HAL_Driver/Inc/stm32wbxx_ll_rcc.h **** 
1260:Drivers/STM32WBxx_HAL_Driver/Inc/stm32wbxx_ll_rcc.h **** /**
1261:Drivers/STM32WBxx_HAL_Driver/Inc/stm32wbxx_ll_rcc.h ****   * @}
1262:Drivers/STM32WBxx_HAL_Driver/Inc/stm32wbxx_ll_rcc.h ****   */
1263:Drivers/STM32WBxx_HAL_Driver/Inc/stm32wbxx_ll_rcc.h **** 
1264:Drivers/STM32WBxx_HAL_Driver/Inc/stm32wbxx_ll_rcc.h **** /* Exported functions --------------------------------------------------------*/
1265:Drivers/STM32WBxx_HAL_Driver/Inc/stm32wbxx_ll_rcc.h **** /** @defgroup RCC_LL_Exported_Functions RCC Exported Functions
1266:Drivers/STM32WBxx_HAL_Driver/Inc/stm32wbxx_ll_rcc.h ****   * @{
1267:Drivers/STM32WBxx_HAL_Driver/Inc/stm32wbxx_ll_rcc.h ****   */
1268:Drivers/STM32WBxx_HAL_Driver/Inc/stm32wbxx_ll_rcc.h **** 
1269:Drivers/STM32WBxx_HAL_Driver/Inc/stm32wbxx_ll_rcc.h **** /** @defgroup RCC_LL_EF_HSE HSE
1270:Drivers/STM32WBxx_HAL_Driver/Inc/stm32wbxx_ll_rcc.h ****   * @{
1271:Drivers/STM32WBxx_HAL_Driver/Inc/stm32wbxx_ll_rcc.h ****   */
1272:Drivers/STM32WBxx_HAL_Driver/Inc/stm32wbxx_ll_rcc.h **** 
1273:Drivers/STM32WBxx_HAL_Driver/Inc/stm32wbxx_ll_rcc.h **** /**
1274:Drivers/STM32WBxx_HAL_Driver/Inc/stm32wbxx_ll_rcc.h ****   * @brief  Enable HSE sysclk and pll prescaler division by 2
1275:Drivers/STM32WBxx_HAL_Driver/Inc/stm32wbxx_ll_rcc.h ****   * @rmtoll CR           HSEPRE        LL_RCC_HSE_EnableDiv2
1276:Drivers/STM32WBxx_HAL_Driver/Inc/stm32wbxx_ll_rcc.h ****   * @retval None
1277:Drivers/STM32WBxx_HAL_Driver/Inc/stm32wbxx_ll_rcc.h ****   */
1278:Drivers/STM32WBxx_HAL_Driver/Inc/stm32wbxx_ll_rcc.h **** __STATIC_INLINE void LL_RCC_HSE_EnableDiv2(void)
1279:Drivers/STM32WBxx_HAL_Driver/Inc/stm32wbxx_ll_rcc.h **** {
1280:Drivers/STM32WBxx_HAL_Driver/Inc/stm32wbxx_ll_rcc.h ****   SET_BIT(RCC->CR, RCC_CR_HSEPRE);
1281:Drivers/STM32WBxx_HAL_Driver/Inc/stm32wbxx_ll_rcc.h **** }
1282:Drivers/STM32WBxx_HAL_Driver/Inc/stm32wbxx_ll_rcc.h **** 
1283:Drivers/STM32WBxx_HAL_Driver/Inc/stm32wbxx_ll_rcc.h **** /**
ARM GAS  /var/folders/98/ctz5mtps7w71v8dr53cf5qg40000gn/T//ccdzqVkO.s 			page 60


1284:Drivers/STM32WBxx_HAL_Driver/Inc/stm32wbxx_ll_rcc.h ****   * @brief  Disable HSE sysclk and pll prescaler
1285:Drivers/STM32WBxx_HAL_Driver/Inc/stm32wbxx_ll_rcc.h ****   * @rmtoll CR           HSEPRE        LL_RCC_HSE_DisableDiv2
1286:Drivers/STM32WBxx_HAL_Driver/Inc/stm32wbxx_ll_rcc.h ****   * @retval None
1287:Drivers/STM32WBxx_HAL_Driver/Inc/stm32wbxx_ll_rcc.h ****   */
1288:Drivers/STM32WBxx_HAL_Driver/Inc/stm32wbxx_ll_rcc.h **** __STATIC_INLINE void LL_RCC_HSE_DisableDiv2(void)
1289:Drivers/STM32WBxx_HAL_Driver/Inc/stm32wbxx_ll_rcc.h **** {
1290:Drivers/STM32WBxx_HAL_Driver/Inc/stm32wbxx_ll_rcc.h ****   CLEAR_BIT(RCC->CR, RCC_CR_HSEPRE);
1291:Drivers/STM32WBxx_HAL_Driver/Inc/stm32wbxx_ll_rcc.h **** }
1292:Drivers/STM32WBxx_HAL_Driver/Inc/stm32wbxx_ll_rcc.h **** 
1293:Drivers/STM32WBxx_HAL_Driver/Inc/stm32wbxx_ll_rcc.h **** /**
1294:Drivers/STM32WBxx_HAL_Driver/Inc/stm32wbxx_ll_rcc.h ****   * @brief  Get HSE sysclk and pll prescaler
1295:Drivers/STM32WBxx_HAL_Driver/Inc/stm32wbxx_ll_rcc.h ****   * @rmtoll CR           HSEPRE        LL_RCC_HSE_IsEnabledDiv2
1296:Drivers/STM32WBxx_HAL_Driver/Inc/stm32wbxx_ll_rcc.h ****   * @retval None
1297:Drivers/STM32WBxx_HAL_Driver/Inc/stm32wbxx_ll_rcc.h ****   */
1298:Drivers/STM32WBxx_HAL_Driver/Inc/stm32wbxx_ll_rcc.h **** __STATIC_INLINE uint32_t LL_RCC_HSE_IsEnabledDiv2(void)
1299:Drivers/STM32WBxx_HAL_Driver/Inc/stm32wbxx_ll_rcc.h **** {
1300:Drivers/STM32WBxx_HAL_Driver/Inc/stm32wbxx_ll_rcc.h ****   return ((READ_BIT(RCC->CR, RCC_CR_HSEPRE) == (RCC_CR_HSEPRE)) ? 1UL : 0UL);
1301:Drivers/STM32WBxx_HAL_Driver/Inc/stm32wbxx_ll_rcc.h **** }
1302:Drivers/STM32WBxx_HAL_Driver/Inc/stm32wbxx_ll_rcc.h **** 
1303:Drivers/STM32WBxx_HAL_Driver/Inc/stm32wbxx_ll_rcc.h **** /**
1304:Drivers/STM32WBxx_HAL_Driver/Inc/stm32wbxx_ll_rcc.h ****   * @brief  Enable the Clock Security System.
1305:Drivers/STM32WBxx_HAL_Driver/Inc/stm32wbxx_ll_rcc.h ****   * @rmtoll CR           CSSON         LL_RCC_HSE_EnableCSS
1306:Drivers/STM32WBxx_HAL_Driver/Inc/stm32wbxx_ll_rcc.h ****   * @retval None
1307:Drivers/STM32WBxx_HAL_Driver/Inc/stm32wbxx_ll_rcc.h ****   */
1308:Drivers/STM32WBxx_HAL_Driver/Inc/stm32wbxx_ll_rcc.h **** __STATIC_INLINE void LL_RCC_HSE_EnableCSS(void)
1309:Drivers/STM32WBxx_HAL_Driver/Inc/stm32wbxx_ll_rcc.h **** {
1310:Drivers/STM32WBxx_HAL_Driver/Inc/stm32wbxx_ll_rcc.h ****   SET_BIT(RCC->CR, RCC_CR_CSSON);
1311:Drivers/STM32WBxx_HAL_Driver/Inc/stm32wbxx_ll_rcc.h **** }
1312:Drivers/STM32WBxx_HAL_Driver/Inc/stm32wbxx_ll_rcc.h **** 
1313:Drivers/STM32WBxx_HAL_Driver/Inc/stm32wbxx_ll_rcc.h **** /**
1314:Drivers/STM32WBxx_HAL_Driver/Inc/stm32wbxx_ll_rcc.h ****   * @brief  Enable HSE crystal oscillator (HSE ON)
1315:Drivers/STM32WBxx_HAL_Driver/Inc/stm32wbxx_ll_rcc.h ****   * @rmtoll CR           HSEON         LL_RCC_HSE_Enable
1316:Drivers/STM32WBxx_HAL_Driver/Inc/stm32wbxx_ll_rcc.h ****   * @retval None
1317:Drivers/STM32WBxx_HAL_Driver/Inc/stm32wbxx_ll_rcc.h ****   */
1318:Drivers/STM32WBxx_HAL_Driver/Inc/stm32wbxx_ll_rcc.h **** __STATIC_INLINE void LL_RCC_HSE_Enable(void)
1319:Drivers/STM32WBxx_HAL_Driver/Inc/stm32wbxx_ll_rcc.h **** {
1320:Drivers/STM32WBxx_HAL_Driver/Inc/stm32wbxx_ll_rcc.h ****   SET_BIT(RCC->CR, RCC_CR_HSEON);
1321:Drivers/STM32WBxx_HAL_Driver/Inc/stm32wbxx_ll_rcc.h **** }
1322:Drivers/STM32WBxx_HAL_Driver/Inc/stm32wbxx_ll_rcc.h **** 
1323:Drivers/STM32WBxx_HAL_Driver/Inc/stm32wbxx_ll_rcc.h **** /**
1324:Drivers/STM32WBxx_HAL_Driver/Inc/stm32wbxx_ll_rcc.h ****   * @brief  Disable HSE crystal oscillator (HSE ON)
1325:Drivers/STM32WBxx_HAL_Driver/Inc/stm32wbxx_ll_rcc.h ****   * @rmtoll CR           HSEON         LL_RCC_HSE_Disable
1326:Drivers/STM32WBxx_HAL_Driver/Inc/stm32wbxx_ll_rcc.h ****   * @retval None
1327:Drivers/STM32WBxx_HAL_Driver/Inc/stm32wbxx_ll_rcc.h ****   */
1328:Drivers/STM32WBxx_HAL_Driver/Inc/stm32wbxx_ll_rcc.h **** __STATIC_INLINE void LL_RCC_HSE_Disable(void)
1329:Drivers/STM32WBxx_HAL_Driver/Inc/stm32wbxx_ll_rcc.h **** {
1330:Drivers/STM32WBxx_HAL_Driver/Inc/stm32wbxx_ll_rcc.h ****   CLEAR_BIT(RCC->CR, RCC_CR_HSEON);
1331:Drivers/STM32WBxx_HAL_Driver/Inc/stm32wbxx_ll_rcc.h **** }
1332:Drivers/STM32WBxx_HAL_Driver/Inc/stm32wbxx_ll_rcc.h **** 
1333:Drivers/STM32WBxx_HAL_Driver/Inc/stm32wbxx_ll_rcc.h **** /**
1334:Drivers/STM32WBxx_HAL_Driver/Inc/stm32wbxx_ll_rcc.h ****   * @brief  Check if HSE oscillator Ready
1335:Drivers/STM32WBxx_HAL_Driver/Inc/stm32wbxx_ll_rcc.h ****   * @rmtoll CR           HSERDY        LL_RCC_HSE_IsReady
1336:Drivers/STM32WBxx_HAL_Driver/Inc/stm32wbxx_ll_rcc.h ****   * @retval State of bit (1 or 0).
1337:Drivers/STM32WBxx_HAL_Driver/Inc/stm32wbxx_ll_rcc.h ****   */
1338:Drivers/STM32WBxx_HAL_Driver/Inc/stm32wbxx_ll_rcc.h **** __STATIC_INLINE uint32_t LL_RCC_HSE_IsReady(void)
1339:Drivers/STM32WBxx_HAL_Driver/Inc/stm32wbxx_ll_rcc.h **** {
1340:Drivers/STM32WBxx_HAL_Driver/Inc/stm32wbxx_ll_rcc.h ****   return ((READ_BIT(RCC->CR, RCC_CR_HSERDY) == (RCC_CR_HSERDY)) ? 1UL : 0UL);
ARM GAS  /var/folders/98/ctz5mtps7w71v8dr53cf5qg40000gn/T//ccdzqVkO.s 			page 61


1341:Drivers/STM32WBxx_HAL_Driver/Inc/stm32wbxx_ll_rcc.h **** }
1342:Drivers/STM32WBxx_HAL_Driver/Inc/stm32wbxx_ll_rcc.h **** 
1343:Drivers/STM32WBxx_HAL_Driver/Inc/stm32wbxx_ll_rcc.h **** /**
1344:Drivers/STM32WBxx_HAL_Driver/Inc/stm32wbxx_ll_rcc.h ****   * @brief  Check if HSE clock control register is locked or not
1345:Drivers/STM32WBxx_HAL_Driver/Inc/stm32wbxx_ll_rcc.h ****   * @rmtoll HSECR           UNLOCKED        LL_RCC_HSE_IsClockControlLocked
1346:Drivers/STM32WBxx_HAL_Driver/Inc/stm32wbxx_ll_rcc.h ****   * @retval State of bit (1 or 0).
1347:Drivers/STM32WBxx_HAL_Driver/Inc/stm32wbxx_ll_rcc.h ****   */
1348:Drivers/STM32WBxx_HAL_Driver/Inc/stm32wbxx_ll_rcc.h **** __STATIC_INLINE uint32_t LL_RCC_HSE_IsClockControlLocked(void)
1349:Drivers/STM32WBxx_HAL_Driver/Inc/stm32wbxx_ll_rcc.h **** {
1350:Drivers/STM32WBxx_HAL_Driver/Inc/stm32wbxx_ll_rcc.h ****   return ((READ_BIT(RCC->HSECR, RCC_HSECR_UNLOCKED) != (RCC_HSECR_UNLOCKED)) ? 1UL : 0UL);
1351:Drivers/STM32WBxx_HAL_Driver/Inc/stm32wbxx_ll_rcc.h **** }
1352:Drivers/STM32WBxx_HAL_Driver/Inc/stm32wbxx_ll_rcc.h **** 
1353:Drivers/STM32WBxx_HAL_Driver/Inc/stm32wbxx_ll_rcc.h **** /**
1354:Drivers/STM32WBxx_HAL_Driver/Inc/stm32wbxx_ll_rcc.h ****   * @brief  Set HSE capacitor tuning
1355:Drivers/STM32WBxx_HAL_Driver/Inc/stm32wbxx_ll_rcc.h ****   * @rmtoll HSECR        HSETUNE       LL_RCC_HSE_SetCapacitorTuning
1356:Drivers/STM32WBxx_HAL_Driver/Inc/stm32wbxx_ll_rcc.h ****   * @param  Value Between Min_Data = 0 and Max_Data = 63
1357:Drivers/STM32WBxx_HAL_Driver/Inc/stm32wbxx_ll_rcc.h ****   * @retval None
1358:Drivers/STM32WBxx_HAL_Driver/Inc/stm32wbxx_ll_rcc.h ****   */
1359:Drivers/STM32WBxx_HAL_Driver/Inc/stm32wbxx_ll_rcc.h **** __STATIC_INLINE void LL_RCC_HSE_SetCapacitorTuning(uint32_t Value)
1360:Drivers/STM32WBxx_HAL_Driver/Inc/stm32wbxx_ll_rcc.h **** {
1361:Drivers/STM32WBxx_HAL_Driver/Inc/stm32wbxx_ll_rcc.h ****   WRITE_REG(RCC->HSECR, HSE_CONTROL_UNLOCK_KEY);
1362:Drivers/STM32WBxx_HAL_Driver/Inc/stm32wbxx_ll_rcc.h ****   MODIFY_REG(RCC->HSECR, RCC_HSECR_HSETUNE, Value << RCC_HSECR_HSETUNE_Pos);
1363:Drivers/STM32WBxx_HAL_Driver/Inc/stm32wbxx_ll_rcc.h **** }
1364:Drivers/STM32WBxx_HAL_Driver/Inc/stm32wbxx_ll_rcc.h **** 
1365:Drivers/STM32WBxx_HAL_Driver/Inc/stm32wbxx_ll_rcc.h **** /**
1366:Drivers/STM32WBxx_HAL_Driver/Inc/stm32wbxx_ll_rcc.h ****   * @brief  Get HSE capacitor tuning
1367:Drivers/STM32WBxx_HAL_Driver/Inc/stm32wbxx_ll_rcc.h ****   * @rmtoll HSECR        HSETUNE       LL_RCC_HSE_GetCapacitorTuning
1368:Drivers/STM32WBxx_HAL_Driver/Inc/stm32wbxx_ll_rcc.h ****   * @retval Between Min_Data = 0 and Max_Data = 63
1369:Drivers/STM32WBxx_HAL_Driver/Inc/stm32wbxx_ll_rcc.h ****   */
1370:Drivers/STM32WBxx_HAL_Driver/Inc/stm32wbxx_ll_rcc.h **** __STATIC_INLINE uint32_t LL_RCC_HSE_GetCapacitorTuning(void)
1371:Drivers/STM32WBxx_HAL_Driver/Inc/stm32wbxx_ll_rcc.h **** {
1372:Drivers/STM32WBxx_HAL_Driver/Inc/stm32wbxx_ll_rcc.h ****   return (uint32_t)(READ_BIT(RCC->HSECR, RCC_HSECR_HSETUNE) >> RCC_HSECR_HSETUNE_Pos);
1373:Drivers/STM32WBxx_HAL_Driver/Inc/stm32wbxx_ll_rcc.h **** }
1374:Drivers/STM32WBxx_HAL_Driver/Inc/stm32wbxx_ll_rcc.h **** 
1375:Drivers/STM32WBxx_HAL_Driver/Inc/stm32wbxx_ll_rcc.h **** /**
1376:Drivers/STM32WBxx_HAL_Driver/Inc/stm32wbxx_ll_rcc.h ****   * @brief  Set HSE current control
1377:Drivers/STM32WBxx_HAL_Driver/Inc/stm32wbxx_ll_rcc.h ****   * @rmtoll HSECR        HSEGMC       LL_RCC_HSE_SetCurrentControl
1378:Drivers/STM32WBxx_HAL_Driver/Inc/stm32wbxx_ll_rcc.h ****   * @param  CurrentMax This parameter can be one of the following values:
1379:Drivers/STM32WBxx_HAL_Driver/Inc/stm32wbxx_ll_rcc.h ****   *         @arg @ref LL_RCC_HSE_CURRENTMAX_0
1380:Drivers/STM32WBxx_HAL_Driver/Inc/stm32wbxx_ll_rcc.h ****   *         @arg @ref LL_RCC_HSE_CURRENTMAX_1
1381:Drivers/STM32WBxx_HAL_Driver/Inc/stm32wbxx_ll_rcc.h ****   *         @arg @ref LL_RCC_HSE_CURRENTMAX_2
1382:Drivers/STM32WBxx_HAL_Driver/Inc/stm32wbxx_ll_rcc.h ****   *         @arg @ref LL_RCC_HSE_CURRENTMAX_3
1383:Drivers/STM32WBxx_HAL_Driver/Inc/stm32wbxx_ll_rcc.h ****   *         @arg @ref LL_RCC_HSE_CURRENTMAX_4
1384:Drivers/STM32WBxx_HAL_Driver/Inc/stm32wbxx_ll_rcc.h ****   *         @arg @ref LL_RCC_HSE_CURRENTMAX_5
1385:Drivers/STM32WBxx_HAL_Driver/Inc/stm32wbxx_ll_rcc.h ****   *         @arg @ref LL_RCC_HSE_CURRENTMAX_6
1386:Drivers/STM32WBxx_HAL_Driver/Inc/stm32wbxx_ll_rcc.h ****   *         @arg @ref LL_RCC_HSE_CURRENTMAX_7
1387:Drivers/STM32WBxx_HAL_Driver/Inc/stm32wbxx_ll_rcc.h ****   */
1388:Drivers/STM32WBxx_HAL_Driver/Inc/stm32wbxx_ll_rcc.h **** __STATIC_INLINE void LL_RCC_HSE_SetCurrentControl(uint32_t CurrentMax)
1389:Drivers/STM32WBxx_HAL_Driver/Inc/stm32wbxx_ll_rcc.h **** {
1390:Drivers/STM32WBxx_HAL_Driver/Inc/stm32wbxx_ll_rcc.h ****   WRITE_REG(RCC->HSECR, HSE_CONTROL_UNLOCK_KEY);
1391:Drivers/STM32WBxx_HAL_Driver/Inc/stm32wbxx_ll_rcc.h ****   MODIFY_REG(RCC->HSECR, RCC_HSECR_HSEGMC, CurrentMax);
1392:Drivers/STM32WBxx_HAL_Driver/Inc/stm32wbxx_ll_rcc.h **** }
1393:Drivers/STM32WBxx_HAL_Driver/Inc/stm32wbxx_ll_rcc.h **** 
1394:Drivers/STM32WBxx_HAL_Driver/Inc/stm32wbxx_ll_rcc.h **** /**
1395:Drivers/STM32WBxx_HAL_Driver/Inc/stm32wbxx_ll_rcc.h ****   * @brief  Get HSE current control
1396:Drivers/STM32WBxx_HAL_Driver/Inc/stm32wbxx_ll_rcc.h ****   * @rmtoll HSECR        HSEGMC       LL_RCC_HSE_GetCurrentControl
1397:Drivers/STM32WBxx_HAL_Driver/Inc/stm32wbxx_ll_rcc.h ****   * @retval Returned value can be one of the following values:
ARM GAS  /var/folders/98/ctz5mtps7w71v8dr53cf5qg40000gn/T//ccdzqVkO.s 			page 62


1398:Drivers/STM32WBxx_HAL_Driver/Inc/stm32wbxx_ll_rcc.h ****   *         @arg @ref LL_RCC_HSE_CURRENTMAX_0
1399:Drivers/STM32WBxx_HAL_Driver/Inc/stm32wbxx_ll_rcc.h ****   *         @arg @ref LL_RCC_HSE_CURRENTMAX_1
1400:Drivers/STM32WBxx_HAL_Driver/Inc/stm32wbxx_ll_rcc.h ****   *         @arg @ref LL_RCC_HSE_CURRENTMAX_2
1401:Drivers/STM32WBxx_HAL_Driver/Inc/stm32wbxx_ll_rcc.h ****   *         @arg @ref LL_RCC_HSE_CURRENTMAX_3
1402:Drivers/STM32WBxx_HAL_Driver/Inc/stm32wbxx_ll_rcc.h ****   *         @arg @ref LL_RCC_HSE_CURRENTMAX_4
1403:Drivers/STM32WBxx_HAL_Driver/Inc/stm32wbxx_ll_rcc.h ****   *         @arg @ref LL_RCC_HSE_CURRENTMAX_5
1404:Drivers/STM32WBxx_HAL_Driver/Inc/stm32wbxx_ll_rcc.h ****   *         @arg @ref LL_RCC_HSE_CURRENTMAX_6
1405:Drivers/STM32WBxx_HAL_Driver/Inc/stm32wbxx_ll_rcc.h ****   *         @arg @ref LL_RCC_HSE_CURRENTMAX_7
1406:Drivers/STM32WBxx_HAL_Driver/Inc/stm32wbxx_ll_rcc.h ****   */
1407:Drivers/STM32WBxx_HAL_Driver/Inc/stm32wbxx_ll_rcc.h **** __STATIC_INLINE uint32_t LL_RCC_HSE_GetCurrentControl(void)
1408:Drivers/STM32WBxx_HAL_Driver/Inc/stm32wbxx_ll_rcc.h **** {
1409:Drivers/STM32WBxx_HAL_Driver/Inc/stm32wbxx_ll_rcc.h ****   return (uint32_t)(READ_BIT(RCC->HSECR, RCC_HSECR_HSEGMC));
1410:Drivers/STM32WBxx_HAL_Driver/Inc/stm32wbxx_ll_rcc.h **** }
1411:Drivers/STM32WBxx_HAL_Driver/Inc/stm32wbxx_ll_rcc.h **** 
1412:Drivers/STM32WBxx_HAL_Driver/Inc/stm32wbxx_ll_rcc.h **** /**
1413:Drivers/STM32WBxx_HAL_Driver/Inc/stm32wbxx_ll_rcc.h ****   * @brief  Set HSE sense amplifier threshold
1414:Drivers/STM32WBxx_HAL_Driver/Inc/stm32wbxx_ll_rcc.h ****   * @rmtoll HSECR        HSES       LL_RCC_HSE_SetSenseAmplifier
1415:Drivers/STM32WBxx_HAL_Driver/Inc/stm32wbxx_ll_rcc.h ****   * @param  SenseAmplifier This parameter can be one of the following values:
1416:Drivers/STM32WBxx_HAL_Driver/Inc/stm32wbxx_ll_rcc.h ****   *         @arg @ref LL_RCC_HSEAMPTHRESHOLD_1_2
1417:Drivers/STM32WBxx_HAL_Driver/Inc/stm32wbxx_ll_rcc.h ****   *         @arg @ref LL_RCC_HSEAMPTHRESHOLD_3_4
1418:Drivers/STM32WBxx_HAL_Driver/Inc/stm32wbxx_ll_rcc.h ****   */
1419:Drivers/STM32WBxx_HAL_Driver/Inc/stm32wbxx_ll_rcc.h **** __STATIC_INLINE void LL_RCC_HSE_SetSenseAmplifier(uint32_t SenseAmplifier)
1420:Drivers/STM32WBxx_HAL_Driver/Inc/stm32wbxx_ll_rcc.h **** {
1421:Drivers/STM32WBxx_HAL_Driver/Inc/stm32wbxx_ll_rcc.h ****   WRITE_REG(RCC->HSECR, HSE_CONTROL_UNLOCK_KEY);
1422:Drivers/STM32WBxx_HAL_Driver/Inc/stm32wbxx_ll_rcc.h ****   MODIFY_REG(RCC->HSECR, RCC_HSECR_HSES, SenseAmplifier);
1423:Drivers/STM32WBxx_HAL_Driver/Inc/stm32wbxx_ll_rcc.h **** }
1424:Drivers/STM32WBxx_HAL_Driver/Inc/stm32wbxx_ll_rcc.h **** 
1425:Drivers/STM32WBxx_HAL_Driver/Inc/stm32wbxx_ll_rcc.h **** /**
1426:Drivers/STM32WBxx_HAL_Driver/Inc/stm32wbxx_ll_rcc.h ****   * @brief  Get HSE current control
1427:Drivers/STM32WBxx_HAL_Driver/Inc/stm32wbxx_ll_rcc.h ****   * @rmtoll HSECR        HSES       LL_RCC_HSE_GetSenseAmplifier
1428:Drivers/STM32WBxx_HAL_Driver/Inc/stm32wbxx_ll_rcc.h ****   * @retval Returned value can be one of the following values:
1429:Drivers/STM32WBxx_HAL_Driver/Inc/stm32wbxx_ll_rcc.h ****   *         @arg @ref LL_RCC_HSEAMPTHRESHOLD_1_2
1430:Drivers/STM32WBxx_HAL_Driver/Inc/stm32wbxx_ll_rcc.h ****   *         @arg @ref LL_RCC_HSEAMPTHRESHOLD_3_4
1431:Drivers/STM32WBxx_HAL_Driver/Inc/stm32wbxx_ll_rcc.h ****   */
1432:Drivers/STM32WBxx_HAL_Driver/Inc/stm32wbxx_ll_rcc.h **** __STATIC_INLINE uint32_t LL_RCC_HSE_GetSenseAmplifier(void)
1433:Drivers/STM32WBxx_HAL_Driver/Inc/stm32wbxx_ll_rcc.h **** {
1434:Drivers/STM32WBxx_HAL_Driver/Inc/stm32wbxx_ll_rcc.h ****   return (uint32_t)(READ_BIT(RCC->HSECR, RCC_HSECR_HSES));
1435:Drivers/STM32WBxx_HAL_Driver/Inc/stm32wbxx_ll_rcc.h **** }
1436:Drivers/STM32WBxx_HAL_Driver/Inc/stm32wbxx_ll_rcc.h **** /**
1437:Drivers/STM32WBxx_HAL_Driver/Inc/stm32wbxx_ll_rcc.h ****   * @}
1438:Drivers/STM32WBxx_HAL_Driver/Inc/stm32wbxx_ll_rcc.h ****   */
1439:Drivers/STM32WBxx_HAL_Driver/Inc/stm32wbxx_ll_rcc.h **** 
1440:Drivers/STM32WBxx_HAL_Driver/Inc/stm32wbxx_ll_rcc.h **** /** @defgroup RCC_LL_EF_HSI HSI
1441:Drivers/STM32WBxx_HAL_Driver/Inc/stm32wbxx_ll_rcc.h ****   * @{
1442:Drivers/STM32WBxx_HAL_Driver/Inc/stm32wbxx_ll_rcc.h ****   */
1443:Drivers/STM32WBxx_HAL_Driver/Inc/stm32wbxx_ll_rcc.h **** 
1444:Drivers/STM32WBxx_HAL_Driver/Inc/stm32wbxx_ll_rcc.h **** /**
1445:Drivers/STM32WBxx_HAL_Driver/Inc/stm32wbxx_ll_rcc.h ****   * @brief  Enable HSI even in stop mode
1446:Drivers/STM32WBxx_HAL_Driver/Inc/stm32wbxx_ll_rcc.h ****   * @note HSI oscillator is forced ON even in Stop mode
1447:Drivers/STM32WBxx_HAL_Driver/Inc/stm32wbxx_ll_rcc.h ****   * @rmtoll CR           HSIKERON      LL_RCC_HSI_EnableInStopMode
1448:Drivers/STM32WBxx_HAL_Driver/Inc/stm32wbxx_ll_rcc.h ****   * @retval None
1449:Drivers/STM32WBxx_HAL_Driver/Inc/stm32wbxx_ll_rcc.h ****   */
1450:Drivers/STM32WBxx_HAL_Driver/Inc/stm32wbxx_ll_rcc.h **** __STATIC_INLINE void LL_RCC_HSI_EnableInStopMode(void)
1451:Drivers/STM32WBxx_HAL_Driver/Inc/stm32wbxx_ll_rcc.h **** {
1452:Drivers/STM32WBxx_HAL_Driver/Inc/stm32wbxx_ll_rcc.h ****   SET_BIT(RCC->CR, RCC_CR_HSIKERON);
1453:Drivers/STM32WBxx_HAL_Driver/Inc/stm32wbxx_ll_rcc.h **** }
1454:Drivers/STM32WBxx_HAL_Driver/Inc/stm32wbxx_ll_rcc.h **** 
ARM GAS  /var/folders/98/ctz5mtps7w71v8dr53cf5qg40000gn/T//ccdzqVkO.s 			page 63


1455:Drivers/STM32WBxx_HAL_Driver/Inc/stm32wbxx_ll_rcc.h **** /**
1456:Drivers/STM32WBxx_HAL_Driver/Inc/stm32wbxx_ll_rcc.h ****   * @brief  Disable HSI in stop mode
1457:Drivers/STM32WBxx_HAL_Driver/Inc/stm32wbxx_ll_rcc.h ****   * @rmtoll CR           HSIKERON      LL_RCC_HSI_DisableInStopMode
1458:Drivers/STM32WBxx_HAL_Driver/Inc/stm32wbxx_ll_rcc.h ****   * @retval None
1459:Drivers/STM32WBxx_HAL_Driver/Inc/stm32wbxx_ll_rcc.h ****   */
1460:Drivers/STM32WBxx_HAL_Driver/Inc/stm32wbxx_ll_rcc.h **** __STATIC_INLINE void LL_RCC_HSI_DisableInStopMode(void)
1461:Drivers/STM32WBxx_HAL_Driver/Inc/stm32wbxx_ll_rcc.h **** {
1462:Drivers/STM32WBxx_HAL_Driver/Inc/stm32wbxx_ll_rcc.h ****   CLEAR_BIT(RCC->CR, RCC_CR_HSIKERON);
1463:Drivers/STM32WBxx_HAL_Driver/Inc/stm32wbxx_ll_rcc.h **** }
1464:Drivers/STM32WBxx_HAL_Driver/Inc/stm32wbxx_ll_rcc.h **** 
1465:Drivers/STM32WBxx_HAL_Driver/Inc/stm32wbxx_ll_rcc.h **** /**
1466:Drivers/STM32WBxx_HAL_Driver/Inc/stm32wbxx_ll_rcc.h ****   * @brief  Check if HSI in stop mode is ready
1467:Drivers/STM32WBxx_HAL_Driver/Inc/stm32wbxx_ll_rcc.h ****   * @rmtoll CR           HSIKERON        LL_RCC_HSI_IsEnabledInStopMode
1468:Drivers/STM32WBxx_HAL_Driver/Inc/stm32wbxx_ll_rcc.h ****   * @retval State of bit (1 or 0).
1469:Drivers/STM32WBxx_HAL_Driver/Inc/stm32wbxx_ll_rcc.h ****   */
1470:Drivers/STM32WBxx_HAL_Driver/Inc/stm32wbxx_ll_rcc.h **** __STATIC_INLINE uint32_t LL_RCC_HSI_IsEnabledInStopMode(void)
1471:Drivers/STM32WBxx_HAL_Driver/Inc/stm32wbxx_ll_rcc.h **** {
1472:Drivers/STM32WBxx_HAL_Driver/Inc/stm32wbxx_ll_rcc.h ****   return ((READ_BIT(RCC->CR, RCC_CR_HSIKERON) == (RCC_CR_HSIKERON)) ? 1UL : 0UL);
1473:Drivers/STM32WBxx_HAL_Driver/Inc/stm32wbxx_ll_rcc.h **** }
1474:Drivers/STM32WBxx_HAL_Driver/Inc/stm32wbxx_ll_rcc.h **** 
1475:Drivers/STM32WBxx_HAL_Driver/Inc/stm32wbxx_ll_rcc.h **** /**
1476:Drivers/STM32WBxx_HAL_Driver/Inc/stm32wbxx_ll_rcc.h ****   * @brief  Enable HSI oscillator
1477:Drivers/STM32WBxx_HAL_Driver/Inc/stm32wbxx_ll_rcc.h ****   * @rmtoll CR           HSION         LL_RCC_HSI_Enable
1478:Drivers/STM32WBxx_HAL_Driver/Inc/stm32wbxx_ll_rcc.h ****   * @retval None
1479:Drivers/STM32WBxx_HAL_Driver/Inc/stm32wbxx_ll_rcc.h ****   */
1480:Drivers/STM32WBxx_HAL_Driver/Inc/stm32wbxx_ll_rcc.h **** __STATIC_INLINE void LL_RCC_HSI_Enable(void)
1481:Drivers/STM32WBxx_HAL_Driver/Inc/stm32wbxx_ll_rcc.h **** {
1482:Drivers/STM32WBxx_HAL_Driver/Inc/stm32wbxx_ll_rcc.h ****   SET_BIT(RCC->CR, RCC_CR_HSION);
1483:Drivers/STM32WBxx_HAL_Driver/Inc/stm32wbxx_ll_rcc.h **** }
1484:Drivers/STM32WBxx_HAL_Driver/Inc/stm32wbxx_ll_rcc.h **** 
1485:Drivers/STM32WBxx_HAL_Driver/Inc/stm32wbxx_ll_rcc.h **** /**
1486:Drivers/STM32WBxx_HAL_Driver/Inc/stm32wbxx_ll_rcc.h ****   * @brief  Disable HSI oscillator
1487:Drivers/STM32WBxx_HAL_Driver/Inc/stm32wbxx_ll_rcc.h ****   * @rmtoll CR           HSION         LL_RCC_HSI_Disable
1488:Drivers/STM32WBxx_HAL_Driver/Inc/stm32wbxx_ll_rcc.h ****   * @retval None
1489:Drivers/STM32WBxx_HAL_Driver/Inc/stm32wbxx_ll_rcc.h ****   */
1490:Drivers/STM32WBxx_HAL_Driver/Inc/stm32wbxx_ll_rcc.h **** __STATIC_INLINE void LL_RCC_HSI_Disable(void)
1491:Drivers/STM32WBxx_HAL_Driver/Inc/stm32wbxx_ll_rcc.h **** {
1492:Drivers/STM32WBxx_HAL_Driver/Inc/stm32wbxx_ll_rcc.h ****   CLEAR_BIT(RCC->CR, RCC_CR_HSION);
1493:Drivers/STM32WBxx_HAL_Driver/Inc/stm32wbxx_ll_rcc.h **** }
1494:Drivers/STM32WBxx_HAL_Driver/Inc/stm32wbxx_ll_rcc.h **** 
1495:Drivers/STM32WBxx_HAL_Driver/Inc/stm32wbxx_ll_rcc.h **** /**
1496:Drivers/STM32WBxx_HAL_Driver/Inc/stm32wbxx_ll_rcc.h ****   * @brief  Check if HSI clock is ready
1497:Drivers/STM32WBxx_HAL_Driver/Inc/stm32wbxx_ll_rcc.h ****   * @rmtoll CR           HSIRDY        LL_RCC_HSI_IsReady
1498:Drivers/STM32WBxx_HAL_Driver/Inc/stm32wbxx_ll_rcc.h ****   * @retval State of bit (1 or 0).
1499:Drivers/STM32WBxx_HAL_Driver/Inc/stm32wbxx_ll_rcc.h ****   */
1500:Drivers/STM32WBxx_HAL_Driver/Inc/stm32wbxx_ll_rcc.h **** __STATIC_INLINE uint32_t LL_RCC_HSI_IsReady(void)
1501:Drivers/STM32WBxx_HAL_Driver/Inc/stm32wbxx_ll_rcc.h **** {
1502:Drivers/STM32WBxx_HAL_Driver/Inc/stm32wbxx_ll_rcc.h ****   return ((READ_BIT(RCC->CR, RCC_CR_HSIRDY) == (RCC_CR_HSIRDY)) ? 1UL : 0UL);
1503:Drivers/STM32WBxx_HAL_Driver/Inc/stm32wbxx_ll_rcc.h **** }
1504:Drivers/STM32WBxx_HAL_Driver/Inc/stm32wbxx_ll_rcc.h **** 
1505:Drivers/STM32WBxx_HAL_Driver/Inc/stm32wbxx_ll_rcc.h **** /**
1506:Drivers/STM32WBxx_HAL_Driver/Inc/stm32wbxx_ll_rcc.h ****   * @brief  Enable HSI Automatic from stop mode
1507:Drivers/STM32WBxx_HAL_Driver/Inc/stm32wbxx_ll_rcc.h ****   * @rmtoll CR           HSIASFS       LL_RCC_HSI_EnableAutoFromStop
1508:Drivers/STM32WBxx_HAL_Driver/Inc/stm32wbxx_ll_rcc.h ****   * @retval None
1509:Drivers/STM32WBxx_HAL_Driver/Inc/stm32wbxx_ll_rcc.h ****   */
1510:Drivers/STM32WBxx_HAL_Driver/Inc/stm32wbxx_ll_rcc.h **** __STATIC_INLINE void LL_RCC_HSI_EnableAutoFromStop(void)
1511:Drivers/STM32WBxx_HAL_Driver/Inc/stm32wbxx_ll_rcc.h **** {
ARM GAS  /var/folders/98/ctz5mtps7w71v8dr53cf5qg40000gn/T//ccdzqVkO.s 			page 64


1512:Drivers/STM32WBxx_HAL_Driver/Inc/stm32wbxx_ll_rcc.h ****   SET_BIT(RCC->CR, RCC_CR_HSIASFS);
1513:Drivers/STM32WBxx_HAL_Driver/Inc/stm32wbxx_ll_rcc.h **** }
1514:Drivers/STM32WBxx_HAL_Driver/Inc/stm32wbxx_ll_rcc.h **** 
1515:Drivers/STM32WBxx_HAL_Driver/Inc/stm32wbxx_ll_rcc.h **** /**
1516:Drivers/STM32WBxx_HAL_Driver/Inc/stm32wbxx_ll_rcc.h ****   * @brief  Disable HSI Automatic from stop mode
1517:Drivers/STM32WBxx_HAL_Driver/Inc/stm32wbxx_ll_rcc.h ****   * @rmtoll CR           HSIASFS       LL_RCC_HSI_DisableAutoFromStop
1518:Drivers/STM32WBxx_HAL_Driver/Inc/stm32wbxx_ll_rcc.h ****   * @retval None
1519:Drivers/STM32WBxx_HAL_Driver/Inc/stm32wbxx_ll_rcc.h ****   */
1520:Drivers/STM32WBxx_HAL_Driver/Inc/stm32wbxx_ll_rcc.h **** __STATIC_INLINE void LL_RCC_HSI_DisableAutoFromStop(void)
1521:Drivers/STM32WBxx_HAL_Driver/Inc/stm32wbxx_ll_rcc.h **** {
1522:Drivers/STM32WBxx_HAL_Driver/Inc/stm32wbxx_ll_rcc.h ****   CLEAR_BIT(RCC->CR, RCC_CR_HSIASFS);
1523:Drivers/STM32WBxx_HAL_Driver/Inc/stm32wbxx_ll_rcc.h **** }
1524:Drivers/STM32WBxx_HAL_Driver/Inc/stm32wbxx_ll_rcc.h **** /**
1525:Drivers/STM32WBxx_HAL_Driver/Inc/stm32wbxx_ll_rcc.h ****   * @brief  Get HSI Calibration value
1526:Drivers/STM32WBxx_HAL_Driver/Inc/stm32wbxx_ll_rcc.h ****   * @note When HSITRIM is written, HSICAL is updated with the sum of
1527:Drivers/STM32WBxx_HAL_Driver/Inc/stm32wbxx_ll_rcc.h ****   *       HSITRIM and the factory trim value
1528:Drivers/STM32WBxx_HAL_Driver/Inc/stm32wbxx_ll_rcc.h ****   * @rmtoll ICSCR        HSICAL        LL_RCC_HSI_GetCalibration
1529:Drivers/STM32WBxx_HAL_Driver/Inc/stm32wbxx_ll_rcc.h ****   * @retval Between Min_Data = 0x00 and Max_Data = 0xFF
1530:Drivers/STM32WBxx_HAL_Driver/Inc/stm32wbxx_ll_rcc.h ****   */
1531:Drivers/STM32WBxx_HAL_Driver/Inc/stm32wbxx_ll_rcc.h **** __STATIC_INLINE uint32_t LL_RCC_HSI_GetCalibration(void)
1532:Drivers/STM32WBxx_HAL_Driver/Inc/stm32wbxx_ll_rcc.h **** {
1533:Drivers/STM32WBxx_HAL_Driver/Inc/stm32wbxx_ll_rcc.h ****   return (uint32_t)(READ_BIT(RCC->ICSCR, RCC_ICSCR_HSICAL) >> RCC_ICSCR_HSICAL_Pos);
1534:Drivers/STM32WBxx_HAL_Driver/Inc/stm32wbxx_ll_rcc.h **** }
1535:Drivers/STM32WBxx_HAL_Driver/Inc/stm32wbxx_ll_rcc.h **** 
1536:Drivers/STM32WBxx_HAL_Driver/Inc/stm32wbxx_ll_rcc.h **** /**
1537:Drivers/STM32WBxx_HAL_Driver/Inc/stm32wbxx_ll_rcc.h ****   * @brief  Set HSI Calibration trimming
1538:Drivers/STM32WBxx_HAL_Driver/Inc/stm32wbxx_ll_rcc.h ****   * @note user-programmable trimming value that is added to the HSICAL
1539:Drivers/STM32WBxx_HAL_Driver/Inc/stm32wbxx_ll_rcc.h ****   * @note Default value is 64, which, when added to the HSICAL value,
1540:Drivers/STM32WBxx_HAL_Driver/Inc/stm32wbxx_ll_rcc.h ****   *       should trim the HSI to 16 MHz +/- 1 %
1541:Drivers/STM32WBxx_HAL_Driver/Inc/stm32wbxx_ll_rcc.h ****   * @rmtoll ICSCR        HSITRIM       LL_RCC_HSI_SetCalibTrimming
1542:Drivers/STM32WBxx_HAL_Driver/Inc/stm32wbxx_ll_rcc.h ****   * @param  Value Between Min_Data = 0 and Max_Data = 127
1543:Drivers/STM32WBxx_HAL_Driver/Inc/stm32wbxx_ll_rcc.h ****   * @retval None
1544:Drivers/STM32WBxx_HAL_Driver/Inc/stm32wbxx_ll_rcc.h ****   */
1545:Drivers/STM32WBxx_HAL_Driver/Inc/stm32wbxx_ll_rcc.h **** __STATIC_INLINE void LL_RCC_HSI_SetCalibTrimming(uint32_t Value)
1546:Drivers/STM32WBxx_HAL_Driver/Inc/stm32wbxx_ll_rcc.h **** {
1547:Drivers/STM32WBxx_HAL_Driver/Inc/stm32wbxx_ll_rcc.h ****   MODIFY_REG(RCC->ICSCR, RCC_ICSCR_HSITRIM, Value << RCC_ICSCR_HSITRIM_Pos);
1548:Drivers/STM32WBxx_HAL_Driver/Inc/stm32wbxx_ll_rcc.h **** }
1549:Drivers/STM32WBxx_HAL_Driver/Inc/stm32wbxx_ll_rcc.h **** 
1550:Drivers/STM32WBxx_HAL_Driver/Inc/stm32wbxx_ll_rcc.h **** /**
1551:Drivers/STM32WBxx_HAL_Driver/Inc/stm32wbxx_ll_rcc.h ****   * @brief  Get HSI Calibration trimming
1552:Drivers/STM32WBxx_HAL_Driver/Inc/stm32wbxx_ll_rcc.h ****   * @rmtoll ICSCR        HSITRIM       LL_RCC_HSI_GetCalibTrimming
1553:Drivers/STM32WBxx_HAL_Driver/Inc/stm32wbxx_ll_rcc.h ****   * @retval Between Min_Data = 0 and Max_Data = 127
1554:Drivers/STM32WBxx_HAL_Driver/Inc/stm32wbxx_ll_rcc.h ****   */
1555:Drivers/STM32WBxx_HAL_Driver/Inc/stm32wbxx_ll_rcc.h **** __STATIC_INLINE uint32_t LL_RCC_HSI_GetCalibTrimming(void)
1556:Drivers/STM32WBxx_HAL_Driver/Inc/stm32wbxx_ll_rcc.h **** {
1557:Drivers/STM32WBxx_HAL_Driver/Inc/stm32wbxx_ll_rcc.h ****   return (uint32_t)(READ_BIT(RCC->ICSCR, RCC_ICSCR_HSITRIM) >> RCC_ICSCR_HSITRIM_Pos);
1558:Drivers/STM32WBxx_HAL_Driver/Inc/stm32wbxx_ll_rcc.h **** }
1559:Drivers/STM32WBxx_HAL_Driver/Inc/stm32wbxx_ll_rcc.h **** 
1560:Drivers/STM32WBxx_HAL_Driver/Inc/stm32wbxx_ll_rcc.h **** /**
1561:Drivers/STM32WBxx_HAL_Driver/Inc/stm32wbxx_ll_rcc.h ****   * @}
1562:Drivers/STM32WBxx_HAL_Driver/Inc/stm32wbxx_ll_rcc.h ****   */
1563:Drivers/STM32WBxx_HAL_Driver/Inc/stm32wbxx_ll_rcc.h **** 
1564:Drivers/STM32WBxx_HAL_Driver/Inc/stm32wbxx_ll_rcc.h **** #if defined(RCC_HSI48_SUPPORT)
1565:Drivers/STM32WBxx_HAL_Driver/Inc/stm32wbxx_ll_rcc.h **** /** @defgroup RCC_LL_EF_HSI48 HSI48
1566:Drivers/STM32WBxx_HAL_Driver/Inc/stm32wbxx_ll_rcc.h ****   * @{
1567:Drivers/STM32WBxx_HAL_Driver/Inc/stm32wbxx_ll_rcc.h ****   */
1568:Drivers/STM32WBxx_HAL_Driver/Inc/stm32wbxx_ll_rcc.h **** 
ARM GAS  /var/folders/98/ctz5mtps7w71v8dr53cf5qg40000gn/T//ccdzqVkO.s 			page 65


1569:Drivers/STM32WBxx_HAL_Driver/Inc/stm32wbxx_ll_rcc.h **** /**
1570:Drivers/STM32WBxx_HAL_Driver/Inc/stm32wbxx_ll_rcc.h ****   * @brief  Enable HSI48
1571:Drivers/STM32WBxx_HAL_Driver/Inc/stm32wbxx_ll_rcc.h ****   * @rmtoll CRRCR          HSI48ON       LL_RCC_HSI48_Enable
1572:Drivers/STM32WBxx_HAL_Driver/Inc/stm32wbxx_ll_rcc.h ****   * @retval None
1573:Drivers/STM32WBxx_HAL_Driver/Inc/stm32wbxx_ll_rcc.h ****   */
1574:Drivers/STM32WBxx_HAL_Driver/Inc/stm32wbxx_ll_rcc.h **** __STATIC_INLINE void LL_RCC_HSI48_Enable(void)
1575:Drivers/STM32WBxx_HAL_Driver/Inc/stm32wbxx_ll_rcc.h **** {
1576:Drivers/STM32WBxx_HAL_Driver/Inc/stm32wbxx_ll_rcc.h ****   SET_BIT(RCC->CRRCR, RCC_CRRCR_HSI48ON);
1577:Drivers/STM32WBxx_HAL_Driver/Inc/stm32wbxx_ll_rcc.h **** }
1578:Drivers/STM32WBxx_HAL_Driver/Inc/stm32wbxx_ll_rcc.h **** 
1579:Drivers/STM32WBxx_HAL_Driver/Inc/stm32wbxx_ll_rcc.h **** /**
1580:Drivers/STM32WBxx_HAL_Driver/Inc/stm32wbxx_ll_rcc.h ****   * @brief  Disable HSI48
1581:Drivers/STM32WBxx_HAL_Driver/Inc/stm32wbxx_ll_rcc.h ****   * @rmtoll CRRCR          HSI48ON       LL_RCC_HSI48_Disable
1582:Drivers/STM32WBxx_HAL_Driver/Inc/stm32wbxx_ll_rcc.h ****   * @retval None
1583:Drivers/STM32WBxx_HAL_Driver/Inc/stm32wbxx_ll_rcc.h ****   */
1584:Drivers/STM32WBxx_HAL_Driver/Inc/stm32wbxx_ll_rcc.h **** __STATIC_INLINE void LL_RCC_HSI48_Disable(void)
1585:Drivers/STM32WBxx_HAL_Driver/Inc/stm32wbxx_ll_rcc.h **** {
1586:Drivers/STM32WBxx_HAL_Driver/Inc/stm32wbxx_ll_rcc.h ****   CLEAR_BIT(RCC->CRRCR, RCC_CRRCR_HSI48ON);
1587:Drivers/STM32WBxx_HAL_Driver/Inc/stm32wbxx_ll_rcc.h **** }
1588:Drivers/STM32WBxx_HAL_Driver/Inc/stm32wbxx_ll_rcc.h **** 
1589:Drivers/STM32WBxx_HAL_Driver/Inc/stm32wbxx_ll_rcc.h **** /**
1590:Drivers/STM32WBxx_HAL_Driver/Inc/stm32wbxx_ll_rcc.h ****   * @brief  Check if HSI48 oscillator Ready
1591:Drivers/STM32WBxx_HAL_Driver/Inc/stm32wbxx_ll_rcc.h ****   * @rmtoll CRRCR          HSI48RDY      LL_RCC_HSI48_IsReady
1592:Drivers/STM32WBxx_HAL_Driver/Inc/stm32wbxx_ll_rcc.h ****   * @retval State of bit (1 or 0).
1593:Drivers/STM32WBxx_HAL_Driver/Inc/stm32wbxx_ll_rcc.h ****   */
1594:Drivers/STM32WBxx_HAL_Driver/Inc/stm32wbxx_ll_rcc.h **** __STATIC_INLINE uint32_t LL_RCC_HSI48_IsReady(void)
1595:Drivers/STM32WBxx_HAL_Driver/Inc/stm32wbxx_ll_rcc.h **** {
1596:Drivers/STM32WBxx_HAL_Driver/Inc/stm32wbxx_ll_rcc.h ****   return ((READ_BIT(RCC->CRRCR, RCC_CRRCR_HSI48RDY) == (RCC_CRRCR_HSI48RDY)) ? 1UL : 0UL);
1597:Drivers/STM32WBxx_HAL_Driver/Inc/stm32wbxx_ll_rcc.h **** }
1598:Drivers/STM32WBxx_HAL_Driver/Inc/stm32wbxx_ll_rcc.h **** 
1599:Drivers/STM32WBxx_HAL_Driver/Inc/stm32wbxx_ll_rcc.h **** /**
1600:Drivers/STM32WBxx_HAL_Driver/Inc/stm32wbxx_ll_rcc.h ****   * @brief  Get HSI48 Calibration value
1601:Drivers/STM32WBxx_HAL_Driver/Inc/stm32wbxx_ll_rcc.h ****   * @rmtoll CRRCR          HSI48CAL      LL_RCC_HSI48_GetCalibration
1602:Drivers/STM32WBxx_HAL_Driver/Inc/stm32wbxx_ll_rcc.h ****   * @retval Between Min_Data = 0x00 and Max_Data = 0x1FF
1603:Drivers/STM32WBxx_HAL_Driver/Inc/stm32wbxx_ll_rcc.h ****   */
1604:Drivers/STM32WBxx_HAL_Driver/Inc/stm32wbxx_ll_rcc.h **** __STATIC_INLINE uint32_t LL_RCC_HSI48_GetCalibration(void)
1605:Drivers/STM32WBxx_HAL_Driver/Inc/stm32wbxx_ll_rcc.h **** {
1606:Drivers/STM32WBxx_HAL_Driver/Inc/stm32wbxx_ll_rcc.h ****   return (uint32_t)(READ_BIT(RCC->CRRCR, RCC_CRRCR_HSI48CAL) >> RCC_CRRCR_HSI48CAL_Pos);
1607:Drivers/STM32WBxx_HAL_Driver/Inc/stm32wbxx_ll_rcc.h **** }
1608:Drivers/STM32WBxx_HAL_Driver/Inc/stm32wbxx_ll_rcc.h **** 
1609:Drivers/STM32WBxx_HAL_Driver/Inc/stm32wbxx_ll_rcc.h **** /**
1610:Drivers/STM32WBxx_HAL_Driver/Inc/stm32wbxx_ll_rcc.h ****   * @}
1611:Drivers/STM32WBxx_HAL_Driver/Inc/stm32wbxx_ll_rcc.h ****   */
1612:Drivers/STM32WBxx_HAL_Driver/Inc/stm32wbxx_ll_rcc.h **** #endif /* RCC_HSI48_SUPPORT */
1613:Drivers/STM32WBxx_HAL_Driver/Inc/stm32wbxx_ll_rcc.h **** 
1614:Drivers/STM32WBxx_HAL_Driver/Inc/stm32wbxx_ll_rcc.h **** /** @defgroup RCC_LL_EF_LSE LSE
1615:Drivers/STM32WBxx_HAL_Driver/Inc/stm32wbxx_ll_rcc.h ****   * @{
1616:Drivers/STM32WBxx_HAL_Driver/Inc/stm32wbxx_ll_rcc.h ****   */
1617:Drivers/STM32WBxx_HAL_Driver/Inc/stm32wbxx_ll_rcc.h **** 
1618:Drivers/STM32WBxx_HAL_Driver/Inc/stm32wbxx_ll_rcc.h **** /**
1619:Drivers/STM32WBxx_HAL_Driver/Inc/stm32wbxx_ll_rcc.h ****   * @brief  Enable  Low Speed External (LSE) crystal.
1620:Drivers/STM32WBxx_HAL_Driver/Inc/stm32wbxx_ll_rcc.h ****   * @rmtoll BDCR         LSEON         LL_RCC_LSE_Enable
1621:Drivers/STM32WBxx_HAL_Driver/Inc/stm32wbxx_ll_rcc.h ****   * @retval None
1622:Drivers/STM32WBxx_HAL_Driver/Inc/stm32wbxx_ll_rcc.h ****   */
1623:Drivers/STM32WBxx_HAL_Driver/Inc/stm32wbxx_ll_rcc.h **** __STATIC_INLINE void LL_RCC_LSE_Enable(void)
1624:Drivers/STM32WBxx_HAL_Driver/Inc/stm32wbxx_ll_rcc.h **** {
1625:Drivers/STM32WBxx_HAL_Driver/Inc/stm32wbxx_ll_rcc.h ****   SET_BIT(RCC->BDCR, RCC_BDCR_LSEON);
ARM GAS  /var/folders/98/ctz5mtps7w71v8dr53cf5qg40000gn/T//ccdzqVkO.s 			page 66


1626:Drivers/STM32WBxx_HAL_Driver/Inc/stm32wbxx_ll_rcc.h **** }
1627:Drivers/STM32WBxx_HAL_Driver/Inc/stm32wbxx_ll_rcc.h **** 
1628:Drivers/STM32WBxx_HAL_Driver/Inc/stm32wbxx_ll_rcc.h **** /**
1629:Drivers/STM32WBxx_HAL_Driver/Inc/stm32wbxx_ll_rcc.h ****   * @brief  Disable  Low Speed External (LSE) crystal.
1630:Drivers/STM32WBxx_HAL_Driver/Inc/stm32wbxx_ll_rcc.h ****   * @rmtoll BDCR         LSEON         LL_RCC_LSE_Disable
1631:Drivers/STM32WBxx_HAL_Driver/Inc/stm32wbxx_ll_rcc.h ****   * @retval None
1632:Drivers/STM32WBxx_HAL_Driver/Inc/stm32wbxx_ll_rcc.h ****   */
1633:Drivers/STM32WBxx_HAL_Driver/Inc/stm32wbxx_ll_rcc.h **** __STATIC_INLINE void LL_RCC_LSE_Disable(void)
1634:Drivers/STM32WBxx_HAL_Driver/Inc/stm32wbxx_ll_rcc.h **** {
1635:Drivers/STM32WBxx_HAL_Driver/Inc/stm32wbxx_ll_rcc.h ****   CLEAR_BIT(RCC->BDCR, RCC_BDCR_LSEON);
1636:Drivers/STM32WBxx_HAL_Driver/Inc/stm32wbxx_ll_rcc.h **** }
1637:Drivers/STM32WBxx_HAL_Driver/Inc/stm32wbxx_ll_rcc.h **** 
1638:Drivers/STM32WBxx_HAL_Driver/Inc/stm32wbxx_ll_rcc.h **** /**
1639:Drivers/STM32WBxx_HAL_Driver/Inc/stm32wbxx_ll_rcc.h ****   * @brief  Check if Low Speed External (LSE) crystal has been enabled or not
1640:Drivers/STM32WBxx_HAL_Driver/Inc/stm32wbxx_ll_rcc.h ****   * @rmtoll BDCR         LSEON         LL_RCC_LSE_IsEnabled
1641:Drivers/STM32WBxx_HAL_Driver/Inc/stm32wbxx_ll_rcc.h ****   * @retval State of bit (1 or 0).
1642:Drivers/STM32WBxx_HAL_Driver/Inc/stm32wbxx_ll_rcc.h ****   */
1643:Drivers/STM32WBxx_HAL_Driver/Inc/stm32wbxx_ll_rcc.h **** __STATIC_INLINE uint32_t LL_RCC_LSE_IsEnabled(void)
1644:Drivers/STM32WBxx_HAL_Driver/Inc/stm32wbxx_ll_rcc.h **** {
1645:Drivers/STM32WBxx_HAL_Driver/Inc/stm32wbxx_ll_rcc.h ****   return ((READ_BIT(RCC->BDCR, RCC_BDCR_LSEON) == (RCC_BDCR_LSEON)) ? 1UL : 0UL);
1646:Drivers/STM32WBxx_HAL_Driver/Inc/stm32wbxx_ll_rcc.h **** }
1647:Drivers/STM32WBxx_HAL_Driver/Inc/stm32wbxx_ll_rcc.h **** 
1648:Drivers/STM32WBxx_HAL_Driver/Inc/stm32wbxx_ll_rcc.h **** /**
1649:Drivers/STM32WBxx_HAL_Driver/Inc/stm32wbxx_ll_rcc.h ****   * @brief  Enable external clock source (LSE bypass).
1650:Drivers/STM32WBxx_HAL_Driver/Inc/stm32wbxx_ll_rcc.h ****   * @rmtoll BDCR         LSEBYP        LL_RCC_LSE_EnableBypass
1651:Drivers/STM32WBxx_HAL_Driver/Inc/stm32wbxx_ll_rcc.h ****   * @retval None
1652:Drivers/STM32WBxx_HAL_Driver/Inc/stm32wbxx_ll_rcc.h ****   */
1653:Drivers/STM32WBxx_HAL_Driver/Inc/stm32wbxx_ll_rcc.h **** __STATIC_INLINE void LL_RCC_LSE_EnableBypass(void)
1654:Drivers/STM32WBxx_HAL_Driver/Inc/stm32wbxx_ll_rcc.h **** {
1655:Drivers/STM32WBxx_HAL_Driver/Inc/stm32wbxx_ll_rcc.h ****   SET_BIT(RCC->BDCR, RCC_BDCR_LSEBYP);
1656:Drivers/STM32WBxx_HAL_Driver/Inc/stm32wbxx_ll_rcc.h **** }
1657:Drivers/STM32WBxx_HAL_Driver/Inc/stm32wbxx_ll_rcc.h **** 
1658:Drivers/STM32WBxx_HAL_Driver/Inc/stm32wbxx_ll_rcc.h **** /**
1659:Drivers/STM32WBxx_HAL_Driver/Inc/stm32wbxx_ll_rcc.h ****   * @brief  Disable external clock source (LSE bypass).
1660:Drivers/STM32WBxx_HAL_Driver/Inc/stm32wbxx_ll_rcc.h ****   * @rmtoll BDCR         LSEBYP        LL_RCC_LSE_DisableBypass
1661:Drivers/STM32WBxx_HAL_Driver/Inc/stm32wbxx_ll_rcc.h ****   * @retval None
1662:Drivers/STM32WBxx_HAL_Driver/Inc/stm32wbxx_ll_rcc.h ****   */
1663:Drivers/STM32WBxx_HAL_Driver/Inc/stm32wbxx_ll_rcc.h **** __STATIC_INLINE void LL_RCC_LSE_DisableBypass(void)
1664:Drivers/STM32WBxx_HAL_Driver/Inc/stm32wbxx_ll_rcc.h **** {
1665:Drivers/STM32WBxx_HAL_Driver/Inc/stm32wbxx_ll_rcc.h ****   CLEAR_BIT(RCC->BDCR, RCC_BDCR_LSEBYP);
1666:Drivers/STM32WBxx_HAL_Driver/Inc/stm32wbxx_ll_rcc.h **** }
1667:Drivers/STM32WBxx_HAL_Driver/Inc/stm32wbxx_ll_rcc.h **** 
1668:Drivers/STM32WBxx_HAL_Driver/Inc/stm32wbxx_ll_rcc.h **** /**
1669:Drivers/STM32WBxx_HAL_Driver/Inc/stm32wbxx_ll_rcc.h ****   * @brief  Set LSE oscillator drive capability
1670:Drivers/STM32WBxx_HAL_Driver/Inc/stm32wbxx_ll_rcc.h ****   * @note The oscillator is in Xtal mode when it is not in bypass mode.
1671:Drivers/STM32WBxx_HAL_Driver/Inc/stm32wbxx_ll_rcc.h ****   * @rmtoll BDCR         LSEDRV        LL_RCC_LSE_SetDriveCapability
1672:Drivers/STM32WBxx_HAL_Driver/Inc/stm32wbxx_ll_rcc.h ****   * @param  LSEDrive This parameter can be one of the following values:
1673:Drivers/STM32WBxx_HAL_Driver/Inc/stm32wbxx_ll_rcc.h ****   *         @arg @ref LL_RCC_LSEDRIVE_LOW
1674:Drivers/STM32WBxx_HAL_Driver/Inc/stm32wbxx_ll_rcc.h ****   *         @arg @ref LL_RCC_LSEDRIVE_MEDIUMLOW
1675:Drivers/STM32WBxx_HAL_Driver/Inc/stm32wbxx_ll_rcc.h ****   *         @arg @ref LL_RCC_LSEDRIVE_MEDIUMHIGH
1676:Drivers/STM32WBxx_HAL_Driver/Inc/stm32wbxx_ll_rcc.h ****   *         @arg @ref LL_RCC_LSEDRIVE_HIGH
1677:Drivers/STM32WBxx_HAL_Driver/Inc/stm32wbxx_ll_rcc.h ****   * @retval None
1678:Drivers/STM32WBxx_HAL_Driver/Inc/stm32wbxx_ll_rcc.h ****   */
1679:Drivers/STM32WBxx_HAL_Driver/Inc/stm32wbxx_ll_rcc.h **** __STATIC_INLINE void LL_RCC_LSE_SetDriveCapability(uint32_t LSEDrive)
1680:Drivers/STM32WBxx_HAL_Driver/Inc/stm32wbxx_ll_rcc.h **** {
1681:Drivers/STM32WBxx_HAL_Driver/Inc/stm32wbxx_ll_rcc.h ****   MODIFY_REG(RCC->BDCR, RCC_BDCR_LSEDRV, LSEDrive);
1682:Drivers/STM32WBxx_HAL_Driver/Inc/stm32wbxx_ll_rcc.h **** }
ARM GAS  /var/folders/98/ctz5mtps7w71v8dr53cf5qg40000gn/T//ccdzqVkO.s 			page 67


1683:Drivers/STM32WBxx_HAL_Driver/Inc/stm32wbxx_ll_rcc.h **** 
1684:Drivers/STM32WBxx_HAL_Driver/Inc/stm32wbxx_ll_rcc.h **** /**
1685:Drivers/STM32WBxx_HAL_Driver/Inc/stm32wbxx_ll_rcc.h ****   * @brief  Get LSE oscillator drive capability
1686:Drivers/STM32WBxx_HAL_Driver/Inc/stm32wbxx_ll_rcc.h ****   * @rmtoll BDCR         LSEDRV        LL_RCC_LSE_GetDriveCapability
1687:Drivers/STM32WBxx_HAL_Driver/Inc/stm32wbxx_ll_rcc.h ****   * @retval Returned value can be one of the following values:
1688:Drivers/STM32WBxx_HAL_Driver/Inc/stm32wbxx_ll_rcc.h ****   *         @arg @ref LL_RCC_LSEDRIVE_LOW
1689:Drivers/STM32WBxx_HAL_Driver/Inc/stm32wbxx_ll_rcc.h ****   *         @arg @ref LL_RCC_LSEDRIVE_MEDIUMLOW
1690:Drivers/STM32WBxx_HAL_Driver/Inc/stm32wbxx_ll_rcc.h ****   *         @arg @ref LL_RCC_LSEDRIVE_MEDIUMHIGH
1691:Drivers/STM32WBxx_HAL_Driver/Inc/stm32wbxx_ll_rcc.h ****   *         @arg @ref LL_RCC_LSEDRIVE_HIGH
1692:Drivers/STM32WBxx_HAL_Driver/Inc/stm32wbxx_ll_rcc.h ****   */
1693:Drivers/STM32WBxx_HAL_Driver/Inc/stm32wbxx_ll_rcc.h **** __STATIC_INLINE uint32_t LL_RCC_LSE_GetDriveCapability(void)
1694:Drivers/STM32WBxx_HAL_Driver/Inc/stm32wbxx_ll_rcc.h **** {
1695:Drivers/STM32WBxx_HAL_Driver/Inc/stm32wbxx_ll_rcc.h ****   return (uint32_t)(READ_BIT(RCC->BDCR, RCC_BDCR_LSEDRV));
1696:Drivers/STM32WBxx_HAL_Driver/Inc/stm32wbxx_ll_rcc.h **** }
1697:Drivers/STM32WBxx_HAL_Driver/Inc/stm32wbxx_ll_rcc.h **** 
1698:Drivers/STM32WBxx_HAL_Driver/Inc/stm32wbxx_ll_rcc.h **** /**
1699:Drivers/STM32WBxx_HAL_Driver/Inc/stm32wbxx_ll_rcc.h ****   * @brief  Enable Clock security system on LSE.
1700:Drivers/STM32WBxx_HAL_Driver/Inc/stm32wbxx_ll_rcc.h ****   * @rmtoll BDCR         LSECSSON      LL_RCC_LSE_EnableCSS
1701:Drivers/STM32WBxx_HAL_Driver/Inc/stm32wbxx_ll_rcc.h ****   * @retval None
1702:Drivers/STM32WBxx_HAL_Driver/Inc/stm32wbxx_ll_rcc.h ****   */
1703:Drivers/STM32WBxx_HAL_Driver/Inc/stm32wbxx_ll_rcc.h **** __STATIC_INLINE void LL_RCC_LSE_EnableCSS(void)
1704:Drivers/STM32WBxx_HAL_Driver/Inc/stm32wbxx_ll_rcc.h **** {
1705:Drivers/STM32WBxx_HAL_Driver/Inc/stm32wbxx_ll_rcc.h ****   SET_BIT(RCC->BDCR, RCC_BDCR_LSECSSON);
1706:Drivers/STM32WBxx_HAL_Driver/Inc/stm32wbxx_ll_rcc.h **** }
1707:Drivers/STM32WBxx_HAL_Driver/Inc/stm32wbxx_ll_rcc.h **** 
1708:Drivers/STM32WBxx_HAL_Driver/Inc/stm32wbxx_ll_rcc.h **** /**
1709:Drivers/STM32WBxx_HAL_Driver/Inc/stm32wbxx_ll_rcc.h ****   * @brief  Disable Clock security system on LSE.
1710:Drivers/STM32WBxx_HAL_Driver/Inc/stm32wbxx_ll_rcc.h ****   * @note Clock security system can be disabled only after a LSE
1711:Drivers/STM32WBxx_HAL_Driver/Inc/stm32wbxx_ll_rcc.h ****   *       failure detection. In that case it MUST be disabled by software.
1712:Drivers/STM32WBxx_HAL_Driver/Inc/stm32wbxx_ll_rcc.h ****   * @rmtoll BDCR         LSECSSON      LL_RCC_LSE_DisableCSS
1713:Drivers/STM32WBxx_HAL_Driver/Inc/stm32wbxx_ll_rcc.h ****   * @retval None
1714:Drivers/STM32WBxx_HAL_Driver/Inc/stm32wbxx_ll_rcc.h ****   */
1715:Drivers/STM32WBxx_HAL_Driver/Inc/stm32wbxx_ll_rcc.h **** __STATIC_INLINE void LL_RCC_LSE_DisableCSS(void)
1716:Drivers/STM32WBxx_HAL_Driver/Inc/stm32wbxx_ll_rcc.h **** {
1717:Drivers/STM32WBxx_HAL_Driver/Inc/stm32wbxx_ll_rcc.h ****   CLEAR_BIT(RCC->BDCR, RCC_BDCR_LSECSSON);
1718:Drivers/STM32WBxx_HAL_Driver/Inc/stm32wbxx_ll_rcc.h **** }
1719:Drivers/STM32WBxx_HAL_Driver/Inc/stm32wbxx_ll_rcc.h **** 
1720:Drivers/STM32WBxx_HAL_Driver/Inc/stm32wbxx_ll_rcc.h **** /**
1721:Drivers/STM32WBxx_HAL_Driver/Inc/stm32wbxx_ll_rcc.h ****   * @brief  Check if LSE oscillator Ready
1722:Drivers/STM32WBxx_HAL_Driver/Inc/stm32wbxx_ll_rcc.h ****   * @rmtoll BDCR         LSERDY        LL_RCC_LSE_IsReady
1723:Drivers/STM32WBxx_HAL_Driver/Inc/stm32wbxx_ll_rcc.h ****   * @retval State of bit (1 or 0).
1724:Drivers/STM32WBxx_HAL_Driver/Inc/stm32wbxx_ll_rcc.h ****   */
1725:Drivers/STM32WBxx_HAL_Driver/Inc/stm32wbxx_ll_rcc.h **** __STATIC_INLINE uint32_t LL_RCC_LSE_IsReady(void)
1726:Drivers/STM32WBxx_HAL_Driver/Inc/stm32wbxx_ll_rcc.h **** {
1727:Drivers/STM32WBxx_HAL_Driver/Inc/stm32wbxx_ll_rcc.h ****   return ((READ_BIT(RCC->BDCR, RCC_BDCR_LSERDY) == (RCC_BDCR_LSERDY)) ? 1UL : 0UL);
1728:Drivers/STM32WBxx_HAL_Driver/Inc/stm32wbxx_ll_rcc.h **** }
1729:Drivers/STM32WBxx_HAL_Driver/Inc/stm32wbxx_ll_rcc.h **** 
1730:Drivers/STM32WBxx_HAL_Driver/Inc/stm32wbxx_ll_rcc.h **** /**
1731:Drivers/STM32WBxx_HAL_Driver/Inc/stm32wbxx_ll_rcc.h ****   * @brief  Check if CSS on LSE failure Detection
1732:Drivers/STM32WBxx_HAL_Driver/Inc/stm32wbxx_ll_rcc.h ****   * @rmtoll BDCR         LSECSSD       LL_RCC_LSE_IsCSSDetected
1733:Drivers/STM32WBxx_HAL_Driver/Inc/stm32wbxx_ll_rcc.h ****   * @retval State of bit (1 or 0).
1734:Drivers/STM32WBxx_HAL_Driver/Inc/stm32wbxx_ll_rcc.h ****   */
1735:Drivers/STM32WBxx_HAL_Driver/Inc/stm32wbxx_ll_rcc.h **** __STATIC_INLINE uint32_t LL_RCC_LSE_IsCSSDetected(void)
1736:Drivers/STM32WBxx_HAL_Driver/Inc/stm32wbxx_ll_rcc.h **** {
1737:Drivers/STM32WBxx_HAL_Driver/Inc/stm32wbxx_ll_rcc.h ****   return ((READ_BIT(RCC->BDCR, RCC_BDCR_LSECSSD) == (RCC_BDCR_LSECSSD)) ? 1UL : 0UL);
1738:Drivers/STM32WBxx_HAL_Driver/Inc/stm32wbxx_ll_rcc.h **** }
1739:Drivers/STM32WBxx_HAL_Driver/Inc/stm32wbxx_ll_rcc.h **** 
ARM GAS  /var/folders/98/ctz5mtps7w71v8dr53cf5qg40000gn/T//ccdzqVkO.s 			page 68


1740:Drivers/STM32WBxx_HAL_Driver/Inc/stm32wbxx_ll_rcc.h **** /**
1741:Drivers/STM32WBxx_HAL_Driver/Inc/stm32wbxx_ll_rcc.h ****   * @}
1742:Drivers/STM32WBxx_HAL_Driver/Inc/stm32wbxx_ll_rcc.h ****   */
1743:Drivers/STM32WBxx_HAL_Driver/Inc/stm32wbxx_ll_rcc.h **** 
1744:Drivers/STM32WBxx_HAL_Driver/Inc/stm32wbxx_ll_rcc.h **** /** @defgroup RCC_LL_EF_LSI1 LSI1
1745:Drivers/STM32WBxx_HAL_Driver/Inc/stm32wbxx_ll_rcc.h ****   * @{
1746:Drivers/STM32WBxx_HAL_Driver/Inc/stm32wbxx_ll_rcc.h ****   */
1747:Drivers/STM32WBxx_HAL_Driver/Inc/stm32wbxx_ll_rcc.h **** 
1748:Drivers/STM32WBxx_HAL_Driver/Inc/stm32wbxx_ll_rcc.h **** /**
1749:Drivers/STM32WBxx_HAL_Driver/Inc/stm32wbxx_ll_rcc.h ****   * @brief  Enable LSI1 Oscillator
1750:Drivers/STM32WBxx_HAL_Driver/Inc/stm32wbxx_ll_rcc.h ****   * @rmtoll CSR          LSI1ON         LL_RCC_LSI1_Enable
1751:Drivers/STM32WBxx_HAL_Driver/Inc/stm32wbxx_ll_rcc.h ****   * @retval None
1752:Drivers/STM32WBxx_HAL_Driver/Inc/stm32wbxx_ll_rcc.h ****   */
1753:Drivers/STM32WBxx_HAL_Driver/Inc/stm32wbxx_ll_rcc.h **** __STATIC_INLINE void LL_RCC_LSI1_Enable(void)
1754:Drivers/STM32WBxx_HAL_Driver/Inc/stm32wbxx_ll_rcc.h **** {
1755:Drivers/STM32WBxx_HAL_Driver/Inc/stm32wbxx_ll_rcc.h ****   SET_BIT(RCC->CSR, RCC_CSR_LSI1ON);
1756:Drivers/STM32WBxx_HAL_Driver/Inc/stm32wbxx_ll_rcc.h **** }
1757:Drivers/STM32WBxx_HAL_Driver/Inc/stm32wbxx_ll_rcc.h **** 
1758:Drivers/STM32WBxx_HAL_Driver/Inc/stm32wbxx_ll_rcc.h **** /**
1759:Drivers/STM32WBxx_HAL_Driver/Inc/stm32wbxx_ll_rcc.h ****   * @brief  Disable LSI1 Oscillator
1760:Drivers/STM32WBxx_HAL_Driver/Inc/stm32wbxx_ll_rcc.h ****   * @rmtoll CSR          LSI1ON         LL_RCC_LSI1_Disable
1761:Drivers/STM32WBxx_HAL_Driver/Inc/stm32wbxx_ll_rcc.h ****   * @retval None
1762:Drivers/STM32WBxx_HAL_Driver/Inc/stm32wbxx_ll_rcc.h ****   */
1763:Drivers/STM32WBxx_HAL_Driver/Inc/stm32wbxx_ll_rcc.h **** __STATIC_INLINE void LL_RCC_LSI1_Disable(void)
1764:Drivers/STM32WBxx_HAL_Driver/Inc/stm32wbxx_ll_rcc.h **** {
1765:Drivers/STM32WBxx_HAL_Driver/Inc/stm32wbxx_ll_rcc.h ****   CLEAR_BIT(RCC->CSR, RCC_CSR_LSI1ON);
1766:Drivers/STM32WBxx_HAL_Driver/Inc/stm32wbxx_ll_rcc.h **** }
1767:Drivers/STM32WBxx_HAL_Driver/Inc/stm32wbxx_ll_rcc.h **** 
1768:Drivers/STM32WBxx_HAL_Driver/Inc/stm32wbxx_ll_rcc.h **** /**
1769:Drivers/STM32WBxx_HAL_Driver/Inc/stm32wbxx_ll_rcc.h ****   * @brief  Check if LSI1 is Ready
1770:Drivers/STM32WBxx_HAL_Driver/Inc/stm32wbxx_ll_rcc.h ****   * @rmtoll CSR          LSI1RDY        LL_RCC_LSI1_IsReady
1771:Drivers/STM32WBxx_HAL_Driver/Inc/stm32wbxx_ll_rcc.h ****   * @retval State of bit (1 or 0).
1772:Drivers/STM32WBxx_HAL_Driver/Inc/stm32wbxx_ll_rcc.h ****   */
1773:Drivers/STM32WBxx_HAL_Driver/Inc/stm32wbxx_ll_rcc.h **** __STATIC_INLINE uint32_t LL_RCC_LSI1_IsReady(void)
1774:Drivers/STM32WBxx_HAL_Driver/Inc/stm32wbxx_ll_rcc.h **** {
1775:Drivers/STM32WBxx_HAL_Driver/Inc/stm32wbxx_ll_rcc.h ****   return ((READ_BIT(RCC->CSR, RCC_CSR_LSI1RDY) == (RCC_CSR_LSI1RDY)) ? 1UL : 0UL);
1776:Drivers/STM32WBxx_HAL_Driver/Inc/stm32wbxx_ll_rcc.h **** }
1777:Drivers/STM32WBxx_HAL_Driver/Inc/stm32wbxx_ll_rcc.h **** 
1778:Drivers/STM32WBxx_HAL_Driver/Inc/stm32wbxx_ll_rcc.h **** /**
1779:Drivers/STM32WBxx_HAL_Driver/Inc/stm32wbxx_ll_rcc.h ****   * @}
1780:Drivers/STM32WBxx_HAL_Driver/Inc/stm32wbxx_ll_rcc.h ****   */
1781:Drivers/STM32WBxx_HAL_Driver/Inc/stm32wbxx_ll_rcc.h **** 
1782:Drivers/STM32WBxx_HAL_Driver/Inc/stm32wbxx_ll_rcc.h **** /** @defgroup RCC_LL_EF_LSI2 LSI2
1783:Drivers/STM32WBxx_HAL_Driver/Inc/stm32wbxx_ll_rcc.h ****   * @{
1784:Drivers/STM32WBxx_HAL_Driver/Inc/stm32wbxx_ll_rcc.h ****   */
1785:Drivers/STM32WBxx_HAL_Driver/Inc/stm32wbxx_ll_rcc.h **** 
1786:Drivers/STM32WBxx_HAL_Driver/Inc/stm32wbxx_ll_rcc.h **** /**
1787:Drivers/STM32WBxx_HAL_Driver/Inc/stm32wbxx_ll_rcc.h ****   * @brief  Enable LSI2 Oscillator
1788:Drivers/STM32WBxx_HAL_Driver/Inc/stm32wbxx_ll_rcc.h ****   * @rmtoll CSR          LSI2ON         LL_RCC_LSI2_Enable
1789:Drivers/STM32WBxx_HAL_Driver/Inc/stm32wbxx_ll_rcc.h ****   * @retval None
1790:Drivers/STM32WBxx_HAL_Driver/Inc/stm32wbxx_ll_rcc.h ****   */
1791:Drivers/STM32WBxx_HAL_Driver/Inc/stm32wbxx_ll_rcc.h **** __STATIC_INLINE void LL_RCC_LSI2_Enable(void)
1792:Drivers/STM32WBxx_HAL_Driver/Inc/stm32wbxx_ll_rcc.h **** {
1793:Drivers/STM32WBxx_HAL_Driver/Inc/stm32wbxx_ll_rcc.h ****   SET_BIT(RCC->CSR, RCC_CSR_LSI2ON);
1794:Drivers/STM32WBxx_HAL_Driver/Inc/stm32wbxx_ll_rcc.h **** }
1795:Drivers/STM32WBxx_HAL_Driver/Inc/stm32wbxx_ll_rcc.h **** 
1796:Drivers/STM32WBxx_HAL_Driver/Inc/stm32wbxx_ll_rcc.h **** /**
ARM GAS  /var/folders/98/ctz5mtps7w71v8dr53cf5qg40000gn/T//ccdzqVkO.s 			page 69


1797:Drivers/STM32WBxx_HAL_Driver/Inc/stm32wbxx_ll_rcc.h ****   * @brief  Disable LSI2 Oscillator
1798:Drivers/STM32WBxx_HAL_Driver/Inc/stm32wbxx_ll_rcc.h ****   * @rmtoll CSR          LSI2ON         LL_RCC_LSI2_Disable
1799:Drivers/STM32WBxx_HAL_Driver/Inc/stm32wbxx_ll_rcc.h ****   * @retval None
1800:Drivers/STM32WBxx_HAL_Driver/Inc/stm32wbxx_ll_rcc.h ****   */
1801:Drivers/STM32WBxx_HAL_Driver/Inc/stm32wbxx_ll_rcc.h **** __STATIC_INLINE void LL_RCC_LSI2_Disable(void)
1802:Drivers/STM32WBxx_HAL_Driver/Inc/stm32wbxx_ll_rcc.h **** {
1803:Drivers/STM32WBxx_HAL_Driver/Inc/stm32wbxx_ll_rcc.h ****   CLEAR_BIT(RCC->CSR, RCC_CSR_LSI2ON);
1804:Drivers/STM32WBxx_HAL_Driver/Inc/stm32wbxx_ll_rcc.h **** }
1805:Drivers/STM32WBxx_HAL_Driver/Inc/stm32wbxx_ll_rcc.h **** 
1806:Drivers/STM32WBxx_HAL_Driver/Inc/stm32wbxx_ll_rcc.h **** /**
1807:Drivers/STM32WBxx_HAL_Driver/Inc/stm32wbxx_ll_rcc.h ****   * @brief  Check if LSI2 is Ready
1808:Drivers/STM32WBxx_HAL_Driver/Inc/stm32wbxx_ll_rcc.h ****   * @rmtoll CSR          LSI2RDY        LL_RCC_LSI2_IsReady
1809:Drivers/STM32WBxx_HAL_Driver/Inc/stm32wbxx_ll_rcc.h ****   * @retval State of bit (1 or 0).
1810:Drivers/STM32WBxx_HAL_Driver/Inc/stm32wbxx_ll_rcc.h ****   */
1811:Drivers/STM32WBxx_HAL_Driver/Inc/stm32wbxx_ll_rcc.h **** __STATIC_INLINE uint32_t LL_RCC_LSI2_IsReady(void)
1812:Drivers/STM32WBxx_HAL_Driver/Inc/stm32wbxx_ll_rcc.h **** {
1813:Drivers/STM32WBxx_HAL_Driver/Inc/stm32wbxx_ll_rcc.h ****   return ((READ_BIT(RCC->CSR, RCC_CSR_LSI2RDY) == (RCC_CSR_LSI2RDY)) ? 1UL : 0UL);
1814:Drivers/STM32WBxx_HAL_Driver/Inc/stm32wbxx_ll_rcc.h **** }
1815:Drivers/STM32WBxx_HAL_Driver/Inc/stm32wbxx_ll_rcc.h **** 
1816:Drivers/STM32WBxx_HAL_Driver/Inc/stm32wbxx_ll_rcc.h **** /**
1817:Drivers/STM32WBxx_HAL_Driver/Inc/stm32wbxx_ll_rcc.h ****   * @brief  Set LSI2 trimming value
1818:Drivers/STM32WBxx_HAL_Driver/Inc/stm32wbxx_ll_rcc.h ****   * @rmtoll CSR        LSI2TRIM       LL_RCC_LSI2_SetTrimming
1819:Drivers/STM32WBxx_HAL_Driver/Inc/stm32wbxx_ll_rcc.h ****   * @param  Value Between Min_Data = 0 and Max_Data = 15
1820:Drivers/STM32WBxx_HAL_Driver/Inc/stm32wbxx_ll_rcc.h ****   * @retval None
1821:Drivers/STM32WBxx_HAL_Driver/Inc/stm32wbxx_ll_rcc.h ****   */
1822:Drivers/STM32WBxx_HAL_Driver/Inc/stm32wbxx_ll_rcc.h **** __STATIC_INLINE void LL_RCC_LSI2_SetTrimming(uint32_t Value)
1823:Drivers/STM32WBxx_HAL_Driver/Inc/stm32wbxx_ll_rcc.h **** {
1824:Drivers/STM32WBxx_HAL_Driver/Inc/stm32wbxx_ll_rcc.h ****   MODIFY_REG(RCC->CSR, RCC_CSR_LSI2TRIM, Value << RCC_CSR_LSI2TRIM_Pos);
1825:Drivers/STM32WBxx_HAL_Driver/Inc/stm32wbxx_ll_rcc.h **** }
1826:Drivers/STM32WBxx_HAL_Driver/Inc/stm32wbxx_ll_rcc.h **** 
1827:Drivers/STM32WBxx_HAL_Driver/Inc/stm32wbxx_ll_rcc.h **** /**
1828:Drivers/STM32WBxx_HAL_Driver/Inc/stm32wbxx_ll_rcc.h ****   * @brief  Get LSI2 trimming value
1829:Drivers/STM32WBxx_HAL_Driver/Inc/stm32wbxx_ll_rcc.h ****   * @rmtoll CSR        LSI2TRIM       LL_RCC_LSI2_GetTrimming
1830:Drivers/STM32WBxx_HAL_Driver/Inc/stm32wbxx_ll_rcc.h ****   * @retval Between Min_Data = 0 and Max_Data = 12
1831:Drivers/STM32WBxx_HAL_Driver/Inc/stm32wbxx_ll_rcc.h ****   */
1832:Drivers/STM32WBxx_HAL_Driver/Inc/stm32wbxx_ll_rcc.h **** __STATIC_INLINE uint32_t LL_RCC_LSI2_GetTrimming(void)
1833:Drivers/STM32WBxx_HAL_Driver/Inc/stm32wbxx_ll_rcc.h **** {
1834:Drivers/STM32WBxx_HAL_Driver/Inc/stm32wbxx_ll_rcc.h ****   return (uint32_t)(READ_BIT(RCC->CSR, RCC_CSR_LSI2TRIM) >> RCC_CSR_LSI2TRIM_Pos);
1835:Drivers/STM32WBxx_HAL_Driver/Inc/stm32wbxx_ll_rcc.h **** }
1836:Drivers/STM32WBxx_HAL_Driver/Inc/stm32wbxx_ll_rcc.h **** 
1837:Drivers/STM32WBxx_HAL_Driver/Inc/stm32wbxx_ll_rcc.h **** /**
1838:Drivers/STM32WBxx_HAL_Driver/Inc/stm32wbxx_ll_rcc.h ****   * @}
1839:Drivers/STM32WBxx_HAL_Driver/Inc/stm32wbxx_ll_rcc.h ****   */
1840:Drivers/STM32WBxx_HAL_Driver/Inc/stm32wbxx_ll_rcc.h **** 
1841:Drivers/STM32WBxx_HAL_Driver/Inc/stm32wbxx_ll_rcc.h **** /** @defgroup RCC_LL_EF_MSI MSI
1842:Drivers/STM32WBxx_HAL_Driver/Inc/stm32wbxx_ll_rcc.h ****   * @{
1843:Drivers/STM32WBxx_HAL_Driver/Inc/stm32wbxx_ll_rcc.h ****   */
1844:Drivers/STM32WBxx_HAL_Driver/Inc/stm32wbxx_ll_rcc.h **** 
1845:Drivers/STM32WBxx_HAL_Driver/Inc/stm32wbxx_ll_rcc.h **** /**
1846:Drivers/STM32WBxx_HAL_Driver/Inc/stm32wbxx_ll_rcc.h ****   * @brief  Enable MSI oscillator
1847:Drivers/STM32WBxx_HAL_Driver/Inc/stm32wbxx_ll_rcc.h ****   * @rmtoll CR           MSION         LL_RCC_MSI_Enable
1848:Drivers/STM32WBxx_HAL_Driver/Inc/stm32wbxx_ll_rcc.h ****   * @retval None
1849:Drivers/STM32WBxx_HAL_Driver/Inc/stm32wbxx_ll_rcc.h ****   */
1850:Drivers/STM32WBxx_HAL_Driver/Inc/stm32wbxx_ll_rcc.h **** __STATIC_INLINE void LL_RCC_MSI_Enable(void)
1851:Drivers/STM32WBxx_HAL_Driver/Inc/stm32wbxx_ll_rcc.h **** {
1852:Drivers/STM32WBxx_HAL_Driver/Inc/stm32wbxx_ll_rcc.h ****   SET_BIT(RCC->CR, RCC_CR_MSION);
1853:Drivers/STM32WBxx_HAL_Driver/Inc/stm32wbxx_ll_rcc.h **** }
ARM GAS  /var/folders/98/ctz5mtps7w71v8dr53cf5qg40000gn/T//ccdzqVkO.s 			page 70


1854:Drivers/STM32WBxx_HAL_Driver/Inc/stm32wbxx_ll_rcc.h **** 
1855:Drivers/STM32WBxx_HAL_Driver/Inc/stm32wbxx_ll_rcc.h **** /**
1856:Drivers/STM32WBxx_HAL_Driver/Inc/stm32wbxx_ll_rcc.h ****   * @brief  Disable MSI oscillator
1857:Drivers/STM32WBxx_HAL_Driver/Inc/stm32wbxx_ll_rcc.h ****   * @rmtoll CR           MSION         LL_RCC_MSI_Disable
1858:Drivers/STM32WBxx_HAL_Driver/Inc/stm32wbxx_ll_rcc.h ****   * @retval None
1859:Drivers/STM32WBxx_HAL_Driver/Inc/stm32wbxx_ll_rcc.h ****   */
1860:Drivers/STM32WBxx_HAL_Driver/Inc/stm32wbxx_ll_rcc.h **** __STATIC_INLINE void LL_RCC_MSI_Disable(void)
1861:Drivers/STM32WBxx_HAL_Driver/Inc/stm32wbxx_ll_rcc.h **** {
1862:Drivers/STM32WBxx_HAL_Driver/Inc/stm32wbxx_ll_rcc.h ****   CLEAR_BIT(RCC->CR, RCC_CR_MSION);
1863:Drivers/STM32WBxx_HAL_Driver/Inc/stm32wbxx_ll_rcc.h **** }
1864:Drivers/STM32WBxx_HAL_Driver/Inc/stm32wbxx_ll_rcc.h **** 
1865:Drivers/STM32WBxx_HAL_Driver/Inc/stm32wbxx_ll_rcc.h **** /**
1866:Drivers/STM32WBxx_HAL_Driver/Inc/stm32wbxx_ll_rcc.h ****   * @brief  Check if MSI oscillator Ready
1867:Drivers/STM32WBxx_HAL_Driver/Inc/stm32wbxx_ll_rcc.h ****   * @rmtoll CR           MSIRDY        LL_RCC_MSI_IsReady
1868:Drivers/STM32WBxx_HAL_Driver/Inc/stm32wbxx_ll_rcc.h ****   * @retval State of bit (1 or 0).
1869:Drivers/STM32WBxx_HAL_Driver/Inc/stm32wbxx_ll_rcc.h ****   */
1870:Drivers/STM32WBxx_HAL_Driver/Inc/stm32wbxx_ll_rcc.h **** __STATIC_INLINE uint32_t LL_RCC_MSI_IsReady(void)
1871:Drivers/STM32WBxx_HAL_Driver/Inc/stm32wbxx_ll_rcc.h **** {
1872:Drivers/STM32WBxx_HAL_Driver/Inc/stm32wbxx_ll_rcc.h ****   return ((READ_BIT(RCC->CR, RCC_CR_MSIRDY) == (RCC_CR_MSIRDY)) ? 1UL : 0UL);
1873:Drivers/STM32WBxx_HAL_Driver/Inc/stm32wbxx_ll_rcc.h **** }
1874:Drivers/STM32WBxx_HAL_Driver/Inc/stm32wbxx_ll_rcc.h **** 
1875:Drivers/STM32WBxx_HAL_Driver/Inc/stm32wbxx_ll_rcc.h **** /**
1876:Drivers/STM32WBxx_HAL_Driver/Inc/stm32wbxx_ll_rcc.h ****   * @brief  Enable MSI PLL-mode (Hardware auto calibration with LSE)
1877:Drivers/STM32WBxx_HAL_Driver/Inc/stm32wbxx_ll_rcc.h ****   * @note MSIPLLEN must be enabled after LSE is enabled (LSEON enabled)
1878:Drivers/STM32WBxx_HAL_Driver/Inc/stm32wbxx_ll_rcc.h ****   *       and ready (LSERDY set by hardware)
1879:Drivers/STM32WBxx_HAL_Driver/Inc/stm32wbxx_ll_rcc.h ****   * @note hardware protection to avoid enabling MSIPLLEN if LSE is not
1880:Drivers/STM32WBxx_HAL_Driver/Inc/stm32wbxx_ll_rcc.h ****   *       ready
1881:Drivers/STM32WBxx_HAL_Driver/Inc/stm32wbxx_ll_rcc.h ****   * @rmtoll CR           MSIPLLEN      LL_RCC_MSI_EnablePLLMode
1882:Drivers/STM32WBxx_HAL_Driver/Inc/stm32wbxx_ll_rcc.h ****   * @retval None
1883:Drivers/STM32WBxx_HAL_Driver/Inc/stm32wbxx_ll_rcc.h ****   */
1884:Drivers/STM32WBxx_HAL_Driver/Inc/stm32wbxx_ll_rcc.h **** __STATIC_INLINE void LL_RCC_MSI_EnablePLLMode(void)
1885:Drivers/STM32WBxx_HAL_Driver/Inc/stm32wbxx_ll_rcc.h **** {
1886:Drivers/STM32WBxx_HAL_Driver/Inc/stm32wbxx_ll_rcc.h ****   SET_BIT(RCC->CR, RCC_CR_MSIPLLEN);
1887:Drivers/STM32WBxx_HAL_Driver/Inc/stm32wbxx_ll_rcc.h **** }
1888:Drivers/STM32WBxx_HAL_Driver/Inc/stm32wbxx_ll_rcc.h **** 
1889:Drivers/STM32WBxx_HAL_Driver/Inc/stm32wbxx_ll_rcc.h **** /**
1890:Drivers/STM32WBxx_HAL_Driver/Inc/stm32wbxx_ll_rcc.h ****   * @brief  Disable MSI-PLL mode
1891:Drivers/STM32WBxx_HAL_Driver/Inc/stm32wbxx_ll_rcc.h ****   * @note cleared by hardware when LSE is disabled (LSEON = 0) or when
1892:Drivers/STM32WBxx_HAL_Driver/Inc/stm32wbxx_ll_rcc.h ****   *       the Clock Security System on LSE detects a LSE failure
1893:Drivers/STM32WBxx_HAL_Driver/Inc/stm32wbxx_ll_rcc.h ****   * @rmtoll CR           MSIPLLEN      LL_RCC_MSI_DisablePLLMode
1894:Drivers/STM32WBxx_HAL_Driver/Inc/stm32wbxx_ll_rcc.h ****   * @retval None
1895:Drivers/STM32WBxx_HAL_Driver/Inc/stm32wbxx_ll_rcc.h ****   */
1896:Drivers/STM32WBxx_HAL_Driver/Inc/stm32wbxx_ll_rcc.h **** __STATIC_INLINE void LL_RCC_MSI_DisablePLLMode(void)
1897:Drivers/STM32WBxx_HAL_Driver/Inc/stm32wbxx_ll_rcc.h **** {
1898:Drivers/STM32WBxx_HAL_Driver/Inc/stm32wbxx_ll_rcc.h ****   CLEAR_BIT(RCC->CR, RCC_CR_MSIPLLEN);
1899:Drivers/STM32WBxx_HAL_Driver/Inc/stm32wbxx_ll_rcc.h **** }
1900:Drivers/STM32WBxx_HAL_Driver/Inc/stm32wbxx_ll_rcc.h **** 
1901:Drivers/STM32WBxx_HAL_Driver/Inc/stm32wbxx_ll_rcc.h **** 
1902:Drivers/STM32WBxx_HAL_Driver/Inc/stm32wbxx_ll_rcc.h **** /**
1903:Drivers/STM32WBxx_HAL_Driver/Inc/stm32wbxx_ll_rcc.h ****   * @brief  Configure the Internal Multi Speed oscillator (MSI) clock range in run mode.
1904:Drivers/STM32WBxx_HAL_Driver/Inc/stm32wbxx_ll_rcc.h ****   * @rmtoll CR           MSIRANGE      LL_RCC_MSI_SetRange
1905:Drivers/STM32WBxx_HAL_Driver/Inc/stm32wbxx_ll_rcc.h ****   * @param  Range This parameter can be one of the following values:
1906:Drivers/STM32WBxx_HAL_Driver/Inc/stm32wbxx_ll_rcc.h ****   *         @arg @ref LL_RCC_MSIRANGE_0
1907:Drivers/STM32WBxx_HAL_Driver/Inc/stm32wbxx_ll_rcc.h ****   *         @arg @ref LL_RCC_MSIRANGE_1
1908:Drivers/STM32WBxx_HAL_Driver/Inc/stm32wbxx_ll_rcc.h ****   *         @arg @ref LL_RCC_MSIRANGE_2
1909:Drivers/STM32WBxx_HAL_Driver/Inc/stm32wbxx_ll_rcc.h ****   *         @arg @ref LL_RCC_MSIRANGE_3
1910:Drivers/STM32WBxx_HAL_Driver/Inc/stm32wbxx_ll_rcc.h ****   *         @arg @ref LL_RCC_MSIRANGE_4
ARM GAS  /var/folders/98/ctz5mtps7w71v8dr53cf5qg40000gn/T//ccdzqVkO.s 			page 71


1911:Drivers/STM32WBxx_HAL_Driver/Inc/stm32wbxx_ll_rcc.h ****   *         @arg @ref LL_RCC_MSIRANGE_5
1912:Drivers/STM32WBxx_HAL_Driver/Inc/stm32wbxx_ll_rcc.h ****   *         @arg @ref LL_RCC_MSIRANGE_6
1913:Drivers/STM32WBxx_HAL_Driver/Inc/stm32wbxx_ll_rcc.h ****   *         @arg @ref LL_RCC_MSIRANGE_7
1914:Drivers/STM32WBxx_HAL_Driver/Inc/stm32wbxx_ll_rcc.h ****   *         @arg @ref LL_RCC_MSIRANGE_8
1915:Drivers/STM32WBxx_HAL_Driver/Inc/stm32wbxx_ll_rcc.h ****   *         @arg @ref LL_RCC_MSIRANGE_9
1916:Drivers/STM32WBxx_HAL_Driver/Inc/stm32wbxx_ll_rcc.h ****   *         @arg @ref LL_RCC_MSIRANGE_10
1917:Drivers/STM32WBxx_HAL_Driver/Inc/stm32wbxx_ll_rcc.h ****   *         @arg @ref LL_RCC_MSIRANGE_11
1918:Drivers/STM32WBxx_HAL_Driver/Inc/stm32wbxx_ll_rcc.h ****   * @retval None
1919:Drivers/STM32WBxx_HAL_Driver/Inc/stm32wbxx_ll_rcc.h ****   */
1920:Drivers/STM32WBxx_HAL_Driver/Inc/stm32wbxx_ll_rcc.h **** __STATIC_INLINE void LL_RCC_MSI_SetRange(uint32_t Range)
1921:Drivers/STM32WBxx_HAL_Driver/Inc/stm32wbxx_ll_rcc.h **** {
1922:Drivers/STM32WBxx_HAL_Driver/Inc/stm32wbxx_ll_rcc.h ****   MODIFY_REG(RCC->CR, RCC_CR_MSIRANGE, Range);
1923:Drivers/STM32WBxx_HAL_Driver/Inc/stm32wbxx_ll_rcc.h **** }
1924:Drivers/STM32WBxx_HAL_Driver/Inc/stm32wbxx_ll_rcc.h **** 
1925:Drivers/STM32WBxx_HAL_Driver/Inc/stm32wbxx_ll_rcc.h **** /**
1926:Drivers/STM32WBxx_HAL_Driver/Inc/stm32wbxx_ll_rcc.h ****   * @brief  Get the Internal Multi Speed oscillator (MSI) clock range in run mode.
1927:Drivers/STM32WBxx_HAL_Driver/Inc/stm32wbxx_ll_rcc.h ****   * @rmtoll CR           MSIRANGE      LL_RCC_MSI_GetRange
1928:Drivers/STM32WBxx_HAL_Driver/Inc/stm32wbxx_ll_rcc.h ****   * @retval Returned value can be one of the following values:
1929:Drivers/STM32WBxx_HAL_Driver/Inc/stm32wbxx_ll_rcc.h ****   *         @arg @ref LL_RCC_MSIRANGE_0
1930:Drivers/STM32WBxx_HAL_Driver/Inc/stm32wbxx_ll_rcc.h ****   *         @arg @ref LL_RCC_MSIRANGE_1
1931:Drivers/STM32WBxx_HAL_Driver/Inc/stm32wbxx_ll_rcc.h ****   *         @arg @ref LL_RCC_MSIRANGE_2
1932:Drivers/STM32WBxx_HAL_Driver/Inc/stm32wbxx_ll_rcc.h ****   *         @arg @ref LL_RCC_MSIRANGE_3
1933:Drivers/STM32WBxx_HAL_Driver/Inc/stm32wbxx_ll_rcc.h ****   *         @arg @ref LL_RCC_MSIRANGE_4
1934:Drivers/STM32WBxx_HAL_Driver/Inc/stm32wbxx_ll_rcc.h ****   *         @arg @ref LL_RCC_MSIRANGE_5
1935:Drivers/STM32WBxx_HAL_Driver/Inc/stm32wbxx_ll_rcc.h ****   *         @arg @ref LL_RCC_MSIRANGE_6
1936:Drivers/STM32WBxx_HAL_Driver/Inc/stm32wbxx_ll_rcc.h ****   *         @arg @ref LL_RCC_MSIRANGE_7
1937:Drivers/STM32WBxx_HAL_Driver/Inc/stm32wbxx_ll_rcc.h ****   *         @arg @ref LL_RCC_MSIRANGE_8
1938:Drivers/STM32WBxx_HAL_Driver/Inc/stm32wbxx_ll_rcc.h ****   *         @arg @ref LL_RCC_MSIRANGE_9
1939:Drivers/STM32WBxx_HAL_Driver/Inc/stm32wbxx_ll_rcc.h ****   *         @arg @ref LL_RCC_MSIRANGE_10
1940:Drivers/STM32WBxx_HAL_Driver/Inc/stm32wbxx_ll_rcc.h ****   *         @arg @ref LL_RCC_MSIRANGE_11
1941:Drivers/STM32WBxx_HAL_Driver/Inc/stm32wbxx_ll_rcc.h ****   */
1942:Drivers/STM32WBxx_HAL_Driver/Inc/stm32wbxx_ll_rcc.h **** __STATIC_INLINE uint32_t LL_RCC_MSI_GetRange(void)
1943:Drivers/STM32WBxx_HAL_Driver/Inc/stm32wbxx_ll_rcc.h **** {
1944:Drivers/STM32WBxx_HAL_Driver/Inc/stm32wbxx_ll_rcc.h ****   uint32_t msiRange = READ_BIT(RCC->CR, RCC_CR_MSIRANGE);
1945:Drivers/STM32WBxx_HAL_Driver/Inc/stm32wbxx_ll_rcc.h ****   if (msiRange > LL_RCC_MSIRANGE_11)
1946:Drivers/STM32WBxx_HAL_Driver/Inc/stm32wbxx_ll_rcc.h ****   {
1947:Drivers/STM32WBxx_HAL_Driver/Inc/stm32wbxx_ll_rcc.h ****     msiRange = LL_RCC_MSIRANGE_11;
1948:Drivers/STM32WBxx_HAL_Driver/Inc/stm32wbxx_ll_rcc.h ****   }
1949:Drivers/STM32WBxx_HAL_Driver/Inc/stm32wbxx_ll_rcc.h ****   return msiRange;
1950:Drivers/STM32WBxx_HAL_Driver/Inc/stm32wbxx_ll_rcc.h **** }
1951:Drivers/STM32WBxx_HAL_Driver/Inc/stm32wbxx_ll_rcc.h **** 
1952:Drivers/STM32WBxx_HAL_Driver/Inc/stm32wbxx_ll_rcc.h **** 
1953:Drivers/STM32WBxx_HAL_Driver/Inc/stm32wbxx_ll_rcc.h **** /**
1954:Drivers/STM32WBxx_HAL_Driver/Inc/stm32wbxx_ll_rcc.h ****   * @brief  Get MSI Calibration value
1955:Drivers/STM32WBxx_HAL_Driver/Inc/stm32wbxx_ll_rcc.h ****   * @note When MSITRIM is written, MSICAL is updated with the sum of
1956:Drivers/STM32WBxx_HAL_Driver/Inc/stm32wbxx_ll_rcc.h ****   *       MSITRIM and the factory trim value
1957:Drivers/STM32WBxx_HAL_Driver/Inc/stm32wbxx_ll_rcc.h ****   * @rmtoll ICSCR        MSICAL        LL_RCC_MSI_GetCalibration
1958:Drivers/STM32WBxx_HAL_Driver/Inc/stm32wbxx_ll_rcc.h ****   * @retval Between Min_Data = 0 and Max_Data = 255
1959:Drivers/STM32WBxx_HAL_Driver/Inc/stm32wbxx_ll_rcc.h ****   */
1960:Drivers/STM32WBxx_HAL_Driver/Inc/stm32wbxx_ll_rcc.h **** __STATIC_INLINE uint32_t LL_RCC_MSI_GetCalibration(void)
1961:Drivers/STM32WBxx_HAL_Driver/Inc/stm32wbxx_ll_rcc.h **** {
1962:Drivers/STM32WBxx_HAL_Driver/Inc/stm32wbxx_ll_rcc.h ****   return (uint32_t)(READ_BIT(RCC->ICSCR, RCC_ICSCR_MSICAL) >> RCC_ICSCR_MSICAL_Pos);
1963:Drivers/STM32WBxx_HAL_Driver/Inc/stm32wbxx_ll_rcc.h **** }
1964:Drivers/STM32WBxx_HAL_Driver/Inc/stm32wbxx_ll_rcc.h **** 
1965:Drivers/STM32WBxx_HAL_Driver/Inc/stm32wbxx_ll_rcc.h **** /**
1966:Drivers/STM32WBxx_HAL_Driver/Inc/stm32wbxx_ll_rcc.h ****   * @brief  Set MSI Calibration trimming
1967:Drivers/STM32WBxx_HAL_Driver/Inc/stm32wbxx_ll_rcc.h ****   * @note user-programmable trimming value that is added to the MSICAL
ARM GAS  /var/folders/98/ctz5mtps7w71v8dr53cf5qg40000gn/T//ccdzqVkO.s 			page 72


1968:Drivers/STM32WBxx_HAL_Driver/Inc/stm32wbxx_ll_rcc.h ****   * @rmtoll ICSCR        MSITRIM       LL_RCC_MSI_SetCalibTrimming
1969:Drivers/STM32WBxx_HAL_Driver/Inc/stm32wbxx_ll_rcc.h ****   * @param  Value Between Min_Data = 0 and Max_Data = 255
1970:Drivers/STM32WBxx_HAL_Driver/Inc/stm32wbxx_ll_rcc.h ****   * @retval None
1971:Drivers/STM32WBxx_HAL_Driver/Inc/stm32wbxx_ll_rcc.h ****   */
1972:Drivers/STM32WBxx_HAL_Driver/Inc/stm32wbxx_ll_rcc.h **** __STATIC_INLINE void LL_RCC_MSI_SetCalibTrimming(uint32_t Value)
1973:Drivers/STM32WBxx_HAL_Driver/Inc/stm32wbxx_ll_rcc.h **** {
1974:Drivers/STM32WBxx_HAL_Driver/Inc/stm32wbxx_ll_rcc.h ****   MODIFY_REG(RCC->ICSCR, RCC_ICSCR_MSITRIM, Value << RCC_ICSCR_MSITRIM_Pos);
1975:Drivers/STM32WBxx_HAL_Driver/Inc/stm32wbxx_ll_rcc.h **** }
1976:Drivers/STM32WBxx_HAL_Driver/Inc/stm32wbxx_ll_rcc.h **** 
1977:Drivers/STM32WBxx_HAL_Driver/Inc/stm32wbxx_ll_rcc.h **** /**
1978:Drivers/STM32WBxx_HAL_Driver/Inc/stm32wbxx_ll_rcc.h ****   * @brief  Get MSI Calibration trimming
1979:Drivers/STM32WBxx_HAL_Driver/Inc/stm32wbxx_ll_rcc.h ****   * @rmtoll ICSCR        MSITRIM       LL_RCC_MSI_GetCalibTrimming
1980:Drivers/STM32WBxx_HAL_Driver/Inc/stm32wbxx_ll_rcc.h ****   * @retval Between 0 and 255
1981:Drivers/STM32WBxx_HAL_Driver/Inc/stm32wbxx_ll_rcc.h ****   */
1982:Drivers/STM32WBxx_HAL_Driver/Inc/stm32wbxx_ll_rcc.h **** __STATIC_INLINE uint32_t LL_RCC_MSI_GetCalibTrimming(void)
1983:Drivers/STM32WBxx_HAL_Driver/Inc/stm32wbxx_ll_rcc.h **** {
1984:Drivers/STM32WBxx_HAL_Driver/Inc/stm32wbxx_ll_rcc.h ****   return (uint32_t)(READ_BIT(RCC->ICSCR, RCC_ICSCR_MSITRIM) >> RCC_ICSCR_MSITRIM_Pos);
1985:Drivers/STM32WBxx_HAL_Driver/Inc/stm32wbxx_ll_rcc.h **** }
1986:Drivers/STM32WBxx_HAL_Driver/Inc/stm32wbxx_ll_rcc.h **** 
1987:Drivers/STM32WBxx_HAL_Driver/Inc/stm32wbxx_ll_rcc.h **** /**
1988:Drivers/STM32WBxx_HAL_Driver/Inc/stm32wbxx_ll_rcc.h ****   * @}
1989:Drivers/STM32WBxx_HAL_Driver/Inc/stm32wbxx_ll_rcc.h ****   */
1990:Drivers/STM32WBxx_HAL_Driver/Inc/stm32wbxx_ll_rcc.h **** 
1991:Drivers/STM32WBxx_HAL_Driver/Inc/stm32wbxx_ll_rcc.h **** /** @defgroup RCC_LL_EF_LSCO LSCO
1992:Drivers/STM32WBxx_HAL_Driver/Inc/stm32wbxx_ll_rcc.h ****   * @{
1993:Drivers/STM32WBxx_HAL_Driver/Inc/stm32wbxx_ll_rcc.h ****   */
1994:Drivers/STM32WBxx_HAL_Driver/Inc/stm32wbxx_ll_rcc.h **** 
1995:Drivers/STM32WBxx_HAL_Driver/Inc/stm32wbxx_ll_rcc.h **** /**
1996:Drivers/STM32WBxx_HAL_Driver/Inc/stm32wbxx_ll_rcc.h ****   * @brief  Enable Low speed clock
1997:Drivers/STM32WBxx_HAL_Driver/Inc/stm32wbxx_ll_rcc.h ****   * @rmtoll BDCR         LSCOEN        LL_RCC_LSCO_Enable
1998:Drivers/STM32WBxx_HAL_Driver/Inc/stm32wbxx_ll_rcc.h ****   * @retval None
1999:Drivers/STM32WBxx_HAL_Driver/Inc/stm32wbxx_ll_rcc.h ****   */
2000:Drivers/STM32WBxx_HAL_Driver/Inc/stm32wbxx_ll_rcc.h **** __STATIC_INLINE void LL_RCC_LSCO_Enable(void)
2001:Drivers/STM32WBxx_HAL_Driver/Inc/stm32wbxx_ll_rcc.h **** {
2002:Drivers/STM32WBxx_HAL_Driver/Inc/stm32wbxx_ll_rcc.h ****   SET_BIT(RCC->BDCR, RCC_BDCR_LSCOEN);
2003:Drivers/STM32WBxx_HAL_Driver/Inc/stm32wbxx_ll_rcc.h **** }
2004:Drivers/STM32WBxx_HAL_Driver/Inc/stm32wbxx_ll_rcc.h **** 
2005:Drivers/STM32WBxx_HAL_Driver/Inc/stm32wbxx_ll_rcc.h **** /**
2006:Drivers/STM32WBxx_HAL_Driver/Inc/stm32wbxx_ll_rcc.h ****   * @brief  Disable Low speed clock
2007:Drivers/STM32WBxx_HAL_Driver/Inc/stm32wbxx_ll_rcc.h ****   * @rmtoll BDCR         LSCOEN        LL_RCC_LSCO_Disable
2008:Drivers/STM32WBxx_HAL_Driver/Inc/stm32wbxx_ll_rcc.h ****   * @retval None
2009:Drivers/STM32WBxx_HAL_Driver/Inc/stm32wbxx_ll_rcc.h ****   */
2010:Drivers/STM32WBxx_HAL_Driver/Inc/stm32wbxx_ll_rcc.h **** __STATIC_INLINE void LL_RCC_LSCO_Disable(void)
2011:Drivers/STM32WBxx_HAL_Driver/Inc/stm32wbxx_ll_rcc.h **** {
2012:Drivers/STM32WBxx_HAL_Driver/Inc/stm32wbxx_ll_rcc.h ****   CLEAR_BIT(RCC->BDCR, RCC_BDCR_LSCOEN);
2013:Drivers/STM32WBxx_HAL_Driver/Inc/stm32wbxx_ll_rcc.h **** }
2014:Drivers/STM32WBxx_HAL_Driver/Inc/stm32wbxx_ll_rcc.h **** 
2015:Drivers/STM32WBxx_HAL_Driver/Inc/stm32wbxx_ll_rcc.h **** /**
2016:Drivers/STM32WBxx_HAL_Driver/Inc/stm32wbxx_ll_rcc.h ****   * @brief  Configure Low speed clock selection
2017:Drivers/STM32WBxx_HAL_Driver/Inc/stm32wbxx_ll_rcc.h ****   * @rmtoll BDCR         LSCOSEL       LL_RCC_LSCO_SetSource
2018:Drivers/STM32WBxx_HAL_Driver/Inc/stm32wbxx_ll_rcc.h ****   * @param  Source This parameter can be one of the following values:
2019:Drivers/STM32WBxx_HAL_Driver/Inc/stm32wbxx_ll_rcc.h ****   *         @arg @ref LL_RCC_LSCO_CLKSOURCE_LSI
2020:Drivers/STM32WBxx_HAL_Driver/Inc/stm32wbxx_ll_rcc.h ****   *         @arg @ref LL_RCC_LSCO_CLKSOURCE_LSE
2021:Drivers/STM32WBxx_HAL_Driver/Inc/stm32wbxx_ll_rcc.h ****   * @retval None
2022:Drivers/STM32WBxx_HAL_Driver/Inc/stm32wbxx_ll_rcc.h ****   */
2023:Drivers/STM32WBxx_HAL_Driver/Inc/stm32wbxx_ll_rcc.h **** __STATIC_INLINE void LL_RCC_LSCO_SetSource(uint32_t Source)
2024:Drivers/STM32WBxx_HAL_Driver/Inc/stm32wbxx_ll_rcc.h **** {
ARM GAS  /var/folders/98/ctz5mtps7w71v8dr53cf5qg40000gn/T//ccdzqVkO.s 			page 73


2025:Drivers/STM32WBxx_HAL_Driver/Inc/stm32wbxx_ll_rcc.h ****   MODIFY_REG(RCC->BDCR, RCC_BDCR_LSCOSEL, Source);
2026:Drivers/STM32WBxx_HAL_Driver/Inc/stm32wbxx_ll_rcc.h **** }
2027:Drivers/STM32WBxx_HAL_Driver/Inc/stm32wbxx_ll_rcc.h **** 
2028:Drivers/STM32WBxx_HAL_Driver/Inc/stm32wbxx_ll_rcc.h **** /**
2029:Drivers/STM32WBxx_HAL_Driver/Inc/stm32wbxx_ll_rcc.h ****   * @brief  Get Low speed clock selection
2030:Drivers/STM32WBxx_HAL_Driver/Inc/stm32wbxx_ll_rcc.h ****   * @rmtoll BDCR         LSCOSEL       LL_RCC_LSCO_GetSource
2031:Drivers/STM32WBxx_HAL_Driver/Inc/stm32wbxx_ll_rcc.h ****   * @retval Returned value can be one of the following values:
2032:Drivers/STM32WBxx_HAL_Driver/Inc/stm32wbxx_ll_rcc.h ****   *         @arg @ref LL_RCC_LSCO_CLKSOURCE_LSI
2033:Drivers/STM32WBxx_HAL_Driver/Inc/stm32wbxx_ll_rcc.h ****   *         @arg @ref LL_RCC_LSCO_CLKSOURCE_LSE
2034:Drivers/STM32WBxx_HAL_Driver/Inc/stm32wbxx_ll_rcc.h ****   */
2035:Drivers/STM32WBxx_HAL_Driver/Inc/stm32wbxx_ll_rcc.h **** __STATIC_INLINE uint32_t LL_RCC_LSCO_GetSource(void)
2036:Drivers/STM32WBxx_HAL_Driver/Inc/stm32wbxx_ll_rcc.h **** {
2037:Drivers/STM32WBxx_HAL_Driver/Inc/stm32wbxx_ll_rcc.h ****   return (uint32_t)(READ_BIT(RCC->BDCR, RCC_BDCR_LSCOSEL));
2038:Drivers/STM32WBxx_HAL_Driver/Inc/stm32wbxx_ll_rcc.h **** }
2039:Drivers/STM32WBxx_HAL_Driver/Inc/stm32wbxx_ll_rcc.h **** 
2040:Drivers/STM32WBxx_HAL_Driver/Inc/stm32wbxx_ll_rcc.h **** /**
2041:Drivers/STM32WBxx_HAL_Driver/Inc/stm32wbxx_ll_rcc.h ****   * @}
2042:Drivers/STM32WBxx_HAL_Driver/Inc/stm32wbxx_ll_rcc.h ****   */
2043:Drivers/STM32WBxx_HAL_Driver/Inc/stm32wbxx_ll_rcc.h **** 
2044:Drivers/STM32WBxx_HAL_Driver/Inc/stm32wbxx_ll_rcc.h **** /** @defgroup RCC_LL_EF_System System
2045:Drivers/STM32WBxx_HAL_Driver/Inc/stm32wbxx_ll_rcc.h ****   * @{
2046:Drivers/STM32WBxx_HAL_Driver/Inc/stm32wbxx_ll_rcc.h ****   */
2047:Drivers/STM32WBxx_HAL_Driver/Inc/stm32wbxx_ll_rcc.h **** 
2048:Drivers/STM32WBxx_HAL_Driver/Inc/stm32wbxx_ll_rcc.h **** /**
2049:Drivers/STM32WBxx_HAL_Driver/Inc/stm32wbxx_ll_rcc.h ****   * @brief  Configure the system clock source
2050:Drivers/STM32WBxx_HAL_Driver/Inc/stm32wbxx_ll_rcc.h ****   * @rmtoll CFGR         SW            LL_RCC_SetSysClkSource
2051:Drivers/STM32WBxx_HAL_Driver/Inc/stm32wbxx_ll_rcc.h ****   * @param  Source This parameter can be one of the following values:
2052:Drivers/STM32WBxx_HAL_Driver/Inc/stm32wbxx_ll_rcc.h ****   *         @arg @ref LL_RCC_SYS_CLKSOURCE_MSI
2053:Drivers/STM32WBxx_HAL_Driver/Inc/stm32wbxx_ll_rcc.h ****   *         @arg @ref LL_RCC_SYS_CLKSOURCE_HSI
2054:Drivers/STM32WBxx_HAL_Driver/Inc/stm32wbxx_ll_rcc.h ****   *         @arg @ref LL_RCC_SYS_CLKSOURCE_HSE
2055:Drivers/STM32WBxx_HAL_Driver/Inc/stm32wbxx_ll_rcc.h ****   *         @arg @ref LL_RCC_SYS_CLKSOURCE_PLL
2056:Drivers/STM32WBxx_HAL_Driver/Inc/stm32wbxx_ll_rcc.h ****   * @retval None
2057:Drivers/STM32WBxx_HAL_Driver/Inc/stm32wbxx_ll_rcc.h ****   */
2058:Drivers/STM32WBxx_HAL_Driver/Inc/stm32wbxx_ll_rcc.h **** __STATIC_INLINE void LL_RCC_SetSysClkSource(uint32_t Source)
2059:Drivers/STM32WBxx_HAL_Driver/Inc/stm32wbxx_ll_rcc.h **** {
2060:Drivers/STM32WBxx_HAL_Driver/Inc/stm32wbxx_ll_rcc.h ****   MODIFY_REG(RCC->CFGR, RCC_CFGR_SW, Source);
2061:Drivers/STM32WBxx_HAL_Driver/Inc/stm32wbxx_ll_rcc.h **** }
2062:Drivers/STM32WBxx_HAL_Driver/Inc/stm32wbxx_ll_rcc.h **** 
2063:Drivers/STM32WBxx_HAL_Driver/Inc/stm32wbxx_ll_rcc.h **** /**
2064:Drivers/STM32WBxx_HAL_Driver/Inc/stm32wbxx_ll_rcc.h ****   * @brief  Get the system clock source
2065:Drivers/STM32WBxx_HAL_Driver/Inc/stm32wbxx_ll_rcc.h ****   * @rmtoll CFGR         SWS           LL_RCC_GetSysClkSource
2066:Drivers/STM32WBxx_HAL_Driver/Inc/stm32wbxx_ll_rcc.h ****   * @retval Returned value can be one of the following values:
2067:Drivers/STM32WBxx_HAL_Driver/Inc/stm32wbxx_ll_rcc.h ****   *         @arg @ref LL_RCC_SYS_CLKSOURCE_STATUS_MSI
2068:Drivers/STM32WBxx_HAL_Driver/Inc/stm32wbxx_ll_rcc.h ****   *         @arg @ref LL_RCC_SYS_CLKSOURCE_STATUS_HSI
2069:Drivers/STM32WBxx_HAL_Driver/Inc/stm32wbxx_ll_rcc.h ****   *         @arg @ref LL_RCC_SYS_CLKSOURCE_STATUS_HSE
2070:Drivers/STM32WBxx_HAL_Driver/Inc/stm32wbxx_ll_rcc.h ****   *         @arg @ref LL_RCC_SYS_CLKSOURCE_STATUS_PLL
2071:Drivers/STM32WBxx_HAL_Driver/Inc/stm32wbxx_ll_rcc.h ****   */
2072:Drivers/STM32WBxx_HAL_Driver/Inc/stm32wbxx_ll_rcc.h **** __STATIC_INLINE uint32_t LL_RCC_GetSysClkSource(void)
2073:Drivers/STM32WBxx_HAL_Driver/Inc/stm32wbxx_ll_rcc.h **** {
2074:Drivers/STM32WBxx_HAL_Driver/Inc/stm32wbxx_ll_rcc.h ****   return (uint32_t)(READ_BIT(RCC->CFGR, RCC_CFGR_SWS));
2075:Drivers/STM32WBxx_HAL_Driver/Inc/stm32wbxx_ll_rcc.h **** }
2076:Drivers/STM32WBxx_HAL_Driver/Inc/stm32wbxx_ll_rcc.h **** 
2077:Drivers/STM32WBxx_HAL_Driver/Inc/stm32wbxx_ll_rcc.h **** /**
2078:Drivers/STM32WBxx_HAL_Driver/Inc/stm32wbxx_ll_rcc.h ****   * @brief  Get the RF clock source
2079:Drivers/STM32WBxx_HAL_Driver/Inc/stm32wbxx_ll_rcc.h ****   * @rmtoll EXTCFGR         RFCSS           LL_RCC_GetRFClockSource
2080:Drivers/STM32WBxx_HAL_Driver/Inc/stm32wbxx_ll_rcc.h ****   * @retval Returned value can be one of the following values:
2081:Drivers/STM32WBxx_HAL_Driver/Inc/stm32wbxx_ll_rcc.h ****   *         @arg @ref LL_RCC_RF_CLKSOURCE_HSI
ARM GAS  /var/folders/98/ctz5mtps7w71v8dr53cf5qg40000gn/T//ccdzqVkO.s 			page 74


2082:Drivers/STM32WBxx_HAL_Driver/Inc/stm32wbxx_ll_rcc.h ****   *         @arg @ref LL_RCC_RF_CLKSOURCE_HSE_DIV2
2083:Drivers/STM32WBxx_HAL_Driver/Inc/stm32wbxx_ll_rcc.h ****   */
2084:Drivers/STM32WBxx_HAL_Driver/Inc/stm32wbxx_ll_rcc.h **** __STATIC_INLINE uint32_t LL_RCC_GetRFClockSource(void)
2085:Drivers/STM32WBxx_HAL_Driver/Inc/stm32wbxx_ll_rcc.h **** {
2086:Drivers/STM32WBxx_HAL_Driver/Inc/stm32wbxx_ll_rcc.h ****   return (uint32_t)(READ_BIT(RCC->EXTCFGR, RCC_EXTCFGR_RFCSS));
2087:Drivers/STM32WBxx_HAL_Driver/Inc/stm32wbxx_ll_rcc.h **** }
2088:Drivers/STM32WBxx_HAL_Driver/Inc/stm32wbxx_ll_rcc.h **** 
2089:Drivers/STM32WBxx_HAL_Driver/Inc/stm32wbxx_ll_rcc.h **** /**
2090:Drivers/STM32WBxx_HAL_Driver/Inc/stm32wbxx_ll_rcc.h ****   * @brief  Set RF Wakeup Clock Source
2091:Drivers/STM32WBxx_HAL_Driver/Inc/stm32wbxx_ll_rcc.h ****   * @rmtoll CSR         RFWKPSEL        LL_RCC_SetRFWKPClockSource
2092:Drivers/STM32WBxx_HAL_Driver/Inc/stm32wbxx_ll_rcc.h ****   * @param  Source This parameter can be one of the following values:
2093:Drivers/STM32WBxx_HAL_Driver/Inc/stm32wbxx_ll_rcc.h ****   *         @arg @ref LL_RCC_RFWKP_CLKSOURCE_NONE
2094:Drivers/STM32WBxx_HAL_Driver/Inc/stm32wbxx_ll_rcc.h ****   *         @arg @ref LL_RCC_RFWKP_CLKSOURCE_LSE
2095:Drivers/STM32WBxx_HAL_Driver/Inc/stm32wbxx_ll_rcc.h ****   *         @arg @ref LL_RCC_RFWKP_CLKSOURCE_LSI (*)
2096:Drivers/STM32WBxx_HAL_Driver/Inc/stm32wbxx_ll_rcc.h ****   *         @arg @ref LL_RCC_RFWKP_CLKSOURCE_HSE_DIV1024
2097:Drivers/STM32WBxx_HAL_Driver/Inc/stm32wbxx_ll_rcc.h ****   * @note   (*) Value not defined for all devices
2098:Drivers/STM32WBxx_HAL_Driver/Inc/stm32wbxx_ll_rcc.h ****   *
2099:Drivers/STM32WBxx_HAL_Driver/Inc/stm32wbxx_ll_rcc.h ****   * @retval None
2100:Drivers/STM32WBxx_HAL_Driver/Inc/stm32wbxx_ll_rcc.h ****   */
2101:Drivers/STM32WBxx_HAL_Driver/Inc/stm32wbxx_ll_rcc.h **** __STATIC_INLINE void LL_RCC_SetRFWKPClockSource(uint32_t Source)
2102:Drivers/STM32WBxx_HAL_Driver/Inc/stm32wbxx_ll_rcc.h **** {
2103:Drivers/STM32WBxx_HAL_Driver/Inc/stm32wbxx_ll_rcc.h ****   MODIFY_REG(RCC->CSR, RCC_CSR_RFWKPSEL, Source);
2104:Drivers/STM32WBxx_HAL_Driver/Inc/stm32wbxx_ll_rcc.h **** }
2105:Drivers/STM32WBxx_HAL_Driver/Inc/stm32wbxx_ll_rcc.h **** 
2106:Drivers/STM32WBxx_HAL_Driver/Inc/stm32wbxx_ll_rcc.h **** /**
2107:Drivers/STM32WBxx_HAL_Driver/Inc/stm32wbxx_ll_rcc.h ****   * @brief  Get RF Wakeup Clock Source
2108:Drivers/STM32WBxx_HAL_Driver/Inc/stm32wbxx_ll_rcc.h ****   * @rmtoll CSR         RFWKPSEL        LL_RCC_GetRFWKPClockSource
2109:Drivers/STM32WBxx_HAL_Driver/Inc/stm32wbxx_ll_rcc.h ****   * @retval Returned value can be one of the following values:
2110:Drivers/STM32WBxx_HAL_Driver/Inc/stm32wbxx_ll_rcc.h ****   *         @arg @ref LL_RCC_RFWKP_CLKSOURCE_NONE
2111:Drivers/STM32WBxx_HAL_Driver/Inc/stm32wbxx_ll_rcc.h ****   *         @arg @ref LL_RCC_RFWKP_CLKSOURCE_LSE
2112:Drivers/STM32WBxx_HAL_Driver/Inc/stm32wbxx_ll_rcc.h ****   *         @arg @ref LL_RCC_RFWKP_CLKSOURCE_LSI (*)
2113:Drivers/STM32WBxx_HAL_Driver/Inc/stm32wbxx_ll_rcc.h ****   *         @arg @ref LL_RCC_RFWKP_CLKSOURCE_HSE_DIV1024
2114:Drivers/STM32WBxx_HAL_Driver/Inc/stm32wbxx_ll_rcc.h ****   * @note   (*) Value not defined for all devices
2115:Drivers/STM32WBxx_HAL_Driver/Inc/stm32wbxx_ll_rcc.h ****   *
2116:Drivers/STM32WBxx_HAL_Driver/Inc/stm32wbxx_ll_rcc.h ****   */
2117:Drivers/STM32WBxx_HAL_Driver/Inc/stm32wbxx_ll_rcc.h **** __STATIC_INLINE uint32_t LL_RCC_GetRFWKPClockSource(void)
2118:Drivers/STM32WBxx_HAL_Driver/Inc/stm32wbxx_ll_rcc.h **** {
2119:Drivers/STM32WBxx_HAL_Driver/Inc/stm32wbxx_ll_rcc.h ****   return (uint32_t)(READ_BIT(RCC->CSR, RCC_CSR_RFWKPSEL));
2120:Drivers/STM32WBxx_HAL_Driver/Inc/stm32wbxx_ll_rcc.h **** }
2121:Drivers/STM32WBxx_HAL_Driver/Inc/stm32wbxx_ll_rcc.h **** 
2122:Drivers/STM32WBxx_HAL_Driver/Inc/stm32wbxx_ll_rcc.h **** /**
2123:Drivers/STM32WBxx_HAL_Driver/Inc/stm32wbxx_ll_rcc.h ****   * @brief  Check if Radio System is reset.
2124:Drivers/STM32WBxx_HAL_Driver/Inc/stm32wbxx_ll_rcc.h ****   * @rmtoll CSR          RFRSTS       LL_RCC_IsRFUnderReset
2125:Drivers/STM32WBxx_HAL_Driver/Inc/stm32wbxx_ll_rcc.h ****   * @retval State of bit (1 or 0).
2126:Drivers/STM32WBxx_HAL_Driver/Inc/stm32wbxx_ll_rcc.h ****   */
2127:Drivers/STM32WBxx_HAL_Driver/Inc/stm32wbxx_ll_rcc.h **** __STATIC_INLINE uint32_t LL_RCC_IsRFUnderReset(void)
2128:Drivers/STM32WBxx_HAL_Driver/Inc/stm32wbxx_ll_rcc.h **** {
2129:Drivers/STM32WBxx_HAL_Driver/Inc/stm32wbxx_ll_rcc.h ****   return ((READ_BIT(RCC->CSR, RCC_CSR_RFRSTS) == (RCC_CSR_RFRSTS)) ? 1UL : 0UL);
2130:Drivers/STM32WBxx_HAL_Driver/Inc/stm32wbxx_ll_rcc.h **** }
2131:Drivers/STM32WBxx_HAL_Driver/Inc/stm32wbxx_ll_rcc.h **** 
2132:Drivers/STM32WBxx_HAL_Driver/Inc/stm32wbxx_ll_rcc.h **** /**
2133:Drivers/STM32WBxx_HAL_Driver/Inc/stm32wbxx_ll_rcc.h ****   * @brief  Set AHB prescaler
2134:Drivers/STM32WBxx_HAL_Driver/Inc/stm32wbxx_ll_rcc.h ****   * @rmtoll CFGR         HPRE          LL_RCC_SetAHBPrescaler
2135:Drivers/STM32WBxx_HAL_Driver/Inc/stm32wbxx_ll_rcc.h ****   * @param  Prescaler This parameter can be one of the following values:
2136:Drivers/STM32WBxx_HAL_Driver/Inc/stm32wbxx_ll_rcc.h ****   *         @arg @ref LL_RCC_SYSCLK_DIV_1
2137:Drivers/STM32WBxx_HAL_Driver/Inc/stm32wbxx_ll_rcc.h ****   *         @arg @ref LL_RCC_SYSCLK_DIV_2
2138:Drivers/STM32WBxx_HAL_Driver/Inc/stm32wbxx_ll_rcc.h ****   *         @arg @ref LL_RCC_SYSCLK_DIV_3
ARM GAS  /var/folders/98/ctz5mtps7w71v8dr53cf5qg40000gn/T//ccdzqVkO.s 			page 75


2139:Drivers/STM32WBxx_HAL_Driver/Inc/stm32wbxx_ll_rcc.h ****   *         @arg @ref LL_RCC_SYSCLK_DIV_4
2140:Drivers/STM32WBxx_HAL_Driver/Inc/stm32wbxx_ll_rcc.h ****   *         @arg @ref LL_RCC_SYSCLK_DIV_5
2141:Drivers/STM32WBxx_HAL_Driver/Inc/stm32wbxx_ll_rcc.h ****   *         @arg @ref LL_RCC_SYSCLK_DIV_6
2142:Drivers/STM32WBxx_HAL_Driver/Inc/stm32wbxx_ll_rcc.h ****   *         @arg @ref LL_RCC_SYSCLK_DIV_8
2143:Drivers/STM32WBxx_HAL_Driver/Inc/stm32wbxx_ll_rcc.h ****   *         @arg @ref LL_RCC_SYSCLK_DIV_10
2144:Drivers/STM32WBxx_HAL_Driver/Inc/stm32wbxx_ll_rcc.h ****   *         @arg @ref LL_RCC_SYSCLK_DIV_16
2145:Drivers/STM32WBxx_HAL_Driver/Inc/stm32wbxx_ll_rcc.h ****   *         @arg @ref LL_RCC_SYSCLK_DIV_32
2146:Drivers/STM32WBxx_HAL_Driver/Inc/stm32wbxx_ll_rcc.h ****   *         @arg @ref LL_RCC_SYSCLK_DIV_64
2147:Drivers/STM32WBxx_HAL_Driver/Inc/stm32wbxx_ll_rcc.h ****   *         @arg @ref LL_RCC_SYSCLK_DIV_128
2148:Drivers/STM32WBxx_HAL_Driver/Inc/stm32wbxx_ll_rcc.h ****   *         @arg @ref LL_RCC_SYSCLK_DIV_256
2149:Drivers/STM32WBxx_HAL_Driver/Inc/stm32wbxx_ll_rcc.h ****   *         @arg @ref LL_RCC_SYSCLK_DIV_512
2150:Drivers/STM32WBxx_HAL_Driver/Inc/stm32wbxx_ll_rcc.h ****   * @retval None
2151:Drivers/STM32WBxx_HAL_Driver/Inc/stm32wbxx_ll_rcc.h ****   */
2152:Drivers/STM32WBxx_HAL_Driver/Inc/stm32wbxx_ll_rcc.h **** __STATIC_INLINE void LL_RCC_SetAHBPrescaler(uint32_t Prescaler)
2153:Drivers/STM32WBxx_HAL_Driver/Inc/stm32wbxx_ll_rcc.h **** {
2154:Drivers/STM32WBxx_HAL_Driver/Inc/stm32wbxx_ll_rcc.h ****   MODIFY_REG(RCC->CFGR, RCC_CFGR_HPRE, Prescaler);
2155:Drivers/STM32WBxx_HAL_Driver/Inc/stm32wbxx_ll_rcc.h **** }
2156:Drivers/STM32WBxx_HAL_Driver/Inc/stm32wbxx_ll_rcc.h **** 
2157:Drivers/STM32WBxx_HAL_Driver/Inc/stm32wbxx_ll_rcc.h **** /**
2158:Drivers/STM32WBxx_HAL_Driver/Inc/stm32wbxx_ll_rcc.h ****   * @brief  Set CPU2 AHB prescaler
2159:Drivers/STM32WBxx_HAL_Driver/Inc/stm32wbxx_ll_rcc.h ****   * @rmtoll EXTCFGR         C2HPRE          LL_C2_RCC_SetAHBPrescaler
2160:Drivers/STM32WBxx_HAL_Driver/Inc/stm32wbxx_ll_rcc.h ****   * @param  Prescaler This parameter can be one of the following values:
2161:Drivers/STM32WBxx_HAL_Driver/Inc/stm32wbxx_ll_rcc.h ****   *         @arg @ref LL_RCC_SYSCLK_DIV_1
2162:Drivers/STM32WBxx_HAL_Driver/Inc/stm32wbxx_ll_rcc.h ****   *         @arg @ref LL_RCC_SYSCLK_DIV_2
2163:Drivers/STM32WBxx_HAL_Driver/Inc/stm32wbxx_ll_rcc.h ****   *         @arg @ref LL_RCC_SYSCLK_DIV_3
2164:Drivers/STM32WBxx_HAL_Driver/Inc/stm32wbxx_ll_rcc.h ****   *         @arg @ref LL_RCC_SYSCLK_DIV_4
2165:Drivers/STM32WBxx_HAL_Driver/Inc/stm32wbxx_ll_rcc.h ****   *         @arg @ref LL_RCC_SYSCLK_DIV_5
2166:Drivers/STM32WBxx_HAL_Driver/Inc/stm32wbxx_ll_rcc.h ****   *         @arg @ref LL_RCC_SYSCLK_DIV_6
2167:Drivers/STM32WBxx_HAL_Driver/Inc/stm32wbxx_ll_rcc.h ****   *         @arg @ref LL_RCC_SYSCLK_DIV_8
2168:Drivers/STM32WBxx_HAL_Driver/Inc/stm32wbxx_ll_rcc.h ****   *         @arg @ref LL_RCC_SYSCLK_DIV_10
2169:Drivers/STM32WBxx_HAL_Driver/Inc/stm32wbxx_ll_rcc.h ****   *         @arg @ref LL_RCC_SYSCLK_DIV_16
2170:Drivers/STM32WBxx_HAL_Driver/Inc/stm32wbxx_ll_rcc.h ****   *         @arg @ref LL_RCC_SYSCLK_DIV_32
2171:Drivers/STM32WBxx_HAL_Driver/Inc/stm32wbxx_ll_rcc.h ****   *         @arg @ref LL_RCC_SYSCLK_DIV_64
2172:Drivers/STM32WBxx_HAL_Driver/Inc/stm32wbxx_ll_rcc.h ****   *         @arg @ref LL_RCC_SYSCLK_DIV_128
2173:Drivers/STM32WBxx_HAL_Driver/Inc/stm32wbxx_ll_rcc.h ****   *         @arg @ref LL_RCC_SYSCLK_DIV_256
2174:Drivers/STM32WBxx_HAL_Driver/Inc/stm32wbxx_ll_rcc.h ****   *         @arg @ref LL_RCC_SYSCLK_DIV_512
2175:Drivers/STM32WBxx_HAL_Driver/Inc/stm32wbxx_ll_rcc.h ****   * @retval None
2176:Drivers/STM32WBxx_HAL_Driver/Inc/stm32wbxx_ll_rcc.h ****   */
2177:Drivers/STM32WBxx_HAL_Driver/Inc/stm32wbxx_ll_rcc.h **** __STATIC_INLINE void LL_C2_RCC_SetAHBPrescaler(uint32_t Prescaler)
2178:Drivers/STM32WBxx_HAL_Driver/Inc/stm32wbxx_ll_rcc.h **** {
2179:Drivers/STM32WBxx_HAL_Driver/Inc/stm32wbxx_ll_rcc.h ****   MODIFY_REG(RCC->EXTCFGR, RCC_EXTCFGR_C2HPRE, Prescaler);
2180:Drivers/STM32WBxx_HAL_Driver/Inc/stm32wbxx_ll_rcc.h **** }
2181:Drivers/STM32WBxx_HAL_Driver/Inc/stm32wbxx_ll_rcc.h **** 
2182:Drivers/STM32WBxx_HAL_Driver/Inc/stm32wbxx_ll_rcc.h **** /**
2183:Drivers/STM32WBxx_HAL_Driver/Inc/stm32wbxx_ll_rcc.h ****   * @brief  Set AHB4 prescaler
2184:Drivers/STM32WBxx_HAL_Driver/Inc/stm32wbxx_ll_rcc.h ****   * @rmtoll EXTCFGR         SHDHPRE          LL_RCC_SetAHB4Prescaler
2185:Drivers/STM32WBxx_HAL_Driver/Inc/stm32wbxx_ll_rcc.h ****   * @param  Prescaler This parameter can be one of the following values:
2186:Drivers/STM32WBxx_HAL_Driver/Inc/stm32wbxx_ll_rcc.h ****   *         @arg @ref LL_RCC_SYSCLK_DIV_1
2187:Drivers/STM32WBxx_HAL_Driver/Inc/stm32wbxx_ll_rcc.h ****   *         @arg @ref LL_RCC_SYSCLK_DIV_2
2188:Drivers/STM32WBxx_HAL_Driver/Inc/stm32wbxx_ll_rcc.h ****   *         @arg @ref LL_RCC_SYSCLK_DIV_3
2189:Drivers/STM32WBxx_HAL_Driver/Inc/stm32wbxx_ll_rcc.h ****   *         @arg @ref LL_RCC_SYSCLK_DIV_4
2190:Drivers/STM32WBxx_HAL_Driver/Inc/stm32wbxx_ll_rcc.h ****   *         @arg @ref LL_RCC_SYSCLK_DIV_5
2191:Drivers/STM32WBxx_HAL_Driver/Inc/stm32wbxx_ll_rcc.h ****   *         @arg @ref LL_RCC_SYSCLK_DIV_6
2192:Drivers/STM32WBxx_HAL_Driver/Inc/stm32wbxx_ll_rcc.h ****   *         @arg @ref LL_RCC_SYSCLK_DIV_8
2193:Drivers/STM32WBxx_HAL_Driver/Inc/stm32wbxx_ll_rcc.h ****   *         @arg @ref LL_RCC_SYSCLK_DIV_10
2194:Drivers/STM32WBxx_HAL_Driver/Inc/stm32wbxx_ll_rcc.h ****   *         @arg @ref LL_RCC_SYSCLK_DIV_16
2195:Drivers/STM32WBxx_HAL_Driver/Inc/stm32wbxx_ll_rcc.h ****   *         @arg @ref LL_RCC_SYSCLK_DIV_32
ARM GAS  /var/folders/98/ctz5mtps7w71v8dr53cf5qg40000gn/T//ccdzqVkO.s 			page 76


2196:Drivers/STM32WBxx_HAL_Driver/Inc/stm32wbxx_ll_rcc.h ****   *         @arg @ref LL_RCC_SYSCLK_DIV_64
2197:Drivers/STM32WBxx_HAL_Driver/Inc/stm32wbxx_ll_rcc.h ****   *         @arg @ref LL_RCC_SYSCLK_DIV_128
2198:Drivers/STM32WBxx_HAL_Driver/Inc/stm32wbxx_ll_rcc.h ****   *         @arg @ref LL_RCC_SYSCLK_DIV_256
2199:Drivers/STM32WBxx_HAL_Driver/Inc/stm32wbxx_ll_rcc.h ****   *         @arg @ref LL_RCC_SYSCLK_DIV_512
2200:Drivers/STM32WBxx_HAL_Driver/Inc/stm32wbxx_ll_rcc.h ****   * @retval None
2201:Drivers/STM32WBxx_HAL_Driver/Inc/stm32wbxx_ll_rcc.h ****   */
2202:Drivers/STM32WBxx_HAL_Driver/Inc/stm32wbxx_ll_rcc.h **** __STATIC_INLINE void LL_RCC_SetAHB4Prescaler(uint32_t Prescaler)
2203:Drivers/STM32WBxx_HAL_Driver/Inc/stm32wbxx_ll_rcc.h **** {
2204:Drivers/STM32WBxx_HAL_Driver/Inc/stm32wbxx_ll_rcc.h ****   MODIFY_REG(RCC->EXTCFGR, RCC_EXTCFGR_SHDHPRE, Prescaler >> 4);
2205:Drivers/STM32WBxx_HAL_Driver/Inc/stm32wbxx_ll_rcc.h **** }
2206:Drivers/STM32WBxx_HAL_Driver/Inc/stm32wbxx_ll_rcc.h **** 
2207:Drivers/STM32WBxx_HAL_Driver/Inc/stm32wbxx_ll_rcc.h **** /**
2208:Drivers/STM32WBxx_HAL_Driver/Inc/stm32wbxx_ll_rcc.h ****   * @brief  Set APB1 prescaler
2209:Drivers/STM32WBxx_HAL_Driver/Inc/stm32wbxx_ll_rcc.h ****   * @rmtoll CFGR         PPRE1         LL_RCC_SetAPB1Prescaler
2210:Drivers/STM32WBxx_HAL_Driver/Inc/stm32wbxx_ll_rcc.h ****   * @param  Prescaler This parameter can be one of the following values:
2211:Drivers/STM32WBxx_HAL_Driver/Inc/stm32wbxx_ll_rcc.h ****   *         @arg @ref LL_RCC_APB1_DIV_1
2212:Drivers/STM32WBxx_HAL_Driver/Inc/stm32wbxx_ll_rcc.h ****   *         @arg @ref LL_RCC_APB1_DIV_2
2213:Drivers/STM32WBxx_HAL_Driver/Inc/stm32wbxx_ll_rcc.h ****   *         @arg @ref LL_RCC_APB1_DIV_4
2214:Drivers/STM32WBxx_HAL_Driver/Inc/stm32wbxx_ll_rcc.h ****   *         @arg @ref LL_RCC_APB1_DIV_8
2215:Drivers/STM32WBxx_HAL_Driver/Inc/stm32wbxx_ll_rcc.h ****   *         @arg @ref LL_RCC_APB1_DIV_16
2216:Drivers/STM32WBxx_HAL_Driver/Inc/stm32wbxx_ll_rcc.h ****   * @retval None
2217:Drivers/STM32WBxx_HAL_Driver/Inc/stm32wbxx_ll_rcc.h ****   */
2218:Drivers/STM32WBxx_HAL_Driver/Inc/stm32wbxx_ll_rcc.h **** __STATIC_INLINE void LL_RCC_SetAPB1Prescaler(uint32_t Prescaler)
2219:Drivers/STM32WBxx_HAL_Driver/Inc/stm32wbxx_ll_rcc.h **** {
2220:Drivers/STM32WBxx_HAL_Driver/Inc/stm32wbxx_ll_rcc.h ****   MODIFY_REG(RCC->CFGR, RCC_CFGR_PPRE1, Prescaler);
2221:Drivers/STM32WBxx_HAL_Driver/Inc/stm32wbxx_ll_rcc.h **** }
2222:Drivers/STM32WBxx_HAL_Driver/Inc/stm32wbxx_ll_rcc.h **** 
2223:Drivers/STM32WBxx_HAL_Driver/Inc/stm32wbxx_ll_rcc.h **** /**
2224:Drivers/STM32WBxx_HAL_Driver/Inc/stm32wbxx_ll_rcc.h ****   * @brief  Set APB2 prescaler
2225:Drivers/STM32WBxx_HAL_Driver/Inc/stm32wbxx_ll_rcc.h ****   * @rmtoll CFGR         PPRE2         LL_RCC_SetAPB2Prescaler
2226:Drivers/STM32WBxx_HAL_Driver/Inc/stm32wbxx_ll_rcc.h ****   * @param  Prescaler This parameter can be one of the following values:
2227:Drivers/STM32WBxx_HAL_Driver/Inc/stm32wbxx_ll_rcc.h ****   *         @arg @ref LL_RCC_APB2_DIV_1
2228:Drivers/STM32WBxx_HAL_Driver/Inc/stm32wbxx_ll_rcc.h ****   *         @arg @ref LL_RCC_APB2_DIV_2
2229:Drivers/STM32WBxx_HAL_Driver/Inc/stm32wbxx_ll_rcc.h ****   *         @arg @ref LL_RCC_APB2_DIV_4
2230:Drivers/STM32WBxx_HAL_Driver/Inc/stm32wbxx_ll_rcc.h ****   *         @arg @ref LL_RCC_APB2_DIV_8
2231:Drivers/STM32WBxx_HAL_Driver/Inc/stm32wbxx_ll_rcc.h ****   *         @arg @ref LL_RCC_APB2_DIV_16
2232:Drivers/STM32WBxx_HAL_Driver/Inc/stm32wbxx_ll_rcc.h ****   * @retval None
2233:Drivers/STM32WBxx_HAL_Driver/Inc/stm32wbxx_ll_rcc.h ****   */
2234:Drivers/STM32WBxx_HAL_Driver/Inc/stm32wbxx_ll_rcc.h **** __STATIC_INLINE void LL_RCC_SetAPB2Prescaler(uint32_t Prescaler)
2235:Drivers/STM32WBxx_HAL_Driver/Inc/stm32wbxx_ll_rcc.h **** {
2236:Drivers/STM32WBxx_HAL_Driver/Inc/stm32wbxx_ll_rcc.h ****   MODIFY_REG(RCC->CFGR, RCC_CFGR_PPRE2, Prescaler);
2237:Drivers/STM32WBxx_HAL_Driver/Inc/stm32wbxx_ll_rcc.h **** }
2238:Drivers/STM32WBxx_HAL_Driver/Inc/stm32wbxx_ll_rcc.h **** 
2239:Drivers/STM32WBxx_HAL_Driver/Inc/stm32wbxx_ll_rcc.h **** /**
2240:Drivers/STM32WBxx_HAL_Driver/Inc/stm32wbxx_ll_rcc.h ****   * @brief  Get AHB prescaler
2241:Drivers/STM32WBxx_HAL_Driver/Inc/stm32wbxx_ll_rcc.h ****   * @rmtoll CFGR         HPRE          LL_RCC_GetAHBPrescaler
2242:Drivers/STM32WBxx_HAL_Driver/Inc/stm32wbxx_ll_rcc.h ****   * @retval Returned value can be one of the following values:
2243:Drivers/STM32WBxx_HAL_Driver/Inc/stm32wbxx_ll_rcc.h ****   *         @arg @ref LL_RCC_SYSCLK_DIV_1
2244:Drivers/STM32WBxx_HAL_Driver/Inc/stm32wbxx_ll_rcc.h ****   *         @arg @ref LL_RCC_SYSCLK_DIV_2
2245:Drivers/STM32WBxx_HAL_Driver/Inc/stm32wbxx_ll_rcc.h ****   *         @arg @ref LL_RCC_SYSCLK_DIV_3
2246:Drivers/STM32WBxx_HAL_Driver/Inc/stm32wbxx_ll_rcc.h ****   *         @arg @ref LL_RCC_SYSCLK_DIV_4
2247:Drivers/STM32WBxx_HAL_Driver/Inc/stm32wbxx_ll_rcc.h ****   *         @arg @ref LL_RCC_SYSCLK_DIV_5
2248:Drivers/STM32WBxx_HAL_Driver/Inc/stm32wbxx_ll_rcc.h ****   *         @arg @ref LL_RCC_SYSCLK_DIV_6
2249:Drivers/STM32WBxx_HAL_Driver/Inc/stm32wbxx_ll_rcc.h ****   *         @arg @ref LL_RCC_SYSCLK_DIV_8
2250:Drivers/STM32WBxx_HAL_Driver/Inc/stm32wbxx_ll_rcc.h ****   *         @arg @ref LL_RCC_SYSCLK_DIV_10
2251:Drivers/STM32WBxx_HAL_Driver/Inc/stm32wbxx_ll_rcc.h ****   *         @arg @ref LL_RCC_SYSCLK_DIV_16
2252:Drivers/STM32WBxx_HAL_Driver/Inc/stm32wbxx_ll_rcc.h ****   *         @arg @ref LL_RCC_SYSCLK_DIV_32
ARM GAS  /var/folders/98/ctz5mtps7w71v8dr53cf5qg40000gn/T//ccdzqVkO.s 			page 77


2253:Drivers/STM32WBxx_HAL_Driver/Inc/stm32wbxx_ll_rcc.h ****   *         @arg @ref LL_RCC_SYSCLK_DIV_64
2254:Drivers/STM32WBxx_HAL_Driver/Inc/stm32wbxx_ll_rcc.h ****   *         @arg @ref LL_RCC_SYSCLK_DIV_128
2255:Drivers/STM32WBxx_HAL_Driver/Inc/stm32wbxx_ll_rcc.h ****   *         @arg @ref LL_RCC_SYSCLK_DIV_256
2256:Drivers/STM32WBxx_HAL_Driver/Inc/stm32wbxx_ll_rcc.h ****   *         @arg @ref LL_RCC_SYSCLK_DIV_512
2257:Drivers/STM32WBxx_HAL_Driver/Inc/stm32wbxx_ll_rcc.h ****   */
2258:Drivers/STM32WBxx_HAL_Driver/Inc/stm32wbxx_ll_rcc.h **** __STATIC_INLINE uint32_t LL_RCC_GetAHBPrescaler(void)
2259:Drivers/STM32WBxx_HAL_Driver/Inc/stm32wbxx_ll_rcc.h **** {
2260:Drivers/STM32WBxx_HAL_Driver/Inc/stm32wbxx_ll_rcc.h ****   return (uint32_t)(READ_BIT(RCC->CFGR, RCC_CFGR_HPRE));
2261:Drivers/STM32WBxx_HAL_Driver/Inc/stm32wbxx_ll_rcc.h **** }
2262:Drivers/STM32WBxx_HAL_Driver/Inc/stm32wbxx_ll_rcc.h **** 
2263:Drivers/STM32WBxx_HAL_Driver/Inc/stm32wbxx_ll_rcc.h **** /**
2264:Drivers/STM32WBxx_HAL_Driver/Inc/stm32wbxx_ll_rcc.h ****   * @brief  Get C2 AHB prescaler
2265:Drivers/STM32WBxx_HAL_Driver/Inc/stm32wbxx_ll_rcc.h ****   * @rmtoll EXTCFGR         C2HPRE          LL_C2_RCC_GetAHBPrescaler
2266:Drivers/STM32WBxx_HAL_Driver/Inc/stm32wbxx_ll_rcc.h ****   * @retval Returned value can be one of the following values:
2267:Drivers/STM32WBxx_HAL_Driver/Inc/stm32wbxx_ll_rcc.h ****   *         @arg @ref LL_RCC_SYSCLK_DIV_1
2268:Drivers/STM32WBxx_HAL_Driver/Inc/stm32wbxx_ll_rcc.h ****   *         @arg @ref LL_RCC_SYSCLK_DIV_2
2269:Drivers/STM32WBxx_HAL_Driver/Inc/stm32wbxx_ll_rcc.h ****   *         @arg @ref LL_RCC_SYSCLK_DIV_3
2270:Drivers/STM32WBxx_HAL_Driver/Inc/stm32wbxx_ll_rcc.h ****   *         @arg @ref LL_RCC_SYSCLK_DIV_4
2271:Drivers/STM32WBxx_HAL_Driver/Inc/stm32wbxx_ll_rcc.h ****   *         @arg @ref LL_RCC_SYSCLK_DIV_5
2272:Drivers/STM32WBxx_HAL_Driver/Inc/stm32wbxx_ll_rcc.h ****   *         @arg @ref LL_RCC_SYSCLK_DIV_6
2273:Drivers/STM32WBxx_HAL_Driver/Inc/stm32wbxx_ll_rcc.h ****   *         @arg @ref LL_RCC_SYSCLK_DIV_8
2274:Drivers/STM32WBxx_HAL_Driver/Inc/stm32wbxx_ll_rcc.h ****   *         @arg @ref LL_RCC_SYSCLK_DIV_10
2275:Drivers/STM32WBxx_HAL_Driver/Inc/stm32wbxx_ll_rcc.h ****   *         @arg @ref LL_RCC_SYSCLK_DIV_16
2276:Drivers/STM32WBxx_HAL_Driver/Inc/stm32wbxx_ll_rcc.h ****   *         @arg @ref LL_RCC_SYSCLK_DIV_32
2277:Drivers/STM32WBxx_HAL_Driver/Inc/stm32wbxx_ll_rcc.h ****   *         @arg @ref LL_RCC_SYSCLK_DIV_64
2278:Drivers/STM32WBxx_HAL_Driver/Inc/stm32wbxx_ll_rcc.h ****   *         @arg @ref LL_RCC_SYSCLK_DIV_128
2279:Drivers/STM32WBxx_HAL_Driver/Inc/stm32wbxx_ll_rcc.h ****   *         @arg @ref LL_RCC_SYSCLK_DIV_256
2280:Drivers/STM32WBxx_HAL_Driver/Inc/stm32wbxx_ll_rcc.h ****   *         @arg @ref LL_RCC_SYSCLK_DIV_512
2281:Drivers/STM32WBxx_HAL_Driver/Inc/stm32wbxx_ll_rcc.h ****   */
2282:Drivers/STM32WBxx_HAL_Driver/Inc/stm32wbxx_ll_rcc.h **** __STATIC_INLINE uint32_t LL_C2_RCC_GetAHBPrescaler(void)
2283:Drivers/STM32WBxx_HAL_Driver/Inc/stm32wbxx_ll_rcc.h **** {
2284:Drivers/STM32WBxx_HAL_Driver/Inc/stm32wbxx_ll_rcc.h ****   return (uint32_t)(READ_BIT(RCC->EXTCFGR, RCC_EXTCFGR_C2HPRE));
2285:Drivers/STM32WBxx_HAL_Driver/Inc/stm32wbxx_ll_rcc.h **** }
2286:Drivers/STM32WBxx_HAL_Driver/Inc/stm32wbxx_ll_rcc.h **** 
2287:Drivers/STM32WBxx_HAL_Driver/Inc/stm32wbxx_ll_rcc.h **** /**
2288:Drivers/STM32WBxx_HAL_Driver/Inc/stm32wbxx_ll_rcc.h ****   * @brief  Get AHB4 prescaler
2289:Drivers/STM32WBxx_HAL_Driver/Inc/stm32wbxx_ll_rcc.h ****   * @rmtoll EXTCFGR         SHDHPRE          LL_RCC_GetAHB4Prescaler
2290:Drivers/STM32WBxx_HAL_Driver/Inc/stm32wbxx_ll_rcc.h ****   * @retval Returned value can be one of the following values:
2291:Drivers/STM32WBxx_HAL_Driver/Inc/stm32wbxx_ll_rcc.h ****   *         @arg @ref LL_RCC_SYSCLK_DIV_1
2292:Drivers/STM32WBxx_HAL_Driver/Inc/stm32wbxx_ll_rcc.h ****   *         @arg @ref LL_RCC_SYSCLK_DIV_2
2293:Drivers/STM32WBxx_HAL_Driver/Inc/stm32wbxx_ll_rcc.h ****   *         @arg @ref LL_RCC_SYSCLK_DIV_3
2294:Drivers/STM32WBxx_HAL_Driver/Inc/stm32wbxx_ll_rcc.h ****   *         @arg @ref LL_RCC_SYSCLK_DIV_4
2295:Drivers/STM32WBxx_HAL_Driver/Inc/stm32wbxx_ll_rcc.h ****   *         @arg @ref LL_RCC_SYSCLK_DIV_5
2296:Drivers/STM32WBxx_HAL_Driver/Inc/stm32wbxx_ll_rcc.h ****   *         @arg @ref LL_RCC_SYSCLK_DIV_6
2297:Drivers/STM32WBxx_HAL_Driver/Inc/stm32wbxx_ll_rcc.h ****   *         @arg @ref LL_RCC_SYSCLK_DIV_8
2298:Drivers/STM32WBxx_HAL_Driver/Inc/stm32wbxx_ll_rcc.h ****   *         @arg @ref LL_RCC_SYSCLK_DIV_10
2299:Drivers/STM32WBxx_HAL_Driver/Inc/stm32wbxx_ll_rcc.h ****   *         @arg @ref LL_RCC_SYSCLK_DIV_16
2300:Drivers/STM32WBxx_HAL_Driver/Inc/stm32wbxx_ll_rcc.h ****   *         @arg @ref LL_RCC_SYSCLK_DIV_32
2301:Drivers/STM32WBxx_HAL_Driver/Inc/stm32wbxx_ll_rcc.h ****   *         @arg @ref LL_RCC_SYSCLK_DIV_64
2302:Drivers/STM32WBxx_HAL_Driver/Inc/stm32wbxx_ll_rcc.h ****   *         @arg @ref LL_RCC_SYSCLK_DIV_128
2303:Drivers/STM32WBxx_HAL_Driver/Inc/stm32wbxx_ll_rcc.h ****   *         @arg @ref LL_RCC_SYSCLK_DIV_256
2304:Drivers/STM32WBxx_HAL_Driver/Inc/stm32wbxx_ll_rcc.h ****   *         @arg @ref LL_RCC_SYSCLK_DIV_512
2305:Drivers/STM32WBxx_HAL_Driver/Inc/stm32wbxx_ll_rcc.h ****   */
2306:Drivers/STM32WBxx_HAL_Driver/Inc/stm32wbxx_ll_rcc.h **** __STATIC_INLINE uint32_t LL_RCC_GetAHB4Prescaler(void)
 248              		.loc 2 2306 26 view .LVU66
 249              	.LBB226:
2307:Drivers/STM32WBxx_HAL_Driver/Inc/stm32wbxx_ll_rcc.h **** {
ARM GAS  /var/folders/98/ctz5mtps7w71v8dr53cf5qg40000gn/T//ccdzqVkO.s 			page 78


2308:Drivers/STM32WBxx_HAL_Driver/Inc/stm32wbxx_ll_rcc.h ****   return (uint32_t)(READ_BIT(RCC->EXTCFGR, RCC_EXTCFGR_SHDHPRE) << 4);
 250              		.loc 2 2308 3 view .LVU67
 251              		.loc 2 2308 21 is_stmt 0 view .LVU68
 252 000a 4FF0B043 		mov	r3, #1476395008
 253 000e D3F80831 		ldr	r3, [r3, #264]
 254              	.LBE226:
 255              	.LBE225:
1733:Drivers/STM32WBxx_HAL_Driver/Src/stm32wbxx_hal_rcc.c **** 
 256              		.loc 1 1733 22 discriminator 1 view .LVU69
 257 0012 03F00F03 		and	r3, r3, #15
 258 0016 0B4A     		ldr	r2, .L25+4
 259 0018 52F82330 		ldr	r3, [r2, r3, lsl #2]
1733:Drivers/STM32WBxx_HAL_Driver/Src/stm32wbxx_hal_rcc.c **** 
 260              		.loc 1 1733 20 discriminator 1 view .LVU70
 261 001c B4FBF3F4 		udiv	r4, r4, r3
 262              	.LVL22:
1736:Drivers/STM32WBxx_HAL_Driver/Src/stm32wbxx_hal_rcc.c **** #else
 263              		.loc 1 1736 3 is_stmt 1 view .LVU71
1736:Drivers/STM32WBxx_HAL_Driver/Src/stm32wbxx_hal_rcc.c **** #else
 264              		.loc 1 1736 10 is_stmt 0 view .LVU72
 265 0020 FFF7FEFF 		bl	HAL_PWREx_GetVoltageRange
 266              	.LVL23:
 267 0024 0146     		mov	r1, r0
 268 0026 084B     		ldr	r3, .L25+8
 269 0028 A3FB0434 		umull	r3, r4, r3, r4
 270              	.LVL24:
1736:Drivers/STM32WBxx_HAL_Driver/Src/stm32wbxx_hal_rcc.c **** #else
 271              		.loc 1 1736 10 discriminator 1 view .LVU73
 272 002c A00C     		lsrs	r0, r4, #18
 273 002e FFF7FEFF 		bl	RCC_SetFlashLatency
 274              	.LVL25:
1740:Drivers/STM32WBxx_HAL_Driver/Src/stm32wbxx_hal_rcc.c **** 
 275              		.loc 1 1740 1 view .LVU74
 276 0032 10BD     		pop	{r4, pc}
 277              	.LVL26:
 278              	.L22:
1730:Drivers/STM32WBxx_HAL_Driver/Src/stm32wbxx_hal_rcc.c ****   }
 279              		.loc 1 1730 5 is_stmt 1 view .LVU75
1730:Drivers/STM32WBxx_HAL_Driver/Src/stm32wbxx_hal_rcc.c ****   }
 280              		.loc 1 1730 15 is_stmt 0 view .LVU76
 281 0034 C0F30310 		ubfx	r0, r0, #4, #4
 282              	.LVL27:
1730:Drivers/STM32WBxx_HAL_Driver/Src/stm32wbxx_hal_rcc.c ****   }
 283              		.loc 1 1730 13 view .LVU77
 284 0038 014B     		ldr	r3, .L25
 285 003a 53F82040 		ldr	r4, [r3, r0, lsl #2]
 286 003e E4E7     		b	.L23
 287              	.L26:
 288              		.align	2
 289              	.L25:
 290 0040 00000000 		.word	MSIRangeTable
 291 0044 00000000 		.word	AHBPrescTable
 292 0048 83DE1B43 		.word	1125899907
 293              		.cfi_endproc
 294              	.LFE966:
 296              		.section	.text.HAL_RCC_DeInit,"ax",%progbits
 297              		.align	1
ARM GAS  /var/folders/98/ctz5mtps7w71v8dr53cf5qg40000gn/T//ccdzqVkO.s 			page 79


 298              		.global	HAL_RCC_DeInit
 299              		.syntax unified
 300              		.thumb
 301              		.thumb_func
 303              	HAL_RCC_DeInit:
 304              	.LFB950:
 267:Drivers/STM32WBxx_HAL_Driver/Src/stm32wbxx_hal_rcc.c ****   uint32_t tickstart;
 305              		.loc 1 267 1 is_stmt 1 view -0
 306              		.cfi_startproc
 307              		@ args = 0, pretend = 0, frame = 0
 308              		@ frame_needed = 0, uses_anonymous_args = 0
 309 0000 38B5     		push	{r3, r4, r5, lr}
 310              	.LCFI4:
 311              		.cfi_def_cfa_offset 16
 312              		.cfi_offset 3, -16
 313              		.cfi_offset 4, -12
 314              		.cfi_offset 5, -8
 315              		.cfi_offset 14, -4
 268:Drivers/STM32WBxx_HAL_Driver/Src/stm32wbxx_hal_rcc.c **** 
 316              		.loc 1 268 3 view .LVU79
 271:Drivers/STM32WBxx_HAL_Driver/Src/stm32wbxx_hal_rcc.c **** 
 317              		.loc 1 271 3 view .LVU80
 271:Drivers/STM32WBxx_HAL_Driver/Src/stm32wbxx_hal_rcc.c **** 
 318              		.loc 1 271 15 is_stmt 0 view .LVU81
 319 0002 FFF7FEFF 		bl	HAL_GetTick
 320              	.LVL28:
 321 0006 0446     		mov	r4, r0
 322              	.LVL29:
 274:Drivers/STM32WBxx_HAL_Driver/Src/stm32wbxx_hal_rcc.c **** 
 323              		.loc 1 274 3 is_stmt 1 view .LVU82
 324              	.LBB227:
 325              	.LBI227:
1896:Drivers/STM32WBxx_HAL_Driver/Inc/stm32wbxx_ll_rcc.h **** {
 326              		.loc 2 1896 22 view .LVU83
 327              	.LBB228:
1898:Drivers/STM32WBxx_HAL_Driver/Inc/stm32wbxx_ll_rcc.h **** }
 328              		.loc 2 1898 3 view .LVU84
 329 0008 4FF0B043 		mov	r3, #1476395008
 330 000c 1A68     		ldr	r2, [r3]
 331 000e 22F00402 		bic	r2, r2, #4
 332 0012 1A60     		str	r2, [r3]
 333              	.LBE228:
 334              	.LBE227:
 277:Drivers/STM32WBxx_HAL_Driver/Src/stm32wbxx_hal_rcc.c **** 
 335              		.loc 1 277 3 view .LVU85
 336              	.LBB229:
 337              	.LBI229:
1850:Drivers/STM32WBxx_HAL_Driver/Inc/stm32wbxx_ll_rcc.h **** {
 338              		.loc 2 1850 22 view .LVU86
 339              	.LBB230:
1852:Drivers/STM32WBxx_HAL_Driver/Inc/stm32wbxx_ll_rcc.h **** }
 340              		.loc 2 1852 3 view .LVU87
 341 0014 1A68     		ldr	r2, [r3]
 342 0016 42F00102 		orr	r2, r2, #1
 343 001a 1A60     		str	r2, [r3]
 344              	.LBE230:
 345              	.LBE229:
ARM GAS  /var/folders/98/ctz5mtps7w71v8dr53cf5qg40000gn/T//ccdzqVkO.s 			page 80


 280:Drivers/STM32WBxx_HAL_Driver/Src/stm32wbxx_hal_rcc.c ****   {
 346              		.loc 1 280 3 view .LVU88
 347              	.LVL30:
 348              	.L31:
 280:Drivers/STM32WBxx_HAL_Driver/Src/stm32wbxx_hal_rcc.c ****   {
 349              		.loc 1 280 31 view .LVU89
 350              	.LBB231:
 351              	.LBI231:
1870:Drivers/STM32WBxx_HAL_Driver/Inc/stm32wbxx_ll_rcc.h **** {
 352              		.loc 2 1870 26 view .LVU90
 353              	.LBB232:
1872:Drivers/STM32WBxx_HAL_Driver/Inc/stm32wbxx_ll_rcc.h **** }
 354              		.loc 2 1872 3 view .LVU91
1872:Drivers/STM32WBxx_HAL_Driver/Inc/stm32wbxx_ll_rcc.h **** }
 355              		.loc 2 1872 12 is_stmt 0 view .LVU92
 356 001c 4FF0B043 		mov	r3, #1476395008
 357 0020 1B68     		ldr	r3, [r3]
1872:Drivers/STM32WBxx_HAL_Driver/Inc/stm32wbxx_ll_rcc.h **** }
 358              		.loc 2 1872 71 view .LVU93
 359 0022 13F0020F 		tst	r3, #2
 360 0026 25D0     		beq	.L28
 361              	.LBE232:
 362              	.LBE231:
 289:Drivers/STM32WBxx_HAL_Driver/Src/stm32wbxx_hal_rcc.c **** 
 363              		.loc 1 289 3 is_stmt 1 view .LVU94
 364              	.LVL31:
 365              	.LBB233:
 366              	.LBI233:
1920:Drivers/STM32WBxx_HAL_Driver/Inc/stm32wbxx_ll_rcc.h **** {
 367              		.loc 2 1920 22 view .LVU95
 368              	.LBB234:
1922:Drivers/STM32WBxx_HAL_Driver/Inc/stm32wbxx_ll_rcc.h **** }
 369              		.loc 2 1922 3 view .LVU96
 370 0028 4FF0B045 		mov	r5, #1476395008
 371 002c 2B68     		ldr	r3, [r5]
 372 002e 23F0F003 		bic	r3, r3, #240
 373 0032 43F06003 		orr	r3, r3, #96
 374 0036 2B60     		str	r3, [r5]
 375              	.LVL32:
1922:Drivers/STM32WBxx_HAL_Driver/Inc/stm32wbxx_ll_rcc.h **** }
 376              		.loc 2 1922 3 is_stmt 0 view .LVU97
 377              	.LBE234:
 378              	.LBE233:
 292:Drivers/STM32WBxx_HAL_Driver/Src/stm32wbxx_hal_rcc.c **** 
 379              		.loc 1 292 3 is_stmt 1 view .LVU98
 380              	.LBB235:
 381              	.LBI235:
1972:Drivers/STM32WBxx_HAL_Driver/Inc/stm32wbxx_ll_rcc.h **** {
 382              		.loc 2 1972 22 view .LVU99
 383              	.LBB236:
1974:Drivers/STM32WBxx_HAL_Driver/Inc/stm32wbxx_ll_rcc.h **** }
 384              		.loc 2 1974 3 view .LVU100
 385 0038 6B68     		ldr	r3, [r5, #4]
 386 003a 23F47F43 		bic	r3, r3, #65280
 387 003e 6B60     		str	r3, [r5, #4]
 388              	.LVL33:
1974:Drivers/STM32WBxx_HAL_Driver/Inc/stm32wbxx_ll_rcc.h **** }
ARM GAS  /var/folders/98/ctz5mtps7w71v8dr53cf5qg40000gn/T//ccdzqVkO.s 			page 81


 389              		.loc 2 1974 3 is_stmt 0 view .LVU101
 390              	.LBE236:
 391              	.LBE235:
 295:Drivers/STM32WBxx_HAL_Driver/Src/stm32wbxx_hal_rcc.c **** 
 392              		.loc 1 295 3 is_stmt 1 view .LVU102
 393              	.LBB237:
 394              	.LBI237:
1545:Drivers/STM32WBxx_HAL_Driver/Inc/stm32wbxx_ll_rcc.h **** {
 395              		.loc 2 1545 22 view .LVU103
 396              	.LBB238:
1547:Drivers/STM32WBxx_HAL_Driver/Inc/stm32wbxx_ll_rcc.h **** }
 397              		.loc 2 1547 3 view .LVU104
 398 0040 6B68     		ldr	r3, [r5, #4]
 399 0042 23F0FE43 		bic	r3, r3, #2130706432
 400 0046 43F08043 		orr	r3, r3, #1073741824
 401 004a 6B60     		str	r3, [r5, #4]
 402              	.LVL34:
1547:Drivers/STM32WBxx_HAL_Driver/Inc/stm32wbxx_ll_rcc.h **** }
 403              		.loc 2 1547 3 is_stmt 0 view .LVU105
 404              	.LBE238:
 405              	.LBE237:
 298:Drivers/STM32WBxx_HAL_Driver/Src/stm32wbxx_hal_rcc.c **** 
 406              		.loc 1 298 3 is_stmt 1 view .LVU106
 298:Drivers/STM32WBxx_HAL_Driver/Src/stm32wbxx_hal_rcc.c **** 
 407              		.loc 1 298 15 is_stmt 0 view .LVU107
 408 004c FFF7FEFF 		bl	HAL_GetTick
 409              	.LVL35:
 410 0050 0446     		mov	r4, r0
 411              	.LVL36:
 301:Drivers/STM32WBxx_HAL_Driver/Src/stm32wbxx_hal_rcc.c **** 
 412              		.loc 1 301 3 is_stmt 1 view .LVU108
 413 0052 0023     		movs	r3, #0
 414 0054 AB60     		str	r3, [r5, #8]
 304:Drivers/STM32WBxx_HAL_Driver/Src/stm32wbxx_hal_rcc.c ****   {
 415              		.loc 1 304 3 view .LVU109
 416              	.LVL37:
 417              	.L29:
 304:Drivers/STM32WBxx_HAL_Driver/Src/stm32wbxx_hal_rcc.c ****   {
 418              		.loc 1 304 44 view .LVU110
 304:Drivers/STM32WBxx_HAL_Driver/Src/stm32wbxx_hal_rcc.c ****   {
 419              		.loc 1 304 10 is_stmt 0 view .LVU111
 420 0056 4FF0B043 		mov	r3, #1476395008
 421 005a 9B68     		ldr	r3, [r3, #8]
 304:Drivers/STM32WBxx_HAL_Driver/Src/stm32wbxx_hal_rcc.c ****   {
 422              		.loc 1 304 44 view .LVU112
 423 005c 13F00C0F 		tst	r3, #12
 424 0060 0FD0     		beq	.L41
 306:Drivers/STM32WBxx_HAL_Driver/Src/stm32wbxx_hal_rcc.c ****     {
 425              		.loc 1 306 5 is_stmt 1 view .LVU113
 306:Drivers/STM32WBxx_HAL_Driver/Src/stm32wbxx_hal_rcc.c ****     {
 426              		.loc 1 306 10 is_stmt 0 view .LVU114
 427 0062 FFF7FEFF 		bl	HAL_GetTick
 428              	.LVL38:
 306:Drivers/STM32WBxx_HAL_Driver/Src/stm32wbxx_hal_rcc.c ****     {
 429              		.loc 1 306 24 discriminator 1 view .LVU115
 430 0066 001B     		subs	r0, r0, r4
 306:Drivers/STM32WBxx_HAL_Driver/Src/stm32wbxx_hal_rcc.c ****     {
ARM GAS  /var/folders/98/ctz5mtps7w71v8dr53cf5qg40000gn/T//ccdzqVkO.s 			page 82


 431              		.loc 1 306 8 discriminator 1 view .LVU116
 432 0068 41F28833 		movw	r3, #5000
 433 006c 9842     		cmp	r0, r3
 434 006e F2D9     		bls	.L29
 308:Drivers/STM32WBxx_HAL_Driver/Src/stm32wbxx_hal_rcc.c ****     }
 435              		.loc 1 308 14 view .LVU117
 436 0070 0320     		movs	r0, #3
 437              	.L30:
 373:Drivers/STM32WBxx_HAL_Driver/Src/stm32wbxx_hal_rcc.c **** 
 438              		.loc 1 373 1 view .LVU118
 439 0072 38BD     		pop	{r3, r4, r5, pc}
 440              	.LVL39:
 441              	.L28:
 282:Drivers/STM32WBxx_HAL_Driver/Src/stm32wbxx_hal_rcc.c ****     {
 442              		.loc 1 282 5 is_stmt 1 view .LVU119
 282:Drivers/STM32WBxx_HAL_Driver/Src/stm32wbxx_hal_rcc.c ****     {
 443              		.loc 1 282 10 is_stmt 0 view .LVU120
 444 0074 FFF7FEFF 		bl	HAL_GetTick
 445              	.LVL40:
 282:Drivers/STM32WBxx_HAL_Driver/Src/stm32wbxx_hal_rcc.c ****     {
 446              		.loc 1 282 24 discriminator 1 view .LVU121
 447 0078 001B     		subs	r0, r0, r4
 282:Drivers/STM32WBxx_HAL_Driver/Src/stm32wbxx_hal_rcc.c ****     {
 448              		.loc 1 282 8 discriminator 1 view .LVU122
 449 007a 0228     		cmp	r0, #2
 450 007c CED9     		bls	.L31
 284:Drivers/STM32WBxx_HAL_Driver/Src/stm32wbxx_hal_rcc.c ****     }
 451              		.loc 1 284 14 view .LVU123
 452 007e 0320     		movs	r0, #3
 453 0080 F7E7     		b	.L30
 454              	.L41:
 314:Drivers/STM32WBxx_HAL_Driver/Src/stm32wbxx_hal_rcc.c ****             RCC_CR_PLLSAI1ON);
 455              		.loc 1 314 3 is_stmt 1 view .LVU124
 456 0082 4FF0B042 		mov	r2, #1476395008
 457 0086 1168     		ldr	r1, [r2]
 458 0088 1F4B     		ldr	r3, .L42
 459 008a 0B40     		ands	r3, r3, r1
 460 008c 1360     		str	r3, [r2]
 321:Drivers/STM32WBxx_HAL_Driver/Src/stm32wbxx_hal_rcc.c **** 
 461              		.loc 1 321 3 view .LVU125
 321:Drivers/STM32WBxx_HAL_Driver/Src/stm32wbxx_hal_rcc.c **** 
 462              		.loc 1 321 15 is_stmt 0 view .LVU126
 463 008e FFF7FEFF 		bl	HAL_GetTick
 464              	.LVL41:
 465 0092 0446     		mov	r4, r0
 466              	.LVL42:
 324:Drivers/STM32WBxx_HAL_Driver/Src/stm32wbxx_hal_rcc.c ****   {
 467              		.loc 1 324 3 is_stmt 1 view .LVU127
 468              	.L35:
 324:Drivers/STM32WBxx_HAL_Driver/Src/stm32wbxx_hal_rcc.c ****   {
 469              		.loc 1 324 31 view .LVU128
 470              	.LBB239:
 471              	.LBI239:
2309:Drivers/STM32WBxx_HAL_Driver/Inc/stm32wbxx_ll_rcc.h **** }
2310:Drivers/STM32WBxx_HAL_Driver/Inc/stm32wbxx_ll_rcc.h **** 
2311:Drivers/STM32WBxx_HAL_Driver/Inc/stm32wbxx_ll_rcc.h **** /**
2312:Drivers/STM32WBxx_HAL_Driver/Inc/stm32wbxx_ll_rcc.h ****   * @brief  Get APB1 prescaler
ARM GAS  /var/folders/98/ctz5mtps7w71v8dr53cf5qg40000gn/T//ccdzqVkO.s 			page 83


2313:Drivers/STM32WBxx_HAL_Driver/Inc/stm32wbxx_ll_rcc.h ****   * @rmtoll CFGR         PPRE1         LL_RCC_GetAPB1Prescaler
2314:Drivers/STM32WBxx_HAL_Driver/Inc/stm32wbxx_ll_rcc.h ****   * @retval Returned value can be one of the following values:
2315:Drivers/STM32WBxx_HAL_Driver/Inc/stm32wbxx_ll_rcc.h ****   *         @arg @ref LL_RCC_APB1_DIV_1
2316:Drivers/STM32WBxx_HAL_Driver/Inc/stm32wbxx_ll_rcc.h ****   *         @arg @ref LL_RCC_APB1_DIV_2
2317:Drivers/STM32WBxx_HAL_Driver/Inc/stm32wbxx_ll_rcc.h ****   *         @arg @ref LL_RCC_APB1_DIV_4
2318:Drivers/STM32WBxx_HAL_Driver/Inc/stm32wbxx_ll_rcc.h ****   *         @arg @ref LL_RCC_APB1_DIV_8
2319:Drivers/STM32WBxx_HAL_Driver/Inc/stm32wbxx_ll_rcc.h ****   *         @arg @ref LL_RCC_APB1_DIV_16
2320:Drivers/STM32WBxx_HAL_Driver/Inc/stm32wbxx_ll_rcc.h ****   */
2321:Drivers/STM32WBxx_HAL_Driver/Inc/stm32wbxx_ll_rcc.h **** __STATIC_INLINE uint32_t LL_RCC_GetAPB1Prescaler(void)
2322:Drivers/STM32WBxx_HAL_Driver/Inc/stm32wbxx_ll_rcc.h **** {
2323:Drivers/STM32WBxx_HAL_Driver/Inc/stm32wbxx_ll_rcc.h ****   return (uint32_t)(READ_BIT(RCC->CFGR, RCC_CFGR_PPRE1));
2324:Drivers/STM32WBxx_HAL_Driver/Inc/stm32wbxx_ll_rcc.h **** }
2325:Drivers/STM32WBxx_HAL_Driver/Inc/stm32wbxx_ll_rcc.h **** 
2326:Drivers/STM32WBxx_HAL_Driver/Inc/stm32wbxx_ll_rcc.h **** /**
2327:Drivers/STM32WBxx_HAL_Driver/Inc/stm32wbxx_ll_rcc.h ****   * @brief  Get APB2 prescaler
2328:Drivers/STM32WBxx_HAL_Driver/Inc/stm32wbxx_ll_rcc.h ****   * @rmtoll CFGR         PPRE2         LL_RCC_GetAPB2Prescaler
2329:Drivers/STM32WBxx_HAL_Driver/Inc/stm32wbxx_ll_rcc.h ****   * @retval Returned value can be one of the following values:
2330:Drivers/STM32WBxx_HAL_Driver/Inc/stm32wbxx_ll_rcc.h ****   *         @arg @ref LL_RCC_APB2_DIV_1
2331:Drivers/STM32WBxx_HAL_Driver/Inc/stm32wbxx_ll_rcc.h ****   *         @arg @ref LL_RCC_APB2_DIV_2
2332:Drivers/STM32WBxx_HAL_Driver/Inc/stm32wbxx_ll_rcc.h ****   *         @arg @ref LL_RCC_APB2_DIV_4
2333:Drivers/STM32WBxx_HAL_Driver/Inc/stm32wbxx_ll_rcc.h ****   *         @arg @ref LL_RCC_APB2_DIV_8
2334:Drivers/STM32WBxx_HAL_Driver/Inc/stm32wbxx_ll_rcc.h ****   *         @arg @ref LL_RCC_APB2_DIV_16
2335:Drivers/STM32WBxx_HAL_Driver/Inc/stm32wbxx_ll_rcc.h ****   */
2336:Drivers/STM32WBxx_HAL_Driver/Inc/stm32wbxx_ll_rcc.h **** __STATIC_INLINE uint32_t LL_RCC_GetAPB2Prescaler(void)
2337:Drivers/STM32WBxx_HAL_Driver/Inc/stm32wbxx_ll_rcc.h **** {
2338:Drivers/STM32WBxx_HAL_Driver/Inc/stm32wbxx_ll_rcc.h ****   return (uint32_t)(READ_BIT(RCC->CFGR, RCC_CFGR_PPRE2));
2339:Drivers/STM32WBxx_HAL_Driver/Inc/stm32wbxx_ll_rcc.h **** }
2340:Drivers/STM32WBxx_HAL_Driver/Inc/stm32wbxx_ll_rcc.h **** 
2341:Drivers/STM32WBxx_HAL_Driver/Inc/stm32wbxx_ll_rcc.h **** /**
2342:Drivers/STM32WBxx_HAL_Driver/Inc/stm32wbxx_ll_rcc.h ****   * @brief  Set Clock After Wake-Up From Stop mode
2343:Drivers/STM32WBxx_HAL_Driver/Inc/stm32wbxx_ll_rcc.h ****   * @rmtoll CFGR         STOPWUCK      LL_RCC_SetClkAfterWakeFromStop
2344:Drivers/STM32WBxx_HAL_Driver/Inc/stm32wbxx_ll_rcc.h ****   * @param  Clock This parameter can be one of the following values:
2345:Drivers/STM32WBxx_HAL_Driver/Inc/stm32wbxx_ll_rcc.h ****   *         @arg @ref LL_RCC_STOP_WAKEUPCLOCK_MSI
2346:Drivers/STM32WBxx_HAL_Driver/Inc/stm32wbxx_ll_rcc.h ****   *         @arg @ref LL_RCC_STOP_WAKEUPCLOCK_HSI
2347:Drivers/STM32WBxx_HAL_Driver/Inc/stm32wbxx_ll_rcc.h ****   * @retval None
2348:Drivers/STM32WBxx_HAL_Driver/Inc/stm32wbxx_ll_rcc.h ****   */
2349:Drivers/STM32WBxx_HAL_Driver/Inc/stm32wbxx_ll_rcc.h **** __STATIC_INLINE void LL_RCC_SetClkAfterWakeFromStop(uint32_t Clock)
2350:Drivers/STM32WBxx_HAL_Driver/Inc/stm32wbxx_ll_rcc.h **** {
2351:Drivers/STM32WBxx_HAL_Driver/Inc/stm32wbxx_ll_rcc.h ****   MODIFY_REG(RCC->CFGR, RCC_CFGR_STOPWUCK, Clock);
2352:Drivers/STM32WBxx_HAL_Driver/Inc/stm32wbxx_ll_rcc.h **** }
2353:Drivers/STM32WBxx_HAL_Driver/Inc/stm32wbxx_ll_rcc.h **** 
2354:Drivers/STM32WBxx_HAL_Driver/Inc/stm32wbxx_ll_rcc.h **** /**
2355:Drivers/STM32WBxx_HAL_Driver/Inc/stm32wbxx_ll_rcc.h ****   * @brief  Get Clock After Wake-Up From Stop mode
2356:Drivers/STM32WBxx_HAL_Driver/Inc/stm32wbxx_ll_rcc.h ****   * @rmtoll CFGR         STOPWUCK      LL_RCC_GetClkAfterWakeFromStop
2357:Drivers/STM32WBxx_HAL_Driver/Inc/stm32wbxx_ll_rcc.h ****   * @retval Returned value can be one of the following values:
2358:Drivers/STM32WBxx_HAL_Driver/Inc/stm32wbxx_ll_rcc.h ****   *         @arg @ref LL_RCC_STOP_WAKEUPCLOCK_MSI
2359:Drivers/STM32WBxx_HAL_Driver/Inc/stm32wbxx_ll_rcc.h ****   *         @arg @ref LL_RCC_STOP_WAKEUPCLOCK_HSI
2360:Drivers/STM32WBxx_HAL_Driver/Inc/stm32wbxx_ll_rcc.h ****   */
2361:Drivers/STM32WBxx_HAL_Driver/Inc/stm32wbxx_ll_rcc.h **** __STATIC_INLINE uint32_t LL_RCC_GetClkAfterWakeFromStop(void)
2362:Drivers/STM32WBxx_HAL_Driver/Inc/stm32wbxx_ll_rcc.h **** {
2363:Drivers/STM32WBxx_HAL_Driver/Inc/stm32wbxx_ll_rcc.h ****   return (uint32_t)(READ_BIT(RCC->CFGR, RCC_CFGR_STOPWUCK));
2364:Drivers/STM32WBxx_HAL_Driver/Inc/stm32wbxx_ll_rcc.h **** }
2365:Drivers/STM32WBxx_HAL_Driver/Inc/stm32wbxx_ll_rcc.h **** 
2366:Drivers/STM32WBxx_HAL_Driver/Inc/stm32wbxx_ll_rcc.h **** /**
2367:Drivers/STM32WBxx_HAL_Driver/Inc/stm32wbxx_ll_rcc.h ****   * @}
2368:Drivers/STM32WBxx_HAL_Driver/Inc/stm32wbxx_ll_rcc.h ****   */
2369:Drivers/STM32WBxx_HAL_Driver/Inc/stm32wbxx_ll_rcc.h **** 
ARM GAS  /var/folders/98/ctz5mtps7w71v8dr53cf5qg40000gn/T//ccdzqVkO.s 			page 84


2370:Drivers/STM32WBxx_HAL_Driver/Inc/stm32wbxx_ll_rcc.h **** #if defined(RCC_SMPS_SUPPORT)
2371:Drivers/STM32WBxx_HAL_Driver/Inc/stm32wbxx_ll_rcc.h **** /** @defgroup RCC_LL_EF_SMPS SMPS
2372:Drivers/STM32WBxx_HAL_Driver/Inc/stm32wbxx_ll_rcc.h ****   * @{
2373:Drivers/STM32WBxx_HAL_Driver/Inc/stm32wbxx_ll_rcc.h ****   */
2374:Drivers/STM32WBxx_HAL_Driver/Inc/stm32wbxx_ll_rcc.h **** /**
2375:Drivers/STM32WBxx_HAL_Driver/Inc/stm32wbxx_ll_rcc.h ****   * @brief  Configure SMPS step down converter clock source
2376:Drivers/STM32WBxx_HAL_Driver/Inc/stm32wbxx_ll_rcc.h ****   * @rmtoll SMPSCR        SMPSSEL     LL_RCC_SetSMPSClockSource
2377:Drivers/STM32WBxx_HAL_Driver/Inc/stm32wbxx_ll_rcc.h ****   * @param  SMPSSource This parameter can be one of the following values:
2378:Drivers/STM32WBxx_HAL_Driver/Inc/stm32wbxx_ll_rcc.h ****   *         @arg @ref LL_RCC_SMPS_CLKSOURCE_HSI
2379:Drivers/STM32WBxx_HAL_Driver/Inc/stm32wbxx_ll_rcc.h ****   *         @arg @ref LL_RCC_SMPS_CLKSOURCE_MSI (*)
2380:Drivers/STM32WBxx_HAL_Driver/Inc/stm32wbxx_ll_rcc.h ****   *         @arg @ref LL_RCC_SMPS_CLKSOURCE_HSE
2381:Drivers/STM32WBxx_HAL_Driver/Inc/stm32wbxx_ll_rcc.h ****   * @note   The system must always be configured so as to get a SMPS Step Down
2382:Drivers/STM32WBxx_HAL_Driver/Inc/stm32wbxx_ll_rcc.h ****   *         converter clock frequency between 2 MHz and 8 MHz
2383:Drivers/STM32WBxx_HAL_Driver/Inc/stm32wbxx_ll_rcc.h ****   * @note   (*) The MSI shall only be selected as SMPS Step Down converter
2384:Drivers/STM32WBxx_HAL_Driver/Inc/stm32wbxx_ll_rcc.h ****   *          clock source when a supported SMPS Step Down converter clock
2385:Drivers/STM32WBxx_HAL_Driver/Inc/stm32wbxx_ll_rcc.h ****   *          MSIRANGE is set (LL_RCC_MSIRANGE_8 to LL_RCC_MSIRANGE_11)
2386:Drivers/STM32WBxx_HAL_Driver/Inc/stm32wbxx_ll_rcc.h ****   * @retval None
2387:Drivers/STM32WBxx_HAL_Driver/Inc/stm32wbxx_ll_rcc.h ****   */
2388:Drivers/STM32WBxx_HAL_Driver/Inc/stm32wbxx_ll_rcc.h **** __STATIC_INLINE void LL_RCC_SetSMPSClockSource(uint32_t SMPSSource)
2389:Drivers/STM32WBxx_HAL_Driver/Inc/stm32wbxx_ll_rcc.h **** {
2390:Drivers/STM32WBxx_HAL_Driver/Inc/stm32wbxx_ll_rcc.h ****   MODIFY_REG(RCC->SMPSCR, RCC_SMPSCR_SMPSSEL, SMPSSource);
2391:Drivers/STM32WBxx_HAL_Driver/Inc/stm32wbxx_ll_rcc.h **** }
2392:Drivers/STM32WBxx_HAL_Driver/Inc/stm32wbxx_ll_rcc.h **** 
2393:Drivers/STM32WBxx_HAL_Driver/Inc/stm32wbxx_ll_rcc.h **** /**
2394:Drivers/STM32WBxx_HAL_Driver/Inc/stm32wbxx_ll_rcc.h ****   * @brief  Get the SMPS clock source selection
2395:Drivers/STM32WBxx_HAL_Driver/Inc/stm32wbxx_ll_rcc.h ****   * @rmtoll SMPSCR         SMPSSEL           LL_RCC_GetSMPSClockSelection
2396:Drivers/STM32WBxx_HAL_Driver/Inc/stm32wbxx_ll_rcc.h ****   * @retval Returned value can be one of the following values:
2397:Drivers/STM32WBxx_HAL_Driver/Inc/stm32wbxx_ll_rcc.h ****   *         @arg @ref LL_RCC_SMPS_CLKSOURCE_HSI
2398:Drivers/STM32WBxx_HAL_Driver/Inc/stm32wbxx_ll_rcc.h ****   *         @arg @ref LL_RCC_SMPS_CLKSOURCE_MSI
2399:Drivers/STM32WBxx_HAL_Driver/Inc/stm32wbxx_ll_rcc.h ****   *         @arg @ref LL_RCC_SMPS_CLKSOURCE_HSE
2400:Drivers/STM32WBxx_HAL_Driver/Inc/stm32wbxx_ll_rcc.h ****   */
2401:Drivers/STM32WBxx_HAL_Driver/Inc/stm32wbxx_ll_rcc.h **** __STATIC_INLINE uint32_t LL_RCC_GetSMPSClockSelection(void)
2402:Drivers/STM32WBxx_HAL_Driver/Inc/stm32wbxx_ll_rcc.h **** {
2403:Drivers/STM32WBxx_HAL_Driver/Inc/stm32wbxx_ll_rcc.h ****   return (uint32_t)(READ_BIT(RCC->SMPSCR, RCC_SMPSCR_SMPSSEL));
2404:Drivers/STM32WBxx_HAL_Driver/Inc/stm32wbxx_ll_rcc.h **** }
2405:Drivers/STM32WBxx_HAL_Driver/Inc/stm32wbxx_ll_rcc.h **** 
2406:Drivers/STM32WBxx_HAL_Driver/Inc/stm32wbxx_ll_rcc.h **** 
2407:Drivers/STM32WBxx_HAL_Driver/Inc/stm32wbxx_ll_rcc.h **** /**
2408:Drivers/STM32WBxx_HAL_Driver/Inc/stm32wbxx_ll_rcc.h ****   * @brief  Get the SMPS clock source
2409:Drivers/STM32WBxx_HAL_Driver/Inc/stm32wbxx_ll_rcc.h ****   * @rmtoll SMPSCR         SMPSSWS           LL_RCC_GetSMPSClockSource
2410:Drivers/STM32WBxx_HAL_Driver/Inc/stm32wbxx_ll_rcc.h ****   * @retval Returned value can be one of the following values:
2411:Drivers/STM32WBxx_HAL_Driver/Inc/stm32wbxx_ll_rcc.h ****   *         @arg @ref LL_RCC_SMPS_CLKSOURCE_STATUS_HSI
2412:Drivers/STM32WBxx_HAL_Driver/Inc/stm32wbxx_ll_rcc.h ****   *         @arg @ref LL_RCC_SMPS_CLKSOURCE_STATUS_MSI
2413:Drivers/STM32WBxx_HAL_Driver/Inc/stm32wbxx_ll_rcc.h ****   *         @arg @ref LL_RCC_SMPS_CLKSOURCE_STATUS_HSE
2414:Drivers/STM32WBxx_HAL_Driver/Inc/stm32wbxx_ll_rcc.h ****   *         @arg @ref LL_RCC_SMPS_CLKSOURCE_STATUS_NO_CLOCK
2415:Drivers/STM32WBxx_HAL_Driver/Inc/stm32wbxx_ll_rcc.h ****   */
2416:Drivers/STM32WBxx_HAL_Driver/Inc/stm32wbxx_ll_rcc.h **** __STATIC_INLINE uint32_t LL_RCC_GetSMPSClockSource(void)
2417:Drivers/STM32WBxx_HAL_Driver/Inc/stm32wbxx_ll_rcc.h **** {
2418:Drivers/STM32WBxx_HAL_Driver/Inc/stm32wbxx_ll_rcc.h ****   return (uint32_t)(READ_BIT(RCC->SMPSCR, RCC_SMPSCR_SMPSSWS));
2419:Drivers/STM32WBxx_HAL_Driver/Inc/stm32wbxx_ll_rcc.h **** }
2420:Drivers/STM32WBxx_HAL_Driver/Inc/stm32wbxx_ll_rcc.h **** 
2421:Drivers/STM32WBxx_HAL_Driver/Inc/stm32wbxx_ll_rcc.h **** /**
2422:Drivers/STM32WBxx_HAL_Driver/Inc/stm32wbxx_ll_rcc.h ****   * @brief  Set SMPS prescaler
2423:Drivers/STM32WBxx_HAL_Driver/Inc/stm32wbxx_ll_rcc.h ****   * @rmtoll SMPSCR         SMPSDIV          LL_RCC_SetSMPSPrescaler
2424:Drivers/STM32WBxx_HAL_Driver/Inc/stm32wbxx_ll_rcc.h ****   * @param  Prescaler This parameter can be one of the following values:
2425:Drivers/STM32WBxx_HAL_Driver/Inc/stm32wbxx_ll_rcc.h ****   *         @arg @ref LL_RCC_SMPS_DIV_0
2426:Drivers/STM32WBxx_HAL_Driver/Inc/stm32wbxx_ll_rcc.h ****   *         @arg @ref LL_RCC_SMPS_DIV_1
ARM GAS  /var/folders/98/ctz5mtps7w71v8dr53cf5qg40000gn/T//ccdzqVkO.s 			page 85


2427:Drivers/STM32WBxx_HAL_Driver/Inc/stm32wbxx_ll_rcc.h ****   *         @arg @ref LL_RCC_SMPS_DIV_2
2428:Drivers/STM32WBxx_HAL_Driver/Inc/stm32wbxx_ll_rcc.h ****   *         @arg @ref LL_RCC_SMPS_DIV_3
2429:Drivers/STM32WBxx_HAL_Driver/Inc/stm32wbxx_ll_rcc.h ****   * @retval None
2430:Drivers/STM32WBxx_HAL_Driver/Inc/stm32wbxx_ll_rcc.h ****   */
2431:Drivers/STM32WBxx_HAL_Driver/Inc/stm32wbxx_ll_rcc.h **** __STATIC_INLINE void LL_RCC_SetSMPSPrescaler(uint32_t Prescaler)
2432:Drivers/STM32WBxx_HAL_Driver/Inc/stm32wbxx_ll_rcc.h **** {
2433:Drivers/STM32WBxx_HAL_Driver/Inc/stm32wbxx_ll_rcc.h ****   MODIFY_REG(RCC->SMPSCR, RCC_SMPSCR_SMPSDIV, Prescaler);
2434:Drivers/STM32WBxx_HAL_Driver/Inc/stm32wbxx_ll_rcc.h **** }
2435:Drivers/STM32WBxx_HAL_Driver/Inc/stm32wbxx_ll_rcc.h **** 
2436:Drivers/STM32WBxx_HAL_Driver/Inc/stm32wbxx_ll_rcc.h **** /**
2437:Drivers/STM32WBxx_HAL_Driver/Inc/stm32wbxx_ll_rcc.h ****   * @brief  Get SMPS prescaler
2438:Drivers/STM32WBxx_HAL_Driver/Inc/stm32wbxx_ll_rcc.h ****   * @rmtoll SMPSCR         SMPSDIV          LL_RCC_GetSMPSPrescaler
2439:Drivers/STM32WBxx_HAL_Driver/Inc/stm32wbxx_ll_rcc.h ****   * @retval Returned value can be one of the following values:
2440:Drivers/STM32WBxx_HAL_Driver/Inc/stm32wbxx_ll_rcc.h ****   *         @arg @ref LL_RCC_SMPS_DIV_0
2441:Drivers/STM32WBxx_HAL_Driver/Inc/stm32wbxx_ll_rcc.h ****   *         @arg @ref LL_RCC_SMPS_DIV_1
2442:Drivers/STM32WBxx_HAL_Driver/Inc/stm32wbxx_ll_rcc.h ****   *         @arg @ref LL_RCC_SMPS_DIV_2
2443:Drivers/STM32WBxx_HAL_Driver/Inc/stm32wbxx_ll_rcc.h ****   *         @arg @ref LL_RCC_SMPS_DIV_3
2444:Drivers/STM32WBxx_HAL_Driver/Inc/stm32wbxx_ll_rcc.h ****   */
2445:Drivers/STM32WBxx_HAL_Driver/Inc/stm32wbxx_ll_rcc.h **** __STATIC_INLINE uint32_t LL_RCC_GetSMPSPrescaler(void)
2446:Drivers/STM32WBxx_HAL_Driver/Inc/stm32wbxx_ll_rcc.h **** {
2447:Drivers/STM32WBxx_HAL_Driver/Inc/stm32wbxx_ll_rcc.h ****   return (uint32_t)(READ_BIT(RCC->SMPSCR, RCC_SMPSCR_SMPSDIV));
2448:Drivers/STM32WBxx_HAL_Driver/Inc/stm32wbxx_ll_rcc.h **** }
2449:Drivers/STM32WBxx_HAL_Driver/Inc/stm32wbxx_ll_rcc.h **** 
2450:Drivers/STM32WBxx_HAL_Driver/Inc/stm32wbxx_ll_rcc.h **** /**
2451:Drivers/STM32WBxx_HAL_Driver/Inc/stm32wbxx_ll_rcc.h ****   * @}
2452:Drivers/STM32WBxx_HAL_Driver/Inc/stm32wbxx_ll_rcc.h ****   */
2453:Drivers/STM32WBxx_HAL_Driver/Inc/stm32wbxx_ll_rcc.h **** #endif /* RCC_SMPS_SUPPORT */
2454:Drivers/STM32WBxx_HAL_Driver/Inc/stm32wbxx_ll_rcc.h **** 
2455:Drivers/STM32WBxx_HAL_Driver/Inc/stm32wbxx_ll_rcc.h **** /** @defgroup RCC_LL_EF_MCO MCO
2456:Drivers/STM32WBxx_HAL_Driver/Inc/stm32wbxx_ll_rcc.h ****   * @{
2457:Drivers/STM32WBxx_HAL_Driver/Inc/stm32wbxx_ll_rcc.h ****   */
2458:Drivers/STM32WBxx_HAL_Driver/Inc/stm32wbxx_ll_rcc.h **** 
2459:Drivers/STM32WBxx_HAL_Driver/Inc/stm32wbxx_ll_rcc.h **** /**
2460:Drivers/STM32WBxx_HAL_Driver/Inc/stm32wbxx_ll_rcc.h ****   * @brief  Configure MCOx
2461:Drivers/STM32WBxx_HAL_Driver/Inc/stm32wbxx_ll_rcc.h ****   * @rmtoll CFGR         MCOSEL        LL_RCC_ConfigMCO\n
2462:Drivers/STM32WBxx_HAL_Driver/Inc/stm32wbxx_ll_rcc.h ****   *         CFGR         MCOPRE        LL_RCC_ConfigMCO
2463:Drivers/STM32WBxx_HAL_Driver/Inc/stm32wbxx_ll_rcc.h ****   * @param  MCOxSource This parameter can be one of the following values:
2464:Drivers/STM32WBxx_HAL_Driver/Inc/stm32wbxx_ll_rcc.h ****   *         @arg @ref LL_RCC_MCO1SOURCE_NOCLOCK
2465:Drivers/STM32WBxx_HAL_Driver/Inc/stm32wbxx_ll_rcc.h ****   *         @arg @ref LL_RCC_MCO1SOURCE_SYSCLK
2466:Drivers/STM32WBxx_HAL_Driver/Inc/stm32wbxx_ll_rcc.h ****   *         @arg @ref LL_RCC_MCO1SOURCE_MSI
2467:Drivers/STM32WBxx_HAL_Driver/Inc/stm32wbxx_ll_rcc.h ****   *         @arg @ref LL_RCC_MCO1SOURCE_HSI
2468:Drivers/STM32WBxx_HAL_Driver/Inc/stm32wbxx_ll_rcc.h ****   *         @arg @ref LL_RCC_MCO1SOURCE_HSE
2469:Drivers/STM32WBxx_HAL_Driver/Inc/stm32wbxx_ll_rcc.h ****   *         @arg @ref LL_RCC_MCO1SOURCE_HSI48 (*)
2470:Drivers/STM32WBxx_HAL_Driver/Inc/stm32wbxx_ll_rcc.h ****   *         @arg @ref LL_RCC_MCO1SOURCE_PLLCLK
2471:Drivers/STM32WBxx_HAL_Driver/Inc/stm32wbxx_ll_rcc.h ****   *         @arg @ref LL_RCC_MCO1SOURCE_LSI1
2472:Drivers/STM32WBxx_HAL_Driver/Inc/stm32wbxx_ll_rcc.h ****   *         @arg @ref LL_RCC_MCO1SOURCE_LSI2
2473:Drivers/STM32WBxx_HAL_Driver/Inc/stm32wbxx_ll_rcc.h ****   *         @arg @ref LL_RCC_MCO1SOURCE_LSE
2474:Drivers/STM32WBxx_HAL_Driver/Inc/stm32wbxx_ll_rcc.h ****   *         @arg @ref LL_RCC_MCO1SOURCE_HSE_BEFORE_STAB
2475:Drivers/STM32WBxx_HAL_Driver/Inc/stm32wbxx_ll_rcc.h ****   * @param  MCOxPrescaler This parameter can be one of the following values:
2476:Drivers/STM32WBxx_HAL_Driver/Inc/stm32wbxx_ll_rcc.h ****   *         @arg @ref LL_RCC_MCO1_DIV_1
2477:Drivers/STM32WBxx_HAL_Driver/Inc/stm32wbxx_ll_rcc.h ****   *         @arg @ref LL_RCC_MCO1_DIV_2
2478:Drivers/STM32WBxx_HAL_Driver/Inc/stm32wbxx_ll_rcc.h ****   *         @arg @ref LL_RCC_MCO1_DIV_4
2479:Drivers/STM32WBxx_HAL_Driver/Inc/stm32wbxx_ll_rcc.h ****   *         @arg @ref LL_RCC_MCO1_DIV_8
2480:Drivers/STM32WBxx_HAL_Driver/Inc/stm32wbxx_ll_rcc.h ****   *         @arg @ref LL_RCC_MCO1_DIV_16
2481:Drivers/STM32WBxx_HAL_Driver/Inc/stm32wbxx_ll_rcc.h ****   * @note   (*) Value not defined for all devices
2482:Drivers/STM32WBxx_HAL_Driver/Inc/stm32wbxx_ll_rcc.h ****   * @retval None
2483:Drivers/STM32WBxx_HAL_Driver/Inc/stm32wbxx_ll_rcc.h ****   */
ARM GAS  /var/folders/98/ctz5mtps7w71v8dr53cf5qg40000gn/T//ccdzqVkO.s 			page 86


2484:Drivers/STM32WBxx_HAL_Driver/Inc/stm32wbxx_ll_rcc.h **** __STATIC_INLINE void LL_RCC_ConfigMCO(uint32_t MCOxSource, uint32_t MCOxPrescaler)
2485:Drivers/STM32WBxx_HAL_Driver/Inc/stm32wbxx_ll_rcc.h **** {
2486:Drivers/STM32WBxx_HAL_Driver/Inc/stm32wbxx_ll_rcc.h ****   MODIFY_REG(RCC->CFGR, RCC_CFGR_MCOSEL | RCC_CFGR_MCOPRE, MCOxSource | MCOxPrescaler);
2487:Drivers/STM32WBxx_HAL_Driver/Inc/stm32wbxx_ll_rcc.h **** }
2488:Drivers/STM32WBxx_HAL_Driver/Inc/stm32wbxx_ll_rcc.h **** 
2489:Drivers/STM32WBxx_HAL_Driver/Inc/stm32wbxx_ll_rcc.h **** /**
2490:Drivers/STM32WBxx_HAL_Driver/Inc/stm32wbxx_ll_rcc.h ****   * @}
2491:Drivers/STM32WBxx_HAL_Driver/Inc/stm32wbxx_ll_rcc.h ****   */
2492:Drivers/STM32WBxx_HAL_Driver/Inc/stm32wbxx_ll_rcc.h **** 
2493:Drivers/STM32WBxx_HAL_Driver/Inc/stm32wbxx_ll_rcc.h **** /** @defgroup RCC_LL_EF_Peripheral_Clock_Source Peripheral Clock Source
2494:Drivers/STM32WBxx_HAL_Driver/Inc/stm32wbxx_ll_rcc.h ****   * @{
2495:Drivers/STM32WBxx_HAL_Driver/Inc/stm32wbxx_ll_rcc.h ****   */
2496:Drivers/STM32WBxx_HAL_Driver/Inc/stm32wbxx_ll_rcc.h **** 
2497:Drivers/STM32WBxx_HAL_Driver/Inc/stm32wbxx_ll_rcc.h **** /**
2498:Drivers/STM32WBxx_HAL_Driver/Inc/stm32wbxx_ll_rcc.h ****   * @brief  Configure USARTx clock source
2499:Drivers/STM32WBxx_HAL_Driver/Inc/stm32wbxx_ll_rcc.h ****   * @rmtoll CCIPR        USART1SEL     LL_RCC_SetUSARTClockSource
2500:Drivers/STM32WBxx_HAL_Driver/Inc/stm32wbxx_ll_rcc.h ****   * @param  USARTxSource This parameter can be one of the following values:
2501:Drivers/STM32WBxx_HAL_Driver/Inc/stm32wbxx_ll_rcc.h ****   *         @arg @ref LL_RCC_USART1_CLKSOURCE_PCLK2
2502:Drivers/STM32WBxx_HAL_Driver/Inc/stm32wbxx_ll_rcc.h ****   *         @arg @ref LL_RCC_USART1_CLKSOURCE_SYSCLK
2503:Drivers/STM32WBxx_HAL_Driver/Inc/stm32wbxx_ll_rcc.h ****   *         @arg @ref LL_RCC_USART1_CLKSOURCE_HSI
2504:Drivers/STM32WBxx_HAL_Driver/Inc/stm32wbxx_ll_rcc.h ****   *         @arg @ref LL_RCC_USART1_CLKSOURCE_LSE
2505:Drivers/STM32WBxx_HAL_Driver/Inc/stm32wbxx_ll_rcc.h ****   * @retval None
2506:Drivers/STM32WBxx_HAL_Driver/Inc/stm32wbxx_ll_rcc.h ****   */
2507:Drivers/STM32WBxx_HAL_Driver/Inc/stm32wbxx_ll_rcc.h **** __STATIC_INLINE void LL_RCC_SetUSARTClockSource(uint32_t USARTxSource)
2508:Drivers/STM32WBxx_HAL_Driver/Inc/stm32wbxx_ll_rcc.h **** {
2509:Drivers/STM32WBxx_HAL_Driver/Inc/stm32wbxx_ll_rcc.h ****   MODIFY_REG(RCC->CCIPR, RCC_CCIPR_USART1SEL, USARTxSource);
2510:Drivers/STM32WBxx_HAL_Driver/Inc/stm32wbxx_ll_rcc.h **** }
2511:Drivers/STM32WBxx_HAL_Driver/Inc/stm32wbxx_ll_rcc.h **** 
2512:Drivers/STM32WBxx_HAL_Driver/Inc/stm32wbxx_ll_rcc.h **** #if defined(LPUART1)
2513:Drivers/STM32WBxx_HAL_Driver/Inc/stm32wbxx_ll_rcc.h **** /**
2514:Drivers/STM32WBxx_HAL_Driver/Inc/stm32wbxx_ll_rcc.h ****   * @brief  Configure LPUART1x clock source
2515:Drivers/STM32WBxx_HAL_Driver/Inc/stm32wbxx_ll_rcc.h ****   * @rmtoll CCIPR        LPUART1SEL    LL_RCC_SetLPUARTClockSource
2516:Drivers/STM32WBxx_HAL_Driver/Inc/stm32wbxx_ll_rcc.h ****   * @param  LPUARTxSource This parameter can be one of the following values:
2517:Drivers/STM32WBxx_HAL_Driver/Inc/stm32wbxx_ll_rcc.h ****   *         @arg @ref LL_RCC_LPUART1_CLKSOURCE_PCLK1
2518:Drivers/STM32WBxx_HAL_Driver/Inc/stm32wbxx_ll_rcc.h ****   *         @arg @ref LL_RCC_LPUART1_CLKSOURCE_SYSCLK
2519:Drivers/STM32WBxx_HAL_Driver/Inc/stm32wbxx_ll_rcc.h ****   *         @arg @ref LL_RCC_LPUART1_CLKSOURCE_HSI
2520:Drivers/STM32WBxx_HAL_Driver/Inc/stm32wbxx_ll_rcc.h ****   *         @arg @ref LL_RCC_LPUART1_CLKSOURCE_LSE
2521:Drivers/STM32WBxx_HAL_Driver/Inc/stm32wbxx_ll_rcc.h ****   * @retval None
2522:Drivers/STM32WBxx_HAL_Driver/Inc/stm32wbxx_ll_rcc.h ****   */
2523:Drivers/STM32WBxx_HAL_Driver/Inc/stm32wbxx_ll_rcc.h **** __STATIC_INLINE void LL_RCC_SetLPUARTClockSource(uint32_t LPUARTxSource)
2524:Drivers/STM32WBxx_HAL_Driver/Inc/stm32wbxx_ll_rcc.h **** {
2525:Drivers/STM32WBxx_HAL_Driver/Inc/stm32wbxx_ll_rcc.h ****   MODIFY_REG(RCC->CCIPR, RCC_CCIPR_LPUART1SEL, LPUARTxSource);
2526:Drivers/STM32WBxx_HAL_Driver/Inc/stm32wbxx_ll_rcc.h **** }
2527:Drivers/STM32WBxx_HAL_Driver/Inc/stm32wbxx_ll_rcc.h **** #endif /* LPUART1 */
2528:Drivers/STM32WBxx_HAL_Driver/Inc/stm32wbxx_ll_rcc.h **** 
2529:Drivers/STM32WBxx_HAL_Driver/Inc/stm32wbxx_ll_rcc.h **** /**
2530:Drivers/STM32WBxx_HAL_Driver/Inc/stm32wbxx_ll_rcc.h ****   * @brief  Configure I2Cx clock source
2531:Drivers/STM32WBxx_HAL_Driver/Inc/stm32wbxx_ll_rcc.h ****   * @rmtoll CCIPR        I2CxSEL       LL_RCC_SetI2CClockSource
2532:Drivers/STM32WBxx_HAL_Driver/Inc/stm32wbxx_ll_rcc.h ****   * @param  I2CxSource This parameter can be one of the following values:
2533:Drivers/STM32WBxx_HAL_Driver/Inc/stm32wbxx_ll_rcc.h ****   *         @arg @ref LL_RCC_I2C1_CLKSOURCE_PCLK1
2534:Drivers/STM32WBxx_HAL_Driver/Inc/stm32wbxx_ll_rcc.h ****   *         @arg @ref LL_RCC_I2C1_CLKSOURCE_SYSCLK
2535:Drivers/STM32WBxx_HAL_Driver/Inc/stm32wbxx_ll_rcc.h ****   *         @arg @ref LL_RCC_I2C1_CLKSOURCE_HSI
2536:Drivers/STM32WBxx_HAL_Driver/Inc/stm32wbxx_ll_rcc.h ****   *         @arg @ref LL_RCC_I2C3_CLKSOURCE_PCLK1 (*)
2537:Drivers/STM32WBxx_HAL_Driver/Inc/stm32wbxx_ll_rcc.h ****   *         @arg @ref LL_RCC_I2C3_CLKSOURCE_SYSCLK (*)
2538:Drivers/STM32WBxx_HAL_Driver/Inc/stm32wbxx_ll_rcc.h ****   *         @arg @ref LL_RCC_I2C3_CLKSOURCE_HSI (*)
2539:Drivers/STM32WBxx_HAL_Driver/Inc/stm32wbxx_ll_rcc.h ****   * @note   (*) Value not defined for all devices
2540:Drivers/STM32WBxx_HAL_Driver/Inc/stm32wbxx_ll_rcc.h ****   * @retval None
ARM GAS  /var/folders/98/ctz5mtps7w71v8dr53cf5qg40000gn/T//ccdzqVkO.s 			page 87


2541:Drivers/STM32WBxx_HAL_Driver/Inc/stm32wbxx_ll_rcc.h ****   */
2542:Drivers/STM32WBxx_HAL_Driver/Inc/stm32wbxx_ll_rcc.h **** __STATIC_INLINE void LL_RCC_SetI2CClockSource(uint32_t I2CxSource)
2543:Drivers/STM32WBxx_HAL_Driver/Inc/stm32wbxx_ll_rcc.h **** {
2544:Drivers/STM32WBxx_HAL_Driver/Inc/stm32wbxx_ll_rcc.h ****   MODIFY_REG(RCC->CCIPR, ((I2CxSource >> 4) & 0x000FF000U), ((I2CxSource << 4) & 0x000FF000U));
2545:Drivers/STM32WBxx_HAL_Driver/Inc/stm32wbxx_ll_rcc.h **** }
2546:Drivers/STM32WBxx_HAL_Driver/Inc/stm32wbxx_ll_rcc.h **** 
2547:Drivers/STM32WBxx_HAL_Driver/Inc/stm32wbxx_ll_rcc.h **** /**
2548:Drivers/STM32WBxx_HAL_Driver/Inc/stm32wbxx_ll_rcc.h ****   * @brief  Configure LPTIMx clock source
2549:Drivers/STM32WBxx_HAL_Driver/Inc/stm32wbxx_ll_rcc.h ****   * @rmtoll CCIPR        LPTIMxSEL     LL_RCC_SetLPTIMClockSource
2550:Drivers/STM32WBxx_HAL_Driver/Inc/stm32wbxx_ll_rcc.h ****   * @param  LPTIMxSource This parameter can be one of the following values:
2551:Drivers/STM32WBxx_HAL_Driver/Inc/stm32wbxx_ll_rcc.h ****   *         @arg @ref LL_RCC_LPTIM1_CLKSOURCE_PCLK1
2552:Drivers/STM32WBxx_HAL_Driver/Inc/stm32wbxx_ll_rcc.h ****   *         @arg @ref LL_RCC_LPTIM1_CLKSOURCE_LSI
2553:Drivers/STM32WBxx_HAL_Driver/Inc/stm32wbxx_ll_rcc.h ****   *         @arg @ref LL_RCC_LPTIM1_CLKSOURCE_HSI
2554:Drivers/STM32WBxx_HAL_Driver/Inc/stm32wbxx_ll_rcc.h ****   *         @arg @ref LL_RCC_LPTIM1_CLKSOURCE_LSE
2555:Drivers/STM32WBxx_HAL_Driver/Inc/stm32wbxx_ll_rcc.h ****   *         @arg @ref LL_RCC_LPTIM2_CLKSOURCE_PCLK1
2556:Drivers/STM32WBxx_HAL_Driver/Inc/stm32wbxx_ll_rcc.h ****   *         @arg @ref LL_RCC_LPTIM2_CLKSOURCE_LSI
2557:Drivers/STM32WBxx_HAL_Driver/Inc/stm32wbxx_ll_rcc.h ****   *         @arg @ref LL_RCC_LPTIM2_CLKSOURCE_HSI
2558:Drivers/STM32WBxx_HAL_Driver/Inc/stm32wbxx_ll_rcc.h ****   *         @arg @ref LL_RCC_LPTIM2_CLKSOURCE_LSE
2559:Drivers/STM32WBxx_HAL_Driver/Inc/stm32wbxx_ll_rcc.h ****   * @retval None
2560:Drivers/STM32WBxx_HAL_Driver/Inc/stm32wbxx_ll_rcc.h ****   */
2561:Drivers/STM32WBxx_HAL_Driver/Inc/stm32wbxx_ll_rcc.h **** __STATIC_INLINE void LL_RCC_SetLPTIMClockSource(uint32_t LPTIMxSource)
2562:Drivers/STM32WBxx_HAL_Driver/Inc/stm32wbxx_ll_rcc.h **** {
2563:Drivers/STM32WBxx_HAL_Driver/Inc/stm32wbxx_ll_rcc.h ****   MODIFY_REG(RCC->CCIPR, (LPTIMxSource & 0xFFFF0000U), (LPTIMxSource << 16));
2564:Drivers/STM32WBxx_HAL_Driver/Inc/stm32wbxx_ll_rcc.h **** }
2565:Drivers/STM32WBxx_HAL_Driver/Inc/stm32wbxx_ll_rcc.h **** 
2566:Drivers/STM32WBxx_HAL_Driver/Inc/stm32wbxx_ll_rcc.h **** #if defined(SAI1)
2567:Drivers/STM32WBxx_HAL_Driver/Inc/stm32wbxx_ll_rcc.h **** /**
2568:Drivers/STM32WBxx_HAL_Driver/Inc/stm32wbxx_ll_rcc.h ****   * @brief  Configure SAIx clock source
2569:Drivers/STM32WBxx_HAL_Driver/Inc/stm32wbxx_ll_rcc.h ****   * @rmtoll CCIPR        SAI1SEL       LL_RCC_SetSAIClockSource
2570:Drivers/STM32WBxx_HAL_Driver/Inc/stm32wbxx_ll_rcc.h ****   * @param  SAIxSource This parameter can be one of the following values:
2571:Drivers/STM32WBxx_HAL_Driver/Inc/stm32wbxx_ll_rcc.h ****   *         @arg @ref LL_RCC_SAI1_CLKSOURCE_PLLSAI1
2572:Drivers/STM32WBxx_HAL_Driver/Inc/stm32wbxx_ll_rcc.h ****   *         @arg @ref LL_RCC_SAI1_CLKSOURCE_PLL
2573:Drivers/STM32WBxx_HAL_Driver/Inc/stm32wbxx_ll_rcc.h ****   *         @arg @ref LL_RCC_SAI1_CLKSOURCE_HSI
2574:Drivers/STM32WBxx_HAL_Driver/Inc/stm32wbxx_ll_rcc.h ****   *         @arg @ref LL_RCC_SAI1_CLKSOURCE_PIN
2575:Drivers/STM32WBxx_HAL_Driver/Inc/stm32wbxx_ll_rcc.h ****   * @retval None
2576:Drivers/STM32WBxx_HAL_Driver/Inc/stm32wbxx_ll_rcc.h ****   */
2577:Drivers/STM32WBxx_HAL_Driver/Inc/stm32wbxx_ll_rcc.h **** __STATIC_INLINE void LL_RCC_SetSAIClockSource(uint32_t SAIxSource)
2578:Drivers/STM32WBxx_HAL_Driver/Inc/stm32wbxx_ll_rcc.h **** {
2579:Drivers/STM32WBxx_HAL_Driver/Inc/stm32wbxx_ll_rcc.h ****   MODIFY_REG(RCC->CCIPR, RCC_CCIPR_SAI1SEL, SAIxSource);
2580:Drivers/STM32WBxx_HAL_Driver/Inc/stm32wbxx_ll_rcc.h **** }
2581:Drivers/STM32WBxx_HAL_Driver/Inc/stm32wbxx_ll_rcc.h **** #endif /* SAI1 */
2582:Drivers/STM32WBxx_HAL_Driver/Inc/stm32wbxx_ll_rcc.h **** 
2583:Drivers/STM32WBxx_HAL_Driver/Inc/stm32wbxx_ll_rcc.h **** /**
2584:Drivers/STM32WBxx_HAL_Driver/Inc/stm32wbxx_ll_rcc.h ****   * @brief  Configure RNG clock source
2585:Drivers/STM32WBxx_HAL_Driver/Inc/stm32wbxx_ll_rcc.h ****   * @note In case of CLK48 clock selected, it must be configured first thanks to LL_RCC_SetCLK48Clo
2586:Drivers/STM32WBxx_HAL_Driver/Inc/stm32wbxx_ll_rcc.h ****   * @rmtoll CCIPR        RNGSEL      LL_RCC_SetRNGClockSource
2587:Drivers/STM32WBxx_HAL_Driver/Inc/stm32wbxx_ll_rcc.h ****   * @param  RNGxSource This parameter can be one of the following values:
2588:Drivers/STM32WBxx_HAL_Driver/Inc/stm32wbxx_ll_rcc.h ****   *         @arg @ref LL_RCC_RNG_CLKSOURCE_CLK48
2589:Drivers/STM32WBxx_HAL_Driver/Inc/stm32wbxx_ll_rcc.h ****   *         @arg @ref LL_RCC_RNG_CLKSOURCE_LSI
2590:Drivers/STM32WBxx_HAL_Driver/Inc/stm32wbxx_ll_rcc.h ****   *         @arg @ref LL_RCC_RNG_CLKSOURCE_LSE
2591:Drivers/STM32WBxx_HAL_Driver/Inc/stm32wbxx_ll_rcc.h ****   * @retval None
2592:Drivers/STM32WBxx_HAL_Driver/Inc/stm32wbxx_ll_rcc.h ****   */
2593:Drivers/STM32WBxx_HAL_Driver/Inc/stm32wbxx_ll_rcc.h **** __STATIC_INLINE void LL_RCC_SetRNGClockSource(uint32_t RNGxSource)
2594:Drivers/STM32WBxx_HAL_Driver/Inc/stm32wbxx_ll_rcc.h **** {
2595:Drivers/STM32WBxx_HAL_Driver/Inc/stm32wbxx_ll_rcc.h ****   MODIFY_REG(RCC->CCIPR, RCC_CCIPR_RNGSEL, RNGxSource);
2596:Drivers/STM32WBxx_HAL_Driver/Inc/stm32wbxx_ll_rcc.h **** }
2597:Drivers/STM32WBxx_HAL_Driver/Inc/stm32wbxx_ll_rcc.h **** 
ARM GAS  /var/folders/98/ctz5mtps7w71v8dr53cf5qg40000gn/T//ccdzqVkO.s 			page 88


2598:Drivers/STM32WBxx_HAL_Driver/Inc/stm32wbxx_ll_rcc.h **** /**
2599:Drivers/STM32WBxx_HAL_Driver/Inc/stm32wbxx_ll_rcc.h ****   * @brief  Configure CLK48 clock source
2600:Drivers/STM32WBxx_HAL_Driver/Inc/stm32wbxx_ll_rcc.h ****   * @rmtoll CCIPR        CLK48SEL      LL_RCC_SetCLK48ClockSource
2601:Drivers/STM32WBxx_HAL_Driver/Inc/stm32wbxx_ll_rcc.h ****   * @param  CLK48xSource This parameter can be one of the following values:
2602:Drivers/STM32WBxx_HAL_Driver/Inc/stm32wbxx_ll_rcc.h ****   *         @arg @ref LL_RCC_CLK48_CLKSOURCE_HSI48 (*)
2603:Drivers/STM32WBxx_HAL_Driver/Inc/stm32wbxx_ll_rcc.h ****   *         @arg @ref LL_RCC_CLK48_CLKSOURCE_PLLSAI1 (*)
2604:Drivers/STM32WBxx_HAL_Driver/Inc/stm32wbxx_ll_rcc.h ****   *         @arg @ref LL_RCC_CLK48_CLKSOURCE_PLL
2605:Drivers/STM32WBxx_HAL_Driver/Inc/stm32wbxx_ll_rcc.h ****   *         @arg @ref LL_RCC_CLK48_CLKSOURCE_MSI
2606:Drivers/STM32WBxx_HAL_Driver/Inc/stm32wbxx_ll_rcc.h ****   * @note   (*) Value not defined for all devices
2607:Drivers/STM32WBxx_HAL_Driver/Inc/stm32wbxx_ll_rcc.h ****   * @retval None
2608:Drivers/STM32WBxx_HAL_Driver/Inc/stm32wbxx_ll_rcc.h ****   */
2609:Drivers/STM32WBxx_HAL_Driver/Inc/stm32wbxx_ll_rcc.h **** __STATIC_INLINE void LL_RCC_SetCLK48ClockSource(uint32_t CLK48xSource)
2610:Drivers/STM32WBxx_HAL_Driver/Inc/stm32wbxx_ll_rcc.h **** {
2611:Drivers/STM32WBxx_HAL_Driver/Inc/stm32wbxx_ll_rcc.h ****   MODIFY_REG(RCC->CCIPR, RCC_CCIPR_CLK48SEL, CLK48xSource);
2612:Drivers/STM32WBxx_HAL_Driver/Inc/stm32wbxx_ll_rcc.h **** }
2613:Drivers/STM32WBxx_HAL_Driver/Inc/stm32wbxx_ll_rcc.h **** 
2614:Drivers/STM32WBxx_HAL_Driver/Inc/stm32wbxx_ll_rcc.h **** #if defined(USB)
2615:Drivers/STM32WBxx_HAL_Driver/Inc/stm32wbxx_ll_rcc.h **** /**
2616:Drivers/STM32WBxx_HAL_Driver/Inc/stm32wbxx_ll_rcc.h ****   * @brief  Configure USB clock source
2617:Drivers/STM32WBxx_HAL_Driver/Inc/stm32wbxx_ll_rcc.h ****   * @rmtoll CCIPR        CLK48SEL      LL_RCC_SetUSBClockSource
2618:Drivers/STM32WBxx_HAL_Driver/Inc/stm32wbxx_ll_rcc.h ****   * @param  USBxSource This parameter can be one of the following values:
2619:Drivers/STM32WBxx_HAL_Driver/Inc/stm32wbxx_ll_rcc.h ****   *         @arg @ref LL_RCC_USB_CLKSOURCE_HSI48
2620:Drivers/STM32WBxx_HAL_Driver/Inc/stm32wbxx_ll_rcc.h ****   *         @arg @ref LL_RCC_USB_CLKSOURCE_PLLSAI1
2621:Drivers/STM32WBxx_HAL_Driver/Inc/stm32wbxx_ll_rcc.h ****   *         @arg @ref LL_RCC_USB_CLKSOURCE_PLL
2622:Drivers/STM32WBxx_HAL_Driver/Inc/stm32wbxx_ll_rcc.h ****   *         @arg @ref LL_RCC_USB_CLKSOURCE_MSI
2623:Drivers/STM32WBxx_HAL_Driver/Inc/stm32wbxx_ll_rcc.h ****   * @retval None
2624:Drivers/STM32WBxx_HAL_Driver/Inc/stm32wbxx_ll_rcc.h ****   */
2625:Drivers/STM32WBxx_HAL_Driver/Inc/stm32wbxx_ll_rcc.h **** __STATIC_INLINE void LL_RCC_SetUSBClockSource(uint32_t USBxSource)
2626:Drivers/STM32WBxx_HAL_Driver/Inc/stm32wbxx_ll_rcc.h **** {
2627:Drivers/STM32WBxx_HAL_Driver/Inc/stm32wbxx_ll_rcc.h ****   LL_RCC_SetCLK48ClockSource(USBxSource);
2628:Drivers/STM32WBxx_HAL_Driver/Inc/stm32wbxx_ll_rcc.h **** }
2629:Drivers/STM32WBxx_HAL_Driver/Inc/stm32wbxx_ll_rcc.h **** #endif /* USB */
2630:Drivers/STM32WBxx_HAL_Driver/Inc/stm32wbxx_ll_rcc.h **** 
2631:Drivers/STM32WBxx_HAL_Driver/Inc/stm32wbxx_ll_rcc.h **** /**
2632:Drivers/STM32WBxx_HAL_Driver/Inc/stm32wbxx_ll_rcc.h ****   * @brief  Configure RNG clock source
2633:Drivers/STM32WBxx_HAL_Driver/Inc/stm32wbxx_ll_rcc.h ****   * @note Allow to configure the overall RNG Clock source, if CLK48 is selected as RNG
2634:Drivers/STM32WBxx_HAL_Driver/Inc/stm32wbxx_ll_rcc.h ****           Clock source, the CLK48xSource has to be configured
2635:Drivers/STM32WBxx_HAL_Driver/Inc/stm32wbxx_ll_rcc.h ****   * @rmtoll CCIPR        RNGSEL      LL_RCC_ConfigRNGClockSource
2636:Drivers/STM32WBxx_HAL_Driver/Inc/stm32wbxx_ll_rcc.h ****   * @rmtoll CCIPR        CLK48SEL    LL_RCC_ConfigRNGClockSource
2637:Drivers/STM32WBxx_HAL_Driver/Inc/stm32wbxx_ll_rcc.h ****   * @param  RNGxSource This parameter can be one of the following values:
2638:Drivers/STM32WBxx_HAL_Driver/Inc/stm32wbxx_ll_rcc.h ****   *         @arg @ref LL_RCC_RNG_CLKSOURCE_CLK48
2639:Drivers/STM32WBxx_HAL_Driver/Inc/stm32wbxx_ll_rcc.h ****   *         @arg @ref LL_RCC_RNG_CLKSOURCE_LSI
2640:Drivers/STM32WBxx_HAL_Driver/Inc/stm32wbxx_ll_rcc.h ****   *         @arg @ref LL_RCC_RNG_CLKSOURCE_LSE
2641:Drivers/STM32WBxx_HAL_Driver/Inc/stm32wbxx_ll_rcc.h ****   * @param  CLK48xSource This parameter can be one of the following values:
2642:Drivers/STM32WBxx_HAL_Driver/Inc/stm32wbxx_ll_rcc.h ****   *         @arg @ref LL_RCC_CLK48_CLKSOURCE_HSI48 (*)
2643:Drivers/STM32WBxx_HAL_Driver/Inc/stm32wbxx_ll_rcc.h ****   *         @arg @ref LL_RCC_CLK48_CLKSOURCE_PLLSAI1 (*)
2644:Drivers/STM32WBxx_HAL_Driver/Inc/stm32wbxx_ll_rcc.h ****   *         @arg @ref LL_RCC_CLK48_CLKSOURCE_PLL
2645:Drivers/STM32WBxx_HAL_Driver/Inc/stm32wbxx_ll_rcc.h ****   *         @arg @ref LL_RCC_CLK48_CLKSOURCE_MSI
2646:Drivers/STM32WBxx_HAL_Driver/Inc/stm32wbxx_ll_rcc.h ****   * @note   (*) Value not defined for all devices
2647:Drivers/STM32WBxx_HAL_Driver/Inc/stm32wbxx_ll_rcc.h ****   * @retval None
2648:Drivers/STM32WBxx_HAL_Driver/Inc/stm32wbxx_ll_rcc.h ****   */
2649:Drivers/STM32WBxx_HAL_Driver/Inc/stm32wbxx_ll_rcc.h **** __STATIC_INLINE void LL_RCC_ConfigRNGClockSource(uint32_t RNGxSource, uint32_t CLK48xSource)
2650:Drivers/STM32WBxx_HAL_Driver/Inc/stm32wbxx_ll_rcc.h **** {
2651:Drivers/STM32WBxx_HAL_Driver/Inc/stm32wbxx_ll_rcc.h ****   if (RNGxSource == LL_RCC_RNG_CLKSOURCE_CLK48)
2652:Drivers/STM32WBxx_HAL_Driver/Inc/stm32wbxx_ll_rcc.h ****   {
2653:Drivers/STM32WBxx_HAL_Driver/Inc/stm32wbxx_ll_rcc.h ****     LL_RCC_SetCLK48ClockSource(CLK48xSource);
2654:Drivers/STM32WBxx_HAL_Driver/Inc/stm32wbxx_ll_rcc.h ****   }
ARM GAS  /var/folders/98/ctz5mtps7w71v8dr53cf5qg40000gn/T//ccdzqVkO.s 			page 89


2655:Drivers/STM32WBxx_HAL_Driver/Inc/stm32wbxx_ll_rcc.h ****   LL_RCC_SetRNGClockSource(RNGxSource);
2656:Drivers/STM32WBxx_HAL_Driver/Inc/stm32wbxx_ll_rcc.h **** }
2657:Drivers/STM32WBxx_HAL_Driver/Inc/stm32wbxx_ll_rcc.h **** 
2658:Drivers/STM32WBxx_HAL_Driver/Inc/stm32wbxx_ll_rcc.h **** 
2659:Drivers/STM32WBxx_HAL_Driver/Inc/stm32wbxx_ll_rcc.h **** /**
2660:Drivers/STM32WBxx_HAL_Driver/Inc/stm32wbxx_ll_rcc.h ****   * @brief  Configure ADC clock source
2661:Drivers/STM32WBxx_HAL_Driver/Inc/stm32wbxx_ll_rcc.h ****   * @rmtoll CCIPR        ADCSEL        LL_RCC_SetADCClockSource
2662:Drivers/STM32WBxx_HAL_Driver/Inc/stm32wbxx_ll_rcc.h ****   * @param  ADCxSource This parameter can be one of the following values:
2663:Drivers/STM32WBxx_HAL_Driver/Inc/stm32wbxx_ll_rcc.h ****   *         @arg @ref LL_RCC_ADC_CLKSOURCE_NONE
2664:Drivers/STM32WBxx_HAL_Driver/Inc/stm32wbxx_ll_rcc.h ****   *         @arg @ref LL_RCC_ADC_CLKSOURCE_PLLSAI1 (*)
2665:Drivers/STM32WBxx_HAL_Driver/Inc/stm32wbxx_ll_rcc.h ****   *         @arg @ref LL_RCC_ADC_CLKSOURCE_PLL
2666:Drivers/STM32WBxx_HAL_Driver/Inc/stm32wbxx_ll_rcc.h ****   *         @arg @ref LL_RCC_ADC_CLKSOURCE_SYSCLK
2667:Drivers/STM32WBxx_HAL_Driver/Inc/stm32wbxx_ll_rcc.h ****   *         @arg @ref LL_RCC_ADC_CLKSOURCE_HSI (*)
2668:Drivers/STM32WBxx_HAL_Driver/Inc/stm32wbxx_ll_rcc.h ****   * @note   (*) Value not defined for all devices
2669:Drivers/STM32WBxx_HAL_Driver/Inc/stm32wbxx_ll_rcc.h ****   * @retval None
2670:Drivers/STM32WBxx_HAL_Driver/Inc/stm32wbxx_ll_rcc.h ****   */
2671:Drivers/STM32WBxx_HAL_Driver/Inc/stm32wbxx_ll_rcc.h **** __STATIC_INLINE void LL_RCC_SetADCClockSource(uint32_t ADCxSource)
2672:Drivers/STM32WBxx_HAL_Driver/Inc/stm32wbxx_ll_rcc.h **** {
2673:Drivers/STM32WBxx_HAL_Driver/Inc/stm32wbxx_ll_rcc.h ****   MODIFY_REG(RCC->CCIPR, RCC_CCIPR_ADCSEL, ADCxSource);
2674:Drivers/STM32WBxx_HAL_Driver/Inc/stm32wbxx_ll_rcc.h **** }
2675:Drivers/STM32WBxx_HAL_Driver/Inc/stm32wbxx_ll_rcc.h **** 
2676:Drivers/STM32WBxx_HAL_Driver/Inc/stm32wbxx_ll_rcc.h **** 
2677:Drivers/STM32WBxx_HAL_Driver/Inc/stm32wbxx_ll_rcc.h **** /**
2678:Drivers/STM32WBxx_HAL_Driver/Inc/stm32wbxx_ll_rcc.h ****   * @brief  Get USARTx clock source
2679:Drivers/STM32WBxx_HAL_Driver/Inc/stm32wbxx_ll_rcc.h ****   * @rmtoll CCIPR        USART1SEL     LL_RCC_GetUSARTClockSource
2680:Drivers/STM32WBxx_HAL_Driver/Inc/stm32wbxx_ll_rcc.h ****   * @param  USARTx This parameter can be one of the following values:
2681:Drivers/STM32WBxx_HAL_Driver/Inc/stm32wbxx_ll_rcc.h ****   *         @arg @ref LL_RCC_USART1_CLKSOURCE
2682:Drivers/STM32WBxx_HAL_Driver/Inc/stm32wbxx_ll_rcc.h ****   * @retval Returned value can be one of the following values:
2683:Drivers/STM32WBxx_HAL_Driver/Inc/stm32wbxx_ll_rcc.h ****   *         @arg @ref LL_RCC_USART1_CLKSOURCE_PCLK2
2684:Drivers/STM32WBxx_HAL_Driver/Inc/stm32wbxx_ll_rcc.h ****   *         @arg @ref LL_RCC_USART1_CLKSOURCE_SYSCLK
2685:Drivers/STM32WBxx_HAL_Driver/Inc/stm32wbxx_ll_rcc.h ****   *         @arg @ref LL_RCC_USART1_CLKSOURCE_HSI
2686:Drivers/STM32WBxx_HAL_Driver/Inc/stm32wbxx_ll_rcc.h ****   *         @arg @ref LL_RCC_USART1_CLKSOURCE_LSE
2687:Drivers/STM32WBxx_HAL_Driver/Inc/stm32wbxx_ll_rcc.h ****   */
2688:Drivers/STM32WBxx_HAL_Driver/Inc/stm32wbxx_ll_rcc.h **** __STATIC_INLINE uint32_t LL_RCC_GetUSARTClockSource(uint32_t USARTx)
2689:Drivers/STM32WBxx_HAL_Driver/Inc/stm32wbxx_ll_rcc.h **** {
2690:Drivers/STM32WBxx_HAL_Driver/Inc/stm32wbxx_ll_rcc.h ****   return (uint32_t)(READ_BIT(RCC->CCIPR, USARTx));
2691:Drivers/STM32WBxx_HAL_Driver/Inc/stm32wbxx_ll_rcc.h **** }
2692:Drivers/STM32WBxx_HAL_Driver/Inc/stm32wbxx_ll_rcc.h **** 
2693:Drivers/STM32WBxx_HAL_Driver/Inc/stm32wbxx_ll_rcc.h **** #if defined(LPUART1)
2694:Drivers/STM32WBxx_HAL_Driver/Inc/stm32wbxx_ll_rcc.h **** /**
2695:Drivers/STM32WBxx_HAL_Driver/Inc/stm32wbxx_ll_rcc.h ****   * @brief  Get LPUARTx clock source
2696:Drivers/STM32WBxx_HAL_Driver/Inc/stm32wbxx_ll_rcc.h ****   * @rmtoll CCIPR        LPUART1SEL    LL_RCC_GetLPUARTClockSource
2697:Drivers/STM32WBxx_HAL_Driver/Inc/stm32wbxx_ll_rcc.h ****   * @param  LPUARTx This parameter can be one of the following values:
2698:Drivers/STM32WBxx_HAL_Driver/Inc/stm32wbxx_ll_rcc.h ****   *         @arg @ref LL_RCC_LPUART1_CLKSOURCE
2699:Drivers/STM32WBxx_HAL_Driver/Inc/stm32wbxx_ll_rcc.h ****   * @retval Returned value can be one of the following values:
2700:Drivers/STM32WBxx_HAL_Driver/Inc/stm32wbxx_ll_rcc.h ****   *         @arg @ref LL_RCC_LPUART1_CLKSOURCE_PCLK1
2701:Drivers/STM32WBxx_HAL_Driver/Inc/stm32wbxx_ll_rcc.h ****   *         @arg @ref LL_RCC_LPUART1_CLKSOURCE_SYSCLK
2702:Drivers/STM32WBxx_HAL_Driver/Inc/stm32wbxx_ll_rcc.h ****   *         @arg @ref LL_RCC_LPUART1_CLKSOURCE_HSI
2703:Drivers/STM32WBxx_HAL_Driver/Inc/stm32wbxx_ll_rcc.h ****   *         @arg @ref LL_RCC_LPUART1_CLKSOURCE_LSE
2704:Drivers/STM32WBxx_HAL_Driver/Inc/stm32wbxx_ll_rcc.h ****   */
2705:Drivers/STM32WBxx_HAL_Driver/Inc/stm32wbxx_ll_rcc.h **** __STATIC_INLINE uint32_t LL_RCC_GetLPUARTClockSource(uint32_t LPUARTx)
2706:Drivers/STM32WBxx_HAL_Driver/Inc/stm32wbxx_ll_rcc.h **** {
2707:Drivers/STM32WBxx_HAL_Driver/Inc/stm32wbxx_ll_rcc.h ****   return (uint32_t)(READ_BIT(RCC->CCIPR, LPUARTx));
2708:Drivers/STM32WBxx_HAL_Driver/Inc/stm32wbxx_ll_rcc.h **** }
2709:Drivers/STM32WBxx_HAL_Driver/Inc/stm32wbxx_ll_rcc.h **** #endif /* LPUART1 */
2710:Drivers/STM32WBxx_HAL_Driver/Inc/stm32wbxx_ll_rcc.h **** 
2711:Drivers/STM32WBxx_HAL_Driver/Inc/stm32wbxx_ll_rcc.h **** /**
ARM GAS  /var/folders/98/ctz5mtps7w71v8dr53cf5qg40000gn/T//ccdzqVkO.s 			page 90


2712:Drivers/STM32WBxx_HAL_Driver/Inc/stm32wbxx_ll_rcc.h ****   * @brief  Get I2Cx clock source
2713:Drivers/STM32WBxx_HAL_Driver/Inc/stm32wbxx_ll_rcc.h ****   * @rmtoll CCIPR        I2CxSEL       LL_RCC_GetI2CClockSource
2714:Drivers/STM32WBxx_HAL_Driver/Inc/stm32wbxx_ll_rcc.h ****   * @param  I2Cx This parameter can be one of the following values:
2715:Drivers/STM32WBxx_HAL_Driver/Inc/stm32wbxx_ll_rcc.h ****   *         @arg @ref LL_RCC_I2C1_CLKSOURCE
2716:Drivers/STM32WBxx_HAL_Driver/Inc/stm32wbxx_ll_rcc.h ****   *         @arg @ref LL_RCC_I2C3_CLKSOURCE
2717:Drivers/STM32WBxx_HAL_Driver/Inc/stm32wbxx_ll_rcc.h ****   * @retval Returned value can be one of the following values:
2718:Drivers/STM32WBxx_HAL_Driver/Inc/stm32wbxx_ll_rcc.h ****   *         @arg @ref LL_RCC_I2C1_CLKSOURCE_PCLK1
2719:Drivers/STM32WBxx_HAL_Driver/Inc/stm32wbxx_ll_rcc.h ****   *         @arg @ref LL_RCC_I2C1_CLKSOURCE_SYSCLK
2720:Drivers/STM32WBxx_HAL_Driver/Inc/stm32wbxx_ll_rcc.h ****   *         @arg @ref LL_RCC_I2C1_CLKSOURCE_HSI
2721:Drivers/STM32WBxx_HAL_Driver/Inc/stm32wbxx_ll_rcc.h ****   *         @arg @ref LL_RCC_I2C3_CLKSOURCE_PCLK1 (*)
2722:Drivers/STM32WBxx_HAL_Driver/Inc/stm32wbxx_ll_rcc.h ****   *         @arg @ref LL_RCC_I2C3_CLKSOURCE_SYSCLK (*)
2723:Drivers/STM32WBxx_HAL_Driver/Inc/stm32wbxx_ll_rcc.h ****   *         @arg @ref LL_RCC_I2C3_CLKSOURCE_HSI (*)
2724:Drivers/STM32WBxx_HAL_Driver/Inc/stm32wbxx_ll_rcc.h ****   * @note   (*) Value not defined for all devices
2725:Drivers/STM32WBxx_HAL_Driver/Inc/stm32wbxx_ll_rcc.h ****   */
2726:Drivers/STM32WBxx_HAL_Driver/Inc/stm32wbxx_ll_rcc.h **** __STATIC_INLINE uint32_t LL_RCC_GetI2CClockSource(uint32_t I2Cx)
2727:Drivers/STM32WBxx_HAL_Driver/Inc/stm32wbxx_ll_rcc.h **** {
2728:Drivers/STM32WBxx_HAL_Driver/Inc/stm32wbxx_ll_rcc.h ****   return (uint32_t)((READ_BIT(RCC->CCIPR, I2Cx) >> 4) | (I2Cx << 4));
2729:Drivers/STM32WBxx_HAL_Driver/Inc/stm32wbxx_ll_rcc.h **** }
2730:Drivers/STM32WBxx_HAL_Driver/Inc/stm32wbxx_ll_rcc.h **** 
2731:Drivers/STM32WBxx_HAL_Driver/Inc/stm32wbxx_ll_rcc.h **** /**
2732:Drivers/STM32WBxx_HAL_Driver/Inc/stm32wbxx_ll_rcc.h ****   * @brief  Get LPTIMx clock source
2733:Drivers/STM32WBxx_HAL_Driver/Inc/stm32wbxx_ll_rcc.h ****   * @rmtoll CCIPR        LPTIMxSEL     LL_RCC_GetLPTIMClockSource
2734:Drivers/STM32WBxx_HAL_Driver/Inc/stm32wbxx_ll_rcc.h ****   * @param  LPTIMx This parameter can be one of the following values:
2735:Drivers/STM32WBxx_HAL_Driver/Inc/stm32wbxx_ll_rcc.h ****   *         @arg @ref LL_RCC_LPTIM1_CLKSOURCE
2736:Drivers/STM32WBxx_HAL_Driver/Inc/stm32wbxx_ll_rcc.h ****   *         @arg @ref LL_RCC_LPTIM2_CLKSOURCE
2737:Drivers/STM32WBxx_HAL_Driver/Inc/stm32wbxx_ll_rcc.h ****   * @retval Returned value can be one of the following values:
2738:Drivers/STM32WBxx_HAL_Driver/Inc/stm32wbxx_ll_rcc.h ****   *         @arg @ref LL_RCC_LPTIM1_CLKSOURCE_PCLK1
2739:Drivers/STM32WBxx_HAL_Driver/Inc/stm32wbxx_ll_rcc.h ****   *         @arg @ref LL_RCC_LPTIM1_CLKSOURCE_LSI
2740:Drivers/STM32WBxx_HAL_Driver/Inc/stm32wbxx_ll_rcc.h ****   *         @arg @ref LL_RCC_LPTIM1_CLKSOURCE_HSI
2741:Drivers/STM32WBxx_HAL_Driver/Inc/stm32wbxx_ll_rcc.h ****   *         @arg @ref LL_RCC_LPTIM1_CLKSOURCE_LSE
2742:Drivers/STM32WBxx_HAL_Driver/Inc/stm32wbxx_ll_rcc.h ****   *         @arg @ref LL_RCC_LPTIM2_CLKSOURCE_PCLK1
2743:Drivers/STM32WBxx_HAL_Driver/Inc/stm32wbxx_ll_rcc.h ****   *         @arg @ref LL_RCC_LPTIM2_CLKSOURCE_LSI
2744:Drivers/STM32WBxx_HAL_Driver/Inc/stm32wbxx_ll_rcc.h ****   *         @arg @ref LL_RCC_LPTIM2_CLKSOURCE_HSI
2745:Drivers/STM32WBxx_HAL_Driver/Inc/stm32wbxx_ll_rcc.h ****   *         @arg @ref LL_RCC_LPTIM2_CLKSOURCE_LSE
2746:Drivers/STM32WBxx_HAL_Driver/Inc/stm32wbxx_ll_rcc.h ****   */
2747:Drivers/STM32WBxx_HAL_Driver/Inc/stm32wbxx_ll_rcc.h **** __STATIC_INLINE uint32_t LL_RCC_GetLPTIMClockSource(uint32_t LPTIMx)
2748:Drivers/STM32WBxx_HAL_Driver/Inc/stm32wbxx_ll_rcc.h **** {
2749:Drivers/STM32WBxx_HAL_Driver/Inc/stm32wbxx_ll_rcc.h ****   return (uint32_t)((READ_BIT(RCC->CCIPR, LPTIMx) >> 16) | LPTIMx);
2750:Drivers/STM32WBxx_HAL_Driver/Inc/stm32wbxx_ll_rcc.h **** }
2751:Drivers/STM32WBxx_HAL_Driver/Inc/stm32wbxx_ll_rcc.h **** 
2752:Drivers/STM32WBxx_HAL_Driver/Inc/stm32wbxx_ll_rcc.h **** #if defined(SAI1)
2753:Drivers/STM32WBxx_HAL_Driver/Inc/stm32wbxx_ll_rcc.h **** /**
2754:Drivers/STM32WBxx_HAL_Driver/Inc/stm32wbxx_ll_rcc.h ****   * @brief  Get SAIx clock source
2755:Drivers/STM32WBxx_HAL_Driver/Inc/stm32wbxx_ll_rcc.h ****   * @rmtoll CCIPR        SAI1SEL       LL_RCC_GetSAIClockSource
2756:Drivers/STM32WBxx_HAL_Driver/Inc/stm32wbxx_ll_rcc.h ****   * @param  SAIx This parameter can be one of the following values:
2757:Drivers/STM32WBxx_HAL_Driver/Inc/stm32wbxx_ll_rcc.h ****   *         @arg @ref LL_RCC_SAI1_CLKSOURCE
2758:Drivers/STM32WBxx_HAL_Driver/Inc/stm32wbxx_ll_rcc.h ****   * @retval Returned value can be one of the following values:
2759:Drivers/STM32WBxx_HAL_Driver/Inc/stm32wbxx_ll_rcc.h ****   *         @arg @ref LL_RCC_SAI1_CLKSOURCE_PLLSAI1
2760:Drivers/STM32WBxx_HAL_Driver/Inc/stm32wbxx_ll_rcc.h ****   *         @arg @ref LL_RCC_SAI1_CLKSOURCE_PLL
2761:Drivers/STM32WBxx_HAL_Driver/Inc/stm32wbxx_ll_rcc.h ****   *         @arg @ref LL_RCC_SAI1_CLKSOURCE_HSI
2762:Drivers/STM32WBxx_HAL_Driver/Inc/stm32wbxx_ll_rcc.h ****   *         @arg @ref LL_RCC_SAI1_CLKSOURCE_PIN
2763:Drivers/STM32WBxx_HAL_Driver/Inc/stm32wbxx_ll_rcc.h ****   */
2764:Drivers/STM32WBxx_HAL_Driver/Inc/stm32wbxx_ll_rcc.h **** __STATIC_INLINE uint32_t LL_RCC_GetSAIClockSource(uint32_t SAIx)
2765:Drivers/STM32WBxx_HAL_Driver/Inc/stm32wbxx_ll_rcc.h **** {
2766:Drivers/STM32WBxx_HAL_Driver/Inc/stm32wbxx_ll_rcc.h ****   return (uint32_t)(READ_BIT(RCC->CCIPR, SAIx));
2767:Drivers/STM32WBxx_HAL_Driver/Inc/stm32wbxx_ll_rcc.h **** }
2768:Drivers/STM32WBxx_HAL_Driver/Inc/stm32wbxx_ll_rcc.h **** #endif /* SAI1 */
ARM GAS  /var/folders/98/ctz5mtps7w71v8dr53cf5qg40000gn/T//ccdzqVkO.s 			page 91


2769:Drivers/STM32WBxx_HAL_Driver/Inc/stm32wbxx_ll_rcc.h **** 
2770:Drivers/STM32WBxx_HAL_Driver/Inc/stm32wbxx_ll_rcc.h **** /**
2771:Drivers/STM32WBxx_HAL_Driver/Inc/stm32wbxx_ll_rcc.h ****   * @brief  Get RNGx clock source
2772:Drivers/STM32WBxx_HAL_Driver/Inc/stm32wbxx_ll_rcc.h ****   * @rmtoll CCIPR        RNGSEL      LL_RCC_GetRNGClockSource
2773:Drivers/STM32WBxx_HAL_Driver/Inc/stm32wbxx_ll_rcc.h ****   * @param  RNGx This parameter can be one of the following values:
2774:Drivers/STM32WBxx_HAL_Driver/Inc/stm32wbxx_ll_rcc.h ****   *         @arg @ref LL_RCC_RNG_CLKSOURCE
2775:Drivers/STM32WBxx_HAL_Driver/Inc/stm32wbxx_ll_rcc.h ****   * @retval Returned value can be one of the following values:
2776:Drivers/STM32WBxx_HAL_Driver/Inc/stm32wbxx_ll_rcc.h ****   *         @arg @ref LL_RCC_RNG_CLKSOURCE_CLK48
2777:Drivers/STM32WBxx_HAL_Driver/Inc/stm32wbxx_ll_rcc.h ****   *         @arg @ref LL_RCC_RNG_CLKSOURCE_LSI
2778:Drivers/STM32WBxx_HAL_Driver/Inc/stm32wbxx_ll_rcc.h ****   *         @arg @ref LL_RCC_RNG_CLKSOURCE_LSE
2779:Drivers/STM32WBxx_HAL_Driver/Inc/stm32wbxx_ll_rcc.h ****   */
2780:Drivers/STM32WBxx_HAL_Driver/Inc/stm32wbxx_ll_rcc.h **** __STATIC_INLINE uint32_t LL_RCC_GetRNGClockSource(uint32_t RNGx)
2781:Drivers/STM32WBxx_HAL_Driver/Inc/stm32wbxx_ll_rcc.h **** {
2782:Drivers/STM32WBxx_HAL_Driver/Inc/stm32wbxx_ll_rcc.h ****   return (uint32_t)(READ_BIT(RCC->CCIPR, RNGx));
2783:Drivers/STM32WBxx_HAL_Driver/Inc/stm32wbxx_ll_rcc.h **** }
2784:Drivers/STM32WBxx_HAL_Driver/Inc/stm32wbxx_ll_rcc.h **** 
2785:Drivers/STM32WBxx_HAL_Driver/Inc/stm32wbxx_ll_rcc.h **** /**
2786:Drivers/STM32WBxx_HAL_Driver/Inc/stm32wbxx_ll_rcc.h ****   * @brief  Get CLK48x clock source
2787:Drivers/STM32WBxx_HAL_Driver/Inc/stm32wbxx_ll_rcc.h ****   * @rmtoll CCIPR        CLK48SEL      LL_RCC_GetCLK48ClockSource
2788:Drivers/STM32WBxx_HAL_Driver/Inc/stm32wbxx_ll_rcc.h ****   * @param  CLK48x This parameter can be one of the following values:
2789:Drivers/STM32WBxx_HAL_Driver/Inc/stm32wbxx_ll_rcc.h ****   *         @arg @ref LL_RCC_CLK48_CLKSOURCE
2790:Drivers/STM32WBxx_HAL_Driver/Inc/stm32wbxx_ll_rcc.h ****   * @retval Returned value can be one of the following values:
2791:Drivers/STM32WBxx_HAL_Driver/Inc/stm32wbxx_ll_rcc.h ****   *         @arg @ref LL_RCC_CLK48_CLKSOURCE_HSI48 (*)
2792:Drivers/STM32WBxx_HAL_Driver/Inc/stm32wbxx_ll_rcc.h ****   *         @arg @ref LL_RCC_CLK48_CLKSOURCE_PLLSAI1 (*)
2793:Drivers/STM32WBxx_HAL_Driver/Inc/stm32wbxx_ll_rcc.h ****   *         @arg @ref LL_RCC_CLK48_CLKSOURCE_PLL
2794:Drivers/STM32WBxx_HAL_Driver/Inc/stm32wbxx_ll_rcc.h ****   *         @arg @ref LL_RCC_CLK48_CLKSOURCE_MSI
2795:Drivers/STM32WBxx_HAL_Driver/Inc/stm32wbxx_ll_rcc.h ****   * @note   (*) Value not defined for all devices
2796:Drivers/STM32WBxx_HAL_Driver/Inc/stm32wbxx_ll_rcc.h ****   */
2797:Drivers/STM32WBxx_HAL_Driver/Inc/stm32wbxx_ll_rcc.h **** __STATIC_INLINE uint32_t LL_RCC_GetCLK48ClockSource(uint32_t CLK48x)
2798:Drivers/STM32WBxx_HAL_Driver/Inc/stm32wbxx_ll_rcc.h **** {
2799:Drivers/STM32WBxx_HAL_Driver/Inc/stm32wbxx_ll_rcc.h ****   return (uint32_t)(READ_BIT(RCC->CCIPR, CLK48x));
2800:Drivers/STM32WBxx_HAL_Driver/Inc/stm32wbxx_ll_rcc.h **** }
2801:Drivers/STM32WBxx_HAL_Driver/Inc/stm32wbxx_ll_rcc.h **** 
2802:Drivers/STM32WBxx_HAL_Driver/Inc/stm32wbxx_ll_rcc.h **** #if defined(USB)
2803:Drivers/STM32WBxx_HAL_Driver/Inc/stm32wbxx_ll_rcc.h **** /**
2804:Drivers/STM32WBxx_HAL_Driver/Inc/stm32wbxx_ll_rcc.h ****   * @brief  Get USBx clock source
2805:Drivers/STM32WBxx_HAL_Driver/Inc/stm32wbxx_ll_rcc.h ****   * @rmtoll CCIPR        CLK48SEL      LL_RCC_GetUSBClockSource
2806:Drivers/STM32WBxx_HAL_Driver/Inc/stm32wbxx_ll_rcc.h ****   * @param  USBx This parameter can be one of the following values:
2807:Drivers/STM32WBxx_HAL_Driver/Inc/stm32wbxx_ll_rcc.h ****   *         @arg @ref LL_RCC_USB_CLKSOURCE
2808:Drivers/STM32WBxx_HAL_Driver/Inc/stm32wbxx_ll_rcc.h ****   * @retval Returned value can be one of the following values:
2809:Drivers/STM32WBxx_HAL_Driver/Inc/stm32wbxx_ll_rcc.h ****   *         @arg @ref LL_RCC_USB_CLKSOURCE_HSI48
2810:Drivers/STM32WBxx_HAL_Driver/Inc/stm32wbxx_ll_rcc.h ****   *         @arg @ref LL_RCC_USB_CLKSOURCE_PLLSAI1
2811:Drivers/STM32WBxx_HAL_Driver/Inc/stm32wbxx_ll_rcc.h ****   *         @arg @ref LL_RCC_USB_CLKSOURCE_PLL
2812:Drivers/STM32WBxx_HAL_Driver/Inc/stm32wbxx_ll_rcc.h ****   *         @arg @ref LL_RCC_USB_CLKSOURCE_MSI
2813:Drivers/STM32WBxx_HAL_Driver/Inc/stm32wbxx_ll_rcc.h ****   */
2814:Drivers/STM32WBxx_HAL_Driver/Inc/stm32wbxx_ll_rcc.h **** __STATIC_INLINE uint32_t LL_RCC_GetUSBClockSource(uint32_t USBx)
2815:Drivers/STM32WBxx_HAL_Driver/Inc/stm32wbxx_ll_rcc.h **** {
2816:Drivers/STM32WBxx_HAL_Driver/Inc/stm32wbxx_ll_rcc.h ****   return LL_RCC_GetCLK48ClockSource(USBx);
2817:Drivers/STM32WBxx_HAL_Driver/Inc/stm32wbxx_ll_rcc.h **** }
2818:Drivers/STM32WBxx_HAL_Driver/Inc/stm32wbxx_ll_rcc.h **** #endif /* USB */
2819:Drivers/STM32WBxx_HAL_Driver/Inc/stm32wbxx_ll_rcc.h **** 
2820:Drivers/STM32WBxx_HAL_Driver/Inc/stm32wbxx_ll_rcc.h **** /**
2821:Drivers/STM32WBxx_HAL_Driver/Inc/stm32wbxx_ll_rcc.h ****   * @brief  Get ADCx clock source
2822:Drivers/STM32WBxx_HAL_Driver/Inc/stm32wbxx_ll_rcc.h ****   * @rmtoll CCIPR        ADCSEL        LL_RCC_GetADCClockSource
2823:Drivers/STM32WBxx_HAL_Driver/Inc/stm32wbxx_ll_rcc.h ****   * @param  ADCx This parameter can be one of the following values:
2824:Drivers/STM32WBxx_HAL_Driver/Inc/stm32wbxx_ll_rcc.h ****   *         @arg @ref LL_RCC_ADC_CLKSOURCE
2825:Drivers/STM32WBxx_HAL_Driver/Inc/stm32wbxx_ll_rcc.h ****   * @retval Returned value can be one of the following values:
ARM GAS  /var/folders/98/ctz5mtps7w71v8dr53cf5qg40000gn/T//ccdzqVkO.s 			page 92


2826:Drivers/STM32WBxx_HAL_Driver/Inc/stm32wbxx_ll_rcc.h ****   *         @arg @ref LL_RCC_ADC_CLKSOURCE_NONE
2827:Drivers/STM32WBxx_HAL_Driver/Inc/stm32wbxx_ll_rcc.h ****   *         @arg @ref LL_RCC_ADC_CLKSOURCE_PLLSAI1 (*)
2828:Drivers/STM32WBxx_HAL_Driver/Inc/stm32wbxx_ll_rcc.h ****   *         @arg @ref LL_RCC_ADC_CLKSOURCE_PLL
2829:Drivers/STM32WBxx_HAL_Driver/Inc/stm32wbxx_ll_rcc.h ****   *         @arg @ref LL_RCC_ADC_CLKSOURCE_SYSCLK
2830:Drivers/STM32WBxx_HAL_Driver/Inc/stm32wbxx_ll_rcc.h ****   *         @arg @ref LL_RCC_ADC_CLKSOURCE_HSI (*)
2831:Drivers/STM32WBxx_HAL_Driver/Inc/stm32wbxx_ll_rcc.h ****   * @note   (*) Value not defined for all devices
2832:Drivers/STM32WBxx_HAL_Driver/Inc/stm32wbxx_ll_rcc.h ****   */
2833:Drivers/STM32WBxx_HAL_Driver/Inc/stm32wbxx_ll_rcc.h **** __STATIC_INLINE uint32_t LL_RCC_GetADCClockSource(uint32_t ADCx)
2834:Drivers/STM32WBxx_HAL_Driver/Inc/stm32wbxx_ll_rcc.h **** {
2835:Drivers/STM32WBxx_HAL_Driver/Inc/stm32wbxx_ll_rcc.h ****   return (uint32_t)(READ_BIT(RCC->CCIPR, ADCx));
2836:Drivers/STM32WBxx_HAL_Driver/Inc/stm32wbxx_ll_rcc.h **** }
2837:Drivers/STM32WBxx_HAL_Driver/Inc/stm32wbxx_ll_rcc.h **** 
2838:Drivers/STM32WBxx_HAL_Driver/Inc/stm32wbxx_ll_rcc.h **** /**
2839:Drivers/STM32WBxx_HAL_Driver/Inc/stm32wbxx_ll_rcc.h ****   * @}
2840:Drivers/STM32WBxx_HAL_Driver/Inc/stm32wbxx_ll_rcc.h ****   */
2841:Drivers/STM32WBxx_HAL_Driver/Inc/stm32wbxx_ll_rcc.h **** 
2842:Drivers/STM32WBxx_HAL_Driver/Inc/stm32wbxx_ll_rcc.h **** /** @defgroup RCC_LL_EF_RTC RTC
2843:Drivers/STM32WBxx_HAL_Driver/Inc/stm32wbxx_ll_rcc.h ****   * @{
2844:Drivers/STM32WBxx_HAL_Driver/Inc/stm32wbxx_ll_rcc.h ****   */
2845:Drivers/STM32WBxx_HAL_Driver/Inc/stm32wbxx_ll_rcc.h **** 
2846:Drivers/STM32WBxx_HAL_Driver/Inc/stm32wbxx_ll_rcc.h **** /**
2847:Drivers/STM32WBxx_HAL_Driver/Inc/stm32wbxx_ll_rcc.h ****   * @brief  Set RTC Clock Source
2848:Drivers/STM32WBxx_HAL_Driver/Inc/stm32wbxx_ll_rcc.h ****   * @note Once the RTC clock source has been selected, it cannot be changed anymore unless
2849:Drivers/STM32WBxx_HAL_Driver/Inc/stm32wbxx_ll_rcc.h ****   *       the Backup domain is reset, or unless a failure is detected on LSE (LSECSSD is
2850:Drivers/STM32WBxx_HAL_Driver/Inc/stm32wbxx_ll_rcc.h ****   *       set). The BDRST bit can be used to reset them.
2851:Drivers/STM32WBxx_HAL_Driver/Inc/stm32wbxx_ll_rcc.h ****   * @rmtoll BDCR         RTCSEL        LL_RCC_SetRTCClockSource
2852:Drivers/STM32WBxx_HAL_Driver/Inc/stm32wbxx_ll_rcc.h ****   * @param  Source This parameter can be one of the following values:
2853:Drivers/STM32WBxx_HAL_Driver/Inc/stm32wbxx_ll_rcc.h ****   *         @arg @ref LL_RCC_RTC_CLKSOURCE_NONE
2854:Drivers/STM32WBxx_HAL_Driver/Inc/stm32wbxx_ll_rcc.h ****   *         @arg @ref LL_RCC_RTC_CLKSOURCE_LSE
2855:Drivers/STM32WBxx_HAL_Driver/Inc/stm32wbxx_ll_rcc.h ****   *         @arg @ref LL_RCC_RTC_CLKSOURCE_LSI
2856:Drivers/STM32WBxx_HAL_Driver/Inc/stm32wbxx_ll_rcc.h ****   *         @arg @ref LL_RCC_RTC_CLKSOURCE_HSE_DIV32
2857:Drivers/STM32WBxx_HAL_Driver/Inc/stm32wbxx_ll_rcc.h ****   * @retval None
2858:Drivers/STM32WBxx_HAL_Driver/Inc/stm32wbxx_ll_rcc.h ****   */
2859:Drivers/STM32WBxx_HAL_Driver/Inc/stm32wbxx_ll_rcc.h **** __STATIC_INLINE void LL_RCC_SetRTCClockSource(uint32_t Source)
2860:Drivers/STM32WBxx_HAL_Driver/Inc/stm32wbxx_ll_rcc.h **** {
2861:Drivers/STM32WBxx_HAL_Driver/Inc/stm32wbxx_ll_rcc.h ****   MODIFY_REG(RCC->BDCR, RCC_BDCR_RTCSEL, Source);
2862:Drivers/STM32WBxx_HAL_Driver/Inc/stm32wbxx_ll_rcc.h **** }
2863:Drivers/STM32WBxx_HAL_Driver/Inc/stm32wbxx_ll_rcc.h **** 
2864:Drivers/STM32WBxx_HAL_Driver/Inc/stm32wbxx_ll_rcc.h **** /**
2865:Drivers/STM32WBxx_HAL_Driver/Inc/stm32wbxx_ll_rcc.h ****   * @brief  Get RTC Clock Source
2866:Drivers/STM32WBxx_HAL_Driver/Inc/stm32wbxx_ll_rcc.h ****   * @rmtoll BDCR         RTCSEL        LL_RCC_GetRTCClockSource
2867:Drivers/STM32WBxx_HAL_Driver/Inc/stm32wbxx_ll_rcc.h ****   * @retval Returned value can be one of the following values:
2868:Drivers/STM32WBxx_HAL_Driver/Inc/stm32wbxx_ll_rcc.h ****   *         @arg @ref LL_RCC_RTC_CLKSOURCE_NONE
2869:Drivers/STM32WBxx_HAL_Driver/Inc/stm32wbxx_ll_rcc.h ****   *         @arg @ref LL_RCC_RTC_CLKSOURCE_LSE
2870:Drivers/STM32WBxx_HAL_Driver/Inc/stm32wbxx_ll_rcc.h ****   *         @arg @ref LL_RCC_RTC_CLKSOURCE_LSI
2871:Drivers/STM32WBxx_HAL_Driver/Inc/stm32wbxx_ll_rcc.h ****   *         @arg @ref LL_RCC_RTC_CLKSOURCE_HSE_DIV32
2872:Drivers/STM32WBxx_HAL_Driver/Inc/stm32wbxx_ll_rcc.h ****   */
2873:Drivers/STM32WBxx_HAL_Driver/Inc/stm32wbxx_ll_rcc.h **** __STATIC_INLINE uint32_t LL_RCC_GetRTCClockSource(void)
2874:Drivers/STM32WBxx_HAL_Driver/Inc/stm32wbxx_ll_rcc.h **** {
2875:Drivers/STM32WBxx_HAL_Driver/Inc/stm32wbxx_ll_rcc.h ****   return (uint32_t)(READ_BIT(RCC->BDCR, RCC_BDCR_RTCSEL));
2876:Drivers/STM32WBxx_HAL_Driver/Inc/stm32wbxx_ll_rcc.h **** }
2877:Drivers/STM32WBxx_HAL_Driver/Inc/stm32wbxx_ll_rcc.h **** 
2878:Drivers/STM32WBxx_HAL_Driver/Inc/stm32wbxx_ll_rcc.h **** /**
2879:Drivers/STM32WBxx_HAL_Driver/Inc/stm32wbxx_ll_rcc.h ****   * @brief  Enable RTC
2880:Drivers/STM32WBxx_HAL_Driver/Inc/stm32wbxx_ll_rcc.h ****   * @rmtoll BDCR         RTCEN         LL_RCC_EnableRTC
2881:Drivers/STM32WBxx_HAL_Driver/Inc/stm32wbxx_ll_rcc.h ****   * @retval None
2882:Drivers/STM32WBxx_HAL_Driver/Inc/stm32wbxx_ll_rcc.h ****   */
ARM GAS  /var/folders/98/ctz5mtps7w71v8dr53cf5qg40000gn/T//ccdzqVkO.s 			page 93


2883:Drivers/STM32WBxx_HAL_Driver/Inc/stm32wbxx_ll_rcc.h **** __STATIC_INLINE void LL_RCC_EnableRTC(void)
2884:Drivers/STM32WBxx_HAL_Driver/Inc/stm32wbxx_ll_rcc.h **** {
2885:Drivers/STM32WBxx_HAL_Driver/Inc/stm32wbxx_ll_rcc.h ****   SET_BIT(RCC->BDCR, RCC_BDCR_RTCEN);
2886:Drivers/STM32WBxx_HAL_Driver/Inc/stm32wbxx_ll_rcc.h **** }
2887:Drivers/STM32WBxx_HAL_Driver/Inc/stm32wbxx_ll_rcc.h **** 
2888:Drivers/STM32WBxx_HAL_Driver/Inc/stm32wbxx_ll_rcc.h **** /**
2889:Drivers/STM32WBxx_HAL_Driver/Inc/stm32wbxx_ll_rcc.h ****   * @brief  Disable RTC
2890:Drivers/STM32WBxx_HAL_Driver/Inc/stm32wbxx_ll_rcc.h ****   * @rmtoll BDCR         RTCEN         LL_RCC_DisableRTC
2891:Drivers/STM32WBxx_HAL_Driver/Inc/stm32wbxx_ll_rcc.h ****   * @retval None
2892:Drivers/STM32WBxx_HAL_Driver/Inc/stm32wbxx_ll_rcc.h ****   */
2893:Drivers/STM32WBxx_HAL_Driver/Inc/stm32wbxx_ll_rcc.h **** __STATIC_INLINE void LL_RCC_DisableRTC(void)
2894:Drivers/STM32WBxx_HAL_Driver/Inc/stm32wbxx_ll_rcc.h **** {
2895:Drivers/STM32WBxx_HAL_Driver/Inc/stm32wbxx_ll_rcc.h ****   CLEAR_BIT(RCC->BDCR, RCC_BDCR_RTCEN);
2896:Drivers/STM32WBxx_HAL_Driver/Inc/stm32wbxx_ll_rcc.h **** }
2897:Drivers/STM32WBxx_HAL_Driver/Inc/stm32wbxx_ll_rcc.h **** 
2898:Drivers/STM32WBxx_HAL_Driver/Inc/stm32wbxx_ll_rcc.h **** /**
2899:Drivers/STM32WBxx_HAL_Driver/Inc/stm32wbxx_ll_rcc.h ****   * @brief  Check if RTC has been enabled or not
2900:Drivers/STM32WBxx_HAL_Driver/Inc/stm32wbxx_ll_rcc.h ****   * @rmtoll BDCR         RTCEN         LL_RCC_IsEnabledRTC
2901:Drivers/STM32WBxx_HAL_Driver/Inc/stm32wbxx_ll_rcc.h ****   * @retval State of bit (1 or 0).
2902:Drivers/STM32WBxx_HAL_Driver/Inc/stm32wbxx_ll_rcc.h ****   */
2903:Drivers/STM32WBxx_HAL_Driver/Inc/stm32wbxx_ll_rcc.h **** __STATIC_INLINE uint32_t LL_RCC_IsEnabledRTC(void)
2904:Drivers/STM32WBxx_HAL_Driver/Inc/stm32wbxx_ll_rcc.h **** {
2905:Drivers/STM32WBxx_HAL_Driver/Inc/stm32wbxx_ll_rcc.h ****   return ((READ_BIT(RCC->BDCR, RCC_BDCR_RTCEN) == (RCC_BDCR_RTCEN)) ? 1UL : 0UL);
2906:Drivers/STM32WBxx_HAL_Driver/Inc/stm32wbxx_ll_rcc.h **** }
2907:Drivers/STM32WBxx_HAL_Driver/Inc/stm32wbxx_ll_rcc.h **** 
2908:Drivers/STM32WBxx_HAL_Driver/Inc/stm32wbxx_ll_rcc.h **** /**
2909:Drivers/STM32WBxx_HAL_Driver/Inc/stm32wbxx_ll_rcc.h ****   * @brief  Force the Backup domain reset
2910:Drivers/STM32WBxx_HAL_Driver/Inc/stm32wbxx_ll_rcc.h ****   * @rmtoll BDCR         BDRST         LL_RCC_ForceBackupDomainReset
2911:Drivers/STM32WBxx_HAL_Driver/Inc/stm32wbxx_ll_rcc.h ****   * @retval None
2912:Drivers/STM32WBxx_HAL_Driver/Inc/stm32wbxx_ll_rcc.h ****   */
2913:Drivers/STM32WBxx_HAL_Driver/Inc/stm32wbxx_ll_rcc.h **** __STATIC_INLINE void LL_RCC_ForceBackupDomainReset(void)
2914:Drivers/STM32WBxx_HAL_Driver/Inc/stm32wbxx_ll_rcc.h **** {
2915:Drivers/STM32WBxx_HAL_Driver/Inc/stm32wbxx_ll_rcc.h ****   SET_BIT(RCC->BDCR, RCC_BDCR_BDRST);
2916:Drivers/STM32WBxx_HAL_Driver/Inc/stm32wbxx_ll_rcc.h **** }
2917:Drivers/STM32WBxx_HAL_Driver/Inc/stm32wbxx_ll_rcc.h **** 
2918:Drivers/STM32WBxx_HAL_Driver/Inc/stm32wbxx_ll_rcc.h **** /**
2919:Drivers/STM32WBxx_HAL_Driver/Inc/stm32wbxx_ll_rcc.h ****   * @brief  Release the Backup domain reset
2920:Drivers/STM32WBxx_HAL_Driver/Inc/stm32wbxx_ll_rcc.h ****   * @rmtoll BDCR         BDRST         LL_RCC_ReleaseBackupDomainReset
2921:Drivers/STM32WBxx_HAL_Driver/Inc/stm32wbxx_ll_rcc.h ****   * @retval None
2922:Drivers/STM32WBxx_HAL_Driver/Inc/stm32wbxx_ll_rcc.h ****   */
2923:Drivers/STM32WBxx_HAL_Driver/Inc/stm32wbxx_ll_rcc.h **** __STATIC_INLINE void LL_RCC_ReleaseBackupDomainReset(void)
2924:Drivers/STM32WBxx_HAL_Driver/Inc/stm32wbxx_ll_rcc.h **** {
2925:Drivers/STM32WBxx_HAL_Driver/Inc/stm32wbxx_ll_rcc.h ****   CLEAR_BIT(RCC->BDCR, RCC_BDCR_BDRST);
2926:Drivers/STM32WBxx_HAL_Driver/Inc/stm32wbxx_ll_rcc.h **** }
2927:Drivers/STM32WBxx_HAL_Driver/Inc/stm32wbxx_ll_rcc.h **** 
2928:Drivers/STM32WBxx_HAL_Driver/Inc/stm32wbxx_ll_rcc.h **** /**
2929:Drivers/STM32WBxx_HAL_Driver/Inc/stm32wbxx_ll_rcc.h ****   * @}
2930:Drivers/STM32WBxx_HAL_Driver/Inc/stm32wbxx_ll_rcc.h ****   */
2931:Drivers/STM32WBxx_HAL_Driver/Inc/stm32wbxx_ll_rcc.h **** 
2932:Drivers/STM32WBxx_HAL_Driver/Inc/stm32wbxx_ll_rcc.h **** 
2933:Drivers/STM32WBxx_HAL_Driver/Inc/stm32wbxx_ll_rcc.h **** /** @defgroup RCC_LL_EF_PLL PLL
2934:Drivers/STM32WBxx_HAL_Driver/Inc/stm32wbxx_ll_rcc.h ****   * @{
2935:Drivers/STM32WBxx_HAL_Driver/Inc/stm32wbxx_ll_rcc.h ****   */
2936:Drivers/STM32WBxx_HAL_Driver/Inc/stm32wbxx_ll_rcc.h **** 
2937:Drivers/STM32WBxx_HAL_Driver/Inc/stm32wbxx_ll_rcc.h **** /**
2938:Drivers/STM32WBxx_HAL_Driver/Inc/stm32wbxx_ll_rcc.h ****   * @brief  Enable PLL
2939:Drivers/STM32WBxx_HAL_Driver/Inc/stm32wbxx_ll_rcc.h ****   * @rmtoll CR           PLLON         LL_RCC_PLL_Enable
ARM GAS  /var/folders/98/ctz5mtps7w71v8dr53cf5qg40000gn/T//ccdzqVkO.s 			page 94


2940:Drivers/STM32WBxx_HAL_Driver/Inc/stm32wbxx_ll_rcc.h ****   * @retval None
2941:Drivers/STM32WBxx_HAL_Driver/Inc/stm32wbxx_ll_rcc.h ****   */
2942:Drivers/STM32WBxx_HAL_Driver/Inc/stm32wbxx_ll_rcc.h **** __STATIC_INLINE void LL_RCC_PLL_Enable(void)
2943:Drivers/STM32WBxx_HAL_Driver/Inc/stm32wbxx_ll_rcc.h **** {
2944:Drivers/STM32WBxx_HAL_Driver/Inc/stm32wbxx_ll_rcc.h ****   SET_BIT(RCC->CR, RCC_CR_PLLON);
2945:Drivers/STM32WBxx_HAL_Driver/Inc/stm32wbxx_ll_rcc.h **** }
2946:Drivers/STM32WBxx_HAL_Driver/Inc/stm32wbxx_ll_rcc.h **** 
2947:Drivers/STM32WBxx_HAL_Driver/Inc/stm32wbxx_ll_rcc.h **** /**
2948:Drivers/STM32WBxx_HAL_Driver/Inc/stm32wbxx_ll_rcc.h ****   * @brief  Disable PLL
2949:Drivers/STM32WBxx_HAL_Driver/Inc/stm32wbxx_ll_rcc.h ****   * @note Cannot be disabled if the PLL clock is used as the system clock
2950:Drivers/STM32WBxx_HAL_Driver/Inc/stm32wbxx_ll_rcc.h ****   * @rmtoll CR           PLLON         LL_RCC_PLL_Disable
2951:Drivers/STM32WBxx_HAL_Driver/Inc/stm32wbxx_ll_rcc.h ****   * @retval None
2952:Drivers/STM32WBxx_HAL_Driver/Inc/stm32wbxx_ll_rcc.h ****   */
2953:Drivers/STM32WBxx_HAL_Driver/Inc/stm32wbxx_ll_rcc.h **** __STATIC_INLINE void LL_RCC_PLL_Disable(void)
2954:Drivers/STM32WBxx_HAL_Driver/Inc/stm32wbxx_ll_rcc.h **** {
2955:Drivers/STM32WBxx_HAL_Driver/Inc/stm32wbxx_ll_rcc.h ****   CLEAR_BIT(RCC->CR, RCC_CR_PLLON);
2956:Drivers/STM32WBxx_HAL_Driver/Inc/stm32wbxx_ll_rcc.h **** }
2957:Drivers/STM32WBxx_HAL_Driver/Inc/stm32wbxx_ll_rcc.h **** 
2958:Drivers/STM32WBxx_HAL_Driver/Inc/stm32wbxx_ll_rcc.h **** /**
2959:Drivers/STM32WBxx_HAL_Driver/Inc/stm32wbxx_ll_rcc.h ****   * @brief  Check if PLL Ready
2960:Drivers/STM32WBxx_HAL_Driver/Inc/stm32wbxx_ll_rcc.h ****   * @rmtoll CR           PLLRDY        LL_RCC_PLL_IsReady
2961:Drivers/STM32WBxx_HAL_Driver/Inc/stm32wbxx_ll_rcc.h ****   * @retval State of bit (1 or 0).
2962:Drivers/STM32WBxx_HAL_Driver/Inc/stm32wbxx_ll_rcc.h ****   */
2963:Drivers/STM32WBxx_HAL_Driver/Inc/stm32wbxx_ll_rcc.h **** __STATIC_INLINE uint32_t LL_RCC_PLL_IsReady(void)
 472              		.loc 2 2963 26 view .LVU129
 473              	.LBB240:
2964:Drivers/STM32WBxx_HAL_Driver/Inc/stm32wbxx_ll_rcc.h **** {
2965:Drivers/STM32WBxx_HAL_Driver/Inc/stm32wbxx_ll_rcc.h ****   return ((READ_BIT(RCC->CR, RCC_CR_PLLRDY) == (RCC_CR_PLLRDY)) ? 1UL : 0UL);
 474              		.loc 2 2965 3 view .LVU130
 475              		.loc 2 2965 12 is_stmt 0 view .LVU131
 476 0094 4FF0B043 		mov	r3, #1476395008
 477 0098 1B68     		ldr	r3, [r3]
 478              		.loc 2 2965 71 view .LVU132
 479 009a 13F0007F 		tst	r3, #33554432
 480 009e 24D1     		bne	.L33
 481              	.LBE240:
 482              	.LBE239:
 333:Drivers/STM32WBxx_HAL_Driver/Src/stm32wbxx_hal_rcc.c **** 
 483              		.loc 1 333 3 is_stmt 1 view .LVU133
 484 00a0 4FF0B043 		mov	r3, #1476395008
 485 00a4 194A     		ldr	r2, .L42+4
 486 00a6 DA60     		str	r2, [r3, #12]
 337:Drivers/STM32WBxx_HAL_Driver/Src/stm32wbxx_hal_rcc.c **** 
 487              		.loc 1 337 3 view .LVU134
 337:Drivers/STM32WBxx_HAL_Driver/Src/stm32wbxx_hal_rcc.c **** 
 488              		.loc 1 337 15 is_stmt 0 view .LVU135
 489 00a8 FFF7FEFF 		bl	HAL_GetTick
 490              	.LVL43:
 491 00ac 0446     		mov	r4, r0
 492              	.LVL44:
 340:Drivers/STM32WBxx_HAL_Driver/Src/stm32wbxx_hal_rcc.c ****   {
 493              		.loc 1 340 3 is_stmt 1 view .LVU136
 494              	.L34:
 340:Drivers/STM32WBxx_HAL_Driver/Src/stm32wbxx_hal_rcc.c ****   {
 495              		.loc 1 340 35 view .LVU137
 496              	.LBB241:
 497              	.LBI241:
ARM GAS  /var/folders/98/ctz5mtps7w71v8dr53cf5qg40000gn/T//ccdzqVkO.s 			page 95


2966:Drivers/STM32WBxx_HAL_Driver/Inc/stm32wbxx_ll_rcc.h **** }
2967:Drivers/STM32WBxx_HAL_Driver/Inc/stm32wbxx_ll_rcc.h **** 
2968:Drivers/STM32WBxx_HAL_Driver/Inc/stm32wbxx_ll_rcc.h **** /**
2969:Drivers/STM32WBxx_HAL_Driver/Inc/stm32wbxx_ll_rcc.h ****   * @brief  Configure PLL used for SYSCLK Domain
2970:Drivers/STM32WBxx_HAL_Driver/Inc/stm32wbxx_ll_rcc.h ****   * @note PLL Source and PLLM Divider can be written only when PLL is disabled
2971:Drivers/STM32WBxx_HAL_Driver/Inc/stm32wbxx_ll_rcc.h ****   *       PLLSAI1 are disabled
2972:Drivers/STM32WBxx_HAL_Driver/Inc/stm32wbxx_ll_rcc.h ****   * @note PLLN/PLLR can be written only when PLL is disabled
2973:Drivers/STM32WBxx_HAL_Driver/Inc/stm32wbxx_ll_rcc.h ****   * @rmtoll PLLCFGR      PLLSRC        LL_RCC_PLL_ConfigDomain_SYS\n
2974:Drivers/STM32WBxx_HAL_Driver/Inc/stm32wbxx_ll_rcc.h ****   *         PLLCFGR      PLLM          LL_RCC_PLL_ConfigDomain_SYS\n
2975:Drivers/STM32WBxx_HAL_Driver/Inc/stm32wbxx_ll_rcc.h ****   *         PLLCFGR      PLLN          LL_RCC_PLL_ConfigDomain_SYS\n
2976:Drivers/STM32WBxx_HAL_Driver/Inc/stm32wbxx_ll_rcc.h ****   *         PLLCFGR      PLLR          LL_RCC_PLL_ConfigDomain_SYS
2977:Drivers/STM32WBxx_HAL_Driver/Inc/stm32wbxx_ll_rcc.h ****   * @param  Source This parameter can be one of the following values:
2978:Drivers/STM32WBxx_HAL_Driver/Inc/stm32wbxx_ll_rcc.h ****   *         @arg @ref LL_RCC_PLLSOURCE_NONE
2979:Drivers/STM32WBxx_HAL_Driver/Inc/stm32wbxx_ll_rcc.h ****   *         @arg @ref LL_RCC_PLLSOURCE_MSI
2980:Drivers/STM32WBxx_HAL_Driver/Inc/stm32wbxx_ll_rcc.h ****   *         @arg @ref LL_RCC_PLLSOURCE_HSI
2981:Drivers/STM32WBxx_HAL_Driver/Inc/stm32wbxx_ll_rcc.h ****   *         @arg @ref LL_RCC_PLLSOURCE_HSE
2982:Drivers/STM32WBxx_HAL_Driver/Inc/stm32wbxx_ll_rcc.h ****   * @param  PLLM This parameter can be one of the following values:
2983:Drivers/STM32WBxx_HAL_Driver/Inc/stm32wbxx_ll_rcc.h ****   *         @arg @ref LL_RCC_PLLM_DIV_1
2984:Drivers/STM32WBxx_HAL_Driver/Inc/stm32wbxx_ll_rcc.h ****   *         @arg @ref LL_RCC_PLLM_DIV_2
2985:Drivers/STM32WBxx_HAL_Driver/Inc/stm32wbxx_ll_rcc.h ****   *         @arg @ref LL_RCC_PLLM_DIV_3
2986:Drivers/STM32WBxx_HAL_Driver/Inc/stm32wbxx_ll_rcc.h ****   *         @arg @ref LL_RCC_PLLM_DIV_4
2987:Drivers/STM32WBxx_HAL_Driver/Inc/stm32wbxx_ll_rcc.h ****   *         @arg @ref LL_RCC_PLLM_DIV_5
2988:Drivers/STM32WBxx_HAL_Driver/Inc/stm32wbxx_ll_rcc.h ****   *         @arg @ref LL_RCC_PLLM_DIV_6
2989:Drivers/STM32WBxx_HAL_Driver/Inc/stm32wbxx_ll_rcc.h ****   *         @arg @ref LL_RCC_PLLM_DIV_7
2990:Drivers/STM32WBxx_HAL_Driver/Inc/stm32wbxx_ll_rcc.h ****   *         @arg @ref LL_RCC_PLLM_DIV_8
2991:Drivers/STM32WBxx_HAL_Driver/Inc/stm32wbxx_ll_rcc.h ****   * @param  PLLN Between 6 and 127
2992:Drivers/STM32WBxx_HAL_Driver/Inc/stm32wbxx_ll_rcc.h ****   * @param  PLLR This parameter can be one of the following values:
2993:Drivers/STM32WBxx_HAL_Driver/Inc/stm32wbxx_ll_rcc.h ****   *         @arg @ref LL_RCC_PLLR_DIV_2
2994:Drivers/STM32WBxx_HAL_Driver/Inc/stm32wbxx_ll_rcc.h ****   *         @arg @ref LL_RCC_PLLR_DIV_4
2995:Drivers/STM32WBxx_HAL_Driver/Inc/stm32wbxx_ll_rcc.h ****   *         @arg @ref LL_RCC_PLLR_DIV_6
2996:Drivers/STM32WBxx_HAL_Driver/Inc/stm32wbxx_ll_rcc.h ****   *         @arg @ref LL_RCC_PLLR_DIV_8
2997:Drivers/STM32WBxx_HAL_Driver/Inc/stm32wbxx_ll_rcc.h ****   * @retval None
2998:Drivers/STM32WBxx_HAL_Driver/Inc/stm32wbxx_ll_rcc.h ****   */
2999:Drivers/STM32WBxx_HAL_Driver/Inc/stm32wbxx_ll_rcc.h **** __STATIC_INLINE void LL_RCC_PLL_ConfigDomain_SYS(uint32_t Source, uint32_t PLLM, uint32_t PLLN, uin
3000:Drivers/STM32WBxx_HAL_Driver/Inc/stm32wbxx_ll_rcc.h **** {
3001:Drivers/STM32WBxx_HAL_Driver/Inc/stm32wbxx_ll_rcc.h ****   MODIFY_REG(RCC->PLLCFGR, RCC_PLLCFGR_PLLSRC | RCC_PLLCFGR_PLLM | RCC_PLLCFGR_PLLN | RCC_PLLCFGR_P
3002:Drivers/STM32WBxx_HAL_Driver/Inc/stm32wbxx_ll_rcc.h ****              Source | PLLM | (PLLN << RCC_PLLCFGR_PLLN_Pos) | PLLR);
3003:Drivers/STM32WBxx_HAL_Driver/Inc/stm32wbxx_ll_rcc.h **** }
3004:Drivers/STM32WBxx_HAL_Driver/Inc/stm32wbxx_ll_rcc.h **** 
3005:Drivers/STM32WBxx_HAL_Driver/Inc/stm32wbxx_ll_rcc.h **** #if defined(SAI1)
3006:Drivers/STM32WBxx_HAL_Driver/Inc/stm32wbxx_ll_rcc.h **** /**
3007:Drivers/STM32WBxx_HAL_Driver/Inc/stm32wbxx_ll_rcc.h ****   * @brief  Configure PLL used for SAI domain clock
3008:Drivers/STM32WBxx_HAL_Driver/Inc/stm32wbxx_ll_rcc.h ****   * @note PLL Source and PLLM Divider can be written only when PLL is disabled
3009:Drivers/STM32WBxx_HAL_Driver/Inc/stm32wbxx_ll_rcc.h ****   *       PLLSAI1 are disabled
3010:Drivers/STM32WBxx_HAL_Driver/Inc/stm32wbxx_ll_rcc.h ****   * @note PLLN/PLLP can be written only when PLL is disabled
3011:Drivers/STM32WBxx_HAL_Driver/Inc/stm32wbxx_ll_rcc.h ****   * @rmtoll PLLCFGR      PLLSRC        LL_RCC_PLL_ConfigDomain_SAI\n
3012:Drivers/STM32WBxx_HAL_Driver/Inc/stm32wbxx_ll_rcc.h ****   *         PLLCFGR      PLLM          LL_RCC_PLL_ConfigDomain_SAI\n
3013:Drivers/STM32WBxx_HAL_Driver/Inc/stm32wbxx_ll_rcc.h ****   *         PLLCFGR      PLLN          LL_RCC_PLL_ConfigDomain_SAI\n
3014:Drivers/STM32WBxx_HAL_Driver/Inc/stm32wbxx_ll_rcc.h ****   *         PLLCFGR      PLLP          LL_RCC_PLL_ConfigDomain_SAI
3015:Drivers/STM32WBxx_HAL_Driver/Inc/stm32wbxx_ll_rcc.h ****   * @param  Source This parameter can be one of the following values:
3016:Drivers/STM32WBxx_HAL_Driver/Inc/stm32wbxx_ll_rcc.h ****   *         @arg @ref LL_RCC_PLLSOURCE_NONE
3017:Drivers/STM32WBxx_HAL_Driver/Inc/stm32wbxx_ll_rcc.h ****   *         @arg @ref LL_RCC_PLLSOURCE_MSI
3018:Drivers/STM32WBxx_HAL_Driver/Inc/stm32wbxx_ll_rcc.h ****   *         @arg @ref LL_RCC_PLLSOURCE_HSI
3019:Drivers/STM32WBxx_HAL_Driver/Inc/stm32wbxx_ll_rcc.h ****   *         @arg @ref LL_RCC_PLLSOURCE_HSE
3020:Drivers/STM32WBxx_HAL_Driver/Inc/stm32wbxx_ll_rcc.h ****   * @param  PLLM This parameter can be one of the following values:
3021:Drivers/STM32WBxx_HAL_Driver/Inc/stm32wbxx_ll_rcc.h ****   *         @arg @ref LL_RCC_PLLM_DIV_1
3022:Drivers/STM32WBxx_HAL_Driver/Inc/stm32wbxx_ll_rcc.h ****   *         @arg @ref LL_RCC_PLLM_DIV_2
ARM GAS  /var/folders/98/ctz5mtps7w71v8dr53cf5qg40000gn/T//ccdzqVkO.s 			page 96


3023:Drivers/STM32WBxx_HAL_Driver/Inc/stm32wbxx_ll_rcc.h ****   *         @arg @ref LL_RCC_PLLM_DIV_3
3024:Drivers/STM32WBxx_HAL_Driver/Inc/stm32wbxx_ll_rcc.h ****   *         @arg @ref LL_RCC_PLLM_DIV_4
3025:Drivers/STM32WBxx_HAL_Driver/Inc/stm32wbxx_ll_rcc.h ****   *         @arg @ref LL_RCC_PLLM_DIV_5
3026:Drivers/STM32WBxx_HAL_Driver/Inc/stm32wbxx_ll_rcc.h ****   *         @arg @ref LL_RCC_PLLM_DIV_6
3027:Drivers/STM32WBxx_HAL_Driver/Inc/stm32wbxx_ll_rcc.h ****   *         @arg @ref LL_RCC_PLLM_DIV_7
3028:Drivers/STM32WBxx_HAL_Driver/Inc/stm32wbxx_ll_rcc.h ****   *         @arg @ref LL_RCC_PLLM_DIV_8
3029:Drivers/STM32WBxx_HAL_Driver/Inc/stm32wbxx_ll_rcc.h ****   * @param  PLLN Between 6 and 127
3030:Drivers/STM32WBxx_HAL_Driver/Inc/stm32wbxx_ll_rcc.h ****   * @param  PLLP This parameter can be one of the following values:
3031:Drivers/STM32WBxx_HAL_Driver/Inc/stm32wbxx_ll_rcc.h ****   *         @arg @ref LL_RCC_PLLP_DIV_2
3032:Drivers/STM32WBxx_HAL_Driver/Inc/stm32wbxx_ll_rcc.h ****   *         @arg @ref LL_RCC_PLLP_DIV_3
3033:Drivers/STM32WBxx_HAL_Driver/Inc/stm32wbxx_ll_rcc.h ****   *         @arg @ref LL_RCC_PLLP_DIV_4
3034:Drivers/STM32WBxx_HAL_Driver/Inc/stm32wbxx_ll_rcc.h ****   *         @arg @ref LL_RCC_PLLP_DIV_5
3035:Drivers/STM32WBxx_HAL_Driver/Inc/stm32wbxx_ll_rcc.h ****   *         @arg @ref LL_RCC_PLLP_DIV_6
3036:Drivers/STM32WBxx_HAL_Driver/Inc/stm32wbxx_ll_rcc.h ****   *         @arg @ref LL_RCC_PLLP_DIV_7
3037:Drivers/STM32WBxx_HAL_Driver/Inc/stm32wbxx_ll_rcc.h ****   *         @arg @ref LL_RCC_PLLP_DIV_8
3038:Drivers/STM32WBxx_HAL_Driver/Inc/stm32wbxx_ll_rcc.h ****   *         @arg @ref LL_RCC_PLLP_DIV_9
3039:Drivers/STM32WBxx_HAL_Driver/Inc/stm32wbxx_ll_rcc.h ****   *         @arg @ref LL_RCC_PLLP_DIV_10
3040:Drivers/STM32WBxx_HAL_Driver/Inc/stm32wbxx_ll_rcc.h ****   *         @arg @ref LL_RCC_PLLP_DIV_11
3041:Drivers/STM32WBxx_HAL_Driver/Inc/stm32wbxx_ll_rcc.h ****   *         @arg @ref LL_RCC_PLLP_DIV_12
3042:Drivers/STM32WBxx_HAL_Driver/Inc/stm32wbxx_ll_rcc.h ****   *         @arg @ref LL_RCC_PLLP_DIV_13
3043:Drivers/STM32WBxx_HAL_Driver/Inc/stm32wbxx_ll_rcc.h ****   *         @arg @ref LL_RCC_PLLP_DIV_14
3044:Drivers/STM32WBxx_HAL_Driver/Inc/stm32wbxx_ll_rcc.h ****   *         @arg @ref LL_RCC_PLLP_DIV_15
3045:Drivers/STM32WBxx_HAL_Driver/Inc/stm32wbxx_ll_rcc.h ****   *         @arg @ref LL_RCC_PLLP_DIV_16
3046:Drivers/STM32WBxx_HAL_Driver/Inc/stm32wbxx_ll_rcc.h ****   *         @arg @ref LL_RCC_PLLP_DIV_17
3047:Drivers/STM32WBxx_HAL_Driver/Inc/stm32wbxx_ll_rcc.h ****   *         @arg @ref LL_RCC_PLLP_DIV_18
3048:Drivers/STM32WBxx_HAL_Driver/Inc/stm32wbxx_ll_rcc.h ****   *         @arg @ref LL_RCC_PLLP_DIV_19
3049:Drivers/STM32WBxx_HAL_Driver/Inc/stm32wbxx_ll_rcc.h ****   *         @arg @ref LL_RCC_PLLP_DIV_20
3050:Drivers/STM32WBxx_HAL_Driver/Inc/stm32wbxx_ll_rcc.h ****   *         @arg @ref LL_RCC_PLLP_DIV_21
3051:Drivers/STM32WBxx_HAL_Driver/Inc/stm32wbxx_ll_rcc.h ****   *         @arg @ref LL_RCC_PLLP_DIV_22
3052:Drivers/STM32WBxx_HAL_Driver/Inc/stm32wbxx_ll_rcc.h ****   *         @arg @ref LL_RCC_PLLP_DIV_23
3053:Drivers/STM32WBxx_HAL_Driver/Inc/stm32wbxx_ll_rcc.h ****   *         @arg @ref LL_RCC_PLLP_DIV_24
3054:Drivers/STM32WBxx_HAL_Driver/Inc/stm32wbxx_ll_rcc.h ****   *         @arg @ref LL_RCC_PLLP_DIV_25
3055:Drivers/STM32WBxx_HAL_Driver/Inc/stm32wbxx_ll_rcc.h ****   *         @arg @ref LL_RCC_PLLP_DIV_26
3056:Drivers/STM32WBxx_HAL_Driver/Inc/stm32wbxx_ll_rcc.h ****   *         @arg @ref LL_RCC_PLLP_DIV_27
3057:Drivers/STM32WBxx_HAL_Driver/Inc/stm32wbxx_ll_rcc.h ****   *         @arg @ref LL_RCC_PLLP_DIV_28
3058:Drivers/STM32WBxx_HAL_Driver/Inc/stm32wbxx_ll_rcc.h ****   *         @arg @ref LL_RCC_PLLP_DIV_29
3059:Drivers/STM32WBxx_HAL_Driver/Inc/stm32wbxx_ll_rcc.h ****   *         @arg @ref LL_RCC_PLLP_DIV_30
3060:Drivers/STM32WBxx_HAL_Driver/Inc/stm32wbxx_ll_rcc.h ****   *         @arg @ref LL_RCC_PLLP_DIV_31
3061:Drivers/STM32WBxx_HAL_Driver/Inc/stm32wbxx_ll_rcc.h ****   *         @arg @ref LL_RCC_PLLP_DIV_32
3062:Drivers/STM32WBxx_HAL_Driver/Inc/stm32wbxx_ll_rcc.h ****   * @retval None
3063:Drivers/STM32WBxx_HAL_Driver/Inc/stm32wbxx_ll_rcc.h ****   */
3064:Drivers/STM32WBxx_HAL_Driver/Inc/stm32wbxx_ll_rcc.h **** __STATIC_INLINE void LL_RCC_PLL_ConfigDomain_SAI(uint32_t Source, uint32_t PLLM, uint32_t PLLN, uin
3065:Drivers/STM32WBxx_HAL_Driver/Inc/stm32wbxx_ll_rcc.h **** {
3066:Drivers/STM32WBxx_HAL_Driver/Inc/stm32wbxx_ll_rcc.h ****   MODIFY_REG(RCC->PLLCFGR, RCC_PLLCFGR_PLLSRC | RCC_PLLCFGR_PLLM | RCC_PLLCFGR_PLLN | RCC_PLLCFGR_P
3067:Drivers/STM32WBxx_HAL_Driver/Inc/stm32wbxx_ll_rcc.h ****              Source | PLLM | (PLLN << RCC_PLLCFGR_PLLN_Pos) | PLLP);
3068:Drivers/STM32WBxx_HAL_Driver/Inc/stm32wbxx_ll_rcc.h **** }
3069:Drivers/STM32WBxx_HAL_Driver/Inc/stm32wbxx_ll_rcc.h **** #endif /* SAI1 */
3070:Drivers/STM32WBxx_HAL_Driver/Inc/stm32wbxx_ll_rcc.h **** 
3071:Drivers/STM32WBxx_HAL_Driver/Inc/stm32wbxx_ll_rcc.h **** /**
3072:Drivers/STM32WBxx_HAL_Driver/Inc/stm32wbxx_ll_rcc.h ****   * @brief  Configure PLL used for ADC domain clock
3073:Drivers/STM32WBxx_HAL_Driver/Inc/stm32wbxx_ll_rcc.h ****   * @note PLL Source and PLLM Divider can be written only when PLL is disabled
3074:Drivers/STM32WBxx_HAL_Driver/Inc/stm32wbxx_ll_rcc.h ****   *       PLLSAI1 are disabled
3075:Drivers/STM32WBxx_HAL_Driver/Inc/stm32wbxx_ll_rcc.h ****   * @note PLLN/PLLP can be written only when PLL is disabled
3076:Drivers/STM32WBxx_HAL_Driver/Inc/stm32wbxx_ll_rcc.h ****   * @rmtoll PLLCFGR      PLLSRC        LL_RCC_PLL_ConfigDomain_ADC\n
3077:Drivers/STM32WBxx_HAL_Driver/Inc/stm32wbxx_ll_rcc.h ****   *         PLLCFGR      PLLM          LL_RCC_PLL_ConfigDomain_ADC\n
3078:Drivers/STM32WBxx_HAL_Driver/Inc/stm32wbxx_ll_rcc.h ****   *         PLLCFGR      PLLN          LL_RCC_PLL_ConfigDomain_ADC\n
3079:Drivers/STM32WBxx_HAL_Driver/Inc/stm32wbxx_ll_rcc.h ****   *         PLLCFGR      PLLP          LL_RCC_PLL_ConfigDomain_ADC
ARM GAS  /var/folders/98/ctz5mtps7w71v8dr53cf5qg40000gn/T//ccdzqVkO.s 			page 97


3080:Drivers/STM32WBxx_HAL_Driver/Inc/stm32wbxx_ll_rcc.h ****   * @param  Source This parameter can be one of the following values:
3081:Drivers/STM32WBxx_HAL_Driver/Inc/stm32wbxx_ll_rcc.h ****   *         @arg @ref LL_RCC_PLLSOURCE_NONE
3082:Drivers/STM32WBxx_HAL_Driver/Inc/stm32wbxx_ll_rcc.h ****   *         @arg @ref LL_RCC_PLLSOURCE_MSI
3083:Drivers/STM32WBxx_HAL_Driver/Inc/stm32wbxx_ll_rcc.h ****   *         @arg @ref LL_RCC_PLLSOURCE_HSI
3084:Drivers/STM32WBxx_HAL_Driver/Inc/stm32wbxx_ll_rcc.h ****   *         @arg @ref LL_RCC_PLLSOURCE_HSE
3085:Drivers/STM32WBxx_HAL_Driver/Inc/stm32wbxx_ll_rcc.h ****   * @param  PLLM This parameter can be one of the following values:
3086:Drivers/STM32WBxx_HAL_Driver/Inc/stm32wbxx_ll_rcc.h ****   *         @arg @ref LL_RCC_PLLM_DIV_1
3087:Drivers/STM32WBxx_HAL_Driver/Inc/stm32wbxx_ll_rcc.h ****   *         @arg @ref LL_RCC_PLLM_DIV_2
3088:Drivers/STM32WBxx_HAL_Driver/Inc/stm32wbxx_ll_rcc.h ****   *         @arg @ref LL_RCC_PLLM_DIV_3
3089:Drivers/STM32WBxx_HAL_Driver/Inc/stm32wbxx_ll_rcc.h ****   *         @arg @ref LL_RCC_PLLM_DIV_4
3090:Drivers/STM32WBxx_HAL_Driver/Inc/stm32wbxx_ll_rcc.h ****   *         @arg @ref LL_RCC_PLLM_DIV_5
3091:Drivers/STM32WBxx_HAL_Driver/Inc/stm32wbxx_ll_rcc.h ****   *         @arg @ref LL_RCC_PLLM_DIV_6
3092:Drivers/STM32WBxx_HAL_Driver/Inc/stm32wbxx_ll_rcc.h ****   *         @arg @ref LL_RCC_PLLM_DIV_7
3093:Drivers/STM32WBxx_HAL_Driver/Inc/stm32wbxx_ll_rcc.h ****   *         @arg @ref LL_RCC_PLLM_DIV_8
3094:Drivers/STM32WBxx_HAL_Driver/Inc/stm32wbxx_ll_rcc.h ****   * @param  PLLN Between 6 and 127
3095:Drivers/STM32WBxx_HAL_Driver/Inc/stm32wbxx_ll_rcc.h ****   * @param  PLLP This parameter can be one of the following values:
3096:Drivers/STM32WBxx_HAL_Driver/Inc/stm32wbxx_ll_rcc.h ****   *         @arg @ref LL_RCC_PLLP_DIV_2
3097:Drivers/STM32WBxx_HAL_Driver/Inc/stm32wbxx_ll_rcc.h ****   *         @arg @ref LL_RCC_PLLP_DIV_3
3098:Drivers/STM32WBxx_HAL_Driver/Inc/stm32wbxx_ll_rcc.h ****   *         @arg @ref LL_RCC_PLLP_DIV_4
3099:Drivers/STM32WBxx_HAL_Driver/Inc/stm32wbxx_ll_rcc.h ****   *         @arg @ref LL_RCC_PLLP_DIV_5
3100:Drivers/STM32WBxx_HAL_Driver/Inc/stm32wbxx_ll_rcc.h ****   *         @arg @ref LL_RCC_PLLP_DIV_6
3101:Drivers/STM32WBxx_HAL_Driver/Inc/stm32wbxx_ll_rcc.h ****   *         @arg @ref LL_RCC_PLLP_DIV_7
3102:Drivers/STM32WBxx_HAL_Driver/Inc/stm32wbxx_ll_rcc.h ****   *         @arg @ref LL_RCC_PLLP_DIV_8
3103:Drivers/STM32WBxx_HAL_Driver/Inc/stm32wbxx_ll_rcc.h ****   *         @arg @ref LL_RCC_PLLP_DIV_9
3104:Drivers/STM32WBxx_HAL_Driver/Inc/stm32wbxx_ll_rcc.h ****   *         @arg @ref LL_RCC_PLLP_DIV_10
3105:Drivers/STM32WBxx_HAL_Driver/Inc/stm32wbxx_ll_rcc.h ****   *         @arg @ref LL_RCC_PLLP_DIV_11
3106:Drivers/STM32WBxx_HAL_Driver/Inc/stm32wbxx_ll_rcc.h ****   *         @arg @ref LL_RCC_PLLP_DIV_12
3107:Drivers/STM32WBxx_HAL_Driver/Inc/stm32wbxx_ll_rcc.h ****   *         @arg @ref LL_RCC_PLLP_DIV_13
3108:Drivers/STM32WBxx_HAL_Driver/Inc/stm32wbxx_ll_rcc.h ****   *         @arg @ref LL_RCC_PLLP_DIV_14
3109:Drivers/STM32WBxx_HAL_Driver/Inc/stm32wbxx_ll_rcc.h ****   *         @arg @ref LL_RCC_PLLP_DIV_15
3110:Drivers/STM32WBxx_HAL_Driver/Inc/stm32wbxx_ll_rcc.h ****   *         @arg @ref LL_RCC_PLLP_DIV_16
3111:Drivers/STM32WBxx_HAL_Driver/Inc/stm32wbxx_ll_rcc.h ****   *         @arg @ref LL_RCC_PLLP_DIV_17
3112:Drivers/STM32WBxx_HAL_Driver/Inc/stm32wbxx_ll_rcc.h ****   *         @arg @ref LL_RCC_PLLP_DIV_18
3113:Drivers/STM32WBxx_HAL_Driver/Inc/stm32wbxx_ll_rcc.h ****   *         @arg @ref LL_RCC_PLLP_DIV_19
3114:Drivers/STM32WBxx_HAL_Driver/Inc/stm32wbxx_ll_rcc.h ****   *         @arg @ref LL_RCC_PLLP_DIV_20
3115:Drivers/STM32WBxx_HAL_Driver/Inc/stm32wbxx_ll_rcc.h ****   *         @arg @ref LL_RCC_PLLP_DIV_21
3116:Drivers/STM32WBxx_HAL_Driver/Inc/stm32wbxx_ll_rcc.h ****   *         @arg @ref LL_RCC_PLLP_DIV_22
3117:Drivers/STM32WBxx_HAL_Driver/Inc/stm32wbxx_ll_rcc.h ****   *         @arg @ref LL_RCC_PLLP_DIV_23
3118:Drivers/STM32WBxx_HAL_Driver/Inc/stm32wbxx_ll_rcc.h ****   *         @arg @ref LL_RCC_PLLP_DIV_24
3119:Drivers/STM32WBxx_HAL_Driver/Inc/stm32wbxx_ll_rcc.h ****   *         @arg @ref LL_RCC_PLLP_DIV_25
3120:Drivers/STM32WBxx_HAL_Driver/Inc/stm32wbxx_ll_rcc.h ****   *         @arg @ref LL_RCC_PLLP_DIV_26
3121:Drivers/STM32WBxx_HAL_Driver/Inc/stm32wbxx_ll_rcc.h ****   *         @arg @ref LL_RCC_PLLP_DIV_27
3122:Drivers/STM32WBxx_HAL_Driver/Inc/stm32wbxx_ll_rcc.h ****   *         @arg @ref LL_RCC_PLLP_DIV_28
3123:Drivers/STM32WBxx_HAL_Driver/Inc/stm32wbxx_ll_rcc.h ****   *         @arg @ref LL_RCC_PLLP_DIV_29
3124:Drivers/STM32WBxx_HAL_Driver/Inc/stm32wbxx_ll_rcc.h ****   *         @arg @ref LL_RCC_PLLP_DIV_30
3125:Drivers/STM32WBxx_HAL_Driver/Inc/stm32wbxx_ll_rcc.h ****   *         @arg @ref LL_RCC_PLLP_DIV_31
3126:Drivers/STM32WBxx_HAL_Driver/Inc/stm32wbxx_ll_rcc.h ****   *         @arg @ref LL_RCC_PLLP_DIV_32
3127:Drivers/STM32WBxx_HAL_Driver/Inc/stm32wbxx_ll_rcc.h ****   * @retval None
3128:Drivers/STM32WBxx_HAL_Driver/Inc/stm32wbxx_ll_rcc.h ****   */
3129:Drivers/STM32WBxx_HAL_Driver/Inc/stm32wbxx_ll_rcc.h **** __STATIC_INLINE void LL_RCC_PLL_ConfigDomain_ADC(uint32_t Source, uint32_t PLLM, uint32_t PLLN, uin
3130:Drivers/STM32WBxx_HAL_Driver/Inc/stm32wbxx_ll_rcc.h **** {
3131:Drivers/STM32WBxx_HAL_Driver/Inc/stm32wbxx_ll_rcc.h ****   MODIFY_REG(RCC->PLLCFGR, RCC_PLLCFGR_PLLSRC | RCC_PLLCFGR_PLLM | RCC_PLLCFGR_PLLN | RCC_PLLCFGR_P
3132:Drivers/STM32WBxx_HAL_Driver/Inc/stm32wbxx_ll_rcc.h ****              Source | PLLM | (PLLN << RCC_PLLCFGR_PLLN_Pos) | PLLP);
3133:Drivers/STM32WBxx_HAL_Driver/Inc/stm32wbxx_ll_rcc.h **** }
3134:Drivers/STM32WBxx_HAL_Driver/Inc/stm32wbxx_ll_rcc.h **** 
3135:Drivers/STM32WBxx_HAL_Driver/Inc/stm32wbxx_ll_rcc.h **** /**
3136:Drivers/STM32WBxx_HAL_Driver/Inc/stm32wbxx_ll_rcc.h ****   * @brief  Configure PLL used for 48Mhz domain clock
ARM GAS  /var/folders/98/ctz5mtps7w71v8dr53cf5qg40000gn/T//ccdzqVkO.s 			page 98


3137:Drivers/STM32WBxx_HAL_Driver/Inc/stm32wbxx_ll_rcc.h ****   * @note PLL Source and PLLM Divider can be written only when PLL is disabled
3138:Drivers/STM32WBxx_HAL_Driver/Inc/stm32wbxx_ll_rcc.h ****   *       PLLSAI1 are disabled
3139:Drivers/STM32WBxx_HAL_Driver/Inc/stm32wbxx_ll_rcc.h ****   * @note PLLN/PLLQ can be written only when PLL is disabled
3140:Drivers/STM32WBxx_HAL_Driver/Inc/stm32wbxx_ll_rcc.h ****   * @note This  can be selected for USB, RNG
3141:Drivers/STM32WBxx_HAL_Driver/Inc/stm32wbxx_ll_rcc.h ****   * @rmtoll PLLCFGR      PLLSRC        LL_RCC_PLL_ConfigDomain_48M\n
3142:Drivers/STM32WBxx_HAL_Driver/Inc/stm32wbxx_ll_rcc.h ****   *         PLLCFGR      PLLM          LL_RCC_PLL_ConfigDomain_48M\n
3143:Drivers/STM32WBxx_HAL_Driver/Inc/stm32wbxx_ll_rcc.h ****   *         PLLCFGR      PLLN          LL_RCC_PLL_ConfigDomain_48M\n
3144:Drivers/STM32WBxx_HAL_Driver/Inc/stm32wbxx_ll_rcc.h ****   *         PLLCFGR      PLLQ          LL_RCC_PLL_ConfigDomain_48M
3145:Drivers/STM32WBxx_HAL_Driver/Inc/stm32wbxx_ll_rcc.h ****   * @param  Source This parameter can be one of the following values:
3146:Drivers/STM32WBxx_HAL_Driver/Inc/stm32wbxx_ll_rcc.h ****   *         @arg @ref LL_RCC_PLLSOURCE_NONE
3147:Drivers/STM32WBxx_HAL_Driver/Inc/stm32wbxx_ll_rcc.h ****   *         @arg @ref LL_RCC_PLLSOURCE_MSI
3148:Drivers/STM32WBxx_HAL_Driver/Inc/stm32wbxx_ll_rcc.h ****   *         @arg @ref LL_RCC_PLLSOURCE_HSI
3149:Drivers/STM32WBxx_HAL_Driver/Inc/stm32wbxx_ll_rcc.h ****   *         @arg @ref LL_RCC_PLLSOURCE_HSE
3150:Drivers/STM32WBxx_HAL_Driver/Inc/stm32wbxx_ll_rcc.h ****   * @param  PLLM This parameter can be one of the following values:
3151:Drivers/STM32WBxx_HAL_Driver/Inc/stm32wbxx_ll_rcc.h ****   *         @arg @ref LL_RCC_PLLM_DIV_1
3152:Drivers/STM32WBxx_HAL_Driver/Inc/stm32wbxx_ll_rcc.h ****   *         @arg @ref LL_RCC_PLLM_DIV_2
3153:Drivers/STM32WBxx_HAL_Driver/Inc/stm32wbxx_ll_rcc.h ****   *         @arg @ref LL_RCC_PLLM_DIV_3
3154:Drivers/STM32WBxx_HAL_Driver/Inc/stm32wbxx_ll_rcc.h ****   *         @arg @ref LL_RCC_PLLM_DIV_4
3155:Drivers/STM32WBxx_HAL_Driver/Inc/stm32wbxx_ll_rcc.h ****   *         @arg @ref LL_RCC_PLLM_DIV_5
3156:Drivers/STM32WBxx_HAL_Driver/Inc/stm32wbxx_ll_rcc.h ****   *         @arg @ref LL_RCC_PLLM_DIV_6
3157:Drivers/STM32WBxx_HAL_Driver/Inc/stm32wbxx_ll_rcc.h ****   *         @arg @ref LL_RCC_PLLM_DIV_7
3158:Drivers/STM32WBxx_HAL_Driver/Inc/stm32wbxx_ll_rcc.h ****   *         @arg @ref LL_RCC_PLLM_DIV_8
3159:Drivers/STM32WBxx_HAL_Driver/Inc/stm32wbxx_ll_rcc.h ****   * @param  PLLN Between 6 and 127
3160:Drivers/STM32WBxx_HAL_Driver/Inc/stm32wbxx_ll_rcc.h ****   * @param  PLLQ This parameter can be one of the following values:
3161:Drivers/STM32WBxx_HAL_Driver/Inc/stm32wbxx_ll_rcc.h ****   *         @arg @ref LL_RCC_PLLQ_DIV_2
3162:Drivers/STM32WBxx_HAL_Driver/Inc/stm32wbxx_ll_rcc.h ****   *         @arg @ref LL_RCC_PLLQ_DIV_3
3163:Drivers/STM32WBxx_HAL_Driver/Inc/stm32wbxx_ll_rcc.h ****   *         @arg @ref LL_RCC_PLLQ_DIV_4
3164:Drivers/STM32WBxx_HAL_Driver/Inc/stm32wbxx_ll_rcc.h ****   *         @arg @ref LL_RCC_PLLQ_DIV_5
3165:Drivers/STM32WBxx_HAL_Driver/Inc/stm32wbxx_ll_rcc.h ****   *         @arg @ref LL_RCC_PLLQ_DIV_6
3166:Drivers/STM32WBxx_HAL_Driver/Inc/stm32wbxx_ll_rcc.h ****   *         @arg @ref LL_RCC_PLLQ_DIV_7
3167:Drivers/STM32WBxx_HAL_Driver/Inc/stm32wbxx_ll_rcc.h ****   *         @arg @ref LL_RCC_PLLQ_DIV_8
3168:Drivers/STM32WBxx_HAL_Driver/Inc/stm32wbxx_ll_rcc.h ****   * @retval None
3169:Drivers/STM32WBxx_HAL_Driver/Inc/stm32wbxx_ll_rcc.h ****   */
3170:Drivers/STM32WBxx_HAL_Driver/Inc/stm32wbxx_ll_rcc.h **** __STATIC_INLINE void LL_RCC_PLL_ConfigDomain_48M(uint32_t Source, uint32_t PLLM, uint32_t PLLN, uin
3171:Drivers/STM32WBxx_HAL_Driver/Inc/stm32wbxx_ll_rcc.h **** {
3172:Drivers/STM32WBxx_HAL_Driver/Inc/stm32wbxx_ll_rcc.h ****   MODIFY_REG(RCC->PLLCFGR, RCC_PLLCFGR_PLLSRC | RCC_PLLCFGR_PLLM | RCC_PLLCFGR_PLLN | RCC_PLLCFGR_P
3173:Drivers/STM32WBxx_HAL_Driver/Inc/stm32wbxx_ll_rcc.h ****              Source | PLLM | (PLLN << RCC_PLLCFGR_PLLN_Pos) | PLLQ);
3174:Drivers/STM32WBxx_HAL_Driver/Inc/stm32wbxx_ll_rcc.h **** }
3175:Drivers/STM32WBxx_HAL_Driver/Inc/stm32wbxx_ll_rcc.h **** 
3176:Drivers/STM32WBxx_HAL_Driver/Inc/stm32wbxx_ll_rcc.h **** /**
3177:Drivers/STM32WBxx_HAL_Driver/Inc/stm32wbxx_ll_rcc.h ****   * @brief  Get Main PLL multiplication factor for VCO
3178:Drivers/STM32WBxx_HAL_Driver/Inc/stm32wbxx_ll_rcc.h ****   * @rmtoll PLLCFGR      PLLN          LL_RCC_PLL_GetN
3179:Drivers/STM32WBxx_HAL_Driver/Inc/stm32wbxx_ll_rcc.h ****   * @retval Between 6 and 127
3180:Drivers/STM32WBxx_HAL_Driver/Inc/stm32wbxx_ll_rcc.h ****   */
3181:Drivers/STM32WBxx_HAL_Driver/Inc/stm32wbxx_ll_rcc.h **** __STATIC_INLINE uint32_t LL_RCC_PLL_GetN(void)
3182:Drivers/STM32WBxx_HAL_Driver/Inc/stm32wbxx_ll_rcc.h **** {
3183:Drivers/STM32WBxx_HAL_Driver/Inc/stm32wbxx_ll_rcc.h ****   return (uint32_t)(READ_BIT(RCC->PLLCFGR, RCC_PLLCFGR_PLLN) >>  RCC_PLLCFGR_PLLN_Pos);
3184:Drivers/STM32WBxx_HAL_Driver/Inc/stm32wbxx_ll_rcc.h **** }
3185:Drivers/STM32WBxx_HAL_Driver/Inc/stm32wbxx_ll_rcc.h **** 
3186:Drivers/STM32WBxx_HAL_Driver/Inc/stm32wbxx_ll_rcc.h **** /**
3187:Drivers/STM32WBxx_HAL_Driver/Inc/stm32wbxx_ll_rcc.h ****   * @brief  Get Main PLL division factor for PLLP
3188:Drivers/STM32WBxx_HAL_Driver/Inc/stm32wbxx_ll_rcc.h ****   * @note   used for PLLSAI1CLK (SAI1 clock)
3189:Drivers/STM32WBxx_HAL_Driver/Inc/stm32wbxx_ll_rcc.h ****   * @rmtoll PLLCFGR      PLLP       LL_RCC_PLL_GetP
3190:Drivers/STM32WBxx_HAL_Driver/Inc/stm32wbxx_ll_rcc.h ****   * @retval Returned value can be one of the following values:
3191:Drivers/STM32WBxx_HAL_Driver/Inc/stm32wbxx_ll_rcc.h ****   *         @arg @ref LL_RCC_PLLP_DIV_2
3192:Drivers/STM32WBxx_HAL_Driver/Inc/stm32wbxx_ll_rcc.h ****   *         @arg @ref LL_RCC_PLLP_DIV_3
3193:Drivers/STM32WBxx_HAL_Driver/Inc/stm32wbxx_ll_rcc.h ****   *         @arg @ref LL_RCC_PLLP_DIV_4
ARM GAS  /var/folders/98/ctz5mtps7w71v8dr53cf5qg40000gn/T//ccdzqVkO.s 			page 99


3194:Drivers/STM32WBxx_HAL_Driver/Inc/stm32wbxx_ll_rcc.h ****   *         @arg @ref LL_RCC_PLLP_DIV_5
3195:Drivers/STM32WBxx_HAL_Driver/Inc/stm32wbxx_ll_rcc.h ****   *         @arg @ref LL_RCC_PLLP_DIV_6
3196:Drivers/STM32WBxx_HAL_Driver/Inc/stm32wbxx_ll_rcc.h ****   *         @arg @ref LL_RCC_PLLP_DIV_7
3197:Drivers/STM32WBxx_HAL_Driver/Inc/stm32wbxx_ll_rcc.h ****   *         @arg @ref LL_RCC_PLLP_DIV_8
3198:Drivers/STM32WBxx_HAL_Driver/Inc/stm32wbxx_ll_rcc.h ****   *         @arg @ref LL_RCC_PLLP_DIV_9
3199:Drivers/STM32WBxx_HAL_Driver/Inc/stm32wbxx_ll_rcc.h ****   *         @arg @ref LL_RCC_PLLP_DIV_10
3200:Drivers/STM32WBxx_HAL_Driver/Inc/stm32wbxx_ll_rcc.h ****   *         @arg @ref LL_RCC_PLLP_DIV_11
3201:Drivers/STM32WBxx_HAL_Driver/Inc/stm32wbxx_ll_rcc.h ****   *         @arg @ref LL_RCC_PLLP_DIV_12
3202:Drivers/STM32WBxx_HAL_Driver/Inc/stm32wbxx_ll_rcc.h ****   *         @arg @ref LL_RCC_PLLP_DIV_13
3203:Drivers/STM32WBxx_HAL_Driver/Inc/stm32wbxx_ll_rcc.h ****   *         @arg @ref LL_RCC_PLLP_DIV_14
3204:Drivers/STM32WBxx_HAL_Driver/Inc/stm32wbxx_ll_rcc.h ****   *         @arg @ref LL_RCC_PLLP_DIV_15
3205:Drivers/STM32WBxx_HAL_Driver/Inc/stm32wbxx_ll_rcc.h ****   *         @arg @ref LL_RCC_PLLP_DIV_16
3206:Drivers/STM32WBxx_HAL_Driver/Inc/stm32wbxx_ll_rcc.h ****   *         @arg @ref LL_RCC_PLLP_DIV_17
3207:Drivers/STM32WBxx_HAL_Driver/Inc/stm32wbxx_ll_rcc.h ****   *         @arg @ref LL_RCC_PLLP_DIV_18
3208:Drivers/STM32WBxx_HAL_Driver/Inc/stm32wbxx_ll_rcc.h ****   *         @arg @ref LL_RCC_PLLP_DIV_19
3209:Drivers/STM32WBxx_HAL_Driver/Inc/stm32wbxx_ll_rcc.h ****   *         @arg @ref LL_RCC_PLLP_DIV_20
3210:Drivers/STM32WBxx_HAL_Driver/Inc/stm32wbxx_ll_rcc.h ****   *         @arg @ref LL_RCC_PLLP_DIV_21
3211:Drivers/STM32WBxx_HAL_Driver/Inc/stm32wbxx_ll_rcc.h ****   *         @arg @ref LL_RCC_PLLP_DIV_22
3212:Drivers/STM32WBxx_HAL_Driver/Inc/stm32wbxx_ll_rcc.h ****   *         @arg @ref LL_RCC_PLLP_DIV_23
3213:Drivers/STM32WBxx_HAL_Driver/Inc/stm32wbxx_ll_rcc.h ****   *         @arg @ref LL_RCC_PLLP_DIV_24
3214:Drivers/STM32WBxx_HAL_Driver/Inc/stm32wbxx_ll_rcc.h ****   *         @arg @ref LL_RCC_PLLP_DIV_25
3215:Drivers/STM32WBxx_HAL_Driver/Inc/stm32wbxx_ll_rcc.h ****   *         @arg @ref LL_RCC_PLLP_DIV_26
3216:Drivers/STM32WBxx_HAL_Driver/Inc/stm32wbxx_ll_rcc.h ****   *         @arg @ref LL_RCC_PLLP_DIV_27
3217:Drivers/STM32WBxx_HAL_Driver/Inc/stm32wbxx_ll_rcc.h ****   *         @arg @ref LL_RCC_PLLP_DIV_28
3218:Drivers/STM32WBxx_HAL_Driver/Inc/stm32wbxx_ll_rcc.h ****   *         @arg @ref LL_RCC_PLLP_DIV_29
3219:Drivers/STM32WBxx_HAL_Driver/Inc/stm32wbxx_ll_rcc.h ****   *         @arg @ref LL_RCC_PLLP_DIV_30
3220:Drivers/STM32WBxx_HAL_Driver/Inc/stm32wbxx_ll_rcc.h ****   *         @arg @ref LL_RCC_PLLP_DIV_31
3221:Drivers/STM32WBxx_HAL_Driver/Inc/stm32wbxx_ll_rcc.h ****   *         @arg @ref LL_RCC_PLLP_DIV_32
3222:Drivers/STM32WBxx_HAL_Driver/Inc/stm32wbxx_ll_rcc.h ****   */
3223:Drivers/STM32WBxx_HAL_Driver/Inc/stm32wbxx_ll_rcc.h **** __STATIC_INLINE uint32_t LL_RCC_PLL_GetP(void)
3224:Drivers/STM32WBxx_HAL_Driver/Inc/stm32wbxx_ll_rcc.h **** {
3225:Drivers/STM32WBxx_HAL_Driver/Inc/stm32wbxx_ll_rcc.h ****   return (uint32_t)(READ_BIT(RCC->PLLCFGR, RCC_PLLCFGR_PLLP));
3226:Drivers/STM32WBxx_HAL_Driver/Inc/stm32wbxx_ll_rcc.h **** }
3227:Drivers/STM32WBxx_HAL_Driver/Inc/stm32wbxx_ll_rcc.h **** 
3228:Drivers/STM32WBxx_HAL_Driver/Inc/stm32wbxx_ll_rcc.h **** /**
3229:Drivers/STM32WBxx_HAL_Driver/Inc/stm32wbxx_ll_rcc.h ****   * @brief  Get Main PLL division factor for PLLQ
3230:Drivers/STM32WBxx_HAL_Driver/Inc/stm32wbxx_ll_rcc.h ****   * @note used for PLL48MCLK selected for USB, RNG (48 MHz clock)
3231:Drivers/STM32WBxx_HAL_Driver/Inc/stm32wbxx_ll_rcc.h ****   * @rmtoll PLLCFGR      PLLQ          LL_RCC_PLL_GetQ
3232:Drivers/STM32WBxx_HAL_Driver/Inc/stm32wbxx_ll_rcc.h ****   * @retval Returned value can be one of the following values:
3233:Drivers/STM32WBxx_HAL_Driver/Inc/stm32wbxx_ll_rcc.h ****   *         @arg @ref LL_RCC_PLLQ_DIV_2
3234:Drivers/STM32WBxx_HAL_Driver/Inc/stm32wbxx_ll_rcc.h ****   *         @arg @ref LL_RCC_PLLQ_DIV_3
3235:Drivers/STM32WBxx_HAL_Driver/Inc/stm32wbxx_ll_rcc.h ****   *         @arg @ref LL_RCC_PLLQ_DIV_4
3236:Drivers/STM32WBxx_HAL_Driver/Inc/stm32wbxx_ll_rcc.h ****   *         @arg @ref LL_RCC_PLLQ_DIV_5
3237:Drivers/STM32WBxx_HAL_Driver/Inc/stm32wbxx_ll_rcc.h ****   *         @arg @ref LL_RCC_PLLQ_DIV_6
3238:Drivers/STM32WBxx_HAL_Driver/Inc/stm32wbxx_ll_rcc.h ****   *         @arg @ref LL_RCC_PLLQ_DIV_7
3239:Drivers/STM32WBxx_HAL_Driver/Inc/stm32wbxx_ll_rcc.h ****   *         @arg @ref LL_RCC_PLLQ_DIV_8
3240:Drivers/STM32WBxx_HAL_Driver/Inc/stm32wbxx_ll_rcc.h ****   */
3241:Drivers/STM32WBxx_HAL_Driver/Inc/stm32wbxx_ll_rcc.h **** __STATIC_INLINE uint32_t LL_RCC_PLL_GetQ(void)
3242:Drivers/STM32WBxx_HAL_Driver/Inc/stm32wbxx_ll_rcc.h **** {
3243:Drivers/STM32WBxx_HAL_Driver/Inc/stm32wbxx_ll_rcc.h ****   return (uint32_t)(READ_BIT(RCC->PLLCFGR, RCC_PLLCFGR_PLLQ));
3244:Drivers/STM32WBxx_HAL_Driver/Inc/stm32wbxx_ll_rcc.h **** }
3245:Drivers/STM32WBxx_HAL_Driver/Inc/stm32wbxx_ll_rcc.h **** 
3246:Drivers/STM32WBxx_HAL_Driver/Inc/stm32wbxx_ll_rcc.h **** /**
3247:Drivers/STM32WBxx_HAL_Driver/Inc/stm32wbxx_ll_rcc.h ****   * @brief  Get Main PLL division factor for PLLR
3248:Drivers/STM32WBxx_HAL_Driver/Inc/stm32wbxx_ll_rcc.h ****   * @note used for PLLCLK (system clock)
3249:Drivers/STM32WBxx_HAL_Driver/Inc/stm32wbxx_ll_rcc.h ****   * @rmtoll PLLCFGR      PLLR          LL_RCC_PLL_GetR
3250:Drivers/STM32WBxx_HAL_Driver/Inc/stm32wbxx_ll_rcc.h ****   * @retval Returned value can be one of the following values:
ARM GAS  /var/folders/98/ctz5mtps7w71v8dr53cf5qg40000gn/T//ccdzqVkO.s 			page 100


3251:Drivers/STM32WBxx_HAL_Driver/Inc/stm32wbxx_ll_rcc.h ****   *         @arg @ref LL_RCC_PLLR_DIV_2
3252:Drivers/STM32WBxx_HAL_Driver/Inc/stm32wbxx_ll_rcc.h ****   *         @arg @ref LL_RCC_PLLR_DIV_3
3253:Drivers/STM32WBxx_HAL_Driver/Inc/stm32wbxx_ll_rcc.h ****   *         @arg @ref LL_RCC_PLLR_DIV_4
3254:Drivers/STM32WBxx_HAL_Driver/Inc/stm32wbxx_ll_rcc.h ****   *         @arg @ref LL_RCC_PLLR_DIV_5
3255:Drivers/STM32WBxx_HAL_Driver/Inc/stm32wbxx_ll_rcc.h ****   *         @arg @ref LL_RCC_PLLR_DIV_6
3256:Drivers/STM32WBxx_HAL_Driver/Inc/stm32wbxx_ll_rcc.h ****   *         @arg @ref LL_RCC_PLLR_DIV_7
3257:Drivers/STM32WBxx_HAL_Driver/Inc/stm32wbxx_ll_rcc.h ****   *         @arg @ref LL_RCC_PLLR_DIV_8
3258:Drivers/STM32WBxx_HAL_Driver/Inc/stm32wbxx_ll_rcc.h ****   */
3259:Drivers/STM32WBxx_HAL_Driver/Inc/stm32wbxx_ll_rcc.h **** __STATIC_INLINE uint32_t LL_RCC_PLL_GetR(void)
3260:Drivers/STM32WBxx_HAL_Driver/Inc/stm32wbxx_ll_rcc.h **** {
3261:Drivers/STM32WBxx_HAL_Driver/Inc/stm32wbxx_ll_rcc.h ****   return (uint32_t)(READ_BIT(RCC->PLLCFGR, RCC_PLLCFGR_PLLR));
3262:Drivers/STM32WBxx_HAL_Driver/Inc/stm32wbxx_ll_rcc.h **** }
3263:Drivers/STM32WBxx_HAL_Driver/Inc/stm32wbxx_ll_rcc.h **** 
3264:Drivers/STM32WBxx_HAL_Driver/Inc/stm32wbxx_ll_rcc.h **** /**
3265:Drivers/STM32WBxx_HAL_Driver/Inc/stm32wbxx_ll_rcc.h ****   * @brief  Get Division factor for the main PLL and other PLL
3266:Drivers/STM32WBxx_HAL_Driver/Inc/stm32wbxx_ll_rcc.h ****   * @rmtoll PLLCFGR      PLLM          LL_RCC_PLL_GetDivider
3267:Drivers/STM32WBxx_HAL_Driver/Inc/stm32wbxx_ll_rcc.h ****   * @retval Returned value can be one of the following values:
3268:Drivers/STM32WBxx_HAL_Driver/Inc/stm32wbxx_ll_rcc.h ****   *         @arg @ref LL_RCC_PLLM_DIV_1
3269:Drivers/STM32WBxx_HAL_Driver/Inc/stm32wbxx_ll_rcc.h ****   *         @arg @ref LL_RCC_PLLM_DIV_2
3270:Drivers/STM32WBxx_HAL_Driver/Inc/stm32wbxx_ll_rcc.h ****   *         @arg @ref LL_RCC_PLLM_DIV_3
3271:Drivers/STM32WBxx_HAL_Driver/Inc/stm32wbxx_ll_rcc.h ****   *         @arg @ref LL_RCC_PLLM_DIV_4
3272:Drivers/STM32WBxx_HAL_Driver/Inc/stm32wbxx_ll_rcc.h ****   *         @arg @ref LL_RCC_PLLM_DIV_5
3273:Drivers/STM32WBxx_HAL_Driver/Inc/stm32wbxx_ll_rcc.h ****   *         @arg @ref LL_RCC_PLLM_DIV_6
3274:Drivers/STM32WBxx_HAL_Driver/Inc/stm32wbxx_ll_rcc.h ****   *         @arg @ref LL_RCC_PLLM_DIV_7
3275:Drivers/STM32WBxx_HAL_Driver/Inc/stm32wbxx_ll_rcc.h ****   *         @arg @ref LL_RCC_PLLM_DIV_8
3276:Drivers/STM32WBxx_HAL_Driver/Inc/stm32wbxx_ll_rcc.h ****   */
3277:Drivers/STM32WBxx_HAL_Driver/Inc/stm32wbxx_ll_rcc.h **** __STATIC_INLINE uint32_t LL_RCC_PLL_GetDivider(void)
3278:Drivers/STM32WBxx_HAL_Driver/Inc/stm32wbxx_ll_rcc.h **** {
3279:Drivers/STM32WBxx_HAL_Driver/Inc/stm32wbxx_ll_rcc.h ****   return (uint32_t)(READ_BIT(RCC->PLLCFGR, RCC_PLLCFGR_PLLM));
3280:Drivers/STM32WBxx_HAL_Driver/Inc/stm32wbxx_ll_rcc.h **** }
3281:Drivers/STM32WBxx_HAL_Driver/Inc/stm32wbxx_ll_rcc.h **** 
3282:Drivers/STM32WBxx_HAL_Driver/Inc/stm32wbxx_ll_rcc.h **** #if defined(SAI1)
3283:Drivers/STM32WBxx_HAL_Driver/Inc/stm32wbxx_ll_rcc.h **** /**
3284:Drivers/STM32WBxx_HAL_Driver/Inc/stm32wbxx_ll_rcc.h ****   * @brief  Enable PLL output mapped on SAI domain clock
3285:Drivers/STM32WBxx_HAL_Driver/Inc/stm32wbxx_ll_rcc.h ****   * @rmtoll PLLCFGR      PLLPEN        LL_RCC_PLL_EnableDomain_SAI
3286:Drivers/STM32WBxx_HAL_Driver/Inc/stm32wbxx_ll_rcc.h ****   * @retval None
3287:Drivers/STM32WBxx_HAL_Driver/Inc/stm32wbxx_ll_rcc.h ****   */
3288:Drivers/STM32WBxx_HAL_Driver/Inc/stm32wbxx_ll_rcc.h **** __STATIC_INLINE void LL_RCC_PLL_EnableDomain_SAI(void)
3289:Drivers/STM32WBxx_HAL_Driver/Inc/stm32wbxx_ll_rcc.h **** {
3290:Drivers/STM32WBxx_HAL_Driver/Inc/stm32wbxx_ll_rcc.h ****   SET_BIT(RCC->PLLCFGR, RCC_PLLCFGR_PLLPEN);
3291:Drivers/STM32WBxx_HAL_Driver/Inc/stm32wbxx_ll_rcc.h **** }
3292:Drivers/STM32WBxx_HAL_Driver/Inc/stm32wbxx_ll_rcc.h **** 
3293:Drivers/STM32WBxx_HAL_Driver/Inc/stm32wbxx_ll_rcc.h **** /**
3294:Drivers/STM32WBxx_HAL_Driver/Inc/stm32wbxx_ll_rcc.h ****   * @brief  Disable PLL output mapped on SAI domain clock
3295:Drivers/STM32WBxx_HAL_Driver/Inc/stm32wbxx_ll_rcc.h ****   * @note In order to save power, when the PLLCLK  of the PLL is
3296:Drivers/STM32WBxx_HAL_Driver/Inc/stm32wbxx_ll_rcc.h ****   *       not used,  should be 0
3297:Drivers/STM32WBxx_HAL_Driver/Inc/stm32wbxx_ll_rcc.h ****   * @rmtoll PLLCFGR      PLLPEN        LL_RCC_PLL_DisableDomain_SAI
3298:Drivers/STM32WBxx_HAL_Driver/Inc/stm32wbxx_ll_rcc.h ****   * @retval None
3299:Drivers/STM32WBxx_HAL_Driver/Inc/stm32wbxx_ll_rcc.h ****   */
3300:Drivers/STM32WBxx_HAL_Driver/Inc/stm32wbxx_ll_rcc.h **** __STATIC_INLINE void LL_RCC_PLL_DisableDomain_SAI(void)
3301:Drivers/STM32WBxx_HAL_Driver/Inc/stm32wbxx_ll_rcc.h **** {
3302:Drivers/STM32WBxx_HAL_Driver/Inc/stm32wbxx_ll_rcc.h ****   CLEAR_BIT(RCC->PLLCFGR, RCC_PLLCFGR_PLLPEN);
3303:Drivers/STM32WBxx_HAL_Driver/Inc/stm32wbxx_ll_rcc.h **** }
3304:Drivers/STM32WBxx_HAL_Driver/Inc/stm32wbxx_ll_rcc.h **** #endif /* SAI1 */
3305:Drivers/STM32WBxx_HAL_Driver/Inc/stm32wbxx_ll_rcc.h **** 
3306:Drivers/STM32WBxx_HAL_Driver/Inc/stm32wbxx_ll_rcc.h **** /**
3307:Drivers/STM32WBxx_HAL_Driver/Inc/stm32wbxx_ll_rcc.h ****   * @brief  Check if PLL output mapped on SAI domain clock is enabled
ARM GAS  /var/folders/98/ctz5mtps7w71v8dr53cf5qg40000gn/T//ccdzqVkO.s 			page 101


3308:Drivers/STM32WBxx_HAL_Driver/Inc/stm32wbxx_ll_rcc.h ****   * @rmtoll PLLCFGR      PLLPEN        LL_RCC_PLL_IsEnabledDomain_SAI
3309:Drivers/STM32WBxx_HAL_Driver/Inc/stm32wbxx_ll_rcc.h ****   * @retval State of bit (1 or 0).
3310:Drivers/STM32WBxx_HAL_Driver/Inc/stm32wbxx_ll_rcc.h ****   */
3311:Drivers/STM32WBxx_HAL_Driver/Inc/stm32wbxx_ll_rcc.h **** __STATIC_INLINE uint32_t LL_RCC_PLL_IsEnabledDomain_SAI(void)
3312:Drivers/STM32WBxx_HAL_Driver/Inc/stm32wbxx_ll_rcc.h **** {
3313:Drivers/STM32WBxx_HAL_Driver/Inc/stm32wbxx_ll_rcc.h ****   return ((READ_BIT(RCC->PLLCFGR, RCC_PLLCFGR_PLLPEN) == (RCC_PLLCFGR_PLLPEN)) ? 1UL : 0UL);
3314:Drivers/STM32WBxx_HAL_Driver/Inc/stm32wbxx_ll_rcc.h **** }
3315:Drivers/STM32WBxx_HAL_Driver/Inc/stm32wbxx_ll_rcc.h **** 
3316:Drivers/STM32WBxx_HAL_Driver/Inc/stm32wbxx_ll_rcc.h **** /**
3317:Drivers/STM32WBxx_HAL_Driver/Inc/stm32wbxx_ll_rcc.h ****   * @brief  Enable PLL output mapped on ADC domain clock
3318:Drivers/STM32WBxx_HAL_Driver/Inc/stm32wbxx_ll_rcc.h ****   * @rmtoll PLLCFGR      PLLPEN        LL_RCC_PLL_EnableDomain_ADC
3319:Drivers/STM32WBxx_HAL_Driver/Inc/stm32wbxx_ll_rcc.h ****   * @retval None
3320:Drivers/STM32WBxx_HAL_Driver/Inc/stm32wbxx_ll_rcc.h ****   */
3321:Drivers/STM32WBxx_HAL_Driver/Inc/stm32wbxx_ll_rcc.h **** __STATIC_INLINE void LL_RCC_PLL_EnableDomain_ADC(void)
3322:Drivers/STM32WBxx_HAL_Driver/Inc/stm32wbxx_ll_rcc.h **** {
3323:Drivers/STM32WBxx_HAL_Driver/Inc/stm32wbxx_ll_rcc.h ****   SET_BIT(RCC->PLLCFGR, RCC_PLLCFGR_PLLPEN);
3324:Drivers/STM32WBxx_HAL_Driver/Inc/stm32wbxx_ll_rcc.h **** }
3325:Drivers/STM32WBxx_HAL_Driver/Inc/stm32wbxx_ll_rcc.h **** 
3326:Drivers/STM32WBxx_HAL_Driver/Inc/stm32wbxx_ll_rcc.h **** /**
3327:Drivers/STM32WBxx_HAL_Driver/Inc/stm32wbxx_ll_rcc.h ****   * @brief  Disable PLL output mapped on ADC domain clock
3328:Drivers/STM32WBxx_HAL_Driver/Inc/stm32wbxx_ll_rcc.h ****   * @note In order to save power, when the PLLCLK  of the PLL is
3329:Drivers/STM32WBxx_HAL_Driver/Inc/stm32wbxx_ll_rcc.h ****   *       not used,  should be 0
3330:Drivers/STM32WBxx_HAL_Driver/Inc/stm32wbxx_ll_rcc.h ****   * @rmtoll PLLCFGR      PLLPEN        LL_RCC_PLL_DisableDomain_ADC
3331:Drivers/STM32WBxx_HAL_Driver/Inc/stm32wbxx_ll_rcc.h ****   * @retval None
3332:Drivers/STM32WBxx_HAL_Driver/Inc/stm32wbxx_ll_rcc.h ****   */
3333:Drivers/STM32WBxx_HAL_Driver/Inc/stm32wbxx_ll_rcc.h **** __STATIC_INLINE void LL_RCC_PLL_DisableDomain_ADC(void)
3334:Drivers/STM32WBxx_HAL_Driver/Inc/stm32wbxx_ll_rcc.h **** {
3335:Drivers/STM32WBxx_HAL_Driver/Inc/stm32wbxx_ll_rcc.h ****   CLEAR_BIT(RCC->PLLCFGR, RCC_PLLCFGR_PLLPEN);
3336:Drivers/STM32WBxx_HAL_Driver/Inc/stm32wbxx_ll_rcc.h **** }
3337:Drivers/STM32WBxx_HAL_Driver/Inc/stm32wbxx_ll_rcc.h **** 
3338:Drivers/STM32WBxx_HAL_Driver/Inc/stm32wbxx_ll_rcc.h **** /**
3339:Drivers/STM32WBxx_HAL_Driver/Inc/stm32wbxx_ll_rcc.h ****   * @brief  Check if PLL output mapped on ADC domain clock is enabled
3340:Drivers/STM32WBxx_HAL_Driver/Inc/stm32wbxx_ll_rcc.h ****   * @rmtoll PLLCFGR      PLLPEN        LL_RCC_PLL_IsEnabledDomain_ADC
3341:Drivers/STM32WBxx_HAL_Driver/Inc/stm32wbxx_ll_rcc.h ****   * @retval State of bit (1 or 0).
3342:Drivers/STM32WBxx_HAL_Driver/Inc/stm32wbxx_ll_rcc.h ****   */
3343:Drivers/STM32WBxx_HAL_Driver/Inc/stm32wbxx_ll_rcc.h **** __STATIC_INLINE uint32_t LL_RCC_PLL_IsEnabledDomain_ADC(void)
3344:Drivers/STM32WBxx_HAL_Driver/Inc/stm32wbxx_ll_rcc.h **** {
3345:Drivers/STM32WBxx_HAL_Driver/Inc/stm32wbxx_ll_rcc.h ****   return ((READ_BIT(RCC->PLLCFGR, RCC_PLLCFGR_PLLPEN) == (RCC_PLLCFGR_PLLPEN)) ? 1UL : 0UL);
3346:Drivers/STM32WBxx_HAL_Driver/Inc/stm32wbxx_ll_rcc.h **** }
3347:Drivers/STM32WBxx_HAL_Driver/Inc/stm32wbxx_ll_rcc.h **** 
3348:Drivers/STM32WBxx_HAL_Driver/Inc/stm32wbxx_ll_rcc.h **** /**
3349:Drivers/STM32WBxx_HAL_Driver/Inc/stm32wbxx_ll_rcc.h ****   * @brief  Enable PLL output mapped on 48MHz domain clock
3350:Drivers/STM32WBxx_HAL_Driver/Inc/stm32wbxx_ll_rcc.h ****   * @rmtoll PLLCFGR      PLLQEN        LL_RCC_PLL_EnableDomain_48M
3351:Drivers/STM32WBxx_HAL_Driver/Inc/stm32wbxx_ll_rcc.h ****   * @retval None
3352:Drivers/STM32WBxx_HAL_Driver/Inc/stm32wbxx_ll_rcc.h ****   */
3353:Drivers/STM32WBxx_HAL_Driver/Inc/stm32wbxx_ll_rcc.h **** __STATIC_INLINE void LL_RCC_PLL_EnableDomain_48M(void)
3354:Drivers/STM32WBxx_HAL_Driver/Inc/stm32wbxx_ll_rcc.h **** {
3355:Drivers/STM32WBxx_HAL_Driver/Inc/stm32wbxx_ll_rcc.h ****   SET_BIT(RCC->PLLCFGR, RCC_PLLCFGR_PLLQEN);
3356:Drivers/STM32WBxx_HAL_Driver/Inc/stm32wbxx_ll_rcc.h **** }
3357:Drivers/STM32WBxx_HAL_Driver/Inc/stm32wbxx_ll_rcc.h **** 
3358:Drivers/STM32WBxx_HAL_Driver/Inc/stm32wbxx_ll_rcc.h **** /**
3359:Drivers/STM32WBxx_HAL_Driver/Inc/stm32wbxx_ll_rcc.h ****   * @brief  Disable PLL output mapped on 48MHz domain clock
3360:Drivers/STM32WBxx_HAL_Driver/Inc/stm32wbxx_ll_rcc.h ****   * @note In order to save power, when the PLLCLK  of the PLL is
3361:Drivers/STM32WBxx_HAL_Driver/Inc/stm32wbxx_ll_rcc.h ****   *       not used,  should be 0
3362:Drivers/STM32WBxx_HAL_Driver/Inc/stm32wbxx_ll_rcc.h ****   * @rmtoll PLLCFGR      PLLQEN        LL_RCC_PLL_DisableDomain_48M
3363:Drivers/STM32WBxx_HAL_Driver/Inc/stm32wbxx_ll_rcc.h ****   * @retval None
3364:Drivers/STM32WBxx_HAL_Driver/Inc/stm32wbxx_ll_rcc.h ****   */
ARM GAS  /var/folders/98/ctz5mtps7w71v8dr53cf5qg40000gn/T//ccdzqVkO.s 			page 102


3365:Drivers/STM32WBxx_HAL_Driver/Inc/stm32wbxx_ll_rcc.h **** __STATIC_INLINE void LL_RCC_PLL_DisableDomain_48M(void)
3366:Drivers/STM32WBxx_HAL_Driver/Inc/stm32wbxx_ll_rcc.h **** {
3367:Drivers/STM32WBxx_HAL_Driver/Inc/stm32wbxx_ll_rcc.h ****   CLEAR_BIT(RCC->PLLCFGR, RCC_PLLCFGR_PLLQEN);
3368:Drivers/STM32WBxx_HAL_Driver/Inc/stm32wbxx_ll_rcc.h **** }
3369:Drivers/STM32WBxx_HAL_Driver/Inc/stm32wbxx_ll_rcc.h **** 
3370:Drivers/STM32WBxx_HAL_Driver/Inc/stm32wbxx_ll_rcc.h **** /**
3371:Drivers/STM32WBxx_HAL_Driver/Inc/stm32wbxx_ll_rcc.h ****   * @brief  Check if PLL output mapped on 48MHz domain clock is enabled
3372:Drivers/STM32WBxx_HAL_Driver/Inc/stm32wbxx_ll_rcc.h ****   * @rmtoll PLLCFGR      PLLQEN        LL_RCC_PLL_IsEnabledDomain_48M
3373:Drivers/STM32WBxx_HAL_Driver/Inc/stm32wbxx_ll_rcc.h ****   * @retval State of bit (1 or 0).
3374:Drivers/STM32WBxx_HAL_Driver/Inc/stm32wbxx_ll_rcc.h ****   */
3375:Drivers/STM32WBxx_HAL_Driver/Inc/stm32wbxx_ll_rcc.h **** __STATIC_INLINE uint32_t LL_RCC_PLL_IsEnabledDomain_48M(void)
3376:Drivers/STM32WBxx_HAL_Driver/Inc/stm32wbxx_ll_rcc.h **** {
3377:Drivers/STM32WBxx_HAL_Driver/Inc/stm32wbxx_ll_rcc.h ****   return ((READ_BIT(RCC->PLLCFGR, RCC_PLLCFGR_PLLQEN) == (RCC_PLLCFGR_PLLQEN)) ? 1UL : 0UL);
3378:Drivers/STM32WBxx_HAL_Driver/Inc/stm32wbxx_ll_rcc.h **** }
3379:Drivers/STM32WBxx_HAL_Driver/Inc/stm32wbxx_ll_rcc.h **** 
3380:Drivers/STM32WBxx_HAL_Driver/Inc/stm32wbxx_ll_rcc.h **** /**
3381:Drivers/STM32WBxx_HAL_Driver/Inc/stm32wbxx_ll_rcc.h ****   * @brief  Enable PLL output mapped on SYSCLK domain
3382:Drivers/STM32WBxx_HAL_Driver/Inc/stm32wbxx_ll_rcc.h ****   * @rmtoll PLLCFGR      PLLREN        LL_RCC_PLL_EnableDomain_SYS
3383:Drivers/STM32WBxx_HAL_Driver/Inc/stm32wbxx_ll_rcc.h ****   * @retval None
3384:Drivers/STM32WBxx_HAL_Driver/Inc/stm32wbxx_ll_rcc.h ****   */
3385:Drivers/STM32WBxx_HAL_Driver/Inc/stm32wbxx_ll_rcc.h **** __STATIC_INLINE void LL_RCC_PLL_EnableDomain_SYS(void)
3386:Drivers/STM32WBxx_HAL_Driver/Inc/stm32wbxx_ll_rcc.h **** {
3387:Drivers/STM32WBxx_HAL_Driver/Inc/stm32wbxx_ll_rcc.h ****   SET_BIT(RCC->PLLCFGR, RCC_PLLCFGR_PLLREN);
3388:Drivers/STM32WBxx_HAL_Driver/Inc/stm32wbxx_ll_rcc.h **** }
3389:Drivers/STM32WBxx_HAL_Driver/Inc/stm32wbxx_ll_rcc.h **** 
3390:Drivers/STM32WBxx_HAL_Driver/Inc/stm32wbxx_ll_rcc.h **** /**
3391:Drivers/STM32WBxx_HAL_Driver/Inc/stm32wbxx_ll_rcc.h ****   * @brief  Disable PLL output mapped on SYSCLK domain
3392:Drivers/STM32WBxx_HAL_Driver/Inc/stm32wbxx_ll_rcc.h ****   * @note Cannot be disabled if the PLL clock is used as the system clock
3393:Drivers/STM32WBxx_HAL_Driver/Inc/stm32wbxx_ll_rcc.h ****   * @note In order to save power, when the PLLCLK  of the PLL is
3394:Drivers/STM32WBxx_HAL_Driver/Inc/stm32wbxx_ll_rcc.h ****   *       not used, Main PLL  should be 0
3395:Drivers/STM32WBxx_HAL_Driver/Inc/stm32wbxx_ll_rcc.h ****   * @rmtoll PLLCFGR      PLLREN        LL_RCC_PLL_DisableDomain_SYS
3396:Drivers/STM32WBxx_HAL_Driver/Inc/stm32wbxx_ll_rcc.h ****   * @retval None
3397:Drivers/STM32WBxx_HAL_Driver/Inc/stm32wbxx_ll_rcc.h ****   */
3398:Drivers/STM32WBxx_HAL_Driver/Inc/stm32wbxx_ll_rcc.h **** __STATIC_INLINE void LL_RCC_PLL_DisableDomain_SYS(void)
3399:Drivers/STM32WBxx_HAL_Driver/Inc/stm32wbxx_ll_rcc.h **** {
3400:Drivers/STM32WBxx_HAL_Driver/Inc/stm32wbxx_ll_rcc.h ****   CLEAR_BIT(RCC->PLLCFGR, RCC_PLLCFGR_PLLREN);
3401:Drivers/STM32WBxx_HAL_Driver/Inc/stm32wbxx_ll_rcc.h **** }
3402:Drivers/STM32WBxx_HAL_Driver/Inc/stm32wbxx_ll_rcc.h **** 
3403:Drivers/STM32WBxx_HAL_Driver/Inc/stm32wbxx_ll_rcc.h **** /**
3404:Drivers/STM32WBxx_HAL_Driver/Inc/stm32wbxx_ll_rcc.h ****   * @brief  Check if PLL output mapped on SYSCLK domain clock is enabled
3405:Drivers/STM32WBxx_HAL_Driver/Inc/stm32wbxx_ll_rcc.h ****   * @rmtoll PLLCFGR      RCC_PLLCFGR_PLLREN        LL_RCC_PLL_LL_RCC_PLL_IsEnabledDomain_SYSIsEnabl
3406:Drivers/STM32WBxx_HAL_Driver/Inc/stm32wbxx_ll_rcc.h ****   * @retval State of bit (1 or 0).
3407:Drivers/STM32WBxx_HAL_Driver/Inc/stm32wbxx_ll_rcc.h ****   */
3408:Drivers/STM32WBxx_HAL_Driver/Inc/stm32wbxx_ll_rcc.h **** __STATIC_INLINE uint32_t LL_RCC_PLL_IsEnabledDomain_SYS(void)
3409:Drivers/STM32WBxx_HAL_Driver/Inc/stm32wbxx_ll_rcc.h **** {
3410:Drivers/STM32WBxx_HAL_Driver/Inc/stm32wbxx_ll_rcc.h ****   return ((READ_BIT(RCC->PLLCFGR, RCC_PLLCFGR_PLLREN) == (RCC_PLLCFGR_PLLREN)) ? 1UL : 0UL);
3411:Drivers/STM32WBxx_HAL_Driver/Inc/stm32wbxx_ll_rcc.h **** }
3412:Drivers/STM32WBxx_HAL_Driver/Inc/stm32wbxx_ll_rcc.h **** 
3413:Drivers/STM32WBxx_HAL_Driver/Inc/stm32wbxx_ll_rcc.h **** /**
3414:Drivers/STM32WBxx_HAL_Driver/Inc/stm32wbxx_ll_rcc.h ****   * @}
3415:Drivers/STM32WBxx_HAL_Driver/Inc/stm32wbxx_ll_rcc.h ****   */
3416:Drivers/STM32WBxx_HAL_Driver/Inc/stm32wbxx_ll_rcc.h **** 
3417:Drivers/STM32WBxx_HAL_Driver/Inc/stm32wbxx_ll_rcc.h **** #if defined(SAI1)
3418:Drivers/STM32WBxx_HAL_Driver/Inc/stm32wbxx_ll_rcc.h **** /** @defgroup RCC_LL_EF_PLLSAI1 PLLSAI1
3419:Drivers/STM32WBxx_HAL_Driver/Inc/stm32wbxx_ll_rcc.h ****   * @{
3420:Drivers/STM32WBxx_HAL_Driver/Inc/stm32wbxx_ll_rcc.h ****   */
3421:Drivers/STM32WBxx_HAL_Driver/Inc/stm32wbxx_ll_rcc.h **** 
ARM GAS  /var/folders/98/ctz5mtps7w71v8dr53cf5qg40000gn/T//ccdzqVkO.s 			page 103


3422:Drivers/STM32WBxx_HAL_Driver/Inc/stm32wbxx_ll_rcc.h **** /**
3423:Drivers/STM32WBxx_HAL_Driver/Inc/stm32wbxx_ll_rcc.h ****   * @brief  Enable PLLSAI1
3424:Drivers/STM32WBxx_HAL_Driver/Inc/stm32wbxx_ll_rcc.h ****   * @rmtoll CR           PLLSAI1ON     LL_RCC_PLLSAI1_Enable
3425:Drivers/STM32WBxx_HAL_Driver/Inc/stm32wbxx_ll_rcc.h ****   * @retval None
3426:Drivers/STM32WBxx_HAL_Driver/Inc/stm32wbxx_ll_rcc.h ****   */
3427:Drivers/STM32WBxx_HAL_Driver/Inc/stm32wbxx_ll_rcc.h **** __STATIC_INLINE void LL_RCC_PLLSAI1_Enable(void)
3428:Drivers/STM32WBxx_HAL_Driver/Inc/stm32wbxx_ll_rcc.h **** {
3429:Drivers/STM32WBxx_HAL_Driver/Inc/stm32wbxx_ll_rcc.h ****   SET_BIT(RCC->CR, RCC_CR_PLLSAI1ON);
3430:Drivers/STM32WBxx_HAL_Driver/Inc/stm32wbxx_ll_rcc.h **** }
3431:Drivers/STM32WBxx_HAL_Driver/Inc/stm32wbxx_ll_rcc.h **** 
3432:Drivers/STM32WBxx_HAL_Driver/Inc/stm32wbxx_ll_rcc.h **** /**
3433:Drivers/STM32WBxx_HAL_Driver/Inc/stm32wbxx_ll_rcc.h ****   * @brief  Disable PLLSAI1
3434:Drivers/STM32WBxx_HAL_Driver/Inc/stm32wbxx_ll_rcc.h ****   * @rmtoll CR           PLLSAI1ON     LL_RCC_PLLSAI1_Disable
3435:Drivers/STM32WBxx_HAL_Driver/Inc/stm32wbxx_ll_rcc.h ****   * @retval None
3436:Drivers/STM32WBxx_HAL_Driver/Inc/stm32wbxx_ll_rcc.h ****   */
3437:Drivers/STM32WBxx_HAL_Driver/Inc/stm32wbxx_ll_rcc.h **** __STATIC_INLINE void LL_RCC_PLLSAI1_Disable(void)
3438:Drivers/STM32WBxx_HAL_Driver/Inc/stm32wbxx_ll_rcc.h **** {
3439:Drivers/STM32WBxx_HAL_Driver/Inc/stm32wbxx_ll_rcc.h ****   CLEAR_BIT(RCC->CR, RCC_CR_PLLSAI1ON);
3440:Drivers/STM32WBxx_HAL_Driver/Inc/stm32wbxx_ll_rcc.h **** }
3441:Drivers/STM32WBxx_HAL_Driver/Inc/stm32wbxx_ll_rcc.h **** 
3442:Drivers/STM32WBxx_HAL_Driver/Inc/stm32wbxx_ll_rcc.h **** /**
3443:Drivers/STM32WBxx_HAL_Driver/Inc/stm32wbxx_ll_rcc.h ****   * @brief  Check if PLLSAI1 Ready
3444:Drivers/STM32WBxx_HAL_Driver/Inc/stm32wbxx_ll_rcc.h ****   * @rmtoll CR           PLLSAI1RDY    LL_RCC_PLLSAI1_IsReady
3445:Drivers/STM32WBxx_HAL_Driver/Inc/stm32wbxx_ll_rcc.h ****   * @retval State of bit (1 or 0).
3446:Drivers/STM32WBxx_HAL_Driver/Inc/stm32wbxx_ll_rcc.h ****   */
3447:Drivers/STM32WBxx_HAL_Driver/Inc/stm32wbxx_ll_rcc.h **** __STATIC_INLINE uint32_t LL_RCC_PLLSAI1_IsReady(void)
 498              		.loc 2 3447 26 view .LVU138
 499              	.LBB242:
3448:Drivers/STM32WBxx_HAL_Driver/Inc/stm32wbxx_ll_rcc.h **** {
3449:Drivers/STM32WBxx_HAL_Driver/Inc/stm32wbxx_ll_rcc.h ****   return ((READ_BIT(RCC->CR, RCC_CR_PLLSAI1RDY) == (RCC_CR_PLLSAI1RDY)) ? 1UL : 0UL);
 500              		.loc 2 3449 3 view .LVU139
 501              		.loc 2 3449 12 is_stmt 0 view .LVU140
 502 00ae 4FF0B043 		mov	r3, #1476395008
 503 00b2 1B68     		ldr	r3, [r3]
 504              		.loc 2 3449 79 view .LVU141
 505 00b4 13F0006F 		tst	r3, #134217728
 506 00b8 1ED1     		bne	.L36
 507              	.LBE242:
 508              	.LBE241:
 348:Drivers/STM32WBxx_HAL_Driver/Src/stm32wbxx_hal_rcc.c ****             RCC_PLLSAI1CFGR_PLLP_1 | RCC_PLLSAI1CFGR_PLLN_0);
 509              		.loc 1 348 3 is_stmt 1 view .LVU142
 510 00ba 4FF0B043 		mov	r3, #1476395008
 511 00be 134A     		ldr	r2, .L42+4
 512 00c0 1A61     		str	r2, [r3, #16]
 353:Drivers/STM32WBxx_HAL_Driver/Src/stm32wbxx_hal_rcc.c **** 
 513              		.loc 1 353 3 view .LVU143
 514 00c2 0022     		movs	r2, #0
 515 00c4 9A61     		str	r2, [r3, #24]
 356:Drivers/STM32WBxx_HAL_Driver/Src/stm32wbxx_hal_rcc.c **** 
 516              		.loc 1 356 3 view .LVU144
 517 00c6 4FF0FF32 		mov	r2, #-1
 518 00ca 1A62     		str	r2, [r3, #32]
 359:Drivers/STM32WBxx_HAL_Driver/Src/stm32wbxx_hal_rcc.c **** 
 519              		.loc 1 359 3 view .LVU145
 520 00cc 4FF44032 		mov	r2, #196608
 521 00d0 C3F80821 		str	r2, [r3, #264]
 362:Drivers/STM32WBxx_HAL_Driver/Src/stm32wbxx_hal_rcc.c **** 
ARM GAS  /var/folders/98/ctz5mtps7w71v8dr53cf5qg40000gn/T//ccdzqVkO.s 			page 104


 522              		.loc 1 362 3 view .LVU146
 362:Drivers/STM32WBxx_HAL_Driver/Src/stm32wbxx_hal_rcc.c **** 
 523              		.loc 1 362 19 is_stmt 0 view .LVU147
 524 00d4 0E4B     		ldr	r3, .L42+8
 525 00d6 0F4A     		ldr	r2, .L42+12
 526 00d8 1A60     		str	r2, [r3]
 365:Drivers/STM32WBxx_HAL_Driver/Src/stm32wbxx_hal_rcc.c ****   {
 527              		.loc 1 365 3 is_stmt 1 view .LVU148
 365:Drivers/STM32WBxx_HAL_Driver/Src/stm32wbxx_hal_rcc.c ****   {
 528              		.loc 1 365 7 is_stmt 0 view .LVU149
 529 00da 0F4B     		ldr	r3, .L42+16
 530 00dc 1868     		ldr	r0, [r3]
 531 00de FFF7FEFF 		bl	HAL_InitTick
 532              	.LVL45:
 365:Drivers/STM32WBxx_HAL_Driver/Src/stm32wbxx_hal_rcc.c ****   {
 533              		.loc 1 365 6 discriminator 1 view .LVU150
 534 00e2 0028     		cmp	r0, #0
 535 00e4 C5D0     		beq	.L30
 367:Drivers/STM32WBxx_HAL_Driver/Src/stm32wbxx_hal_rcc.c ****   }
 536              		.loc 1 367 12 view .LVU151
 537 00e6 0120     		movs	r0, #1
 538 00e8 C3E7     		b	.L30
 539              	.L33:
 326:Drivers/STM32WBxx_HAL_Driver/Src/stm32wbxx_hal_rcc.c ****     {
 540              		.loc 1 326 5 is_stmt 1 view .LVU152
 326:Drivers/STM32WBxx_HAL_Driver/Src/stm32wbxx_hal_rcc.c ****     {
 541              		.loc 1 326 10 is_stmt 0 view .LVU153
 542 00ea FFF7FEFF 		bl	HAL_GetTick
 543              	.LVL46:
 326:Drivers/STM32WBxx_HAL_Driver/Src/stm32wbxx_hal_rcc.c ****     {
 544              		.loc 1 326 24 discriminator 1 view .LVU154
 545 00ee 001B     		subs	r0, r0, r4
 326:Drivers/STM32WBxx_HAL_Driver/Src/stm32wbxx_hal_rcc.c ****     {
 546              		.loc 1 326 8 discriminator 1 view .LVU155
 547 00f0 0228     		cmp	r0, #2
 548 00f2 CFD9     		bls	.L35
 328:Drivers/STM32WBxx_HAL_Driver/Src/stm32wbxx_hal_rcc.c ****     }
 549              		.loc 1 328 14 view .LVU156
 550 00f4 0320     		movs	r0, #3
 551 00f6 BCE7     		b	.L30
 552              	.L36:
 342:Drivers/STM32WBxx_HAL_Driver/Src/stm32wbxx_hal_rcc.c ****     {
 553              		.loc 1 342 5 is_stmt 1 view .LVU157
 342:Drivers/STM32WBxx_HAL_Driver/Src/stm32wbxx_hal_rcc.c ****     {
 554              		.loc 1 342 10 is_stmt 0 view .LVU158
 555 00f8 FFF7FEFF 		bl	HAL_GetTick
 556              	.LVL47:
 342:Drivers/STM32WBxx_HAL_Driver/Src/stm32wbxx_hal_rcc.c ****     {
 557              		.loc 1 342 24 discriminator 1 view .LVU159
 558 00fc 001B     		subs	r0, r0, r4
 342:Drivers/STM32WBxx_HAL_Driver/Src/stm32wbxx_hal_rcc.c ****     {
 559              		.loc 1 342 8 discriminator 1 view .LVU160
 560 00fe 0228     		cmp	r0, #2
 561 0100 D5D9     		bls	.L34
 344:Drivers/STM32WBxx_HAL_Driver/Src/stm32wbxx_hal_rcc.c ****     }
 562              		.loc 1 344 14 view .LVU161
 563 0102 0320     		movs	r0, #3
ARM GAS  /var/folders/98/ctz5mtps7w71v8dr53cf5qg40000gn/T//ccdzqVkO.s 			page 105


 564 0104 B5E7     		b	.L30
 565              	.L43:
 566 0106 00BF     		.align	2
 567              	.L42:
 568 0108 FFF4EEFA 		.word	-85003009
 569 010c 00010422 		.word	570687744
 570 0110 00000000 		.word	SystemCoreClock
 571 0114 00093D00 		.word	4000000
 572 0118 00000000 		.word	uwTickPrio
 573              		.cfi_endproc
 574              	.LFE950:
 576              		.section	.text.HAL_RCC_MCOConfig,"ax",%progbits
 577              		.align	1
 578              		.global	HAL_RCC_MCOConfig
 579              		.syntax unified
 580              		.thumb
 581              		.thumb_func
 583              	HAL_RCC_MCOConfig:
 584              	.LVL48:
 585              	.LFB953:
1318:Drivers/STM32WBxx_HAL_Driver/Src/stm32wbxx_hal_rcc.c ****   GPIO_InitTypeDef gpio_initstruct;
 586              		.loc 1 1318 1 is_stmt 1 view -0
 587              		.cfi_startproc
 588              		@ args = 0, pretend = 0, frame = 24
 589              		@ frame_needed = 0, uses_anonymous_args = 0
1318:Drivers/STM32WBxx_HAL_Driver/Src/stm32wbxx_hal_rcc.c ****   GPIO_InitTypeDef gpio_initstruct;
 590              		.loc 1 1318 1 is_stmt 0 view .LVU163
 591 0000 70B5     		push	{r4, r5, r6, lr}
 592              	.LCFI5:
 593              		.cfi_def_cfa_offset 16
 594              		.cfi_offset 4, -16
 595              		.cfi_offset 5, -12
 596              		.cfi_offset 6, -8
 597              		.cfi_offset 14, -4
 598 0002 86B0     		sub	sp, sp, #24
 599              	.LCFI6:
 600              		.cfi_def_cfa_offset 40
 601 0004 0C46     		mov	r4, r1
 602 0006 1546     		mov	r5, r2
1319:Drivers/STM32WBxx_HAL_Driver/Src/stm32wbxx_hal_rcc.c ****   uint32_t mcoindex;
 603              		.loc 1 1319 3 is_stmt 1 view .LVU164
1320:Drivers/STM32WBxx_HAL_Driver/Src/stm32wbxx_hal_rcc.c ****   uint32_t mco_gpio_index;
 604              		.loc 1 1320 3 view .LVU165
1321:Drivers/STM32WBxx_HAL_Driver/Src/stm32wbxx_hal_rcc.c ****   GPIO_TypeDef *mco_gpio_port;
 605              		.loc 1 1321 3 view .LVU166
1322:Drivers/STM32WBxx_HAL_Driver/Src/stm32wbxx_hal_rcc.c **** 
 606              		.loc 1 1322 3 view .LVU167
1325:Drivers/STM32WBxx_HAL_Driver/Src/stm32wbxx_hal_rcc.c **** 
 607              		.loc 1 1325 3 view .LVU168
1328:Drivers/STM32WBxx_HAL_Driver/Src/stm32wbxx_hal_rcc.c ****   gpio_initstruct.Speed     = GPIO_SPEED_FREQ_VERY_HIGH;
 608              		.loc 1 1328 3 view .LVU169
1328:Drivers/STM32WBxx_HAL_Driver/Src/stm32wbxx_hal_rcc.c ****   gpio_initstruct.Speed     = GPIO_SPEED_FREQ_VERY_HIGH;
 609              		.loc 1 1328 29 is_stmt 0 view .LVU170
 610 0008 0223     		movs	r3, #2
 611 000a 0293     		str	r3, [sp, #8]
1329:Drivers/STM32WBxx_HAL_Driver/Src/stm32wbxx_hal_rcc.c ****   gpio_initstruct.Pull      = GPIO_NOPULL;
 612              		.loc 1 1329 3 is_stmt 1 view .LVU171
ARM GAS  /var/folders/98/ctz5mtps7w71v8dr53cf5qg40000gn/T//ccdzqVkO.s 			page 106


1329:Drivers/STM32WBxx_HAL_Driver/Src/stm32wbxx_hal_rcc.c ****   gpio_initstruct.Pull      = GPIO_NOPULL;
 613              		.loc 1 1329 29 is_stmt 0 view .LVU172
 614 000c 0323     		movs	r3, #3
 615 000e 0493     		str	r3, [sp, #16]
1330:Drivers/STM32WBxx_HAL_Driver/Src/stm32wbxx_hal_rcc.c **** 
 616              		.loc 1 1330 3 is_stmt 1 view .LVU173
1330:Drivers/STM32WBxx_HAL_Driver/Src/stm32wbxx_hal_rcc.c **** 
 617              		.loc 1 1330 29 is_stmt 0 view .LVU174
 618 0010 0023     		movs	r3, #0
 619 0012 0393     		str	r3, [sp, #12]
1333:Drivers/STM32WBxx_HAL_Driver/Src/stm32wbxx_hal_rcc.c **** 
 620              		.loc 1 1333 3 is_stmt 1 view .LVU175
1333:Drivers/STM32WBxx_HAL_Driver/Src/stm32wbxx_hal_rcc.c **** 
 621              		.loc 1 1333 12 is_stmt 0 view .LVU176
 622 0014 00F08056 		and	r6, r0, #268435456
 623              	.LVL49:
1336:Drivers/STM32WBxx_HAL_Driver/Src/stm32wbxx_hal_rcc.c **** 
 624              		.loc 1 1336 3 is_stmt 1 view .LVU177
1336:Drivers/STM32WBxx_HAL_Driver/Src/stm32wbxx_hal_rcc.c **** 
 625              		.loc 1 1336 36 is_stmt 0 view .LVU178
 626 0018 C0F3034C 		ubfx	ip, r0, #16, #4
 627 001c 0CF5901E 		add	lr, ip, #1179648
 628              	.LVL50:
1339:Drivers/STM32WBxx_HAL_Driver/Src/stm32wbxx_hal_rcc.c ****   SET_BIT(RCC->AHB2ENR, (1UL << mco_gpio_index));
 629              		.loc 1 1339 3 is_stmt 1 view .LVU179
1340:Drivers/STM32WBxx_HAL_Driver/Src/stm32wbxx_hal_rcc.c **** 
 630              		.loc 1 1340 3 view .LVU180
 631 0020 4FF0B041 		mov	r1, #1476395008
 632              	.LVL51:
1340:Drivers/STM32WBxx_HAL_Driver/Src/stm32wbxx_hal_rcc.c **** 
 633              		.loc 1 1340 3 is_stmt 0 view .LVU181
 634 0024 CB6C     		ldr	r3, [r1, #76]
 635 0026 0122     		movs	r2, #1
 636              	.LVL52:
1340:Drivers/STM32WBxx_HAL_Driver/Src/stm32wbxx_hal_rcc.c **** 
 637              		.loc 1 1340 3 view .LVU182
 638 0028 02FA0CF2 		lsl	r2, r2, ip
 639 002c 1343     		orrs	r3, r3, r2
 640 002e CB64     		str	r3, [r1, #76]
1343:Drivers/STM32WBxx_HAL_Driver/Src/stm32wbxx_hal_rcc.c ****   gpio_initstruct.Alternate = RCC_GET_MCO_GPIO_AF(RCC_MCOx);
 641              		.loc 1 1343 3 is_stmt 1 view .LVU183
1343:Drivers/STM32WBxx_HAL_Driver/Src/stm32wbxx_hal_rcc.c ****   gpio_initstruct.Alternate = RCC_GET_MCO_GPIO_AF(RCC_MCOx);
 642              		.loc 1 1343 25 is_stmt 0 view .LVU184
 643 0030 83B2     		uxth	r3, r0
1343:Drivers/STM32WBxx_HAL_Driver/Src/stm32wbxx_hal_rcc.c ****   gpio_initstruct.Alternate = RCC_GET_MCO_GPIO_AF(RCC_MCOx);
 644              		.loc 1 1343 23 view .LVU185
 645 0032 0193     		str	r3, [sp, #4]
1344:Drivers/STM32WBxx_HAL_Driver/Src/stm32wbxx_hal_rcc.c ****   HAL_GPIO_Init(mco_gpio_port, &gpio_initstruct);
 646              		.loc 1 1344 3 is_stmt 1 view .LVU186
1344:Drivers/STM32WBxx_HAL_Driver/Src/stm32wbxx_hal_rcc.c ****   HAL_GPIO_Init(mco_gpio_port, &gpio_initstruct);
 647              		.loc 1 1344 31 is_stmt 0 view .LVU187
 648 0034 C0F30750 		ubfx	r0, r0, #20, #8
 649              	.LVL53:
1344:Drivers/STM32WBxx_HAL_Driver/Src/stm32wbxx_hal_rcc.c ****   HAL_GPIO_Init(mco_gpio_port, &gpio_initstruct);
 650              		.loc 1 1344 29 view .LVU188
 651 0038 0590     		str	r0, [sp, #20]
1345:Drivers/STM32WBxx_HAL_Driver/Src/stm32wbxx_hal_rcc.c **** 
ARM GAS  /var/folders/98/ctz5mtps7w71v8dr53cf5qg40000gn/T//ccdzqVkO.s 			page 107


 652              		.loc 1 1345 3 is_stmt 1 view .LVU189
 653 003a 01A9     		add	r1, sp, #4
 654 003c 4FEA8E20 		lsl	r0, lr, #10
 655              	.LVL54:
1345:Drivers/STM32WBxx_HAL_Driver/Src/stm32wbxx_hal_rcc.c **** 
 656              		.loc 1 1345 3 is_stmt 0 view .LVU190
 657 0040 FFF7FEFF 		bl	HAL_GPIO_Init
 658              	.LVL55:
1347:Drivers/STM32WBxx_HAL_Driver/Src/stm32wbxx_hal_rcc.c ****   {
 659              		.loc 1 1347 3 is_stmt 1 view .LVU191
1347:Drivers/STM32WBxx_HAL_Driver/Src/stm32wbxx_hal_rcc.c ****   {
 660              		.loc 1 1347 6 is_stmt 0 view .LVU192
 661 0044 4EB9     		cbnz	r6, .L45
1349:Drivers/STM32WBxx_HAL_Driver/Src/stm32wbxx_hal_rcc.c ****     assert_param(IS_RCC_MCO1SOURCE(RCC_MCOSource));
 662              		.loc 1 1349 5 is_stmt 1 view .LVU193
1350:Drivers/STM32WBxx_HAL_Driver/Src/stm32wbxx_hal_rcc.c ****     /* Mask MCOSEL[] and MCOPRE[] bits then set MCO clock source and prescaler */
 663              		.loc 1 1350 5 view .LVU194
1352:Drivers/STM32WBxx_HAL_Driver/Src/stm32wbxx_hal_rcc.c ****   }
 664              		.loc 1 1352 5 view .LVU195
 665              	.LVL56:
 666              	.LBB243:
 667              	.LBI243:
2484:Drivers/STM32WBxx_HAL_Driver/Inc/stm32wbxx_ll_rcc.h **** {
 668              		.loc 2 2484 22 view .LVU196
 669              	.LBB244:
2486:Drivers/STM32WBxx_HAL_Driver/Inc/stm32wbxx_ll_rcc.h **** }
 670              		.loc 2 2486 3 view .LVU197
 671 0046 4FF0B042 		mov	r2, #1476395008
 672 004a 9368     		ldr	r3, [r2, #8]
 673 004c 23F0FE43 		bic	r3, r3, #2130706432
 674 0050 2543     		orrs	r5, r5, r4
 675              	.LVL57:
2486:Drivers/STM32WBxx_HAL_Driver/Inc/stm32wbxx_ll_rcc.h **** }
 676              		.loc 2 2486 3 is_stmt 0 view .LVU198
 677 0052 1D43     		orrs	r5, r5, r3
 678 0054 9560     		str	r5, [r2, #8]
 679              	.LVL58:
 680              	.L44:
2486:Drivers/STM32WBxx_HAL_Driver/Inc/stm32wbxx_ll_rcc.h **** }
 681              		.loc 2 2486 3 view .LVU199
 682              	.LBE244:
 683              	.LBE243:
1372:Drivers/STM32WBxx_HAL_Driver/Src/stm32wbxx_hal_rcc.c **** 
 684              		.loc 1 1372 1 view .LVU200
 685 0056 06B0     		add	sp, sp, #24
 686              	.LCFI7:
 687              		.cfi_remember_state
 688              		.cfi_def_cfa_offset 16
 689              		@ sp needed
 690 0058 70BD     		pop	{r4, r5, r6, pc}
 691              	.LVL59:
 692              	.L45:
 693              	.LCFI8:
 694              		.cfi_restore_state
1354:Drivers/STM32WBxx_HAL_Driver/Src/stm32wbxx_hal_rcc.c ****   {
 695              		.loc 1 1354 8 is_stmt 1 view .LVU201
1356:Drivers/STM32WBxx_HAL_Driver/Src/stm32wbxx_hal_rcc.c ****     assert_param(IS_RCC_MCO2SOURCE(RCC_MCOSource));
ARM GAS  /var/folders/98/ctz5mtps7w71v8dr53cf5qg40000gn/T//ccdzqVkO.s 			page 108


 696              		.loc 1 1356 5 view .LVU202
1357:Drivers/STM32WBxx_HAL_Driver/Src/stm32wbxx_hal_rcc.c ****     /* Mask MCOSEL[] and MCOPRE[] bits then set MCO clock source and prescaler */
 697              		.loc 1 1357 5 view .LVU203
1359:Drivers/STM32WBxx_HAL_Driver/Src/stm32wbxx_hal_rcc.c ****   }
 698              		.loc 1 1359 5 view .LVU204
 699              	.LBB245:
 700              	.LBI245:
2484:Drivers/STM32WBxx_HAL_Driver/Inc/stm32wbxx_ll_rcc.h **** {
 701              		.loc 2 2484 22 view .LVU205
 702              	.LBB246:
2486:Drivers/STM32WBxx_HAL_Driver/Inc/stm32wbxx_ll_rcc.h **** }
 703              		.loc 2 2486 3 view .LVU206
 704 005a 4FF0B042 		mov	r2, #1476395008
 705 005e 9368     		ldr	r3, [r2, #8]
 706 0060 23F0FE43 		bic	r3, r3, #2130706432
 707 0064 2C43     		orrs	r4, r4, r5
 708              	.LVL60:
2486:Drivers/STM32WBxx_HAL_Driver/Inc/stm32wbxx_ll_rcc.h **** }
 709              		.loc 2 2486 3 is_stmt 0 view .LVU207
 710 0066 1C43     		orrs	r4, r4, r3
 711 0068 9460     		str	r4, [r2, #8]
 712              	.LVL61:
2486:Drivers/STM32WBxx_HAL_Driver/Inc/stm32wbxx_ll_rcc.h **** }
 713              		.loc 2 2486 3 view .LVU208
 714              	.LBE246:
 715              	.LBE245:
1371:Drivers/STM32WBxx_HAL_Driver/Src/stm32wbxx_hal_rcc.c **** }
 716              		.loc 1 1371 4 is_stmt 1 view .LVU209
1372:Drivers/STM32WBxx_HAL_Driver/Src/stm32wbxx_hal_rcc.c **** 
 717              		.loc 1 1372 1 is_stmt 0 view .LVU210
 718 006a F4E7     		b	.L44
 719              		.cfi_endproc
 720              	.LFE953:
 722              		.section	.text.HAL_RCC_GetSysClockFreq,"ax",%progbits
 723              		.align	1
 724              		.global	HAL_RCC_GetSysClockFreq
 725              		.syntax unified
 726              		.thumb
 727              		.thumb_func
 729              	HAL_RCC_GetSysClockFreq:
 730              	.LFB954:
1406:Drivers/STM32WBxx_HAL_Driver/Src/stm32wbxx_hal_rcc.c ****   uint32_t pllsource;
 731              		.loc 1 1406 1 is_stmt 1 view -0
 732              		.cfi_startproc
 733              		@ args = 0, pretend = 0, frame = 0
 734              		@ frame_needed = 0, uses_anonymous_args = 0
 735              		@ link register save eliminated.
1407:Drivers/STM32WBxx_HAL_Driver/Src/stm32wbxx_hal_rcc.c ****   uint32_t sysclockfreq;
 736              		.loc 1 1407 3 view .LVU212
1408:Drivers/STM32WBxx_HAL_Driver/Src/stm32wbxx_hal_rcc.c ****   uint32_t pllinputfreq;
 737              		.loc 1 1408 3 view .LVU213
1409:Drivers/STM32WBxx_HAL_Driver/Src/stm32wbxx_hal_rcc.c ****   const uint32_t temp_sysclksrc = __HAL_RCC_GET_SYSCLK_SOURCE();
 738              		.loc 1 1409 3 view .LVU214
1410:Drivers/STM32WBxx_HAL_Driver/Src/stm32wbxx_hal_rcc.c **** 
 739              		.loc 1 1410 3 view .LVU215
 740              	.LBB247:
 741              	.LBI247:
ARM GAS  /var/folders/98/ctz5mtps7w71v8dr53cf5qg40000gn/T//ccdzqVkO.s 			page 109


2072:Drivers/STM32WBxx_HAL_Driver/Inc/stm32wbxx_ll_rcc.h **** {
 742              		.loc 2 2072 26 view .LVU216
 743              	.LBB248:
2074:Drivers/STM32WBxx_HAL_Driver/Inc/stm32wbxx_ll_rcc.h **** }
 744              		.loc 2 2074 3 view .LVU217
2074:Drivers/STM32WBxx_HAL_Driver/Inc/stm32wbxx_ll_rcc.h **** }
 745              		.loc 2 2074 21 is_stmt 0 view .LVU218
 746 0000 4FF0B043 		mov	r3, #1476395008
 747 0004 9B68     		ldr	r3, [r3, #8]
 748              	.LVL62:
2074:Drivers/STM32WBxx_HAL_Driver/Inc/stm32wbxx_ll_rcc.h **** }
 749              		.loc 2 2074 21 view .LVU219
 750              	.LBE248:
 751              	.LBE247:
1412:Drivers/STM32WBxx_HAL_Driver/Src/stm32wbxx_hal_rcc.c ****   {
 752              		.loc 1 1412 3 is_stmt 1 view .LVU220
1412:Drivers/STM32WBxx_HAL_Driver/Src/stm32wbxx_hal_rcc.c ****   {
 753              		.loc 1 1412 6 is_stmt 0 view .LVU221
 754 0006 13F00C03 		ands	r3, r3, #12
 755              	.LVL63:
1412:Drivers/STM32WBxx_HAL_Driver/Src/stm32wbxx_hal_rcc.c ****   {
 756              		.loc 1 1412 6 view .LVU222
 757 000a 0DD1     		bne	.L49
1416:Drivers/STM32WBxx_HAL_Driver/Src/stm32wbxx_hal_rcc.c ****   }
 758              		.loc 1 1416 5 is_stmt 1 view .LVU223
 759              	.LBB249:
 760              	.LBI249:
1942:Drivers/STM32WBxx_HAL_Driver/Inc/stm32wbxx_ll_rcc.h **** {
 761              		.loc 2 1942 26 view .LVU224
 762              	.LBB250:
1944:Drivers/STM32WBxx_HAL_Driver/Inc/stm32wbxx_ll_rcc.h ****   if (msiRange > LL_RCC_MSIRANGE_11)
 763              		.loc 2 1944 3 view .LVU225
1944:Drivers/STM32WBxx_HAL_Driver/Inc/stm32wbxx_ll_rcc.h ****   if (msiRange > LL_RCC_MSIRANGE_11)
 764              		.loc 2 1944 23 is_stmt 0 view .LVU226
 765 000c 4FF0B043 		mov	r3, #1476395008
 766              	.LVL64:
1944:Drivers/STM32WBxx_HAL_Driver/Inc/stm32wbxx_ll_rcc.h ****   if (msiRange > LL_RCC_MSIRANGE_11)
 767              		.loc 2 1944 23 view .LVU227
 768 0010 1B68     		ldr	r3, [r3]
1944:Drivers/STM32WBxx_HAL_Driver/Inc/stm32wbxx_ll_rcc.h ****   if (msiRange > LL_RCC_MSIRANGE_11)
 769              		.loc 2 1944 12 view .LVU228
 770 0012 03F0F003 		and	r3, r3, #240
 771              	.LVL65:
1945:Drivers/STM32WBxx_HAL_Driver/Inc/stm32wbxx_ll_rcc.h ****   {
 772              		.loc 2 1945 3 is_stmt 1 view .LVU229
1945:Drivers/STM32WBxx_HAL_Driver/Inc/stm32wbxx_ll_rcc.h ****   {
 773              		.loc 2 1945 6 is_stmt 0 view .LVU230
 774 0016 B02B     		cmp	r3, #176
 775 0018 04D8     		bhi	.L62
 776              	.LVL66:
 777              	.L50:
1949:Drivers/STM32WBxx_HAL_Driver/Inc/stm32wbxx_ll_rcc.h **** }
 778              		.loc 2 1949 3 is_stmt 1 view .LVU231
1949:Drivers/STM32WBxx_HAL_Driver/Inc/stm32wbxx_ll_rcc.h **** }
 779              		.loc 2 1949 3 is_stmt 0 view .LVU232
 780              	.LBE250:
 781              	.LBE249:
ARM GAS  /var/folders/98/ctz5mtps7w71v8dr53cf5qg40000gn/T//ccdzqVkO.s 			page 110


1416:Drivers/STM32WBxx_HAL_Driver/Src/stm32wbxx_hal_rcc.c ****   }
 782              		.loc 1 1416 20 discriminator 1 view .LVU233
 783 001a 1B09     		lsrs	r3, r3, #4
1416:Drivers/STM32WBxx_HAL_Driver/Src/stm32wbxx_hal_rcc.c ****   }
 784              		.loc 1 1416 18 discriminator 1 view .LVU234
 785 001c 254A     		ldr	r2, .L65
 786 001e 52F82300 		ldr	r0, [r2, r3, lsl #2]
 787              	.LVL67:
1416:Drivers/STM32WBxx_HAL_Driver/Src/stm32wbxx_hal_rcc.c ****   }
 788              		.loc 1 1416 18 discriminator 1 view .LVU235
 789 0022 7047     		bx	lr
 790              	.LVL68:
 791              	.L62:
 792              	.LBB252:
 793              	.LBB251:
1947:Drivers/STM32WBxx_HAL_Driver/Inc/stm32wbxx_ll_rcc.h ****   }
 794              		.loc 2 1947 14 view .LVU236
 795 0024 B023     		movs	r3, #176
 796              	.LVL69:
1947:Drivers/STM32WBxx_HAL_Driver/Inc/stm32wbxx_ll_rcc.h ****   }
 797              		.loc 2 1947 14 view .LVU237
 798 0026 F8E7     		b	.L50
 799              	.LVL70:
 800              	.L49:
1947:Drivers/STM32WBxx_HAL_Driver/Inc/stm32wbxx_ll_rcc.h ****   }
 801              		.loc 2 1947 14 view .LVU238
 802              	.LBE251:
 803              	.LBE252:
1418:Drivers/STM32WBxx_HAL_Driver/Src/stm32wbxx_hal_rcc.c ****   {
 804              		.loc 1 1418 8 is_stmt 1 view .LVU239
1418:Drivers/STM32WBxx_HAL_Driver/Src/stm32wbxx_hal_rcc.c ****   {
 805              		.loc 1 1418 11 is_stmt 0 view .LVU240
 806 0028 042B     		cmp	r3, #4
 807 002a 3ED0     		beq	.L57
1423:Drivers/STM32WBxx_HAL_Driver/Src/stm32wbxx_hal_rcc.c ****   {
 808              		.loc 1 1423 8 is_stmt 1 view .LVU241
1423:Drivers/STM32WBxx_HAL_Driver/Src/stm32wbxx_hal_rcc.c ****   {
 809              		.loc 1 1423 11 is_stmt 0 view .LVU242
 810 002c 082B     		cmp	r3, #8
 811 002e 10D0     		beq	.L63
1438:Drivers/STM32WBxx_HAL_Driver/Src/stm32wbxx_hal_rcc.c ****     switch (pllsource)
 812              		.loc 1 1438 5 is_stmt 1 view .LVU243
 813              	.LBB253:
 814              	.LBI253:
3450:Drivers/STM32WBxx_HAL_Driver/Inc/stm32wbxx_ll_rcc.h **** }
3451:Drivers/STM32WBxx_HAL_Driver/Inc/stm32wbxx_ll_rcc.h **** 
3452:Drivers/STM32WBxx_HAL_Driver/Inc/stm32wbxx_ll_rcc.h **** /**
3453:Drivers/STM32WBxx_HAL_Driver/Inc/stm32wbxx_ll_rcc.h ****   * @brief  Configure PLLSAI1 used for 48Mhz domain clock
3454:Drivers/STM32WBxx_HAL_Driver/Inc/stm32wbxx_ll_rcc.h ****   * @note PLL Source and PLLM Divider can be written only when PLL is disabled
3455:Drivers/STM32WBxx_HAL_Driver/Inc/stm32wbxx_ll_rcc.h ****   *       PLLSAI1 are disabled
3456:Drivers/STM32WBxx_HAL_Driver/Inc/stm32wbxx_ll_rcc.h ****   * @note PLLN/PLLQ can be written only when PLLSAI1 is disabled
3457:Drivers/STM32WBxx_HAL_Driver/Inc/stm32wbxx_ll_rcc.h ****   * @note This  can be selected for USB, RNG
3458:Drivers/STM32WBxx_HAL_Driver/Inc/stm32wbxx_ll_rcc.h ****   * @rmtoll PLLCFGR      PLLSRC        LL_RCC_PLLSAI1_ConfigDomain_48M\n
3459:Drivers/STM32WBxx_HAL_Driver/Inc/stm32wbxx_ll_rcc.h ****   *         PLLCFGR      PLLM          LL_RCC_PLLSAI1_ConfigDomain_48M\n
3460:Drivers/STM32WBxx_HAL_Driver/Inc/stm32wbxx_ll_rcc.h ****   *         PLLSAI1CFGR  PLLN      LL_RCC_PLLSAI1_ConfigDomain_48M\n
3461:Drivers/STM32WBxx_HAL_Driver/Inc/stm32wbxx_ll_rcc.h ****   *         PLLSAI1CFGR  PLLQ      LL_RCC_PLLSAI1_ConfigDomain_48M
3462:Drivers/STM32WBxx_HAL_Driver/Inc/stm32wbxx_ll_rcc.h ****   * @param  Source This parameter can be one of the following values:
ARM GAS  /var/folders/98/ctz5mtps7w71v8dr53cf5qg40000gn/T//ccdzqVkO.s 			page 111


3463:Drivers/STM32WBxx_HAL_Driver/Inc/stm32wbxx_ll_rcc.h ****   *         @arg @ref LL_RCC_PLLSOURCE_NONE
3464:Drivers/STM32WBxx_HAL_Driver/Inc/stm32wbxx_ll_rcc.h ****   *         @arg @ref LL_RCC_PLLSOURCE_MSI
3465:Drivers/STM32WBxx_HAL_Driver/Inc/stm32wbxx_ll_rcc.h ****   *         @arg @ref LL_RCC_PLLSOURCE_HSI
3466:Drivers/STM32WBxx_HAL_Driver/Inc/stm32wbxx_ll_rcc.h ****   *         @arg @ref LL_RCC_PLLSOURCE_HSE
3467:Drivers/STM32WBxx_HAL_Driver/Inc/stm32wbxx_ll_rcc.h ****   * @param  PLLM This parameter can be one of the following values:
3468:Drivers/STM32WBxx_HAL_Driver/Inc/stm32wbxx_ll_rcc.h ****   *         @arg @ref LL_RCC_PLLM_DIV_1
3469:Drivers/STM32WBxx_HAL_Driver/Inc/stm32wbxx_ll_rcc.h ****   *         @arg @ref LL_RCC_PLLM_DIV_2
3470:Drivers/STM32WBxx_HAL_Driver/Inc/stm32wbxx_ll_rcc.h ****   *         @arg @ref LL_RCC_PLLM_DIV_3
3471:Drivers/STM32WBxx_HAL_Driver/Inc/stm32wbxx_ll_rcc.h ****   *         @arg @ref LL_RCC_PLLM_DIV_4
3472:Drivers/STM32WBxx_HAL_Driver/Inc/stm32wbxx_ll_rcc.h ****   *         @arg @ref LL_RCC_PLLM_DIV_5
3473:Drivers/STM32WBxx_HAL_Driver/Inc/stm32wbxx_ll_rcc.h ****   *         @arg @ref LL_RCC_PLLM_DIV_6
3474:Drivers/STM32WBxx_HAL_Driver/Inc/stm32wbxx_ll_rcc.h ****   *         @arg @ref LL_RCC_PLLM_DIV_7
3475:Drivers/STM32WBxx_HAL_Driver/Inc/stm32wbxx_ll_rcc.h ****   *         @arg @ref LL_RCC_PLLM_DIV_8
3476:Drivers/STM32WBxx_HAL_Driver/Inc/stm32wbxx_ll_rcc.h ****   * @param  PLLN Between 6 and 127
3477:Drivers/STM32WBxx_HAL_Driver/Inc/stm32wbxx_ll_rcc.h ****   * @param  PLLQ This parameter can be one of the following values:
3478:Drivers/STM32WBxx_HAL_Driver/Inc/stm32wbxx_ll_rcc.h ****   *         @arg @ref LL_RCC_PLLSAI1Q_DIV_2
3479:Drivers/STM32WBxx_HAL_Driver/Inc/stm32wbxx_ll_rcc.h ****   *         @arg @ref LL_RCC_PLLSAI1Q_DIV_3
3480:Drivers/STM32WBxx_HAL_Driver/Inc/stm32wbxx_ll_rcc.h ****   *         @arg @ref LL_RCC_PLLSAI1Q_DIV_4
3481:Drivers/STM32WBxx_HAL_Driver/Inc/stm32wbxx_ll_rcc.h ****   *         @arg @ref LL_RCC_PLLSAI1Q_DIV_5
3482:Drivers/STM32WBxx_HAL_Driver/Inc/stm32wbxx_ll_rcc.h ****   *         @arg @ref LL_RCC_PLLSAI1Q_DIV_6
3483:Drivers/STM32WBxx_HAL_Driver/Inc/stm32wbxx_ll_rcc.h ****   *         @arg @ref LL_RCC_PLLSAI1Q_DIV_7
3484:Drivers/STM32WBxx_HAL_Driver/Inc/stm32wbxx_ll_rcc.h ****   *         @arg @ref LL_RCC_PLLSAI1Q_DIV_8
3485:Drivers/STM32WBxx_HAL_Driver/Inc/stm32wbxx_ll_rcc.h ****   * @retval None
3486:Drivers/STM32WBxx_HAL_Driver/Inc/stm32wbxx_ll_rcc.h ****   */
3487:Drivers/STM32WBxx_HAL_Driver/Inc/stm32wbxx_ll_rcc.h **** __STATIC_INLINE void LL_RCC_PLLSAI1_ConfigDomain_48M(uint32_t Source, uint32_t PLLM, uint32_t PLLN,
3488:Drivers/STM32WBxx_HAL_Driver/Inc/stm32wbxx_ll_rcc.h **** {
3489:Drivers/STM32WBxx_HAL_Driver/Inc/stm32wbxx_ll_rcc.h ****   MODIFY_REG(RCC->PLLCFGR, RCC_PLLCFGR_PLLSRC | RCC_PLLCFGR_PLLM, Source | PLLM);
3490:Drivers/STM32WBxx_HAL_Driver/Inc/stm32wbxx_ll_rcc.h ****   MODIFY_REG(RCC->PLLSAI1CFGR, RCC_PLLSAI1CFGR_PLLN | RCC_PLLSAI1CFGR_PLLQ, (PLLN << RCC_PLLSAI1CFG
3491:Drivers/STM32WBxx_HAL_Driver/Inc/stm32wbxx_ll_rcc.h **** }
3492:Drivers/STM32WBxx_HAL_Driver/Inc/stm32wbxx_ll_rcc.h **** 
3493:Drivers/STM32WBxx_HAL_Driver/Inc/stm32wbxx_ll_rcc.h **** /**
3494:Drivers/STM32WBxx_HAL_Driver/Inc/stm32wbxx_ll_rcc.h ****   * @brief  Configure PLLSAI1 used for SAI domain clock
3495:Drivers/STM32WBxx_HAL_Driver/Inc/stm32wbxx_ll_rcc.h ****   * @note PLL Source and PLLM Divider can be written only when PLL is disabled
3496:Drivers/STM32WBxx_HAL_Driver/Inc/stm32wbxx_ll_rcc.h ****   *       PLLSAI1 are disabled
3497:Drivers/STM32WBxx_HAL_Driver/Inc/stm32wbxx_ll_rcc.h ****   * @note PLLN/PLLP can be written only when PLLSAI1 is disabled
3498:Drivers/STM32WBxx_HAL_Driver/Inc/stm32wbxx_ll_rcc.h ****   * @note This  can be selected for SAI1 or SAI2 (*)
3499:Drivers/STM32WBxx_HAL_Driver/Inc/stm32wbxx_ll_rcc.h ****   * @rmtoll PLLCFGR      PLLSRC        LL_RCC_PLLSAI1_ConfigDomain_SAI\n
3500:Drivers/STM32WBxx_HAL_Driver/Inc/stm32wbxx_ll_rcc.h ****   *         PLLCFGR      PLLM          LL_RCC_PLLSAI1_ConfigDomain_SAI\n
3501:Drivers/STM32WBxx_HAL_Driver/Inc/stm32wbxx_ll_rcc.h ****   *         PLLSAI1CFGR  PLLN      LL_RCC_PLLSAI1_ConfigDomain_SAI\n
3502:Drivers/STM32WBxx_HAL_Driver/Inc/stm32wbxx_ll_rcc.h ****   *         PLLSAI1CFGR  PLLP   LL_RCC_PLLSAI1_ConfigDomain_SAI
3503:Drivers/STM32WBxx_HAL_Driver/Inc/stm32wbxx_ll_rcc.h ****   * @param  Source This parameter can be one of the following values:
3504:Drivers/STM32WBxx_HAL_Driver/Inc/stm32wbxx_ll_rcc.h ****   *         @arg @ref LL_RCC_PLLSOURCE_NONE
3505:Drivers/STM32WBxx_HAL_Driver/Inc/stm32wbxx_ll_rcc.h ****   *         @arg @ref LL_RCC_PLLSOURCE_MSI
3506:Drivers/STM32WBxx_HAL_Driver/Inc/stm32wbxx_ll_rcc.h ****   *         @arg @ref LL_RCC_PLLSOURCE_HSI
3507:Drivers/STM32WBxx_HAL_Driver/Inc/stm32wbxx_ll_rcc.h ****   *         @arg @ref LL_RCC_PLLSOURCE_HSE
3508:Drivers/STM32WBxx_HAL_Driver/Inc/stm32wbxx_ll_rcc.h ****   * @param  PLLM This parameter can be one of the following values:
3509:Drivers/STM32WBxx_HAL_Driver/Inc/stm32wbxx_ll_rcc.h ****   *         @arg @ref LL_RCC_PLLM_DIV_1
3510:Drivers/STM32WBxx_HAL_Driver/Inc/stm32wbxx_ll_rcc.h ****   *         @arg @ref LL_RCC_PLLM_DIV_2
3511:Drivers/STM32WBxx_HAL_Driver/Inc/stm32wbxx_ll_rcc.h ****   *         @arg @ref LL_RCC_PLLM_DIV_3
3512:Drivers/STM32WBxx_HAL_Driver/Inc/stm32wbxx_ll_rcc.h ****   *         @arg @ref LL_RCC_PLLM_DIV_4
3513:Drivers/STM32WBxx_HAL_Driver/Inc/stm32wbxx_ll_rcc.h ****   *         @arg @ref LL_RCC_PLLM_DIV_5
3514:Drivers/STM32WBxx_HAL_Driver/Inc/stm32wbxx_ll_rcc.h ****   *         @arg @ref LL_RCC_PLLM_DIV_6
3515:Drivers/STM32WBxx_HAL_Driver/Inc/stm32wbxx_ll_rcc.h ****   *         @arg @ref LL_RCC_PLLM_DIV_7
3516:Drivers/STM32WBxx_HAL_Driver/Inc/stm32wbxx_ll_rcc.h ****   *         @arg @ref LL_RCC_PLLM_DIV_8
3517:Drivers/STM32WBxx_HAL_Driver/Inc/stm32wbxx_ll_rcc.h ****   * @param  PLLN Between 6 and 127
3518:Drivers/STM32WBxx_HAL_Driver/Inc/stm32wbxx_ll_rcc.h ****   * @param  PLLP This parameter can be one of the following values:
3519:Drivers/STM32WBxx_HAL_Driver/Inc/stm32wbxx_ll_rcc.h ****   *         @arg @ref LL_RCC_PLLSAI1P_DIV_2
ARM GAS  /var/folders/98/ctz5mtps7w71v8dr53cf5qg40000gn/T//ccdzqVkO.s 			page 112


3520:Drivers/STM32WBxx_HAL_Driver/Inc/stm32wbxx_ll_rcc.h ****   *         @arg @ref LL_RCC_PLLSAI1P_DIV_3
3521:Drivers/STM32WBxx_HAL_Driver/Inc/stm32wbxx_ll_rcc.h ****   *         @arg @ref LL_RCC_PLLSAI1P_DIV_4
3522:Drivers/STM32WBxx_HAL_Driver/Inc/stm32wbxx_ll_rcc.h ****   *         @arg @ref LL_RCC_PLLSAI1P_DIV_5
3523:Drivers/STM32WBxx_HAL_Driver/Inc/stm32wbxx_ll_rcc.h ****   *         @arg @ref LL_RCC_PLLSAI1P_DIV_6
3524:Drivers/STM32WBxx_HAL_Driver/Inc/stm32wbxx_ll_rcc.h ****   *         @arg @ref LL_RCC_PLLSAI1P_DIV_7
3525:Drivers/STM32WBxx_HAL_Driver/Inc/stm32wbxx_ll_rcc.h ****   *         @arg @ref LL_RCC_PLLSAI1P_DIV_8
3526:Drivers/STM32WBxx_HAL_Driver/Inc/stm32wbxx_ll_rcc.h ****   *         @arg @ref LL_RCC_PLLSAI1P_DIV_9
3527:Drivers/STM32WBxx_HAL_Driver/Inc/stm32wbxx_ll_rcc.h ****   *         @arg @ref LL_RCC_PLLSAI1P_DIV_10
3528:Drivers/STM32WBxx_HAL_Driver/Inc/stm32wbxx_ll_rcc.h ****   *         @arg @ref LL_RCC_PLLSAI1P_DIV_11
3529:Drivers/STM32WBxx_HAL_Driver/Inc/stm32wbxx_ll_rcc.h ****   *         @arg @ref LL_RCC_PLLSAI1P_DIV_12
3530:Drivers/STM32WBxx_HAL_Driver/Inc/stm32wbxx_ll_rcc.h ****   *         @arg @ref LL_RCC_PLLSAI1P_DIV_13
3531:Drivers/STM32WBxx_HAL_Driver/Inc/stm32wbxx_ll_rcc.h ****   *         @arg @ref LL_RCC_PLLSAI1P_DIV_14
3532:Drivers/STM32WBxx_HAL_Driver/Inc/stm32wbxx_ll_rcc.h ****   *         @arg @ref LL_RCC_PLLSAI1P_DIV_15
3533:Drivers/STM32WBxx_HAL_Driver/Inc/stm32wbxx_ll_rcc.h ****   *         @arg @ref LL_RCC_PLLSAI1P_DIV_16
3534:Drivers/STM32WBxx_HAL_Driver/Inc/stm32wbxx_ll_rcc.h ****   *         @arg @ref LL_RCC_PLLSAI1P_DIV_17
3535:Drivers/STM32WBxx_HAL_Driver/Inc/stm32wbxx_ll_rcc.h ****   *         @arg @ref LL_RCC_PLLSAI1P_DIV_18
3536:Drivers/STM32WBxx_HAL_Driver/Inc/stm32wbxx_ll_rcc.h ****   *         @arg @ref LL_RCC_PLLSAI1P_DIV_19
3537:Drivers/STM32WBxx_HAL_Driver/Inc/stm32wbxx_ll_rcc.h ****   *         @arg @ref LL_RCC_PLLSAI1P_DIV_20
3538:Drivers/STM32WBxx_HAL_Driver/Inc/stm32wbxx_ll_rcc.h ****   *         @arg @ref LL_RCC_PLLSAI1P_DIV_21
3539:Drivers/STM32WBxx_HAL_Driver/Inc/stm32wbxx_ll_rcc.h ****   *         @arg @ref LL_RCC_PLLSAI1P_DIV_22
3540:Drivers/STM32WBxx_HAL_Driver/Inc/stm32wbxx_ll_rcc.h ****   *         @arg @ref LL_RCC_PLLSAI1P_DIV_23
3541:Drivers/STM32WBxx_HAL_Driver/Inc/stm32wbxx_ll_rcc.h ****   *         @arg @ref LL_RCC_PLLSAI1P_DIV_24
3542:Drivers/STM32WBxx_HAL_Driver/Inc/stm32wbxx_ll_rcc.h ****   *         @arg @ref LL_RCC_PLLSAI1P_DIV_25
3543:Drivers/STM32WBxx_HAL_Driver/Inc/stm32wbxx_ll_rcc.h ****   *         @arg @ref LL_RCC_PLLSAI1P_DIV_26
3544:Drivers/STM32WBxx_HAL_Driver/Inc/stm32wbxx_ll_rcc.h ****   *         @arg @ref LL_RCC_PLLSAI1P_DIV_27
3545:Drivers/STM32WBxx_HAL_Driver/Inc/stm32wbxx_ll_rcc.h ****   *         @arg @ref LL_RCC_PLLSAI1P_DIV_28
3546:Drivers/STM32WBxx_HAL_Driver/Inc/stm32wbxx_ll_rcc.h ****   *         @arg @ref LL_RCC_PLLSAI1P_DIV_29
3547:Drivers/STM32WBxx_HAL_Driver/Inc/stm32wbxx_ll_rcc.h ****   *         @arg @ref LL_RCC_PLLSAI1P_DIV_30
3548:Drivers/STM32WBxx_HAL_Driver/Inc/stm32wbxx_ll_rcc.h ****   *         @arg @ref LL_RCC_PLLSAI1P_DIV_31
3549:Drivers/STM32WBxx_HAL_Driver/Inc/stm32wbxx_ll_rcc.h ****   *         @arg @ref LL_RCC_PLLSAI1P_DIV_32
3550:Drivers/STM32WBxx_HAL_Driver/Inc/stm32wbxx_ll_rcc.h ****   * @retval None
3551:Drivers/STM32WBxx_HAL_Driver/Inc/stm32wbxx_ll_rcc.h ****   */
3552:Drivers/STM32WBxx_HAL_Driver/Inc/stm32wbxx_ll_rcc.h **** __STATIC_INLINE void LL_RCC_PLLSAI1_ConfigDomain_SAI(uint32_t Source, uint32_t PLLM, uint32_t PLLN,
3553:Drivers/STM32WBxx_HAL_Driver/Inc/stm32wbxx_ll_rcc.h **** {
3554:Drivers/STM32WBxx_HAL_Driver/Inc/stm32wbxx_ll_rcc.h ****   MODIFY_REG(RCC->PLLCFGR, RCC_PLLCFGR_PLLSRC | RCC_PLLCFGR_PLLM, Source | PLLM);
3555:Drivers/STM32WBxx_HAL_Driver/Inc/stm32wbxx_ll_rcc.h ****   MODIFY_REG(RCC->PLLSAI1CFGR, RCC_PLLSAI1CFGR_PLLN | RCC_PLLSAI1CFGR_PLLP,
3556:Drivers/STM32WBxx_HAL_Driver/Inc/stm32wbxx_ll_rcc.h ****              (PLLN << RCC_PLLSAI1CFGR_PLLN_Pos) | PLLP);
3557:Drivers/STM32WBxx_HAL_Driver/Inc/stm32wbxx_ll_rcc.h **** }
3558:Drivers/STM32WBxx_HAL_Driver/Inc/stm32wbxx_ll_rcc.h **** 
3559:Drivers/STM32WBxx_HAL_Driver/Inc/stm32wbxx_ll_rcc.h **** /**
3560:Drivers/STM32WBxx_HAL_Driver/Inc/stm32wbxx_ll_rcc.h ****   * @brief  Configure PLLSAI1 used for ADC domain clock
3561:Drivers/STM32WBxx_HAL_Driver/Inc/stm32wbxx_ll_rcc.h ****   * @note PLL Source and PLLM Divider can be written only when PLL is disabled
3562:Drivers/STM32WBxx_HAL_Driver/Inc/stm32wbxx_ll_rcc.h ****   *       PLLSAI1 are disabled
3563:Drivers/STM32WBxx_HAL_Driver/Inc/stm32wbxx_ll_rcc.h ****   * @note PLLN/PLLR can be written only when PLLSAI1 is disabled
3564:Drivers/STM32WBxx_HAL_Driver/Inc/stm32wbxx_ll_rcc.h ****   * @note This  can be selected for ADC
3565:Drivers/STM32WBxx_HAL_Driver/Inc/stm32wbxx_ll_rcc.h ****   * @rmtoll PLLCFGR      PLLSRC        LL_RCC_PLLSAI1_ConfigDomain_ADC\n
3566:Drivers/STM32WBxx_HAL_Driver/Inc/stm32wbxx_ll_rcc.h ****   *         PLLCFGR      PLLM          LL_RCC_PLLSAI1_ConfigDomain_ADC\n
3567:Drivers/STM32WBxx_HAL_Driver/Inc/stm32wbxx_ll_rcc.h ****   *         PLLSAI1CFGR  PLLN      LL_RCC_PLLSAI1_ConfigDomain_ADC\n
3568:Drivers/STM32WBxx_HAL_Driver/Inc/stm32wbxx_ll_rcc.h ****   *         PLLSAI1CFGR  PLLR      LL_RCC_PLLSAI1_ConfigDomain_ADC
3569:Drivers/STM32WBxx_HAL_Driver/Inc/stm32wbxx_ll_rcc.h ****   * @param  Source This parameter can be one of the following values:
3570:Drivers/STM32WBxx_HAL_Driver/Inc/stm32wbxx_ll_rcc.h ****   *         @arg @ref LL_RCC_PLLSOURCE_NONE
3571:Drivers/STM32WBxx_HAL_Driver/Inc/stm32wbxx_ll_rcc.h ****   *         @arg @ref LL_RCC_PLLSOURCE_MSI
3572:Drivers/STM32WBxx_HAL_Driver/Inc/stm32wbxx_ll_rcc.h ****   *         @arg @ref LL_RCC_PLLSOURCE_HSI
3573:Drivers/STM32WBxx_HAL_Driver/Inc/stm32wbxx_ll_rcc.h ****   *         @arg @ref LL_RCC_PLLSOURCE_HSE
3574:Drivers/STM32WBxx_HAL_Driver/Inc/stm32wbxx_ll_rcc.h ****   * @param  PLLM This parameter can be one of the following values:
3575:Drivers/STM32WBxx_HAL_Driver/Inc/stm32wbxx_ll_rcc.h ****   *         @arg @ref LL_RCC_PLLM_DIV_1
3576:Drivers/STM32WBxx_HAL_Driver/Inc/stm32wbxx_ll_rcc.h ****   *         @arg @ref LL_RCC_PLLM_DIV_2
ARM GAS  /var/folders/98/ctz5mtps7w71v8dr53cf5qg40000gn/T//ccdzqVkO.s 			page 113


3577:Drivers/STM32WBxx_HAL_Driver/Inc/stm32wbxx_ll_rcc.h ****   *         @arg @ref LL_RCC_PLLM_DIV_3
3578:Drivers/STM32WBxx_HAL_Driver/Inc/stm32wbxx_ll_rcc.h ****   *         @arg @ref LL_RCC_PLLM_DIV_4
3579:Drivers/STM32WBxx_HAL_Driver/Inc/stm32wbxx_ll_rcc.h ****   *         @arg @ref LL_RCC_PLLM_DIV_5
3580:Drivers/STM32WBxx_HAL_Driver/Inc/stm32wbxx_ll_rcc.h ****   *         @arg @ref LL_RCC_PLLM_DIV_6
3581:Drivers/STM32WBxx_HAL_Driver/Inc/stm32wbxx_ll_rcc.h ****   *         @arg @ref LL_RCC_PLLM_DIV_7
3582:Drivers/STM32WBxx_HAL_Driver/Inc/stm32wbxx_ll_rcc.h ****   *         @arg @ref LL_RCC_PLLM_DIV_8
3583:Drivers/STM32WBxx_HAL_Driver/Inc/stm32wbxx_ll_rcc.h ****   * @param  PLLN Between 6 and 127
3584:Drivers/STM32WBxx_HAL_Driver/Inc/stm32wbxx_ll_rcc.h ****   * @param  PLLR This parameter can be one of the following values:
3585:Drivers/STM32WBxx_HAL_Driver/Inc/stm32wbxx_ll_rcc.h ****   *         @arg @ref LL_RCC_PLLSAI1R_DIV_2
3586:Drivers/STM32WBxx_HAL_Driver/Inc/stm32wbxx_ll_rcc.h ****   *         @arg @ref LL_RCC_PLLSAI1R_DIV_3
3587:Drivers/STM32WBxx_HAL_Driver/Inc/stm32wbxx_ll_rcc.h ****   *         @arg @ref LL_RCC_PLLSAI1R_DIV_4
3588:Drivers/STM32WBxx_HAL_Driver/Inc/stm32wbxx_ll_rcc.h ****   *         @arg @ref LL_RCC_PLLSAI1R_DIV_5
3589:Drivers/STM32WBxx_HAL_Driver/Inc/stm32wbxx_ll_rcc.h ****   *         @arg @ref LL_RCC_PLLSAI1R_DIV_6
3590:Drivers/STM32WBxx_HAL_Driver/Inc/stm32wbxx_ll_rcc.h ****   *         @arg @ref LL_RCC_PLLSAI1R_DIV_7
3591:Drivers/STM32WBxx_HAL_Driver/Inc/stm32wbxx_ll_rcc.h ****   *         @arg @ref LL_RCC_PLLSAI1R_DIV_8
3592:Drivers/STM32WBxx_HAL_Driver/Inc/stm32wbxx_ll_rcc.h ****   * @retval None
3593:Drivers/STM32WBxx_HAL_Driver/Inc/stm32wbxx_ll_rcc.h ****   */
3594:Drivers/STM32WBxx_HAL_Driver/Inc/stm32wbxx_ll_rcc.h **** __STATIC_INLINE void LL_RCC_PLLSAI1_ConfigDomain_ADC(uint32_t Source, uint32_t PLLM, uint32_t PLLN,
3595:Drivers/STM32WBxx_HAL_Driver/Inc/stm32wbxx_ll_rcc.h **** {
3596:Drivers/STM32WBxx_HAL_Driver/Inc/stm32wbxx_ll_rcc.h ****   MODIFY_REG(RCC->PLLCFGR, RCC_PLLCFGR_PLLSRC | RCC_PLLCFGR_PLLM, Source | PLLM);
3597:Drivers/STM32WBxx_HAL_Driver/Inc/stm32wbxx_ll_rcc.h ****   MODIFY_REG(RCC->PLLSAI1CFGR, RCC_PLLSAI1CFGR_PLLN | RCC_PLLSAI1CFGR_PLLR, (PLLN << RCC_PLLSAI1CFG
3598:Drivers/STM32WBxx_HAL_Driver/Inc/stm32wbxx_ll_rcc.h **** }
3599:Drivers/STM32WBxx_HAL_Driver/Inc/stm32wbxx_ll_rcc.h **** 
3600:Drivers/STM32WBxx_HAL_Driver/Inc/stm32wbxx_ll_rcc.h **** /**
3601:Drivers/STM32WBxx_HAL_Driver/Inc/stm32wbxx_ll_rcc.h ****   * @brief  Get SAI1PLL multiplication factor for VCO
3602:Drivers/STM32WBxx_HAL_Driver/Inc/stm32wbxx_ll_rcc.h ****   * @rmtoll PLLSAI1CFGR  PLLN      LL_RCC_PLLSAI1_GetN
3603:Drivers/STM32WBxx_HAL_Driver/Inc/stm32wbxx_ll_rcc.h ****   * @retval Between 6 and 127
3604:Drivers/STM32WBxx_HAL_Driver/Inc/stm32wbxx_ll_rcc.h ****   */
3605:Drivers/STM32WBxx_HAL_Driver/Inc/stm32wbxx_ll_rcc.h **** __STATIC_INLINE uint32_t LL_RCC_PLLSAI1_GetN(void)
3606:Drivers/STM32WBxx_HAL_Driver/Inc/stm32wbxx_ll_rcc.h **** {
3607:Drivers/STM32WBxx_HAL_Driver/Inc/stm32wbxx_ll_rcc.h ****   return (uint32_t)(READ_BIT(RCC->PLLSAI1CFGR, RCC_PLLSAI1CFGR_PLLN) >> RCC_PLLSAI1CFGR_PLLN_Pos);
3608:Drivers/STM32WBxx_HAL_Driver/Inc/stm32wbxx_ll_rcc.h **** }
3609:Drivers/STM32WBxx_HAL_Driver/Inc/stm32wbxx_ll_rcc.h **** 
3610:Drivers/STM32WBxx_HAL_Driver/Inc/stm32wbxx_ll_rcc.h **** /**
3611:Drivers/STM32WBxx_HAL_Driver/Inc/stm32wbxx_ll_rcc.h ****   * @brief  Get SAI1PLL division factor for PLLSAI1P
3612:Drivers/STM32WBxx_HAL_Driver/Inc/stm32wbxx_ll_rcc.h ****   * @note used for PLLSAI1CLK (SAI1 or SAI2 (*) clock).
3613:Drivers/STM32WBxx_HAL_Driver/Inc/stm32wbxx_ll_rcc.h ****   * @rmtoll PLLSAI1CFGR  PLLP      LL_RCC_PLLSAI1_GetP
3614:Drivers/STM32WBxx_HAL_Driver/Inc/stm32wbxx_ll_rcc.h ****   * @retval Returned value can be one of the following values:
3615:Drivers/STM32WBxx_HAL_Driver/Inc/stm32wbxx_ll_rcc.h ****   *         @arg @ref LL_RCC_PLLSAI1P_DIV_2
3616:Drivers/STM32WBxx_HAL_Driver/Inc/stm32wbxx_ll_rcc.h ****   *         @arg @ref LL_RCC_PLLSAI1P_DIV_3
3617:Drivers/STM32WBxx_HAL_Driver/Inc/stm32wbxx_ll_rcc.h ****   *         @arg @ref LL_RCC_PLLSAI1P_DIV_4
3618:Drivers/STM32WBxx_HAL_Driver/Inc/stm32wbxx_ll_rcc.h ****   *         @arg @ref LL_RCC_PLLSAI1P_DIV_5
3619:Drivers/STM32WBxx_HAL_Driver/Inc/stm32wbxx_ll_rcc.h ****   *         @arg @ref LL_RCC_PLLSAI1P_DIV_6
3620:Drivers/STM32WBxx_HAL_Driver/Inc/stm32wbxx_ll_rcc.h ****   *         @arg @ref LL_RCC_PLLSAI1P_DIV_7
3621:Drivers/STM32WBxx_HAL_Driver/Inc/stm32wbxx_ll_rcc.h ****   *         @arg @ref LL_RCC_PLLSAI1P_DIV_8
3622:Drivers/STM32WBxx_HAL_Driver/Inc/stm32wbxx_ll_rcc.h ****   *         @arg @ref LL_RCC_PLLSAI1P_DIV_9
3623:Drivers/STM32WBxx_HAL_Driver/Inc/stm32wbxx_ll_rcc.h ****   *         @arg @ref LL_RCC_PLLSAI1P_DIV_10
3624:Drivers/STM32WBxx_HAL_Driver/Inc/stm32wbxx_ll_rcc.h ****   *         @arg @ref LL_RCC_PLLSAI1P_DIV_11
3625:Drivers/STM32WBxx_HAL_Driver/Inc/stm32wbxx_ll_rcc.h ****   *         @arg @ref LL_RCC_PLLSAI1P_DIV_12
3626:Drivers/STM32WBxx_HAL_Driver/Inc/stm32wbxx_ll_rcc.h ****   *         @arg @ref LL_RCC_PLLSAI1P_DIV_13
3627:Drivers/STM32WBxx_HAL_Driver/Inc/stm32wbxx_ll_rcc.h ****   *         @arg @ref LL_RCC_PLLSAI1P_DIV_14
3628:Drivers/STM32WBxx_HAL_Driver/Inc/stm32wbxx_ll_rcc.h ****   *         @arg @ref LL_RCC_PLLSAI1P_DIV_15
3629:Drivers/STM32WBxx_HAL_Driver/Inc/stm32wbxx_ll_rcc.h ****   *         @arg @ref LL_RCC_PLLSAI1P_DIV_16
3630:Drivers/STM32WBxx_HAL_Driver/Inc/stm32wbxx_ll_rcc.h ****   *         @arg @ref LL_RCC_PLLSAI1P_DIV_17
3631:Drivers/STM32WBxx_HAL_Driver/Inc/stm32wbxx_ll_rcc.h ****   *         @arg @ref LL_RCC_PLLSAI1P_DIV_18
3632:Drivers/STM32WBxx_HAL_Driver/Inc/stm32wbxx_ll_rcc.h ****   *         @arg @ref LL_RCC_PLLSAI1P_DIV_19
3633:Drivers/STM32WBxx_HAL_Driver/Inc/stm32wbxx_ll_rcc.h ****   *         @arg @ref LL_RCC_PLLSAI1P_DIV_20
ARM GAS  /var/folders/98/ctz5mtps7w71v8dr53cf5qg40000gn/T//ccdzqVkO.s 			page 114


3634:Drivers/STM32WBxx_HAL_Driver/Inc/stm32wbxx_ll_rcc.h ****   *         @arg @ref LL_RCC_PLLSAI1P_DIV_21
3635:Drivers/STM32WBxx_HAL_Driver/Inc/stm32wbxx_ll_rcc.h ****   *         @arg @ref LL_RCC_PLLSAI1P_DIV_22
3636:Drivers/STM32WBxx_HAL_Driver/Inc/stm32wbxx_ll_rcc.h ****   *         @arg @ref LL_RCC_PLLSAI1P_DIV_23
3637:Drivers/STM32WBxx_HAL_Driver/Inc/stm32wbxx_ll_rcc.h ****   *         @arg @ref LL_RCC_PLLSAI1P_DIV_24
3638:Drivers/STM32WBxx_HAL_Driver/Inc/stm32wbxx_ll_rcc.h ****   *         @arg @ref LL_RCC_PLLSAI1P_DIV_25
3639:Drivers/STM32WBxx_HAL_Driver/Inc/stm32wbxx_ll_rcc.h ****   *         @arg @ref LL_RCC_PLLSAI1P_DIV_26
3640:Drivers/STM32WBxx_HAL_Driver/Inc/stm32wbxx_ll_rcc.h ****   *         @arg @ref LL_RCC_PLLSAI1P_DIV_27
3641:Drivers/STM32WBxx_HAL_Driver/Inc/stm32wbxx_ll_rcc.h ****   *         @arg @ref LL_RCC_PLLSAI1P_DIV_28
3642:Drivers/STM32WBxx_HAL_Driver/Inc/stm32wbxx_ll_rcc.h ****   *         @arg @ref LL_RCC_PLLSAI1P_DIV_29
3643:Drivers/STM32WBxx_HAL_Driver/Inc/stm32wbxx_ll_rcc.h ****   *         @arg @ref LL_RCC_PLLSAI1P_DIV_30
3644:Drivers/STM32WBxx_HAL_Driver/Inc/stm32wbxx_ll_rcc.h ****   *         @arg @ref LL_RCC_PLLSAI1P_DIV_31
3645:Drivers/STM32WBxx_HAL_Driver/Inc/stm32wbxx_ll_rcc.h ****   *         @arg @ref LL_RCC_PLLSAI1P_DIV_32
3646:Drivers/STM32WBxx_HAL_Driver/Inc/stm32wbxx_ll_rcc.h ****   */
3647:Drivers/STM32WBxx_HAL_Driver/Inc/stm32wbxx_ll_rcc.h **** __STATIC_INLINE uint32_t LL_RCC_PLLSAI1_GetP(void)
3648:Drivers/STM32WBxx_HAL_Driver/Inc/stm32wbxx_ll_rcc.h **** {
3649:Drivers/STM32WBxx_HAL_Driver/Inc/stm32wbxx_ll_rcc.h ****   return (uint32_t)(READ_BIT(RCC->PLLSAI1CFGR, RCC_PLLSAI1CFGR_PLLP));
3650:Drivers/STM32WBxx_HAL_Driver/Inc/stm32wbxx_ll_rcc.h **** }
3651:Drivers/STM32WBxx_HAL_Driver/Inc/stm32wbxx_ll_rcc.h **** 
3652:Drivers/STM32WBxx_HAL_Driver/Inc/stm32wbxx_ll_rcc.h **** /**
3653:Drivers/STM32WBxx_HAL_Driver/Inc/stm32wbxx_ll_rcc.h ****   * @brief  Get SAI1PLL division factor for PLLQ
3654:Drivers/STM32WBxx_HAL_Driver/Inc/stm32wbxx_ll_rcc.h ****   * @note used PLL48M2CLK selected for USB, RNG (48 MHz clock)
3655:Drivers/STM32WBxx_HAL_Driver/Inc/stm32wbxx_ll_rcc.h ****   * @rmtoll PLLSAI1CFGR  PLLQ      LL_RCC_PLLSAI1_GetQ
3656:Drivers/STM32WBxx_HAL_Driver/Inc/stm32wbxx_ll_rcc.h ****   * @retval Returned value can be one of the following values:
3657:Drivers/STM32WBxx_HAL_Driver/Inc/stm32wbxx_ll_rcc.h ****   *         @arg @ref LL_RCC_PLLSAI1Q_DIV_2
3658:Drivers/STM32WBxx_HAL_Driver/Inc/stm32wbxx_ll_rcc.h ****   *         @arg @ref LL_RCC_PLLSAI1Q_DIV_3
3659:Drivers/STM32WBxx_HAL_Driver/Inc/stm32wbxx_ll_rcc.h ****   *         @arg @ref LL_RCC_PLLSAI1Q_DIV_4
3660:Drivers/STM32WBxx_HAL_Driver/Inc/stm32wbxx_ll_rcc.h ****   *         @arg @ref LL_RCC_PLLSAI1Q_DIV_5
3661:Drivers/STM32WBxx_HAL_Driver/Inc/stm32wbxx_ll_rcc.h ****   *         @arg @ref LL_RCC_PLLSAI1Q_DIV_6
3662:Drivers/STM32WBxx_HAL_Driver/Inc/stm32wbxx_ll_rcc.h ****   *         @arg @ref LL_RCC_PLLSAI1Q_DIV_7
3663:Drivers/STM32WBxx_HAL_Driver/Inc/stm32wbxx_ll_rcc.h ****   *         @arg @ref LL_RCC_PLLSAI1Q_DIV_8
3664:Drivers/STM32WBxx_HAL_Driver/Inc/stm32wbxx_ll_rcc.h ****   */
3665:Drivers/STM32WBxx_HAL_Driver/Inc/stm32wbxx_ll_rcc.h **** __STATIC_INLINE uint32_t LL_RCC_PLLSAI1_GetQ(void)
3666:Drivers/STM32WBxx_HAL_Driver/Inc/stm32wbxx_ll_rcc.h **** {
3667:Drivers/STM32WBxx_HAL_Driver/Inc/stm32wbxx_ll_rcc.h ****   return (uint32_t)(READ_BIT(RCC->PLLSAI1CFGR, RCC_PLLSAI1CFGR_PLLQ));
3668:Drivers/STM32WBxx_HAL_Driver/Inc/stm32wbxx_ll_rcc.h **** }
3669:Drivers/STM32WBxx_HAL_Driver/Inc/stm32wbxx_ll_rcc.h **** 
3670:Drivers/STM32WBxx_HAL_Driver/Inc/stm32wbxx_ll_rcc.h **** /**
3671:Drivers/STM32WBxx_HAL_Driver/Inc/stm32wbxx_ll_rcc.h ****   * @brief  Get PLLSAI1 division factor for PLLSAIR
3672:Drivers/STM32WBxx_HAL_Driver/Inc/stm32wbxx_ll_rcc.h ****   * @note used for PLLADC1CLK (ADC clock)
3673:Drivers/STM32WBxx_HAL_Driver/Inc/stm32wbxx_ll_rcc.h ****   * @rmtoll PLLSAI1CFGR  PLLR      LL_RCC_PLLSAI1_GetR
3674:Drivers/STM32WBxx_HAL_Driver/Inc/stm32wbxx_ll_rcc.h ****   * @retval Returned value can be one of the following values:
3675:Drivers/STM32WBxx_HAL_Driver/Inc/stm32wbxx_ll_rcc.h ****   *         @arg @ref LL_RCC_PLLSAI1R_DIV_2
3676:Drivers/STM32WBxx_HAL_Driver/Inc/stm32wbxx_ll_rcc.h ****   *         @arg @ref LL_RCC_PLLSAI1R_DIV_3
3677:Drivers/STM32WBxx_HAL_Driver/Inc/stm32wbxx_ll_rcc.h ****   *         @arg @ref LL_RCC_PLLSAI1R_DIV_4
3678:Drivers/STM32WBxx_HAL_Driver/Inc/stm32wbxx_ll_rcc.h ****   *         @arg @ref LL_RCC_PLLSAI1R_DIV_5
3679:Drivers/STM32WBxx_HAL_Driver/Inc/stm32wbxx_ll_rcc.h ****   *         @arg @ref LL_RCC_PLLSAI1R_DIV_6
3680:Drivers/STM32WBxx_HAL_Driver/Inc/stm32wbxx_ll_rcc.h ****   *         @arg @ref LL_RCC_PLLSAI1R_DIV_7
3681:Drivers/STM32WBxx_HAL_Driver/Inc/stm32wbxx_ll_rcc.h ****   *         @arg @ref LL_RCC_PLLSAI1R_DIV_8
3682:Drivers/STM32WBxx_HAL_Driver/Inc/stm32wbxx_ll_rcc.h ****   */
3683:Drivers/STM32WBxx_HAL_Driver/Inc/stm32wbxx_ll_rcc.h **** __STATIC_INLINE uint32_t LL_RCC_PLLSAI1_GetR(void)
3684:Drivers/STM32WBxx_HAL_Driver/Inc/stm32wbxx_ll_rcc.h **** {
3685:Drivers/STM32WBxx_HAL_Driver/Inc/stm32wbxx_ll_rcc.h ****   return (uint32_t)(READ_BIT(RCC->PLLSAI1CFGR, RCC_PLLSAI1CFGR_PLLR));
3686:Drivers/STM32WBxx_HAL_Driver/Inc/stm32wbxx_ll_rcc.h **** }
3687:Drivers/STM32WBxx_HAL_Driver/Inc/stm32wbxx_ll_rcc.h **** 
3688:Drivers/STM32WBxx_HAL_Driver/Inc/stm32wbxx_ll_rcc.h **** 
3689:Drivers/STM32WBxx_HAL_Driver/Inc/stm32wbxx_ll_rcc.h **** /**
3690:Drivers/STM32WBxx_HAL_Driver/Inc/stm32wbxx_ll_rcc.h ****   * @brief  Enable PLLSAI1 output mapped on SAI domain clock
ARM GAS  /var/folders/98/ctz5mtps7w71v8dr53cf5qg40000gn/T//ccdzqVkO.s 			page 115


3691:Drivers/STM32WBxx_HAL_Driver/Inc/stm32wbxx_ll_rcc.h ****   * @rmtoll PLLSAI1CFGR  PLLPEN    LL_RCC_PLLSAI1_EnableDomain_SAI
3692:Drivers/STM32WBxx_HAL_Driver/Inc/stm32wbxx_ll_rcc.h ****   * @retval None
3693:Drivers/STM32WBxx_HAL_Driver/Inc/stm32wbxx_ll_rcc.h ****   */
3694:Drivers/STM32WBxx_HAL_Driver/Inc/stm32wbxx_ll_rcc.h **** __STATIC_INLINE void LL_RCC_PLLSAI1_EnableDomain_SAI(void)
3695:Drivers/STM32WBxx_HAL_Driver/Inc/stm32wbxx_ll_rcc.h **** {
3696:Drivers/STM32WBxx_HAL_Driver/Inc/stm32wbxx_ll_rcc.h ****   SET_BIT(RCC->PLLSAI1CFGR, RCC_PLLSAI1CFGR_PLLPEN);
3697:Drivers/STM32WBxx_HAL_Driver/Inc/stm32wbxx_ll_rcc.h **** }
3698:Drivers/STM32WBxx_HAL_Driver/Inc/stm32wbxx_ll_rcc.h **** 
3699:Drivers/STM32WBxx_HAL_Driver/Inc/stm32wbxx_ll_rcc.h **** /**
3700:Drivers/STM32WBxx_HAL_Driver/Inc/stm32wbxx_ll_rcc.h ****   * @brief  Disable PLLSAI1 output mapped on SAI domain clock
3701:Drivers/STM32WBxx_HAL_Driver/Inc/stm32wbxx_ll_rcc.h ****   * @note In order to save power, when  of the PLLSAI1 is
3702:Drivers/STM32WBxx_HAL_Driver/Inc/stm32wbxx_ll_rcc.h ****   *       not used, should be 0
3703:Drivers/STM32WBxx_HAL_Driver/Inc/stm32wbxx_ll_rcc.h ****   * @rmtoll PLLSAI1CFGR  PLLPEN    LL_RCC_PLLSAI1_DisableDomain_SAI
3704:Drivers/STM32WBxx_HAL_Driver/Inc/stm32wbxx_ll_rcc.h ****   * @retval None
3705:Drivers/STM32WBxx_HAL_Driver/Inc/stm32wbxx_ll_rcc.h ****   */
3706:Drivers/STM32WBxx_HAL_Driver/Inc/stm32wbxx_ll_rcc.h **** __STATIC_INLINE void LL_RCC_PLLSAI1_DisableDomain_SAI(void)
3707:Drivers/STM32WBxx_HAL_Driver/Inc/stm32wbxx_ll_rcc.h **** {
3708:Drivers/STM32WBxx_HAL_Driver/Inc/stm32wbxx_ll_rcc.h ****   CLEAR_BIT(RCC->PLLSAI1CFGR, RCC_PLLSAI1CFGR_PLLPEN);
3709:Drivers/STM32WBxx_HAL_Driver/Inc/stm32wbxx_ll_rcc.h **** }
3710:Drivers/STM32WBxx_HAL_Driver/Inc/stm32wbxx_ll_rcc.h **** 
3711:Drivers/STM32WBxx_HAL_Driver/Inc/stm32wbxx_ll_rcc.h **** /**
3712:Drivers/STM32WBxx_HAL_Driver/Inc/stm32wbxx_ll_rcc.h ****   * @brief  Check if PLLSAI1 output mapped on SAI domain clock is enabled
3713:Drivers/STM32WBxx_HAL_Driver/Inc/stm32wbxx_ll_rcc.h ****   * @rmtoll PLLSAI1CFGR  PLLPEN        LL_RCC_PLLSAI1_IsEnabledDomain_SAI
3714:Drivers/STM32WBxx_HAL_Driver/Inc/stm32wbxx_ll_rcc.h ****   * @retval State of bit (1 or 0).
3715:Drivers/STM32WBxx_HAL_Driver/Inc/stm32wbxx_ll_rcc.h ****   */
3716:Drivers/STM32WBxx_HAL_Driver/Inc/stm32wbxx_ll_rcc.h **** __STATIC_INLINE uint32_t LL_RCC_PLLSAI1_IsEnabledDomain_SAI(void)
3717:Drivers/STM32WBxx_HAL_Driver/Inc/stm32wbxx_ll_rcc.h **** {
3718:Drivers/STM32WBxx_HAL_Driver/Inc/stm32wbxx_ll_rcc.h ****   return ((READ_BIT(RCC->PLLSAI1CFGR, RCC_PLLSAI1CFGR_PLLPEN) == (RCC_PLLSAI1CFGR_PLLPEN)) ? 1UL : 
3719:Drivers/STM32WBxx_HAL_Driver/Inc/stm32wbxx_ll_rcc.h **** }
3720:Drivers/STM32WBxx_HAL_Driver/Inc/stm32wbxx_ll_rcc.h **** 
3721:Drivers/STM32WBxx_HAL_Driver/Inc/stm32wbxx_ll_rcc.h **** /**
3722:Drivers/STM32WBxx_HAL_Driver/Inc/stm32wbxx_ll_rcc.h ****   * @brief  Enable PLLSAI1 output mapped on 48MHz domain clock
3723:Drivers/STM32WBxx_HAL_Driver/Inc/stm32wbxx_ll_rcc.h ****   * @rmtoll PLLSAI1CFGR  PLLQEN    LL_RCC_PLLSAI1_EnableDomain_48M
3724:Drivers/STM32WBxx_HAL_Driver/Inc/stm32wbxx_ll_rcc.h ****   * @retval None
3725:Drivers/STM32WBxx_HAL_Driver/Inc/stm32wbxx_ll_rcc.h ****   */
3726:Drivers/STM32WBxx_HAL_Driver/Inc/stm32wbxx_ll_rcc.h **** __STATIC_INLINE void LL_RCC_PLLSAI1_EnableDomain_48M(void)
3727:Drivers/STM32WBxx_HAL_Driver/Inc/stm32wbxx_ll_rcc.h **** {
3728:Drivers/STM32WBxx_HAL_Driver/Inc/stm32wbxx_ll_rcc.h ****   SET_BIT(RCC->PLLSAI1CFGR, RCC_PLLSAI1CFGR_PLLQEN);
3729:Drivers/STM32WBxx_HAL_Driver/Inc/stm32wbxx_ll_rcc.h **** }
3730:Drivers/STM32WBxx_HAL_Driver/Inc/stm32wbxx_ll_rcc.h **** 
3731:Drivers/STM32WBxx_HAL_Driver/Inc/stm32wbxx_ll_rcc.h **** /**
3732:Drivers/STM32WBxx_HAL_Driver/Inc/stm32wbxx_ll_rcc.h ****   * @brief  Disable PLLSAI1 output mapped on 48MHz domain clock
3733:Drivers/STM32WBxx_HAL_Driver/Inc/stm32wbxx_ll_rcc.h ****   * @note In order to save power, when  of the PLLSAI1 is
3734:Drivers/STM32WBxx_HAL_Driver/Inc/stm32wbxx_ll_rcc.h ****   *       not used, should be 0
3735:Drivers/STM32WBxx_HAL_Driver/Inc/stm32wbxx_ll_rcc.h ****   * @rmtoll PLLSAI1CFGR  PLLQEN    LL_RCC_PLLSAI1_DisableDomain_48M
3736:Drivers/STM32WBxx_HAL_Driver/Inc/stm32wbxx_ll_rcc.h ****   * @retval None
3737:Drivers/STM32WBxx_HAL_Driver/Inc/stm32wbxx_ll_rcc.h ****   */
3738:Drivers/STM32WBxx_HAL_Driver/Inc/stm32wbxx_ll_rcc.h **** __STATIC_INLINE void LL_RCC_PLLSAI1_DisableDomain_48M(void)
3739:Drivers/STM32WBxx_HAL_Driver/Inc/stm32wbxx_ll_rcc.h **** {
3740:Drivers/STM32WBxx_HAL_Driver/Inc/stm32wbxx_ll_rcc.h ****   CLEAR_BIT(RCC->PLLSAI1CFGR, RCC_PLLSAI1CFGR_PLLQEN);
3741:Drivers/STM32WBxx_HAL_Driver/Inc/stm32wbxx_ll_rcc.h **** }
3742:Drivers/STM32WBxx_HAL_Driver/Inc/stm32wbxx_ll_rcc.h **** 
3743:Drivers/STM32WBxx_HAL_Driver/Inc/stm32wbxx_ll_rcc.h **** /**
3744:Drivers/STM32WBxx_HAL_Driver/Inc/stm32wbxx_ll_rcc.h ****   * @brief  Check if PLLSAI1 output mapped on 48MHz domain clock is enabled
3745:Drivers/STM32WBxx_HAL_Driver/Inc/stm32wbxx_ll_rcc.h ****   * @rmtoll PLLSAI1CFGR  PLLQEN        LL_RCC_PLLSAI1_IsEnabledDomain_48M
3746:Drivers/STM32WBxx_HAL_Driver/Inc/stm32wbxx_ll_rcc.h ****   * @retval State of bit (1 or 0).
3747:Drivers/STM32WBxx_HAL_Driver/Inc/stm32wbxx_ll_rcc.h ****   */
ARM GAS  /var/folders/98/ctz5mtps7w71v8dr53cf5qg40000gn/T//ccdzqVkO.s 			page 116


3748:Drivers/STM32WBxx_HAL_Driver/Inc/stm32wbxx_ll_rcc.h **** __STATIC_INLINE uint32_t LL_RCC_PLLSAI1_IsEnabledDomain_48M(void)
3749:Drivers/STM32WBxx_HAL_Driver/Inc/stm32wbxx_ll_rcc.h **** {
3750:Drivers/STM32WBxx_HAL_Driver/Inc/stm32wbxx_ll_rcc.h ****   return ((READ_BIT(RCC->PLLSAI1CFGR, RCC_PLLSAI1CFGR_PLLQEN) == (RCC_PLLSAI1CFGR_PLLQEN)) ? 1UL : 
3751:Drivers/STM32WBxx_HAL_Driver/Inc/stm32wbxx_ll_rcc.h **** }
3752:Drivers/STM32WBxx_HAL_Driver/Inc/stm32wbxx_ll_rcc.h **** 
3753:Drivers/STM32WBxx_HAL_Driver/Inc/stm32wbxx_ll_rcc.h **** /**
3754:Drivers/STM32WBxx_HAL_Driver/Inc/stm32wbxx_ll_rcc.h ****   * @brief  Enable PLLSAI1 output mapped on ADC domain clock
3755:Drivers/STM32WBxx_HAL_Driver/Inc/stm32wbxx_ll_rcc.h ****   * @rmtoll PLLSAI1CFGR  PLLREN    LL_RCC_PLLSAI1_EnableDomain_ADC
3756:Drivers/STM32WBxx_HAL_Driver/Inc/stm32wbxx_ll_rcc.h ****   * @retval None
3757:Drivers/STM32WBxx_HAL_Driver/Inc/stm32wbxx_ll_rcc.h ****   */
3758:Drivers/STM32WBxx_HAL_Driver/Inc/stm32wbxx_ll_rcc.h **** __STATIC_INLINE void LL_RCC_PLLSAI1_EnableDomain_ADC(void)
3759:Drivers/STM32WBxx_HAL_Driver/Inc/stm32wbxx_ll_rcc.h **** {
3760:Drivers/STM32WBxx_HAL_Driver/Inc/stm32wbxx_ll_rcc.h ****   SET_BIT(RCC->PLLSAI1CFGR, RCC_PLLSAI1CFGR_PLLREN);
3761:Drivers/STM32WBxx_HAL_Driver/Inc/stm32wbxx_ll_rcc.h **** }
3762:Drivers/STM32WBxx_HAL_Driver/Inc/stm32wbxx_ll_rcc.h **** 
3763:Drivers/STM32WBxx_HAL_Driver/Inc/stm32wbxx_ll_rcc.h **** /**
3764:Drivers/STM32WBxx_HAL_Driver/Inc/stm32wbxx_ll_rcc.h ****   * @brief  Disable PLLSAI1 output mapped on ADC domain clock
3765:Drivers/STM32WBxx_HAL_Driver/Inc/stm32wbxx_ll_rcc.h ****   * @note In order to save power, when  of the PLLSAI1 is
3766:Drivers/STM32WBxx_HAL_Driver/Inc/stm32wbxx_ll_rcc.h ****   *       not used, Main PLLSAI1 should be 0
3767:Drivers/STM32WBxx_HAL_Driver/Inc/stm32wbxx_ll_rcc.h ****   * @rmtoll PLLSAI1CFGR  PLLREN    LL_RCC_PLLSAI1_DisableDomain_ADC
3768:Drivers/STM32WBxx_HAL_Driver/Inc/stm32wbxx_ll_rcc.h ****   * @retval None
3769:Drivers/STM32WBxx_HAL_Driver/Inc/stm32wbxx_ll_rcc.h ****   */
3770:Drivers/STM32WBxx_HAL_Driver/Inc/stm32wbxx_ll_rcc.h **** __STATIC_INLINE void LL_RCC_PLLSAI1_DisableDomain_ADC(void)
3771:Drivers/STM32WBxx_HAL_Driver/Inc/stm32wbxx_ll_rcc.h **** {
3772:Drivers/STM32WBxx_HAL_Driver/Inc/stm32wbxx_ll_rcc.h ****   CLEAR_BIT(RCC->PLLSAI1CFGR, RCC_PLLSAI1CFGR_PLLREN);
3773:Drivers/STM32WBxx_HAL_Driver/Inc/stm32wbxx_ll_rcc.h **** }
3774:Drivers/STM32WBxx_HAL_Driver/Inc/stm32wbxx_ll_rcc.h **** 
3775:Drivers/STM32WBxx_HAL_Driver/Inc/stm32wbxx_ll_rcc.h **** /**
3776:Drivers/STM32WBxx_HAL_Driver/Inc/stm32wbxx_ll_rcc.h ****   * @brief  Check if PLLSAI1 output mapped on ADC domain clock is enabled
3777:Drivers/STM32WBxx_HAL_Driver/Inc/stm32wbxx_ll_rcc.h ****   * @rmtoll PLLSAI1CFGR  PLLREN        LL_RCC_PLLSAI1_IsEnabledDomain_ADC
3778:Drivers/STM32WBxx_HAL_Driver/Inc/stm32wbxx_ll_rcc.h ****   * @retval State of bit (1 or 0).
3779:Drivers/STM32WBxx_HAL_Driver/Inc/stm32wbxx_ll_rcc.h ****   */
3780:Drivers/STM32WBxx_HAL_Driver/Inc/stm32wbxx_ll_rcc.h **** __STATIC_INLINE uint32_t LL_RCC_PLLSAI1_IsEnabledDomain_ADC(void)
3781:Drivers/STM32WBxx_HAL_Driver/Inc/stm32wbxx_ll_rcc.h **** {
3782:Drivers/STM32WBxx_HAL_Driver/Inc/stm32wbxx_ll_rcc.h ****   return ((READ_BIT(RCC->PLLSAI1CFGR, RCC_PLLSAI1CFGR_PLLREN) == (RCC_PLLSAI1CFGR_PLLREN)) ? 1UL : 
3783:Drivers/STM32WBxx_HAL_Driver/Inc/stm32wbxx_ll_rcc.h **** }
3784:Drivers/STM32WBxx_HAL_Driver/Inc/stm32wbxx_ll_rcc.h **** #endif /* SAI1 */
3785:Drivers/STM32WBxx_HAL_Driver/Inc/stm32wbxx_ll_rcc.h **** 
3786:Drivers/STM32WBxx_HAL_Driver/Inc/stm32wbxx_ll_rcc.h **** /**
3787:Drivers/STM32WBxx_HAL_Driver/Inc/stm32wbxx_ll_rcc.h ****   * @}
3788:Drivers/STM32WBxx_HAL_Driver/Inc/stm32wbxx_ll_rcc.h ****   */
3789:Drivers/STM32WBxx_HAL_Driver/Inc/stm32wbxx_ll_rcc.h **** 
3790:Drivers/STM32WBxx_HAL_Driver/Inc/stm32wbxx_ll_rcc.h **** 
3791:Drivers/STM32WBxx_HAL_Driver/Inc/stm32wbxx_ll_rcc.h **** 
3792:Drivers/STM32WBxx_HAL_Driver/Inc/stm32wbxx_ll_rcc.h **** /** @defgroup RCC_LL_EF_FLAG_Management FLAG Management
3793:Drivers/STM32WBxx_HAL_Driver/Inc/stm32wbxx_ll_rcc.h ****   * @{
3794:Drivers/STM32WBxx_HAL_Driver/Inc/stm32wbxx_ll_rcc.h ****   */
3795:Drivers/STM32WBxx_HAL_Driver/Inc/stm32wbxx_ll_rcc.h **** 
3796:Drivers/STM32WBxx_HAL_Driver/Inc/stm32wbxx_ll_rcc.h **** /**
3797:Drivers/STM32WBxx_HAL_Driver/Inc/stm32wbxx_ll_rcc.h ****   * @brief  Clear LSI1 ready interrupt flag
3798:Drivers/STM32WBxx_HAL_Driver/Inc/stm32wbxx_ll_rcc.h ****   * @rmtoll CICR         LSI1RDYC       LL_RCC_ClearFlag_LSI1RDY
3799:Drivers/STM32WBxx_HAL_Driver/Inc/stm32wbxx_ll_rcc.h ****   * @retval None
3800:Drivers/STM32WBxx_HAL_Driver/Inc/stm32wbxx_ll_rcc.h ****   */
3801:Drivers/STM32WBxx_HAL_Driver/Inc/stm32wbxx_ll_rcc.h **** __STATIC_INLINE void LL_RCC_ClearFlag_LSI1RDY(void)
3802:Drivers/STM32WBxx_HAL_Driver/Inc/stm32wbxx_ll_rcc.h **** {
3803:Drivers/STM32WBxx_HAL_Driver/Inc/stm32wbxx_ll_rcc.h ****   SET_BIT(RCC->CICR, RCC_CICR_LSI1RDYC);
3804:Drivers/STM32WBxx_HAL_Driver/Inc/stm32wbxx_ll_rcc.h **** }
ARM GAS  /var/folders/98/ctz5mtps7w71v8dr53cf5qg40000gn/T//ccdzqVkO.s 			page 117


3805:Drivers/STM32WBxx_HAL_Driver/Inc/stm32wbxx_ll_rcc.h **** 
3806:Drivers/STM32WBxx_HAL_Driver/Inc/stm32wbxx_ll_rcc.h **** /**
3807:Drivers/STM32WBxx_HAL_Driver/Inc/stm32wbxx_ll_rcc.h ****   * @brief  Clear LSI2 ready interrupt flag
3808:Drivers/STM32WBxx_HAL_Driver/Inc/stm32wbxx_ll_rcc.h ****   * @rmtoll CICR         LSI2RDYC       LL_RCC_ClearFlag_LSI2RDY
3809:Drivers/STM32WBxx_HAL_Driver/Inc/stm32wbxx_ll_rcc.h ****   * @retval None
3810:Drivers/STM32WBxx_HAL_Driver/Inc/stm32wbxx_ll_rcc.h ****   */
3811:Drivers/STM32WBxx_HAL_Driver/Inc/stm32wbxx_ll_rcc.h **** __STATIC_INLINE void LL_RCC_ClearFlag_LSI2RDY(void)
3812:Drivers/STM32WBxx_HAL_Driver/Inc/stm32wbxx_ll_rcc.h **** {
3813:Drivers/STM32WBxx_HAL_Driver/Inc/stm32wbxx_ll_rcc.h ****   SET_BIT(RCC->CICR, RCC_CICR_LSI2RDYC);
3814:Drivers/STM32WBxx_HAL_Driver/Inc/stm32wbxx_ll_rcc.h **** }
3815:Drivers/STM32WBxx_HAL_Driver/Inc/stm32wbxx_ll_rcc.h **** 
3816:Drivers/STM32WBxx_HAL_Driver/Inc/stm32wbxx_ll_rcc.h **** /**
3817:Drivers/STM32WBxx_HAL_Driver/Inc/stm32wbxx_ll_rcc.h ****   * @brief  Clear LSE ready interrupt flag
3818:Drivers/STM32WBxx_HAL_Driver/Inc/stm32wbxx_ll_rcc.h ****   * @rmtoll CICR         LSERDYC       LL_RCC_ClearFlag_LSERDY
3819:Drivers/STM32WBxx_HAL_Driver/Inc/stm32wbxx_ll_rcc.h ****   * @retval None
3820:Drivers/STM32WBxx_HAL_Driver/Inc/stm32wbxx_ll_rcc.h ****   */
3821:Drivers/STM32WBxx_HAL_Driver/Inc/stm32wbxx_ll_rcc.h **** __STATIC_INLINE void LL_RCC_ClearFlag_LSERDY(void)
3822:Drivers/STM32WBxx_HAL_Driver/Inc/stm32wbxx_ll_rcc.h **** {
3823:Drivers/STM32WBxx_HAL_Driver/Inc/stm32wbxx_ll_rcc.h ****   SET_BIT(RCC->CICR, RCC_CICR_LSERDYC);
3824:Drivers/STM32WBxx_HAL_Driver/Inc/stm32wbxx_ll_rcc.h **** }
3825:Drivers/STM32WBxx_HAL_Driver/Inc/stm32wbxx_ll_rcc.h **** 
3826:Drivers/STM32WBxx_HAL_Driver/Inc/stm32wbxx_ll_rcc.h **** /**
3827:Drivers/STM32WBxx_HAL_Driver/Inc/stm32wbxx_ll_rcc.h ****   * @brief  Clear MSI ready interrupt flag
3828:Drivers/STM32WBxx_HAL_Driver/Inc/stm32wbxx_ll_rcc.h ****   * @rmtoll CICR         MSIRDYC       LL_RCC_ClearFlag_MSIRDY
3829:Drivers/STM32WBxx_HAL_Driver/Inc/stm32wbxx_ll_rcc.h ****   * @retval None
3830:Drivers/STM32WBxx_HAL_Driver/Inc/stm32wbxx_ll_rcc.h ****   */
3831:Drivers/STM32WBxx_HAL_Driver/Inc/stm32wbxx_ll_rcc.h **** __STATIC_INLINE void LL_RCC_ClearFlag_MSIRDY(void)
3832:Drivers/STM32WBxx_HAL_Driver/Inc/stm32wbxx_ll_rcc.h **** {
3833:Drivers/STM32WBxx_HAL_Driver/Inc/stm32wbxx_ll_rcc.h ****   SET_BIT(RCC->CICR, RCC_CICR_MSIRDYC);
3834:Drivers/STM32WBxx_HAL_Driver/Inc/stm32wbxx_ll_rcc.h **** }
3835:Drivers/STM32WBxx_HAL_Driver/Inc/stm32wbxx_ll_rcc.h **** 
3836:Drivers/STM32WBxx_HAL_Driver/Inc/stm32wbxx_ll_rcc.h **** /**
3837:Drivers/STM32WBxx_HAL_Driver/Inc/stm32wbxx_ll_rcc.h ****   * @brief  Clear HSI ready interrupt flag
3838:Drivers/STM32WBxx_HAL_Driver/Inc/stm32wbxx_ll_rcc.h ****   * @rmtoll CICR         HSIRDYC       LL_RCC_ClearFlag_HSIRDY
3839:Drivers/STM32WBxx_HAL_Driver/Inc/stm32wbxx_ll_rcc.h ****   * @retval None
3840:Drivers/STM32WBxx_HAL_Driver/Inc/stm32wbxx_ll_rcc.h ****   */
3841:Drivers/STM32WBxx_HAL_Driver/Inc/stm32wbxx_ll_rcc.h **** __STATIC_INLINE void LL_RCC_ClearFlag_HSIRDY(void)
3842:Drivers/STM32WBxx_HAL_Driver/Inc/stm32wbxx_ll_rcc.h **** {
3843:Drivers/STM32WBxx_HAL_Driver/Inc/stm32wbxx_ll_rcc.h ****   SET_BIT(RCC->CICR, RCC_CICR_HSIRDYC);
3844:Drivers/STM32WBxx_HAL_Driver/Inc/stm32wbxx_ll_rcc.h **** }
3845:Drivers/STM32WBxx_HAL_Driver/Inc/stm32wbxx_ll_rcc.h **** 
3846:Drivers/STM32WBxx_HAL_Driver/Inc/stm32wbxx_ll_rcc.h **** /**
3847:Drivers/STM32WBxx_HAL_Driver/Inc/stm32wbxx_ll_rcc.h ****   * @brief  Clear HSE ready interrupt flag
3848:Drivers/STM32WBxx_HAL_Driver/Inc/stm32wbxx_ll_rcc.h ****   * @rmtoll CICR         HSERDYC       LL_RCC_ClearFlag_HSERDY
3849:Drivers/STM32WBxx_HAL_Driver/Inc/stm32wbxx_ll_rcc.h ****   * @retval None
3850:Drivers/STM32WBxx_HAL_Driver/Inc/stm32wbxx_ll_rcc.h ****   */
3851:Drivers/STM32WBxx_HAL_Driver/Inc/stm32wbxx_ll_rcc.h **** __STATIC_INLINE void LL_RCC_ClearFlag_HSERDY(void)
3852:Drivers/STM32WBxx_HAL_Driver/Inc/stm32wbxx_ll_rcc.h **** {
3853:Drivers/STM32WBxx_HAL_Driver/Inc/stm32wbxx_ll_rcc.h ****   SET_BIT(RCC->CICR, RCC_CICR_HSERDYC);
3854:Drivers/STM32WBxx_HAL_Driver/Inc/stm32wbxx_ll_rcc.h **** }
3855:Drivers/STM32WBxx_HAL_Driver/Inc/stm32wbxx_ll_rcc.h **** 
3856:Drivers/STM32WBxx_HAL_Driver/Inc/stm32wbxx_ll_rcc.h **** /**
3857:Drivers/STM32WBxx_HAL_Driver/Inc/stm32wbxx_ll_rcc.h ****   * @brief  Configure PLL clock source
3858:Drivers/STM32WBxx_HAL_Driver/Inc/stm32wbxx_ll_rcc.h ****   * @rmtoll PLLCFGR      PLLSRC        LL_RCC_PLL_SetMainSource
3859:Drivers/STM32WBxx_HAL_Driver/Inc/stm32wbxx_ll_rcc.h ****   * @param PLLSource This parameter can be one of the following values:
3860:Drivers/STM32WBxx_HAL_Driver/Inc/stm32wbxx_ll_rcc.h ****   *         @arg @ref LL_RCC_PLLSOURCE_MSI
3861:Drivers/STM32WBxx_HAL_Driver/Inc/stm32wbxx_ll_rcc.h ****   *         @arg @ref LL_RCC_PLLSOURCE_HSI
ARM GAS  /var/folders/98/ctz5mtps7w71v8dr53cf5qg40000gn/T//ccdzqVkO.s 			page 118


3862:Drivers/STM32WBxx_HAL_Driver/Inc/stm32wbxx_ll_rcc.h ****   *         @arg @ref LL_RCC_PLLSOURCE_HSE
3863:Drivers/STM32WBxx_HAL_Driver/Inc/stm32wbxx_ll_rcc.h ****   * @retval None
3864:Drivers/STM32WBxx_HAL_Driver/Inc/stm32wbxx_ll_rcc.h ****   */
3865:Drivers/STM32WBxx_HAL_Driver/Inc/stm32wbxx_ll_rcc.h **** __STATIC_INLINE void LL_RCC_PLL_SetMainSource(uint32_t PLLSource)
3866:Drivers/STM32WBxx_HAL_Driver/Inc/stm32wbxx_ll_rcc.h **** {
3867:Drivers/STM32WBxx_HAL_Driver/Inc/stm32wbxx_ll_rcc.h ****   MODIFY_REG(RCC->PLLCFGR, RCC_PLLCFGR_PLLSRC, PLLSource);
3868:Drivers/STM32WBxx_HAL_Driver/Inc/stm32wbxx_ll_rcc.h **** }
3869:Drivers/STM32WBxx_HAL_Driver/Inc/stm32wbxx_ll_rcc.h **** 
3870:Drivers/STM32WBxx_HAL_Driver/Inc/stm32wbxx_ll_rcc.h **** /**
3871:Drivers/STM32WBxx_HAL_Driver/Inc/stm32wbxx_ll_rcc.h ****   * @brief  Get the oscillator used as PLL clock source.
3872:Drivers/STM32WBxx_HAL_Driver/Inc/stm32wbxx_ll_rcc.h ****   * @rmtoll PLLCFGR      PLLSRC        LL_RCC_PLL_GetMainSource
3873:Drivers/STM32WBxx_HAL_Driver/Inc/stm32wbxx_ll_rcc.h ****   * @retval Returned value can be one of the following values:
3874:Drivers/STM32WBxx_HAL_Driver/Inc/stm32wbxx_ll_rcc.h ****   *         @arg @ref LL_RCC_PLLSOURCE_NONE
3875:Drivers/STM32WBxx_HAL_Driver/Inc/stm32wbxx_ll_rcc.h ****   *         @arg @ref LL_RCC_PLLSOURCE_MSI
3876:Drivers/STM32WBxx_HAL_Driver/Inc/stm32wbxx_ll_rcc.h ****   *         @arg @ref LL_RCC_PLLSOURCE_HSI
3877:Drivers/STM32WBxx_HAL_Driver/Inc/stm32wbxx_ll_rcc.h ****   *         @arg @ref LL_RCC_PLLSOURCE_HSE
3878:Drivers/STM32WBxx_HAL_Driver/Inc/stm32wbxx_ll_rcc.h ****   */
3879:Drivers/STM32WBxx_HAL_Driver/Inc/stm32wbxx_ll_rcc.h **** __STATIC_INLINE uint32_t LL_RCC_PLL_GetMainSource(void)
 815              		.loc 2 3879 26 view .LVU244
 816              	.LBB254:
3880:Drivers/STM32WBxx_HAL_Driver/Inc/stm32wbxx_ll_rcc.h **** {
3881:Drivers/STM32WBxx_HAL_Driver/Inc/stm32wbxx_ll_rcc.h ****   return (uint32_t)(READ_BIT(RCC->PLLCFGR, RCC_PLLCFGR_PLLSRC));
 817              		.loc 2 3881 3 view .LVU245
 818              		.loc 2 3881 21 is_stmt 0 view .LVU246
 819 0030 4FF0B043 		mov	r3, #1476395008
 820              	.LVL71:
 821              		.loc 2 3881 21 view .LVU247
 822 0034 DB68     		ldr	r3, [r3, #12]
 823              		.loc 2 3881 10 view .LVU248
 824 0036 03F00303 		and	r3, r3, #3
 825              	.LVL72:
 826              		.loc 2 3881 10 view .LVU249
 827              	.LBE254:
 828              	.LBE253:
1439:Drivers/STM32WBxx_HAL_Driver/Src/stm32wbxx_hal_rcc.c ****     {
 829              		.loc 1 1439 5 is_stmt 1 view .LVU250
 830 003a 022B     		cmp	r3, #2
 831 003c 31D0     		beq	.L59
 832 003e 032B     		cmp	r3, #3
 833 0040 0FD1     		bne	.L54
1445:Drivers/STM32WBxx_HAL_Driver/Src/stm32wbxx_hal_rcc.c ****         {
 834              		.loc 1 1445 9 view .LVU251
 835              	.LBB255:
 836              	.LBI255:
1298:Drivers/STM32WBxx_HAL_Driver/Inc/stm32wbxx_ll_rcc.h **** {
 837              		.loc 2 1298 26 view .LVU252
 838              	.LBB256:
1300:Drivers/STM32WBxx_HAL_Driver/Inc/stm32wbxx_ll_rcc.h **** }
 839              		.loc 2 1300 3 view .LVU253
1300:Drivers/STM32WBxx_HAL_Driver/Inc/stm32wbxx_ll_rcc.h **** }
 840              		.loc 2 1300 12 is_stmt 0 view .LVU254
 841 0042 4FF0B043 		mov	r3, #1476395008
 842              	.LVL73:
1300:Drivers/STM32WBxx_HAL_Driver/Inc/stm32wbxx_ll_rcc.h **** }
 843              		.loc 2 1300 12 view .LVU255
 844 0046 1B68     		ldr	r3, [r3]
1300:Drivers/STM32WBxx_HAL_Driver/Inc/stm32wbxx_ll_rcc.h **** }
ARM GAS  /var/folders/98/ctz5mtps7w71v8dr53cf5qg40000gn/T//ccdzqVkO.s 			page 119


 845              		.loc 2 1300 71 view .LVU256
 846 0048 13F4801F 		tst	r3, #1048576
 847 004c 2BD1     		bne	.L60
 848              	.LBE256:
 849              	.LBE255:
1451:Drivers/STM32WBxx_HAL_Driver/Src/stm32wbxx_hal_rcc.c ****         }
 850              		.loc 1 1451 24 view .LVU257
 851 004e 1A48     		ldr	r0, .L65+4
 852 0050 12E0     		b	.L53
 853              	.LVL74:
 854              	.L63:
1426:Drivers/STM32WBxx_HAL_Driver/Src/stm32wbxx_hal_rcc.c ****     {
 855              		.loc 1 1426 5 is_stmt 1 view .LVU258
 856              	.LBB257:
 857              	.LBI257:
1298:Drivers/STM32WBxx_HAL_Driver/Inc/stm32wbxx_ll_rcc.h **** {
 858              		.loc 2 1298 26 view .LVU259
 859              	.LBB258:
1300:Drivers/STM32WBxx_HAL_Driver/Inc/stm32wbxx_ll_rcc.h **** }
 860              		.loc 2 1300 3 view .LVU260
1300:Drivers/STM32WBxx_HAL_Driver/Inc/stm32wbxx_ll_rcc.h **** }
 861              		.loc 2 1300 12 is_stmt 0 view .LVU261
 862 0052 4FF0B043 		mov	r3, #1476395008
 863              	.LVL75:
1300:Drivers/STM32WBxx_HAL_Driver/Inc/stm32wbxx_ll_rcc.h **** }
 864              		.loc 2 1300 12 view .LVU262
 865 0056 1B68     		ldr	r3, [r3]
1300:Drivers/STM32WBxx_HAL_Driver/Inc/stm32wbxx_ll_rcc.h **** }
 866              		.loc 2 1300 71 view .LVU263
 867 0058 13F4801F 		tst	r3, #1048576
 868 005c 27D0     		beq	.L58
 869              	.LBE258:
 870              	.LBE257:
1428:Drivers/STM32WBxx_HAL_Driver/Src/stm32wbxx_hal_rcc.c ****     }
 871              		.loc 1 1428 20 view .LVU264
 872 005e 1748     		ldr	r0, .L65+8
 873 0060 7047     		bx	lr
 874              	.LVL76:
 875              	.L54:
1456:Drivers/STM32WBxx_HAL_Driver/Src/stm32wbxx_hal_rcc.c ****         break;
 876              		.loc 1 1456 9 is_stmt 1 view .LVU265
 877              	.LBB259:
 878              	.LBI259:
1942:Drivers/STM32WBxx_HAL_Driver/Inc/stm32wbxx_ll_rcc.h **** {
 879              		.loc 2 1942 26 view .LVU266
 880              	.LBB260:
1944:Drivers/STM32WBxx_HAL_Driver/Inc/stm32wbxx_ll_rcc.h ****   if (msiRange > LL_RCC_MSIRANGE_11)
 881              		.loc 2 1944 3 view .LVU267
1944:Drivers/STM32WBxx_HAL_Driver/Inc/stm32wbxx_ll_rcc.h ****   if (msiRange > LL_RCC_MSIRANGE_11)
 882              		.loc 2 1944 23 is_stmt 0 view .LVU268
 883 0062 4FF0B043 		mov	r3, #1476395008
 884              	.LVL77:
1944:Drivers/STM32WBxx_HAL_Driver/Inc/stm32wbxx_ll_rcc.h ****   if (msiRange > LL_RCC_MSIRANGE_11)
 885              		.loc 2 1944 23 view .LVU269
 886 0066 1B68     		ldr	r3, [r3]
1944:Drivers/STM32WBxx_HAL_Driver/Inc/stm32wbxx_ll_rcc.h ****   if (msiRange > LL_RCC_MSIRANGE_11)
 887              		.loc 2 1944 12 view .LVU270
ARM GAS  /var/folders/98/ctz5mtps7w71v8dr53cf5qg40000gn/T//ccdzqVkO.s 			page 120


 888 0068 03F0F003 		and	r3, r3, #240
 889              	.LVL78:
1945:Drivers/STM32WBxx_HAL_Driver/Inc/stm32wbxx_ll_rcc.h ****   {
 890              		.loc 2 1945 3 is_stmt 1 view .LVU271
1945:Drivers/STM32WBxx_HAL_Driver/Inc/stm32wbxx_ll_rcc.h ****   {
 891              		.loc 2 1945 6 is_stmt 0 view .LVU272
 892 006c B02B     		cmp	r3, #176
 893 006e 16D8     		bhi	.L64
 894              	.LVL79:
 895              	.L55:
1949:Drivers/STM32WBxx_HAL_Driver/Inc/stm32wbxx_ll_rcc.h **** }
 896              		.loc 2 1949 3 is_stmt 1 view .LVU273
1949:Drivers/STM32WBxx_HAL_Driver/Inc/stm32wbxx_ll_rcc.h **** }
 897              		.loc 2 1949 3 is_stmt 0 view .LVU274
 898              	.LBE260:
 899              	.LBE259:
1456:Drivers/STM32WBxx_HAL_Driver/Src/stm32wbxx_hal_rcc.c ****         break;
 900              		.loc 1 1456 24 discriminator 1 view .LVU275
 901 0070 1B09     		lsrs	r3, r3, #4
1456:Drivers/STM32WBxx_HAL_Driver/Src/stm32wbxx_hal_rcc.c ****         break;
 902              		.loc 1 1456 22 discriminator 1 view .LVU276
 903 0072 104A     		ldr	r2, .L65
 904 0074 52F82300 		ldr	r0, [r2, r3, lsl #2]
 905              	.LVL80:
1457:Drivers/STM32WBxx_HAL_Driver/Src/stm32wbxx_hal_rcc.c ****     }
 906              		.loc 1 1457 9 is_stmt 1 view .LVU277
 907              	.L53:
1459:Drivers/STM32WBxx_HAL_Driver/Src/stm32wbxx_hal_rcc.c ****                                              LL_RCC_PLL_GetR());
 908              		.loc 1 1459 5 view .LVU278
 909              	.LBB262:
 910              	.LBI262:
3181:Drivers/STM32WBxx_HAL_Driver/Inc/stm32wbxx_ll_rcc.h **** {
 911              		.loc 2 3181 26 view .LVU279
 912              	.LBB263:
3183:Drivers/STM32WBxx_HAL_Driver/Inc/stm32wbxx_ll_rcc.h **** }
 913              		.loc 2 3183 3 view .LVU280
3183:Drivers/STM32WBxx_HAL_Driver/Inc/stm32wbxx_ll_rcc.h **** }
 914              		.loc 2 3183 21 is_stmt 0 view .LVU281
 915 0078 4FF0B042 		mov	r2, #1476395008
 916 007c D368     		ldr	r3, [r2, #12]
3183:Drivers/STM32WBxx_HAL_Driver/Inc/stm32wbxx_ll_rcc.h **** }
 917              		.loc 2 3183 10 view .LVU282
 918 007e C3F30623 		ubfx	r3, r3, #8, #7
 919              	.LBE263:
 920              	.LBE262:
1459:Drivers/STM32WBxx_HAL_Driver/Src/stm32wbxx_hal_rcc.c ****                                              LL_RCC_PLL_GetR());
 921              		.loc 1 1459 20 discriminator 1 view .LVU283
 922 0082 03FB00F0 		mul	r0, r3, r0
 923              	.LVL81:
 924              	.LBB264:
 925              	.LBI264:
3277:Drivers/STM32WBxx_HAL_Driver/Inc/stm32wbxx_ll_rcc.h **** {
 926              		.loc 2 3277 26 is_stmt 1 view .LVU284
 927              	.LBB265:
3279:Drivers/STM32WBxx_HAL_Driver/Inc/stm32wbxx_ll_rcc.h **** }
 928              		.loc 2 3279 3 view .LVU285
3279:Drivers/STM32WBxx_HAL_Driver/Inc/stm32wbxx_ll_rcc.h **** }
ARM GAS  /var/folders/98/ctz5mtps7w71v8dr53cf5qg40000gn/T//ccdzqVkO.s 			page 121


 929              		.loc 2 3279 21 is_stmt 0 view .LVU286
 930 0086 D368     		ldr	r3, [r2, #12]
 931              	.LBE265:
 932              	.LBE264:
1459:Drivers/STM32WBxx_HAL_Driver/Src/stm32wbxx_hal_rcc.c ****                                              LL_RCC_PLL_GetR());
 933              		.loc 1 1459 20 discriminator 2 view .LVU287
 934 0088 C3F30213 		ubfx	r3, r3, #4, #3
 935 008c 0133     		adds	r3, r3, #1
 936 008e B0FBF3F0 		udiv	r0, r0, r3
 937              	.LBB266:
 938              	.LBI266:
3259:Drivers/STM32WBxx_HAL_Driver/Inc/stm32wbxx_ll_rcc.h **** {
 939              		.loc 2 3259 26 is_stmt 1 view .LVU288
 940              	.LBB267:
3261:Drivers/STM32WBxx_HAL_Driver/Inc/stm32wbxx_ll_rcc.h **** }
 941              		.loc 2 3261 3 view .LVU289
3261:Drivers/STM32WBxx_HAL_Driver/Inc/stm32wbxx_ll_rcc.h **** }
 942              		.loc 2 3261 21 is_stmt 0 view .LVU290
 943 0092 D368     		ldr	r3, [r2, #12]
 944              	.LBE267:
 945              	.LBE266:
1459:Drivers/STM32WBxx_HAL_Driver/Src/stm32wbxx_hal_rcc.c ****                                              LL_RCC_PLL_GetR());
 946              		.loc 1 1459 20 discriminator 3 view .LVU291
 947 0094 5B0F     		lsrs	r3, r3, #29
 948 0096 0133     		adds	r3, r3, #1
1459:Drivers/STM32WBxx_HAL_Driver/Src/stm32wbxx_hal_rcc.c ****                                              LL_RCC_PLL_GetR());
 949              		.loc 1 1459 18 discriminator 3 view .LVU292
 950 0098 B0FBF3F0 		udiv	r0, r0, r3
 951              	.LVL82:
1459:Drivers/STM32WBxx_HAL_Driver/Src/stm32wbxx_hal_rcc.c ****                                              LL_RCC_PLL_GetR());
 952              		.loc 1 1459 18 discriminator 3 view .LVU293
 953 009c 7047     		bx	lr
 954              	.LVL83:
 955              	.L64:
 956              	.LBB268:
 957              	.LBB261:
1947:Drivers/STM32WBxx_HAL_Driver/Inc/stm32wbxx_ll_rcc.h ****   }
 958              		.loc 2 1947 14 view .LVU294
 959 009e B023     		movs	r3, #176
 960              	.LVL84:
1947:Drivers/STM32WBxx_HAL_Driver/Inc/stm32wbxx_ll_rcc.h ****   }
 961              		.loc 2 1947 14 view .LVU295
 962 00a0 E6E7     		b	.L55
 963              	.LVL85:
 964              	.L59:
1947:Drivers/STM32WBxx_HAL_Driver/Inc/stm32wbxx_ll_rcc.h ****   }
 965              		.loc 2 1947 14 view .LVU296
 966              	.LBE261:
 967              	.LBE268:
1439:Drivers/STM32WBxx_HAL_Driver/Src/stm32wbxx_hal_rcc.c ****     {
 968              		.loc 1 1439 5 view .LVU297
 969 00a2 0648     		ldr	r0, .L65+8
 970 00a4 E8E7     		b	.L53
 971              	.LVL86:
 972              	.L60:
1447:Drivers/STM32WBxx_HAL_Driver/Src/stm32wbxx_hal_rcc.c ****         }
 973              		.loc 1 1447 24 view .LVU298
ARM GAS  /var/folders/98/ctz5mtps7w71v8dr53cf5qg40000gn/T//ccdzqVkO.s 			page 122


 974 00a6 0548     		ldr	r0, .L65+8
 975 00a8 E6E7     		b	.L53
 976              	.LVL87:
 977              	.L57:
1421:Drivers/STM32WBxx_HAL_Driver/Src/stm32wbxx_hal_rcc.c ****   }
 978              		.loc 1 1421 18 view .LVU299
 979 00aa 0448     		ldr	r0, .L65+8
 980 00ac 7047     		bx	lr
 981              	.LVL88:
 982              	.L58:
1432:Drivers/STM32WBxx_HAL_Driver/Src/stm32wbxx_hal_rcc.c ****     }
 983              		.loc 1 1432 20 view .LVU300
 984 00ae 0248     		ldr	r0, .L65+4
 985              	.LVL89:
1463:Drivers/STM32WBxx_HAL_Driver/Src/stm32wbxx_hal_rcc.c **** }
 986              		.loc 1 1463 3 is_stmt 1 view .LVU301
1464:Drivers/STM32WBxx_HAL_Driver/Src/stm32wbxx_hal_rcc.c **** 
 987              		.loc 1 1464 1 is_stmt 0 view .LVU302
 988 00b0 7047     		bx	lr
 989              	.L66:
 990 00b2 00BF     		.align	2
 991              	.L65:
 992 00b4 00000000 		.word	MSIRangeTable
 993 00b8 0048E801 		.word	32000000
 994 00bc 0024F400 		.word	16000000
 995              		.cfi_endproc
 996              	.LFE954:
 998              		.section	.text.HAL_RCC_GetHCLKFreq,"ax",%progbits
 999              		.align	1
 1000              		.global	HAL_RCC_GetHCLKFreq
 1001              		.syntax unified
 1002              		.thumb
 1003              		.thumb_func
 1005              	HAL_RCC_GetHCLKFreq:
 1006              	.LFB955:
1471:Drivers/STM32WBxx_HAL_Driver/Src/stm32wbxx_hal_rcc.c ****   /* Get SysClock and Compute HCLK1 frequency ---------------------------*/
 1007              		.loc 1 1471 1 is_stmt 1 view -0
 1008              		.cfi_startproc
 1009              		@ args = 0, pretend = 0, frame = 0
 1010              		@ frame_needed = 0, uses_anonymous_args = 0
 1011 0000 08B5     		push	{r3, lr}
 1012              	.LCFI9:
 1013              		.cfi_def_cfa_offset 8
 1014              		.cfi_offset 3, -8
 1015              		.cfi_offset 14, -4
1473:Drivers/STM32WBxx_HAL_Driver/Src/stm32wbxx_hal_rcc.c **** }
 1016              		.loc 1 1473 3 view .LVU304
1473:Drivers/STM32WBxx_HAL_Driver/Src/stm32wbxx_hal_rcc.c **** }
 1017              		.loc 1 1473 22 is_stmt 0 view .LVU305
 1018 0002 FFF7FEFF 		bl	HAL_RCC_GetSysClockFreq
 1019              	.LVL90:
 1020              	.LBB269:
 1021              	.LBI269:
2258:Drivers/STM32WBxx_HAL_Driver/Inc/stm32wbxx_ll_rcc.h **** {
 1022              		.loc 2 2258 26 is_stmt 1 view .LVU306
 1023              	.LBB270:
2260:Drivers/STM32WBxx_HAL_Driver/Inc/stm32wbxx_ll_rcc.h **** }
ARM GAS  /var/folders/98/ctz5mtps7w71v8dr53cf5qg40000gn/T//ccdzqVkO.s 			page 123


 1024              		.loc 2 2260 3 view .LVU307
2260:Drivers/STM32WBxx_HAL_Driver/Inc/stm32wbxx_ll_rcc.h **** }
 1025              		.loc 2 2260 21 is_stmt 0 view .LVU308
 1026 0006 4FF0B043 		mov	r3, #1476395008
 1027 000a 9B68     		ldr	r3, [r3, #8]
 1028              	.LBE270:
 1029              	.LBE269:
1473:Drivers/STM32WBxx_HAL_Driver/Src/stm32wbxx_hal_rcc.c **** }
 1030              		.loc 1 1473 22 discriminator 2 view .LVU309
 1031 000c C3F30313 		ubfx	r3, r3, #4, #4
 1032 0010 024A     		ldr	r2, .L69
 1033 0012 52F82330 		ldr	r3, [r2, r3, lsl #2]
1474:Drivers/STM32WBxx_HAL_Driver/Src/stm32wbxx_hal_rcc.c **** 
 1034              		.loc 1 1474 1 view .LVU310
 1035 0016 B0FBF3F0 		udiv	r0, r0, r3
 1036 001a 08BD     		pop	{r3, pc}
 1037              	.L70:
 1038              		.align	2
 1039              	.L69:
 1040 001c 00000000 		.word	AHBPrescTable
 1041              		.cfi_endproc
 1042              	.LFE955:
 1044              		.section	.text.HAL_RCC_OscConfig,"ax",%progbits
 1045              		.align	1
 1046              		.global	HAL_RCC_OscConfig
 1047              		.syntax unified
 1048              		.thumb
 1049              		.thumb_func
 1051              	HAL_RCC_OscConfig:
 1052              	.LVL91:
 1053              	.LFB951:
 385:Drivers/STM32WBxx_HAL_Driver/Src/stm32wbxx_hal_rcc.c ****   uint32_t tickstart;
 1054              		.loc 1 385 1 is_stmt 1 view -0
 1055              		.cfi_startproc
 1056              		@ args = 0, pretend = 0, frame = 0
 1057              		@ frame_needed = 0, uses_anonymous_args = 0
 386:Drivers/STM32WBxx_HAL_Driver/Src/stm32wbxx_hal_rcc.c **** 
 1058              		.loc 1 386 3 view .LVU312
 389:Drivers/STM32WBxx_HAL_Driver/Src/stm32wbxx_hal_rcc.c ****   {
 1059              		.loc 1 389 3 view .LVU313
 389:Drivers/STM32WBxx_HAL_Driver/Src/stm32wbxx_hal_rcc.c ****   {
 1060              		.loc 1 389 6 is_stmt 0 view .LVU314
 1061 0000 0028     		cmp	r0, #0
 1062 0002 00F07283 		beq	.L137
 385:Drivers/STM32WBxx_HAL_Driver/Src/stm32wbxx_hal_rcc.c ****   uint32_t tickstart;
 1063              		.loc 1 385 1 view .LVU315
 1064 0006 38B5     		push	{r3, r4, r5, lr}
 1065              	.LCFI10:
 1066              		.cfi_def_cfa_offset 16
 1067              		.cfi_offset 3, -16
 1068              		.cfi_offset 4, -12
 1069              		.cfi_offset 5, -8
 1070              		.cfi_offset 14, -4
 1071 0008 0446     		mov	r4, r0
 395:Drivers/STM32WBxx_HAL_Driver/Src/stm32wbxx_hal_rcc.c **** 
 1072              		.loc 1 395 3 is_stmt 1 view .LVU316
 398:Drivers/STM32WBxx_HAL_Driver/Src/stm32wbxx_hal_rcc.c ****   {
ARM GAS  /var/folders/98/ctz5mtps7w71v8dr53cf5qg40000gn/T//ccdzqVkO.s 			page 124


 1073              		.loc 1 398 3 view .LVU317
 398:Drivers/STM32WBxx_HAL_Driver/Src/stm32wbxx_hal_rcc.c ****   {
 1074              		.loc 1 398 26 is_stmt 0 view .LVU318
 1075 000a 0368     		ldr	r3, [r0]
 398:Drivers/STM32WBxx_HAL_Driver/Src/stm32wbxx_hal_rcc.c ****   {
 1076              		.loc 1 398 6 view .LVU319
 1077 000c 13F0200F 		tst	r3, #32
 1078 0010 2DD0     		beq	.L73
 1079              	.LBB271:
 401:Drivers/STM32WBxx_HAL_Driver/Src/stm32wbxx_hal_rcc.c ****     assert_param(IS_RCC_MSICALIBRATION_VALUE(RCC_OscInitStruct->MSICalibrationValue));
 1080              		.loc 1 401 5 is_stmt 1 view .LVU320
 402:Drivers/STM32WBxx_HAL_Driver/Src/stm32wbxx_hal_rcc.c ****     assert_param(IS_RCC_MSI_CLOCK_RANGE(RCC_OscInitStruct->MSIClockRange));
 1081              		.loc 1 402 5 view .LVU321
 403:Drivers/STM32WBxx_HAL_Driver/Src/stm32wbxx_hal_rcc.c **** 
 1082              		.loc 1 403 5 view .LVU322
 406:Drivers/STM32WBxx_HAL_Driver/Src/stm32wbxx_hal_rcc.c ****     const uint32_t temp_plloscsrc = __HAL_RCC_GET_PLL_OSCSOURCE();
 1083              		.loc 1 406 5 view .LVU323
 1084              	.LBB272:
 1085              	.LBI272:
2072:Drivers/STM32WBxx_HAL_Driver/Inc/stm32wbxx_ll_rcc.h **** {
 1086              		.loc 2 2072 26 view .LVU324
 1087              	.LBB273:
2074:Drivers/STM32WBxx_HAL_Driver/Inc/stm32wbxx_ll_rcc.h **** }
 1088              		.loc 2 2074 3 view .LVU325
2074:Drivers/STM32WBxx_HAL_Driver/Inc/stm32wbxx_ll_rcc.h **** }
 1089              		.loc 2 2074 21 is_stmt 0 view .LVU326
 1090 0012 4FF0B042 		mov	r2, #1476395008
 1091 0016 9368     		ldr	r3, [r2, #8]
 1092              	.LVL92:
2074:Drivers/STM32WBxx_HAL_Driver/Inc/stm32wbxx_ll_rcc.h **** }
 1093              		.loc 2 2074 21 view .LVU327
 1094              	.LBE273:
 1095              	.LBE272:
 407:Drivers/STM32WBxx_HAL_Driver/Src/stm32wbxx_hal_rcc.c ****     if ((temp_sysclksrc == RCC_SYSCLKSOURCE_STATUS_MSI) ||
 1096              		.loc 1 407 5 is_stmt 1 view .LVU328
 1097              	.LBB274:
 1098              	.LBI274:
3879:Drivers/STM32WBxx_HAL_Driver/Inc/stm32wbxx_ll_rcc.h **** {
 1099              		.loc 2 3879 26 view .LVU329
 1100              	.LBB275:
 1101              		.loc 2 3881 3 view .LVU330
 1102              		.loc 2 3881 21 is_stmt 0 view .LVU331
 1103 0018 D268     		ldr	r2, [r2, #12]
 1104              		.loc 2 3881 10 view .LVU332
 1105 001a 02F00302 		and	r2, r2, #3
 1106              	.LVL93:
 1107              		.loc 2 3881 10 view .LVU333
 1108              	.LBE275:
 1109              	.LBE274:
 408:Drivers/STM32WBxx_HAL_Driver/Src/stm32wbxx_hal_rcc.c ****         ((temp_sysclksrc == RCC_SYSCLKSOURCE_STATUS_PLLCLK) && (temp_plloscsrc == RCC_PLLSOURCE_MSI
 1110              		.loc 1 408 5 is_stmt 1 view .LVU334
 408:Drivers/STM32WBxx_HAL_Driver/Src/stm32wbxx_hal_rcc.c ****         ((temp_sysclksrc == RCC_SYSCLKSOURCE_STATUS_PLLCLK) && (temp_plloscsrc == RCC_PLLSOURCE_MSI
 1111              		.loc 1 408 8 is_stmt 0 view .LVU335
 1112 001e 13F00C03 		ands	r3, r3, #12
 1113              	.LVL94:
 408:Drivers/STM32WBxx_HAL_Driver/Src/stm32wbxx_hal_rcc.c ****         ((temp_sysclksrc == RCC_SYSCLKSOURCE_STATUS_PLLCLK) && (temp_plloscsrc == RCC_PLLSOURCE_MSI
 1114              		.loc 1 408 8 view .LVU336
ARM GAS  /var/folders/98/ctz5mtps7w71v8dr53cf5qg40000gn/T//ccdzqVkO.s 			page 125


 1115 0022 58D0     		beq	.L74
 408:Drivers/STM32WBxx_HAL_Driver/Src/stm32wbxx_hal_rcc.c ****         ((temp_sysclksrc == RCC_SYSCLKSOURCE_STATUS_PLLCLK) && (temp_plloscsrc == RCC_PLLSOURCE_MSI
 1116              		.loc 1 408 57 discriminator 1 view .LVU337
 1117 0024 0C2B     		cmp	r3, #12
 1118 0026 54D0     		beq	.L176
 1119              	.L75:
 461:Drivers/STM32WBxx_HAL_Driver/Src/stm32wbxx_hal_rcc.c ****       {
 1120              		.loc 1 461 7 is_stmt 1 view .LVU338
 461:Drivers/STM32WBxx_HAL_Driver/Src/stm32wbxx_hal_rcc.c ****       {
 1121              		.loc 1 461 28 is_stmt 0 view .LVU339
 1122 0028 E369     		ldr	r3, [r4, #28]
 1123              	.LVL95:
 461:Drivers/STM32WBxx_HAL_Driver/Src/stm32wbxx_hal_rcc.c ****       {
 1124              		.loc 1 461 10 view .LVU340
 1125 002a 002B     		cmp	r3, #0
 1126 002c 00F0A080 		beq	.L79
 464:Drivers/STM32WBxx_HAL_Driver/Src/stm32wbxx_hal_rcc.c **** 
 1127              		.loc 1 464 9 is_stmt 1 view .LVU341
 1128              	.LBB276:
 1129              	.LBI276:
1850:Drivers/STM32WBxx_HAL_Driver/Inc/stm32wbxx_ll_rcc.h **** {
 1130              		.loc 2 1850 22 view .LVU342
 1131              	.LBB277:
1852:Drivers/STM32WBxx_HAL_Driver/Inc/stm32wbxx_ll_rcc.h **** }
 1132              		.loc 2 1852 3 view .LVU343
 1133 0030 4FF0B042 		mov	r2, #1476395008
 1134              	.LVL96:
1852:Drivers/STM32WBxx_HAL_Driver/Inc/stm32wbxx_ll_rcc.h **** }
 1135              		.loc 2 1852 3 is_stmt 0 view .LVU344
 1136 0034 1368     		ldr	r3, [r2]
 1137 0036 43F00103 		orr	r3, r3, #1
 1138 003a 1360     		str	r3, [r2]
 1139              	.LBE277:
 1140              	.LBE276:
 467:Drivers/STM32WBxx_HAL_Driver/Src/stm32wbxx_hal_rcc.c **** 
 1141              		.loc 1 467 9 is_stmt 1 view .LVU345
 467:Drivers/STM32WBxx_HAL_Driver/Src/stm32wbxx_hal_rcc.c **** 
 1142              		.loc 1 467 21 is_stmt 0 view .LVU346
 1143 003c FFF7FEFF 		bl	HAL_GetTick
 1144              	.LVL97:
 467:Drivers/STM32WBxx_HAL_Driver/Src/stm32wbxx_hal_rcc.c **** 
 1145              		.loc 1 467 21 view .LVU347
 1146 0040 0546     		mov	r5, r0
 1147              	.LVL98:
 470:Drivers/STM32WBxx_HAL_Driver/Src/stm32wbxx_hal_rcc.c ****         {
 1148              		.loc 1 470 9 is_stmt 1 view .LVU348
 1149              	.L81:
 470:Drivers/STM32WBxx_HAL_Driver/Src/stm32wbxx_hal_rcc.c ****         {
 1150              		.loc 1 470 37 view .LVU349
 1151              	.LBB278:
 1152              	.LBI278:
1870:Drivers/STM32WBxx_HAL_Driver/Inc/stm32wbxx_ll_rcc.h **** {
 1153              		.loc 2 1870 26 view .LVU350
 1154              	.LBB279:
1872:Drivers/STM32WBxx_HAL_Driver/Inc/stm32wbxx_ll_rcc.h **** }
 1155              		.loc 2 1872 3 view .LVU351
1872:Drivers/STM32WBxx_HAL_Driver/Inc/stm32wbxx_ll_rcc.h **** }
ARM GAS  /var/folders/98/ctz5mtps7w71v8dr53cf5qg40000gn/T//ccdzqVkO.s 			page 126


 1156              		.loc 2 1872 12 is_stmt 0 view .LVU352
 1157 0042 4FF0B043 		mov	r3, #1476395008
 1158 0046 1B68     		ldr	r3, [r3]
1872:Drivers/STM32WBxx_HAL_Driver/Inc/stm32wbxx_ll_rcc.h **** }
 1159              		.loc 2 1872 71 view .LVU353
 1160 0048 13F0020F 		tst	r3, #2
 1161 004c 00F08880 		beq	.L80
 1162              	.LBE279:
 1163              	.LBE278:
 479:Drivers/STM32WBxx_HAL_Driver/Src/stm32wbxx_hal_rcc.c ****         /* Adjusts the Multiple Speed oscillator (MSI) calibration value.*/
 1164              		.loc 1 479 9 is_stmt 1 view .LVU354
 1165 0050 636A     		ldr	r3, [r4, #36]
 1166              	.LVL99:
 1167              	.LBB280:
 1168              	.LBI280:
1920:Drivers/STM32WBxx_HAL_Driver/Inc/stm32wbxx_ll_rcc.h **** {
 1169              		.loc 2 1920 22 view .LVU355
 1170              	.LBB281:
1922:Drivers/STM32WBxx_HAL_Driver/Inc/stm32wbxx_ll_rcc.h **** }
 1171              		.loc 2 1922 3 view .LVU356
 1172 0052 4FF0B042 		mov	r2, #1476395008
 1173 0056 1168     		ldr	r1, [r2]
 1174 0058 21F0F001 		bic	r1, r1, #240
 1175 005c 0B43     		orrs	r3, r3, r1
 1176              	.LVL100:
1922:Drivers/STM32WBxx_HAL_Driver/Inc/stm32wbxx_ll_rcc.h **** }
 1177              		.loc 2 1922 3 is_stmt 0 view .LVU357
 1178 005e 1360     		str	r3, [r2]
 1179              	.LVL101:
1922:Drivers/STM32WBxx_HAL_Driver/Inc/stm32wbxx_ll_rcc.h **** }
 1180              		.loc 2 1922 3 view .LVU358
 1181              	.LBE281:
 1182              	.LBE280:
 481:Drivers/STM32WBxx_HAL_Driver/Src/stm32wbxx_hal_rcc.c **** 
 1183              		.loc 1 481 9 is_stmt 1 view .LVU359
 1184 0060 216A     		ldr	r1, [r4, #32]
 1185              	.LVL102:
 1186              	.LBB282:
 1187              	.LBI282:
1972:Drivers/STM32WBxx_HAL_Driver/Inc/stm32wbxx_ll_rcc.h **** {
 1188              		.loc 2 1972 22 view .LVU360
 1189              	.LBB283:
1974:Drivers/STM32WBxx_HAL_Driver/Inc/stm32wbxx_ll_rcc.h **** }
 1190              		.loc 2 1974 3 view .LVU361
 1191 0062 5368     		ldr	r3, [r2, #4]
 1192 0064 23F47F43 		bic	r3, r3, #65280
 1193 0068 43EA0123 		orr	r3, r3, r1, lsl #8
 1194 006c 5360     		str	r3, [r2, #4]
 1195              	.LVL103:
 1196              	.L73:
1974:Drivers/STM32WBxx_HAL_Driver/Inc/stm32wbxx_ll_rcc.h **** }
 1197              		.loc 2 1974 3 is_stmt 0 view .LVU362
 1198              	.LBE283:
 1199              	.LBE282:
 1200              	.LBE271:
 505:Drivers/STM32WBxx_HAL_Driver/Src/stm32wbxx_hal_rcc.c ****   {
 1201              		.loc 1 505 3 is_stmt 1 view .LVU363
ARM GAS  /var/folders/98/ctz5mtps7w71v8dr53cf5qg40000gn/T//ccdzqVkO.s 			page 127


 505:Drivers/STM32WBxx_HAL_Driver/Src/stm32wbxx_hal_rcc.c ****   {
 1202              		.loc 1 505 26 is_stmt 0 view .LVU364
 1203 006e 2368     		ldr	r3, [r4]
 505:Drivers/STM32WBxx_HAL_Driver/Src/stm32wbxx_hal_rcc.c ****   {
 1204              		.loc 1 505 6 view .LVU365
 1205 0070 13F0010F 		tst	r3, #1
 1206 0074 00F09A80 		beq	.L83
 1207              	.LBB300:
 508:Drivers/STM32WBxx_HAL_Driver/Src/stm32wbxx_hal_rcc.c **** 
 1208              		.loc 1 508 5 is_stmt 1 view .LVU366
 511:Drivers/STM32WBxx_HAL_Driver/Src/stm32wbxx_hal_rcc.c ****     const uint32_t temp_plloscsrc = __HAL_RCC_GET_PLL_OSCSOURCE();
 1209              		.loc 1 511 5 view .LVU367
 1210              	.LBB301:
 1211              	.LBI301:
2072:Drivers/STM32WBxx_HAL_Driver/Inc/stm32wbxx_ll_rcc.h **** {
 1212              		.loc 2 2072 26 view .LVU368
 1213              	.LBB302:
2074:Drivers/STM32WBxx_HAL_Driver/Inc/stm32wbxx_ll_rcc.h **** }
 1214              		.loc 2 2074 3 view .LVU369
2074:Drivers/STM32WBxx_HAL_Driver/Inc/stm32wbxx_ll_rcc.h **** }
 1215              		.loc 2 2074 21 is_stmt 0 view .LVU370
 1216 0078 4FF0B042 		mov	r2, #1476395008
 1217 007c 9368     		ldr	r3, [r2, #8]
2074:Drivers/STM32WBxx_HAL_Driver/Inc/stm32wbxx_ll_rcc.h **** }
 1218              		.loc 2 2074 10 view .LVU371
 1219 007e 03F00C03 		and	r3, r3, #12
 1220              	.LVL104:
2074:Drivers/STM32WBxx_HAL_Driver/Inc/stm32wbxx_ll_rcc.h **** }
 1221              		.loc 2 2074 10 view .LVU372
 1222              	.LBE302:
 1223              	.LBE301:
 512:Drivers/STM32WBxx_HAL_Driver/Src/stm32wbxx_hal_rcc.c ****     if ((temp_sysclksrc == RCC_SYSCLKSOURCE_STATUS_HSE) ||
 1224              		.loc 1 512 5 is_stmt 1 view .LVU373
 1225              	.LBB303:
 1226              	.LBI303:
3879:Drivers/STM32WBxx_HAL_Driver/Inc/stm32wbxx_ll_rcc.h **** {
 1227              		.loc 2 3879 26 view .LVU374
 1228              	.LBB304:
 1229              		.loc 2 3881 3 view .LVU375
 1230              		.loc 2 3881 21 is_stmt 0 view .LVU376
 1231 0082 D268     		ldr	r2, [r2, #12]
 1232              		.loc 2 3881 10 view .LVU377
 1233 0084 02F00302 		and	r2, r2, #3
 1234              	.LVL105:
 1235              		.loc 2 3881 10 view .LVU378
 1236              	.LBE304:
 1237              	.LBE303:
 513:Drivers/STM32WBxx_HAL_Driver/Src/stm32wbxx_hal_rcc.c ****         ((temp_sysclksrc == RCC_SYSCLKSOURCE_STATUS_PLLCLK) && (temp_plloscsrc == RCC_PLLSOURCE_HSE
 1238              		.loc 1 513 5 is_stmt 1 view .LVU379
 513:Drivers/STM32WBxx_HAL_Driver/Src/stm32wbxx_hal_rcc.c ****         ((temp_sysclksrc == RCC_SYSCLKSOURCE_STATUS_PLLCLK) && (temp_plloscsrc == RCC_PLLSOURCE_HSE
 1239              		.loc 1 513 8 is_stmt 0 view .LVU380
 1240 0088 082B     		cmp	r3, #8
 1241 008a 00F08B80 		beq	.L84
 513:Drivers/STM32WBxx_HAL_Driver/Src/stm32wbxx_hal_rcc.c ****         ((temp_sysclksrc == RCC_SYSCLKSOURCE_STATUS_PLLCLK) && (temp_plloscsrc == RCC_PLLSOURCE_HSE
 1242              		.loc 1 513 57 discriminator 1 view .LVU381
 1243 008e 0C2B     		cmp	r3, #12
 1244 0090 00F08580 		beq	.L177
ARM GAS  /var/folders/98/ctz5mtps7w71v8dr53cf5qg40000gn/T//ccdzqVkO.s 			page 128


 1245              	.L85:
 524:Drivers/STM32WBxx_HAL_Driver/Src/stm32wbxx_hal_rcc.c **** 
 1246              		.loc 1 524 7 is_stmt 1 view .LVU382
 524:Drivers/STM32WBxx_HAL_Driver/Src/stm32wbxx_hal_rcc.c **** 
 1247              		.loc 1 524 7 view .LVU383
 1248 0094 6368     		ldr	r3, [r4, #4]
 1249              	.LVL106:
 524:Drivers/STM32WBxx_HAL_Driver/Src/stm32wbxx_hal_rcc.c **** 
 1250              		.loc 1 524 7 is_stmt 0 view .LVU384
 1251 0096 B3F5803F 		cmp	r3, #65536
 1252 009a 00F0B080 		beq	.L178
 524:Drivers/STM32WBxx_HAL_Driver/Src/stm32wbxx_hal_rcc.c **** 
 1253              		.loc 1 524 7 is_stmt 1 discriminator 2 view .LVU385
 1254              	.LBB305:
 1255              	.LBI305:
1328:Drivers/STM32WBxx_HAL_Driver/Inc/stm32wbxx_ll_rcc.h **** {
 1256              		.loc 2 1328 22 view .LVU386
 1257              	.LBB306:
1330:Drivers/STM32WBxx_HAL_Driver/Inc/stm32wbxx_ll_rcc.h **** }
 1258              		.loc 2 1330 3 view .LVU387
 1259 009e 4FF0B042 		mov	r2, #1476395008
 1260              	.LVL107:
1330:Drivers/STM32WBxx_HAL_Driver/Inc/stm32wbxx_ll_rcc.h **** }
 1261              		.loc 2 1330 3 is_stmt 0 view .LVU388
 1262 00a2 1368     		ldr	r3, [r2]
 1263 00a4 23F48033 		bic	r3, r3, #65536
 1264 00a8 1360     		str	r3, [r2]
 1265              	.L87:
 1266              	.LBE306:
 1267              	.LBE305:
 524:Drivers/STM32WBxx_HAL_Driver/Src/stm32wbxx_hal_rcc.c **** 
 1268              		.loc 1 524 7 is_stmt 1 discriminator 4 view .LVU389
 527:Drivers/STM32WBxx_HAL_Driver/Src/stm32wbxx_hal_rcc.c ****       {
 1269              		.loc 1 527 7 view .LVU390
 527:Drivers/STM32WBxx_HAL_Driver/Src/stm32wbxx_hal_rcc.c ****       {
 1270              		.loc 1 527 28 is_stmt 0 view .LVU391
 1271 00aa 6368     		ldr	r3, [r4, #4]
 527:Drivers/STM32WBxx_HAL_Driver/Src/stm32wbxx_hal_rcc.c ****       {
 1272              		.loc 1 527 10 view .LVU392
 1273 00ac 002B     		cmp	r3, #0
 1274 00ae 00F0AD80 		beq	.L88
 530:Drivers/STM32WBxx_HAL_Driver/Src/stm32wbxx_hal_rcc.c **** 
 1275              		.loc 1 530 9 is_stmt 1 view .LVU393
 530:Drivers/STM32WBxx_HAL_Driver/Src/stm32wbxx_hal_rcc.c **** 
 1276              		.loc 1 530 21 is_stmt 0 view .LVU394
 1277 00b2 FFF7FEFF 		bl	HAL_GetTick
 1278              	.LVL108:
 1279 00b6 0546     		mov	r5, r0
 1280              	.LVL109:
 533:Drivers/STM32WBxx_HAL_Driver/Src/stm32wbxx_hal_rcc.c ****         {
 1281              		.loc 1 533 9 is_stmt 1 view .LVU395
 1282              	.L89:
 533:Drivers/STM32WBxx_HAL_Driver/Src/stm32wbxx_hal_rcc.c ****         {
 1283              		.loc 1 533 37 view .LVU396
 1284              	.LBB307:
 1285              	.LBI307:
1338:Drivers/STM32WBxx_HAL_Driver/Inc/stm32wbxx_ll_rcc.h **** {
ARM GAS  /var/folders/98/ctz5mtps7w71v8dr53cf5qg40000gn/T//ccdzqVkO.s 			page 129


 1286              		.loc 2 1338 26 view .LVU397
 1287              	.LBB308:
1340:Drivers/STM32WBxx_HAL_Driver/Inc/stm32wbxx_ll_rcc.h **** }
 1288              		.loc 2 1340 3 view .LVU398
1340:Drivers/STM32WBxx_HAL_Driver/Inc/stm32wbxx_ll_rcc.h **** }
 1289              		.loc 2 1340 12 is_stmt 0 view .LVU399
 1290 00b8 4FF0B043 		mov	r3, #1476395008
 1291 00bc 1B68     		ldr	r3, [r3]
1340:Drivers/STM32WBxx_HAL_Driver/Inc/stm32wbxx_ll_rcc.h **** }
 1292              		.loc 2 1340 71 view .LVU400
 1293 00be 13F4003F 		tst	r3, #131072
 1294 00c2 73D1     		bne	.L83
 1295              	.LBE308:
 1296              	.LBE307:
 535:Drivers/STM32WBxx_HAL_Driver/Src/stm32wbxx_hal_rcc.c ****           {
 1297              		.loc 1 535 11 is_stmt 1 view .LVU401
 535:Drivers/STM32WBxx_HAL_Driver/Src/stm32wbxx_hal_rcc.c ****           {
 1298              		.loc 1 535 16 is_stmt 0 view .LVU402
 1299 00c4 FFF7FEFF 		bl	HAL_GetTick
 1300              	.LVL110:
 535:Drivers/STM32WBxx_HAL_Driver/Src/stm32wbxx_hal_rcc.c ****           {
 1301              		.loc 1 535 30 discriminator 1 view .LVU403
 1302 00c8 401B     		subs	r0, r0, r5
 535:Drivers/STM32WBxx_HAL_Driver/Src/stm32wbxx_hal_rcc.c ****           {
 1303              		.loc 1 535 14 discriminator 1 view .LVU404
 1304 00ca 6428     		cmp	r0, #100
 1305 00cc F4D9     		bls	.L89
 537:Drivers/STM32WBxx_HAL_Driver/Src/stm32wbxx_hal_rcc.c ****           }
 1306              		.loc 1 537 20 view .LVU405
 1307 00ce 0320     		movs	r0, #3
 1308 00d0 16E3     		b	.L72
 1309              	.LVL111:
 1310              	.L176:
 537:Drivers/STM32WBxx_HAL_Driver/Src/stm32wbxx_hal_rcc.c ****           }
 1311              		.loc 1 537 20 view .LVU406
 1312              	.LBE300:
 1313              	.LBB313:
 409:Drivers/STM32WBxx_HAL_Driver/Src/stm32wbxx_hal_rcc.c ****     {
 1314              		.loc 1 409 61 view .LVU407
 1315 00d2 012A     		cmp	r2, #1
 1316 00d4 A8D1     		bne	.L75
 1317              	.L74:
 411:Drivers/STM32WBxx_HAL_Driver/Src/stm32wbxx_hal_rcc.c ****       {
 1318              		.loc 1 411 7 is_stmt 1 view .LVU408
 411:Drivers/STM32WBxx_HAL_Driver/Src/stm32wbxx_hal_rcc.c ****       {
 1319              		.loc 1 411 28 is_stmt 0 view .LVU409
 1320 00d6 E369     		ldr	r3, [r4, #28]
 1321              	.LVL112:
 411:Drivers/STM32WBxx_HAL_Driver/Src/stm32wbxx_hal_rcc.c ****       {
 1322              		.loc 1 411 10 view .LVU410
 1323 00d8 002B     		cmp	r3, #0
 1324 00da 00F00883 		beq	.L138
 421:Drivers/STM32WBxx_HAL_Driver/Src/stm32wbxx_hal_rcc.c ****         {
 1325              		.loc 1 421 9 is_stmt 1 view .LVU411
 421:Drivers/STM32WBxx_HAL_Driver/Src/stm32wbxx_hal_rcc.c ****         {
 1326              		.loc 1 421 30 is_stmt 0 view .LVU412
 1327 00de 606A     		ldr	r0, [r4, #36]
ARM GAS  /var/folders/98/ctz5mtps7w71v8dr53cf5qg40000gn/T//ccdzqVkO.s 			page 130


 1328              	.LVL113:
 1329              	.LBB284:
 1330              	.LBI284:
1942:Drivers/STM32WBxx_HAL_Driver/Inc/stm32wbxx_ll_rcc.h **** {
 1331              		.loc 2 1942 26 is_stmt 1 view .LVU413
 1332              	.LBB285:
1944:Drivers/STM32WBxx_HAL_Driver/Inc/stm32wbxx_ll_rcc.h ****   if (msiRange > LL_RCC_MSIRANGE_11)
 1333              		.loc 2 1944 3 view .LVU414
1944:Drivers/STM32WBxx_HAL_Driver/Inc/stm32wbxx_ll_rcc.h ****   if (msiRange > LL_RCC_MSIRANGE_11)
 1334              		.loc 2 1944 23 is_stmt 0 view .LVU415
 1335 00e0 4FF0B043 		mov	r3, #1476395008
 1336 00e4 1B68     		ldr	r3, [r3]
1944:Drivers/STM32WBxx_HAL_Driver/Inc/stm32wbxx_ll_rcc.h ****   if (msiRange > LL_RCC_MSIRANGE_11)
 1337              		.loc 2 1944 12 view .LVU416
 1338 00e6 03F0F003 		and	r3, r3, #240
 1339              	.LVL114:
1945:Drivers/STM32WBxx_HAL_Driver/Inc/stm32wbxx_ll_rcc.h ****   {
 1340              		.loc 2 1945 3 is_stmt 1 view .LVU417
1945:Drivers/STM32WBxx_HAL_Driver/Inc/stm32wbxx_ll_rcc.h ****   {
 1341              		.loc 2 1945 6 is_stmt 0 view .LVU418
 1342 00ea B02B     		cmp	r3, #176
 1343 00ec 21D8     		bhi	.L179
 1344              	.LVL115:
 1345              	.L76:
1949:Drivers/STM32WBxx_HAL_Driver/Inc/stm32wbxx_ll_rcc.h **** }
 1346              		.loc 2 1949 3 is_stmt 1 view .LVU419
1949:Drivers/STM32WBxx_HAL_Driver/Inc/stm32wbxx_ll_rcc.h **** }
 1347              		.loc 2 1949 3 is_stmt 0 view .LVU420
 1348              	.LBE285:
 1349              	.LBE284:
 421:Drivers/STM32WBxx_HAL_Driver/Src/stm32wbxx_hal_rcc.c ****         {
 1350              		.loc 1 421 12 discriminator 1 view .LVU421
 1351 00ee 9842     		cmp	r0, r3
 1352 00f0 21D9     		bls	.L77
 424:Drivers/STM32WBxx_HAL_Driver/Src/stm32wbxx_hal_rcc.c ****           {
 1353              		.loc 1 424 11 is_stmt 1 view .LVU422
 424:Drivers/STM32WBxx_HAL_Driver/Src/stm32wbxx_hal_rcc.c ****           {
 1354              		.loc 1 424 15 is_stmt 0 view .LVU423
 1355 00f2 FFF7FEFF 		bl	RCC_SetFlashLatencyFromMSIRange
 1356              	.LVL116:
 424:Drivers/STM32WBxx_HAL_Driver/Src/stm32wbxx_hal_rcc.c ****           {
 1357              		.loc 1 424 14 discriminator 1 view .LVU424
 1358 00f6 0028     		cmp	r0, #0
 1359 00f8 40F0FB82 		bne	.L140
 430:Drivers/STM32WBxx_HAL_Driver/Src/stm32wbxx_hal_rcc.c ****           /* Adjusts the Multiple Speed oscillator (MSI) calibration value.*/
 1360              		.loc 1 430 11 is_stmt 1 view .LVU425
 1361 00fc 636A     		ldr	r3, [r4, #36]
 1362              	.LVL117:
 1363              	.LBB287:
 1364              	.LBI287:
1920:Drivers/STM32WBxx_HAL_Driver/Inc/stm32wbxx_ll_rcc.h **** {
 1365              		.loc 2 1920 22 view .LVU426
 1366              	.LBB288:
1922:Drivers/STM32WBxx_HAL_Driver/Inc/stm32wbxx_ll_rcc.h **** }
 1367              		.loc 2 1922 3 view .LVU427
 1368 00fe 4FF0B042 		mov	r2, #1476395008
 1369 0102 1168     		ldr	r1, [r2]
ARM GAS  /var/folders/98/ctz5mtps7w71v8dr53cf5qg40000gn/T//ccdzqVkO.s 			page 131


 1370 0104 21F0F001 		bic	r1, r1, #240
 1371 0108 0B43     		orrs	r3, r3, r1
 1372              	.LVL118:
1922:Drivers/STM32WBxx_HAL_Driver/Inc/stm32wbxx_ll_rcc.h **** }
 1373              		.loc 2 1922 3 is_stmt 0 view .LVU428
 1374 010a 1360     		str	r3, [r2]
 1375              	.LVL119:
1922:Drivers/STM32WBxx_HAL_Driver/Inc/stm32wbxx_ll_rcc.h **** }
 1376              		.loc 2 1922 3 view .LVU429
 1377              	.LBE288:
 1378              	.LBE287:
 432:Drivers/STM32WBxx_HAL_Driver/Src/stm32wbxx_hal_rcc.c ****         }
 1379              		.loc 1 432 11 is_stmt 1 view .LVU430
 1380 010c 216A     		ldr	r1, [r4, #32]
 1381              	.LVL120:
 1382              	.LBB289:
 1383              	.LBI289:
1972:Drivers/STM32WBxx_HAL_Driver/Inc/stm32wbxx_ll_rcc.h **** {
 1384              		.loc 2 1972 22 view .LVU431
 1385              	.LBB290:
1974:Drivers/STM32WBxx_HAL_Driver/Inc/stm32wbxx_ll_rcc.h **** }
 1386              		.loc 2 1974 3 view .LVU432
 1387 010e 5368     		ldr	r3, [r2, #4]
 1388 0110 23F47F43 		bic	r3, r3, #65280
 1389 0114 43EA0123 		orr	r3, r3, r1, lsl #8
 1390 0118 5360     		str	r3, [r2, #4]
 1391              	.LVL121:
 1392              	.L78:
1974:Drivers/STM32WBxx_HAL_Driver/Inc/stm32wbxx_ll_rcc.h **** }
 1393              		.loc 2 1974 3 is_stmt 0 view .LVU433
 1394              	.LBE290:
 1395              	.LBE289:
 450:Drivers/STM32WBxx_HAL_Driver/Src/stm32wbxx_hal_rcc.c **** 
 1396              		.loc 1 450 9 is_stmt 1 view .LVU434
 450:Drivers/STM32WBxx_HAL_Driver/Src/stm32wbxx_hal_rcc.c **** 
 1397              		.loc 1 450 27 is_stmt 0 view .LVU435
 1398 011a FFF7FEFF 		bl	HAL_RCC_GetHCLKFreq
 1399              	.LVL122:
 450:Drivers/STM32WBxx_HAL_Driver/Src/stm32wbxx_hal_rcc.c **** 
 1400              		.loc 1 450 25 discriminator 1 view .LVU436
 1401 011e BF4B     		ldr	r3, .L193
 1402 0120 1860     		str	r0, [r3]
 452:Drivers/STM32WBxx_HAL_Driver/Src/stm32wbxx_hal_rcc.c ****         {
 1403              		.loc 1 452 9 is_stmt 1 view .LVU437
 452:Drivers/STM32WBxx_HAL_Driver/Src/stm32wbxx_hal_rcc.c ****         {
 1404              		.loc 1 452 13 is_stmt 0 view .LVU438
 1405 0122 BF4B     		ldr	r3, .L193+4
 1406 0124 1868     		ldr	r0, [r3]
 1407 0126 FFF7FEFF 		bl	HAL_InitTick
 1408              	.LVL123:
 452:Drivers/STM32WBxx_HAL_Driver/Src/stm32wbxx_hal_rcc.c ****         {
 1409              		.loc 1 452 12 discriminator 1 view .LVU439
 1410 012a 0028     		cmp	r0, #0
 1411 012c 9FD0     		beq	.L73
 454:Drivers/STM32WBxx_HAL_Driver/Src/stm32wbxx_hal_rcc.c ****         }
 1412              		.loc 1 454 18 view .LVU440
 1413 012e 0120     		movs	r0, #1
ARM GAS  /var/folders/98/ctz5mtps7w71v8dr53cf5qg40000gn/T//ccdzqVkO.s 			page 132


 1414 0130 E6E2     		b	.L72
 1415              	.LVL124:
 1416              	.L179:
 1417              	.LBB291:
 1418              	.LBB286:
1947:Drivers/STM32WBxx_HAL_Driver/Inc/stm32wbxx_ll_rcc.h ****   }
 1419              		.loc 2 1947 14 view .LVU441
 1420 0132 B023     		movs	r3, #176
 1421              	.LVL125:
1947:Drivers/STM32WBxx_HAL_Driver/Inc/stm32wbxx_ll_rcc.h ****   }
 1422              		.loc 2 1947 14 view .LVU442
 1423 0134 DBE7     		b	.L76
 1424              	.LVL126:
 1425              	.L77:
1947:Drivers/STM32WBxx_HAL_Driver/Inc/stm32wbxx_ll_rcc.h ****   }
 1426              		.loc 2 1947 14 view .LVU443
 1427              	.LBE286:
 1428              	.LBE291:
 438:Drivers/STM32WBxx_HAL_Driver/Src/stm32wbxx_hal_rcc.c ****           /* Adjusts the Multiple Speed oscillator (MSI) calibration value.*/
 1429              		.loc 1 438 11 is_stmt 1 view .LVU444
 1430              	.LBB292:
 1431              	.LBI292:
1920:Drivers/STM32WBxx_HAL_Driver/Inc/stm32wbxx_ll_rcc.h **** {
 1432              		.loc 2 1920 22 view .LVU445
 1433              	.LBB293:
1922:Drivers/STM32WBxx_HAL_Driver/Inc/stm32wbxx_ll_rcc.h **** }
 1434              		.loc 2 1922 3 view .LVU446
 1435 0136 4FF0B042 		mov	r2, #1476395008
 1436              	.LVL127:
1922:Drivers/STM32WBxx_HAL_Driver/Inc/stm32wbxx_ll_rcc.h **** }
 1437              		.loc 2 1922 3 is_stmt 0 view .LVU447
 1438 013a 1368     		ldr	r3, [r2]
 1439 013c 23F0F003 		bic	r3, r3, #240
 1440 0140 1843     		orrs	r0, r0, r3
 1441              	.LVL128:
1922:Drivers/STM32WBxx_HAL_Driver/Inc/stm32wbxx_ll_rcc.h **** }
 1442              		.loc 2 1922 3 view .LVU448
 1443 0142 1060     		str	r0, [r2]
 1444              	.LVL129:
1922:Drivers/STM32WBxx_HAL_Driver/Inc/stm32wbxx_ll_rcc.h **** }
 1445              		.loc 2 1922 3 view .LVU449
 1446              	.LBE293:
 1447              	.LBE292:
 440:Drivers/STM32WBxx_HAL_Driver/Src/stm32wbxx_hal_rcc.c **** 
 1448              		.loc 1 440 11 is_stmt 1 view .LVU450
 1449 0144 216A     		ldr	r1, [r4, #32]
 1450              	.LVL130:
 1451              	.LBB294:
 1452              	.LBI294:
1972:Drivers/STM32WBxx_HAL_Driver/Inc/stm32wbxx_ll_rcc.h **** {
 1453              		.loc 2 1972 22 view .LVU451
 1454              	.LBB295:
1974:Drivers/STM32WBxx_HAL_Driver/Inc/stm32wbxx_ll_rcc.h **** }
 1455              		.loc 2 1974 3 view .LVU452
 1456 0146 5368     		ldr	r3, [r2, #4]
 1457 0148 23F47F43 		bic	r3, r3, #65280
 1458 014c 43EA0123 		orr	r3, r3, r1, lsl #8
ARM GAS  /var/folders/98/ctz5mtps7w71v8dr53cf5qg40000gn/T//ccdzqVkO.s 			page 133


 1459 0150 5360     		str	r3, [r2, #4]
 1460              	.LVL131:
1974:Drivers/STM32WBxx_HAL_Driver/Inc/stm32wbxx_ll_rcc.h **** }
 1461              		.loc 2 1974 3 is_stmt 0 view .LVU453
 1462              	.LBE295:
 1463              	.LBE294:
 443:Drivers/STM32WBxx_HAL_Driver/Src/stm32wbxx_hal_rcc.c ****           {
 1464              		.loc 1 443 11 is_stmt 1 view .LVU454
 443:Drivers/STM32WBxx_HAL_Driver/Src/stm32wbxx_hal_rcc.c ****           {
 1465              		.loc 1 443 15 is_stmt 0 view .LVU455
 1466 0152 606A     		ldr	r0, [r4, #36]
 1467 0154 FFF7FEFF 		bl	RCC_SetFlashLatencyFromMSIRange
 1468              	.LVL132:
 443:Drivers/STM32WBxx_HAL_Driver/Src/stm32wbxx_hal_rcc.c ****           {
 1469              		.loc 1 443 14 discriminator 1 view .LVU456
 1470 0158 0028     		cmp	r0, #0
 1471 015a DED0     		beq	.L78
 445:Drivers/STM32WBxx_HAL_Driver/Src/stm32wbxx_hal_rcc.c ****           }
 1472              		.loc 1 445 20 view .LVU457
 1473 015c 0120     		movs	r0, #1
 1474 015e CFE2     		b	.L72
 1475              	.LVL133:
 1476              	.L80:
 472:Drivers/STM32WBxx_HAL_Driver/Src/stm32wbxx_hal_rcc.c ****           {
 1477              		.loc 1 472 11 is_stmt 1 view .LVU458
 472:Drivers/STM32WBxx_HAL_Driver/Src/stm32wbxx_hal_rcc.c ****           {
 1478              		.loc 1 472 16 is_stmt 0 view .LVU459
 1479 0160 FFF7FEFF 		bl	HAL_GetTick
 1480              	.LVL134:
 472:Drivers/STM32WBxx_HAL_Driver/Src/stm32wbxx_hal_rcc.c ****           {
 1481              		.loc 1 472 30 discriminator 1 view .LVU460
 1482 0164 401B     		subs	r0, r0, r5
 472:Drivers/STM32WBxx_HAL_Driver/Src/stm32wbxx_hal_rcc.c ****           {
 1483              		.loc 1 472 14 discriminator 1 view .LVU461
 1484 0166 0228     		cmp	r0, #2
 1485 0168 7FF66BAF 		bls	.L81
 474:Drivers/STM32WBxx_HAL_Driver/Src/stm32wbxx_hal_rcc.c ****           }
 1486              		.loc 1 474 20 view .LVU462
 1487 016c 0320     		movs	r0, #3
 1488 016e C7E2     		b	.L72
 1489              	.LVL135:
 1490              	.L79:
 487:Drivers/STM32WBxx_HAL_Driver/Src/stm32wbxx_hal_rcc.c **** 
 1491              		.loc 1 487 9 is_stmt 1 view .LVU463
 1492              	.LBB296:
 1493              	.LBI296:
1860:Drivers/STM32WBxx_HAL_Driver/Inc/stm32wbxx_ll_rcc.h **** {
 1494              		.loc 2 1860 22 view .LVU464
 1495              	.LBB297:
1862:Drivers/STM32WBxx_HAL_Driver/Inc/stm32wbxx_ll_rcc.h **** }
 1496              		.loc 2 1862 3 view .LVU465
 1497 0170 4FF0B042 		mov	r2, #1476395008
 1498              	.LVL136:
1862:Drivers/STM32WBxx_HAL_Driver/Inc/stm32wbxx_ll_rcc.h **** }
 1499              		.loc 2 1862 3 is_stmt 0 view .LVU466
 1500 0174 1368     		ldr	r3, [r2]
 1501 0176 23F00103 		bic	r3, r3, #1
ARM GAS  /var/folders/98/ctz5mtps7w71v8dr53cf5qg40000gn/T//ccdzqVkO.s 			page 134


 1502 017a 1360     		str	r3, [r2]
 1503              	.LBE297:
 1504              	.LBE296:
 490:Drivers/STM32WBxx_HAL_Driver/Src/stm32wbxx_hal_rcc.c **** 
 1505              		.loc 1 490 9 is_stmt 1 view .LVU467
 490:Drivers/STM32WBxx_HAL_Driver/Src/stm32wbxx_hal_rcc.c **** 
 1506              		.loc 1 490 21 is_stmt 0 view .LVU468
 1507 017c FFF7FEFF 		bl	HAL_GetTick
 1508              	.LVL137:
 490:Drivers/STM32WBxx_HAL_Driver/Src/stm32wbxx_hal_rcc.c **** 
 1509              		.loc 1 490 21 view .LVU469
 1510 0180 0546     		mov	r5, r0
 1511              	.LVL138:
 493:Drivers/STM32WBxx_HAL_Driver/Src/stm32wbxx_hal_rcc.c ****         {
 1512              		.loc 1 493 9 is_stmt 1 view .LVU470
 1513              	.L82:
 493:Drivers/STM32WBxx_HAL_Driver/Src/stm32wbxx_hal_rcc.c ****         {
 1514              		.loc 1 493 37 view .LVU471
 1515              	.LBB298:
 1516              	.LBI298:
1870:Drivers/STM32WBxx_HAL_Driver/Inc/stm32wbxx_ll_rcc.h **** {
 1517              		.loc 2 1870 26 view .LVU472
 1518              	.LBB299:
1872:Drivers/STM32WBxx_HAL_Driver/Inc/stm32wbxx_ll_rcc.h **** }
 1519              		.loc 2 1872 3 view .LVU473
1872:Drivers/STM32WBxx_HAL_Driver/Inc/stm32wbxx_ll_rcc.h **** }
 1520              		.loc 2 1872 12 is_stmt 0 view .LVU474
 1521 0182 4FF0B043 		mov	r3, #1476395008
 1522 0186 1B68     		ldr	r3, [r3]
1872:Drivers/STM32WBxx_HAL_Driver/Inc/stm32wbxx_ll_rcc.h **** }
 1523              		.loc 2 1872 71 view .LVU475
 1524 0188 13F0020F 		tst	r3, #2
 1525 018c 3FF46FAF 		beq	.L73
 1526              	.LBE299:
 1527              	.LBE298:
 495:Drivers/STM32WBxx_HAL_Driver/Src/stm32wbxx_hal_rcc.c ****           {
 1528              		.loc 1 495 11 is_stmt 1 view .LVU476
 495:Drivers/STM32WBxx_HAL_Driver/Src/stm32wbxx_hal_rcc.c ****           {
 1529              		.loc 1 495 16 is_stmt 0 view .LVU477
 1530 0190 FFF7FEFF 		bl	HAL_GetTick
 1531              	.LVL139:
 495:Drivers/STM32WBxx_HAL_Driver/Src/stm32wbxx_hal_rcc.c ****           {
 1532              		.loc 1 495 30 discriminator 1 view .LVU478
 1533 0194 401B     		subs	r0, r0, r5
 495:Drivers/STM32WBxx_HAL_Driver/Src/stm32wbxx_hal_rcc.c ****           {
 1534              		.loc 1 495 14 discriminator 1 view .LVU479
 1535 0196 0228     		cmp	r0, #2
 1536 0198 F3D9     		bls	.L82
 497:Drivers/STM32WBxx_HAL_Driver/Src/stm32wbxx_hal_rcc.c ****           }
 1537              		.loc 1 497 20 view .LVU480
 1538 019a 0320     		movs	r0, #3
 1539 019c B0E2     		b	.L72
 1540              	.LVL140:
 1541              	.L177:
 497:Drivers/STM32WBxx_HAL_Driver/Src/stm32wbxx_hal_rcc.c ****           }
 1542              		.loc 1 497 20 view .LVU481
 1543              	.LBE313:
ARM GAS  /var/folders/98/ctz5mtps7w71v8dr53cf5qg40000gn/T//ccdzqVkO.s 			page 135


 1544              	.LBB314:
 514:Drivers/STM32WBxx_HAL_Driver/Src/stm32wbxx_hal_rcc.c ****     {
 1545              		.loc 1 514 61 view .LVU482
 1546 019e 032A     		cmp	r2, #3
 1547 01a0 7FF478AF 		bne	.L85
 1548              	.L84:
 516:Drivers/STM32WBxx_HAL_Driver/Src/stm32wbxx_hal_rcc.c ****       {
 1549              		.loc 1 516 7 is_stmt 1 view .LVU483
 516:Drivers/STM32WBxx_HAL_Driver/Src/stm32wbxx_hal_rcc.c ****       {
 1550              		.loc 1 516 28 is_stmt 0 view .LVU484
 1551 01a4 6368     		ldr	r3, [r4, #4]
 1552              	.LVL141:
 516:Drivers/STM32WBxx_HAL_Driver/Src/stm32wbxx_hal_rcc.c ****       {
 1553              		.loc 1 516 10 view .LVU485
 1554 01a6 002B     		cmp	r3, #0
 1555 01a8 00F0A582 		beq	.L180
 1556              	.LVL142:
 1557              	.L83:
 516:Drivers/STM32WBxx_HAL_Driver/Src/stm32wbxx_hal_rcc.c ****       {
 1558              		.loc 1 516 10 view .LVU486
 1559              	.LBE314:
 559:Drivers/STM32WBxx_HAL_Driver/Src/stm32wbxx_hal_rcc.c ****   {
 1560              		.loc 1 559 3 is_stmt 1 view .LVU487
 559:Drivers/STM32WBxx_HAL_Driver/Src/stm32wbxx_hal_rcc.c ****   {
 1561              		.loc 1 559 26 is_stmt 0 view .LVU488
 1562 01ac 2368     		ldr	r3, [r4]
 559:Drivers/STM32WBxx_HAL_Driver/Src/stm32wbxx_hal_rcc.c ****   {
 1563              		.loc 1 559 6 view .LVU489
 1564 01ae 13F0020F 		tst	r3, #2
 1565 01b2 54D0     		beq	.L91
 1566              	.LBB315:
 562:Drivers/STM32WBxx_HAL_Driver/Src/stm32wbxx_hal_rcc.c ****     assert_param(IS_RCC_HSI_CALIBRATION_VALUE(RCC_OscInitStruct->HSICalibrationValue));
 1567              		.loc 1 562 5 is_stmt 1 view .LVU490
 563:Drivers/STM32WBxx_HAL_Driver/Src/stm32wbxx_hal_rcc.c **** 
 1568              		.loc 1 563 5 view .LVU491
 566:Drivers/STM32WBxx_HAL_Driver/Src/stm32wbxx_hal_rcc.c ****     const uint32_t temp_plloscsrc = __HAL_RCC_GET_PLL_OSCSOURCE();
 1569              		.loc 1 566 5 view .LVU492
 1570              	.LBB316:
 1571              	.LBI316:
2072:Drivers/STM32WBxx_HAL_Driver/Inc/stm32wbxx_ll_rcc.h **** {
 1572              		.loc 2 2072 26 view .LVU493
 1573              	.LBB317:
2074:Drivers/STM32WBxx_HAL_Driver/Inc/stm32wbxx_ll_rcc.h **** }
 1574              		.loc 2 2074 3 view .LVU494
2074:Drivers/STM32WBxx_HAL_Driver/Inc/stm32wbxx_ll_rcc.h **** }
 1575              		.loc 2 2074 21 is_stmt 0 view .LVU495
 1576 01b4 4FF0B042 		mov	r2, #1476395008
 1577 01b8 9368     		ldr	r3, [r2, #8]
2074:Drivers/STM32WBxx_HAL_Driver/Inc/stm32wbxx_ll_rcc.h **** }
 1578              		.loc 2 2074 10 view .LVU496
 1579 01ba 03F00C03 		and	r3, r3, #12
 1580              	.LVL143:
2074:Drivers/STM32WBxx_HAL_Driver/Inc/stm32wbxx_ll_rcc.h **** }
 1581              		.loc 2 2074 10 view .LVU497
 1582              	.LBE317:
 1583              	.LBE316:
 567:Drivers/STM32WBxx_HAL_Driver/Src/stm32wbxx_hal_rcc.c ****     if ((temp_sysclksrc == RCC_SYSCLKSOURCE_STATUS_HSI) ||
ARM GAS  /var/folders/98/ctz5mtps7w71v8dr53cf5qg40000gn/T//ccdzqVkO.s 			page 136


 1584              		.loc 1 567 5 is_stmt 1 view .LVU498
 1585              	.LBB318:
 1586              	.LBI318:
3879:Drivers/STM32WBxx_HAL_Driver/Inc/stm32wbxx_ll_rcc.h **** {
 1587              		.loc 2 3879 26 view .LVU499
 1588              	.LBB319:
 1589              		.loc 2 3881 3 view .LVU500
 1590              		.loc 2 3881 21 is_stmt 0 view .LVU501
 1591 01be D268     		ldr	r2, [r2, #12]
 1592              		.loc 2 3881 10 view .LVU502
 1593 01c0 02F00302 		and	r2, r2, #3
 1594              	.LVL144:
 1595              		.loc 2 3881 10 view .LVU503
 1596              	.LBE319:
 1597              	.LBE318:
 568:Drivers/STM32WBxx_HAL_Driver/Src/stm32wbxx_hal_rcc.c ****         ((temp_sysclksrc == RCC_SYSCLKSOURCE_STATUS_PLLCLK) && (temp_plloscsrc == RCC_PLLSOURCE_HSI
 1598              		.loc 1 568 5 is_stmt 1 view .LVU504
 568:Drivers/STM32WBxx_HAL_Driver/Src/stm32wbxx_hal_rcc.c ****         ((temp_sysclksrc == RCC_SYSCLKSOURCE_STATUS_PLLCLK) && (temp_plloscsrc == RCC_PLLSOURCE_HSI
 1599              		.loc 1 568 8 is_stmt 0 view .LVU505
 1600 01c4 042B     		cmp	r3, #4
 1601 01c6 33D0     		beq	.L92
 568:Drivers/STM32WBxx_HAL_Driver/Src/stm32wbxx_hal_rcc.c ****         ((temp_sysclksrc == RCC_SYSCLKSOURCE_STATUS_PLLCLK) && (temp_plloscsrc == RCC_PLLSOURCE_HSI
 1602              		.loc 1 568 57 discriminator 1 view .LVU506
 1603 01c8 0C2B     		cmp	r3, #12
 1604 01ca 2FD0     		beq	.L181
 1605              	.L93:
 586:Drivers/STM32WBxx_HAL_Driver/Src/stm32wbxx_hal_rcc.c ****       {
 1606              		.loc 1 586 7 is_stmt 1 view .LVU507
 586:Drivers/STM32WBxx_HAL_Driver/Src/stm32wbxx_hal_rcc.c ****       {
 1607              		.loc 1 586 28 is_stmt 0 view .LVU508
 1608 01cc E368     		ldr	r3, [r4, #12]
 1609              	.LVL145:
 586:Drivers/STM32WBxx_HAL_Driver/Src/stm32wbxx_hal_rcc.c ****       {
 1610              		.loc 1 586 10 view .LVU509
 1611 01ce 002B     		cmp	r3, #0
 1612 01d0 71D0     		beq	.L94
 589:Drivers/STM32WBxx_HAL_Driver/Src/stm32wbxx_hal_rcc.c **** 
 1613              		.loc 1 589 9 is_stmt 1 view .LVU510
 1614              	.LBB320:
 1615              	.LBI320:
1480:Drivers/STM32WBxx_HAL_Driver/Inc/stm32wbxx_ll_rcc.h **** {
 1616              		.loc 2 1480 22 view .LVU511
 1617              	.LBB321:
1482:Drivers/STM32WBxx_HAL_Driver/Inc/stm32wbxx_ll_rcc.h **** }
 1618              		.loc 2 1482 3 view .LVU512
 1619 01d2 4FF0B042 		mov	r2, #1476395008
 1620              	.LVL146:
1482:Drivers/STM32WBxx_HAL_Driver/Inc/stm32wbxx_ll_rcc.h **** }
 1621              		.loc 2 1482 3 is_stmt 0 view .LVU513
 1622 01d6 1368     		ldr	r3, [r2]
 1623 01d8 43F48073 		orr	r3, r3, #256
 1624 01dc 1360     		str	r3, [r2]
 1625              	.LBE321:
 1626              	.LBE320:
 592:Drivers/STM32WBxx_HAL_Driver/Src/stm32wbxx_hal_rcc.c **** 
 1627              		.loc 1 592 9 is_stmt 1 view .LVU514
 592:Drivers/STM32WBxx_HAL_Driver/Src/stm32wbxx_hal_rcc.c **** 
ARM GAS  /var/folders/98/ctz5mtps7w71v8dr53cf5qg40000gn/T//ccdzqVkO.s 			page 137


 1628              		.loc 1 592 21 is_stmt 0 view .LVU515
 1629 01de FFF7FEFF 		bl	HAL_GetTick
 1630              	.LVL147:
 1631 01e2 0546     		mov	r5, r0
 1632              	.LVL148:
 595:Drivers/STM32WBxx_HAL_Driver/Src/stm32wbxx_hal_rcc.c ****         {
 1633              		.loc 1 595 9 is_stmt 1 view .LVU516
 1634              	.L96:
 595:Drivers/STM32WBxx_HAL_Driver/Src/stm32wbxx_hal_rcc.c ****         {
 1635              		.loc 1 595 37 view .LVU517
 1636              	.LBB322:
 1637              	.LBI322:
1500:Drivers/STM32WBxx_HAL_Driver/Inc/stm32wbxx_ll_rcc.h **** {
 1638              		.loc 2 1500 26 view .LVU518
 1639              	.LBB323:
1502:Drivers/STM32WBxx_HAL_Driver/Inc/stm32wbxx_ll_rcc.h **** }
 1640              		.loc 2 1502 3 view .LVU519
1502:Drivers/STM32WBxx_HAL_Driver/Inc/stm32wbxx_ll_rcc.h **** }
 1641              		.loc 2 1502 12 is_stmt 0 view .LVU520
 1642 01e4 4FF0B043 		mov	r3, #1476395008
 1643 01e8 1B68     		ldr	r3, [r3]
1502:Drivers/STM32WBxx_HAL_Driver/Inc/stm32wbxx_ll_rcc.h **** }
 1644              		.loc 2 1502 71 view .LVU521
 1645 01ea 13F4806F 		tst	r3, #1024
 1646 01ee 2DD1     		bne	.L95
 1647              	.LBE323:
 1648              	.LBE322:
 597:Drivers/STM32WBxx_HAL_Driver/Src/stm32wbxx_hal_rcc.c ****           {
 1649              		.loc 1 597 11 is_stmt 1 view .LVU522
 597:Drivers/STM32WBxx_HAL_Driver/Src/stm32wbxx_hal_rcc.c ****           {
 1650              		.loc 1 597 16 is_stmt 0 view .LVU523
 1651 01f0 FFF7FEFF 		bl	HAL_GetTick
 1652              	.LVL149:
 597:Drivers/STM32WBxx_HAL_Driver/Src/stm32wbxx_hal_rcc.c ****           {
 1653              		.loc 1 597 30 discriminator 1 view .LVU524
 1654 01f4 401B     		subs	r0, r0, r5
 597:Drivers/STM32WBxx_HAL_Driver/Src/stm32wbxx_hal_rcc.c ****           {
 1655              		.loc 1 597 14 discriminator 1 view .LVU525
 1656 01f6 0228     		cmp	r0, #2
 1657 01f8 F4D9     		bls	.L96
 599:Drivers/STM32WBxx_HAL_Driver/Src/stm32wbxx_hal_rcc.c ****           }
 1658              		.loc 1 599 20 view .LVU526
 1659 01fa 0320     		movs	r0, #3
 1660 01fc 80E2     		b	.L72
 1661              	.LVL150:
 1662              	.L178:
 599:Drivers/STM32WBxx_HAL_Driver/Src/stm32wbxx_hal_rcc.c ****           }
 1663              		.loc 1 599 20 view .LVU527
 1664              	.LBE315:
 1665              	.LBB332:
 524:Drivers/STM32WBxx_HAL_Driver/Src/stm32wbxx_hal_rcc.c **** 
 1666              		.loc 1 524 7 is_stmt 1 discriminator 1 view .LVU528
 1667              	.LBB309:
 1668              	.LBI309:
1318:Drivers/STM32WBxx_HAL_Driver/Inc/stm32wbxx_ll_rcc.h **** {
 1669              		.loc 2 1318 22 view .LVU529
 1670              	.LBB310:
ARM GAS  /var/folders/98/ctz5mtps7w71v8dr53cf5qg40000gn/T//ccdzqVkO.s 			page 138


1320:Drivers/STM32WBxx_HAL_Driver/Inc/stm32wbxx_ll_rcc.h **** }
 1671              		.loc 2 1320 3 view .LVU530
 1672 01fe 4FF0B042 		mov	r2, #1476395008
 1673              	.LVL151:
1320:Drivers/STM32WBxx_HAL_Driver/Inc/stm32wbxx_ll_rcc.h **** }
 1674              		.loc 2 1320 3 is_stmt 0 view .LVU531
 1675 0202 1368     		ldr	r3, [r2]
 1676 0204 43F48033 		orr	r3, r3, #65536
 1677 0208 1360     		str	r3, [r2]
1321:Drivers/STM32WBxx_HAL_Driver/Inc/stm32wbxx_ll_rcc.h **** 
 1678              		.loc 2 1321 1 view .LVU532
 1679 020a 4EE7     		b	.L87
 1680              	.L88:
1321:Drivers/STM32WBxx_HAL_Driver/Inc/stm32wbxx_ll_rcc.h **** 
 1681              		.loc 2 1321 1 view .LVU533
 1682              	.LBE310:
 1683              	.LBE309:
 544:Drivers/STM32WBxx_HAL_Driver/Src/stm32wbxx_hal_rcc.c **** 
 1684              		.loc 1 544 9 is_stmt 1 view .LVU534
 544:Drivers/STM32WBxx_HAL_Driver/Src/stm32wbxx_hal_rcc.c **** 
 1685              		.loc 1 544 21 is_stmt 0 view .LVU535
 1686 020c FFF7FEFF 		bl	HAL_GetTick
 1687              	.LVL152:
 1688 0210 0546     		mov	r5, r0
 1689              	.LVL153:
 547:Drivers/STM32WBxx_HAL_Driver/Src/stm32wbxx_hal_rcc.c ****         {
 1690              		.loc 1 547 9 is_stmt 1 view .LVU536
 1691              	.L90:
 547:Drivers/STM32WBxx_HAL_Driver/Src/stm32wbxx_hal_rcc.c ****         {
 1692              		.loc 1 547 37 view .LVU537
 1693              	.LBB311:
 1694              	.LBI311:
1338:Drivers/STM32WBxx_HAL_Driver/Inc/stm32wbxx_ll_rcc.h **** {
 1695              		.loc 2 1338 26 view .LVU538
 1696              	.LBB312:
1340:Drivers/STM32WBxx_HAL_Driver/Inc/stm32wbxx_ll_rcc.h **** }
 1697              		.loc 2 1340 3 view .LVU539
1340:Drivers/STM32WBxx_HAL_Driver/Inc/stm32wbxx_ll_rcc.h **** }
 1698              		.loc 2 1340 12 is_stmt 0 view .LVU540
 1699 0212 4FF0B043 		mov	r3, #1476395008
 1700 0216 1B68     		ldr	r3, [r3]
1340:Drivers/STM32WBxx_HAL_Driver/Inc/stm32wbxx_ll_rcc.h **** }
 1701              		.loc 2 1340 71 view .LVU541
 1702 0218 13F4003F 		tst	r3, #131072
 1703 021c C6D0     		beq	.L83
 1704              	.LBE312:
 1705              	.LBE311:
 549:Drivers/STM32WBxx_HAL_Driver/Src/stm32wbxx_hal_rcc.c ****           {
 1706              		.loc 1 549 11 is_stmt 1 view .LVU542
 549:Drivers/STM32WBxx_HAL_Driver/Src/stm32wbxx_hal_rcc.c ****           {
 1707              		.loc 1 549 16 is_stmt 0 view .LVU543
 1708 021e FFF7FEFF 		bl	HAL_GetTick
 1709              	.LVL154:
 549:Drivers/STM32WBxx_HAL_Driver/Src/stm32wbxx_hal_rcc.c ****           {
 1710              		.loc 1 549 30 discriminator 1 view .LVU544
 1711 0222 401B     		subs	r0, r0, r5
 549:Drivers/STM32WBxx_HAL_Driver/Src/stm32wbxx_hal_rcc.c ****           {
ARM GAS  /var/folders/98/ctz5mtps7w71v8dr53cf5qg40000gn/T//ccdzqVkO.s 			page 139


 1712              		.loc 1 549 14 discriminator 1 view .LVU545
 1713 0224 6428     		cmp	r0, #100
 1714 0226 F4D9     		bls	.L90
 551:Drivers/STM32WBxx_HAL_Driver/Src/stm32wbxx_hal_rcc.c ****           }
 1715              		.loc 1 551 20 view .LVU546
 1716 0228 0320     		movs	r0, #3
 1717 022a 69E2     		b	.L72
 1718              	.LVL155:
 1719              	.L181:
 551:Drivers/STM32WBxx_HAL_Driver/Src/stm32wbxx_hal_rcc.c ****           }
 1720              		.loc 1 551 20 view .LVU547
 1721              	.LBE332:
 1722              	.LBB333:
 569:Drivers/STM32WBxx_HAL_Driver/Src/stm32wbxx_hal_rcc.c ****     {
 1723              		.loc 1 569 61 view .LVU548
 1724 022c 022A     		cmp	r2, #2
 1725 022e CDD1     		bne	.L93
 1726              	.L92:
 572:Drivers/STM32WBxx_HAL_Driver/Src/stm32wbxx_hal_rcc.c ****       {
 1727              		.loc 1 572 7 is_stmt 1 view .LVU549
 572:Drivers/STM32WBxx_HAL_Driver/Src/stm32wbxx_hal_rcc.c ****       {
 1728              		.loc 1 572 28 is_stmt 0 view .LVU550
 1729 0230 E368     		ldr	r3, [r4, #12]
 1730              	.LVL156:
 572:Drivers/STM32WBxx_HAL_Driver/Src/stm32wbxx_hal_rcc.c ****       {
 1731              		.loc 1 572 10 view .LVU551
 1732 0232 002B     		cmp	r3, #0
 1733 0234 00F06182 		beq	.L148
 580:Drivers/STM32WBxx_HAL_Driver/Src/stm32wbxx_hal_rcc.c ****       }
 1734              		.loc 1 580 9 is_stmt 1 view .LVU552
 1735 0238 2169     		ldr	r1, [r4, #16]
 1736              	.LVL157:
 1737              	.LBB324:
 1738              	.LBI324:
1545:Drivers/STM32WBxx_HAL_Driver/Inc/stm32wbxx_ll_rcc.h **** {
 1739              		.loc 2 1545 22 view .LVU553
 1740              	.LBB325:
1547:Drivers/STM32WBxx_HAL_Driver/Inc/stm32wbxx_ll_rcc.h **** }
 1741              		.loc 2 1547 3 view .LVU554
 1742 023a 4FF0B042 		mov	r2, #1476395008
 1743              	.LVL158:
1547:Drivers/STM32WBxx_HAL_Driver/Inc/stm32wbxx_ll_rcc.h **** }
 1744              		.loc 2 1547 3 is_stmt 0 view .LVU555
 1745 023e 5368     		ldr	r3, [r2, #4]
 1746 0240 23F0FE43 		bic	r3, r3, #2130706432
 1747 0244 43EA0163 		orr	r3, r3, r1, lsl #24
 1748 0248 5360     		str	r3, [r2, #4]
 1749              	.LVL159:
1548:Drivers/STM32WBxx_HAL_Driver/Inc/stm32wbxx_ll_rcc.h **** 
 1750              		.loc 2 1548 1 view .LVU556
 1751 024a 08E0     		b	.L91
 1752              	.LVL160:
 1753              	.L95:
1548:Drivers/STM32WBxx_HAL_Driver/Inc/stm32wbxx_ll_rcc.h **** 
 1754              		.loc 2 1548 1 view .LVU557
 1755              	.LBE325:
 1756              	.LBE324:
ARM GAS  /var/folders/98/ctz5mtps7w71v8dr53cf5qg40000gn/T//ccdzqVkO.s 			page 140


 604:Drivers/STM32WBxx_HAL_Driver/Src/stm32wbxx_hal_rcc.c ****       }
 1757              		.loc 1 604 9 is_stmt 1 view .LVU558
 1758 024c 2169     		ldr	r1, [r4, #16]
 1759              	.LVL161:
 1760              	.LBB326:
 1761              	.LBI326:
1545:Drivers/STM32WBxx_HAL_Driver/Inc/stm32wbxx_ll_rcc.h **** {
 1762              		.loc 2 1545 22 view .LVU559
 1763              	.LBB327:
1547:Drivers/STM32WBxx_HAL_Driver/Inc/stm32wbxx_ll_rcc.h **** }
 1764              		.loc 2 1547 3 view .LVU560
 1765 024e 4FF0B042 		mov	r2, #1476395008
 1766 0252 5368     		ldr	r3, [r2, #4]
 1767 0254 23F0FE43 		bic	r3, r3, #2130706432
 1768 0258 43EA0163 		orr	r3, r3, r1, lsl #24
 1769 025c 5360     		str	r3, [r2, #4]
 1770              	.LVL162:
 1771              	.L91:
1547:Drivers/STM32WBxx_HAL_Driver/Inc/stm32wbxx_ll_rcc.h **** }
 1772              		.loc 2 1547 3 is_stmt 0 view .LVU561
 1773              	.LBE327:
 1774              	.LBE326:
 1775              	.LBE333:
 627:Drivers/STM32WBxx_HAL_Driver/Src/stm32wbxx_hal_rcc.c ****       (((RCC_OscInitStruct->OscillatorType) & RCC_OSCILLATORTYPE_LSI2) == RCC_OSCILLATORTYPE_LSI2))
 1776              		.loc 1 627 3 is_stmt 1 view .LVU562
 627:Drivers/STM32WBxx_HAL_Driver/Src/stm32wbxx_hal_rcc.c ****       (((RCC_OscInitStruct->OscillatorType) & RCC_OSCILLATORTYPE_LSI2) == RCC_OSCILLATORTYPE_LSI2))
 1777              		.loc 1 627 100 is_stmt 0 view .LVU563
 1778 025e 2368     		ldr	r3, [r4]
 627:Drivers/STM32WBxx_HAL_Driver/Src/stm32wbxx_hal_rcc.c ****       (((RCC_OscInitStruct->OscillatorType) & RCC_OSCILLATORTYPE_LSI2) == RCC_OSCILLATORTYPE_LSI2))
 1779              		.loc 1 627 6 view .LVU564
 1780 0260 13F0180F 		tst	r3, #24
 1781 0264 00F0DE80 		beq	.L98
 631:Drivers/STM32WBxx_HAL_Driver/Src/stm32wbxx_hal_rcc.c **** 
 1782              		.loc 1 631 5 is_stmt 1 view .LVU565
 634:Drivers/STM32WBxx_HAL_Driver/Src/stm32wbxx_hal_rcc.c ****     {
 1783              		.loc 1 634 5 view .LVU566
 634:Drivers/STM32WBxx_HAL_Driver/Src/stm32wbxx_hal_rcc.c ****     {
 1784              		.loc 1 634 26 is_stmt 0 view .LVU567
 1785 0268 6269     		ldr	r2, [r4, #20]
 634:Drivers/STM32WBxx_HAL_Driver/Src/stm32wbxx_hal_rcc.c ****     {
 1786              		.loc 1 634 8 view .LVU568
 1787 026a 002A     		cmp	r2, #0
 1788 026c 00F0A380 		beq	.L99
 637:Drivers/STM32WBxx_HAL_Driver/Src/stm32wbxx_hal_rcc.c ****       {
 1789              		.loc 1 637 7 is_stmt 1 view .LVU569
 637:Drivers/STM32WBxx_HAL_Driver/Src/stm32wbxx_hal_rcc.c ****       {
 1790              		.loc 1 637 10 is_stmt 0 view .LVU570
 1791 0270 13F0100F 		tst	r3, #16
 1792 0274 70D0     		beq	.L100
 639:Drivers/STM32WBxx_HAL_Driver/Src/stm32wbxx_hal_rcc.c **** 
 1793              		.loc 1 639 9 is_stmt 1 view .LVU571
 642:Drivers/STM32WBxx_HAL_Driver/Src/stm32wbxx_hal_rcc.c ****         {
 1794              		.loc 1 642 9 view .LVU572
 1795              	.LBB334:
 1796              	.LBI334:
1773:Drivers/STM32WBxx_HAL_Driver/Inc/stm32wbxx_ll_rcc.h **** {
 1797              		.loc 2 1773 26 view .LVU573
ARM GAS  /var/folders/98/ctz5mtps7w71v8dr53cf5qg40000gn/T//ccdzqVkO.s 			page 141


 1798              	.LBB335:
1775:Drivers/STM32WBxx_HAL_Driver/Inc/stm32wbxx_ll_rcc.h **** }
 1799              		.loc 2 1775 3 view .LVU574
1775:Drivers/STM32WBxx_HAL_Driver/Inc/stm32wbxx_ll_rcc.h **** }
 1800              		.loc 2 1775 12 is_stmt 0 view .LVU575
 1801 0276 4FF0B043 		mov	r3, #1476395008
 1802 027a D3F89430 		ldr	r3, [r3, #148]
1775:Drivers/STM32WBxx_HAL_Driver/Inc/stm32wbxx_ll_rcc.h **** }
 1803              		.loc 2 1775 76 view .LVU576
 1804 027e 13F0020F 		tst	r3, #2
 1805 0282 2ED1     		bne	.L101
 1806              	.LBE335:
 1807              	.LBE334:
 645:Drivers/STM32WBxx_HAL_Driver/Src/stm32wbxx_hal_rcc.c **** 
 1808              		.loc 1 645 11 is_stmt 1 view .LVU577
 1809              	.LBB336:
 1810              	.LBI336:
1753:Drivers/STM32WBxx_HAL_Driver/Inc/stm32wbxx_ll_rcc.h **** {
 1811              		.loc 2 1753 22 view .LVU578
 1812              	.LBB337:
1755:Drivers/STM32WBxx_HAL_Driver/Inc/stm32wbxx_ll_rcc.h **** }
 1813              		.loc 2 1755 3 view .LVU579
 1814 0284 4FF0B042 		mov	r2, #1476395008
 1815 0288 D2F89430 		ldr	r3, [r2, #148]
 1816 028c 43F00103 		orr	r3, r3, #1
 1817 0290 C2F89430 		str	r3, [r2, #148]
 1818              	.LBE337:
 1819              	.LBE336:
 648:Drivers/STM32WBxx_HAL_Driver/Src/stm32wbxx_hal_rcc.c **** 
 1820              		.loc 1 648 11 view .LVU580
 648:Drivers/STM32WBxx_HAL_Driver/Src/stm32wbxx_hal_rcc.c **** 
 1821              		.loc 1 648 23 is_stmt 0 view .LVU581
 1822 0294 FFF7FEFF 		bl	HAL_GetTick
 1823              	.LVL163:
 1824 0298 0546     		mov	r5, r0
 1825              	.LVL164:
 651:Drivers/STM32WBxx_HAL_Driver/Src/stm32wbxx_hal_rcc.c ****           {
 1826              		.loc 1 651 11 is_stmt 1 view .LVU582
 1827              	.L102:
 651:Drivers/STM32WBxx_HAL_Driver/Src/stm32wbxx_hal_rcc.c ****           {
 1828              		.loc 1 651 40 view .LVU583
 1829              	.LBB338:
 1830              	.LBI338:
1773:Drivers/STM32WBxx_HAL_Driver/Inc/stm32wbxx_ll_rcc.h **** {
 1831              		.loc 2 1773 26 view .LVU584
 1832              	.LBB339:
1775:Drivers/STM32WBxx_HAL_Driver/Inc/stm32wbxx_ll_rcc.h **** }
 1833              		.loc 2 1775 3 view .LVU585
1775:Drivers/STM32WBxx_HAL_Driver/Inc/stm32wbxx_ll_rcc.h **** }
 1834              		.loc 2 1775 12 is_stmt 0 view .LVU586
 1835 029a 4FF0B043 		mov	r3, #1476395008
 1836 029e D3F89430 		ldr	r3, [r3, #148]
1775:Drivers/STM32WBxx_HAL_Driver/Inc/stm32wbxx_ll_rcc.h **** }
 1837              		.loc 2 1775 76 view .LVU587
 1838 02a2 13F0020F 		tst	r3, #2
 1839 02a6 1CD1     		bne	.L101
 1840              	.LBE339:
ARM GAS  /var/folders/98/ctz5mtps7w71v8dr53cf5qg40000gn/T//ccdzqVkO.s 			page 142


 1841              	.LBE338:
 653:Drivers/STM32WBxx_HAL_Driver/Src/stm32wbxx_hal_rcc.c ****             {
 1842              		.loc 1 653 13 is_stmt 1 view .LVU588
 653:Drivers/STM32WBxx_HAL_Driver/Src/stm32wbxx_hal_rcc.c ****             {
 1843              		.loc 1 653 18 is_stmt 0 view .LVU589
 1844 02a8 FFF7FEFF 		bl	HAL_GetTick
 1845              	.LVL165:
 653:Drivers/STM32WBxx_HAL_Driver/Src/stm32wbxx_hal_rcc.c ****             {
 1846              		.loc 1 653 32 discriminator 1 view .LVU590
 1847 02ac 401B     		subs	r0, r0, r5
 653:Drivers/STM32WBxx_HAL_Driver/Src/stm32wbxx_hal_rcc.c ****             {
 1848              		.loc 1 653 16 discriminator 1 view .LVU591
 1849 02ae 0228     		cmp	r0, #2
 1850 02b0 F3D9     		bls	.L102
 655:Drivers/STM32WBxx_HAL_Driver/Src/stm32wbxx_hal_rcc.c ****             }
 1851              		.loc 1 655 22 view .LVU592
 1852 02b2 0320     		movs	r0, #3
 1853 02b4 24E2     		b	.L72
 1854              	.LVL166:
 1855              	.L94:
 1856              	.LBB340:
 609:Drivers/STM32WBxx_HAL_Driver/Src/stm32wbxx_hal_rcc.c **** 
 1857              		.loc 1 609 9 is_stmt 1 view .LVU593
 1858              	.LBB328:
 1859              	.LBI328:
1490:Drivers/STM32WBxx_HAL_Driver/Inc/stm32wbxx_ll_rcc.h **** {
 1860              		.loc 2 1490 22 view .LVU594
 1861              	.LBB329:
1492:Drivers/STM32WBxx_HAL_Driver/Inc/stm32wbxx_ll_rcc.h **** }
 1862              		.loc 2 1492 3 view .LVU595
 1863 02b6 4FF0B042 		mov	r2, #1476395008
 1864              	.LVL167:
1492:Drivers/STM32WBxx_HAL_Driver/Inc/stm32wbxx_ll_rcc.h **** }
 1865              		.loc 2 1492 3 is_stmt 0 view .LVU596
 1866 02ba 1368     		ldr	r3, [r2]
 1867 02bc 23F48073 		bic	r3, r3, #256
 1868 02c0 1360     		str	r3, [r2]
 1869              	.LBE329:
 1870              	.LBE328:
 612:Drivers/STM32WBxx_HAL_Driver/Src/stm32wbxx_hal_rcc.c **** 
 1871              		.loc 1 612 9 is_stmt 1 view .LVU597
 612:Drivers/STM32WBxx_HAL_Driver/Src/stm32wbxx_hal_rcc.c **** 
 1872              		.loc 1 612 21 is_stmt 0 view .LVU598
 1873 02c2 FFF7FEFF 		bl	HAL_GetTick
 1874              	.LVL168:
 1875 02c6 0546     		mov	r5, r0
 1876              	.LVL169:
 615:Drivers/STM32WBxx_HAL_Driver/Src/stm32wbxx_hal_rcc.c ****         {
 1877              		.loc 1 615 9 is_stmt 1 view .LVU599
 1878              	.L97:
 615:Drivers/STM32WBxx_HAL_Driver/Src/stm32wbxx_hal_rcc.c ****         {
 1879              		.loc 1 615 37 view .LVU600
 1880              	.LBB330:
 1881              	.LBI330:
1500:Drivers/STM32WBxx_HAL_Driver/Inc/stm32wbxx_ll_rcc.h **** {
 1882              		.loc 2 1500 26 view .LVU601
 1883              	.LBB331:
ARM GAS  /var/folders/98/ctz5mtps7w71v8dr53cf5qg40000gn/T//ccdzqVkO.s 			page 143


1502:Drivers/STM32WBxx_HAL_Driver/Inc/stm32wbxx_ll_rcc.h **** }
 1884              		.loc 2 1502 3 view .LVU602
1502:Drivers/STM32WBxx_HAL_Driver/Inc/stm32wbxx_ll_rcc.h **** }
 1885              		.loc 2 1502 12 is_stmt 0 view .LVU603
 1886 02c8 4FF0B043 		mov	r3, #1476395008
 1887 02cc 1B68     		ldr	r3, [r3]
1502:Drivers/STM32WBxx_HAL_Driver/Inc/stm32wbxx_ll_rcc.h **** }
 1888              		.loc 2 1502 71 view .LVU604
 1889 02ce 13F4806F 		tst	r3, #1024
 1890 02d2 C4D0     		beq	.L91
 1891              	.LBE331:
 1892              	.LBE330:
 617:Drivers/STM32WBxx_HAL_Driver/Src/stm32wbxx_hal_rcc.c ****           {
 1893              		.loc 1 617 11 is_stmt 1 view .LVU605
 617:Drivers/STM32WBxx_HAL_Driver/Src/stm32wbxx_hal_rcc.c ****           {
 1894              		.loc 1 617 16 is_stmt 0 view .LVU606
 1895 02d4 FFF7FEFF 		bl	HAL_GetTick
 1896              	.LVL170:
 617:Drivers/STM32WBxx_HAL_Driver/Src/stm32wbxx_hal_rcc.c ****           {
 1897              		.loc 1 617 30 discriminator 1 view .LVU607
 1898 02d8 401B     		subs	r0, r0, r5
 617:Drivers/STM32WBxx_HAL_Driver/Src/stm32wbxx_hal_rcc.c ****           {
 1899              		.loc 1 617 14 discriminator 1 view .LVU608
 1900 02da 0228     		cmp	r0, #2
 1901 02dc F4D9     		bls	.L97
 619:Drivers/STM32WBxx_HAL_Driver/Src/stm32wbxx_hal_rcc.c ****           }
 1902              		.loc 1 619 20 view .LVU609
 1903 02de 0320     		movs	r0, #3
 1904 02e0 0EE2     		b	.L72
 1905              	.LVL171:
 1906              	.L101:
 619:Drivers/STM32WBxx_HAL_Driver/Src/stm32wbxx_hal_rcc.c ****           }
 1907              		.loc 1 619 20 view .LVU610
 1908              	.LBE340:
 661:Drivers/STM32WBxx_HAL_Driver/Src/stm32wbxx_hal_rcc.c **** 
 1909              		.loc 1 661 9 is_stmt 1 view .LVU611
 1910              	.LBB341:
 1911              	.LBI341:
1791:Drivers/STM32WBxx_HAL_Driver/Inc/stm32wbxx_ll_rcc.h **** {
 1912              		.loc 2 1791 22 view .LVU612
 1913              	.LBB342:
1793:Drivers/STM32WBxx_HAL_Driver/Inc/stm32wbxx_ll_rcc.h **** }
 1914              		.loc 2 1793 3 view .LVU613
 1915 02e2 4FF0B042 		mov	r2, #1476395008
 1916 02e6 D2F89430 		ldr	r3, [r2, #148]
 1917 02ea 43F00403 		orr	r3, r3, #4
 1918 02ee C2F89430 		str	r3, [r2, #148]
 1919              	.LBE342:
 1920              	.LBE341:
 664:Drivers/STM32WBxx_HAL_Driver/Src/stm32wbxx_hal_rcc.c **** 
 1921              		.loc 1 664 9 view .LVU614
 664:Drivers/STM32WBxx_HAL_Driver/Src/stm32wbxx_hal_rcc.c **** 
 1922              		.loc 1 664 21 is_stmt 0 view .LVU615
 1923 02f2 FFF7FEFF 		bl	HAL_GetTick
 1924              	.LVL172:
 1925 02f6 0546     		mov	r5, r0
 1926              	.LVL173:
ARM GAS  /var/folders/98/ctz5mtps7w71v8dr53cf5qg40000gn/T//ccdzqVkO.s 			page 144


 667:Drivers/STM32WBxx_HAL_Driver/Src/stm32wbxx_hal_rcc.c ****         {
 1927              		.loc 1 667 9 is_stmt 1 view .LVU616
 1928              	.L104:
 667:Drivers/STM32WBxx_HAL_Driver/Src/stm32wbxx_hal_rcc.c ****         {
 1929              		.loc 1 667 38 view .LVU617
 1930              	.LBB343:
 1931              	.LBI343:
1811:Drivers/STM32WBxx_HAL_Driver/Inc/stm32wbxx_ll_rcc.h **** {
 1932              		.loc 2 1811 26 view .LVU618
 1933              	.LBB344:
1813:Drivers/STM32WBxx_HAL_Driver/Inc/stm32wbxx_ll_rcc.h **** }
 1934              		.loc 2 1813 3 view .LVU619
1813:Drivers/STM32WBxx_HAL_Driver/Inc/stm32wbxx_ll_rcc.h **** }
 1935              		.loc 2 1813 12 is_stmt 0 view .LVU620
 1936 02f8 4FF0B043 		mov	r3, #1476395008
 1937 02fc D3F89430 		ldr	r3, [r3, #148]
1813:Drivers/STM32WBxx_HAL_Driver/Inc/stm32wbxx_ll_rcc.h **** }
 1938              		.loc 2 1813 76 view .LVU621
 1939 0300 13F0080F 		tst	r3, #8
 1940 0304 06D1     		bne	.L103
 1941              	.LBE344:
 1942              	.LBE343:
 669:Drivers/STM32WBxx_HAL_Driver/Src/stm32wbxx_hal_rcc.c ****           {
 1943              		.loc 1 669 11 is_stmt 1 view .LVU622
 669:Drivers/STM32WBxx_HAL_Driver/Src/stm32wbxx_hal_rcc.c ****           {
 1944              		.loc 1 669 16 is_stmt 0 view .LVU623
 1945 0306 FFF7FEFF 		bl	HAL_GetTick
 1946              	.LVL174:
 669:Drivers/STM32WBxx_HAL_Driver/Src/stm32wbxx_hal_rcc.c ****           {
 1947              		.loc 1 669 30 discriminator 1 view .LVU624
 1948 030a 401B     		subs	r0, r0, r5
 669:Drivers/STM32WBxx_HAL_Driver/Src/stm32wbxx_hal_rcc.c ****           {
 1949              		.loc 1 669 14 discriminator 1 view .LVU625
 1950 030c 0328     		cmp	r0, #3
 1951 030e F3D9     		bls	.L104
 671:Drivers/STM32WBxx_HAL_Driver/Src/stm32wbxx_hal_rcc.c ****           }
 1952              		.loc 1 671 20 view .LVU626
 1953 0310 0320     		movs	r0, #3
 1954 0312 F5E1     		b	.L72
 1955              	.L103:
 675:Drivers/STM32WBxx_HAL_Driver/Src/stm32wbxx_hal_rcc.c **** 
 1956              		.loc 1 675 9 is_stmt 1 view .LVU627
 1957 0314 A169     		ldr	r1, [r4, #24]
 1958              	.LVL175:
 1959              	.LBB345:
 1960              	.LBI345:
1822:Drivers/STM32WBxx_HAL_Driver/Inc/stm32wbxx_ll_rcc.h **** {
 1961              		.loc 2 1822 22 view .LVU628
 1962              	.LBB346:
1824:Drivers/STM32WBxx_HAL_Driver/Inc/stm32wbxx_ll_rcc.h **** }
 1963              		.loc 2 1824 3 view .LVU629
 1964 0316 4FF0B042 		mov	r2, #1476395008
 1965 031a D2F89430 		ldr	r3, [r2, #148]
 1966 031e 23F47063 		bic	r3, r3, #3840
 1967 0322 43EA0123 		orr	r3, r3, r1, lsl #8
 1968 0326 C2F89430 		str	r3, [r2, #148]
 1969              	.LVL176:
ARM GAS  /var/folders/98/ctz5mtps7w71v8dr53cf5qg40000gn/T//ccdzqVkO.s 			page 145


1824:Drivers/STM32WBxx_HAL_Driver/Inc/stm32wbxx_ll_rcc.h **** }
 1970              		.loc 2 1824 3 is_stmt 0 view .LVU630
 1971              	.LBE346:
 1972              	.LBE345:
 680:Drivers/STM32WBxx_HAL_Driver/Src/stm32wbxx_hal_rcc.c **** 
 1973              		.loc 1 680 9 is_stmt 1 view .LVU631
 1974              	.LBB347:
 1975              	.LBI347:
1763:Drivers/STM32WBxx_HAL_Driver/Inc/stm32wbxx_ll_rcc.h **** {
 1976              		.loc 2 1763 22 view .LVU632
 1977              	.LBB348:
1765:Drivers/STM32WBxx_HAL_Driver/Inc/stm32wbxx_ll_rcc.h **** }
 1978              		.loc 2 1765 3 view .LVU633
 1979 032a D2F89430 		ldr	r3, [r2, #148]
 1980 032e 23F00103 		bic	r3, r3, #1
 1981 0332 C2F89430 		str	r3, [r2, #148]
 1982              	.LBE348:
 1983              	.LBE347:
 683:Drivers/STM32WBxx_HAL_Driver/Src/stm32wbxx_hal_rcc.c **** 
 1984              		.loc 1 683 9 view .LVU634
 683:Drivers/STM32WBxx_HAL_Driver/Src/stm32wbxx_hal_rcc.c **** 
 1985              		.loc 1 683 21 is_stmt 0 view .LVU635
 1986 0336 FFF7FEFF 		bl	HAL_GetTick
 1987              	.LVL177:
 1988 033a 0546     		mov	r5, r0
 1989              	.LVL178:
 686:Drivers/STM32WBxx_HAL_Driver/Src/stm32wbxx_hal_rcc.c ****         {
 1990              		.loc 1 686 9 is_stmt 1 view .LVU636
 1991              	.L105:
 686:Drivers/STM32WBxx_HAL_Driver/Src/stm32wbxx_hal_rcc.c ****         {
 1992              		.loc 1 686 38 view .LVU637
 1993              	.LBB349:
 1994              	.LBI349:
1773:Drivers/STM32WBxx_HAL_Driver/Inc/stm32wbxx_ll_rcc.h **** {
 1995              		.loc 2 1773 26 view .LVU638
 1996              	.LBB350:
1775:Drivers/STM32WBxx_HAL_Driver/Inc/stm32wbxx_ll_rcc.h **** }
 1997              		.loc 2 1775 3 view .LVU639
1775:Drivers/STM32WBxx_HAL_Driver/Inc/stm32wbxx_ll_rcc.h **** }
 1998              		.loc 2 1775 12 is_stmt 0 view .LVU640
 1999 033c 4FF0B043 		mov	r3, #1476395008
 2000 0340 D3F89430 		ldr	r3, [r3, #148]
1775:Drivers/STM32WBxx_HAL_Driver/Inc/stm32wbxx_ll_rcc.h **** }
 2001              		.loc 2 1775 76 view .LVU641
 2002 0344 13F0020F 		tst	r3, #2
 2003 0348 6CD0     		beq	.L98
 2004              	.LBE350:
 2005              	.LBE349:
 688:Drivers/STM32WBxx_HAL_Driver/Src/stm32wbxx_hal_rcc.c ****           {
 2006              		.loc 1 688 11 is_stmt 1 view .LVU642
 688:Drivers/STM32WBxx_HAL_Driver/Src/stm32wbxx_hal_rcc.c ****           {
 2007              		.loc 1 688 16 is_stmt 0 view .LVU643
 2008 034a FFF7FEFF 		bl	HAL_GetTick
 2009              	.LVL179:
 688:Drivers/STM32WBxx_HAL_Driver/Src/stm32wbxx_hal_rcc.c ****           {
 2010              		.loc 1 688 30 discriminator 1 view .LVU644
 2011 034e 401B     		subs	r0, r0, r5
ARM GAS  /var/folders/98/ctz5mtps7w71v8dr53cf5qg40000gn/T//ccdzqVkO.s 			page 146


 688:Drivers/STM32WBxx_HAL_Driver/Src/stm32wbxx_hal_rcc.c ****           {
 2012              		.loc 1 688 14 discriminator 1 view .LVU645
 2013 0350 0228     		cmp	r0, #2
 2014 0352 F3D9     		bls	.L105
 690:Drivers/STM32WBxx_HAL_Driver/Src/stm32wbxx_hal_rcc.c ****           }
 2015              		.loc 1 690 20 view .LVU646
 2016 0354 0320     		movs	r0, #3
 2017 0356 D3E1     		b	.L72
 2018              	.LVL180:
 2019              	.L100:
 699:Drivers/STM32WBxx_HAL_Driver/Src/stm32wbxx_hal_rcc.c **** 
 2020              		.loc 1 699 9 is_stmt 1 view .LVU647
 2021              	.LBB351:
 2022              	.LBI351:
1753:Drivers/STM32WBxx_HAL_Driver/Inc/stm32wbxx_ll_rcc.h **** {
 2023              		.loc 2 1753 22 view .LVU648
 2024              	.LBB352:
1755:Drivers/STM32WBxx_HAL_Driver/Inc/stm32wbxx_ll_rcc.h **** }
 2025              		.loc 2 1755 3 view .LVU649
 2026 0358 4FF0B042 		mov	r2, #1476395008
 2027 035c D2F89430 		ldr	r3, [r2, #148]
 2028 0360 43F00103 		orr	r3, r3, #1
 2029 0364 C2F89430 		str	r3, [r2, #148]
 2030              	.LBE352:
 2031              	.LBE351:
 702:Drivers/STM32WBxx_HAL_Driver/Src/stm32wbxx_hal_rcc.c **** 
 2032              		.loc 1 702 9 view .LVU650
 702:Drivers/STM32WBxx_HAL_Driver/Src/stm32wbxx_hal_rcc.c **** 
 2033              		.loc 1 702 21 is_stmt 0 view .LVU651
 2034 0368 FFF7FEFF 		bl	HAL_GetTick
 2035              	.LVL181:
 2036 036c 0546     		mov	r5, r0
 2037              	.LVL182:
 705:Drivers/STM32WBxx_HAL_Driver/Src/stm32wbxx_hal_rcc.c ****         {
 2038              		.loc 1 705 9 is_stmt 1 view .LVU652
 2039              	.L107:
 705:Drivers/STM32WBxx_HAL_Driver/Src/stm32wbxx_hal_rcc.c ****         {
 2040              		.loc 1 705 38 view .LVU653
 2041              	.LBB353:
 2042              	.LBI353:
1773:Drivers/STM32WBxx_HAL_Driver/Inc/stm32wbxx_ll_rcc.h **** {
 2043              		.loc 2 1773 26 view .LVU654
 2044              	.LBB354:
1775:Drivers/STM32WBxx_HAL_Driver/Inc/stm32wbxx_ll_rcc.h **** }
 2045              		.loc 2 1775 3 view .LVU655
1775:Drivers/STM32WBxx_HAL_Driver/Inc/stm32wbxx_ll_rcc.h **** }
 2046              		.loc 2 1775 12 is_stmt 0 view .LVU656
 2047 036e 4FF0B043 		mov	r3, #1476395008
 2048 0372 D3F89430 		ldr	r3, [r3, #148]
1775:Drivers/STM32WBxx_HAL_Driver/Inc/stm32wbxx_ll_rcc.h **** }
 2049              		.loc 2 1775 76 view .LVU657
 2050 0376 13F0020F 		tst	r3, #2
 2051 037a 06D1     		bne	.L106
 2052              	.LBE354:
 2053              	.LBE353:
 707:Drivers/STM32WBxx_HAL_Driver/Src/stm32wbxx_hal_rcc.c ****           {
 2054              		.loc 1 707 11 is_stmt 1 view .LVU658
ARM GAS  /var/folders/98/ctz5mtps7w71v8dr53cf5qg40000gn/T//ccdzqVkO.s 			page 147


 707:Drivers/STM32WBxx_HAL_Driver/Src/stm32wbxx_hal_rcc.c ****           {
 2055              		.loc 1 707 16 is_stmt 0 view .LVU659
 2056 037c FFF7FEFF 		bl	HAL_GetTick
 2057              	.LVL183:
 707:Drivers/STM32WBxx_HAL_Driver/Src/stm32wbxx_hal_rcc.c ****           {
 2058              		.loc 1 707 30 discriminator 1 view .LVU660
 2059 0380 401B     		subs	r0, r0, r5
 707:Drivers/STM32WBxx_HAL_Driver/Src/stm32wbxx_hal_rcc.c ****           {
 2060              		.loc 1 707 14 discriminator 1 view .LVU661
 2061 0382 0228     		cmp	r0, #2
 2062 0384 F3D9     		bls	.L107
 709:Drivers/STM32WBxx_HAL_Driver/Src/stm32wbxx_hal_rcc.c ****           }
 2063              		.loc 1 709 20 view .LVU662
 2064 0386 0320     		movs	r0, #3
 2065 0388 BAE1     		b	.L72
 2066              	.L106:
 715:Drivers/STM32WBxx_HAL_Driver/Src/stm32wbxx_hal_rcc.c **** 
 2067              		.loc 1 715 9 is_stmt 1 view .LVU663
 2068              	.LBB355:
 2069              	.LBI355:
1801:Drivers/STM32WBxx_HAL_Driver/Inc/stm32wbxx_ll_rcc.h **** {
 2070              		.loc 2 1801 22 view .LVU664
 2071              	.LBB356:
1803:Drivers/STM32WBxx_HAL_Driver/Inc/stm32wbxx_ll_rcc.h **** }
 2072              		.loc 2 1803 3 view .LVU665
 2073 038a 4FF0B042 		mov	r2, #1476395008
 2074 038e D2F89430 		ldr	r3, [r2, #148]
 2075 0392 23F00403 		bic	r3, r3, #4
 2076 0396 C2F89430 		str	r3, [r2, #148]
 2077              	.LBE356:
 2078              	.LBE355:
 718:Drivers/STM32WBxx_HAL_Driver/Src/stm32wbxx_hal_rcc.c ****         {
 2079              		.loc 1 718 9 view .LVU666
 2080              	.L108:
 718:Drivers/STM32WBxx_HAL_Driver/Src/stm32wbxx_hal_rcc.c ****         {
 2081              		.loc 1 718 38 view .LVU667
 2082              	.LBB357:
 2083              	.LBI357:
1811:Drivers/STM32WBxx_HAL_Driver/Inc/stm32wbxx_ll_rcc.h **** {
 2084              		.loc 2 1811 26 view .LVU668
 2085              	.LBB358:
1813:Drivers/STM32WBxx_HAL_Driver/Inc/stm32wbxx_ll_rcc.h **** }
 2086              		.loc 2 1813 3 view .LVU669
1813:Drivers/STM32WBxx_HAL_Driver/Inc/stm32wbxx_ll_rcc.h **** }
 2087              		.loc 2 1813 12 is_stmt 0 view .LVU670
 2088 039a 4FF0B043 		mov	r3, #1476395008
 2089 039e D3F89430 		ldr	r3, [r3, #148]
1813:Drivers/STM32WBxx_HAL_Driver/Inc/stm32wbxx_ll_rcc.h **** }
 2090              		.loc 2 1813 76 view .LVU671
 2091 03a2 13F0080F 		tst	r3, #8
 2092 03a6 3DD0     		beq	.L98
 2093              	.LBE358:
 2094              	.LBE357:
 720:Drivers/STM32WBxx_HAL_Driver/Src/stm32wbxx_hal_rcc.c ****           {
 2095              		.loc 1 720 11 is_stmt 1 view .LVU672
 720:Drivers/STM32WBxx_HAL_Driver/Src/stm32wbxx_hal_rcc.c ****           {
 2096              		.loc 1 720 16 is_stmt 0 view .LVU673
ARM GAS  /var/folders/98/ctz5mtps7w71v8dr53cf5qg40000gn/T//ccdzqVkO.s 			page 148


 2097 03a8 FFF7FEFF 		bl	HAL_GetTick
 2098              	.LVL184:
 720:Drivers/STM32WBxx_HAL_Driver/Src/stm32wbxx_hal_rcc.c ****           {
 2099              		.loc 1 720 30 discriminator 1 view .LVU674
 2100 03ac 401B     		subs	r0, r0, r5
 720:Drivers/STM32WBxx_HAL_Driver/Src/stm32wbxx_hal_rcc.c ****           {
 2101              		.loc 1 720 14 discriminator 1 view .LVU675
 2102 03ae 0328     		cmp	r0, #3
 2103 03b0 F3D9     		bls	.L108
 722:Drivers/STM32WBxx_HAL_Driver/Src/stm32wbxx_hal_rcc.c ****           }
 2104              		.loc 1 722 20 view .LVU676
 2105 03b2 0320     		movs	r0, #3
 2106 03b4 A4E1     		b	.L72
 2107              	.LVL185:
 2108              	.L99:
 731:Drivers/STM32WBxx_HAL_Driver/Src/stm32wbxx_hal_rcc.c **** 
 2109              		.loc 1 731 7 is_stmt 1 view .LVU677
 2110              	.LBB359:
 2111              	.LBI359:
1801:Drivers/STM32WBxx_HAL_Driver/Inc/stm32wbxx_ll_rcc.h **** {
 2112              		.loc 2 1801 22 view .LVU678
 2113              	.LBB360:
1803:Drivers/STM32WBxx_HAL_Driver/Inc/stm32wbxx_ll_rcc.h **** }
 2114              		.loc 2 1803 3 view .LVU679
 2115 03b6 4FF0B042 		mov	r2, #1476395008
 2116 03ba D2F89430 		ldr	r3, [r2, #148]
 2117 03be 23F00403 		bic	r3, r3, #4
 2118 03c2 C2F89430 		str	r3, [r2, #148]
 2119              	.LBE360:
 2120              	.LBE359:
 734:Drivers/STM32WBxx_HAL_Driver/Src/stm32wbxx_hal_rcc.c **** 
 2121              		.loc 1 734 7 view .LVU680
 734:Drivers/STM32WBxx_HAL_Driver/Src/stm32wbxx_hal_rcc.c **** 
 2122              		.loc 1 734 19 is_stmt 0 view .LVU681
 2123 03c6 FFF7FEFF 		bl	HAL_GetTick
 2124              	.LVL186:
 2125 03ca 0546     		mov	r5, r0
 2126              	.LVL187:
 737:Drivers/STM32WBxx_HAL_Driver/Src/stm32wbxx_hal_rcc.c ****       {
 2127              		.loc 1 737 7 is_stmt 1 view .LVU682
 2128              	.L111:
 737:Drivers/STM32WBxx_HAL_Driver/Src/stm32wbxx_hal_rcc.c ****       {
 2129              		.loc 1 737 36 view .LVU683
 2130              	.LBB361:
 2131              	.LBI361:
1811:Drivers/STM32WBxx_HAL_Driver/Inc/stm32wbxx_ll_rcc.h **** {
 2132              		.loc 2 1811 26 view .LVU684
 2133              	.LBB362:
1813:Drivers/STM32WBxx_HAL_Driver/Inc/stm32wbxx_ll_rcc.h **** }
 2134              		.loc 2 1813 3 view .LVU685
1813:Drivers/STM32WBxx_HAL_Driver/Inc/stm32wbxx_ll_rcc.h **** }
 2135              		.loc 2 1813 12 is_stmt 0 view .LVU686
 2136 03cc 4FF0B043 		mov	r3, #1476395008
 2137 03d0 D3F89430 		ldr	r3, [r3, #148]
1813:Drivers/STM32WBxx_HAL_Driver/Inc/stm32wbxx_ll_rcc.h **** }
 2138              		.loc 2 1813 76 view .LVU687
 2139 03d4 13F0080F 		tst	r3, #8
ARM GAS  /var/folders/98/ctz5mtps7w71v8dr53cf5qg40000gn/T//ccdzqVkO.s 			page 149


 2140 03d8 18D1     		bne	.L109
 2141              	.LBE362:
 2142              	.LBE361:
 746:Drivers/STM32WBxx_HAL_Driver/Src/stm32wbxx_hal_rcc.c **** 
 2143              		.loc 1 746 7 is_stmt 1 view .LVU688
 2144              	.LBB363:
 2145              	.LBI363:
1763:Drivers/STM32WBxx_HAL_Driver/Inc/stm32wbxx_ll_rcc.h **** {
 2146              		.loc 2 1763 22 view .LVU689
 2147              	.LBB364:
1765:Drivers/STM32WBxx_HAL_Driver/Inc/stm32wbxx_ll_rcc.h **** }
 2148              		.loc 2 1765 3 view .LVU690
 2149 03da 4FF0B042 		mov	r2, #1476395008
 2150 03de D2F89430 		ldr	r3, [r2, #148]
 2151 03e2 23F00103 		bic	r3, r3, #1
 2152 03e6 C2F89430 		str	r3, [r2, #148]
 2153              	.LBE364:
 2154              	.LBE363:
 749:Drivers/STM32WBxx_HAL_Driver/Src/stm32wbxx_hal_rcc.c **** 
 2155              		.loc 1 749 7 view .LVU691
 749:Drivers/STM32WBxx_HAL_Driver/Src/stm32wbxx_hal_rcc.c **** 
 2156              		.loc 1 749 19 is_stmt 0 view .LVU692
 2157 03ea FFF7FEFF 		bl	HAL_GetTick
 2158              	.LVL188:
 2159 03ee 0546     		mov	r5, r0
 2160              	.LVL189:
 752:Drivers/STM32WBxx_HAL_Driver/Src/stm32wbxx_hal_rcc.c ****       {
 2161              		.loc 1 752 7 is_stmt 1 view .LVU693
 2162              	.L110:
 752:Drivers/STM32WBxx_HAL_Driver/Src/stm32wbxx_hal_rcc.c ****       {
 2163              		.loc 1 752 36 view .LVU694
 2164              	.LBB365:
 2165              	.LBI365:
1773:Drivers/STM32WBxx_HAL_Driver/Inc/stm32wbxx_ll_rcc.h **** {
 2166              		.loc 2 1773 26 view .LVU695
 2167              	.LBB366:
1775:Drivers/STM32WBxx_HAL_Driver/Inc/stm32wbxx_ll_rcc.h **** }
 2168              		.loc 2 1775 3 view .LVU696
1775:Drivers/STM32WBxx_HAL_Driver/Inc/stm32wbxx_ll_rcc.h **** }
 2169              		.loc 2 1775 12 is_stmt 0 view .LVU697
 2170 03f0 4FF0B043 		mov	r3, #1476395008
 2171 03f4 D3F89430 		ldr	r3, [r3, #148]
1775:Drivers/STM32WBxx_HAL_Driver/Inc/stm32wbxx_ll_rcc.h **** }
 2172              		.loc 2 1775 76 view .LVU698
 2173 03f8 13F0020F 		tst	r3, #2
 2174 03fc 12D0     		beq	.L98
 2175              	.LBE366:
 2176              	.LBE365:
 754:Drivers/STM32WBxx_HAL_Driver/Src/stm32wbxx_hal_rcc.c ****         {
 2177              		.loc 1 754 9 is_stmt 1 view .LVU699
 754:Drivers/STM32WBxx_HAL_Driver/Src/stm32wbxx_hal_rcc.c ****         {
 2178              		.loc 1 754 14 is_stmt 0 view .LVU700
 2179 03fe FFF7FEFF 		bl	HAL_GetTick
 2180              	.LVL190:
 754:Drivers/STM32WBxx_HAL_Driver/Src/stm32wbxx_hal_rcc.c ****         {
 2181              		.loc 1 754 28 discriminator 1 view .LVU701
 2182 0402 401B     		subs	r0, r0, r5
ARM GAS  /var/folders/98/ctz5mtps7w71v8dr53cf5qg40000gn/T//ccdzqVkO.s 			page 150


 754:Drivers/STM32WBxx_HAL_Driver/Src/stm32wbxx_hal_rcc.c ****         {
 2183              		.loc 1 754 12 discriminator 1 view .LVU702
 2184 0404 0228     		cmp	r0, #2
 2185 0406 F3D9     		bls	.L110
 756:Drivers/STM32WBxx_HAL_Driver/Src/stm32wbxx_hal_rcc.c ****         }
 2186              		.loc 1 756 18 view .LVU703
 2187 0408 0320     		movs	r0, #3
 2188 040a 79E1     		b	.L72
 2189              	.L109:
 739:Drivers/STM32WBxx_HAL_Driver/Src/stm32wbxx_hal_rcc.c ****         {
 2190              		.loc 1 739 9 is_stmt 1 view .LVU704
 739:Drivers/STM32WBxx_HAL_Driver/Src/stm32wbxx_hal_rcc.c ****         {
 2191              		.loc 1 739 14 is_stmt 0 view .LVU705
 2192 040c FFF7FEFF 		bl	HAL_GetTick
 2193              	.LVL191:
 739:Drivers/STM32WBxx_HAL_Driver/Src/stm32wbxx_hal_rcc.c ****         {
 2194              		.loc 1 739 28 discriminator 1 view .LVU706
 2195 0410 401B     		subs	r0, r0, r5
 739:Drivers/STM32WBxx_HAL_Driver/Src/stm32wbxx_hal_rcc.c ****         {
 2196              		.loc 1 739 12 discriminator 1 view .LVU707
 2197 0412 0328     		cmp	r0, #3
 2198 0414 DAD9     		bls	.L111
 741:Drivers/STM32WBxx_HAL_Driver/Src/stm32wbxx_hal_rcc.c ****         }
 2199              		.loc 1 741 18 view .LVU708
 2200 0416 0320     		movs	r0, #3
 2201 0418 72E1     		b	.L72
 2202              	.L194:
 2203 041a 00BF     		.align	2
 2204              	.L193:
 2205 041c 00000000 		.word	SystemCoreClock
 2206 0420 00000000 		.word	uwTickPrio
 2207              	.LVL192:
 2208              	.L98:
 763:Drivers/STM32WBxx_HAL_Driver/Src/stm32wbxx_hal_rcc.c ****   {
 2209              		.loc 1 763 3 is_stmt 1 view .LVU709
 763:Drivers/STM32WBxx_HAL_Driver/Src/stm32wbxx_hal_rcc.c ****   {
 2210              		.loc 1 763 26 is_stmt 0 view .LVU710
 2211 0424 2368     		ldr	r3, [r4]
 763:Drivers/STM32WBxx_HAL_Driver/Src/stm32wbxx_hal_rcc.c ****   {
 2212              		.loc 1 763 6 view .LVU711
 2213 0426 13F0040F 		tst	r3, #4
 2214 042a 68D0     		beq	.L112
 766:Drivers/STM32WBxx_HAL_Driver/Src/stm32wbxx_hal_rcc.c **** 
 2215              		.loc 1 766 5 is_stmt 1 view .LVU712
 771:Drivers/STM32WBxx_HAL_Driver/Src/stm32wbxx_hal_rcc.c ****     {
 2216              		.loc 1 771 5 view .LVU713
 771:Drivers/STM32WBxx_HAL_Driver/Src/stm32wbxx_hal_rcc.c ****     {
 2217              		.loc 1 771 9 is_stmt 0 view .LVU714
 2218 042c B74B     		ldr	r3, .L195
 2219 042e 1B68     		ldr	r3, [r3]
 771:Drivers/STM32WBxx_HAL_Driver/Src/stm32wbxx_hal_rcc.c ****     {
 2220              		.loc 1 771 8 view .LVU715
 2221 0430 13F4807F 		tst	r3, #256
 2222 0434 27D0     		beq	.L182
 2223              	.L113:
 789:Drivers/STM32WBxx_HAL_Driver/Src/stm32wbxx_hal_rcc.c **** 
 2224              		.loc 1 789 5 is_stmt 1 view .LVU716
ARM GAS  /var/folders/98/ctz5mtps7w71v8dr53cf5qg40000gn/T//ccdzqVkO.s 			page 151


 789:Drivers/STM32WBxx_HAL_Driver/Src/stm32wbxx_hal_rcc.c **** 
 2225              		.loc 1 789 5 view .LVU717
 2226 0436 A368     		ldr	r3, [r4, #8]
 2227 0438 012B     		cmp	r3, #1
 2228 043a 35D0     		beq	.L183
 789:Drivers/STM32WBxx_HAL_Driver/Src/stm32wbxx_hal_rcc.c **** 
 2229              		.loc 1 789 5 discriminator 2 view .LVU718
 2230 043c 052B     		cmp	r3, #5
 2231 043e 3CD0     		beq	.L184
 789:Drivers/STM32WBxx_HAL_Driver/Src/stm32wbxx_hal_rcc.c **** 
 2232              		.loc 1 789 5 discriminator 5 view .LVU719
 2233              	.LBB367:
 2234              	.LBI367:
1633:Drivers/STM32WBxx_HAL_Driver/Inc/stm32wbxx_ll_rcc.h **** {
 2235              		.loc 2 1633 22 view .LVU720
 2236              	.LBB368:
1635:Drivers/STM32WBxx_HAL_Driver/Inc/stm32wbxx_ll_rcc.h **** }
 2237              		.loc 2 1635 3 view .LVU721
 2238 0440 4FF0B043 		mov	r3, #1476395008
 2239 0444 D3F89020 		ldr	r2, [r3, #144]
 2240 0448 22F00102 		bic	r2, r2, #1
 2241 044c C3F89020 		str	r2, [r3, #144]
 2242              	.LBE368:
 2243              	.LBE367:
 789:Drivers/STM32WBxx_HAL_Driver/Src/stm32wbxx_hal_rcc.c **** 
 2244              		.loc 1 789 5 discriminator 1 view .LVU722
 2245              	.LBB369:
 2246              	.LBI369:
1663:Drivers/STM32WBxx_HAL_Driver/Inc/stm32wbxx_ll_rcc.h **** {
 2247              		.loc 2 1663 22 view .LVU723
 2248              	.LBB370:
1665:Drivers/STM32WBxx_HAL_Driver/Inc/stm32wbxx_ll_rcc.h **** }
 2249              		.loc 2 1665 3 view .LVU724
 2250 0450 D3F89020 		ldr	r2, [r3, #144]
 2251 0454 22F00402 		bic	r2, r2, #4
 2252 0458 C3F89020 		str	r2, [r3, #144]
 2253              	.L117:
 2254              	.LBE370:
 2255              	.LBE369:
 789:Drivers/STM32WBxx_HAL_Driver/Src/stm32wbxx_hal_rcc.c **** 
 2256              		.loc 1 789 5 discriminator 7 view .LVU725
 792:Drivers/STM32WBxx_HAL_Driver/Src/stm32wbxx_hal_rcc.c ****     {
 2257              		.loc 1 792 5 view .LVU726
 792:Drivers/STM32WBxx_HAL_Driver/Src/stm32wbxx_hal_rcc.c ****     {
 2258              		.loc 1 792 26 is_stmt 0 view .LVU727
 2259 045c A368     		ldr	r3, [r4, #8]
 792:Drivers/STM32WBxx_HAL_Driver/Src/stm32wbxx_hal_rcc.c ****     {
 2260              		.loc 1 792 8 view .LVU728
 2261 045e DBB3     		cbz	r3, .L119
 795:Drivers/STM32WBxx_HAL_Driver/Src/stm32wbxx_hal_rcc.c **** 
 2262              		.loc 1 795 7 is_stmt 1 view .LVU729
 795:Drivers/STM32WBxx_HAL_Driver/Src/stm32wbxx_hal_rcc.c **** 
 2263              		.loc 1 795 19 is_stmt 0 view .LVU730
 2264 0460 FFF7FEFF 		bl	HAL_GetTick
 2265              	.LVL193:
 2266 0464 0546     		mov	r5, r0
 2267              	.LVL194:
ARM GAS  /var/folders/98/ctz5mtps7w71v8dr53cf5qg40000gn/T//ccdzqVkO.s 			page 152


 798:Drivers/STM32WBxx_HAL_Driver/Src/stm32wbxx_hal_rcc.c ****       {
 2268              		.loc 1 798 7 is_stmt 1 view .LVU731
 2269              	.L120:
 798:Drivers/STM32WBxx_HAL_Driver/Src/stm32wbxx_hal_rcc.c ****       {
 2270              		.loc 1 798 35 view .LVU732
 2271              	.LBB371:
 2272              	.LBI371:
1725:Drivers/STM32WBxx_HAL_Driver/Inc/stm32wbxx_ll_rcc.h **** {
 2273              		.loc 2 1725 26 view .LVU733
 2274              	.LBB372:
1727:Drivers/STM32WBxx_HAL_Driver/Inc/stm32wbxx_ll_rcc.h **** }
 2275              		.loc 2 1727 3 view .LVU734
1727:Drivers/STM32WBxx_HAL_Driver/Inc/stm32wbxx_ll_rcc.h **** }
 2276              		.loc 2 1727 12 is_stmt 0 view .LVU735
 2277 0466 4FF0B043 		mov	r3, #1476395008
 2278 046a D3F89030 		ldr	r3, [r3, #144]
1727:Drivers/STM32WBxx_HAL_Driver/Inc/stm32wbxx_ll_rcc.h **** }
 2279              		.loc 2 1727 77 view .LVU736
 2280 046e 13F0020F 		tst	r3, #2
 2281 0472 44D1     		bne	.L112
 2282              	.LBE372:
 2283              	.LBE371:
 800:Drivers/STM32WBxx_HAL_Driver/Src/stm32wbxx_hal_rcc.c ****         {
 2284              		.loc 1 800 9 is_stmt 1 view .LVU737
 800:Drivers/STM32WBxx_HAL_Driver/Src/stm32wbxx_hal_rcc.c ****         {
 2285              		.loc 1 800 14 is_stmt 0 view .LVU738
 2286 0474 FFF7FEFF 		bl	HAL_GetTick
 2287              	.LVL195:
 800:Drivers/STM32WBxx_HAL_Driver/Src/stm32wbxx_hal_rcc.c ****         {
 2288              		.loc 1 800 28 discriminator 1 view .LVU739
 2289 0478 401B     		subs	r0, r0, r5
 800:Drivers/STM32WBxx_HAL_Driver/Src/stm32wbxx_hal_rcc.c ****         {
 2290              		.loc 1 800 12 discriminator 1 view .LVU740
 2291 047a 41F28833 		movw	r3, #5000
 2292 047e 9842     		cmp	r0, r3
 2293 0480 F1D9     		bls	.L120
 802:Drivers/STM32WBxx_HAL_Driver/Src/stm32wbxx_hal_rcc.c ****         }
 2294              		.loc 1 802 18 view .LVU741
 2295 0482 0320     		movs	r0, #3
 2296 0484 3CE1     		b	.L72
 2297              	.LVL196:
 2298              	.L182:
 774:Drivers/STM32WBxx_HAL_Driver/Src/stm32wbxx_hal_rcc.c **** 
 2299              		.loc 1 774 7 is_stmt 1 view .LVU742
 2300 0486 FFF7FEFF 		bl	HAL_PWR_EnableBkUpAccess
 2301              	.LVL197:
 777:Drivers/STM32WBxx_HAL_Driver/Src/stm32wbxx_hal_rcc.c **** 
 2302              		.loc 1 777 7 view .LVU743
 777:Drivers/STM32WBxx_HAL_Driver/Src/stm32wbxx_hal_rcc.c **** 
 2303              		.loc 1 777 19 is_stmt 0 view .LVU744
 2304 048a FFF7FEFF 		bl	HAL_GetTick
 2305              	.LVL198:
 2306 048e 0546     		mov	r5, r0
 2307              	.LVL199:
 779:Drivers/STM32WBxx_HAL_Driver/Src/stm32wbxx_hal_rcc.c ****       {
 2308              		.loc 1 779 7 is_stmt 1 view .LVU745
 2309              	.L114:
ARM GAS  /var/folders/98/ctz5mtps7w71v8dr53cf5qg40000gn/T//ccdzqVkO.s 			page 153


 779:Drivers/STM32WBxx_HAL_Driver/Src/stm32wbxx_hal_rcc.c ****       {
 2310              		.loc 1 779 14 view .LVU746
 2311 0490 9E4B     		ldr	r3, .L195
 2312 0492 1B68     		ldr	r3, [r3]
 2313 0494 13F4807F 		tst	r3, #256
 2314 0498 CDD1     		bne	.L113
 781:Drivers/STM32WBxx_HAL_Driver/Src/stm32wbxx_hal_rcc.c ****         {
 2315              		.loc 1 781 9 view .LVU747
 781:Drivers/STM32WBxx_HAL_Driver/Src/stm32wbxx_hal_rcc.c ****         {
 2316              		.loc 1 781 14 is_stmt 0 view .LVU748
 2317 049a FFF7FEFF 		bl	HAL_GetTick
 2318              	.LVL200:
 781:Drivers/STM32WBxx_HAL_Driver/Src/stm32wbxx_hal_rcc.c ****         {
 2319              		.loc 1 781 28 discriminator 1 view .LVU749
 2320 049e 401B     		subs	r0, r0, r5
 781:Drivers/STM32WBxx_HAL_Driver/Src/stm32wbxx_hal_rcc.c ****         {
 2321              		.loc 1 781 12 discriminator 1 view .LVU750
 2322 04a0 0228     		cmp	r0, #2
 2323 04a2 F5D9     		bls	.L114
 783:Drivers/STM32WBxx_HAL_Driver/Src/stm32wbxx_hal_rcc.c ****         }
 2324              		.loc 1 783 18 view .LVU751
 2325 04a4 0320     		movs	r0, #3
 2326 04a6 2BE1     		b	.L72
 2327              	.LVL201:
 2328              	.L183:
 789:Drivers/STM32WBxx_HAL_Driver/Src/stm32wbxx_hal_rcc.c **** 
 2329              		.loc 1 789 5 is_stmt 1 discriminator 1 view .LVU752
 2330              	.LBB373:
 2331              	.LBI373:
1623:Drivers/STM32WBxx_HAL_Driver/Inc/stm32wbxx_ll_rcc.h **** {
 2332              		.loc 2 1623 22 view .LVU753
 2333              	.LBB374:
1625:Drivers/STM32WBxx_HAL_Driver/Inc/stm32wbxx_ll_rcc.h **** }
 2334              		.loc 2 1625 3 view .LVU754
 2335 04a8 4FF0B042 		mov	r2, #1476395008
 2336 04ac D2F89030 		ldr	r3, [r2, #144]
 2337 04b0 43F00103 		orr	r3, r3, #1
 2338 04b4 C2F89030 		str	r3, [r2, #144]
1626:Drivers/STM32WBxx_HAL_Driver/Inc/stm32wbxx_ll_rcc.h **** 
 2339              		.loc 2 1626 1 is_stmt 0 view .LVU755
 2340 04b8 D0E7     		b	.L117
 2341              	.L184:
 2342              	.LBE374:
 2343              	.LBE373:
 789:Drivers/STM32WBxx_HAL_Driver/Src/stm32wbxx_hal_rcc.c **** 
 2344              		.loc 1 789 5 is_stmt 1 discriminator 4 view .LVU756
 2345              	.LBB375:
 2346              	.LBI375:
1653:Drivers/STM32WBxx_HAL_Driver/Inc/stm32wbxx_ll_rcc.h **** {
 2347              		.loc 2 1653 22 view .LVU757
 2348              	.LBB376:
1655:Drivers/STM32WBxx_HAL_Driver/Inc/stm32wbxx_ll_rcc.h **** }
 2349              		.loc 2 1655 3 view .LVU758
 2350 04ba 4FF0B043 		mov	r3, #1476395008
 2351 04be D3F89020 		ldr	r2, [r3, #144]
 2352 04c2 42F00402 		orr	r2, r2, #4
 2353 04c6 C3F89020 		str	r2, [r3, #144]
ARM GAS  /var/folders/98/ctz5mtps7w71v8dr53cf5qg40000gn/T//ccdzqVkO.s 			page 154


 2354              	.LBE376:
 2355              	.LBE375:
 789:Drivers/STM32WBxx_HAL_Driver/Src/stm32wbxx_hal_rcc.c **** 
 2356              		.loc 1 789 5 discriminator 1 view .LVU759
 2357              	.LBB377:
 2358              	.LBI377:
1623:Drivers/STM32WBxx_HAL_Driver/Inc/stm32wbxx_ll_rcc.h **** {
 2359              		.loc 2 1623 22 view .LVU760
 2360              	.LBB378:
1625:Drivers/STM32WBxx_HAL_Driver/Inc/stm32wbxx_ll_rcc.h **** }
 2361              		.loc 2 1625 3 view .LVU761
 2362 04ca D3F89020 		ldr	r2, [r3, #144]
 2363 04ce 42F00102 		orr	r2, r2, #1
 2364 04d2 C3F89020 		str	r2, [r3, #144]
1626:Drivers/STM32WBxx_HAL_Driver/Inc/stm32wbxx_ll_rcc.h **** 
 2365              		.loc 2 1626 1 is_stmt 0 view .LVU762
 2366 04d6 C1E7     		b	.L117
 2367              	.L119:
1626:Drivers/STM32WBxx_HAL_Driver/Inc/stm32wbxx_ll_rcc.h **** 
 2368              		.loc 2 1626 1 view .LVU763
 2369              	.LBE378:
 2370              	.LBE377:
 809:Drivers/STM32WBxx_HAL_Driver/Src/stm32wbxx_hal_rcc.c **** 
 2371              		.loc 1 809 7 is_stmt 1 view .LVU764
 809:Drivers/STM32WBxx_HAL_Driver/Src/stm32wbxx_hal_rcc.c **** 
 2372              		.loc 1 809 19 is_stmt 0 view .LVU765
 2373 04d8 FFF7FEFF 		bl	HAL_GetTick
 2374              	.LVL202:
 2375 04dc 0546     		mov	r5, r0
 2376              	.LVL203:
 812:Drivers/STM32WBxx_HAL_Driver/Src/stm32wbxx_hal_rcc.c ****       {
 2377              		.loc 1 812 7 is_stmt 1 view .LVU766
 2378              	.L121:
 812:Drivers/STM32WBxx_HAL_Driver/Src/stm32wbxx_hal_rcc.c ****       {
 2379              		.loc 1 812 35 view .LVU767
 2380              	.LBB379:
 2381              	.LBI379:
1725:Drivers/STM32WBxx_HAL_Driver/Inc/stm32wbxx_ll_rcc.h **** {
 2382              		.loc 2 1725 26 view .LVU768
 2383              	.LBB380:
1727:Drivers/STM32WBxx_HAL_Driver/Inc/stm32wbxx_ll_rcc.h **** }
 2384              		.loc 2 1727 3 view .LVU769
1727:Drivers/STM32WBxx_HAL_Driver/Inc/stm32wbxx_ll_rcc.h **** }
 2385              		.loc 2 1727 12 is_stmt 0 view .LVU770
 2386 04de 4FF0B043 		mov	r3, #1476395008
 2387 04e2 D3F89030 		ldr	r3, [r3, #144]
1727:Drivers/STM32WBxx_HAL_Driver/Inc/stm32wbxx_ll_rcc.h **** }
 2388              		.loc 2 1727 77 view .LVU771
 2389 04e6 13F0020F 		tst	r3, #2
 2390 04ea 08D0     		beq	.L112
 2391              	.LBE380:
 2392              	.LBE379:
 814:Drivers/STM32WBxx_HAL_Driver/Src/stm32wbxx_hal_rcc.c ****         {
 2393              		.loc 1 814 9 is_stmt 1 view .LVU772
 814:Drivers/STM32WBxx_HAL_Driver/Src/stm32wbxx_hal_rcc.c ****         {
 2394              		.loc 1 814 14 is_stmt 0 view .LVU773
 2395 04ec FFF7FEFF 		bl	HAL_GetTick
ARM GAS  /var/folders/98/ctz5mtps7w71v8dr53cf5qg40000gn/T//ccdzqVkO.s 			page 155


 2396              	.LVL204:
 814:Drivers/STM32WBxx_HAL_Driver/Src/stm32wbxx_hal_rcc.c ****         {
 2397              		.loc 1 814 28 discriminator 1 view .LVU774
 2398 04f0 401B     		subs	r0, r0, r5
 814:Drivers/STM32WBxx_HAL_Driver/Src/stm32wbxx_hal_rcc.c ****         {
 2399              		.loc 1 814 12 discriminator 1 view .LVU775
 2400 04f2 41F28833 		movw	r3, #5000
 2401 04f6 9842     		cmp	r0, r3
 2402 04f8 F1D9     		bls	.L121
 816:Drivers/STM32WBxx_HAL_Driver/Src/stm32wbxx_hal_rcc.c ****         }
 2403              		.loc 1 816 18 view .LVU776
 2404 04fa 0320     		movs	r0, #3
 2405 04fc 00E1     		b	.L72
 2406              	.LVL205:
 2407              	.L112:
 824:Drivers/STM32WBxx_HAL_Driver/Src/stm32wbxx_hal_rcc.c ****   {
 2408              		.loc 1 824 3 is_stmt 1 view .LVU777
 824:Drivers/STM32WBxx_HAL_Driver/Src/stm32wbxx_hal_rcc.c ****   {
 2409              		.loc 1 824 26 is_stmt 0 view .LVU778
 2410 04fe 2368     		ldr	r3, [r4]
 824:Drivers/STM32WBxx_HAL_Driver/Src/stm32wbxx_hal_rcc.c ****   {
 2411              		.loc 1 824 6 view .LVU779
 2412 0500 13F0400F 		tst	r3, #64
 2413 0504 33D0     		beq	.L122
 827:Drivers/STM32WBxx_HAL_Driver/Src/stm32wbxx_hal_rcc.c **** 
 2414              		.loc 1 827 5 is_stmt 1 view .LVU780
 830:Drivers/STM32WBxx_HAL_Driver/Src/stm32wbxx_hal_rcc.c ****     {
 2415              		.loc 1 830 5 view .LVU781
 830:Drivers/STM32WBxx_HAL_Driver/Src/stm32wbxx_hal_rcc.c ****     {
 2416              		.loc 1 830 26 is_stmt 0 view .LVU782
 2417 0506 A36A     		ldr	r3, [r4, #40]
 830:Drivers/STM32WBxx_HAL_Driver/Src/stm32wbxx_hal_rcc.c ****     {
 2418              		.loc 1 830 8 view .LVU783
 2419 0508 C3B1     		cbz	r3, .L123
 833:Drivers/STM32WBxx_HAL_Driver/Src/stm32wbxx_hal_rcc.c **** 
 2420              		.loc 1 833 7 is_stmt 1 view .LVU784
 2421              	.LBB381:
 2422              	.LBI381:
1574:Drivers/STM32WBxx_HAL_Driver/Inc/stm32wbxx_ll_rcc.h **** {
 2423              		.loc 2 1574 22 view .LVU785
 2424              	.LBB382:
1576:Drivers/STM32WBxx_HAL_Driver/Inc/stm32wbxx_ll_rcc.h **** }
 2425              		.loc 2 1576 3 view .LVU786
 2426 050a 4FF0B042 		mov	r2, #1476395008
 2427 050e D2F89830 		ldr	r3, [r2, #152]
 2428 0512 43F00103 		orr	r3, r3, #1
 2429 0516 C2F89830 		str	r3, [r2, #152]
 2430              	.LBE382:
 2431              	.LBE381:
 836:Drivers/STM32WBxx_HAL_Driver/Src/stm32wbxx_hal_rcc.c **** 
 2432              		.loc 1 836 7 view .LVU787
 836:Drivers/STM32WBxx_HAL_Driver/Src/stm32wbxx_hal_rcc.c **** 
 2433              		.loc 1 836 19 is_stmt 0 view .LVU788
 2434 051a FFF7FEFF 		bl	HAL_GetTick
 2435              	.LVL206:
 2436 051e 0546     		mov	r5, r0
 2437              	.LVL207:
ARM GAS  /var/folders/98/ctz5mtps7w71v8dr53cf5qg40000gn/T//ccdzqVkO.s 			page 156


 839:Drivers/STM32WBxx_HAL_Driver/Src/stm32wbxx_hal_rcc.c ****       {
 2438              		.loc 1 839 7 is_stmt 1 view .LVU789
 2439              	.L124:
 839:Drivers/STM32WBxx_HAL_Driver/Src/stm32wbxx_hal_rcc.c ****       {
 2440              		.loc 1 839 37 view .LVU790
 2441              	.LBB383:
 2442              	.LBI383:
1594:Drivers/STM32WBxx_HAL_Driver/Inc/stm32wbxx_ll_rcc.h **** {
 2443              		.loc 2 1594 26 view .LVU791
 2444              	.LBB384:
1596:Drivers/STM32WBxx_HAL_Driver/Inc/stm32wbxx_ll_rcc.h **** }
 2445              		.loc 2 1596 3 view .LVU792
1596:Drivers/STM32WBxx_HAL_Driver/Inc/stm32wbxx_ll_rcc.h **** }
 2446              		.loc 2 1596 12 is_stmt 0 view .LVU793
 2447 0520 4FF0B043 		mov	r3, #1476395008
 2448 0524 D3F89830 		ldr	r3, [r3, #152]
1596:Drivers/STM32WBxx_HAL_Driver/Inc/stm32wbxx_ll_rcc.h **** }
 2449              		.loc 2 1596 84 view .LVU794
 2450 0528 13F0020F 		tst	r3, #2
 2451 052c 1FD1     		bne	.L122
 2452              	.LBE384:
 2453              	.LBE383:
 841:Drivers/STM32WBxx_HAL_Driver/Src/stm32wbxx_hal_rcc.c ****         {
 2454              		.loc 1 841 9 is_stmt 1 view .LVU795
 841:Drivers/STM32WBxx_HAL_Driver/Src/stm32wbxx_hal_rcc.c ****         {
 2455              		.loc 1 841 14 is_stmt 0 view .LVU796
 2456 052e FFF7FEFF 		bl	HAL_GetTick
 2457              	.LVL208:
 841:Drivers/STM32WBxx_HAL_Driver/Src/stm32wbxx_hal_rcc.c ****         {
 2458              		.loc 1 841 28 discriminator 1 view .LVU797
 2459 0532 401B     		subs	r0, r0, r5
 841:Drivers/STM32WBxx_HAL_Driver/Src/stm32wbxx_hal_rcc.c ****         {
 2460              		.loc 1 841 12 discriminator 1 view .LVU798
 2461 0534 0228     		cmp	r0, #2
 2462 0536 F3D9     		bls	.L124
 843:Drivers/STM32WBxx_HAL_Driver/Src/stm32wbxx_hal_rcc.c ****         }
 2463              		.loc 1 843 18 view .LVU799
 2464 0538 0320     		movs	r0, #3
 2465 053a E1E0     		b	.L72
 2466              	.LVL209:
 2467              	.L123:
 850:Drivers/STM32WBxx_HAL_Driver/Src/stm32wbxx_hal_rcc.c **** 
 2468              		.loc 1 850 7 is_stmt 1 view .LVU800
 2469              	.LBB385:
 2470              	.LBI385:
1584:Drivers/STM32WBxx_HAL_Driver/Inc/stm32wbxx_ll_rcc.h **** {
 2471              		.loc 2 1584 22 view .LVU801
 2472              	.LBB386:
1586:Drivers/STM32WBxx_HAL_Driver/Inc/stm32wbxx_ll_rcc.h **** }
 2473              		.loc 2 1586 3 view .LVU802
 2474 053c 4FF0B042 		mov	r2, #1476395008
 2475 0540 D2F89830 		ldr	r3, [r2, #152]
 2476 0544 23F00103 		bic	r3, r3, #1
 2477 0548 C2F89830 		str	r3, [r2, #152]
 2478              	.LBE386:
 2479              	.LBE385:
 853:Drivers/STM32WBxx_HAL_Driver/Src/stm32wbxx_hal_rcc.c **** 
ARM GAS  /var/folders/98/ctz5mtps7w71v8dr53cf5qg40000gn/T//ccdzqVkO.s 			page 157


 2480              		.loc 1 853 7 view .LVU803
 853:Drivers/STM32WBxx_HAL_Driver/Src/stm32wbxx_hal_rcc.c **** 
 2481              		.loc 1 853 19 is_stmt 0 view .LVU804
 2482 054c FFF7FEFF 		bl	HAL_GetTick
 2483              	.LVL210:
 2484 0550 0546     		mov	r5, r0
 2485              	.LVL211:
 856:Drivers/STM32WBxx_HAL_Driver/Src/stm32wbxx_hal_rcc.c ****       {
 2486              		.loc 1 856 7 is_stmt 1 view .LVU805
 2487              	.L125:
 856:Drivers/STM32WBxx_HAL_Driver/Src/stm32wbxx_hal_rcc.c ****       {
 2488              		.loc 1 856 37 view .LVU806
 2489              	.LBB387:
 2490              	.LBI387:
1594:Drivers/STM32WBxx_HAL_Driver/Inc/stm32wbxx_ll_rcc.h **** {
 2491              		.loc 2 1594 26 view .LVU807
 2492              	.LBB388:
1596:Drivers/STM32WBxx_HAL_Driver/Inc/stm32wbxx_ll_rcc.h **** }
 2493              		.loc 2 1596 3 view .LVU808
1596:Drivers/STM32WBxx_HAL_Driver/Inc/stm32wbxx_ll_rcc.h **** }
 2494              		.loc 2 1596 12 is_stmt 0 view .LVU809
 2495 0552 4FF0B043 		mov	r3, #1476395008
 2496 0556 D3F89830 		ldr	r3, [r3, #152]
1596:Drivers/STM32WBxx_HAL_Driver/Inc/stm32wbxx_ll_rcc.h **** }
 2497              		.loc 2 1596 84 view .LVU810
 2498 055a 13F0020F 		tst	r3, #2
 2499 055e 06D0     		beq	.L122
 2500              	.LBE388:
 2501              	.LBE387:
 858:Drivers/STM32WBxx_HAL_Driver/Src/stm32wbxx_hal_rcc.c ****         {
 2502              		.loc 1 858 9 is_stmt 1 view .LVU811
 858:Drivers/STM32WBxx_HAL_Driver/Src/stm32wbxx_hal_rcc.c ****         {
 2503              		.loc 1 858 14 is_stmt 0 view .LVU812
 2504 0560 FFF7FEFF 		bl	HAL_GetTick
 2505              	.LVL212:
 858:Drivers/STM32WBxx_HAL_Driver/Src/stm32wbxx_hal_rcc.c ****         {
 2506              		.loc 1 858 28 discriminator 1 view .LVU813
 2507 0564 401B     		subs	r0, r0, r5
 858:Drivers/STM32WBxx_HAL_Driver/Src/stm32wbxx_hal_rcc.c ****         {
 2508              		.loc 1 858 12 discriminator 1 view .LVU814
 2509 0566 0228     		cmp	r0, #2
 2510 0568 F3D9     		bls	.L125
 860:Drivers/STM32WBxx_HAL_Driver/Src/stm32wbxx_hal_rcc.c ****         }
 2511              		.loc 1 860 18 view .LVU815
 2512 056a 0320     		movs	r0, #3
 2513 056c C8E0     		b	.L72
 2514              	.LVL213:
 2515              	.L122:
 868:Drivers/STM32WBxx_HAL_Driver/Src/stm32wbxx_hal_rcc.c **** 
 2516              		.loc 1 868 3 is_stmt 1 view .LVU816
 870:Drivers/STM32WBxx_HAL_Driver/Src/stm32wbxx_hal_rcc.c ****   {
 2517              		.loc 1 870 3 view .LVU817
 870:Drivers/STM32WBxx_HAL_Driver/Src/stm32wbxx_hal_rcc.c ****   {
 2518              		.loc 1 870 29 is_stmt 0 view .LVU818
 2519 056e E36A     		ldr	r3, [r4, #44]
 870:Drivers/STM32WBxx_HAL_Driver/Src/stm32wbxx_hal_rcc.c ****   {
 2520              		.loc 1 870 6 view .LVU819
ARM GAS  /var/folders/98/ctz5mtps7w71v8dr53cf5qg40000gn/T//ccdzqVkO.s 			page 158


 2521 0570 002B     		cmp	r3, #0
 2522 0572 00F0C480 		beq	.L163
 2523              	.LBB389:
 872:Drivers/STM32WBxx_HAL_Driver/Src/stm32wbxx_hal_rcc.c ****     const uint32_t temp_pllconfig = RCC->PLLCFGR;
 2524              		.loc 1 872 5 is_stmt 1 view .LVU820
 2525              	.LBB390:
 2526              	.LBI390:
2072:Drivers/STM32WBxx_HAL_Driver/Inc/stm32wbxx_ll_rcc.h **** {
 2527              		.loc 2 2072 26 view .LVU821
 2528              	.LBB391:
2074:Drivers/STM32WBxx_HAL_Driver/Inc/stm32wbxx_ll_rcc.h **** }
 2529              		.loc 2 2074 3 view .LVU822
2074:Drivers/STM32WBxx_HAL_Driver/Inc/stm32wbxx_ll_rcc.h **** }
 2530              		.loc 2 2074 21 is_stmt 0 view .LVU823
 2531 0576 4FF0B042 		mov	r2, #1476395008
 2532 057a 9168     		ldr	r1, [r2, #8]
2074:Drivers/STM32WBxx_HAL_Driver/Inc/stm32wbxx_ll_rcc.h **** }
 2533              		.loc 2 2074 10 view .LVU824
 2534 057c 01F00C01 		and	r1, r1, #12
 2535              	.LVL214:
2074:Drivers/STM32WBxx_HAL_Driver/Inc/stm32wbxx_ll_rcc.h **** }
 2536              		.loc 2 2074 10 view .LVU825
 2537              	.LBE391:
 2538              	.LBE390:
 873:Drivers/STM32WBxx_HAL_Driver/Src/stm32wbxx_hal_rcc.c **** 
 2539              		.loc 1 873 5 is_stmt 1 view .LVU826
 873:Drivers/STM32WBxx_HAL_Driver/Src/stm32wbxx_hal_rcc.c **** 
 2540              		.loc 1 873 20 is_stmt 0 view .LVU827
 2541 0580 D268     		ldr	r2, [r2, #12]
 2542              	.LVL215:
 876:Drivers/STM32WBxx_HAL_Driver/Src/stm32wbxx_hal_rcc.c ****     {
 2543              		.loc 1 876 5 is_stmt 1 view .LVU828
 876:Drivers/STM32WBxx_HAL_Driver/Src/stm32wbxx_hal_rcc.c ****     {
 2544              		.loc 1 876 8 is_stmt 0 view .LVU829
 2545 0582 022B     		cmp	r3, #2
 2546 0584 19D0     		beq	.L185
 985:Drivers/STM32WBxx_HAL_Driver/Src/stm32wbxx_hal_rcc.c ****       {
 2547              		.loc 1 985 7 is_stmt 1 view .LVU830
 985:Drivers/STM32WBxx_HAL_Driver/Src/stm32wbxx_hal_rcc.c ****       {
 2548              		.loc 1 985 10 is_stmt 0 view .LVU831
 2549 0586 0C29     		cmp	r1, #12
 2550 0588 00F0BD80 		beq	.L170
 988:Drivers/STM32WBxx_HAL_Driver/Src/stm32wbxx_hal_rcc.c **** 
 2551              		.loc 1 988 9 is_stmt 1 view .LVU832
 2552              	.LBB392:
 2553              	.LBI392:
2953:Drivers/STM32WBxx_HAL_Driver/Inc/stm32wbxx_ll_rcc.h **** {
 2554              		.loc 2 2953 22 view .LVU833
 2555              	.LBB393:
2955:Drivers/STM32WBxx_HAL_Driver/Inc/stm32wbxx_ll_rcc.h **** }
 2556              		.loc 2 2955 3 view .LVU834
 2557 058c 4FF0B042 		mov	r2, #1476395008
 2558              	.LVL216:
2955:Drivers/STM32WBxx_HAL_Driver/Inc/stm32wbxx_ll_rcc.h **** }
 2559              		.loc 2 2955 3 is_stmt 0 view .LVU835
 2560 0590 1368     		ldr	r3, [r2]
 2561 0592 23F08073 		bic	r3, r3, #16777216
ARM GAS  /var/folders/98/ctz5mtps7w71v8dr53cf5qg40000gn/T//ccdzqVkO.s 			page 159


 2562 0596 1360     		str	r3, [r2]
 2563              	.LBE393:
 2564              	.LBE392:
 991:Drivers/STM32WBxx_HAL_Driver/Src/stm32wbxx_hal_rcc.c **** 
 2565              		.loc 1 991 9 is_stmt 1 view .LVU836
 991:Drivers/STM32WBxx_HAL_Driver/Src/stm32wbxx_hal_rcc.c **** 
 2566              		.loc 1 991 21 is_stmt 0 view .LVU837
 2567 0598 FFF7FEFF 		bl	HAL_GetTick
 2568              	.LVL217:
 991:Drivers/STM32WBxx_HAL_Driver/Src/stm32wbxx_hal_rcc.c **** 
 2569              		.loc 1 991 21 view .LVU838
 2570 059c 0446     		mov	r4, r0
 2571              	.LVL218:
 994:Drivers/STM32WBxx_HAL_Driver/Src/stm32wbxx_hal_rcc.c ****         {
 2572              		.loc 1 994 9 is_stmt 1 view .LVU839
 2573              	.L135:
 994:Drivers/STM32WBxx_HAL_Driver/Src/stm32wbxx_hal_rcc.c ****         {
 2574              		.loc 1 994 49 view .LVU840
 994:Drivers/STM32WBxx_HAL_Driver/Src/stm32wbxx_hal_rcc.c ****         {
 2575              		.loc 1 994 16 is_stmt 0 view .LVU841
 2576 059e 4FF0B043 		mov	r3, #1476395008
 2577 05a2 1B68     		ldr	r3, [r3]
 994:Drivers/STM32WBxx_HAL_Driver/Src/stm32wbxx_hal_rcc.c ****         {
 2578              		.loc 1 994 49 view .LVU842
 2579 05a4 13F0007F 		tst	r3, #33554432
 2580 05a8 00F09780 		beq	.L186
 996:Drivers/STM32WBxx_HAL_Driver/Src/stm32wbxx_hal_rcc.c ****           {
 2581              		.loc 1 996 11 is_stmt 1 view .LVU843
 996:Drivers/STM32WBxx_HAL_Driver/Src/stm32wbxx_hal_rcc.c ****           {
 2582              		.loc 1 996 16 is_stmt 0 view .LVU844
 2583 05ac FFF7FEFF 		bl	HAL_GetTick
 2584              	.LVL219:
 996:Drivers/STM32WBxx_HAL_Driver/Src/stm32wbxx_hal_rcc.c ****           {
 2585              		.loc 1 996 30 discriminator 1 view .LVU845
 2586 05b0 001B     		subs	r0, r0, r4
 996:Drivers/STM32WBxx_HAL_Driver/Src/stm32wbxx_hal_rcc.c ****           {
 2587              		.loc 1 996 14 discriminator 1 view .LVU846
 2588 05b2 0228     		cmp	r0, #2
 2589 05b4 F3D9     		bls	.L135
 998:Drivers/STM32WBxx_HAL_Driver/Src/stm32wbxx_hal_rcc.c ****           }
 2590              		.loc 1 998 20 view .LVU847
 2591 05b6 0320     		movs	r0, #3
 2592 05b8 A2E0     		b	.L72
 2593              	.LVL220:
 2594              	.L185:
 879:Drivers/STM32WBxx_HAL_Driver/Src/stm32wbxx_hal_rcc.c ****       assert_param(IS_RCC_PLLM_VALUE(RCC_OscInitStruct->PLL.PLLM));
 2595              		.loc 1 879 7 is_stmt 1 view .LVU848
 880:Drivers/STM32WBxx_HAL_Driver/Src/stm32wbxx_hal_rcc.c ****       assert_param(IS_RCC_PLLN_VALUE(RCC_OscInitStruct->PLL.PLLN));
 2596              		.loc 1 880 7 view .LVU849
 881:Drivers/STM32WBxx_HAL_Driver/Src/stm32wbxx_hal_rcc.c ****       assert_param(IS_RCC_PLLP_VALUE(RCC_OscInitStruct->PLL.PLLP));
 2597              		.loc 1 881 7 view .LVU850
 882:Drivers/STM32WBxx_HAL_Driver/Src/stm32wbxx_hal_rcc.c ****       assert_param(IS_RCC_PLLQ_VALUE(RCC_OscInitStruct->PLL.PLLQ));
 2598              		.loc 1 882 7 view .LVU851
 883:Drivers/STM32WBxx_HAL_Driver/Src/stm32wbxx_hal_rcc.c ****       assert_param(IS_RCC_PLLR_VALUE(RCC_OscInitStruct->PLL.PLLR));
 2599              		.loc 1 883 7 view .LVU852
 884:Drivers/STM32WBxx_HAL_Driver/Src/stm32wbxx_hal_rcc.c **** 
 2600              		.loc 1 884 7 view .LVU853
ARM GAS  /var/folders/98/ctz5mtps7w71v8dr53cf5qg40000gn/T//ccdzqVkO.s 			page 160


 887:Drivers/STM32WBxx_HAL_Driver/Src/stm32wbxx_hal_rcc.c ****           (READ_BIT(temp_pllconfig, RCC_PLLCFGR_PLLM) != RCC_OscInitStruct->PLL.PLLM) ||
 2601              		.loc 1 887 7 view .LVU854
 887:Drivers/STM32WBxx_HAL_Driver/Src/stm32wbxx_hal_rcc.c ****           (READ_BIT(temp_pllconfig, RCC_PLLCFGR_PLLM) != RCC_OscInitStruct->PLL.PLLM) ||
 2602              		.loc 1 887 12 is_stmt 0 view .LVU855
 2603 05ba 02F00303 		and	r3, r2, #3
 887:Drivers/STM32WBxx_HAL_Driver/Src/stm32wbxx_hal_rcc.c ****           (READ_BIT(temp_pllconfig, RCC_PLLCFGR_PLLM) != RCC_OscInitStruct->PLL.PLLM) ||
 2604              		.loc 1 887 82 view .LVU856
 2605 05be 206B     		ldr	r0, [r4, #48]
 887:Drivers/STM32WBxx_HAL_Driver/Src/stm32wbxx_hal_rcc.c ****           (READ_BIT(temp_pllconfig, RCC_PLLCFGR_PLLM) != RCC_OscInitStruct->PLL.PLLM) ||
 2606              		.loc 1 887 10 view .LVU857
 2607 05c0 8342     		cmp	r3, r0
 2608 05c2 0AD0     		beq	.L187
 2609              	.LVL221:
 2610              	.L127:
 895:Drivers/STM32WBxx_HAL_Driver/Src/stm32wbxx_hal_rcc.c ****         {
 2611              		.loc 1 895 9 is_stmt 1 view .LVU858
 895:Drivers/STM32WBxx_HAL_Driver/Src/stm32wbxx_hal_rcc.c ****         {
 2612              		.loc 1 895 12 is_stmt 0 view .LVU859
 2613 05c4 0C29     		cmp	r1, #12
 2614 05c6 00F09C80 		beq	.L164
 900:Drivers/STM32WBxx_HAL_Driver/Src/stm32wbxx_hal_rcc.c **** 
 2615              		.loc 1 900 11 is_stmt 1 view .LVU860
 900:Drivers/STM32WBxx_HAL_Driver/Src/stm32wbxx_hal_rcc.c **** 
 2616              		.loc 1 900 15 is_stmt 0 view .LVU861
 2617 05ca 4FF0B043 		mov	r3, #1476395008
 2618 05ce 1B68     		ldr	r3, [r3]
 900:Drivers/STM32WBxx_HAL_Driver/Src/stm32wbxx_hal_rcc.c **** 
 2619              		.loc 1 900 14 view .LVU862
 2620 05d0 13F0806F 		tst	r3, #67108864
 2621 05d4 22D0     		beq	.L188
 903:Drivers/STM32WBxx_HAL_Driver/Src/stm32wbxx_hal_rcc.c ****           }
 2622              		.loc 1 903 20 view .LVU863
 2623 05d6 0120     		movs	r0, #1
 2624 05d8 92E0     		b	.L72
 2625              	.LVL222:
 2626              	.L187:
 888:Drivers/STM32WBxx_HAL_Driver/Src/stm32wbxx_hal_rcc.c ****           ((READ_BIT(temp_pllconfig, RCC_PLLCFGR_PLLN) >> RCC_PLLCFGR_PLLN_Pos) != RCC_OscInitStruc
 2627              		.loc 1 888 12 view .LVU864
 2628 05da 02F07003 		and	r3, r2, #112
 888:Drivers/STM32WBxx_HAL_Driver/Src/stm32wbxx_hal_rcc.c ****           ((READ_BIT(temp_pllconfig, RCC_PLLCFGR_PLLN) >> RCC_PLLCFGR_PLLN_Pos) != RCC_OscInitStruc
 2629              		.loc 1 888 80 view .LVU865
 2630 05de 606B     		ldr	r0, [r4, #52]
 887:Drivers/STM32WBxx_HAL_Driver/Src/stm32wbxx_hal_rcc.c ****           (READ_BIT(temp_pllconfig, RCC_PLLCFGR_PLLM) != RCC_OscInitStruct->PLL.PLLM) ||
 2631              		.loc 1 887 94 discriminator 1 view .LVU866
 2632 05e0 8342     		cmp	r3, r0
 2633 05e2 EFD1     		bne	.L127
 889:Drivers/STM32WBxx_HAL_Driver/Src/stm32wbxx_hal_rcc.c ****           (READ_BIT(temp_pllconfig, RCC_PLLCFGR_PLLP) != RCC_OscInitStruct->PLL.PLLP) ||
 2634              		.loc 1 889 56 view .LVU867
 2635 05e4 C2F30623 		ubfx	r3, r2, #8, #7
 889:Drivers/STM32WBxx_HAL_Driver/Src/stm32wbxx_hal_rcc.c ****           (READ_BIT(temp_pllconfig, RCC_PLLCFGR_PLLP) != RCC_OscInitStruct->PLL.PLLP) ||
 2636              		.loc 1 889 106 view .LVU868
 2637 05e8 A06B     		ldr	r0, [r4, #56]
 888:Drivers/STM32WBxx_HAL_Driver/Src/stm32wbxx_hal_rcc.c ****           ((READ_BIT(temp_pllconfig, RCC_PLLCFGR_PLLN) >> RCC_PLLCFGR_PLLN_Pos) != RCC_OscInitStruc
 2638              		.loc 1 888 87 view .LVU869
 2639 05ea 8342     		cmp	r3, r0
 2640 05ec EAD1     		bne	.L127
 890:Drivers/STM32WBxx_HAL_Driver/Src/stm32wbxx_hal_rcc.c ****           (READ_BIT(temp_pllconfig, RCC_PLLCFGR_PLLQ) != RCC_OscInitStruct->PLL.PLLQ) ||
ARM GAS  /var/folders/98/ctz5mtps7w71v8dr53cf5qg40000gn/T//ccdzqVkO.s 			page 161


 2641              		.loc 1 890 12 view .LVU870
 2642 05ee 02F47813 		and	r3, r2, #4063232
 890:Drivers/STM32WBxx_HAL_Driver/Src/stm32wbxx_hal_rcc.c ****           (READ_BIT(temp_pllconfig, RCC_PLLCFGR_PLLQ) != RCC_OscInitStruct->PLL.PLLQ) ||
 2643              		.loc 1 890 80 view .LVU871
 2644 05f2 E06B     		ldr	r0, [r4, #60]
 889:Drivers/STM32WBxx_HAL_Driver/Src/stm32wbxx_hal_rcc.c ****           (READ_BIT(temp_pllconfig, RCC_PLLCFGR_PLLP) != RCC_OscInitStruct->PLL.PLLP) ||
 2645              		.loc 1 889 113 view .LVU872
 2646 05f4 8342     		cmp	r3, r0
 2647 05f6 E5D1     		bne	.L127
 891:Drivers/STM32WBxx_HAL_Driver/Src/stm32wbxx_hal_rcc.c ****           (READ_BIT(temp_pllconfig, RCC_PLLCFGR_PLLR) != RCC_OscInitStruct->PLL.PLLR))
 2648              		.loc 1 891 12 view .LVU873
 2649 05f8 02F06063 		and	r3, r2, #234881024
 891:Drivers/STM32WBxx_HAL_Driver/Src/stm32wbxx_hal_rcc.c ****           (READ_BIT(temp_pllconfig, RCC_PLLCFGR_PLLR) != RCC_OscInitStruct->PLL.PLLR))
 2650              		.loc 1 891 80 view .LVU874
 2651 05fc 206C     		ldr	r0, [r4, #64]
 890:Drivers/STM32WBxx_HAL_Driver/Src/stm32wbxx_hal_rcc.c ****           (READ_BIT(temp_pllconfig, RCC_PLLCFGR_PLLQ) != RCC_OscInitStruct->PLL.PLLQ) ||
 2652              		.loc 1 890 87 view .LVU875
 2653 05fe 8342     		cmp	r3, r0
 2654 0600 E0D1     		bne	.L127
 892:Drivers/STM32WBxx_HAL_Driver/Src/stm32wbxx_hal_rcc.c ****       {
 2655              		.loc 1 892 12 view .LVU876
 2656 0602 02F06042 		and	r2, r2, #-536870912
 2657              	.LVL223:
 892:Drivers/STM32WBxx_HAL_Driver/Src/stm32wbxx_hal_rcc.c ****       {
 2658              		.loc 1 892 80 view .LVU877
 2659 0606 636C     		ldr	r3, [r4, #68]
 891:Drivers/STM32WBxx_HAL_Driver/Src/stm32wbxx_hal_rcc.c ****           (READ_BIT(temp_pllconfig, RCC_PLLCFGR_PLLR) != RCC_OscInitStruct->PLL.PLLR))
 2660              		.loc 1 891 87 view .LVU878
 2661 0608 9A42     		cmp	r2, r3
 2662 060a DBD1     		bne	.L127
 960:Drivers/STM32WBxx_HAL_Driver/Src/stm32wbxx_hal_rcc.c ****         {
 2663              		.loc 1 960 9 is_stmt 1 view .LVU879
 960:Drivers/STM32WBxx_HAL_Driver/Src/stm32wbxx_hal_rcc.c ****         {
 2664              		.loc 1 960 13 is_stmt 0 view .LVU880
 2665 060c 4FF0B043 		mov	r3, #1476395008
 2666 0610 1B68     		ldr	r3, [r3]
 960:Drivers/STM32WBxx_HAL_Driver/Src/stm32wbxx_hal_rcc.c ****         {
 2667              		.loc 1 960 12 view .LVU881
 2668 0612 13F0007F 		tst	r3, #33554432
 2669 0616 44D0     		beq	.L189
 2670              	.LBE389:
1016:Drivers/STM32WBxx_HAL_Driver/Src/stm32wbxx_hal_rcc.c **** }
 2671              		.loc 1 1016 10 view .LVU882
 2672 0618 0020     		movs	r0, #0
 2673 061a 71E0     		b	.L72
 2674              	.L188:
 2675              	.LBB400:
 909:Drivers/STM32WBxx_HAL_Driver/Src/stm32wbxx_hal_rcc.c **** 
 2676              		.loc 1 909 13 is_stmt 1 view .LVU883
 2677              	.LBB394:
 2678              	.LBI394:
2953:Drivers/STM32WBxx_HAL_Driver/Inc/stm32wbxx_ll_rcc.h **** {
 2679              		.loc 2 2953 22 view .LVU884
 2680              	.LBB395:
2955:Drivers/STM32WBxx_HAL_Driver/Inc/stm32wbxx_ll_rcc.h **** }
 2681              		.loc 2 2955 3 view .LVU885
 2682 061c 4FF0B042 		mov	r2, #1476395008
ARM GAS  /var/folders/98/ctz5mtps7w71v8dr53cf5qg40000gn/T//ccdzqVkO.s 			page 162


 2683 0620 1368     		ldr	r3, [r2]
 2684 0622 23F08073 		bic	r3, r3, #16777216
 2685 0626 1360     		str	r3, [r2]
 2686              	.LBE395:
 2687              	.LBE394:
 912:Drivers/STM32WBxx_HAL_Driver/Src/stm32wbxx_hal_rcc.c **** 
 2688              		.loc 1 912 13 view .LVU886
 912:Drivers/STM32WBxx_HAL_Driver/Src/stm32wbxx_hal_rcc.c **** 
 2689              		.loc 1 912 25 is_stmt 0 view .LVU887
 2690 0628 FFF7FEFF 		bl	HAL_GetTick
 2691              	.LVL224:
 912:Drivers/STM32WBxx_HAL_Driver/Src/stm32wbxx_hal_rcc.c **** 
 2692              		.loc 1 912 25 view .LVU888
 2693 062c 0546     		mov	r5, r0
 2694              	.LVL225:
 915:Drivers/STM32WBxx_HAL_Driver/Src/stm32wbxx_hal_rcc.c ****             {
 2695              		.loc 1 915 13 is_stmt 1 view .LVU889
 2696              	.L129:
 915:Drivers/STM32WBxx_HAL_Driver/Src/stm32wbxx_hal_rcc.c ****             {
 2697              		.loc 1 915 53 view .LVU890
 915:Drivers/STM32WBxx_HAL_Driver/Src/stm32wbxx_hal_rcc.c ****             {
 2698              		.loc 1 915 20 is_stmt 0 view .LVU891
 2699 062e 4FF0B043 		mov	r3, #1476395008
 2700 0632 1B68     		ldr	r3, [r3]
 915:Drivers/STM32WBxx_HAL_Driver/Src/stm32wbxx_hal_rcc.c ****             {
 2701              		.loc 1 915 53 view .LVU892
 2702 0634 13F0007F 		tst	r3, #33554432
 2703 0638 06D0     		beq	.L190
 917:Drivers/STM32WBxx_HAL_Driver/Src/stm32wbxx_hal_rcc.c ****               {
 2704              		.loc 1 917 15 is_stmt 1 view .LVU893
 917:Drivers/STM32WBxx_HAL_Driver/Src/stm32wbxx_hal_rcc.c ****               {
 2705              		.loc 1 917 20 is_stmt 0 view .LVU894
 2706 063a FFF7FEFF 		bl	HAL_GetTick
 2707              	.LVL226:
 917:Drivers/STM32WBxx_HAL_Driver/Src/stm32wbxx_hal_rcc.c ****               {
 2708              		.loc 1 917 34 discriminator 1 view .LVU895
 2709 063e 401B     		subs	r0, r0, r5
 917:Drivers/STM32WBxx_HAL_Driver/Src/stm32wbxx_hal_rcc.c ****               {
 2710              		.loc 1 917 18 discriminator 1 view .LVU896
 2711 0640 0228     		cmp	r0, #2
 2712 0642 F4D9     		bls	.L129
 919:Drivers/STM32WBxx_HAL_Driver/Src/stm32wbxx_hal_rcc.c ****               }
 2713              		.loc 1 919 24 view .LVU897
 2714 0644 0320     		movs	r0, #3
 2715 0646 5BE0     		b	.L72
 2716              	.L190:
 924:Drivers/STM32WBxx_HAL_Driver/Src/stm32wbxx_hal_rcc.c ****                                  RCC_OscInitStruct->PLL.PLLM,
 2717              		.loc 1 924 13 is_stmt 1 view .LVU898
 2718 0648 4FF0B042 		mov	r2, #1476395008
 2719 064c D368     		ldr	r3, [r2, #12]
 2720 064e 3049     		ldr	r1, .L195+4
 2721 0650 1940     		ands	r1, r1, r3
 2722 0652 236B     		ldr	r3, [r4, #48]
 2723 0654 606B     		ldr	r0, [r4, #52]
 2724 0656 0343     		orrs	r3, r3, r0
 2725 0658 A06B     		ldr	r0, [r4, #56]
 2726 065a 43EA0023 		orr	r3, r3, r0, lsl #8
ARM GAS  /var/folders/98/ctz5mtps7w71v8dr53cf5qg40000gn/T//ccdzqVkO.s 			page 163


 2727 065e E06B     		ldr	r0, [r4, #60]
 2728 0660 0343     		orrs	r3, r3, r0
 2729 0662 206C     		ldr	r0, [r4, #64]
 2730 0664 0343     		orrs	r3, r3, r0
 2731 0666 606C     		ldr	r0, [r4, #68]
 2732 0668 0343     		orrs	r3, r3, r0
 2733 066a 1943     		orrs	r1, r1, r3
 2734 066c D160     		str	r1, [r2, #12]
 932:Drivers/STM32WBxx_HAL_Driver/Src/stm32wbxx_hal_rcc.c **** 
 2735              		.loc 1 932 13 view .LVU899
 2736              	.LBB396:
 2737              	.LBI396:
2942:Drivers/STM32WBxx_HAL_Driver/Inc/stm32wbxx_ll_rcc.h **** {
 2738              		.loc 2 2942 22 view .LVU900
 2739              	.LBB397:
2944:Drivers/STM32WBxx_HAL_Driver/Inc/stm32wbxx_ll_rcc.h **** }
 2740              		.loc 2 2944 3 view .LVU901
 2741 066e 1368     		ldr	r3, [r2]
 2742 0670 43F08073 		orr	r3, r3, #16777216
 2743 0674 1360     		str	r3, [r2]
 2744              	.LBE397:
 2745              	.LBE396:
 935:Drivers/STM32WBxx_HAL_Driver/Src/stm32wbxx_hal_rcc.c **** 
 2746              		.loc 1 935 13 view .LVU902
 2747 0676 D368     		ldr	r3, [r2, #12]
 2748 0678 43F08053 		orr	r3, r3, #268435456
 2749 067c D360     		str	r3, [r2, #12]
 938:Drivers/STM32WBxx_HAL_Driver/Src/stm32wbxx_hal_rcc.c **** 
 2750              		.loc 1 938 13 view .LVU903
 938:Drivers/STM32WBxx_HAL_Driver/Src/stm32wbxx_hal_rcc.c **** 
 2751              		.loc 1 938 25 is_stmt 0 view .LVU904
 2752 067e FFF7FEFF 		bl	HAL_GetTick
 2753              	.LVL227:
 2754 0682 0446     		mov	r4, r0
 2755              	.LVL228:
 941:Drivers/STM32WBxx_HAL_Driver/Src/stm32wbxx_hal_rcc.c ****             {
 2756              		.loc 1 941 13 is_stmt 1 view .LVU905
 2757              	.L131:
 941:Drivers/STM32WBxx_HAL_Driver/Src/stm32wbxx_hal_rcc.c ****             {
 2758              		.loc 1 941 53 view .LVU906
 941:Drivers/STM32WBxx_HAL_Driver/Src/stm32wbxx_hal_rcc.c ****             {
 2759              		.loc 1 941 20 is_stmt 0 view .LVU907
 2760 0684 4FF0B043 		mov	r3, #1476395008
 2761 0688 1B68     		ldr	r3, [r3]
 941:Drivers/STM32WBxx_HAL_Driver/Src/stm32wbxx_hal_rcc.c ****             {
 2762              		.loc 1 941 53 view .LVU908
 2763 068a 13F0007F 		tst	r3, #33554432
 2764 068e 06D1     		bne	.L191
 943:Drivers/STM32WBxx_HAL_Driver/Src/stm32wbxx_hal_rcc.c ****               {
 2765              		.loc 1 943 15 is_stmt 1 view .LVU909
 943:Drivers/STM32WBxx_HAL_Driver/Src/stm32wbxx_hal_rcc.c ****               {
 2766              		.loc 1 943 20 is_stmt 0 view .LVU910
 2767 0690 FFF7FEFF 		bl	HAL_GetTick
 2768              	.LVL229:
 943:Drivers/STM32WBxx_HAL_Driver/Src/stm32wbxx_hal_rcc.c ****               {
 2769              		.loc 1 943 34 discriminator 1 view .LVU911
 2770 0694 001B     		subs	r0, r0, r4
ARM GAS  /var/folders/98/ctz5mtps7w71v8dr53cf5qg40000gn/T//ccdzqVkO.s 			page 164


 943:Drivers/STM32WBxx_HAL_Driver/Src/stm32wbxx_hal_rcc.c ****               {
 2771              		.loc 1 943 18 discriminator 1 view .LVU912
 2772 0696 0228     		cmp	r0, #2
 2773 0698 F4D9     		bls	.L131
 945:Drivers/STM32WBxx_HAL_Driver/Src/stm32wbxx_hal_rcc.c ****               }
 2774              		.loc 1 945 24 view .LVU913
 2775 069a 0320     		movs	r0, #3
 2776 069c 30E0     		b	.L72
 2777              	.L191:
 945:Drivers/STM32WBxx_HAL_Driver/Src/stm32wbxx_hal_rcc.c ****               }
 2778              		.loc 1 945 24 view .LVU914
 2779              	.LBE400:
1016:Drivers/STM32WBxx_HAL_Driver/Src/stm32wbxx_hal_rcc.c **** }
 2780              		.loc 1 1016 10 view .LVU915
 2781 069e 0020     		movs	r0, #0
 2782 06a0 2EE0     		b	.L72
 2783              	.LVL230:
 2784              	.L189:
 2785              	.LBB401:
 963:Drivers/STM32WBxx_HAL_Driver/Src/stm32wbxx_hal_rcc.c **** 
 2786              		.loc 1 963 11 is_stmt 1 view .LVU916
 2787              	.LBB398:
 2788              	.LBI398:
2942:Drivers/STM32WBxx_HAL_Driver/Inc/stm32wbxx_ll_rcc.h **** {
 2789              		.loc 2 2942 22 view .LVU917
 2790              	.LBB399:
2944:Drivers/STM32WBxx_HAL_Driver/Inc/stm32wbxx_ll_rcc.h **** }
 2791              		.loc 2 2944 3 view .LVU918
 2792 06a2 4FF0B043 		mov	r3, #1476395008
 2793 06a6 1A68     		ldr	r2, [r3]
 2794 06a8 42F08072 		orr	r2, r2, #16777216
 2795 06ac 1A60     		str	r2, [r3]
 2796              	.LBE399:
 2797              	.LBE398:
 966:Drivers/STM32WBxx_HAL_Driver/Src/stm32wbxx_hal_rcc.c **** 
 2798              		.loc 1 966 11 view .LVU919
 2799 06ae DA68     		ldr	r2, [r3, #12]
 2800 06b0 42F08052 		orr	r2, r2, #268435456
 2801 06b4 DA60     		str	r2, [r3, #12]
 969:Drivers/STM32WBxx_HAL_Driver/Src/stm32wbxx_hal_rcc.c **** 
 2802              		.loc 1 969 11 view .LVU920
 969:Drivers/STM32WBxx_HAL_Driver/Src/stm32wbxx_hal_rcc.c **** 
 2803              		.loc 1 969 23 is_stmt 0 view .LVU921
 2804 06b6 FFF7FEFF 		bl	HAL_GetTick
 2805              	.LVL231:
 969:Drivers/STM32WBxx_HAL_Driver/Src/stm32wbxx_hal_rcc.c **** 
 2806              		.loc 1 969 23 view .LVU922
 2807 06ba 0446     		mov	r4, r0
 2808              	.LVL232:
 972:Drivers/STM32WBxx_HAL_Driver/Src/stm32wbxx_hal_rcc.c ****           {
 2809              		.loc 1 972 11 is_stmt 1 view .LVU923
 2810              	.L133:
 972:Drivers/STM32WBxx_HAL_Driver/Src/stm32wbxx_hal_rcc.c ****           {
 2811              		.loc 1 972 51 view .LVU924
 972:Drivers/STM32WBxx_HAL_Driver/Src/stm32wbxx_hal_rcc.c ****           {
 2812              		.loc 1 972 18 is_stmt 0 view .LVU925
 2813 06bc 4FF0B043 		mov	r3, #1476395008
ARM GAS  /var/folders/98/ctz5mtps7w71v8dr53cf5qg40000gn/T//ccdzqVkO.s 			page 165


 2814 06c0 1B68     		ldr	r3, [r3]
 972:Drivers/STM32WBxx_HAL_Driver/Src/stm32wbxx_hal_rcc.c ****           {
 2815              		.loc 1 972 51 view .LVU926
 2816 06c2 13F0007F 		tst	r3, #33554432
 2817 06c6 06D1     		bne	.L192
 974:Drivers/STM32WBxx_HAL_Driver/Src/stm32wbxx_hal_rcc.c ****             {
 2818              		.loc 1 974 13 is_stmt 1 view .LVU927
 974:Drivers/STM32WBxx_HAL_Driver/Src/stm32wbxx_hal_rcc.c ****             {
 2819              		.loc 1 974 18 is_stmt 0 view .LVU928
 2820 06c8 FFF7FEFF 		bl	HAL_GetTick
 2821              	.LVL233:
 974:Drivers/STM32WBxx_HAL_Driver/Src/stm32wbxx_hal_rcc.c ****             {
 2822              		.loc 1 974 32 discriminator 1 view .LVU929
 2823 06cc 031B     		subs	r3, r0, r4
 974:Drivers/STM32WBxx_HAL_Driver/Src/stm32wbxx_hal_rcc.c ****             {
 2824              		.loc 1 974 16 discriminator 1 view .LVU930
 2825 06ce 022B     		cmp	r3, #2
 2826 06d0 F4D9     		bls	.L133
 976:Drivers/STM32WBxx_HAL_Driver/Src/stm32wbxx_hal_rcc.c ****             }
 2827              		.loc 1 976 22 view .LVU931
 2828 06d2 0320     		movs	r0, #3
 2829 06d4 14E0     		b	.L72
 2830              	.L192:
 976:Drivers/STM32WBxx_HAL_Driver/Src/stm32wbxx_hal_rcc.c ****             }
 2831              		.loc 1 976 22 view .LVU932
 2832              	.LBE401:
1016:Drivers/STM32WBxx_HAL_Driver/Src/stm32wbxx_hal_rcc.c **** }
 2833              		.loc 1 1016 10 view .LVU933
 2834 06d6 0020     		movs	r0, #0
 2835 06d8 12E0     		b	.L72
 2836              	.L186:
 2837              	.LBB402:
1004:Drivers/STM32WBxx_HAL_Driver/Src/stm32wbxx_hal_rcc.c **** #else
 2838              		.loc 1 1004 9 is_stmt 1 view .LVU934
 2839 06da 4FF0B042 		mov	r2, #1476395008
 2840 06de D168     		ldr	r1, [r2, #12]
 2841 06e0 0C4B     		ldr	r3, .L195+8
 2842 06e2 0B40     		ands	r3, r3, r1
 2843 06e4 D360     		str	r3, [r2, #12]
 2844              	.LBE402:
1016:Drivers/STM32WBxx_HAL_Driver/Src/stm32wbxx_hal_rcc.c **** }
 2845              		.loc 1 1016 10 is_stmt 0 view .LVU935
 2846 06e6 0020     		movs	r0, #0
 2847              	.LBB403:
 2848 06e8 0AE0     		b	.L72
 2849              	.LVL234:
 2850              	.L137:
 2851              	.LCFI11:
 2852              		.cfi_def_cfa_offset 0
 2853              		.cfi_restore 3
 2854              		.cfi_restore 4
 2855              		.cfi_restore 5
 2856              		.cfi_restore 14
1016:Drivers/STM32WBxx_HAL_Driver/Src/stm32wbxx_hal_rcc.c **** }
 2857              		.loc 1 1016 10 view .LVU936
 2858              	.LBE403:
 391:Drivers/STM32WBxx_HAL_Driver/Src/stm32wbxx_hal_rcc.c ****   }
ARM GAS  /var/folders/98/ctz5mtps7w71v8dr53cf5qg40000gn/T//ccdzqVkO.s 			page 166


 2859              		.loc 1 391 12 view .LVU937
 2860 06ea 0120     		movs	r0, #1
 2861              	.LVL235:
1017:Drivers/STM32WBxx_HAL_Driver/Src/stm32wbxx_hal_rcc.c **** 
 2862              		.loc 1 1017 1 view .LVU938
 2863 06ec 7047     		bx	lr
 2864              	.LVL236:
 2865              	.L138:
 2866              	.LCFI12:
 2867              		.cfi_def_cfa_offset 16
 2868              		.cfi_offset 3, -16
 2869              		.cfi_offset 4, -12
 2870              		.cfi_offset 5, -8
 2871              		.cfi_offset 14, -4
 2872              	.LBB404:
 413:Drivers/STM32WBxx_HAL_Driver/Src/stm32wbxx_hal_rcc.c ****       }
 2873              		.loc 1 413 16 view .LVU939
 2874 06ee 0120     		movs	r0, #1
 2875              	.LVL237:
 413:Drivers/STM32WBxx_HAL_Driver/Src/stm32wbxx_hal_rcc.c ****       }
 2876              		.loc 1 413 16 view .LVU940
 2877 06f0 06E0     		b	.L72
 2878              	.LVL238:
 2879              	.L140:
 426:Drivers/STM32WBxx_HAL_Driver/Src/stm32wbxx_hal_rcc.c ****           }
 2880              		.loc 1 426 20 view .LVU941
 2881 06f2 0120     		movs	r0, #1
 2882 06f4 04E0     		b	.L72
 2883              	.LVL239:
 2884              	.L180:
 426:Drivers/STM32WBxx_HAL_Driver/Src/stm32wbxx_hal_rcc.c ****           }
 2885              		.loc 1 426 20 view .LVU942
 2886              	.LBE404:
 2887              	.LBB405:
 518:Drivers/STM32WBxx_HAL_Driver/Src/stm32wbxx_hal_rcc.c ****       }
 2888              		.loc 1 518 16 view .LVU943
 2889 06f6 0120     		movs	r0, #1
 2890 06f8 02E0     		b	.L72
 2891              	.LVL240:
 2892              	.L148:
 518:Drivers/STM32WBxx_HAL_Driver/Src/stm32wbxx_hal_rcc.c ****       }
 2893              		.loc 1 518 16 view .LVU944
 2894              	.LBE405:
 2895              	.LBB406:
 574:Drivers/STM32WBxx_HAL_Driver/Src/stm32wbxx_hal_rcc.c ****       }
 2896              		.loc 1 574 16 view .LVU945
 2897 06fa 0120     		movs	r0, #1
 2898 06fc 00E0     		b	.L72
 2899              	.LVL241:
 2900              	.L163:
 574:Drivers/STM32WBxx_HAL_Driver/Src/stm32wbxx_hal_rcc.c ****       }
 2901              		.loc 1 574 16 view .LVU946
 2902              	.LBE406:
1016:Drivers/STM32WBxx_HAL_Driver/Src/stm32wbxx_hal_rcc.c **** }
 2903              		.loc 1 1016 10 view .LVU947
 2904 06fe 0020     		movs	r0, #0
 2905              	.LVL242:
ARM GAS  /var/folders/98/ctz5mtps7w71v8dr53cf5qg40000gn/T//ccdzqVkO.s 			page 167


 2906              	.L72:
1017:Drivers/STM32WBxx_HAL_Driver/Src/stm32wbxx_hal_rcc.c **** 
 2907              		.loc 1 1017 1 view .LVU948
 2908 0700 38BD     		pop	{r3, r4, r5, pc}
 2909              	.LVL243:
 2910              	.L164:
 2911              	.LBB407:
 953:Drivers/STM32WBxx_HAL_Driver/Src/stm32wbxx_hal_rcc.c ****         }
 2912              		.loc 1 953 18 view .LVU949
 2913 0702 0120     		movs	r0, #1
 2914 0704 FCE7     		b	.L72
 2915              	.LVL244:
 2916              	.L170:
1012:Drivers/STM32WBxx_HAL_Driver/Src/stm32wbxx_hal_rcc.c ****       }
 2917              		.loc 1 1012 16 view .LVU950
 2918 0706 0120     		movs	r0, #1
 2919 0708 FAE7     		b	.L72
 2920              	.L196:
 2921 070a 00BF     		.align	2
 2922              	.L195:
 2923 070c 00040058 		.word	1476396032
 2924 0710 8C80C111 		.word	297894028
 2925 0714 FCFFFEEE 		.word	-285278212
 2926              	.LBE407:
 2927              		.cfi_endproc
 2928              	.LFE951:
 2930              		.section	.text.HAL_RCC_ClockConfig,"ax",%progbits
 2931              		.align	1
 2932              		.global	HAL_RCC_ClockConfig
 2933              		.syntax unified
 2934              		.thumb
 2935              		.thumb_func
 2937              	HAL_RCC_ClockConfig:
 2938              	.LVL245:
 2939              	.LFB952:
1057:Drivers/STM32WBxx_HAL_Driver/Src/stm32wbxx_hal_rcc.c ****   uint32_t tickstart;
 2940              		.loc 1 1057 1 is_stmt 1 view -0
 2941              		.cfi_startproc
 2942              		@ args = 0, pretend = 0, frame = 0
 2943              		@ frame_needed = 0, uses_anonymous_args = 0
1058:Drivers/STM32WBxx_HAL_Driver/Src/stm32wbxx_hal_rcc.c **** 
 2944              		.loc 1 1058 3 view .LVU952
1061:Drivers/STM32WBxx_HAL_Driver/Src/stm32wbxx_hal_rcc.c ****   {
 2945              		.loc 1 1061 3 view .LVU953
1061:Drivers/STM32WBxx_HAL_Driver/Src/stm32wbxx_hal_rcc.c ****   {
 2946              		.loc 1 1061 6 is_stmt 0 view .LVU954
 2947 0000 0028     		cmp	r0, #0
 2948 0002 00F02781 		beq	.L222
1057:Drivers/STM32WBxx_HAL_Driver/Src/stm32wbxx_hal_rcc.c ****   uint32_t tickstart;
 2949              		.loc 1 1057 1 view .LVU955
 2950 0006 70B5     		push	{r4, r5, r6, lr}
 2951              	.LCFI13:
 2952              		.cfi_def_cfa_offset 16
 2953              		.cfi_offset 4, -16
 2954              		.cfi_offset 5, -12
 2955              		.cfi_offset 6, -8
 2956              		.cfi_offset 14, -4
ARM GAS  /var/folders/98/ctz5mtps7w71v8dr53cf5qg40000gn/T//ccdzqVkO.s 			page 168


 2957 0008 0C46     		mov	r4, r1
 2958 000a 0546     		mov	r5, r0
1067:Drivers/STM32WBxx_HAL_Driver/Src/stm32wbxx_hal_rcc.c ****   assert_param(IS_FLASH_LATENCY(FLatency));
 2959              		.loc 1 1067 3 is_stmt 1 view .LVU956
1068:Drivers/STM32WBxx_HAL_Driver/Src/stm32wbxx_hal_rcc.c **** 
 2960              		.loc 1 1068 3 view .LVU957
1075:Drivers/STM32WBxx_HAL_Driver/Src/stm32wbxx_hal_rcc.c ****   {
 2961              		.loc 1 1075 3 view .LVU958
1075:Drivers/STM32WBxx_HAL_Driver/Src/stm32wbxx_hal_rcc.c ****   {
 2962              		.loc 1 1075 18 is_stmt 0 view .LVU959
 2963 000c 934B     		ldr	r3, .L244
 2964 000e 1B68     		ldr	r3, [r3]
 2965 0010 03F00703 		and	r3, r3, #7
1075:Drivers/STM32WBxx_HAL_Driver/Src/stm32wbxx_hal_rcc.c ****   {
 2966              		.loc 1 1075 6 view .LVU960
 2967 0014 8B42     		cmp	r3, r1
 2968 0016 2DD3     		bcc	.L236
 2969              	.LVL246:
 2970              	.L199:
1095:Drivers/STM32WBxx_HAL_Driver/Src/stm32wbxx_hal_rcc.c ****   {
 2971              		.loc 1 1095 3 is_stmt 1 view .LVU961
1095:Drivers/STM32WBxx_HAL_Driver/Src/stm32wbxx_hal_rcc.c ****   {
 2972              		.loc 1 1095 26 is_stmt 0 view .LVU962
 2973 0018 2B68     		ldr	r3, [r5]
1095:Drivers/STM32WBxx_HAL_Driver/Src/stm32wbxx_hal_rcc.c ****   {
 2974              		.loc 1 1095 6 view .LVU963
 2975 001a 13F0020F 		tst	r3, #2
 2976 001e 3FD1     		bne	.L237
 2977              	.L202:
1112:Drivers/STM32WBxx_HAL_Driver/Src/stm32wbxx_hal_rcc.c ****   {
 2978              		.loc 1 1112 3 is_stmt 1 view .LVU964
1112:Drivers/STM32WBxx_HAL_Driver/Src/stm32wbxx_hal_rcc.c ****   {
 2979              		.loc 1 1112 26 is_stmt 0 view .LVU965
 2980 0020 2B68     		ldr	r3, [r5]
1112:Drivers/STM32WBxx_HAL_Driver/Src/stm32wbxx_hal_rcc.c ****   {
 2981              		.loc 1 1112 6 view .LVU966
 2982 0022 13F0200F 		tst	r3, #32
 2983 0026 53D1     		bne	.L238
 2984              	.L204:
1128:Drivers/STM32WBxx_HAL_Driver/Src/stm32wbxx_hal_rcc.c ****   {
 2985              		.loc 1 1128 3 is_stmt 1 view .LVU967
1128:Drivers/STM32WBxx_HAL_Driver/Src/stm32wbxx_hal_rcc.c ****   {
 2986              		.loc 1 1128 26 is_stmt 0 view .LVU968
 2987 0028 2B68     		ldr	r3, [r5]
1128:Drivers/STM32WBxx_HAL_Driver/Src/stm32wbxx_hal_rcc.c ****   {
 2988              		.loc 1 1128 6 view .LVU969
 2989 002a 13F0400F 		tst	r3, #64
 2990 002e 6AD1     		bne	.L239
 2991              	.L206:
1145:Drivers/STM32WBxx_HAL_Driver/Src/stm32wbxx_hal_rcc.c ****   {
 2992              		.loc 1 1145 3 is_stmt 1 view .LVU970
1145:Drivers/STM32WBxx_HAL_Driver/Src/stm32wbxx_hal_rcc.c ****   {
 2993              		.loc 1 1145 26 is_stmt 0 view .LVU971
 2994 0030 2B68     		ldr	r3, [r5]
1145:Drivers/STM32WBxx_HAL_Driver/Src/stm32wbxx_hal_rcc.c ****   {
 2995              		.loc 1 1145 6 view .LVU972
 2996 0032 13F0040F 		tst	r3, #4
ARM GAS  /var/folders/98/ctz5mtps7w71v8dr53cf5qg40000gn/T//ccdzqVkO.s 			page 169


 2997 0036 40F08380 		bne	.L240
 2998              	.L208:
1162:Drivers/STM32WBxx_HAL_Driver/Src/stm32wbxx_hal_rcc.c ****   {
 2999              		.loc 1 1162 3 is_stmt 1 view .LVU973
1162:Drivers/STM32WBxx_HAL_Driver/Src/stm32wbxx_hal_rcc.c ****   {
 3000              		.loc 1 1162 26 is_stmt 0 view .LVU974
 3001 003a 2B68     		ldr	r3, [r5]
1162:Drivers/STM32WBxx_HAL_Driver/Src/stm32wbxx_hal_rcc.c ****   {
 3002              		.loc 1 1162 6 view .LVU975
 3003 003c 13F0080F 		tst	r3, #8
 3004 0040 40F09780 		bne	.L241
 3005              	.L210:
1179:Drivers/STM32WBxx_HAL_Driver/Src/stm32wbxx_hal_rcc.c ****   {
 3006              		.loc 1 1179 3 is_stmt 1 view .LVU976
1179:Drivers/STM32WBxx_HAL_Driver/Src/stm32wbxx_hal_rcc.c ****   {
 3007              		.loc 1 1179 26 is_stmt 0 view .LVU977
 3008 0044 2B68     		ldr	r3, [r5]
1179:Drivers/STM32WBxx_HAL_Driver/Src/stm32wbxx_hal_rcc.c ****   {
 3009              		.loc 1 1179 6 view .LVU978
 3010 0046 13F0010F 		tst	r3, #1
 3011 004a 00F0DE80 		beq	.L212
1181:Drivers/STM32WBxx_HAL_Driver/Src/stm32wbxx_hal_rcc.c **** 
 3012              		.loc 1 1181 5 is_stmt 1 view .LVU979
1184:Drivers/STM32WBxx_HAL_Driver/Src/stm32wbxx_hal_rcc.c ****     {
 3013              		.loc 1 1184 5 view .LVU980
1184:Drivers/STM32WBxx_HAL_Driver/Src/stm32wbxx_hal_rcc.c ****     {
 3014              		.loc 1 1184 26 is_stmt 0 view .LVU981
 3015 004e 6B68     		ldr	r3, [r5, #4]
1184:Drivers/STM32WBxx_HAL_Driver/Src/stm32wbxx_hal_rcc.c ****     {
 3016              		.loc 1 1184 8 view .LVU982
 3017 0050 022B     		cmp	r3, #2
 3018 0052 00F0A880 		beq	.L242
1193:Drivers/STM32WBxx_HAL_Driver/Src/stm32wbxx_hal_rcc.c ****     {
 3019              		.loc 1 1193 10 is_stmt 1 view .LVU983
1193:Drivers/STM32WBxx_HAL_Driver/Src/stm32wbxx_hal_rcc.c ****     {
 3020              		.loc 1 1193 13 is_stmt 0 view .LVU984
 3021 0056 032B     		cmp	r3, #3
 3022 0058 00F0AD80 		beq	.L243
1202:Drivers/STM32WBxx_HAL_Driver/Src/stm32wbxx_hal_rcc.c ****     {
 3023              		.loc 1 1202 10 is_stmt 1 view .LVU985
1202:Drivers/STM32WBxx_HAL_Driver/Src/stm32wbxx_hal_rcc.c ****     {
 3024              		.loc 1 1202 13 is_stmt 0 view .LVU986
 3025 005c 002B     		cmp	r3, #0
 3026 005e 40F0B280 		bne	.L216
1205:Drivers/STM32WBxx_HAL_Driver/Src/stm32wbxx_hal_rcc.c ****       {
 3027              		.loc 1 1205 7 is_stmt 1 view .LVU987
 3028              	.LBB408:
 3029              	.LBI408:
1870:Drivers/STM32WBxx_HAL_Driver/Inc/stm32wbxx_ll_rcc.h **** {
 3030              		.loc 2 1870 26 view .LVU988
 3031              	.LBB409:
1872:Drivers/STM32WBxx_HAL_Driver/Inc/stm32wbxx_ll_rcc.h **** }
 3032              		.loc 2 1872 3 view .LVU989
1872:Drivers/STM32WBxx_HAL_Driver/Inc/stm32wbxx_ll_rcc.h **** }
 3033              		.loc 2 1872 12 is_stmt 0 view .LVU990
 3034 0062 4FF0B042 		mov	r2, #1476395008
 3035 0066 1268     		ldr	r2, [r2]
ARM GAS  /var/folders/98/ctz5mtps7w71v8dr53cf5qg40000gn/T//ccdzqVkO.s 			page 170


1872:Drivers/STM32WBxx_HAL_Driver/Inc/stm32wbxx_ll_rcc.h **** }
 3036              		.loc 2 1872 71 view .LVU991
 3037 0068 12F0020F 		tst	r2, #2
 3038 006c 40F0B180 		bne	.L214
 3039              	.LBE409:
 3040              	.LBE408:
1207:Drivers/STM32WBxx_HAL_Driver/Src/stm32wbxx_hal_rcc.c ****       }
 3041              		.loc 1 1207 16 view .LVU992
 3042 0070 0120     		movs	r0, #1
 3043 0072 EEE0     		b	.L198
 3044              	.LVL247:
 3045              	.L236:
1078:Drivers/STM32WBxx_HAL_Driver/Src/stm32wbxx_hal_rcc.c **** 
 3046              		.loc 1 1078 5 is_stmt 1 view .LVU993
 3047 0074 794A     		ldr	r2, .L244
 3048 0076 1368     		ldr	r3, [r2]
 3049 0078 23F00703 		bic	r3, r3, #7
 3050 007c 0B43     		orrs	r3, r3, r1
 3051 007e 1360     		str	r3, [r2]
1081:Drivers/STM32WBxx_HAL_Driver/Src/stm32wbxx_hal_rcc.c **** 
 3052              		.loc 1 1081 5 view .LVU994
1081:Drivers/STM32WBxx_HAL_Driver/Src/stm32wbxx_hal_rcc.c **** 
 3053              		.loc 1 1081 17 is_stmt 0 view .LVU995
 3054 0080 FFF7FEFF 		bl	HAL_GetTick
 3055              	.LVL248:
1081:Drivers/STM32WBxx_HAL_Driver/Src/stm32wbxx_hal_rcc.c **** 
 3056              		.loc 1 1081 17 view .LVU996
 3057 0084 0646     		mov	r6, r0
 3058              	.LVL249:
1085:Drivers/STM32WBxx_HAL_Driver/Src/stm32wbxx_hal_rcc.c ****     {
 3059              		.loc 1 1085 5 is_stmt 1 view .LVU997
 3060              	.L200:
1085:Drivers/STM32WBxx_HAL_Driver/Src/stm32wbxx_hal_rcc.c ****     {
 3061              		.loc 1 1085 38 view .LVU998
1085:Drivers/STM32WBxx_HAL_Driver/Src/stm32wbxx_hal_rcc.c ****     {
 3062              		.loc 1 1085 12 is_stmt 0 view .LVU999
 3063 0086 754B     		ldr	r3, .L244
 3064 0088 1B68     		ldr	r3, [r3]
 3065 008a 03F00703 		and	r3, r3, #7
1085:Drivers/STM32WBxx_HAL_Driver/Src/stm32wbxx_hal_rcc.c ****     {
 3066              		.loc 1 1085 38 view .LVU1000
 3067 008e A342     		cmp	r3, r4
 3068 0090 C2D0     		beq	.L199
1087:Drivers/STM32WBxx_HAL_Driver/Src/stm32wbxx_hal_rcc.c ****       {
 3069              		.loc 1 1087 7 is_stmt 1 view .LVU1001
1087:Drivers/STM32WBxx_HAL_Driver/Src/stm32wbxx_hal_rcc.c ****       {
 3070              		.loc 1 1087 12 is_stmt 0 view .LVU1002
 3071 0092 FFF7FEFF 		bl	HAL_GetTick
 3072              	.LVL250:
1087:Drivers/STM32WBxx_HAL_Driver/Src/stm32wbxx_hal_rcc.c ****       {
 3073              		.loc 1 1087 26 discriminator 1 view .LVU1003
 3074 0096 801B     		subs	r0, r0, r6
1087:Drivers/STM32WBxx_HAL_Driver/Src/stm32wbxx_hal_rcc.c ****       {
 3075              		.loc 1 1087 10 discriminator 1 view .LVU1004
 3076 0098 0228     		cmp	r0, #2
 3077 009a F4D9     		bls	.L200
1089:Drivers/STM32WBxx_HAL_Driver/Src/stm32wbxx_hal_rcc.c ****       }
ARM GAS  /var/folders/98/ctz5mtps7w71v8dr53cf5qg40000gn/T//ccdzqVkO.s 			page 171


 3078              		.loc 1 1089 16 view .LVU1005
 3079 009c 0320     		movs	r0, #3
 3080 009e D8E0     		b	.L198
 3081              	.LVL251:
 3082              	.L237:
1097:Drivers/STM32WBxx_HAL_Driver/Src/stm32wbxx_hal_rcc.c ****     LL_RCC_SetAHBPrescaler(RCC_ClkInitStruct->AHBCLKDivider);
 3083              		.loc 1 1097 5 is_stmt 1 view .LVU1006
1098:Drivers/STM32WBxx_HAL_Driver/Src/stm32wbxx_hal_rcc.c **** 
 3084              		.loc 1 1098 5 view .LVU1007
 3085 00a0 AB68     		ldr	r3, [r5, #8]
 3086              	.LVL252:
 3087              	.LBB410:
 3088              	.LBI410:
2152:Drivers/STM32WBxx_HAL_Driver/Inc/stm32wbxx_ll_rcc.h **** {
 3089              		.loc 2 2152 22 view .LVU1008
 3090              	.LBB411:
2154:Drivers/STM32WBxx_HAL_Driver/Inc/stm32wbxx_ll_rcc.h **** }
 3091              		.loc 2 2154 3 view .LVU1009
 3092 00a2 4FF0B041 		mov	r1, #1476395008
 3093 00a6 8A68     		ldr	r2, [r1, #8]
 3094 00a8 22F0F002 		bic	r2, r2, #240
 3095 00ac 1343     		orrs	r3, r3, r2
 3096              	.LVL253:
2154:Drivers/STM32WBxx_HAL_Driver/Inc/stm32wbxx_ll_rcc.h **** }
 3097              		.loc 2 2154 3 is_stmt 0 view .LVU1010
 3098 00ae 8B60     		str	r3, [r1, #8]
 3099              	.LVL254:
2154:Drivers/STM32WBxx_HAL_Driver/Inc/stm32wbxx_ll_rcc.h **** }
 3100              		.loc 2 2154 3 view .LVU1011
 3101              	.LBE411:
 3102              	.LBE410:
1101:Drivers/STM32WBxx_HAL_Driver/Src/stm32wbxx_hal_rcc.c ****     while (LL_RCC_IsActiveFlag_HPRE() == 0U)
 3103              		.loc 1 1101 5 is_stmt 1 view .LVU1012
1101:Drivers/STM32WBxx_HAL_Driver/Src/stm32wbxx_hal_rcc.c ****     while (LL_RCC_IsActiveFlag_HPRE() == 0U)
 3104              		.loc 1 1101 17 is_stmt 0 view .LVU1013
 3105 00b0 FFF7FEFF 		bl	HAL_GetTick
 3106              	.LVL255:
 3107 00b4 0646     		mov	r6, r0
 3108              	.LVL256:
1102:Drivers/STM32WBxx_HAL_Driver/Src/stm32wbxx_hal_rcc.c ****     {
 3109              		.loc 1 1102 5 is_stmt 1 view .LVU1014
 3110              	.L203:
1102:Drivers/STM32WBxx_HAL_Driver/Src/stm32wbxx_hal_rcc.c ****     {
 3111              		.loc 1 1102 39 view .LVU1015
 3112              	.LBB412:
 3113              	.LBI412:
3882:Drivers/STM32WBxx_HAL_Driver/Inc/stm32wbxx_ll_rcc.h **** }
3883:Drivers/STM32WBxx_HAL_Driver/Inc/stm32wbxx_ll_rcc.h **** 
3884:Drivers/STM32WBxx_HAL_Driver/Inc/stm32wbxx_ll_rcc.h **** /**
3885:Drivers/STM32WBxx_HAL_Driver/Inc/stm32wbxx_ll_rcc.h ****   * @brief  Clear PLL ready interrupt flag
3886:Drivers/STM32WBxx_HAL_Driver/Inc/stm32wbxx_ll_rcc.h ****   * @rmtoll CICR         PLLRDYC       LL_RCC_ClearFlag_PLLRDY
3887:Drivers/STM32WBxx_HAL_Driver/Inc/stm32wbxx_ll_rcc.h ****   * @retval None
3888:Drivers/STM32WBxx_HAL_Driver/Inc/stm32wbxx_ll_rcc.h ****   */
3889:Drivers/STM32WBxx_HAL_Driver/Inc/stm32wbxx_ll_rcc.h **** __STATIC_INLINE void LL_RCC_ClearFlag_PLLRDY(void)
3890:Drivers/STM32WBxx_HAL_Driver/Inc/stm32wbxx_ll_rcc.h **** {
3891:Drivers/STM32WBxx_HAL_Driver/Inc/stm32wbxx_ll_rcc.h ****   SET_BIT(RCC->CICR, RCC_CICR_PLLRDYC);
3892:Drivers/STM32WBxx_HAL_Driver/Inc/stm32wbxx_ll_rcc.h **** }
ARM GAS  /var/folders/98/ctz5mtps7w71v8dr53cf5qg40000gn/T//ccdzqVkO.s 			page 172


3893:Drivers/STM32WBxx_HAL_Driver/Inc/stm32wbxx_ll_rcc.h **** 
3894:Drivers/STM32WBxx_HAL_Driver/Inc/stm32wbxx_ll_rcc.h **** #if defined(RCC_HSI48_SUPPORT)
3895:Drivers/STM32WBxx_HAL_Driver/Inc/stm32wbxx_ll_rcc.h **** /**
3896:Drivers/STM32WBxx_HAL_Driver/Inc/stm32wbxx_ll_rcc.h ****   * @brief  Clear HSI48 ready interrupt flag
3897:Drivers/STM32WBxx_HAL_Driver/Inc/stm32wbxx_ll_rcc.h ****   * @rmtoll CICR          HSI48RDYC     LL_RCC_ClearFlag_HSI48RDY
3898:Drivers/STM32WBxx_HAL_Driver/Inc/stm32wbxx_ll_rcc.h ****   * @retval None
3899:Drivers/STM32WBxx_HAL_Driver/Inc/stm32wbxx_ll_rcc.h ****   */
3900:Drivers/STM32WBxx_HAL_Driver/Inc/stm32wbxx_ll_rcc.h **** __STATIC_INLINE void LL_RCC_ClearFlag_HSI48RDY(void)
3901:Drivers/STM32WBxx_HAL_Driver/Inc/stm32wbxx_ll_rcc.h **** {
3902:Drivers/STM32WBxx_HAL_Driver/Inc/stm32wbxx_ll_rcc.h ****   SET_BIT(RCC->CICR, RCC_CICR_HSI48RDYC);
3903:Drivers/STM32WBxx_HAL_Driver/Inc/stm32wbxx_ll_rcc.h **** }
3904:Drivers/STM32WBxx_HAL_Driver/Inc/stm32wbxx_ll_rcc.h **** #endif /* RCC_HSI48_SUPPORT */
3905:Drivers/STM32WBxx_HAL_Driver/Inc/stm32wbxx_ll_rcc.h **** 
3906:Drivers/STM32WBxx_HAL_Driver/Inc/stm32wbxx_ll_rcc.h **** #if defined(SAI1)
3907:Drivers/STM32WBxx_HAL_Driver/Inc/stm32wbxx_ll_rcc.h **** /**
3908:Drivers/STM32WBxx_HAL_Driver/Inc/stm32wbxx_ll_rcc.h ****   * @brief  Clear PLLSAI1 ready interrupt flag
3909:Drivers/STM32WBxx_HAL_Driver/Inc/stm32wbxx_ll_rcc.h ****   * @rmtoll CICR         PLLSAI1RDYC   LL_RCC_ClearFlag_PLLSAI1RDY
3910:Drivers/STM32WBxx_HAL_Driver/Inc/stm32wbxx_ll_rcc.h ****   * @retval None
3911:Drivers/STM32WBxx_HAL_Driver/Inc/stm32wbxx_ll_rcc.h ****   */
3912:Drivers/STM32WBxx_HAL_Driver/Inc/stm32wbxx_ll_rcc.h **** __STATIC_INLINE void LL_RCC_ClearFlag_PLLSAI1RDY(void)
3913:Drivers/STM32WBxx_HAL_Driver/Inc/stm32wbxx_ll_rcc.h **** {
3914:Drivers/STM32WBxx_HAL_Driver/Inc/stm32wbxx_ll_rcc.h ****   SET_BIT(RCC->CICR, RCC_CICR_PLLSAI1RDYC);
3915:Drivers/STM32WBxx_HAL_Driver/Inc/stm32wbxx_ll_rcc.h **** }
3916:Drivers/STM32WBxx_HAL_Driver/Inc/stm32wbxx_ll_rcc.h **** #endif /* SAI1 */
3917:Drivers/STM32WBxx_HAL_Driver/Inc/stm32wbxx_ll_rcc.h **** 
3918:Drivers/STM32WBxx_HAL_Driver/Inc/stm32wbxx_ll_rcc.h **** /**
3919:Drivers/STM32WBxx_HAL_Driver/Inc/stm32wbxx_ll_rcc.h ****   * @brief  Clear Clock security system interrupt flag
3920:Drivers/STM32WBxx_HAL_Driver/Inc/stm32wbxx_ll_rcc.h ****   * @rmtoll CICR         CSSC          LL_RCC_ClearFlag_HSECSS
3921:Drivers/STM32WBxx_HAL_Driver/Inc/stm32wbxx_ll_rcc.h ****   * @retval None
3922:Drivers/STM32WBxx_HAL_Driver/Inc/stm32wbxx_ll_rcc.h ****   */
3923:Drivers/STM32WBxx_HAL_Driver/Inc/stm32wbxx_ll_rcc.h **** __STATIC_INLINE void LL_RCC_ClearFlag_HSECSS(void)
3924:Drivers/STM32WBxx_HAL_Driver/Inc/stm32wbxx_ll_rcc.h **** {
3925:Drivers/STM32WBxx_HAL_Driver/Inc/stm32wbxx_ll_rcc.h ****   SET_BIT(RCC->CICR, RCC_CICR_CSSC);
3926:Drivers/STM32WBxx_HAL_Driver/Inc/stm32wbxx_ll_rcc.h **** }
3927:Drivers/STM32WBxx_HAL_Driver/Inc/stm32wbxx_ll_rcc.h **** 
3928:Drivers/STM32WBxx_HAL_Driver/Inc/stm32wbxx_ll_rcc.h **** /**
3929:Drivers/STM32WBxx_HAL_Driver/Inc/stm32wbxx_ll_rcc.h ****   * @brief  Clear LSE Clock security system interrupt flag
3930:Drivers/STM32WBxx_HAL_Driver/Inc/stm32wbxx_ll_rcc.h ****   * @rmtoll CICR         LSECSSC       LL_RCC_ClearFlag_LSECSS
3931:Drivers/STM32WBxx_HAL_Driver/Inc/stm32wbxx_ll_rcc.h ****   * @retval None
3932:Drivers/STM32WBxx_HAL_Driver/Inc/stm32wbxx_ll_rcc.h ****   */
3933:Drivers/STM32WBxx_HAL_Driver/Inc/stm32wbxx_ll_rcc.h **** __STATIC_INLINE void LL_RCC_ClearFlag_LSECSS(void)
3934:Drivers/STM32WBxx_HAL_Driver/Inc/stm32wbxx_ll_rcc.h **** {
3935:Drivers/STM32WBxx_HAL_Driver/Inc/stm32wbxx_ll_rcc.h ****   SET_BIT(RCC->CICR, RCC_CICR_LSECSSC);
3936:Drivers/STM32WBxx_HAL_Driver/Inc/stm32wbxx_ll_rcc.h **** }
3937:Drivers/STM32WBxx_HAL_Driver/Inc/stm32wbxx_ll_rcc.h **** 
3938:Drivers/STM32WBxx_HAL_Driver/Inc/stm32wbxx_ll_rcc.h **** /**
3939:Drivers/STM32WBxx_HAL_Driver/Inc/stm32wbxx_ll_rcc.h ****   * @brief  Check if LSI1 ready interrupt occurred or not
3940:Drivers/STM32WBxx_HAL_Driver/Inc/stm32wbxx_ll_rcc.h ****   * @rmtoll CIFR         LSI1RDYF       LL_RCC_IsActiveFlag_LSI1RDY
3941:Drivers/STM32WBxx_HAL_Driver/Inc/stm32wbxx_ll_rcc.h ****   * @retval State of bit (1 or 0).
3942:Drivers/STM32WBxx_HAL_Driver/Inc/stm32wbxx_ll_rcc.h ****   */
3943:Drivers/STM32WBxx_HAL_Driver/Inc/stm32wbxx_ll_rcc.h **** __STATIC_INLINE uint32_t LL_RCC_IsActiveFlag_LSI1RDY(void)
3944:Drivers/STM32WBxx_HAL_Driver/Inc/stm32wbxx_ll_rcc.h **** {
3945:Drivers/STM32WBxx_HAL_Driver/Inc/stm32wbxx_ll_rcc.h ****   return ((READ_BIT(RCC->CIFR, RCC_CIFR_LSI1RDYF) == (RCC_CIFR_LSI1RDYF)) ? 1UL : 0UL);
3946:Drivers/STM32WBxx_HAL_Driver/Inc/stm32wbxx_ll_rcc.h **** }
3947:Drivers/STM32WBxx_HAL_Driver/Inc/stm32wbxx_ll_rcc.h **** 
3948:Drivers/STM32WBxx_HAL_Driver/Inc/stm32wbxx_ll_rcc.h **** /**
3949:Drivers/STM32WBxx_HAL_Driver/Inc/stm32wbxx_ll_rcc.h ****   * @brief  Check if LSI2 ready interrupt occurred or not
ARM GAS  /var/folders/98/ctz5mtps7w71v8dr53cf5qg40000gn/T//ccdzqVkO.s 			page 173


3950:Drivers/STM32WBxx_HAL_Driver/Inc/stm32wbxx_ll_rcc.h ****   * @rmtoll CIFR         LSI2RDYF       LL_RCC_IsActiveFlag_LSI2RDY
3951:Drivers/STM32WBxx_HAL_Driver/Inc/stm32wbxx_ll_rcc.h ****   * @retval State of bit (1 or 0).
3952:Drivers/STM32WBxx_HAL_Driver/Inc/stm32wbxx_ll_rcc.h ****   */
3953:Drivers/STM32WBxx_HAL_Driver/Inc/stm32wbxx_ll_rcc.h **** __STATIC_INLINE uint32_t LL_RCC_IsActiveFlag_LSI2RDY(void)
3954:Drivers/STM32WBxx_HAL_Driver/Inc/stm32wbxx_ll_rcc.h **** {
3955:Drivers/STM32WBxx_HAL_Driver/Inc/stm32wbxx_ll_rcc.h ****   return ((READ_BIT(RCC->CIFR, RCC_CIFR_LSI2RDYF) == (RCC_CIFR_LSI2RDYF)) ? 1UL : 0UL);
3956:Drivers/STM32WBxx_HAL_Driver/Inc/stm32wbxx_ll_rcc.h **** }
3957:Drivers/STM32WBxx_HAL_Driver/Inc/stm32wbxx_ll_rcc.h **** 
3958:Drivers/STM32WBxx_HAL_Driver/Inc/stm32wbxx_ll_rcc.h **** /**
3959:Drivers/STM32WBxx_HAL_Driver/Inc/stm32wbxx_ll_rcc.h ****   * @brief  Check if LSE ready interrupt occurred or not
3960:Drivers/STM32WBxx_HAL_Driver/Inc/stm32wbxx_ll_rcc.h ****   * @rmtoll CIFR         LSERDYF       LL_RCC_IsActiveFlag_LSERDY
3961:Drivers/STM32WBxx_HAL_Driver/Inc/stm32wbxx_ll_rcc.h ****   * @retval State of bit (1 or 0).
3962:Drivers/STM32WBxx_HAL_Driver/Inc/stm32wbxx_ll_rcc.h ****   */
3963:Drivers/STM32WBxx_HAL_Driver/Inc/stm32wbxx_ll_rcc.h **** __STATIC_INLINE uint32_t LL_RCC_IsActiveFlag_LSERDY(void)
3964:Drivers/STM32WBxx_HAL_Driver/Inc/stm32wbxx_ll_rcc.h **** {
3965:Drivers/STM32WBxx_HAL_Driver/Inc/stm32wbxx_ll_rcc.h ****   return ((READ_BIT(RCC->CIFR, RCC_CIFR_LSERDYF) == (RCC_CIFR_LSERDYF)) ? 1UL : 0UL);
3966:Drivers/STM32WBxx_HAL_Driver/Inc/stm32wbxx_ll_rcc.h **** }
3967:Drivers/STM32WBxx_HAL_Driver/Inc/stm32wbxx_ll_rcc.h **** 
3968:Drivers/STM32WBxx_HAL_Driver/Inc/stm32wbxx_ll_rcc.h **** /**
3969:Drivers/STM32WBxx_HAL_Driver/Inc/stm32wbxx_ll_rcc.h ****   * @brief  Check if MSI ready interrupt occurred or not
3970:Drivers/STM32WBxx_HAL_Driver/Inc/stm32wbxx_ll_rcc.h ****   * @rmtoll CIFR         MSIRDYF       LL_RCC_IsActiveFlag_MSIRDY
3971:Drivers/STM32WBxx_HAL_Driver/Inc/stm32wbxx_ll_rcc.h ****   * @retval State of bit (1 or 0).
3972:Drivers/STM32WBxx_HAL_Driver/Inc/stm32wbxx_ll_rcc.h ****   */
3973:Drivers/STM32WBxx_HAL_Driver/Inc/stm32wbxx_ll_rcc.h **** __STATIC_INLINE uint32_t LL_RCC_IsActiveFlag_MSIRDY(void)
3974:Drivers/STM32WBxx_HAL_Driver/Inc/stm32wbxx_ll_rcc.h **** {
3975:Drivers/STM32WBxx_HAL_Driver/Inc/stm32wbxx_ll_rcc.h ****   return ((READ_BIT(RCC->CIFR, RCC_CIFR_MSIRDYF) == (RCC_CIFR_MSIRDYF)) ? 1UL : 0UL);
3976:Drivers/STM32WBxx_HAL_Driver/Inc/stm32wbxx_ll_rcc.h **** }
3977:Drivers/STM32WBxx_HAL_Driver/Inc/stm32wbxx_ll_rcc.h **** 
3978:Drivers/STM32WBxx_HAL_Driver/Inc/stm32wbxx_ll_rcc.h **** /**
3979:Drivers/STM32WBxx_HAL_Driver/Inc/stm32wbxx_ll_rcc.h ****   * @brief  Check if HSI ready interrupt occurred or not
3980:Drivers/STM32WBxx_HAL_Driver/Inc/stm32wbxx_ll_rcc.h ****   * @rmtoll CIFR         HSIRDYF       LL_RCC_IsActiveFlag_HSIRDY
3981:Drivers/STM32WBxx_HAL_Driver/Inc/stm32wbxx_ll_rcc.h ****   * @retval State of bit (1 or 0).
3982:Drivers/STM32WBxx_HAL_Driver/Inc/stm32wbxx_ll_rcc.h ****   */
3983:Drivers/STM32WBxx_HAL_Driver/Inc/stm32wbxx_ll_rcc.h **** __STATIC_INLINE uint32_t LL_RCC_IsActiveFlag_HSIRDY(void)
3984:Drivers/STM32WBxx_HAL_Driver/Inc/stm32wbxx_ll_rcc.h **** {
3985:Drivers/STM32WBxx_HAL_Driver/Inc/stm32wbxx_ll_rcc.h ****   return ((READ_BIT(RCC->CIFR, RCC_CIFR_HSIRDYF) == (RCC_CIFR_HSIRDYF)) ? 1UL : 0UL);
3986:Drivers/STM32WBxx_HAL_Driver/Inc/stm32wbxx_ll_rcc.h **** }
3987:Drivers/STM32WBxx_HAL_Driver/Inc/stm32wbxx_ll_rcc.h **** 
3988:Drivers/STM32WBxx_HAL_Driver/Inc/stm32wbxx_ll_rcc.h **** /**
3989:Drivers/STM32WBxx_HAL_Driver/Inc/stm32wbxx_ll_rcc.h ****   * @brief  Check if HSE ready interrupt occurred or not
3990:Drivers/STM32WBxx_HAL_Driver/Inc/stm32wbxx_ll_rcc.h ****   * @rmtoll CIFR         HSERDYF       LL_RCC_IsActiveFlag_HSERDY
3991:Drivers/STM32WBxx_HAL_Driver/Inc/stm32wbxx_ll_rcc.h ****   * @retval State of bit (1 or 0).
3992:Drivers/STM32WBxx_HAL_Driver/Inc/stm32wbxx_ll_rcc.h ****   */
3993:Drivers/STM32WBxx_HAL_Driver/Inc/stm32wbxx_ll_rcc.h **** __STATIC_INLINE uint32_t LL_RCC_IsActiveFlag_HSERDY(void)
3994:Drivers/STM32WBxx_HAL_Driver/Inc/stm32wbxx_ll_rcc.h **** {
3995:Drivers/STM32WBxx_HAL_Driver/Inc/stm32wbxx_ll_rcc.h ****   return ((READ_BIT(RCC->CIFR, RCC_CIFR_HSERDYF) == (RCC_CIFR_HSERDYF)) ? 1UL : 0UL);
3996:Drivers/STM32WBxx_HAL_Driver/Inc/stm32wbxx_ll_rcc.h **** }
3997:Drivers/STM32WBxx_HAL_Driver/Inc/stm32wbxx_ll_rcc.h **** 
3998:Drivers/STM32WBxx_HAL_Driver/Inc/stm32wbxx_ll_rcc.h **** /**
3999:Drivers/STM32WBxx_HAL_Driver/Inc/stm32wbxx_ll_rcc.h ****   * @brief  Check if PLL ready interrupt occurred or not
4000:Drivers/STM32WBxx_HAL_Driver/Inc/stm32wbxx_ll_rcc.h ****   * @rmtoll CIFR         PLLRDYF       LL_RCC_IsActiveFlag_PLLRDY
4001:Drivers/STM32WBxx_HAL_Driver/Inc/stm32wbxx_ll_rcc.h ****   * @retval State of bit (1 or 0).
4002:Drivers/STM32WBxx_HAL_Driver/Inc/stm32wbxx_ll_rcc.h ****   */
4003:Drivers/STM32WBxx_HAL_Driver/Inc/stm32wbxx_ll_rcc.h **** __STATIC_INLINE uint32_t LL_RCC_IsActiveFlag_PLLRDY(void)
4004:Drivers/STM32WBxx_HAL_Driver/Inc/stm32wbxx_ll_rcc.h **** {
4005:Drivers/STM32WBxx_HAL_Driver/Inc/stm32wbxx_ll_rcc.h ****   return ((READ_BIT(RCC->CIFR, RCC_CIFR_PLLRDYF) == (RCC_CIFR_PLLRDYF)) ? 1UL : 0UL);
4006:Drivers/STM32WBxx_HAL_Driver/Inc/stm32wbxx_ll_rcc.h **** }
ARM GAS  /var/folders/98/ctz5mtps7w71v8dr53cf5qg40000gn/T//ccdzqVkO.s 			page 174


4007:Drivers/STM32WBxx_HAL_Driver/Inc/stm32wbxx_ll_rcc.h **** 
4008:Drivers/STM32WBxx_HAL_Driver/Inc/stm32wbxx_ll_rcc.h **** #if defined(RCC_HSI48_SUPPORT)
4009:Drivers/STM32WBxx_HAL_Driver/Inc/stm32wbxx_ll_rcc.h **** /**
4010:Drivers/STM32WBxx_HAL_Driver/Inc/stm32wbxx_ll_rcc.h ****   * @brief  Check if HSI48 ready interrupt occurred or not
4011:Drivers/STM32WBxx_HAL_Driver/Inc/stm32wbxx_ll_rcc.h ****   * @rmtoll CIFR          HSI48RDYF     LL_RCC_IsActiveFlag_HSI48RDY
4012:Drivers/STM32WBxx_HAL_Driver/Inc/stm32wbxx_ll_rcc.h ****   * @retval State of bit (1 or 0).
4013:Drivers/STM32WBxx_HAL_Driver/Inc/stm32wbxx_ll_rcc.h ****   */
4014:Drivers/STM32WBxx_HAL_Driver/Inc/stm32wbxx_ll_rcc.h **** __STATIC_INLINE uint32_t LL_RCC_IsActiveFlag_HSI48RDY(void)
4015:Drivers/STM32WBxx_HAL_Driver/Inc/stm32wbxx_ll_rcc.h **** {
4016:Drivers/STM32WBxx_HAL_Driver/Inc/stm32wbxx_ll_rcc.h ****   return ((READ_BIT(RCC->CIFR, RCC_CIFR_HSI48RDYF) == (RCC_CIFR_HSI48RDYF)) ? 1UL : 0UL);
4017:Drivers/STM32WBxx_HAL_Driver/Inc/stm32wbxx_ll_rcc.h **** }
4018:Drivers/STM32WBxx_HAL_Driver/Inc/stm32wbxx_ll_rcc.h **** #endif /* RCC_HSI48_SUPPORT */
4019:Drivers/STM32WBxx_HAL_Driver/Inc/stm32wbxx_ll_rcc.h **** 
4020:Drivers/STM32WBxx_HAL_Driver/Inc/stm32wbxx_ll_rcc.h **** #if defined(SAI1)
4021:Drivers/STM32WBxx_HAL_Driver/Inc/stm32wbxx_ll_rcc.h **** /**
4022:Drivers/STM32WBxx_HAL_Driver/Inc/stm32wbxx_ll_rcc.h ****   * @brief  Check if PLLSAI1 ready interrupt occurred or not
4023:Drivers/STM32WBxx_HAL_Driver/Inc/stm32wbxx_ll_rcc.h ****   * @rmtoll CIFR         PLLSAI1RDYF   LL_RCC_IsActiveFlag_PLLSAI1RDY
4024:Drivers/STM32WBxx_HAL_Driver/Inc/stm32wbxx_ll_rcc.h ****   * @retval State of bit (1 or 0).
4025:Drivers/STM32WBxx_HAL_Driver/Inc/stm32wbxx_ll_rcc.h ****   */
4026:Drivers/STM32WBxx_HAL_Driver/Inc/stm32wbxx_ll_rcc.h **** __STATIC_INLINE uint32_t LL_RCC_IsActiveFlag_PLLSAI1RDY(void)
4027:Drivers/STM32WBxx_HAL_Driver/Inc/stm32wbxx_ll_rcc.h **** {
4028:Drivers/STM32WBxx_HAL_Driver/Inc/stm32wbxx_ll_rcc.h ****   return ((READ_BIT(RCC->CIFR, RCC_CIFR_PLLSAI1RDYF) == (RCC_CIFR_PLLSAI1RDYF)) ? 1UL : 0UL);
4029:Drivers/STM32WBxx_HAL_Driver/Inc/stm32wbxx_ll_rcc.h **** }
4030:Drivers/STM32WBxx_HAL_Driver/Inc/stm32wbxx_ll_rcc.h **** #endif /* SAI1 */
4031:Drivers/STM32WBxx_HAL_Driver/Inc/stm32wbxx_ll_rcc.h **** 
4032:Drivers/STM32WBxx_HAL_Driver/Inc/stm32wbxx_ll_rcc.h **** /**
4033:Drivers/STM32WBxx_HAL_Driver/Inc/stm32wbxx_ll_rcc.h ****   * @brief  Check if Clock security system interrupt occurred or not
4034:Drivers/STM32WBxx_HAL_Driver/Inc/stm32wbxx_ll_rcc.h ****   * @rmtoll CIFR         CSSF          LL_RCC_IsActiveFlag_HSECSS
4035:Drivers/STM32WBxx_HAL_Driver/Inc/stm32wbxx_ll_rcc.h ****   * @retval State of bit (1 or 0).
4036:Drivers/STM32WBxx_HAL_Driver/Inc/stm32wbxx_ll_rcc.h ****   */
4037:Drivers/STM32WBxx_HAL_Driver/Inc/stm32wbxx_ll_rcc.h **** __STATIC_INLINE uint32_t LL_RCC_IsActiveFlag_HSECSS(void)
4038:Drivers/STM32WBxx_HAL_Driver/Inc/stm32wbxx_ll_rcc.h **** {
4039:Drivers/STM32WBxx_HAL_Driver/Inc/stm32wbxx_ll_rcc.h ****   return ((READ_BIT(RCC->CIFR, RCC_CIFR_CSSF) == (RCC_CIFR_CSSF)) ? 1UL : 0UL);
4040:Drivers/STM32WBxx_HAL_Driver/Inc/stm32wbxx_ll_rcc.h **** }
4041:Drivers/STM32WBxx_HAL_Driver/Inc/stm32wbxx_ll_rcc.h **** 
4042:Drivers/STM32WBxx_HAL_Driver/Inc/stm32wbxx_ll_rcc.h **** /**
4043:Drivers/STM32WBxx_HAL_Driver/Inc/stm32wbxx_ll_rcc.h ****   * @brief  Check if LSE Clock security system interrupt occurred or not
4044:Drivers/STM32WBxx_HAL_Driver/Inc/stm32wbxx_ll_rcc.h ****   * @rmtoll CIFR         LSECSSF       LL_RCC_IsActiveFlag_LSECSS
4045:Drivers/STM32WBxx_HAL_Driver/Inc/stm32wbxx_ll_rcc.h ****   * @retval State of bit (1 or 0).
4046:Drivers/STM32WBxx_HAL_Driver/Inc/stm32wbxx_ll_rcc.h ****   */
4047:Drivers/STM32WBxx_HAL_Driver/Inc/stm32wbxx_ll_rcc.h **** __STATIC_INLINE uint32_t LL_RCC_IsActiveFlag_LSECSS(void)
4048:Drivers/STM32WBxx_HAL_Driver/Inc/stm32wbxx_ll_rcc.h **** {
4049:Drivers/STM32WBxx_HAL_Driver/Inc/stm32wbxx_ll_rcc.h ****   return ((READ_BIT(RCC->CIFR, RCC_CIFR_LSECSSF) == (RCC_CIFR_LSECSSF)) ? 1UL : 0UL);
4050:Drivers/STM32WBxx_HAL_Driver/Inc/stm32wbxx_ll_rcc.h **** }
4051:Drivers/STM32WBxx_HAL_Driver/Inc/stm32wbxx_ll_rcc.h **** 
4052:Drivers/STM32WBxx_HAL_Driver/Inc/stm32wbxx_ll_rcc.h **** /**
4053:Drivers/STM32WBxx_HAL_Driver/Inc/stm32wbxx_ll_rcc.h ****   * @brief  Check if HCLK1 prescaler flag value has been applied or not
4054:Drivers/STM32WBxx_HAL_Driver/Inc/stm32wbxx_ll_rcc.h ****   * @rmtoll CFGR         HPREF       LL_RCC_IsActiveFlag_HPRE
4055:Drivers/STM32WBxx_HAL_Driver/Inc/stm32wbxx_ll_rcc.h ****   * @retval State of bit (1 or 0).
4056:Drivers/STM32WBxx_HAL_Driver/Inc/stm32wbxx_ll_rcc.h ****   */
4057:Drivers/STM32WBxx_HAL_Driver/Inc/stm32wbxx_ll_rcc.h **** __STATIC_INLINE uint32_t LL_RCC_IsActiveFlag_HPRE(void)
 3114              		.loc 2 4057 26 view .LVU1016
 3115              	.LBB413:
4058:Drivers/STM32WBxx_HAL_Driver/Inc/stm32wbxx_ll_rcc.h **** {
4059:Drivers/STM32WBxx_HAL_Driver/Inc/stm32wbxx_ll_rcc.h ****   return ((READ_BIT(RCC->CFGR, RCC_CFGR_HPREF) == (RCC_CFGR_HPREF)) ? 1UL : 0UL);
 3116              		.loc 2 4059 3 view .LVU1017
 3117              		.loc 2 4059 12 is_stmt 0 view .LVU1018
ARM GAS  /var/folders/98/ctz5mtps7w71v8dr53cf5qg40000gn/T//ccdzqVkO.s 			page 175


 3118 00b6 4FF0B043 		mov	r3, #1476395008
 3119 00ba 9B68     		ldr	r3, [r3, #8]
 3120              		.loc 2 4059 75 view .LVU1019
 3121 00bc 13F4803F 		tst	r3, #65536
 3122 00c0 AED1     		bne	.L202
 3123              	.LBE413:
 3124              	.LBE412:
1104:Drivers/STM32WBxx_HAL_Driver/Src/stm32wbxx_hal_rcc.c ****       {
 3125              		.loc 1 1104 7 is_stmt 1 view .LVU1020
1104:Drivers/STM32WBxx_HAL_Driver/Src/stm32wbxx_hal_rcc.c ****       {
 3126              		.loc 1 1104 12 is_stmt 0 view .LVU1021
 3127 00c2 FFF7FEFF 		bl	HAL_GetTick
 3128              	.LVL257:
1104:Drivers/STM32WBxx_HAL_Driver/Src/stm32wbxx_hal_rcc.c ****       {
 3129              		.loc 1 1104 26 discriminator 1 view .LVU1022
 3130 00c6 801B     		subs	r0, r0, r6
1104:Drivers/STM32WBxx_HAL_Driver/Src/stm32wbxx_hal_rcc.c ****       {
 3131              		.loc 1 1104 10 discriminator 1 view .LVU1023
 3132 00c8 0228     		cmp	r0, #2
 3133 00ca F4D9     		bls	.L203
1106:Drivers/STM32WBxx_HAL_Driver/Src/stm32wbxx_hal_rcc.c ****       }
 3134              		.loc 1 1106 16 view .LVU1024
 3135 00cc 0320     		movs	r0, #3
 3136 00ce C0E0     		b	.L198
 3137              	.LVL258:
 3138              	.L238:
1114:Drivers/STM32WBxx_HAL_Driver/Src/stm32wbxx_hal_rcc.c ****     LL_C2_RCC_SetAHBPrescaler(RCC_ClkInitStruct->AHBCLK2Divider);
 3139              		.loc 1 1114 5 is_stmt 1 view .LVU1025
1115:Drivers/STM32WBxx_HAL_Driver/Src/stm32wbxx_hal_rcc.c **** 
 3140              		.loc 1 1115 5 view .LVU1026
 3141 00d0 6B69     		ldr	r3, [r5, #20]
 3142              	.LVL259:
 3143              	.LBB414:
 3144              	.LBI414:
2177:Drivers/STM32WBxx_HAL_Driver/Inc/stm32wbxx_ll_rcc.h **** {
 3145              		.loc 2 2177 22 view .LVU1027
 3146              	.LBB415:
2179:Drivers/STM32WBxx_HAL_Driver/Inc/stm32wbxx_ll_rcc.h **** }
 3147              		.loc 2 2179 3 view .LVU1028
 3148 00d2 4FF0B041 		mov	r1, #1476395008
 3149 00d6 D1F80821 		ldr	r2, [r1, #264]
 3150 00da 22F0F002 		bic	r2, r2, #240
 3151 00de 1343     		orrs	r3, r3, r2
 3152              	.LVL260:
2179:Drivers/STM32WBxx_HAL_Driver/Inc/stm32wbxx_ll_rcc.h **** }
 3153              		.loc 2 2179 3 is_stmt 0 view .LVU1029
 3154 00e0 C1F80831 		str	r3, [r1, #264]
 3155              	.LVL261:
2179:Drivers/STM32WBxx_HAL_Driver/Inc/stm32wbxx_ll_rcc.h **** }
 3156              		.loc 2 2179 3 view .LVU1030
 3157              	.LBE415:
 3158              	.LBE414:
1118:Drivers/STM32WBxx_HAL_Driver/Src/stm32wbxx_hal_rcc.c ****     while (LL_RCC_IsActiveFlag_C2HPRE() == 0U)
 3159              		.loc 1 1118 5 is_stmt 1 view .LVU1031
1118:Drivers/STM32WBxx_HAL_Driver/Src/stm32wbxx_hal_rcc.c ****     while (LL_RCC_IsActiveFlag_C2HPRE() == 0U)
 3160              		.loc 1 1118 17 is_stmt 0 view .LVU1032
 3161 00e4 FFF7FEFF 		bl	HAL_GetTick
ARM GAS  /var/folders/98/ctz5mtps7w71v8dr53cf5qg40000gn/T//ccdzqVkO.s 			page 176


 3162              	.LVL262:
 3163 00e8 0646     		mov	r6, r0
 3164              	.LVL263:
1119:Drivers/STM32WBxx_HAL_Driver/Src/stm32wbxx_hal_rcc.c ****     {
 3165              		.loc 1 1119 5 is_stmt 1 view .LVU1033
 3166              	.L205:
1119:Drivers/STM32WBxx_HAL_Driver/Src/stm32wbxx_hal_rcc.c ****     {
 3167              		.loc 1 1119 41 view .LVU1034
 3168              	.LBB416:
 3169              	.LBI416:
4060:Drivers/STM32WBxx_HAL_Driver/Inc/stm32wbxx_ll_rcc.h **** }
4061:Drivers/STM32WBxx_HAL_Driver/Inc/stm32wbxx_ll_rcc.h **** 
4062:Drivers/STM32WBxx_HAL_Driver/Inc/stm32wbxx_ll_rcc.h **** /**
4063:Drivers/STM32WBxx_HAL_Driver/Inc/stm32wbxx_ll_rcc.h ****   * @brief  Check if HCLK2 prescaler flag value has been applied or not
4064:Drivers/STM32WBxx_HAL_Driver/Inc/stm32wbxx_ll_rcc.h ****   * @rmtoll EXTCFGR         C2HPREF       LL_RCC_IsActiveFlag_C2HPRE
4065:Drivers/STM32WBxx_HAL_Driver/Inc/stm32wbxx_ll_rcc.h ****   * @retval State of bit (1 or 0).
4066:Drivers/STM32WBxx_HAL_Driver/Inc/stm32wbxx_ll_rcc.h ****   */
4067:Drivers/STM32WBxx_HAL_Driver/Inc/stm32wbxx_ll_rcc.h **** __STATIC_INLINE uint32_t LL_RCC_IsActiveFlag_C2HPRE(void)
 3170              		.loc 2 4067 26 view .LVU1035
 3171              	.LBB417:
4068:Drivers/STM32WBxx_HAL_Driver/Inc/stm32wbxx_ll_rcc.h **** {
4069:Drivers/STM32WBxx_HAL_Driver/Inc/stm32wbxx_ll_rcc.h ****   return ((READ_BIT(RCC->EXTCFGR, RCC_EXTCFGR_C2HPREF) == (RCC_EXTCFGR_C2HPREF)) ? 1UL : 0UL);
 3172              		.loc 2 4069 3 view .LVU1036
 3173              		.loc 2 4069 12 is_stmt 0 view .LVU1037
 3174 00ea 4FF0B043 		mov	r3, #1476395008
 3175 00ee D3F80831 		ldr	r3, [r3, #264]
 3176              		.loc 2 4069 88 view .LVU1038
 3177 00f2 13F4003F 		tst	r3, #131072
 3178 00f6 97D1     		bne	.L204
 3179              	.LBE417:
 3180              	.LBE416:
1121:Drivers/STM32WBxx_HAL_Driver/Src/stm32wbxx_hal_rcc.c ****       {
 3181              		.loc 1 1121 7 is_stmt 1 view .LVU1039
1121:Drivers/STM32WBxx_HAL_Driver/Src/stm32wbxx_hal_rcc.c ****       {
 3182              		.loc 1 1121 12 is_stmt 0 view .LVU1040
 3183 00f8 FFF7FEFF 		bl	HAL_GetTick
 3184              	.LVL264:
1121:Drivers/STM32WBxx_HAL_Driver/Src/stm32wbxx_hal_rcc.c ****       {
 3185              		.loc 1 1121 26 discriminator 1 view .LVU1041
 3186 00fc 801B     		subs	r0, r0, r6
1121:Drivers/STM32WBxx_HAL_Driver/Src/stm32wbxx_hal_rcc.c ****       {
 3187              		.loc 1 1121 10 discriminator 1 view .LVU1042
 3188 00fe 0228     		cmp	r0, #2
 3189 0100 F3D9     		bls	.L205
1123:Drivers/STM32WBxx_HAL_Driver/Src/stm32wbxx_hal_rcc.c ****       }
 3190              		.loc 1 1123 16 view .LVU1043
 3191 0102 0320     		movs	r0, #3
 3192 0104 A5E0     		b	.L198
 3193              	.LVL265:
 3194              	.L239:
1130:Drivers/STM32WBxx_HAL_Driver/Src/stm32wbxx_hal_rcc.c ****     LL_RCC_SetAHB4Prescaler(RCC_ClkInitStruct->AHBCLK4Divider);
 3195              		.loc 1 1130 5 is_stmt 1 view .LVU1044
1131:Drivers/STM32WBxx_HAL_Driver/Src/stm32wbxx_hal_rcc.c **** 
 3196              		.loc 1 1131 5 view .LVU1045
 3197 0106 A969     		ldr	r1, [r5, #24]
 3198              	.LVL266:
 3199              	.LBB418:
ARM GAS  /var/folders/98/ctz5mtps7w71v8dr53cf5qg40000gn/T//ccdzqVkO.s 			page 177


 3200              	.LBI418:
2202:Drivers/STM32WBxx_HAL_Driver/Inc/stm32wbxx_ll_rcc.h **** {
 3201              		.loc 2 2202 22 view .LVU1046
 3202              	.LBB419:
2204:Drivers/STM32WBxx_HAL_Driver/Inc/stm32wbxx_ll_rcc.h **** }
 3203              		.loc 2 2204 3 view .LVU1047
 3204 0108 4FF0B042 		mov	r2, #1476395008
 3205 010c D2F80831 		ldr	r3, [r2, #264]
 3206 0110 23F00F03 		bic	r3, r3, #15
 3207 0114 43EA1113 		orr	r3, r3, r1, lsr #4
 3208 0118 C2F80831 		str	r3, [r2, #264]
 3209              	.LVL267:
2204:Drivers/STM32WBxx_HAL_Driver/Inc/stm32wbxx_ll_rcc.h **** }
 3210              		.loc 2 2204 3 is_stmt 0 view .LVU1048
 3211              	.LBE419:
 3212              	.LBE418:
1134:Drivers/STM32WBxx_HAL_Driver/Src/stm32wbxx_hal_rcc.c ****     while (LL_RCC_IsActiveFlag_SHDHPRE() == 0U)
 3213              		.loc 1 1134 5 is_stmt 1 view .LVU1049
1134:Drivers/STM32WBxx_HAL_Driver/Src/stm32wbxx_hal_rcc.c ****     while (LL_RCC_IsActiveFlag_SHDHPRE() == 0U)
 3214              		.loc 1 1134 17 is_stmt 0 view .LVU1050
 3215 011c FFF7FEFF 		bl	HAL_GetTick
 3216              	.LVL268:
 3217 0120 0646     		mov	r6, r0
 3218              	.LVL269:
1135:Drivers/STM32WBxx_HAL_Driver/Src/stm32wbxx_hal_rcc.c ****     {
 3219              		.loc 1 1135 5 is_stmt 1 view .LVU1051
 3220              	.L207:
1135:Drivers/STM32WBxx_HAL_Driver/Src/stm32wbxx_hal_rcc.c ****     {
 3221              		.loc 1 1135 42 view .LVU1052
 3222              	.LBB420:
 3223              	.LBI420:
4070:Drivers/STM32WBxx_HAL_Driver/Inc/stm32wbxx_ll_rcc.h **** }
4071:Drivers/STM32WBxx_HAL_Driver/Inc/stm32wbxx_ll_rcc.h **** 
4072:Drivers/STM32WBxx_HAL_Driver/Inc/stm32wbxx_ll_rcc.h **** /**
4073:Drivers/STM32WBxx_HAL_Driver/Inc/stm32wbxx_ll_rcc.h ****   * @brief  Check if HCLK4 prescaler flag value has been applied or not
4074:Drivers/STM32WBxx_HAL_Driver/Inc/stm32wbxx_ll_rcc.h ****   * @rmtoll EXTCFGR         SHDHPREF       LL_RCC_IsActiveFlag_SHDHPRE
4075:Drivers/STM32WBxx_HAL_Driver/Inc/stm32wbxx_ll_rcc.h ****   * @retval State of bit (1 or 0).
4076:Drivers/STM32WBxx_HAL_Driver/Inc/stm32wbxx_ll_rcc.h ****   */
4077:Drivers/STM32WBxx_HAL_Driver/Inc/stm32wbxx_ll_rcc.h **** __STATIC_INLINE uint32_t LL_RCC_IsActiveFlag_SHDHPRE(void)
 3224              		.loc 2 4077 26 view .LVU1053
 3225              	.LBB421:
4078:Drivers/STM32WBxx_HAL_Driver/Inc/stm32wbxx_ll_rcc.h **** {
4079:Drivers/STM32WBxx_HAL_Driver/Inc/stm32wbxx_ll_rcc.h ****   return ((READ_BIT(RCC->EXTCFGR, RCC_EXTCFGR_SHDHPREF) == (RCC_EXTCFGR_SHDHPREF)) ? 1UL : 0UL);
 3226              		.loc 2 4079 3 view .LVU1054
 3227              		.loc 2 4079 12 is_stmt 0 view .LVU1055
 3228 0122 4FF0B043 		mov	r3, #1476395008
 3229 0126 D3F80831 		ldr	r3, [r3, #264]
 3230              		.loc 2 4079 90 view .LVU1056
 3231 012a 13F4803F 		tst	r3, #65536
 3232 012e 7FF47FAF 		bne	.L206
 3233              	.LBE421:
 3234              	.LBE420:
1137:Drivers/STM32WBxx_HAL_Driver/Src/stm32wbxx_hal_rcc.c ****       {
 3235              		.loc 1 1137 7 is_stmt 1 view .LVU1057
1137:Drivers/STM32WBxx_HAL_Driver/Src/stm32wbxx_hal_rcc.c ****       {
 3236              		.loc 1 1137 12 is_stmt 0 view .LVU1058
 3237 0132 FFF7FEFF 		bl	HAL_GetTick
ARM GAS  /var/folders/98/ctz5mtps7w71v8dr53cf5qg40000gn/T//ccdzqVkO.s 			page 178


 3238              	.LVL270:
1137:Drivers/STM32WBxx_HAL_Driver/Src/stm32wbxx_hal_rcc.c ****       {
 3239              		.loc 1 1137 26 discriminator 1 view .LVU1059
 3240 0136 801B     		subs	r0, r0, r6
1137:Drivers/STM32WBxx_HAL_Driver/Src/stm32wbxx_hal_rcc.c ****       {
 3241              		.loc 1 1137 10 discriminator 1 view .LVU1060
 3242 0138 0228     		cmp	r0, #2
 3243 013a F2D9     		bls	.L207
1139:Drivers/STM32WBxx_HAL_Driver/Src/stm32wbxx_hal_rcc.c ****       }
 3244              		.loc 1 1139 16 view .LVU1061
 3245 013c 0320     		movs	r0, #3
 3246 013e 88E0     		b	.L198
 3247              	.LVL271:
 3248              	.L240:
1147:Drivers/STM32WBxx_HAL_Driver/Src/stm32wbxx_hal_rcc.c ****     LL_RCC_SetAPB1Prescaler(RCC_ClkInitStruct->APB1CLKDivider);
 3249              		.loc 1 1147 5 is_stmt 1 view .LVU1062
1148:Drivers/STM32WBxx_HAL_Driver/Src/stm32wbxx_hal_rcc.c **** 
 3250              		.loc 1 1148 5 view .LVU1063
 3251 0140 EB68     		ldr	r3, [r5, #12]
 3252              	.LVL272:
 3253              	.LBB422:
 3254              	.LBI422:
2218:Drivers/STM32WBxx_HAL_Driver/Inc/stm32wbxx_ll_rcc.h **** {
 3255              		.loc 2 2218 22 view .LVU1064
 3256              	.LBB423:
2220:Drivers/STM32WBxx_HAL_Driver/Inc/stm32wbxx_ll_rcc.h **** }
 3257              		.loc 2 2220 3 view .LVU1065
 3258 0142 4FF0B041 		mov	r1, #1476395008
 3259 0146 8A68     		ldr	r2, [r1, #8]
 3260 0148 22F4E062 		bic	r2, r2, #1792
 3261 014c 1343     		orrs	r3, r3, r2
 3262              	.LVL273:
2220:Drivers/STM32WBxx_HAL_Driver/Inc/stm32wbxx_ll_rcc.h **** }
 3263              		.loc 2 2220 3 is_stmt 0 view .LVU1066
 3264 014e 8B60     		str	r3, [r1, #8]
 3265              	.LVL274:
2220:Drivers/STM32WBxx_HAL_Driver/Inc/stm32wbxx_ll_rcc.h **** }
 3266              		.loc 2 2220 3 view .LVU1067
 3267              	.LBE423:
 3268              	.LBE422:
1151:Drivers/STM32WBxx_HAL_Driver/Src/stm32wbxx_hal_rcc.c ****     while (LL_RCC_IsActiveFlag_PPRE1() == 0U)
 3269              		.loc 1 1151 5 is_stmt 1 view .LVU1068
1151:Drivers/STM32WBxx_HAL_Driver/Src/stm32wbxx_hal_rcc.c ****     while (LL_RCC_IsActiveFlag_PPRE1() == 0U)
 3270              		.loc 1 1151 17 is_stmt 0 view .LVU1069
 3271 0150 FFF7FEFF 		bl	HAL_GetTick
 3272              	.LVL275:
 3273 0154 0646     		mov	r6, r0
 3274              	.LVL276:
1152:Drivers/STM32WBxx_HAL_Driver/Src/stm32wbxx_hal_rcc.c ****     {
 3275              		.loc 1 1152 5 is_stmt 1 view .LVU1070
 3276              	.L209:
1152:Drivers/STM32WBxx_HAL_Driver/Src/stm32wbxx_hal_rcc.c ****     {
 3277              		.loc 1 1152 40 view .LVU1071
 3278              	.LBB424:
 3279              	.LBI424:
4080:Drivers/STM32WBxx_HAL_Driver/Inc/stm32wbxx_ll_rcc.h **** }
4081:Drivers/STM32WBxx_HAL_Driver/Inc/stm32wbxx_ll_rcc.h **** 
ARM GAS  /var/folders/98/ctz5mtps7w71v8dr53cf5qg40000gn/T//ccdzqVkO.s 			page 179


4082:Drivers/STM32WBxx_HAL_Driver/Inc/stm32wbxx_ll_rcc.h **** 
4083:Drivers/STM32WBxx_HAL_Driver/Inc/stm32wbxx_ll_rcc.h **** /**
4084:Drivers/STM32WBxx_HAL_Driver/Inc/stm32wbxx_ll_rcc.h ****   * @brief  Check if PLCK1 prescaler flag value has been applied or not
4085:Drivers/STM32WBxx_HAL_Driver/Inc/stm32wbxx_ll_rcc.h ****   * @rmtoll CFGR         PPRE1F       LL_RCC_IsActiveFlag_PPRE1
4086:Drivers/STM32WBxx_HAL_Driver/Inc/stm32wbxx_ll_rcc.h ****   * @retval State of bit (1 or 0).
4087:Drivers/STM32WBxx_HAL_Driver/Inc/stm32wbxx_ll_rcc.h ****   */
4088:Drivers/STM32WBxx_HAL_Driver/Inc/stm32wbxx_ll_rcc.h **** __STATIC_INLINE uint32_t LL_RCC_IsActiveFlag_PPRE1(void)
 3280              		.loc 2 4088 26 view .LVU1072
 3281              	.LBB425:
4089:Drivers/STM32WBxx_HAL_Driver/Inc/stm32wbxx_ll_rcc.h **** {
4090:Drivers/STM32WBxx_HAL_Driver/Inc/stm32wbxx_ll_rcc.h ****   return ((READ_BIT(RCC->CFGR, RCC_CFGR_PPRE1F) == (RCC_CFGR_PPRE1F)) ? 1UL : 0UL);
 3282              		.loc 2 4090 3 view .LVU1073
 3283              		.loc 2 4090 12 is_stmt 0 view .LVU1074
 3284 0156 4FF0B043 		mov	r3, #1476395008
 3285 015a 9B68     		ldr	r3, [r3, #8]
 3286              		.loc 2 4090 77 view .LVU1075
 3287 015c 13F4003F 		tst	r3, #131072
 3288 0160 7FF46BAF 		bne	.L208
 3289              	.LBE425:
 3290              	.LBE424:
1154:Drivers/STM32WBxx_HAL_Driver/Src/stm32wbxx_hal_rcc.c ****       {
 3291              		.loc 1 1154 7 is_stmt 1 view .LVU1076
1154:Drivers/STM32WBxx_HAL_Driver/Src/stm32wbxx_hal_rcc.c ****       {
 3292              		.loc 1 1154 12 is_stmt 0 view .LVU1077
 3293 0164 FFF7FEFF 		bl	HAL_GetTick
 3294              	.LVL277:
1154:Drivers/STM32WBxx_HAL_Driver/Src/stm32wbxx_hal_rcc.c ****       {
 3295              		.loc 1 1154 26 discriminator 1 view .LVU1078
 3296 0168 801B     		subs	r0, r0, r6
1154:Drivers/STM32WBxx_HAL_Driver/Src/stm32wbxx_hal_rcc.c ****       {
 3297              		.loc 1 1154 10 discriminator 1 view .LVU1079
 3298 016a 0228     		cmp	r0, #2
 3299 016c F3D9     		bls	.L209
1156:Drivers/STM32WBxx_HAL_Driver/Src/stm32wbxx_hal_rcc.c ****       }
 3300              		.loc 1 1156 16 view .LVU1080
 3301 016e 0320     		movs	r0, #3
 3302 0170 6FE0     		b	.L198
 3303              	.LVL278:
 3304              	.L241:
1164:Drivers/STM32WBxx_HAL_Driver/Src/stm32wbxx_hal_rcc.c ****     LL_RCC_SetAPB2Prescaler((RCC_ClkInitStruct->APB2CLKDivider) << 3U);
 3305              		.loc 1 1164 5 is_stmt 1 view .LVU1081
1165:Drivers/STM32WBxx_HAL_Driver/Src/stm32wbxx_hal_rcc.c **** 
 3306              		.loc 1 1165 5 view .LVU1082
1165:Drivers/STM32WBxx_HAL_Driver/Src/stm32wbxx_hal_rcc.c **** 
 3307              		.loc 1 1165 47 is_stmt 0 view .LVU1083
 3308 0172 2969     		ldr	r1, [r5, #16]
 3309              	.LVL279:
 3310              	.LBB426:
 3311              	.LBI426:
2234:Drivers/STM32WBxx_HAL_Driver/Inc/stm32wbxx_ll_rcc.h **** {
 3312              		.loc 2 2234 22 is_stmt 1 view .LVU1084
 3313              	.LBB427:
2236:Drivers/STM32WBxx_HAL_Driver/Inc/stm32wbxx_ll_rcc.h **** }
 3314              		.loc 2 2236 3 view .LVU1085
 3315 0174 4FF0B042 		mov	r2, #1476395008
 3316 0178 9368     		ldr	r3, [r2, #8]
 3317 017a 23F46053 		bic	r3, r3, #14336
ARM GAS  /var/folders/98/ctz5mtps7w71v8dr53cf5qg40000gn/T//ccdzqVkO.s 			page 180


 3318 017e 43EAC103 		orr	r3, r3, r1, lsl #3
 3319 0182 9360     		str	r3, [r2, #8]
 3320              	.LVL280:
2236:Drivers/STM32WBxx_HAL_Driver/Inc/stm32wbxx_ll_rcc.h **** }
 3321              		.loc 2 2236 3 is_stmt 0 view .LVU1086
 3322              	.LBE427:
 3323              	.LBE426:
1168:Drivers/STM32WBxx_HAL_Driver/Src/stm32wbxx_hal_rcc.c ****     while (LL_RCC_IsActiveFlag_PPRE2() == 0U)
 3324              		.loc 1 1168 5 is_stmt 1 view .LVU1087
1168:Drivers/STM32WBxx_HAL_Driver/Src/stm32wbxx_hal_rcc.c ****     while (LL_RCC_IsActiveFlag_PPRE2() == 0U)
 3325              		.loc 1 1168 17 is_stmt 0 view .LVU1088
 3326 0184 FFF7FEFF 		bl	HAL_GetTick
 3327              	.LVL281:
 3328 0188 0646     		mov	r6, r0
 3329              	.LVL282:
1169:Drivers/STM32WBxx_HAL_Driver/Src/stm32wbxx_hal_rcc.c ****     {
 3330              		.loc 1 1169 5 is_stmt 1 view .LVU1089
 3331              	.L211:
1169:Drivers/STM32WBxx_HAL_Driver/Src/stm32wbxx_hal_rcc.c ****     {
 3332              		.loc 1 1169 40 view .LVU1090
 3333              	.LBB428:
 3334              	.LBI428:
4091:Drivers/STM32WBxx_HAL_Driver/Inc/stm32wbxx_ll_rcc.h **** }
4092:Drivers/STM32WBxx_HAL_Driver/Inc/stm32wbxx_ll_rcc.h **** 
4093:Drivers/STM32WBxx_HAL_Driver/Inc/stm32wbxx_ll_rcc.h **** /**
4094:Drivers/STM32WBxx_HAL_Driver/Inc/stm32wbxx_ll_rcc.h ****   * @brief  Check if PLCK2 prescaler flag value has been applied or not
4095:Drivers/STM32WBxx_HAL_Driver/Inc/stm32wbxx_ll_rcc.h ****   * @rmtoll CFGR         PPRE2F       LL_RCC_IsActiveFlag_PPRE2
4096:Drivers/STM32WBxx_HAL_Driver/Inc/stm32wbxx_ll_rcc.h ****   * @retval State of bit (1 or 0).
4097:Drivers/STM32WBxx_HAL_Driver/Inc/stm32wbxx_ll_rcc.h ****   */
4098:Drivers/STM32WBxx_HAL_Driver/Inc/stm32wbxx_ll_rcc.h **** __STATIC_INLINE uint32_t LL_RCC_IsActiveFlag_PPRE2(void)
 3335              		.loc 2 4098 26 view .LVU1091
 3336              	.LBB429:
4099:Drivers/STM32WBxx_HAL_Driver/Inc/stm32wbxx_ll_rcc.h **** {
4100:Drivers/STM32WBxx_HAL_Driver/Inc/stm32wbxx_ll_rcc.h ****   return ((READ_BIT(RCC->CFGR, RCC_CFGR_PPRE2F) == (RCC_CFGR_PPRE2F)) ? 1UL : 0UL);
 3337              		.loc 2 4100 3 view .LVU1092
 3338              		.loc 2 4100 12 is_stmt 0 view .LVU1093
 3339 018a 4FF0B043 		mov	r3, #1476395008
 3340 018e 9B68     		ldr	r3, [r3, #8]
 3341              		.loc 2 4100 77 view .LVU1094
 3342 0190 13F4802F 		tst	r3, #262144
 3343 0194 7FF456AF 		bne	.L210
 3344              	.LBE429:
 3345              	.LBE428:
1171:Drivers/STM32WBxx_HAL_Driver/Src/stm32wbxx_hal_rcc.c ****       {
 3346              		.loc 1 1171 7 is_stmt 1 view .LVU1095
1171:Drivers/STM32WBxx_HAL_Driver/Src/stm32wbxx_hal_rcc.c ****       {
 3347              		.loc 1 1171 12 is_stmt 0 view .LVU1096
 3348 0198 FFF7FEFF 		bl	HAL_GetTick
 3349              	.LVL283:
1171:Drivers/STM32WBxx_HAL_Driver/Src/stm32wbxx_hal_rcc.c ****       {
 3350              		.loc 1 1171 26 discriminator 1 view .LVU1097
 3351 019c 801B     		subs	r0, r0, r6
1171:Drivers/STM32WBxx_HAL_Driver/Src/stm32wbxx_hal_rcc.c ****       {
 3352              		.loc 1 1171 10 discriminator 1 view .LVU1098
 3353 019e 0228     		cmp	r0, #2
 3354 01a0 F3D9     		bls	.L211
1173:Drivers/STM32WBxx_HAL_Driver/Src/stm32wbxx_hal_rcc.c ****       }
ARM GAS  /var/folders/98/ctz5mtps7w71v8dr53cf5qg40000gn/T//ccdzqVkO.s 			page 181


 3355              		.loc 1 1173 16 view .LVU1099
 3356 01a2 0320     		movs	r0, #3
 3357 01a4 55E0     		b	.L198
 3358              	.LVL284:
 3359              	.L242:
1187:Drivers/STM32WBxx_HAL_Driver/Src/stm32wbxx_hal_rcc.c ****       {
 3360              		.loc 1 1187 7 is_stmt 1 view .LVU1100
 3361              	.LBB430:
 3362              	.LBI430:
1338:Drivers/STM32WBxx_HAL_Driver/Inc/stm32wbxx_ll_rcc.h **** {
 3363              		.loc 2 1338 26 view .LVU1101
 3364              	.LBB431:
1340:Drivers/STM32WBxx_HAL_Driver/Inc/stm32wbxx_ll_rcc.h **** }
 3365              		.loc 2 1340 3 view .LVU1102
1340:Drivers/STM32WBxx_HAL_Driver/Inc/stm32wbxx_ll_rcc.h **** }
 3366              		.loc 2 1340 12 is_stmt 0 view .LVU1103
 3367 01a6 4FF0B042 		mov	r2, #1476395008
 3368 01aa 1268     		ldr	r2, [r2]
1340:Drivers/STM32WBxx_HAL_Driver/Inc/stm32wbxx_ll_rcc.h **** }
 3369              		.loc 2 1340 71 view .LVU1104
 3370 01ac 12F4003F 		tst	r2, #131072
 3371 01b0 0FD1     		bne	.L214
 3372              	.LBE431:
 3373              	.LBE430:
1189:Drivers/STM32WBxx_HAL_Driver/Src/stm32wbxx_hal_rcc.c ****       }
 3374              		.loc 1 1189 16 view .LVU1105
 3375 01b2 0120     		movs	r0, #1
 3376 01b4 4DE0     		b	.L198
 3377              	.L243:
1196:Drivers/STM32WBxx_HAL_Driver/Src/stm32wbxx_hal_rcc.c ****       {
 3378              		.loc 1 1196 7 is_stmt 1 view .LVU1106
 3379              	.LBB432:
 3380              	.LBI432:
2963:Drivers/STM32WBxx_HAL_Driver/Inc/stm32wbxx_ll_rcc.h **** {
 3381              		.loc 2 2963 26 view .LVU1107
 3382              	.LBB433:
2965:Drivers/STM32WBxx_HAL_Driver/Inc/stm32wbxx_ll_rcc.h **** }
 3383              		.loc 2 2965 3 view .LVU1108
2965:Drivers/STM32WBxx_HAL_Driver/Inc/stm32wbxx_ll_rcc.h **** }
 3384              		.loc 2 2965 12 is_stmt 0 view .LVU1109
 3385 01b6 4FF0B042 		mov	r2, #1476395008
 3386 01ba 1268     		ldr	r2, [r2]
2965:Drivers/STM32WBxx_HAL_Driver/Inc/stm32wbxx_ll_rcc.h **** }
 3387              		.loc 2 2965 71 view .LVU1110
 3388 01bc 12F0007F 		tst	r2, #33554432
 3389 01c0 07D1     		bne	.L214
 3390              	.LBE433:
 3391              	.LBE432:
1198:Drivers/STM32WBxx_HAL_Driver/Src/stm32wbxx_hal_rcc.c ****       }
 3392              		.loc 1 1198 16 view .LVU1111
 3393 01c2 0120     		movs	r0, #1
 3394 01c4 45E0     		b	.L198
 3395              	.L216:
1214:Drivers/STM32WBxx_HAL_Driver/Src/stm32wbxx_hal_rcc.c ****       {
 3396              		.loc 1 1214 7 is_stmt 1 view .LVU1112
 3397              	.LBB434:
 3398              	.LBI434:
ARM GAS  /var/folders/98/ctz5mtps7w71v8dr53cf5qg40000gn/T//ccdzqVkO.s 			page 182


1500:Drivers/STM32WBxx_HAL_Driver/Inc/stm32wbxx_ll_rcc.h **** {
 3399              		.loc 2 1500 26 view .LVU1113
 3400              	.LBB435:
1502:Drivers/STM32WBxx_HAL_Driver/Inc/stm32wbxx_ll_rcc.h **** }
 3401              		.loc 2 1502 3 view .LVU1114
1502:Drivers/STM32WBxx_HAL_Driver/Inc/stm32wbxx_ll_rcc.h **** }
 3402              		.loc 2 1502 12 is_stmt 0 view .LVU1115
 3403 01c6 4FF0B042 		mov	r2, #1476395008
 3404 01ca 1268     		ldr	r2, [r2]
1502:Drivers/STM32WBxx_HAL_Driver/Inc/stm32wbxx_ll_rcc.h **** }
 3405              		.loc 2 1502 71 view .LVU1116
 3406 01cc 12F4806F 		tst	r2, #1024
 3407 01d0 42D0     		beq	.L229
 3408              	.L214:
 3409              	.LBE435:
 3410              	.LBE434:
1222:Drivers/STM32WBxx_HAL_Driver/Src/stm32wbxx_hal_rcc.c **** 
 3411              		.loc 1 1222 5 is_stmt 1 view .LVU1117
 3412              	.LVL285:
 3413              	.LBB436:
 3414              	.LBI436:
2058:Drivers/STM32WBxx_HAL_Driver/Inc/stm32wbxx_ll_rcc.h **** {
 3415              		.loc 2 2058 22 view .LVU1118
 3416              	.LBB437:
2060:Drivers/STM32WBxx_HAL_Driver/Inc/stm32wbxx_ll_rcc.h **** }
 3417              		.loc 2 2060 3 view .LVU1119
 3418 01d2 4FF0B041 		mov	r1, #1476395008
 3419 01d6 8A68     		ldr	r2, [r1, #8]
 3420 01d8 22F00302 		bic	r2, r2, #3
 3421 01dc 1343     		orrs	r3, r3, r2
 3422              	.LVL286:
2060:Drivers/STM32WBxx_HAL_Driver/Inc/stm32wbxx_ll_rcc.h **** }
 3423              		.loc 2 2060 3 is_stmt 0 view .LVU1120
 3424 01de 8B60     		str	r3, [r1, #8]
 3425              	.LVL287:
2060:Drivers/STM32WBxx_HAL_Driver/Inc/stm32wbxx_ll_rcc.h **** }
 3426              		.loc 2 2060 3 view .LVU1121
 3427              	.LBE437:
 3428              	.LBE436:
1225:Drivers/STM32WBxx_HAL_Driver/Src/stm32wbxx_hal_rcc.c **** 
 3429              		.loc 1 1225 5 is_stmt 1 view .LVU1122
1225:Drivers/STM32WBxx_HAL_Driver/Src/stm32wbxx_hal_rcc.c **** 
 3430              		.loc 1 1225 17 is_stmt 0 view .LVU1123
 3431 01e0 FFF7FEFF 		bl	HAL_GetTick
 3432              	.LVL288:
 3433 01e4 0646     		mov	r6, r0
 3434              	.LVL289:
1228:Drivers/STM32WBxx_HAL_Driver/Src/stm32wbxx_hal_rcc.c ****     {
 3435              		.loc 1 1228 5 is_stmt 1 view .LVU1124
 3436              	.L217:
1228:Drivers/STM32WBxx_HAL_Driver/Src/stm32wbxx_hal_rcc.c ****     {
 3437              		.loc 1 1228 42 view .LVU1125
 3438              	.LBB438:
 3439              	.LBI438:
2072:Drivers/STM32WBxx_HAL_Driver/Inc/stm32wbxx_ll_rcc.h **** {
 3440              		.loc 2 2072 26 view .LVU1126
 3441              	.LBB439:
ARM GAS  /var/folders/98/ctz5mtps7w71v8dr53cf5qg40000gn/T//ccdzqVkO.s 			page 183


2074:Drivers/STM32WBxx_HAL_Driver/Inc/stm32wbxx_ll_rcc.h **** }
 3442              		.loc 2 2074 3 view .LVU1127
2074:Drivers/STM32WBxx_HAL_Driver/Inc/stm32wbxx_ll_rcc.h **** }
 3443              		.loc 2 2074 21 is_stmt 0 view .LVU1128
 3444 01e6 4FF0B043 		mov	r3, #1476395008
 3445 01ea 9B68     		ldr	r3, [r3, #8]
2074:Drivers/STM32WBxx_HAL_Driver/Inc/stm32wbxx_ll_rcc.h **** }
 3446              		.loc 2 2074 10 view .LVU1129
 3447 01ec 03F00C03 		and	r3, r3, #12
 3448              	.LBE439:
 3449              	.LBE438:
1228:Drivers/STM32WBxx_HAL_Driver/Src/stm32wbxx_hal_rcc.c ****     {
 3450              		.loc 1 1228 63 discriminator 1 view .LVU1130
 3451 01f0 6A68     		ldr	r2, [r5, #4]
1228:Drivers/STM32WBxx_HAL_Driver/Src/stm32wbxx_hal_rcc.c ****     {
 3452              		.loc 1 1228 42 discriminator 1 view .LVU1131
 3453 01f2 B3EB820F 		cmp	r3, r2, lsl #2
 3454 01f6 08D0     		beq	.L212
1230:Drivers/STM32WBxx_HAL_Driver/Src/stm32wbxx_hal_rcc.c ****       {
 3455              		.loc 1 1230 7 is_stmt 1 view .LVU1132
1230:Drivers/STM32WBxx_HAL_Driver/Src/stm32wbxx_hal_rcc.c ****       {
 3456              		.loc 1 1230 12 is_stmt 0 view .LVU1133
 3457 01f8 FFF7FEFF 		bl	HAL_GetTick
 3458              	.LVL290:
1230:Drivers/STM32WBxx_HAL_Driver/Src/stm32wbxx_hal_rcc.c ****       {
 3459              		.loc 1 1230 26 discriminator 1 view .LVU1134
 3460 01fc 801B     		subs	r0, r0, r6
1230:Drivers/STM32WBxx_HAL_Driver/Src/stm32wbxx_hal_rcc.c ****       {
 3461              		.loc 1 1230 10 discriminator 1 view .LVU1135
 3462 01fe 41F28833 		movw	r3, #5000
 3463 0202 9842     		cmp	r0, r3
 3464 0204 EFD9     		bls	.L217
1232:Drivers/STM32WBxx_HAL_Driver/Src/stm32wbxx_hal_rcc.c ****       }
 3465              		.loc 1 1232 16 view .LVU1136
 3466 0206 0320     		movs	r0, #3
 3467 0208 23E0     		b	.L198
 3468              	.LVL291:
 3469              	.L212:
1238:Drivers/STM32WBxx_HAL_Driver/Src/stm32wbxx_hal_rcc.c ****   {
 3470              		.loc 1 1238 3 is_stmt 1 view .LVU1137
1238:Drivers/STM32WBxx_HAL_Driver/Src/stm32wbxx_hal_rcc.c ****   {
 3471              		.loc 1 1238 18 is_stmt 0 view .LVU1138
 3472 020a 144B     		ldr	r3, .L244
 3473 020c 1B68     		ldr	r3, [r3]
 3474 020e 03F00703 		and	r3, r3, #7
1238:Drivers/STM32WBxx_HAL_Driver/Src/stm32wbxx_hal_rcc.c ****   {
 3475              		.loc 1 1238 6 view .LVU1139
 3476 0212 A342     		cmp	r3, r4
 3477 0214 15D9     		bls	.L219
1241:Drivers/STM32WBxx_HAL_Driver/Src/stm32wbxx_hal_rcc.c **** 
 3478              		.loc 1 1241 5 is_stmt 1 view .LVU1140
 3479 0216 114A     		ldr	r2, .L244
 3480 0218 1368     		ldr	r3, [r2]
 3481 021a 23F00703 		bic	r3, r3, #7
 3482 021e 2343     		orrs	r3, r3, r4
 3483 0220 1360     		str	r3, [r2]
1244:Drivers/STM32WBxx_HAL_Driver/Src/stm32wbxx_hal_rcc.c **** 
ARM GAS  /var/folders/98/ctz5mtps7w71v8dr53cf5qg40000gn/T//ccdzqVkO.s 			page 184


 3484              		.loc 1 1244 5 view .LVU1141
1244:Drivers/STM32WBxx_HAL_Driver/Src/stm32wbxx_hal_rcc.c **** 
 3485              		.loc 1 1244 17 is_stmt 0 view .LVU1142
 3486 0222 FFF7FEFF 		bl	HAL_GetTick
 3487              	.LVL292:
 3488 0226 0546     		mov	r5, r0
 3489              	.LVL293:
1248:Drivers/STM32WBxx_HAL_Driver/Src/stm32wbxx_hal_rcc.c ****     {
 3490              		.loc 1 1248 5 is_stmt 1 view .LVU1143
 3491              	.L220:
1248:Drivers/STM32WBxx_HAL_Driver/Src/stm32wbxx_hal_rcc.c ****     {
 3492              		.loc 1 1248 38 view .LVU1144
1248:Drivers/STM32WBxx_HAL_Driver/Src/stm32wbxx_hal_rcc.c ****     {
 3493              		.loc 1 1248 12 is_stmt 0 view .LVU1145
 3494 0228 0C4B     		ldr	r3, .L244
 3495 022a 1B68     		ldr	r3, [r3]
 3496 022c 03F00703 		and	r3, r3, #7
1248:Drivers/STM32WBxx_HAL_Driver/Src/stm32wbxx_hal_rcc.c ****     {
 3497              		.loc 1 1248 38 view .LVU1146
 3498 0230 A342     		cmp	r3, r4
 3499 0232 06D0     		beq	.L219
1250:Drivers/STM32WBxx_HAL_Driver/Src/stm32wbxx_hal_rcc.c ****       {
 3500              		.loc 1 1250 7 is_stmt 1 view .LVU1147
1250:Drivers/STM32WBxx_HAL_Driver/Src/stm32wbxx_hal_rcc.c ****       {
 3501              		.loc 1 1250 12 is_stmt 0 view .LVU1148
 3502 0234 FFF7FEFF 		bl	HAL_GetTick
 3503              	.LVL294:
1250:Drivers/STM32WBxx_HAL_Driver/Src/stm32wbxx_hal_rcc.c ****       {
 3504              		.loc 1 1250 26 discriminator 1 view .LVU1149
 3505 0238 401B     		subs	r0, r0, r5
1250:Drivers/STM32WBxx_HAL_Driver/Src/stm32wbxx_hal_rcc.c ****       {
 3506              		.loc 1 1250 10 discriminator 1 view .LVU1150
 3507 023a 0228     		cmp	r0, #2
 3508 023c F4D9     		bls	.L220
1252:Drivers/STM32WBxx_HAL_Driver/Src/stm32wbxx_hal_rcc.c ****       }
 3509              		.loc 1 1252 16 view .LVU1151
 3510 023e 0320     		movs	r0, #3
 3511 0240 07E0     		b	.L198
 3512              	.LVL295:
 3513              	.L219:
1260:Drivers/STM32WBxx_HAL_Driver/Src/stm32wbxx_hal_rcc.c **** 
 3514              		.loc 1 1260 3 is_stmt 1 view .LVU1152
1260:Drivers/STM32WBxx_HAL_Driver/Src/stm32wbxx_hal_rcc.c **** 
 3515              		.loc 1 1260 21 is_stmt 0 view .LVU1153
 3516 0242 FFF7FEFF 		bl	HAL_RCC_GetHCLKFreq
 3517              	.LVL296:
1260:Drivers/STM32WBxx_HAL_Driver/Src/stm32wbxx_hal_rcc.c **** 
 3518              		.loc 1 1260 19 discriminator 1 view .LVU1154
 3519 0246 064B     		ldr	r3, .L244+4
 3520 0248 1860     		str	r0, [r3]
1263:Drivers/STM32WBxx_HAL_Driver/Src/stm32wbxx_hal_rcc.c **** }
 3521              		.loc 1 1263 3 is_stmt 1 view .LVU1155
1263:Drivers/STM32WBxx_HAL_Driver/Src/stm32wbxx_hal_rcc.c **** }
 3522              		.loc 1 1263 10 is_stmt 0 view .LVU1156
 3523 024a FFF7FEFF 		bl	HAL_GetTickPrio
 3524              	.LVL297:
1263:Drivers/STM32WBxx_HAL_Driver/Src/stm32wbxx_hal_rcc.c **** }
ARM GAS  /var/folders/98/ctz5mtps7w71v8dr53cf5qg40000gn/T//ccdzqVkO.s 			page 185


 3525              		.loc 1 1263 10 discriminator 1 view .LVU1157
 3526 024e FFF7FEFF 		bl	HAL_InitTick
 3527              	.LVL298:
 3528              	.L198:
1264:Drivers/STM32WBxx_HAL_Driver/Src/stm32wbxx_hal_rcc.c **** 
 3529              		.loc 1 1264 1 view .LVU1158
 3530 0252 70BD     		pop	{r4, r5, r6, pc}
 3531              	.LVL299:
 3532              	.L222:
 3533              	.LCFI14:
 3534              		.cfi_def_cfa_offset 0
 3535              		.cfi_restore 4
 3536              		.cfi_restore 5
 3537              		.cfi_restore 6
 3538              		.cfi_restore 14
1063:Drivers/STM32WBxx_HAL_Driver/Src/stm32wbxx_hal_rcc.c ****   }
 3539              		.loc 1 1063 12 view .LVU1159
 3540 0254 0120     		movs	r0, #1
 3541              	.LVL300:
1264:Drivers/STM32WBxx_HAL_Driver/Src/stm32wbxx_hal_rcc.c **** 
 3542              		.loc 1 1264 1 view .LVU1160
 3543 0256 7047     		bx	lr
 3544              	.LVL301:
 3545              	.L229:
 3546              	.LCFI15:
 3547              		.cfi_def_cfa_offset 16
 3548              		.cfi_offset 4, -16
 3549              		.cfi_offset 5, -12
 3550              		.cfi_offset 6, -8
 3551              		.cfi_offset 14, -4
1216:Drivers/STM32WBxx_HAL_Driver/Src/stm32wbxx_hal_rcc.c ****       }
 3552              		.loc 1 1216 16 view .LVU1161
 3553 0258 0120     		movs	r0, #1
 3554 025a FAE7     		b	.L198
 3555              	.L245:
 3556              		.align	2
 3557              	.L244:
 3558 025c 00400058 		.word	1476411392
 3559 0260 00000000 		.word	SystemCoreClock
 3560              		.cfi_endproc
 3561              	.LFE952:
 3563              		.section	.text.HAL_RCC_GetHCLK2Freq,"ax",%progbits
 3564              		.align	1
 3565              		.global	HAL_RCC_GetHCLK2Freq
 3566              		.syntax unified
 3567              		.thumb
 3568              		.thumb_func
 3570              	HAL_RCC_GetHCLK2Freq:
 3571              	.LFB956:
1481:Drivers/STM32WBxx_HAL_Driver/Src/stm32wbxx_hal_rcc.c ****   /* Get SysClock and Compute HCLK2 frequency ---------------------------*/
 3572              		.loc 1 1481 1 is_stmt 1 view -0
 3573              		.cfi_startproc
 3574              		@ args = 0, pretend = 0, frame = 0
 3575              		@ frame_needed = 0, uses_anonymous_args = 0
 3576 0000 08B5     		push	{r3, lr}
 3577              	.LCFI16:
 3578              		.cfi_def_cfa_offset 8
ARM GAS  /var/folders/98/ctz5mtps7w71v8dr53cf5qg40000gn/T//ccdzqVkO.s 			page 186


 3579              		.cfi_offset 3, -8
 3580              		.cfi_offset 14, -4
1483:Drivers/STM32WBxx_HAL_Driver/Src/stm32wbxx_hal_rcc.c **** }
 3581              		.loc 1 1483 3 view .LVU1163
1483:Drivers/STM32WBxx_HAL_Driver/Src/stm32wbxx_hal_rcc.c **** }
 3582              		.loc 1 1483 22 is_stmt 0 view .LVU1164
 3583 0002 FFF7FEFF 		bl	HAL_RCC_GetSysClockFreq
 3584              	.LVL302:
 3585              	.LBB440:
 3586              	.LBI440:
2282:Drivers/STM32WBxx_HAL_Driver/Inc/stm32wbxx_ll_rcc.h **** {
 3587              		.loc 2 2282 26 is_stmt 1 view .LVU1165
 3588              	.LBB441:
2284:Drivers/STM32WBxx_HAL_Driver/Inc/stm32wbxx_ll_rcc.h **** }
 3589              		.loc 2 2284 3 view .LVU1166
2284:Drivers/STM32WBxx_HAL_Driver/Inc/stm32wbxx_ll_rcc.h **** }
 3590              		.loc 2 2284 21 is_stmt 0 view .LVU1167
 3591 0006 4FF0B043 		mov	r3, #1476395008
 3592 000a D3F80831 		ldr	r3, [r3, #264]
 3593              	.LBE441:
 3594              	.LBE440:
1483:Drivers/STM32WBxx_HAL_Driver/Src/stm32wbxx_hal_rcc.c **** }
 3595              		.loc 1 1483 22 discriminator 2 view .LVU1168
 3596 000e C3F30313 		ubfx	r3, r3, #4, #4
 3597 0012 034A     		ldr	r2, .L248
 3598 0014 52F82330 		ldr	r3, [r2, r3, lsl #2]
1484:Drivers/STM32WBxx_HAL_Driver/Src/stm32wbxx_hal_rcc.c **** 
 3599              		.loc 1 1484 1 view .LVU1169
 3600 0018 B0FBF3F0 		udiv	r0, r0, r3
 3601 001c 08BD     		pop	{r3, pc}
 3602              	.L249:
 3603 001e 00BF     		.align	2
 3604              	.L248:
 3605 0020 00000000 		.word	AHBPrescTable
 3606              		.cfi_endproc
 3607              	.LFE956:
 3609              		.section	.text.HAL_RCC_GetHCLK4Freq,"ax",%progbits
 3610              		.align	1
 3611              		.global	HAL_RCC_GetHCLK4Freq
 3612              		.syntax unified
 3613              		.thumb
 3614              		.thumb_func
 3616              	HAL_RCC_GetHCLK4Freq:
 3617              	.LFB957:
1491:Drivers/STM32WBxx_HAL_Driver/Src/stm32wbxx_hal_rcc.c ****   /* Get SysClock and Compute AHB4 frequency ---------------------------*/
 3618              		.loc 1 1491 1 is_stmt 1 view -0
 3619              		.cfi_startproc
 3620              		@ args = 0, pretend = 0, frame = 0
 3621              		@ frame_needed = 0, uses_anonymous_args = 0
 3622 0000 08B5     		push	{r3, lr}
 3623              	.LCFI17:
 3624              		.cfi_def_cfa_offset 8
 3625              		.cfi_offset 3, -8
 3626              		.cfi_offset 14, -4
1493:Drivers/STM32WBxx_HAL_Driver/Src/stm32wbxx_hal_rcc.c **** }
 3627              		.loc 1 1493 3 view .LVU1171
1493:Drivers/STM32WBxx_HAL_Driver/Src/stm32wbxx_hal_rcc.c **** }
ARM GAS  /var/folders/98/ctz5mtps7w71v8dr53cf5qg40000gn/T//ccdzqVkO.s 			page 187


 3628              		.loc 1 1493 22 is_stmt 0 view .LVU1172
 3629 0002 FFF7FEFF 		bl	HAL_RCC_GetSysClockFreq
 3630              	.LVL303:
 3631              	.LBB442:
 3632              	.LBI442:
2306:Drivers/STM32WBxx_HAL_Driver/Inc/stm32wbxx_ll_rcc.h **** {
 3633              		.loc 2 2306 26 is_stmt 1 view .LVU1173
 3634              	.LBB443:
2308:Drivers/STM32WBxx_HAL_Driver/Inc/stm32wbxx_ll_rcc.h **** }
 3635              		.loc 2 2308 3 view .LVU1174
2308:Drivers/STM32WBxx_HAL_Driver/Inc/stm32wbxx_ll_rcc.h **** }
 3636              		.loc 2 2308 21 is_stmt 0 view .LVU1175
 3637 0006 4FF0B043 		mov	r3, #1476395008
 3638 000a D3F80831 		ldr	r3, [r3, #264]
 3639              	.LBE443:
 3640              	.LBE442:
1493:Drivers/STM32WBxx_HAL_Driver/Src/stm32wbxx_hal_rcc.c **** }
 3641              		.loc 1 1493 22 discriminator 2 view .LVU1176
 3642 000e 03F00F03 		and	r3, r3, #15
 3643 0012 034A     		ldr	r2, .L252
 3644 0014 52F82330 		ldr	r3, [r2, r3, lsl #2]
1494:Drivers/STM32WBxx_HAL_Driver/Src/stm32wbxx_hal_rcc.c **** 
 3645              		.loc 1 1494 1 view .LVU1177
 3646 0018 B0FBF3F0 		udiv	r0, r0, r3
 3647 001c 08BD     		pop	{r3, pc}
 3648              	.L253:
 3649 001e 00BF     		.align	2
 3650              	.L252:
 3651 0020 00000000 		.word	AHBPrescTable
 3652              		.cfi_endproc
 3653              	.LFE957:
 3655              		.section	.text.HAL_RCC_GetPCLK1Freq,"ax",%progbits
 3656              		.align	1
 3657              		.global	HAL_RCC_GetPCLK1Freq
 3658              		.syntax unified
 3659              		.thumb
 3660              		.thumb_func
 3662              	HAL_RCC_GetPCLK1Freq:
 3663              	.LFB958:
1503:Drivers/STM32WBxx_HAL_Driver/Src/stm32wbxx_hal_rcc.c ****   /* Get HCLK source and Compute PCLK1 frequency ---------------------------*/
 3664              		.loc 1 1503 1 is_stmt 1 view -0
 3665              		.cfi_startproc
 3666              		@ args = 0, pretend = 0, frame = 0
 3667              		@ frame_needed = 0, uses_anonymous_args = 0
 3668 0000 08B5     		push	{r3, lr}
 3669              	.LCFI18:
 3670              		.cfi_def_cfa_offset 8
 3671              		.cfi_offset 3, -8
 3672              		.cfi_offset 14, -4
1505:Drivers/STM32WBxx_HAL_Driver/Src/stm32wbxx_hal_rcc.c **** }
 3673              		.loc 1 1505 3 view .LVU1179
1505:Drivers/STM32WBxx_HAL_Driver/Src/stm32wbxx_hal_rcc.c **** }
 3674              		.loc 1 1505 22 is_stmt 0 view .LVU1180
 3675 0002 FFF7FEFF 		bl	HAL_RCC_GetHCLKFreq
 3676              	.LVL304:
 3677              	.LBB444:
 3678              	.LBI444:
ARM GAS  /var/folders/98/ctz5mtps7w71v8dr53cf5qg40000gn/T//ccdzqVkO.s 			page 188


2321:Drivers/STM32WBxx_HAL_Driver/Inc/stm32wbxx_ll_rcc.h **** {
 3679              		.loc 2 2321 26 is_stmt 1 view .LVU1181
 3680              	.LBB445:
2323:Drivers/STM32WBxx_HAL_Driver/Inc/stm32wbxx_ll_rcc.h **** }
 3681              		.loc 2 2323 3 view .LVU1182
2323:Drivers/STM32WBxx_HAL_Driver/Inc/stm32wbxx_ll_rcc.h **** }
 3682              		.loc 2 2323 21 is_stmt 0 view .LVU1183
 3683 0006 4FF0B043 		mov	r3, #1476395008
 3684 000a 9B68     		ldr	r3, [r3, #8]
 3685              	.LBE445:
 3686              	.LBE444:
1505:Drivers/STM32WBxx_HAL_Driver/Src/stm32wbxx_hal_rcc.c **** }
 3687              		.loc 1 1505 22 discriminator 2 view .LVU1184
 3688 000c C3F30223 		ubfx	r3, r3, #8, #3
 3689 0010 034A     		ldr	r2, .L256
 3690 0012 52F82330 		ldr	r3, [r2, r3, lsl #2]
 3691 0016 03F01F03 		and	r3, r3, #31
1506:Drivers/STM32WBxx_HAL_Driver/Src/stm32wbxx_hal_rcc.c **** 
 3692              		.loc 1 1506 1 view .LVU1185
 3693 001a D840     		lsrs	r0, r0, r3
 3694 001c 08BD     		pop	{r3, pc}
 3695              	.L257:
 3696 001e 00BF     		.align	2
 3697              	.L256:
 3698 0020 00000000 		.word	APBPrescTable
 3699              		.cfi_endproc
 3700              	.LFE958:
 3702              		.section	.text.HAL_RCC_GetPCLK2Freq,"ax",%progbits
 3703              		.align	1
 3704              		.global	HAL_RCC_GetPCLK2Freq
 3705              		.syntax unified
 3706              		.thumb
 3707              		.thumb_func
 3709              	HAL_RCC_GetPCLK2Freq:
 3710              	.LFB959:
1515:Drivers/STM32WBxx_HAL_Driver/Src/stm32wbxx_hal_rcc.c ****   /* Get HCLK source and Compute PCLK2 frequency ---------------------------*/
 3711              		.loc 1 1515 1 is_stmt 1 view -0
 3712              		.cfi_startproc
 3713              		@ args = 0, pretend = 0, frame = 0
 3714              		@ frame_needed = 0, uses_anonymous_args = 0
 3715 0000 08B5     		push	{r3, lr}
 3716              	.LCFI19:
 3717              		.cfi_def_cfa_offset 8
 3718              		.cfi_offset 3, -8
 3719              		.cfi_offset 14, -4
1517:Drivers/STM32WBxx_HAL_Driver/Src/stm32wbxx_hal_rcc.c **** }
 3720              		.loc 1 1517 3 view .LVU1187
1517:Drivers/STM32WBxx_HAL_Driver/Src/stm32wbxx_hal_rcc.c **** }
 3721              		.loc 1 1517 22 is_stmt 0 view .LVU1188
 3722 0002 FFF7FEFF 		bl	HAL_RCC_GetHCLKFreq
 3723              	.LVL305:
 3724              	.LBB446:
 3725              	.LBI446:
2336:Drivers/STM32WBxx_HAL_Driver/Inc/stm32wbxx_ll_rcc.h **** {
 3726              		.loc 2 2336 26 is_stmt 1 view .LVU1189
 3727              	.LBB447:
2338:Drivers/STM32WBxx_HAL_Driver/Inc/stm32wbxx_ll_rcc.h **** }
ARM GAS  /var/folders/98/ctz5mtps7w71v8dr53cf5qg40000gn/T//ccdzqVkO.s 			page 189


 3728              		.loc 2 2338 3 view .LVU1190
2338:Drivers/STM32WBxx_HAL_Driver/Inc/stm32wbxx_ll_rcc.h **** }
 3729              		.loc 2 2338 21 is_stmt 0 view .LVU1191
 3730 0006 4FF0B043 		mov	r3, #1476395008
 3731 000a 9B68     		ldr	r3, [r3, #8]
 3732              	.LBE447:
 3733              	.LBE446:
1517:Drivers/STM32WBxx_HAL_Driver/Src/stm32wbxx_hal_rcc.c **** }
 3734              		.loc 1 1517 22 discriminator 2 view .LVU1192
 3735 000c C3F3C223 		ubfx	r3, r3, #11, #3
 3736 0010 034A     		ldr	r2, .L260
 3737 0012 52F82330 		ldr	r3, [r2, r3, lsl #2]
 3738 0016 03F01F03 		and	r3, r3, #31
1518:Drivers/STM32WBxx_HAL_Driver/Src/stm32wbxx_hal_rcc.c **** 
 3739              		.loc 1 1518 1 view .LVU1193
 3740 001a D840     		lsrs	r0, r0, r3
 3741 001c 08BD     		pop	{r3, pc}
 3742              	.L261:
 3743 001e 00BF     		.align	2
 3744              	.L260:
 3745 0020 00000000 		.word	APBPrescTable
 3746              		.cfi_endproc
 3747              	.LFE959:
 3749              		.section	.text.HAL_RCC_GetOscConfig,"ax",%progbits
 3750              		.align	1
 3751              		.global	HAL_RCC_GetOscConfig
 3752              		.syntax unified
 3753              		.thumb
 3754              		.thumb_func
 3756              	HAL_RCC_GetOscConfig:
 3757              	.LVL306:
 3758              	.LFB960:
1528:Drivers/STM32WBxx_HAL_Driver/Src/stm32wbxx_hal_rcc.c ****   uint32_t regvalue;
 3759              		.loc 1 1528 1 is_stmt 1 view -0
 3760              		.cfi_startproc
 3761              		@ args = 0, pretend = 0, frame = 0
 3762              		@ frame_needed = 0, uses_anonymous_args = 0
 3763              		@ link register save eliminated.
1528:Drivers/STM32WBxx_HAL_Driver/Src/stm32wbxx_hal_rcc.c ****   uint32_t regvalue;
 3764              		.loc 1 1528 1 is_stmt 0 view .LVU1195
 3765 0000 30B4     		push	{r4, r5}
 3766              	.LCFI20:
 3767              		.cfi_def_cfa_offset 8
 3768              		.cfi_offset 4, -8
 3769              		.cfi_offset 5, -4
1529:Drivers/STM32WBxx_HAL_Driver/Src/stm32wbxx_hal_rcc.c ****   uint32_t regICSRvalue;
 3770              		.loc 1 1529 3 is_stmt 1 view .LVU1196
1530:Drivers/STM32WBxx_HAL_Driver/Src/stm32wbxx_hal_rcc.c ****   uint32_t regPLLCFGRvalue;
 3771              		.loc 1 1530 3 view .LVU1197
1531:Drivers/STM32WBxx_HAL_Driver/Src/stm32wbxx_hal_rcc.c **** 
 3772              		.loc 1 1531 3 view .LVU1198
1534:Drivers/STM32WBxx_HAL_Driver/Src/stm32wbxx_hal_rcc.c **** 
 3773              		.loc 1 1534 3 view .LVU1199
1537:Drivers/STM32WBxx_HAL_Driver/Src/stm32wbxx_hal_rcc.c ****                                       RCC_OSCILLATORTYPE_LSE | RCC_OSCILLATORTYPE_LSI1 | RCC_OSCILL
 3774              		.loc 1 1537 3 view .LVU1200
1537:Drivers/STM32WBxx_HAL_Driver/Src/stm32wbxx_hal_rcc.c ****                                       RCC_OSCILLATORTYPE_LSE | RCC_OSCILLATORTYPE_LSI1 | RCC_OSCILL
 3775              		.loc 1 1537 37 is_stmt 0 view .LVU1201
ARM GAS  /var/folders/98/ctz5mtps7w71v8dr53cf5qg40000gn/T//ccdzqVkO.s 			page 190


 3776 0002 3F23     		movs	r3, #63
 3777 0004 0360     		str	r3, [r0]
1541:Drivers/STM32WBxx_HAL_Driver/Src/stm32wbxx_hal_rcc.c **** #endif /* RCC_HSI48_SUPPORT */
 3778              		.loc 1 1541 3 is_stmt 1 view .LVU1202
1541:Drivers/STM32WBxx_HAL_Driver/Src/stm32wbxx_hal_rcc.c **** #endif /* RCC_HSI48_SUPPORT */
 3779              		.loc 1 1541 37 is_stmt 0 view .LVU1203
 3780 0006 7F23     		movs	r3, #127
 3781 0008 0360     		str	r3, [r0]
1545:Drivers/STM32WBxx_HAL_Driver/Src/stm32wbxx_hal_rcc.c ****   regICSRvalue = RCC->ICSCR; /* Get Internal Clock Sources Calibration register */
 3782              		.loc 1 1545 3 is_stmt 1 view .LVU1204
1545:Drivers/STM32WBxx_HAL_Driver/Src/stm32wbxx_hal_rcc.c ****   regICSRvalue = RCC->ICSCR; /* Get Internal Clock Sources Calibration register */
 3783              		.loc 1 1545 12 is_stmt 0 view .LVU1205
 3784 000a 4FF0B041 		mov	r1, #1476395008
 3785 000e 0B68     		ldr	r3, [r1]
 3786              	.LVL307:
1546:Drivers/STM32WBxx_HAL_Driver/Src/stm32wbxx_hal_rcc.c ****   regPLLCFGRvalue = RCC->PLLCFGR; /* Get PLL Configuration register */
 3787              		.loc 1 1546 3 is_stmt 1 view .LVU1206
1546:Drivers/STM32WBxx_HAL_Driver/Src/stm32wbxx_hal_rcc.c ****   regPLLCFGRvalue = RCC->PLLCFGR; /* Get PLL Configuration register */
 3788              		.loc 1 1546 16 is_stmt 0 view .LVU1207
 3789 0010 4C68     		ldr	r4, [r1, #4]
 3790              	.LVL308:
1547:Drivers/STM32WBxx_HAL_Driver/Src/stm32wbxx_hal_rcc.c **** 
 3791              		.loc 1 1547 3 is_stmt 1 view .LVU1208
1547:Drivers/STM32WBxx_HAL_Driver/Src/stm32wbxx_hal_rcc.c **** 
 3792              		.loc 1 1547 19 is_stmt 0 view .LVU1209
 3793 0012 CA68     		ldr	r2, [r1, #12]
 3794              	.LVL309:
1550:Drivers/STM32WBxx_HAL_Driver/Src/stm32wbxx_hal_rcc.c **** 
 3795              		.loc 1 1550 3 is_stmt 1 view .LVU1210
1550:Drivers/STM32WBxx_HAL_Driver/Src/stm32wbxx_hal_rcc.c **** 
 3796              		.loc 1 1550 43 is_stmt 0 view .LVU1211
 3797 0014 03F48035 		and	r5, r3, #65536
1550:Drivers/STM32WBxx_HAL_Driver/Src/stm32wbxx_hal_rcc.c **** 
 3798              		.loc 1 1550 31 view .LVU1212
 3799 0018 4560     		str	r5, [r0, #4]
1553:Drivers/STM32WBxx_HAL_Driver/Src/stm32wbxx_hal_rcc.c ****   RCC_OscInitStruct->MSICalibrationValue = (regICSRvalue & RCC_ICSCR_MSITRIM) >> RCC_ICSCR_MSITRIM_
 3800              		.loc 1 1553 3 is_stmt 1 view .LVU1213
1553:Drivers/STM32WBxx_HAL_Driver/Src/stm32wbxx_hal_rcc.c ****   RCC_OscInitStruct->MSICalibrationValue = (regICSRvalue & RCC_ICSCR_MSITRIM) >> RCC_ICSCR_MSITRIM_
 3801              		.loc 1 1553 54 is_stmt 0 view .LVU1214
 3802 001a 03F00105 		and	r5, r3, #1
1553:Drivers/STM32WBxx_HAL_Driver/Src/stm32wbxx_hal_rcc.c ****   RCC_OscInitStruct->MSICalibrationValue = (regICSRvalue & RCC_ICSCR_MSITRIM) >> RCC_ICSCR_MSITRIM_
 3803              		.loc 1 1553 42 view .LVU1215
 3804 001e C561     		str	r5, [r0, #28]
1554:Drivers/STM32WBxx_HAL_Driver/Src/stm32wbxx_hal_rcc.c ****   RCC_OscInitStruct->MSIClockRange       = (regvalue & RCC_CR_MSIRANGE);
 3805              		.loc 1 1554 3 is_stmt 1 view .LVU1216
1554:Drivers/STM32WBxx_HAL_Driver/Src/stm32wbxx_hal_rcc.c ****   RCC_OscInitStruct->MSIClockRange       = (regvalue & RCC_CR_MSIRANGE);
 3806              		.loc 1 1554 79 is_stmt 0 view .LVU1217
 3807 0020 C4F30725 		ubfx	r5, r4, #8, #8
1554:Drivers/STM32WBxx_HAL_Driver/Src/stm32wbxx_hal_rcc.c ****   RCC_OscInitStruct->MSIClockRange       = (regvalue & RCC_CR_MSIRANGE);
 3808              		.loc 1 1554 42 view .LVU1218
 3809 0024 0562     		str	r5, [r0, #32]
1555:Drivers/STM32WBxx_HAL_Driver/Src/stm32wbxx_hal_rcc.c **** 
 3810              		.loc 1 1555 3 is_stmt 1 view .LVU1219
1555:Drivers/STM32WBxx_HAL_Driver/Src/stm32wbxx_hal_rcc.c **** 
 3811              		.loc 1 1555 54 is_stmt 0 view .LVU1220
 3812 0026 03F0F005 		and	r5, r3, #240
1555:Drivers/STM32WBxx_HAL_Driver/Src/stm32wbxx_hal_rcc.c **** 
ARM GAS  /var/folders/98/ctz5mtps7w71v8dr53cf5qg40000gn/T//ccdzqVkO.s 			page 191


 3813              		.loc 1 1555 42 view .LVU1221
 3814 002a 4562     		str	r5, [r0, #36]
1558:Drivers/STM32WBxx_HAL_Driver/Src/stm32wbxx_hal_rcc.c ****   RCC_OscInitStruct->HSICalibrationValue = ((regICSRvalue & RCC_ICSCR_HSITRIM) >> RCC_ICSCR_HSITRIM
 3815              		.loc 1 1558 3 is_stmt 1 view .LVU1222
1558:Drivers/STM32WBxx_HAL_Driver/Src/stm32wbxx_hal_rcc.c ****   RCC_OscInitStruct->HSICalibrationValue = ((regICSRvalue & RCC_ICSCR_HSITRIM) >> RCC_ICSCR_HSITRIM
 3816              		.loc 1 1558 54 is_stmt 0 view .LVU1223
 3817 002c 03F48075 		and	r5, r3, #256
1558:Drivers/STM32WBxx_HAL_Driver/Src/stm32wbxx_hal_rcc.c ****   RCC_OscInitStruct->HSICalibrationValue = ((regICSRvalue & RCC_ICSCR_HSITRIM) >> RCC_ICSCR_HSITRIM
 3818              		.loc 1 1558 42 view .LVU1224
 3819 0030 C560     		str	r5, [r0, #12]
1559:Drivers/STM32WBxx_HAL_Driver/Src/stm32wbxx_hal_rcc.c **** 
 3820              		.loc 1 1559 3 is_stmt 1 view .LVU1225
1559:Drivers/STM32WBxx_HAL_Driver/Src/stm32wbxx_hal_rcc.c **** 
 3821              		.loc 1 1559 80 is_stmt 0 view .LVU1226
 3822 0032 C4F30664 		ubfx	r4, r4, #24, #7
 3823              	.LVL310:
1559:Drivers/STM32WBxx_HAL_Driver/Src/stm32wbxx_hal_rcc.c **** 
 3824              		.loc 1 1559 42 view .LVU1227
 3825 0036 0461     		str	r4, [r0, #16]
1562:Drivers/STM32WBxx_HAL_Driver/Src/stm32wbxx_hal_rcc.c ****   RCC_OscInitStruct->PLL.PLLSource = (regPLLCFGRvalue & RCC_PLLCFGR_PLLSRC);
 3826              		.loc 1 1562 3 is_stmt 1 view .LVU1228
1562:Drivers/STM32WBxx_HAL_Driver/Src/stm32wbxx_hal_rcc.c ****   RCC_OscInitStruct->PLL.PLLSource = (regPLLCFGRvalue & RCC_PLLCFGR_PLLSRC);
 3827              		.loc 1 1562 65 is_stmt 0 view .LVU1229
 3828 0038 C3F30063 		ubfx	r3, r3, #24, #1
 3829              	.LVL311:
1562:Drivers/STM32WBxx_HAL_Driver/Src/stm32wbxx_hal_rcc.c ****   RCC_OscInitStruct->PLL.PLLSource = (regPLLCFGRvalue & RCC_PLLCFGR_PLLSRC);
 3830              		.loc 1 1562 86 view .LVU1230
 3831 003c 0133     		adds	r3, r3, #1
1562:Drivers/STM32WBxx_HAL_Driver/Src/stm32wbxx_hal_rcc.c ****   RCC_OscInitStruct->PLL.PLLSource = (regPLLCFGRvalue & RCC_PLLCFGR_PLLSRC);
 3832              		.loc 1 1562 36 view .LVU1231
 3833 003e C362     		str	r3, [r0, #44]
1563:Drivers/STM32WBxx_HAL_Driver/Src/stm32wbxx_hal_rcc.c ****   RCC_OscInitStruct->PLL.PLLM      = (regPLLCFGRvalue & RCC_PLLCFGR_PLLM);
 3834              		.loc 1 1563 3 is_stmt 1 view .LVU1232
1563:Drivers/STM32WBxx_HAL_Driver/Src/stm32wbxx_hal_rcc.c ****   RCC_OscInitStruct->PLL.PLLM      = (regPLLCFGRvalue & RCC_PLLCFGR_PLLM);
 3835              		.loc 1 1563 55 is_stmt 0 view .LVU1233
 3836 0040 02F00303 		and	r3, r2, #3
1563:Drivers/STM32WBxx_HAL_Driver/Src/stm32wbxx_hal_rcc.c ****   RCC_OscInitStruct->PLL.PLLM      = (regPLLCFGRvalue & RCC_PLLCFGR_PLLM);
 3837              		.loc 1 1563 36 view .LVU1234
 3838 0044 0363     		str	r3, [r0, #48]
1564:Drivers/STM32WBxx_HAL_Driver/Src/stm32wbxx_hal_rcc.c ****   RCC_OscInitStruct->PLL.PLLN      = ((regPLLCFGRvalue & RCC_PLLCFGR_PLLN) >> RCC_PLLCFGR_PLLN_Pos)
 3839              		.loc 1 1564 3 is_stmt 1 view .LVU1235
1564:Drivers/STM32WBxx_HAL_Driver/Src/stm32wbxx_hal_rcc.c ****   RCC_OscInitStruct->PLL.PLLN      = ((regPLLCFGRvalue & RCC_PLLCFGR_PLLN) >> RCC_PLLCFGR_PLLN_Pos)
 3840              		.loc 1 1564 55 is_stmt 0 view .LVU1236
 3841 0046 02F07003 		and	r3, r2, #112
1564:Drivers/STM32WBxx_HAL_Driver/Src/stm32wbxx_hal_rcc.c ****   RCC_OscInitStruct->PLL.PLLN      = ((regPLLCFGRvalue & RCC_PLLCFGR_PLLN) >> RCC_PLLCFGR_PLLN_Pos)
 3842              		.loc 1 1564 36 view .LVU1237
 3843 004a 4363     		str	r3, [r0, #52]
1565:Drivers/STM32WBxx_HAL_Driver/Src/stm32wbxx_hal_rcc.c ****   RCC_OscInitStruct->PLL.PLLP      = (regPLLCFGRvalue & RCC_PLLCFGR_PLLP);
 3844              		.loc 1 1565 3 is_stmt 1 view .LVU1238
1565:Drivers/STM32WBxx_HAL_Driver/Src/stm32wbxx_hal_rcc.c ****   RCC_OscInitStruct->PLL.PLLP      = (regPLLCFGRvalue & RCC_PLLCFGR_PLLP);
 3845              		.loc 1 1565 76 is_stmt 0 view .LVU1239
 3846 004c C2F30623 		ubfx	r3, r2, #8, #7
1565:Drivers/STM32WBxx_HAL_Driver/Src/stm32wbxx_hal_rcc.c ****   RCC_OscInitStruct->PLL.PLLP      = (regPLLCFGRvalue & RCC_PLLCFGR_PLLP);
 3847              		.loc 1 1565 36 view .LVU1240
 3848 0050 8363     		str	r3, [r0, #56]
1566:Drivers/STM32WBxx_HAL_Driver/Src/stm32wbxx_hal_rcc.c ****   RCC_OscInitStruct->PLL.PLLQ      = (regPLLCFGRvalue & RCC_PLLCFGR_PLLQ);
 3849              		.loc 1 1566 3 is_stmt 1 view .LVU1241
ARM GAS  /var/folders/98/ctz5mtps7w71v8dr53cf5qg40000gn/T//ccdzqVkO.s 			page 192


1566:Drivers/STM32WBxx_HAL_Driver/Src/stm32wbxx_hal_rcc.c ****   RCC_OscInitStruct->PLL.PLLQ      = (regPLLCFGRvalue & RCC_PLLCFGR_PLLQ);
 3850              		.loc 1 1566 55 is_stmt 0 view .LVU1242
 3851 0052 02F47813 		and	r3, r2, #4063232
1566:Drivers/STM32WBxx_HAL_Driver/Src/stm32wbxx_hal_rcc.c ****   RCC_OscInitStruct->PLL.PLLQ      = (regPLLCFGRvalue & RCC_PLLCFGR_PLLQ);
 3852              		.loc 1 1566 36 view .LVU1243
 3853 0056 C363     		str	r3, [r0, #60]
1567:Drivers/STM32WBxx_HAL_Driver/Src/stm32wbxx_hal_rcc.c ****   RCC_OscInitStruct->PLL.PLLR      = (regPLLCFGRvalue & RCC_PLLCFGR_PLLR);
 3854              		.loc 1 1567 3 is_stmt 1 view .LVU1244
1567:Drivers/STM32WBxx_HAL_Driver/Src/stm32wbxx_hal_rcc.c ****   RCC_OscInitStruct->PLL.PLLR      = (regPLLCFGRvalue & RCC_PLLCFGR_PLLR);
 3855              		.loc 1 1567 55 is_stmt 0 view .LVU1245
 3856 0058 02F06063 		and	r3, r2, #234881024
1567:Drivers/STM32WBxx_HAL_Driver/Src/stm32wbxx_hal_rcc.c ****   RCC_OscInitStruct->PLL.PLLR      = (regPLLCFGRvalue & RCC_PLLCFGR_PLLR);
 3857              		.loc 1 1567 36 view .LVU1246
 3858 005c 0364     		str	r3, [r0, #64]
1568:Drivers/STM32WBxx_HAL_Driver/Src/stm32wbxx_hal_rcc.c **** 
 3859              		.loc 1 1568 3 is_stmt 1 view .LVU1247
1568:Drivers/STM32WBxx_HAL_Driver/Src/stm32wbxx_hal_rcc.c **** 
 3860              		.loc 1 1568 55 is_stmt 0 view .LVU1248
 3861 005e 02F06042 		and	r2, r2, #-536870912
 3862              	.LVL312:
1568:Drivers/STM32WBxx_HAL_Driver/Src/stm32wbxx_hal_rcc.c **** 
 3863              		.loc 1 1568 36 view .LVU1249
 3864 0062 4264     		str	r2, [r0, #68]
1571:Drivers/STM32WBxx_HAL_Driver/Src/stm32wbxx_hal_rcc.c **** 
 3865              		.loc 1 1571 3 is_stmt 1 view .LVU1250
1571:Drivers/STM32WBxx_HAL_Driver/Src/stm32wbxx_hal_rcc.c **** 
 3866              		.loc 1 1571 12 is_stmt 0 view .LVU1251
 3867 0064 D1F89030 		ldr	r3, [r1, #144]
 3868              	.LVL313:
1574:Drivers/STM32WBxx_HAL_Driver/Src/stm32wbxx_hal_rcc.c **** 
 3869              		.loc 1 1574 3 is_stmt 1 view .LVU1252
1574:Drivers/STM32WBxx_HAL_Driver/Src/stm32wbxx_hal_rcc.c **** 
 3870              		.loc 1 1574 43 is_stmt 0 view .LVU1253
 3871 0068 03F00503 		and	r3, r3, #5
 3872              	.LVL314:
1574:Drivers/STM32WBxx_HAL_Driver/Src/stm32wbxx_hal_rcc.c **** 
 3873              		.loc 1 1574 31 view .LVU1254
 3874 006c 8360     		str	r3, [r0, #8]
1577:Drivers/STM32WBxx_HAL_Driver/Src/stm32wbxx_hal_rcc.c **** 
 3875              		.loc 1 1577 3 is_stmt 1 view .LVU1255
1577:Drivers/STM32WBxx_HAL_Driver/Src/stm32wbxx_hal_rcc.c **** 
 3876              		.loc 1 1577 12 is_stmt 0 view .LVU1256
 3877 006e D1F89430 		ldr	r3, [r1, #148]
 3878              	.LVL315:
1580:Drivers/STM32WBxx_HAL_Driver/Src/stm32wbxx_hal_rcc.c **** 
 3879              		.loc 1 1580 3 is_stmt 1 view .LVU1257
1580:Drivers/STM32WBxx_HAL_Driver/Src/stm32wbxx_hal_rcc.c **** 
 3880              		.loc 1 1580 77 is_stmt 0 view .LVU1258
 3881 0072 13F00503 		ands	r3, r3, #5
 3882              	.LVL316:
1580:Drivers/STM32WBxx_HAL_Driver/Src/stm32wbxx_hal_rcc.c **** 
 3883              		.loc 1 1580 77 view .LVU1259
 3884 0076 00D0     		beq	.L263
1580:Drivers/STM32WBxx_HAL_Driver/Src/stm32wbxx_hal_rcc.c **** 
 3885              		.loc 1 1580 77 discriminator 1 view .LVU1260
 3886 0078 0523     		movs	r3, #5
 3887              	.L263:
ARM GAS  /var/folders/98/ctz5mtps7w71v8dr53cf5qg40000gn/T//ccdzqVkO.s 			page 193


1580:Drivers/STM32WBxx_HAL_Driver/Src/stm32wbxx_hal_rcc.c **** 
 3888              		.loc 1 1580 31 discriminator 4 view .LVU1261
 3889 007a 4361     		str	r3, [r0, #20]
1584:Drivers/STM32WBxx_HAL_Driver/Src/stm32wbxx_hal_rcc.c **** 
 3890              		.loc 1 1584 3 is_stmt 1 view .LVU1262
1584:Drivers/STM32WBxx_HAL_Driver/Src/stm32wbxx_hal_rcc.c **** 
 3891              		.loc 1 1584 12 is_stmt 0 view .LVU1263
 3892 007c 4FF0B043 		mov	r3, #1476395008
 3893 0080 D3F89830 		ldr	r3, [r3, #152]
 3894              	.LVL317:
1587:Drivers/STM32WBxx_HAL_Driver/Src/stm32wbxx_hal_rcc.c **** #endif /* RCC_HSI48_SUPPORT */
 3895              		.loc 1 1587 3 is_stmt 1 view .LVU1264
1587:Drivers/STM32WBxx_HAL_Driver/Src/stm32wbxx_hal_rcc.c **** #endif /* RCC_HSI48_SUPPORT */
 3896              		.loc 1 1587 45 is_stmt 0 view .LVU1265
 3897 0084 03F00103 		and	r3, r3, #1
 3898              	.LVL318:
1587:Drivers/STM32WBxx_HAL_Driver/Src/stm32wbxx_hal_rcc.c **** #endif /* RCC_HSI48_SUPPORT */
 3899              		.loc 1 1587 33 view .LVU1266
 3900 0088 8362     		str	r3, [r0, #40]
1590:Drivers/STM32WBxx_HAL_Driver/Src/stm32wbxx_hal_rcc.c **** 
 3901              		.loc 1 1590 1 view .LVU1267
 3902 008a 30BC     		pop	{r4, r5}
 3903              	.LCFI21:
 3904              		.cfi_restore 5
 3905              		.cfi_restore 4
 3906              		.cfi_def_cfa_offset 0
 3907 008c 7047     		bx	lr
 3908              		.cfi_endproc
 3909              	.LFE960:
 3911              		.section	.text.HAL_RCC_GetClockConfig,"ax",%progbits
 3912              		.align	1
 3913              		.global	HAL_RCC_GetClockConfig
 3914              		.syntax unified
 3915              		.thumb
 3916              		.thumb_func
 3918              	HAL_RCC_GetClockConfig:
 3919              	.LVL319:
 3920              	.LFB961:
1601:Drivers/STM32WBxx_HAL_Driver/Src/stm32wbxx_hal_rcc.c ****   /* Check the parameters */
 3921              		.loc 1 1601 1 is_stmt 1 view -0
 3922              		.cfi_startproc
 3923              		@ args = 0, pretend = 0, frame = 0
 3924              		@ frame_needed = 0, uses_anonymous_args = 0
 3925              		@ link register save eliminated.
1603:Drivers/STM32WBxx_HAL_Driver/Src/stm32wbxx_hal_rcc.c ****   assert_param(pFLatency != (void *)NULL);
 3926              		.loc 1 1603 3 view .LVU1269
1604:Drivers/STM32WBxx_HAL_Driver/Src/stm32wbxx_hal_rcc.c **** 
 3927              		.loc 1 1604 3 view .LVU1270
1607:Drivers/STM32WBxx_HAL_Driver/Src/stm32wbxx_hal_rcc.c ****                                   RCC_CLOCKTYPE_PCLK2 | RCC_CLOCKTYPE_HCLK2 | RCC_CLOCKTYPE_HCLK4);
 3928              		.loc 1 1607 3 view .LVU1271
1607:Drivers/STM32WBxx_HAL_Driver/Src/stm32wbxx_hal_rcc.c ****                                   RCC_CLOCKTYPE_PCLK2 | RCC_CLOCKTYPE_HCLK2 | RCC_CLOCKTYPE_HCLK4);
 3929              		.loc 1 1607 32 is_stmt 0 view .LVU1272
 3930 0000 6F23     		movs	r3, #111
 3931 0002 0360     		str	r3, [r0]
1611:Drivers/STM32WBxx_HAL_Driver/Src/stm32wbxx_hal_rcc.c **** 
 3932              		.loc 1 1611 3 is_stmt 1 view .LVU1273
 3933              	.LBB448:
ARM GAS  /var/folders/98/ctz5mtps7w71v8dr53cf5qg40000gn/T//ccdzqVkO.s 			page 194


 3934              	.LBI448:
2072:Drivers/STM32WBxx_HAL_Driver/Inc/stm32wbxx_ll_rcc.h **** {
 3935              		.loc 2 2072 26 view .LVU1274
 3936              	.LBB449:
2074:Drivers/STM32WBxx_HAL_Driver/Inc/stm32wbxx_ll_rcc.h **** }
 3937              		.loc 2 2074 3 view .LVU1275
2074:Drivers/STM32WBxx_HAL_Driver/Inc/stm32wbxx_ll_rcc.h **** }
 3938              		.loc 2 2074 21 is_stmt 0 view .LVU1276
 3939 0004 4FF0B043 		mov	r3, #1476395008
 3940 0008 9A68     		ldr	r2, [r3, #8]
2074:Drivers/STM32WBxx_HAL_Driver/Inc/stm32wbxx_ll_rcc.h **** }
 3941              		.loc 2 2074 10 view .LVU1277
 3942 000a 02F00C02 		and	r2, r2, #12
 3943              	.LBE449:
 3944              	.LBE448:
1611:Drivers/STM32WBxx_HAL_Driver/Src/stm32wbxx_hal_rcc.c **** 
 3945              		.loc 1 1611 35 discriminator 1 view .LVU1278
 3946 000e 4260     		str	r2, [r0, #4]
1614:Drivers/STM32WBxx_HAL_Driver/Src/stm32wbxx_hal_rcc.c **** 
 3947              		.loc 1 1614 3 is_stmt 1 view .LVU1279
 3948              	.LBB450:
 3949              	.LBI450:
2258:Drivers/STM32WBxx_HAL_Driver/Inc/stm32wbxx_ll_rcc.h **** {
 3950              		.loc 2 2258 26 view .LVU1280
 3951              	.LBB451:
2260:Drivers/STM32WBxx_HAL_Driver/Inc/stm32wbxx_ll_rcc.h **** }
 3952              		.loc 2 2260 3 view .LVU1281
2260:Drivers/STM32WBxx_HAL_Driver/Inc/stm32wbxx_ll_rcc.h **** }
 3953              		.loc 2 2260 21 is_stmt 0 view .LVU1282
 3954 0010 9A68     		ldr	r2, [r3, #8]
2260:Drivers/STM32WBxx_HAL_Driver/Inc/stm32wbxx_ll_rcc.h **** }
 3955              		.loc 2 2260 10 view .LVU1283
 3956 0012 02F0F002 		and	r2, r2, #240
 3957              	.LBE451:
 3958              	.LBE450:
1614:Drivers/STM32WBxx_HAL_Driver/Src/stm32wbxx_hal_rcc.c **** 
 3959              		.loc 1 1614 36 discriminator 1 view .LVU1284
 3960 0016 8260     		str	r2, [r0, #8]
1617:Drivers/STM32WBxx_HAL_Driver/Src/stm32wbxx_hal_rcc.c **** 
 3961              		.loc 1 1617 3 is_stmt 1 view .LVU1285
 3962              	.LBB452:
 3963              	.LBI452:
2321:Drivers/STM32WBxx_HAL_Driver/Inc/stm32wbxx_ll_rcc.h **** {
 3964              		.loc 2 2321 26 view .LVU1286
 3965              	.LBB453:
2323:Drivers/STM32WBxx_HAL_Driver/Inc/stm32wbxx_ll_rcc.h **** }
 3966              		.loc 2 2323 3 view .LVU1287
2323:Drivers/STM32WBxx_HAL_Driver/Inc/stm32wbxx_ll_rcc.h **** }
 3967              		.loc 2 2323 21 is_stmt 0 view .LVU1288
 3968 0018 9A68     		ldr	r2, [r3, #8]
2323:Drivers/STM32WBxx_HAL_Driver/Inc/stm32wbxx_ll_rcc.h **** }
 3969              		.loc 2 2323 10 view .LVU1289
 3970 001a 02F4E062 		and	r2, r2, #1792
 3971              	.LBE453:
 3972              	.LBE452:
1617:Drivers/STM32WBxx_HAL_Driver/Src/stm32wbxx_hal_rcc.c **** 
 3973              		.loc 1 1617 37 discriminator 1 view .LVU1290
ARM GAS  /var/folders/98/ctz5mtps7w71v8dr53cf5qg40000gn/T//ccdzqVkO.s 			page 195


 3974 001e C260     		str	r2, [r0, #12]
1620:Drivers/STM32WBxx_HAL_Driver/Src/stm32wbxx_hal_rcc.c **** 
 3975              		.loc 1 1620 3 is_stmt 1 view .LVU1291
 3976              	.LBB454:
 3977              	.LBI454:
2336:Drivers/STM32WBxx_HAL_Driver/Inc/stm32wbxx_ll_rcc.h **** {
 3978              		.loc 2 2336 26 view .LVU1292
 3979              	.LBB455:
2338:Drivers/STM32WBxx_HAL_Driver/Inc/stm32wbxx_ll_rcc.h **** }
 3980              		.loc 2 2338 3 view .LVU1293
2338:Drivers/STM32WBxx_HAL_Driver/Inc/stm32wbxx_ll_rcc.h **** }
 3981              		.loc 2 2338 21 is_stmt 0 view .LVU1294
 3982 0020 9A68     		ldr	r2, [r3, #8]
2338:Drivers/STM32WBxx_HAL_Driver/Inc/stm32wbxx_ll_rcc.h **** }
 3983              		.loc 2 2338 10 view .LVU1295
 3984 0022 02F46052 		and	r2, r2, #14336
 3985              	.LBE455:
 3986              	.LBE454:
1620:Drivers/STM32WBxx_HAL_Driver/Src/stm32wbxx_hal_rcc.c **** 
 3987              		.loc 1 1620 37 discriminator 1 view .LVU1296
 3988 0026 0261     		str	r2, [r0, #16]
1623:Drivers/STM32WBxx_HAL_Driver/Src/stm32wbxx_hal_rcc.c **** 
 3989              		.loc 1 1623 3 is_stmt 1 view .LVU1297
 3990              	.LBB456:
 3991              	.LBI456:
2282:Drivers/STM32WBxx_HAL_Driver/Inc/stm32wbxx_ll_rcc.h **** {
 3992              		.loc 2 2282 26 view .LVU1298
 3993              	.LBB457:
2284:Drivers/STM32WBxx_HAL_Driver/Inc/stm32wbxx_ll_rcc.h **** }
 3994              		.loc 2 2284 3 view .LVU1299
2284:Drivers/STM32WBxx_HAL_Driver/Inc/stm32wbxx_ll_rcc.h **** }
 3995              		.loc 2 2284 21 is_stmt 0 view .LVU1300
 3996 0028 D3F80821 		ldr	r2, [r3, #264]
2284:Drivers/STM32WBxx_HAL_Driver/Inc/stm32wbxx_ll_rcc.h **** }
 3997              		.loc 2 2284 10 view .LVU1301
 3998 002c 02F0F002 		and	r2, r2, #240
 3999              	.LBE457:
 4000              	.LBE456:
1623:Drivers/STM32WBxx_HAL_Driver/Src/stm32wbxx_hal_rcc.c **** 
 4001              		.loc 1 1623 37 discriminator 1 view .LVU1302
 4002 0030 4261     		str	r2, [r0, #20]
1626:Drivers/STM32WBxx_HAL_Driver/Src/stm32wbxx_hal_rcc.c **** 
 4003              		.loc 1 1626 3 is_stmt 1 view .LVU1303
 4004              	.LBB458:
 4005              	.LBI458:
2306:Drivers/STM32WBxx_HAL_Driver/Inc/stm32wbxx_ll_rcc.h **** {
 4006              		.loc 2 2306 26 view .LVU1304
 4007              	.LBB459:
2308:Drivers/STM32WBxx_HAL_Driver/Inc/stm32wbxx_ll_rcc.h **** }
 4008              		.loc 2 2308 3 view .LVU1305
2308:Drivers/STM32WBxx_HAL_Driver/Inc/stm32wbxx_ll_rcc.h **** }
 4009              		.loc 2 2308 21 is_stmt 0 view .LVU1306
 4010 0032 D3F80831 		ldr	r3, [r3, #264]
2308:Drivers/STM32WBxx_HAL_Driver/Inc/stm32wbxx_ll_rcc.h **** }
 4011              		.loc 2 2308 10 view .LVU1307
 4012 0036 1B01     		lsls	r3, r3, #4
 4013 0038 DBB2     		uxtb	r3, r3
ARM GAS  /var/folders/98/ctz5mtps7w71v8dr53cf5qg40000gn/T//ccdzqVkO.s 			page 196


 4014              	.LBE459:
 4015              	.LBE458:
1626:Drivers/STM32WBxx_HAL_Driver/Src/stm32wbxx_hal_rcc.c **** 
 4016              		.loc 1 1626 37 discriminator 1 view .LVU1308
 4017 003a 8361     		str	r3, [r0, #24]
1629:Drivers/STM32WBxx_HAL_Driver/Src/stm32wbxx_hal_rcc.c **** }
 4018              		.loc 1 1629 3 is_stmt 1 view .LVU1309
1629:Drivers/STM32WBxx_HAL_Driver/Src/stm32wbxx_hal_rcc.c **** }
 4019              		.loc 1 1629 16 is_stmt 0 view .LVU1310
 4020 003c 024B     		ldr	r3, .L266
 4021 003e 1B68     		ldr	r3, [r3]
 4022 0040 03F00703 		and	r3, r3, #7
1629:Drivers/STM32WBxx_HAL_Driver/Src/stm32wbxx_hal_rcc.c **** }
 4023              		.loc 1 1629 14 view .LVU1311
 4024 0044 0B60     		str	r3, [r1]
1630:Drivers/STM32WBxx_HAL_Driver/Src/stm32wbxx_hal_rcc.c **** 
 4025              		.loc 1 1630 1 view .LVU1312
 4026 0046 7047     		bx	lr
 4027              	.L267:
 4028              		.align	2
 4029              	.L266:
 4030 0048 00400058 		.word	1476411392
 4031              		.cfi_endproc
 4032              	.LFE961:
 4034              		.section	.text.HAL_RCC_EnableCSS,"ax",%progbits
 4035              		.align	1
 4036              		.global	HAL_RCC_EnableCSS
 4037              		.syntax unified
 4038              		.thumb
 4039              		.thumb_func
 4041              	HAL_RCC_EnableCSS:
 4042              	.LFB962:
1643:Drivers/STM32WBxx_HAL_Driver/Src/stm32wbxx_hal_rcc.c ****   LL_RCC_HSE_EnableCSS();
 4043              		.loc 1 1643 1 is_stmt 1 view -0
 4044              		.cfi_startproc
 4045              		@ args = 0, pretend = 0, frame = 0
 4046              		@ frame_needed = 0, uses_anonymous_args = 0
 4047              		@ link register save eliminated.
1644:Drivers/STM32WBxx_HAL_Driver/Src/stm32wbxx_hal_rcc.c **** }
 4048              		.loc 1 1644 3 view .LVU1314
 4049              	.LBB460:
 4050              	.LBI460:
1308:Drivers/STM32WBxx_HAL_Driver/Inc/stm32wbxx_ll_rcc.h **** {
 4051              		.loc 2 1308 22 view .LVU1315
 4052              	.LBB461:
1310:Drivers/STM32WBxx_HAL_Driver/Inc/stm32wbxx_ll_rcc.h **** }
 4053              		.loc 2 1310 3 view .LVU1316
 4054 0000 4FF0B042 		mov	r2, #1476395008
 4055 0004 1368     		ldr	r3, [r2]
 4056 0006 43F40023 		orr	r3, r3, #524288
 4057 000a 1360     		str	r3, [r2]
 4058              	.LBE461:
 4059              	.LBE460:
1645:Drivers/STM32WBxx_HAL_Driver/Src/stm32wbxx_hal_rcc.c **** 
 4060              		.loc 1 1645 1 is_stmt 0 view .LVU1317
 4061 000c 7047     		bx	lr
 4062              		.cfi_endproc
ARM GAS  /var/folders/98/ctz5mtps7w71v8dr53cf5qg40000gn/T//ccdzqVkO.s 			page 197


 4063              	.LFE962:
 4065              		.section	.text.HAL_RCC_CSSCallback,"ax",%progbits
 4066              		.align	1
 4067              		.weak	HAL_RCC_CSSCallback
 4068              		.syntax unified
 4069              		.thumb
 4070              		.thumb_func
 4072              	HAL_RCC_CSSCallback:
 4073              	.LFB964:
1670:Drivers/STM32WBxx_HAL_Driver/Src/stm32wbxx_hal_rcc.c ****   /* NOTE : This function should not be modified, when the callback is needed,
 4074              		.loc 1 1670 1 is_stmt 1 view -0
 4075              		.cfi_startproc
 4076              		@ args = 0, pretend = 0, frame = 0
 4077              		@ frame_needed = 0, uses_anonymous_args = 0
 4078              		@ link register save eliminated.
1674:Drivers/STM32WBxx_HAL_Driver/Src/stm32wbxx_hal_rcc.c **** 
 4079              		.loc 1 1674 1 view .LVU1319
 4080 0000 7047     		bx	lr
 4081              		.cfi_endproc
 4082              	.LFE964:
 4084              		.section	.text.HAL_RCC_NMI_IRQHandler,"ax",%progbits
 4085              		.align	1
 4086              		.global	HAL_RCC_NMI_IRQHandler
 4087              		.syntax unified
 4088              		.thumb
 4089              		.thumb_func
 4091              	HAL_RCC_NMI_IRQHandler:
 4092              	.LFB963:
1653:Drivers/STM32WBxx_HAL_Driver/Src/stm32wbxx_hal_rcc.c ****   /* Check RCC CSSF interrupt flag  */
 4093              		.loc 1 1653 1 view -0
 4094              		.cfi_startproc
 4095              		@ args = 0, pretend = 0, frame = 0
 4096              		@ frame_needed = 0, uses_anonymous_args = 0
 4097 0000 08B5     		push	{r3, lr}
 4098              	.LCFI22:
 4099              		.cfi_def_cfa_offset 8
 4100              		.cfi_offset 3, -8
 4101              		.cfi_offset 14, -4
1655:Drivers/STM32WBxx_HAL_Driver/Src/stm32wbxx_hal_rcc.c ****   {
 4102              		.loc 1 1655 3 view .LVU1321
1655:Drivers/STM32WBxx_HAL_Driver/Src/stm32wbxx_hal_rcc.c ****   {
 4103              		.loc 1 1655 7 is_stmt 0 view .LVU1322
 4104 0002 4FF0B043 		mov	r3, #1476395008
 4105 0006 DB69     		ldr	r3, [r3, #28]
1655:Drivers/STM32WBxx_HAL_Driver/Src/stm32wbxx_hal_rcc.c ****   {
 4106              		.loc 1 1655 6 view .LVU1323
 4107 0008 13F4807F 		tst	r3, #256
 4108 000c 00D1     		bne	.L273
 4109              	.L270:
1663:Drivers/STM32WBxx_HAL_Driver/Src/stm32wbxx_hal_rcc.c **** 
 4110              		.loc 1 1663 1 view .LVU1324
 4111 000e 08BD     		pop	{r3, pc}
 4112              	.L273:
1658:Drivers/STM32WBxx_HAL_Driver/Src/stm32wbxx_hal_rcc.c **** 
 4113              		.loc 1 1658 5 is_stmt 1 view .LVU1325
 4114 0010 FFF7FEFF 		bl	HAL_RCC_CSSCallback
 4115              	.LVL320:
ARM GAS  /var/folders/98/ctz5mtps7w71v8dr53cf5qg40000gn/T//ccdzqVkO.s 			page 198


1661:Drivers/STM32WBxx_HAL_Driver/Src/stm32wbxx_hal_rcc.c ****   }
 4116              		.loc 1 1661 5 view .LVU1326
 4117 0014 4FF0B043 		mov	r3, #1476395008
 4118 0018 4FF48072 		mov	r2, #256
 4119 001c 1A62     		str	r2, [r3, #32]
1663:Drivers/STM32WBxx_HAL_Driver/Src/stm32wbxx_hal_rcc.c **** 
 4120              		.loc 1 1663 1 is_stmt 0 view .LVU1327
 4121 001e F6E7     		b	.L270
 4122              		.cfi_endproc
 4123              	.LFE963:
 4125              		.section	.text.HAL_RCC_GetResetSource,"ax",%progbits
 4126              		.align	1
 4127              		.global	HAL_RCC_GetResetSource
 4128              		.syntax unified
 4129              		.thumb
 4130              		.thumb_func
 4132              	HAL_RCC_GetResetSource:
 4133              	.LFB965:
1684:Drivers/STM32WBxx_HAL_Driver/Src/stm32wbxx_hal_rcc.c ****   uint32_t reset;
 4134              		.loc 1 1684 1 is_stmt 1 view -0
 4135              		.cfi_startproc
 4136              		@ args = 0, pretend = 0, frame = 0
 4137              		@ frame_needed = 0, uses_anonymous_args = 0
 4138              		@ link register save eliminated.
1685:Drivers/STM32WBxx_HAL_Driver/Src/stm32wbxx_hal_rcc.c **** 
 4139              		.loc 1 1685 3 view .LVU1329
1688:Drivers/STM32WBxx_HAL_Driver/Src/stm32wbxx_hal_rcc.c **** 
 4140              		.loc 1 1688 3 view .LVU1330
1688:Drivers/STM32WBxx_HAL_Driver/Src/stm32wbxx_hal_rcc.c **** 
 4141              		.loc 1 1688 14 is_stmt 0 view .LVU1331
 4142 0000 4FF0B043 		mov	r3, #1476395008
 4143 0004 D3F89400 		ldr	r0, [r3, #148]
 4144              	.LVL321:
1691:Drivers/STM32WBxx_HAL_Driver/Src/stm32wbxx_hal_rcc.c **** 
 4145              		.loc 1 1691 3 is_stmt 1 view .LVU1332
1691:Drivers/STM32WBxx_HAL_Driver/Src/stm32wbxx_hal_rcc.c **** 
 4146              		.loc 1 1691 6 is_stmt 0 view .LVU1333
 4147 0008 D3F89420 		ldr	r2, [r3, #148]
1691:Drivers/STM32WBxx_HAL_Driver/Src/stm32wbxx_hal_rcc.c **** 
 4148              		.loc 1 1691 12 view .LVU1334
 4149 000c 42F40002 		orr	r2, r2, #8388608
 4150 0010 C3F89420 		str	r2, [r3, #148]
1693:Drivers/STM32WBxx_HAL_Driver/Src/stm32wbxx_hal_rcc.c **** }
 4151              		.loc 1 1693 3 is_stmt 1 view .LVU1335
1694:Drivers/STM32WBxx_HAL_Driver/Src/stm32wbxx_hal_rcc.c **** 
 4152              		.loc 1 1694 1 is_stmt 0 view .LVU1336
 4153 0014 00F07E40 		and	r0, r0, #-33554432
 4154              	.LVL322:
1694:Drivers/STM32WBxx_HAL_Driver/Src/stm32wbxx_hal_rcc.c **** 
 4155              		.loc 1 1694 1 view .LVU1337
 4156 0018 7047     		bx	lr
 4157              		.cfi_endproc
 4158              	.LFE965:
 4160              		.section	.rodata
 4161              		.align	2
 4162              		.set	.LANCHOR0,. + 0
 4163              	.LC0:
ARM GAS  /var/folders/98/ctz5mtps7w71v8dr53cf5qg40000gn/T//ccdzqVkO.s 			page 199


 4164 0000 12000000 		.word	18
 4165 0004 24000000 		.word	36
 4166 0008 36000000 		.word	54
 4167 000c 40000000 		.word	64
 4168              	.LC1:
 4169 0010 06000000 		.word	6
 4170 0014 0C000000 		.word	12
 4171 0018 10000000 		.word	16
 4172              	.LC2:
 4173 001c 00000000 		.word	0
 4174 0020 01000000 		.word	1
 4175 0024 02000000 		.word	2
 4176 0028 03000000 		.word	3
 4177              		.text
 4178              	.Letext0:
 4179              		.file 3 "/Users/yevhenvazhynskyi/Drivers/arm-gnu-toolchain-14.2.rel1-darwin-arm64-arm-none-eabi/ar
 4180              		.file 4 "/Users/yevhenvazhynskyi/Drivers/arm-gnu-toolchain-14.2.rel1-darwin-arm64-arm-none-eabi/ar
 4181              		.file 5 "Drivers/CMSIS/Device/ST/STM32WBxx/Include/system_stm32wbxx.h"
 4182              		.file 6 "Drivers/CMSIS/Device/ST/STM32WBxx/Include/stm32wb55xx.h"
 4183              		.file 7 "Drivers/STM32WBxx_HAL_Driver/Inc/stm32wbxx_hal_def.h"
 4184              		.file 8 "Drivers/STM32WBxx_HAL_Driver/Inc/stm32wbxx_hal_gpio.h"
 4185              		.file 9 "Drivers/STM32WBxx_HAL_Driver/Inc/stm32wbxx_hal_rcc.h"
 4186              		.file 10 "Drivers/STM32WBxx_HAL_Driver/Inc/stm32wbxx_hal.h"
 4187              		.file 11 "Drivers/STM32WBxx_HAL_Driver/Inc/stm32wbxx_hal_pwr_ex.h"
 4188              		.file 12 "Drivers/STM32WBxx_HAL_Driver/Inc/stm32wbxx_hal_pwr.h"
ARM GAS  /var/folders/98/ctz5mtps7w71v8dr53cf5qg40000gn/T//ccdzqVkO.s 			page 200


DEFINED SYMBOLS
                            *ABS*:00000000 stm32wbxx_hal_rcc.c
/var/folders/98/ctz5mtps7w71v8dr53cf5qg40000gn/T//ccdzqVkO.s:21     .text.RCC_SetFlashLatency:00000000 $t
/var/folders/98/ctz5mtps7w71v8dr53cf5qg40000gn/T//ccdzqVkO.s:26     .text.RCC_SetFlashLatency:00000000 RCC_SetFlashLatency
/var/folders/98/ctz5mtps7w71v8dr53cf5qg40000gn/T//ccdzqVkO.s:207    .text.RCC_SetFlashLatency:000000b8 $d
/var/folders/98/ctz5mtps7w71v8dr53cf5qg40000gn/T//ccdzqVkO.s:213    .text.RCC_SetFlashLatencyFromMSIRange:00000000 $t
/var/folders/98/ctz5mtps7w71v8dr53cf5qg40000gn/T//ccdzqVkO.s:218    .text.RCC_SetFlashLatencyFromMSIRange:00000000 RCC_SetFlashLatencyFromMSIRange
/var/folders/98/ctz5mtps7w71v8dr53cf5qg40000gn/T//ccdzqVkO.s:290    .text.RCC_SetFlashLatencyFromMSIRange:00000040 $d
/var/folders/98/ctz5mtps7w71v8dr53cf5qg40000gn/T//ccdzqVkO.s:297    .text.HAL_RCC_DeInit:00000000 $t
/var/folders/98/ctz5mtps7w71v8dr53cf5qg40000gn/T//ccdzqVkO.s:303    .text.HAL_RCC_DeInit:00000000 HAL_RCC_DeInit
/var/folders/98/ctz5mtps7w71v8dr53cf5qg40000gn/T//ccdzqVkO.s:568    .text.HAL_RCC_DeInit:00000108 $d
/var/folders/98/ctz5mtps7w71v8dr53cf5qg40000gn/T//ccdzqVkO.s:577    .text.HAL_RCC_MCOConfig:00000000 $t
/var/folders/98/ctz5mtps7w71v8dr53cf5qg40000gn/T//ccdzqVkO.s:583    .text.HAL_RCC_MCOConfig:00000000 HAL_RCC_MCOConfig
/var/folders/98/ctz5mtps7w71v8dr53cf5qg40000gn/T//ccdzqVkO.s:723    .text.HAL_RCC_GetSysClockFreq:00000000 $t
/var/folders/98/ctz5mtps7w71v8dr53cf5qg40000gn/T//ccdzqVkO.s:729    .text.HAL_RCC_GetSysClockFreq:00000000 HAL_RCC_GetSysClockFreq
/var/folders/98/ctz5mtps7w71v8dr53cf5qg40000gn/T//ccdzqVkO.s:992    .text.HAL_RCC_GetSysClockFreq:000000b4 $d
/var/folders/98/ctz5mtps7w71v8dr53cf5qg40000gn/T//ccdzqVkO.s:999    .text.HAL_RCC_GetHCLKFreq:00000000 $t
/var/folders/98/ctz5mtps7w71v8dr53cf5qg40000gn/T//ccdzqVkO.s:1005   .text.HAL_RCC_GetHCLKFreq:00000000 HAL_RCC_GetHCLKFreq
/var/folders/98/ctz5mtps7w71v8dr53cf5qg40000gn/T//ccdzqVkO.s:1040   .text.HAL_RCC_GetHCLKFreq:0000001c $d
/var/folders/98/ctz5mtps7w71v8dr53cf5qg40000gn/T//ccdzqVkO.s:1045   .text.HAL_RCC_OscConfig:00000000 $t
/var/folders/98/ctz5mtps7w71v8dr53cf5qg40000gn/T//ccdzqVkO.s:1051   .text.HAL_RCC_OscConfig:00000000 HAL_RCC_OscConfig
/var/folders/98/ctz5mtps7w71v8dr53cf5qg40000gn/T//ccdzqVkO.s:2205   .text.HAL_RCC_OscConfig:0000041c $d
/var/folders/98/ctz5mtps7w71v8dr53cf5qg40000gn/T//ccdzqVkO.s:2211   .text.HAL_RCC_OscConfig:00000424 $t
/var/folders/98/ctz5mtps7w71v8dr53cf5qg40000gn/T//ccdzqVkO.s:2923   .text.HAL_RCC_OscConfig:0000070c $d
/var/folders/98/ctz5mtps7w71v8dr53cf5qg40000gn/T//ccdzqVkO.s:2931   .text.HAL_RCC_ClockConfig:00000000 $t
/var/folders/98/ctz5mtps7w71v8dr53cf5qg40000gn/T//ccdzqVkO.s:2937   .text.HAL_RCC_ClockConfig:00000000 HAL_RCC_ClockConfig
/var/folders/98/ctz5mtps7w71v8dr53cf5qg40000gn/T//ccdzqVkO.s:3558   .text.HAL_RCC_ClockConfig:0000025c $d
/var/folders/98/ctz5mtps7w71v8dr53cf5qg40000gn/T//ccdzqVkO.s:3564   .text.HAL_RCC_GetHCLK2Freq:00000000 $t
/var/folders/98/ctz5mtps7w71v8dr53cf5qg40000gn/T//ccdzqVkO.s:3570   .text.HAL_RCC_GetHCLK2Freq:00000000 HAL_RCC_GetHCLK2Freq
/var/folders/98/ctz5mtps7w71v8dr53cf5qg40000gn/T//ccdzqVkO.s:3605   .text.HAL_RCC_GetHCLK2Freq:00000020 $d
/var/folders/98/ctz5mtps7w71v8dr53cf5qg40000gn/T//ccdzqVkO.s:3610   .text.HAL_RCC_GetHCLK4Freq:00000000 $t
/var/folders/98/ctz5mtps7w71v8dr53cf5qg40000gn/T//ccdzqVkO.s:3616   .text.HAL_RCC_GetHCLK4Freq:00000000 HAL_RCC_GetHCLK4Freq
/var/folders/98/ctz5mtps7w71v8dr53cf5qg40000gn/T//ccdzqVkO.s:3651   .text.HAL_RCC_GetHCLK4Freq:00000020 $d
/var/folders/98/ctz5mtps7w71v8dr53cf5qg40000gn/T//ccdzqVkO.s:3656   .text.HAL_RCC_GetPCLK1Freq:00000000 $t
/var/folders/98/ctz5mtps7w71v8dr53cf5qg40000gn/T//ccdzqVkO.s:3662   .text.HAL_RCC_GetPCLK1Freq:00000000 HAL_RCC_GetPCLK1Freq
/var/folders/98/ctz5mtps7w71v8dr53cf5qg40000gn/T//ccdzqVkO.s:3698   .text.HAL_RCC_GetPCLK1Freq:00000020 $d
/var/folders/98/ctz5mtps7w71v8dr53cf5qg40000gn/T//ccdzqVkO.s:3703   .text.HAL_RCC_GetPCLK2Freq:00000000 $t
/var/folders/98/ctz5mtps7w71v8dr53cf5qg40000gn/T//ccdzqVkO.s:3709   .text.HAL_RCC_GetPCLK2Freq:00000000 HAL_RCC_GetPCLK2Freq
/var/folders/98/ctz5mtps7w71v8dr53cf5qg40000gn/T//ccdzqVkO.s:3745   .text.HAL_RCC_GetPCLK2Freq:00000020 $d
/var/folders/98/ctz5mtps7w71v8dr53cf5qg40000gn/T//ccdzqVkO.s:3750   .text.HAL_RCC_GetOscConfig:00000000 $t
/var/folders/98/ctz5mtps7w71v8dr53cf5qg40000gn/T//ccdzqVkO.s:3756   .text.HAL_RCC_GetOscConfig:00000000 HAL_RCC_GetOscConfig
/var/folders/98/ctz5mtps7w71v8dr53cf5qg40000gn/T//ccdzqVkO.s:3912   .text.HAL_RCC_GetClockConfig:00000000 $t
/var/folders/98/ctz5mtps7w71v8dr53cf5qg40000gn/T//ccdzqVkO.s:3918   .text.HAL_RCC_GetClockConfig:00000000 HAL_RCC_GetClockConfig
/var/folders/98/ctz5mtps7w71v8dr53cf5qg40000gn/T//ccdzqVkO.s:4030   .text.HAL_RCC_GetClockConfig:00000048 $d
/var/folders/98/ctz5mtps7w71v8dr53cf5qg40000gn/T//ccdzqVkO.s:4035   .text.HAL_RCC_EnableCSS:00000000 $t
/var/folders/98/ctz5mtps7w71v8dr53cf5qg40000gn/T//ccdzqVkO.s:4041   .text.HAL_RCC_EnableCSS:00000000 HAL_RCC_EnableCSS
/var/folders/98/ctz5mtps7w71v8dr53cf5qg40000gn/T//ccdzqVkO.s:4066   .text.HAL_RCC_CSSCallback:00000000 $t
/var/folders/98/ctz5mtps7w71v8dr53cf5qg40000gn/T//ccdzqVkO.s:4072   .text.HAL_RCC_CSSCallback:00000000 HAL_RCC_CSSCallback
/var/folders/98/ctz5mtps7w71v8dr53cf5qg40000gn/T//ccdzqVkO.s:4085   .text.HAL_RCC_NMI_IRQHandler:00000000 $t
/var/folders/98/ctz5mtps7w71v8dr53cf5qg40000gn/T//ccdzqVkO.s:4091   .text.HAL_RCC_NMI_IRQHandler:00000000 HAL_RCC_NMI_IRQHandler
/var/folders/98/ctz5mtps7w71v8dr53cf5qg40000gn/T//ccdzqVkO.s:4126   .text.HAL_RCC_GetResetSource:00000000 $t
/var/folders/98/ctz5mtps7w71v8dr53cf5qg40000gn/T//ccdzqVkO.s:4132   .text.HAL_RCC_GetResetSource:00000000 HAL_RCC_GetResetSource
/var/folders/98/ctz5mtps7w71v8dr53cf5qg40000gn/T//ccdzqVkO.s:4161   .rodata:00000000 $d

UNDEFINED SYMBOLS
HAL_GetTick
HAL_PWREx_GetVoltageRange
ARM GAS  /var/folders/98/ctz5mtps7w71v8dr53cf5qg40000gn/T//ccdzqVkO.s 			page 201


MSIRangeTable
AHBPrescTable
HAL_InitTick
SystemCoreClock
uwTickPrio
HAL_GPIO_Init
HAL_PWR_EnableBkUpAccess
HAL_GetTickPrio
APBPrescTable
