ARM GAS  /var/folders/98/ctz5mtps7w71v8dr53cf5qg40000gn/T//ccj9u44I.s 			page 1


   1              		.cpu cortex-m4
   2              		.arch armv7e-m
   3              		.fpu fpv4-sp-d16
   4              		.eabi_attribute 27, 1
   5              		.eabi_attribute 28, 1
   6              		.eabi_attribute 20, 1
   7              		.eabi_attribute 21, 1
   8              		.eabi_attribute 23, 3
   9              		.eabi_attribute 24, 1
  10              		.eabi_attribute 25, 1
  11              		.eabi_attribute 26, 1
  12              		.eabi_attribute 30, 1
  13              		.eabi_attribute 34, 1
  14              		.eabi_attribute 18, 4
  15              		.file	"stm32wbxx_hal_msp.c"
  16              		.text
  17              	.Ltext0:
  18              		.cfi_sections	.debug_frame
  19              		.file 1 "Core/Src/stm32wbxx_hal_msp.c"
  20              		.section	.text.HAL_MspInit,"ax",%progbits
  21              		.align	1
  22              		.global	HAL_MspInit
  23              		.syntax unified
  24              		.thumb
  25              		.thumb_func
  27              	HAL_MspInit:
  28              	.LFB950:
   1:Core/Src/stm32wbxx_hal_msp.c **** /* USER CODE BEGIN Header */
   2:Core/Src/stm32wbxx_hal_msp.c **** /**
   3:Core/Src/stm32wbxx_hal_msp.c ****   ******************************************************************************
   4:Core/Src/stm32wbxx_hal_msp.c ****   * @file         stm32wbxx_hal_msp.c
   5:Core/Src/stm32wbxx_hal_msp.c ****   * @brief        This file provides code for the MSP Initialization
   6:Core/Src/stm32wbxx_hal_msp.c ****   *               and de-Initialization codes.
   7:Core/Src/stm32wbxx_hal_msp.c ****   ******************************************************************************
   8:Core/Src/stm32wbxx_hal_msp.c ****   * @attention
   9:Core/Src/stm32wbxx_hal_msp.c ****   *
  10:Core/Src/stm32wbxx_hal_msp.c ****   * Copyright (c) 2025 STMicroelectronics.
  11:Core/Src/stm32wbxx_hal_msp.c ****   * All rights reserved.
  12:Core/Src/stm32wbxx_hal_msp.c ****   *
  13:Core/Src/stm32wbxx_hal_msp.c ****   * This software is licensed under terms that can be found in the LICENSE file
  14:Core/Src/stm32wbxx_hal_msp.c ****   * in the root directory of this software component.
  15:Core/Src/stm32wbxx_hal_msp.c ****   * If no LICENSE file comes with this software, it is provided AS-IS.
  16:Core/Src/stm32wbxx_hal_msp.c ****   *
  17:Core/Src/stm32wbxx_hal_msp.c ****   ******************************************************************************
  18:Core/Src/stm32wbxx_hal_msp.c ****   */
  19:Core/Src/stm32wbxx_hal_msp.c **** /* USER CODE END Header */
  20:Core/Src/stm32wbxx_hal_msp.c **** 
  21:Core/Src/stm32wbxx_hal_msp.c **** /* Includes ------------------------------------------------------------------*/
  22:Core/Src/stm32wbxx_hal_msp.c **** #include "main.h"
  23:Core/Src/stm32wbxx_hal_msp.c **** /* USER CODE BEGIN Includes */
  24:Core/Src/stm32wbxx_hal_msp.c **** 
  25:Core/Src/stm32wbxx_hal_msp.c **** /* USER CODE END Includes */
  26:Core/Src/stm32wbxx_hal_msp.c **** 
  27:Core/Src/stm32wbxx_hal_msp.c **** /* Private typedef -----------------------------------------------------------*/
  28:Core/Src/stm32wbxx_hal_msp.c **** /* USER CODE BEGIN TD */
  29:Core/Src/stm32wbxx_hal_msp.c **** 
  30:Core/Src/stm32wbxx_hal_msp.c **** /* USER CODE END TD */
ARM GAS  /var/folders/98/ctz5mtps7w71v8dr53cf5qg40000gn/T//ccj9u44I.s 			page 2


  31:Core/Src/stm32wbxx_hal_msp.c **** 
  32:Core/Src/stm32wbxx_hal_msp.c **** /* Private define ------------------------------------------------------------*/
  33:Core/Src/stm32wbxx_hal_msp.c **** /* USER CODE BEGIN Define */
  34:Core/Src/stm32wbxx_hal_msp.c **** 
  35:Core/Src/stm32wbxx_hal_msp.c **** /* USER CODE END Define */
  36:Core/Src/stm32wbxx_hal_msp.c **** 
  37:Core/Src/stm32wbxx_hal_msp.c **** /* Private macro -------------------------------------------------------------*/
  38:Core/Src/stm32wbxx_hal_msp.c **** /* USER CODE BEGIN Macro */
  39:Core/Src/stm32wbxx_hal_msp.c **** 
  40:Core/Src/stm32wbxx_hal_msp.c **** /* USER CODE END Macro */
  41:Core/Src/stm32wbxx_hal_msp.c **** 
  42:Core/Src/stm32wbxx_hal_msp.c **** /* Private variables ---------------------------------------------------------*/
  43:Core/Src/stm32wbxx_hal_msp.c **** /* USER CODE BEGIN PV */
  44:Core/Src/stm32wbxx_hal_msp.c **** 
  45:Core/Src/stm32wbxx_hal_msp.c **** /* USER CODE END PV */
  46:Core/Src/stm32wbxx_hal_msp.c **** 
  47:Core/Src/stm32wbxx_hal_msp.c **** /* Private function prototypes -----------------------------------------------*/
  48:Core/Src/stm32wbxx_hal_msp.c **** /* USER CODE BEGIN PFP */
  49:Core/Src/stm32wbxx_hal_msp.c **** 
  50:Core/Src/stm32wbxx_hal_msp.c **** /* USER CODE END PFP */
  51:Core/Src/stm32wbxx_hal_msp.c **** 
  52:Core/Src/stm32wbxx_hal_msp.c **** /* External functions --------------------------------------------------------*/
  53:Core/Src/stm32wbxx_hal_msp.c **** /* USER CODE BEGIN ExternalFunctions */
  54:Core/Src/stm32wbxx_hal_msp.c **** 
  55:Core/Src/stm32wbxx_hal_msp.c **** /* USER CODE END ExternalFunctions */
  56:Core/Src/stm32wbxx_hal_msp.c **** 
  57:Core/Src/stm32wbxx_hal_msp.c **** /* USER CODE BEGIN 0 */
  58:Core/Src/stm32wbxx_hal_msp.c **** 
  59:Core/Src/stm32wbxx_hal_msp.c **** /* USER CODE END 0 */
  60:Core/Src/stm32wbxx_hal_msp.c **** 
  61:Core/Src/stm32wbxx_hal_msp.c **** void HAL_TIM_MspPostInit(TIM_HandleTypeDef *htim);
  62:Core/Src/stm32wbxx_hal_msp.c ****                                         /**
  63:Core/Src/stm32wbxx_hal_msp.c ****   * Initializes the Global MSP.
  64:Core/Src/stm32wbxx_hal_msp.c ****   */
  65:Core/Src/stm32wbxx_hal_msp.c **** void HAL_MspInit(void)
  66:Core/Src/stm32wbxx_hal_msp.c **** {
  29              		.loc 1 66 1 view -0
  30              		.cfi_startproc
  31              		@ args = 0, pretend = 0, frame = 8
  32              		@ frame_needed = 0, uses_anonymous_args = 0
  33 0000 00B5     		push	{lr}
  34              	.LCFI0:
  35              		.cfi_def_cfa_offset 4
  36              		.cfi_offset 14, -4
  37 0002 83B0     		sub	sp, sp, #12
  38              	.LCFI1:
  39              		.cfi_def_cfa_offset 16
  67:Core/Src/stm32wbxx_hal_msp.c **** 
  68:Core/Src/stm32wbxx_hal_msp.c ****   /* USER CODE BEGIN MspInit 0 */
  69:Core/Src/stm32wbxx_hal_msp.c **** 
  70:Core/Src/stm32wbxx_hal_msp.c ****   /* USER CODE END MspInit 0 */
  71:Core/Src/stm32wbxx_hal_msp.c **** 
  72:Core/Src/stm32wbxx_hal_msp.c ****   __HAL_RCC_HSEM_CLK_ENABLE();
  40              		.loc 1 72 3 view .LVU1
  41              	.LVL0:
  42              	.LBB38:
  43              	.LBI38:
ARM GAS  /var/folders/98/ctz5mtps7w71v8dr53cf5qg40000gn/T//ccj9u44I.s 			page 3


  44              		.file 2 "Drivers/STM32WBxx_HAL_Driver/Inc/stm32wbxx_ll_bus.h"
   1:Drivers/STM32WBxx_HAL_Driver/Inc/stm32wbxx_ll_bus.h **** /**
   2:Drivers/STM32WBxx_HAL_Driver/Inc/stm32wbxx_ll_bus.h ****   ******************************************************************************
   3:Drivers/STM32WBxx_HAL_Driver/Inc/stm32wbxx_ll_bus.h ****   * @file    stm32wbxx_ll_bus.h
   4:Drivers/STM32WBxx_HAL_Driver/Inc/stm32wbxx_ll_bus.h ****   * @author  MCD Application Team
   5:Drivers/STM32WBxx_HAL_Driver/Inc/stm32wbxx_ll_bus.h ****   * @brief   Header file of BUS LL module.
   6:Drivers/STM32WBxx_HAL_Driver/Inc/stm32wbxx_ll_bus.h ****   ******************************************************************************
   7:Drivers/STM32WBxx_HAL_Driver/Inc/stm32wbxx_ll_bus.h ****   * @attention
   8:Drivers/STM32WBxx_HAL_Driver/Inc/stm32wbxx_ll_bus.h ****   *
   9:Drivers/STM32WBxx_HAL_Driver/Inc/stm32wbxx_ll_bus.h ****   * Copyright (c) 2019 STMicroelectronics.
  10:Drivers/STM32WBxx_HAL_Driver/Inc/stm32wbxx_ll_bus.h ****   * All rights reserved.
  11:Drivers/STM32WBxx_HAL_Driver/Inc/stm32wbxx_ll_bus.h ****   *
  12:Drivers/STM32WBxx_HAL_Driver/Inc/stm32wbxx_ll_bus.h ****   * This software is licensed under terms that can be found in the LICENSE file
  13:Drivers/STM32WBxx_HAL_Driver/Inc/stm32wbxx_ll_bus.h ****   * in the root directory of this software component.
  14:Drivers/STM32WBxx_HAL_Driver/Inc/stm32wbxx_ll_bus.h ****   * If no LICENSE file comes with this software, it is provided AS-IS.
  15:Drivers/STM32WBxx_HAL_Driver/Inc/stm32wbxx_ll_bus.h ****   *
  16:Drivers/STM32WBxx_HAL_Driver/Inc/stm32wbxx_ll_bus.h ****   ******************************************************************************
  17:Drivers/STM32WBxx_HAL_Driver/Inc/stm32wbxx_ll_bus.h ****   @verbatim
  18:Drivers/STM32WBxx_HAL_Driver/Inc/stm32wbxx_ll_bus.h ****                       ##### RCC Limitations #####
  19:Drivers/STM32WBxx_HAL_Driver/Inc/stm32wbxx_ll_bus.h ****   ==============================================================================
  20:Drivers/STM32WBxx_HAL_Driver/Inc/stm32wbxx_ll_bus.h ****     [..]
  21:Drivers/STM32WBxx_HAL_Driver/Inc/stm32wbxx_ll_bus.h ****       A delay between an RCC peripheral clock enable and the effective peripheral
  22:Drivers/STM32WBxx_HAL_Driver/Inc/stm32wbxx_ll_bus.h ****       enabling should be taken into account in order to manage the peripheral read/write
  23:Drivers/STM32WBxx_HAL_Driver/Inc/stm32wbxx_ll_bus.h ****       from/to registers.
  24:Drivers/STM32WBxx_HAL_Driver/Inc/stm32wbxx_ll_bus.h ****       (+) This delay depends on the peripheral mapping.
  25:Drivers/STM32WBxx_HAL_Driver/Inc/stm32wbxx_ll_bus.h ****         (++) AHB & APB peripherals, 1 dummy read is necessary
  26:Drivers/STM32WBxx_HAL_Driver/Inc/stm32wbxx_ll_bus.h **** 
  27:Drivers/STM32WBxx_HAL_Driver/Inc/stm32wbxx_ll_bus.h ****     [..]
  28:Drivers/STM32WBxx_HAL_Driver/Inc/stm32wbxx_ll_bus.h ****       Workarounds:
  29:Drivers/STM32WBxx_HAL_Driver/Inc/stm32wbxx_ll_bus.h ****       (#) For AHB & APB peripherals, a dummy read to the peripheral register has been
  30:Drivers/STM32WBxx_HAL_Driver/Inc/stm32wbxx_ll_bus.h ****           inserted in each LL_{BUS}_GRP{x}_EnableClock() function.
  31:Drivers/STM32WBxx_HAL_Driver/Inc/stm32wbxx_ll_bus.h **** 
  32:Drivers/STM32WBxx_HAL_Driver/Inc/stm32wbxx_ll_bus.h ****   @endverbatim
  33:Drivers/STM32WBxx_HAL_Driver/Inc/stm32wbxx_ll_bus.h ****   ******************************************************************************
  34:Drivers/STM32WBxx_HAL_Driver/Inc/stm32wbxx_ll_bus.h ****   */
  35:Drivers/STM32WBxx_HAL_Driver/Inc/stm32wbxx_ll_bus.h **** 
  36:Drivers/STM32WBxx_HAL_Driver/Inc/stm32wbxx_ll_bus.h **** /* Define to prevent recursive inclusion -------------------------------------*/
  37:Drivers/STM32WBxx_HAL_Driver/Inc/stm32wbxx_ll_bus.h **** #ifndef STM32WBxx_LL_BUS_H
  38:Drivers/STM32WBxx_HAL_Driver/Inc/stm32wbxx_ll_bus.h **** #define STM32WBxx_LL_BUS_H
  39:Drivers/STM32WBxx_HAL_Driver/Inc/stm32wbxx_ll_bus.h **** 
  40:Drivers/STM32WBxx_HAL_Driver/Inc/stm32wbxx_ll_bus.h **** #ifdef __cplusplus
  41:Drivers/STM32WBxx_HAL_Driver/Inc/stm32wbxx_ll_bus.h **** extern "C" {
  42:Drivers/STM32WBxx_HAL_Driver/Inc/stm32wbxx_ll_bus.h **** #endif
  43:Drivers/STM32WBxx_HAL_Driver/Inc/stm32wbxx_ll_bus.h **** 
  44:Drivers/STM32WBxx_HAL_Driver/Inc/stm32wbxx_ll_bus.h **** /* Includes ------------------------------------------------------------------*/
  45:Drivers/STM32WBxx_HAL_Driver/Inc/stm32wbxx_ll_bus.h **** #include "stm32wbxx.h"
  46:Drivers/STM32WBxx_HAL_Driver/Inc/stm32wbxx_ll_bus.h **** 
  47:Drivers/STM32WBxx_HAL_Driver/Inc/stm32wbxx_ll_bus.h **** /** @addtogroup STM32WBxx_LL_Driver
  48:Drivers/STM32WBxx_HAL_Driver/Inc/stm32wbxx_ll_bus.h ****   * @{
  49:Drivers/STM32WBxx_HAL_Driver/Inc/stm32wbxx_ll_bus.h ****   */
  50:Drivers/STM32WBxx_HAL_Driver/Inc/stm32wbxx_ll_bus.h **** 
  51:Drivers/STM32WBxx_HAL_Driver/Inc/stm32wbxx_ll_bus.h **** #if defined(RCC)
  52:Drivers/STM32WBxx_HAL_Driver/Inc/stm32wbxx_ll_bus.h **** 
  53:Drivers/STM32WBxx_HAL_Driver/Inc/stm32wbxx_ll_bus.h **** /** @defgroup BUS_LL BUS
  54:Drivers/STM32WBxx_HAL_Driver/Inc/stm32wbxx_ll_bus.h ****   * @{
  55:Drivers/STM32WBxx_HAL_Driver/Inc/stm32wbxx_ll_bus.h ****   */
  56:Drivers/STM32WBxx_HAL_Driver/Inc/stm32wbxx_ll_bus.h **** 
ARM GAS  /var/folders/98/ctz5mtps7w71v8dr53cf5qg40000gn/T//ccj9u44I.s 			page 4


  57:Drivers/STM32WBxx_HAL_Driver/Inc/stm32wbxx_ll_bus.h **** /* Private types -------------------------------------------------------------*/
  58:Drivers/STM32WBxx_HAL_Driver/Inc/stm32wbxx_ll_bus.h **** /* Private variables ---------------------------------------------------------*/
  59:Drivers/STM32WBxx_HAL_Driver/Inc/stm32wbxx_ll_bus.h **** 
  60:Drivers/STM32WBxx_HAL_Driver/Inc/stm32wbxx_ll_bus.h **** /* Private constants ---------------------------------------------------------*/
  61:Drivers/STM32WBxx_HAL_Driver/Inc/stm32wbxx_ll_bus.h **** 
  62:Drivers/STM32WBxx_HAL_Driver/Inc/stm32wbxx_ll_bus.h **** /* Private macros ------------------------------------------------------------*/
  63:Drivers/STM32WBxx_HAL_Driver/Inc/stm32wbxx_ll_bus.h **** 
  64:Drivers/STM32WBxx_HAL_Driver/Inc/stm32wbxx_ll_bus.h **** /* Exported types ------------------------------------------------------------*/
  65:Drivers/STM32WBxx_HAL_Driver/Inc/stm32wbxx_ll_bus.h **** 
  66:Drivers/STM32WBxx_HAL_Driver/Inc/stm32wbxx_ll_bus.h **** /* Exported constants --------------------------------------------------------*/
  67:Drivers/STM32WBxx_HAL_Driver/Inc/stm32wbxx_ll_bus.h **** /** @defgroup BUS_LL_Exported_Constants BUS Exported Constants
  68:Drivers/STM32WBxx_HAL_Driver/Inc/stm32wbxx_ll_bus.h ****   * @{
  69:Drivers/STM32WBxx_HAL_Driver/Inc/stm32wbxx_ll_bus.h ****   */
  70:Drivers/STM32WBxx_HAL_Driver/Inc/stm32wbxx_ll_bus.h **** 
  71:Drivers/STM32WBxx_HAL_Driver/Inc/stm32wbxx_ll_bus.h **** /** @defgroup BUS_LL_EC_AHB1_GRP1_PERIPH  AHB1 GRP1 PERIPH
  72:Drivers/STM32WBxx_HAL_Driver/Inc/stm32wbxx_ll_bus.h ****   * @{
  73:Drivers/STM32WBxx_HAL_Driver/Inc/stm32wbxx_ll_bus.h ****   */
  74:Drivers/STM32WBxx_HAL_Driver/Inc/stm32wbxx_ll_bus.h **** #define LL_AHB1_GRP1_PERIPH_ALL            (0xFFFFFFFFU)
  75:Drivers/STM32WBxx_HAL_Driver/Inc/stm32wbxx_ll_bus.h **** 
  76:Drivers/STM32WBxx_HAL_Driver/Inc/stm32wbxx_ll_bus.h **** #define LL_AHB1_GRP1_PERIPH_DMA1           RCC_AHB1ENR_DMA1EN
  77:Drivers/STM32WBxx_HAL_Driver/Inc/stm32wbxx_ll_bus.h **** #if defined(DMA2)
  78:Drivers/STM32WBxx_HAL_Driver/Inc/stm32wbxx_ll_bus.h **** #define LL_AHB1_GRP1_PERIPH_DMA2           RCC_AHB1ENR_DMA2EN
  79:Drivers/STM32WBxx_HAL_Driver/Inc/stm32wbxx_ll_bus.h **** #endif /* DMA2 */
  80:Drivers/STM32WBxx_HAL_Driver/Inc/stm32wbxx_ll_bus.h **** #define LL_AHB1_GRP1_PERIPH_DMAMUX1        RCC_AHB1ENR_DMAMUX1EN
  81:Drivers/STM32WBxx_HAL_Driver/Inc/stm32wbxx_ll_bus.h **** #define LL_AHB1_GRP1_PERIPH_SRAM1          RCC_AHB1SMENR_SRAM1SMEN
  82:Drivers/STM32WBxx_HAL_Driver/Inc/stm32wbxx_ll_bus.h **** #define LL_AHB1_GRP1_PERIPH_CRC            RCC_AHB1ENR_CRCEN
  83:Drivers/STM32WBxx_HAL_Driver/Inc/stm32wbxx_ll_bus.h **** #if defined(TSC)
  84:Drivers/STM32WBxx_HAL_Driver/Inc/stm32wbxx_ll_bus.h **** #define LL_AHB1_GRP1_PERIPH_TSC            RCC_AHB1ENR_TSCEN
  85:Drivers/STM32WBxx_HAL_Driver/Inc/stm32wbxx_ll_bus.h **** #endif /* TSC */
  86:Drivers/STM32WBxx_HAL_Driver/Inc/stm32wbxx_ll_bus.h **** /**
  87:Drivers/STM32WBxx_HAL_Driver/Inc/stm32wbxx_ll_bus.h ****   * @}
  88:Drivers/STM32WBxx_HAL_Driver/Inc/stm32wbxx_ll_bus.h ****   */
  89:Drivers/STM32WBxx_HAL_Driver/Inc/stm32wbxx_ll_bus.h **** 
  90:Drivers/STM32WBxx_HAL_Driver/Inc/stm32wbxx_ll_bus.h **** /** @defgroup BUS_LL_EC_AHB2_GRP1_PERIPH  AHB2 GRP1 PERIPH
  91:Drivers/STM32WBxx_HAL_Driver/Inc/stm32wbxx_ll_bus.h ****   * @{
  92:Drivers/STM32WBxx_HAL_Driver/Inc/stm32wbxx_ll_bus.h ****   */
  93:Drivers/STM32WBxx_HAL_Driver/Inc/stm32wbxx_ll_bus.h **** #define LL_AHB2_GRP1_PERIPH_ALL            (0xFFFFFFFFU)
  94:Drivers/STM32WBxx_HAL_Driver/Inc/stm32wbxx_ll_bus.h **** 
  95:Drivers/STM32WBxx_HAL_Driver/Inc/stm32wbxx_ll_bus.h **** #define LL_AHB2_GRP1_PERIPH_GPIOA          RCC_AHB2ENR_GPIOAEN
  96:Drivers/STM32WBxx_HAL_Driver/Inc/stm32wbxx_ll_bus.h **** #define LL_AHB2_GRP1_PERIPH_GPIOB          RCC_AHB2ENR_GPIOBEN
  97:Drivers/STM32WBxx_HAL_Driver/Inc/stm32wbxx_ll_bus.h **** #define LL_AHB2_GRP1_PERIPH_GPIOC          RCC_AHB2ENR_GPIOCEN
  98:Drivers/STM32WBxx_HAL_Driver/Inc/stm32wbxx_ll_bus.h **** #if defined(GPIOD)
  99:Drivers/STM32WBxx_HAL_Driver/Inc/stm32wbxx_ll_bus.h **** #define LL_AHB2_GRP1_PERIPH_GPIOD          RCC_AHB2ENR_GPIODEN
 100:Drivers/STM32WBxx_HAL_Driver/Inc/stm32wbxx_ll_bus.h **** #endif /* GPIOD */
 101:Drivers/STM32WBxx_HAL_Driver/Inc/stm32wbxx_ll_bus.h **** #define LL_AHB2_GRP1_PERIPH_GPIOE          RCC_AHB2ENR_GPIOEEN
 102:Drivers/STM32WBxx_HAL_Driver/Inc/stm32wbxx_ll_bus.h **** #define LL_AHB2_GRP1_PERIPH_GPIOH          RCC_AHB2ENR_GPIOHEN
 103:Drivers/STM32WBxx_HAL_Driver/Inc/stm32wbxx_ll_bus.h **** #if defined(ADC_SUPPORT_5_MSPS)
 104:Drivers/STM32WBxx_HAL_Driver/Inc/stm32wbxx_ll_bus.h **** #define LL_AHB2_GRP1_PERIPH_ADC            RCC_AHB2ENR_ADCEN
 105:Drivers/STM32WBxx_HAL_Driver/Inc/stm32wbxx_ll_bus.h **** #endif /* ADC_SUPPORT_5_MSPS */
 106:Drivers/STM32WBxx_HAL_Driver/Inc/stm32wbxx_ll_bus.h **** #if defined(AES1)
 107:Drivers/STM32WBxx_HAL_Driver/Inc/stm32wbxx_ll_bus.h **** #define LL_AHB2_GRP1_PERIPH_AES1           RCC_AHB2ENR_AES1EN
 108:Drivers/STM32WBxx_HAL_Driver/Inc/stm32wbxx_ll_bus.h **** #endif /* AES1 */
 109:Drivers/STM32WBxx_HAL_Driver/Inc/stm32wbxx_ll_bus.h **** /**
 110:Drivers/STM32WBxx_HAL_Driver/Inc/stm32wbxx_ll_bus.h ****   * @}
 111:Drivers/STM32WBxx_HAL_Driver/Inc/stm32wbxx_ll_bus.h ****   */
 112:Drivers/STM32WBxx_HAL_Driver/Inc/stm32wbxx_ll_bus.h **** 
 113:Drivers/STM32WBxx_HAL_Driver/Inc/stm32wbxx_ll_bus.h **** /** @defgroup BUS_LL_EC_AHB3_GRP1_PERIPH  AHB3 GRP1 PERIPH
ARM GAS  /var/folders/98/ctz5mtps7w71v8dr53cf5qg40000gn/T//ccj9u44I.s 			page 5


 114:Drivers/STM32WBxx_HAL_Driver/Inc/stm32wbxx_ll_bus.h ****   * @{
 115:Drivers/STM32WBxx_HAL_Driver/Inc/stm32wbxx_ll_bus.h ****   */
 116:Drivers/STM32WBxx_HAL_Driver/Inc/stm32wbxx_ll_bus.h **** #define LL_AHB3_GRP1_PERIPH_ALL            (0xFFFFFFFFU)
 117:Drivers/STM32WBxx_HAL_Driver/Inc/stm32wbxx_ll_bus.h **** #if defined(QUADSPI)
 118:Drivers/STM32WBxx_HAL_Driver/Inc/stm32wbxx_ll_bus.h **** #define LL_AHB3_GRP1_PERIPH_QUADSPI        RCC_AHB3ENR_QUADSPIEN
 119:Drivers/STM32WBxx_HAL_Driver/Inc/stm32wbxx_ll_bus.h **** #endif /* QUADSPI */
 120:Drivers/STM32WBxx_HAL_Driver/Inc/stm32wbxx_ll_bus.h **** #define LL_AHB3_GRP1_PERIPH_PKA            RCC_AHB3ENR_PKAEN
 121:Drivers/STM32WBxx_HAL_Driver/Inc/stm32wbxx_ll_bus.h **** #define LL_AHB3_GRP1_PERIPH_AES2           RCC_AHB3ENR_AES2EN
 122:Drivers/STM32WBxx_HAL_Driver/Inc/stm32wbxx_ll_bus.h **** #define LL_AHB3_GRP1_PERIPH_RNG            RCC_AHB3ENR_RNGEN
 123:Drivers/STM32WBxx_HAL_Driver/Inc/stm32wbxx_ll_bus.h **** #define LL_AHB3_GRP1_PERIPH_HSEM           RCC_AHB3ENR_HSEMEN
 124:Drivers/STM32WBxx_HAL_Driver/Inc/stm32wbxx_ll_bus.h **** #define LL_AHB3_GRP1_PERIPH_IPCC           RCC_AHB3ENR_IPCCEN
 125:Drivers/STM32WBxx_HAL_Driver/Inc/stm32wbxx_ll_bus.h **** #define LL_AHB3_GRP1_PERIPH_SRAM2          RCC_AHB3SMENR_SRAM2SMEN
 126:Drivers/STM32WBxx_HAL_Driver/Inc/stm32wbxx_ll_bus.h **** #define LL_AHB3_GRP1_PERIPH_FLASH          RCC_AHB3ENR_FLASHEN
 127:Drivers/STM32WBxx_HAL_Driver/Inc/stm32wbxx_ll_bus.h **** /**
 128:Drivers/STM32WBxx_HAL_Driver/Inc/stm32wbxx_ll_bus.h ****   * @}
 129:Drivers/STM32WBxx_HAL_Driver/Inc/stm32wbxx_ll_bus.h ****   */
 130:Drivers/STM32WBxx_HAL_Driver/Inc/stm32wbxx_ll_bus.h **** 
 131:Drivers/STM32WBxx_HAL_Driver/Inc/stm32wbxx_ll_bus.h **** /** @defgroup BUS_LL_EC_APB1_GRP1_PERIPH  APB1 GRP1 PERIPH
 132:Drivers/STM32WBxx_HAL_Driver/Inc/stm32wbxx_ll_bus.h ****   * @{
 133:Drivers/STM32WBxx_HAL_Driver/Inc/stm32wbxx_ll_bus.h ****   */
 134:Drivers/STM32WBxx_HAL_Driver/Inc/stm32wbxx_ll_bus.h **** #define LL_APB1_GRP1_PERIPH_ALL            (0xFFFFFFFFU)
 135:Drivers/STM32WBxx_HAL_Driver/Inc/stm32wbxx_ll_bus.h **** #define LL_APB1_GRP1_PERIPH_TIM2           RCC_APB1ENR1_TIM2EN
 136:Drivers/STM32WBxx_HAL_Driver/Inc/stm32wbxx_ll_bus.h **** #if defined(LCD)
 137:Drivers/STM32WBxx_HAL_Driver/Inc/stm32wbxx_ll_bus.h **** #define LL_APB1_GRP1_PERIPH_LCD            RCC_APB1ENR1_LCDEN
 138:Drivers/STM32WBxx_HAL_Driver/Inc/stm32wbxx_ll_bus.h **** #endif /* LCD */
 139:Drivers/STM32WBxx_HAL_Driver/Inc/stm32wbxx_ll_bus.h **** #define LL_APB1_GRP1_PERIPH_RTCAPB         RCC_APB1ENR1_RTCAPBEN
 140:Drivers/STM32WBxx_HAL_Driver/Inc/stm32wbxx_ll_bus.h **** #define LL_APB1_GRP1_PERIPH_WWDG           RCC_APB1ENR1_WWDGEN
 141:Drivers/STM32WBxx_HAL_Driver/Inc/stm32wbxx_ll_bus.h **** #if defined(SPI2)
 142:Drivers/STM32WBxx_HAL_Driver/Inc/stm32wbxx_ll_bus.h **** #define LL_APB1_GRP1_PERIPH_SPI2           RCC_APB1ENR1_SPI2EN
 143:Drivers/STM32WBxx_HAL_Driver/Inc/stm32wbxx_ll_bus.h **** #endif /* SPI2 */
 144:Drivers/STM32WBxx_HAL_Driver/Inc/stm32wbxx_ll_bus.h **** #define LL_APB1_GRP1_PERIPH_I2C1           RCC_APB1ENR1_I2C1EN
 145:Drivers/STM32WBxx_HAL_Driver/Inc/stm32wbxx_ll_bus.h **** #if defined(I2C3)
 146:Drivers/STM32WBxx_HAL_Driver/Inc/stm32wbxx_ll_bus.h **** #define LL_APB1_GRP1_PERIPH_I2C3           RCC_APB1ENR1_I2C3EN
 147:Drivers/STM32WBxx_HAL_Driver/Inc/stm32wbxx_ll_bus.h **** #endif /* I2C3 */
 148:Drivers/STM32WBxx_HAL_Driver/Inc/stm32wbxx_ll_bus.h **** #if defined(CRS)
 149:Drivers/STM32WBxx_HAL_Driver/Inc/stm32wbxx_ll_bus.h **** #define LL_APB1_GRP1_PERIPH_CRS            RCC_APB1ENR1_CRSEN
 150:Drivers/STM32WBxx_HAL_Driver/Inc/stm32wbxx_ll_bus.h **** #endif /* CRS */
 151:Drivers/STM32WBxx_HAL_Driver/Inc/stm32wbxx_ll_bus.h **** #if defined(USB)
 152:Drivers/STM32WBxx_HAL_Driver/Inc/stm32wbxx_ll_bus.h **** #define LL_APB1_GRP1_PERIPH_USB            RCC_APB1ENR1_USBEN
 153:Drivers/STM32WBxx_HAL_Driver/Inc/stm32wbxx_ll_bus.h **** #endif /* USB */
 154:Drivers/STM32WBxx_HAL_Driver/Inc/stm32wbxx_ll_bus.h **** #define LL_APB1_GRP1_PERIPH_LPTIM1         RCC_APB1ENR1_LPTIM1EN
 155:Drivers/STM32WBxx_HAL_Driver/Inc/stm32wbxx_ll_bus.h **** /**
 156:Drivers/STM32WBxx_HAL_Driver/Inc/stm32wbxx_ll_bus.h ****   * @}
 157:Drivers/STM32WBxx_HAL_Driver/Inc/stm32wbxx_ll_bus.h ****   */
 158:Drivers/STM32WBxx_HAL_Driver/Inc/stm32wbxx_ll_bus.h **** 
 159:Drivers/STM32WBxx_HAL_Driver/Inc/stm32wbxx_ll_bus.h **** 
 160:Drivers/STM32WBxx_HAL_Driver/Inc/stm32wbxx_ll_bus.h **** /** @defgroup BUS_LL_EC_APB1_GRP2_PERIPH  APB1 GRP2 PERIPH
 161:Drivers/STM32WBxx_HAL_Driver/Inc/stm32wbxx_ll_bus.h ****   * @{
 162:Drivers/STM32WBxx_HAL_Driver/Inc/stm32wbxx_ll_bus.h ****   */
 163:Drivers/STM32WBxx_HAL_Driver/Inc/stm32wbxx_ll_bus.h **** #define LL_APB1_GRP2_PERIPH_ALL            (0xFFFFFFFFU)
 164:Drivers/STM32WBxx_HAL_Driver/Inc/stm32wbxx_ll_bus.h **** 
 165:Drivers/STM32WBxx_HAL_Driver/Inc/stm32wbxx_ll_bus.h **** #if defined(LPUART1)
 166:Drivers/STM32WBxx_HAL_Driver/Inc/stm32wbxx_ll_bus.h **** #define LL_APB1_GRP2_PERIPH_LPUART1        RCC_APB1ENR2_LPUART1EN
 167:Drivers/STM32WBxx_HAL_Driver/Inc/stm32wbxx_ll_bus.h **** #endif /* LPUART1 */
 168:Drivers/STM32WBxx_HAL_Driver/Inc/stm32wbxx_ll_bus.h **** #define LL_APB1_GRP2_PERIPH_LPTIM2         RCC_APB1ENR2_LPTIM2EN
 169:Drivers/STM32WBxx_HAL_Driver/Inc/stm32wbxx_ll_bus.h **** /**
 170:Drivers/STM32WBxx_HAL_Driver/Inc/stm32wbxx_ll_bus.h ****   * @}
ARM GAS  /var/folders/98/ctz5mtps7w71v8dr53cf5qg40000gn/T//ccj9u44I.s 			page 6


 171:Drivers/STM32WBxx_HAL_Driver/Inc/stm32wbxx_ll_bus.h ****   */
 172:Drivers/STM32WBxx_HAL_Driver/Inc/stm32wbxx_ll_bus.h **** 
 173:Drivers/STM32WBxx_HAL_Driver/Inc/stm32wbxx_ll_bus.h **** /** @defgroup BUS_LL_EC_APB2_GRP1_PERIPH  APB2 GRP1 PERIPH
 174:Drivers/STM32WBxx_HAL_Driver/Inc/stm32wbxx_ll_bus.h ****   * @{
 175:Drivers/STM32WBxx_HAL_Driver/Inc/stm32wbxx_ll_bus.h ****   */
 176:Drivers/STM32WBxx_HAL_Driver/Inc/stm32wbxx_ll_bus.h **** #define LL_APB2_GRP1_PERIPH_ALL            (0xFFFFFFFFU)
 177:Drivers/STM32WBxx_HAL_Driver/Inc/stm32wbxx_ll_bus.h **** 
 178:Drivers/STM32WBxx_HAL_Driver/Inc/stm32wbxx_ll_bus.h **** #if defined(ADC_SUPPORT_2_5_MSPS)
 179:Drivers/STM32WBxx_HAL_Driver/Inc/stm32wbxx_ll_bus.h **** #define LL_APB2_GRP1_PERIPH_ADC            RCC_APB2ENR_ADCEN
 180:Drivers/STM32WBxx_HAL_Driver/Inc/stm32wbxx_ll_bus.h **** #endif /* ADC_SUPPORT_2_5_MSPS */
 181:Drivers/STM32WBxx_HAL_Driver/Inc/stm32wbxx_ll_bus.h **** #define LL_APB2_GRP1_PERIPH_TIM1           RCC_APB2ENR_TIM1EN
 182:Drivers/STM32WBxx_HAL_Driver/Inc/stm32wbxx_ll_bus.h **** #define LL_APB2_GRP1_PERIPH_SPI1           RCC_APB2ENR_SPI1EN
 183:Drivers/STM32WBxx_HAL_Driver/Inc/stm32wbxx_ll_bus.h **** #define LL_APB2_GRP1_PERIPH_USART1         RCC_APB2ENR_USART1EN
 184:Drivers/STM32WBxx_HAL_Driver/Inc/stm32wbxx_ll_bus.h **** #if defined(TIM16)
 185:Drivers/STM32WBxx_HAL_Driver/Inc/stm32wbxx_ll_bus.h **** #define LL_APB2_GRP1_PERIPH_TIM16          RCC_APB2ENR_TIM16EN
 186:Drivers/STM32WBxx_HAL_Driver/Inc/stm32wbxx_ll_bus.h **** #endif /* TIM16 */
 187:Drivers/STM32WBxx_HAL_Driver/Inc/stm32wbxx_ll_bus.h **** #if defined(TIM17)
 188:Drivers/STM32WBxx_HAL_Driver/Inc/stm32wbxx_ll_bus.h **** #define LL_APB2_GRP1_PERIPH_TIM17          RCC_APB2ENR_TIM17EN
 189:Drivers/STM32WBxx_HAL_Driver/Inc/stm32wbxx_ll_bus.h **** #endif /* TIM17 */
 190:Drivers/STM32WBxx_HAL_Driver/Inc/stm32wbxx_ll_bus.h **** #if defined(SAI1)
 191:Drivers/STM32WBxx_HAL_Driver/Inc/stm32wbxx_ll_bus.h **** #define LL_APB2_GRP1_PERIPH_SAI1           RCC_APB2ENR_SAI1EN
 192:Drivers/STM32WBxx_HAL_Driver/Inc/stm32wbxx_ll_bus.h **** #endif /* SAI1 */
 193:Drivers/STM32WBxx_HAL_Driver/Inc/stm32wbxx_ll_bus.h **** /**
 194:Drivers/STM32WBxx_HAL_Driver/Inc/stm32wbxx_ll_bus.h ****   * @}
 195:Drivers/STM32WBxx_HAL_Driver/Inc/stm32wbxx_ll_bus.h ****   */
 196:Drivers/STM32WBxx_HAL_Driver/Inc/stm32wbxx_ll_bus.h **** 
 197:Drivers/STM32WBxx_HAL_Driver/Inc/stm32wbxx_ll_bus.h **** /** @defgroup BUS_LL_EC_APB3_GRP1_PERIPH  APB3 GRP1 PERIPH
 198:Drivers/STM32WBxx_HAL_Driver/Inc/stm32wbxx_ll_bus.h ****   * @{
 199:Drivers/STM32WBxx_HAL_Driver/Inc/stm32wbxx_ll_bus.h ****   */
 200:Drivers/STM32WBxx_HAL_Driver/Inc/stm32wbxx_ll_bus.h **** #define LL_APB3_GRP1_PERIPH_ALL            (0xFFFFFFFFU)
 201:Drivers/STM32WBxx_HAL_Driver/Inc/stm32wbxx_ll_bus.h **** #define LL_APB3_GRP1_PERIPH_RF             RCC_APB3RSTR_RFRST
 202:Drivers/STM32WBxx_HAL_Driver/Inc/stm32wbxx_ll_bus.h **** /**
 203:Drivers/STM32WBxx_HAL_Driver/Inc/stm32wbxx_ll_bus.h ****   * @}
 204:Drivers/STM32WBxx_HAL_Driver/Inc/stm32wbxx_ll_bus.h ****   */
 205:Drivers/STM32WBxx_HAL_Driver/Inc/stm32wbxx_ll_bus.h **** 
 206:Drivers/STM32WBxx_HAL_Driver/Inc/stm32wbxx_ll_bus.h **** 
 207:Drivers/STM32WBxx_HAL_Driver/Inc/stm32wbxx_ll_bus.h **** /** @defgroup BUS_LL_EC_C2_AHB1_GRP1_PERIPH  C2 AHB1 GRP1 PERIPH
 208:Drivers/STM32WBxx_HAL_Driver/Inc/stm32wbxx_ll_bus.h ****   * @{
 209:Drivers/STM32WBxx_HAL_Driver/Inc/stm32wbxx_ll_bus.h ****   */
 210:Drivers/STM32WBxx_HAL_Driver/Inc/stm32wbxx_ll_bus.h **** #define LL_C2_AHB1_GRP1_PERIPH_DMA1         RCC_C2AHB1ENR_DMA1EN
 211:Drivers/STM32WBxx_HAL_Driver/Inc/stm32wbxx_ll_bus.h **** #if defined(DMA2)
 212:Drivers/STM32WBxx_HAL_Driver/Inc/stm32wbxx_ll_bus.h **** #define LL_C2_AHB1_GRP1_PERIPH_DMA2         RCC_C2AHB1ENR_DMA2EN
 213:Drivers/STM32WBxx_HAL_Driver/Inc/stm32wbxx_ll_bus.h **** #endif /* DMA2 */
 214:Drivers/STM32WBxx_HAL_Driver/Inc/stm32wbxx_ll_bus.h **** #define LL_C2_AHB1_GRP1_PERIPH_DMAMUX1      RCC_C2AHB1ENR_DMAMUX1EN
 215:Drivers/STM32WBxx_HAL_Driver/Inc/stm32wbxx_ll_bus.h **** #define LL_C2_AHB1_GRP1_PERIPH_SRAM1        RCC_C2AHB1ENR_SRAM1EN
 216:Drivers/STM32WBxx_HAL_Driver/Inc/stm32wbxx_ll_bus.h **** #define LL_C2_AHB1_GRP1_PERIPH_CRC          RCC_C2AHB1ENR_CRCEN
 217:Drivers/STM32WBxx_HAL_Driver/Inc/stm32wbxx_ll_bus.h **** #if defined(TSC)
 218:Drivers/STM32WBxx_HAL_Driver/Inc/stm32wbxx_ll_bus.h **** #define LL_C2_AHB1_GRP1_PERIPH_TSC          RCC_C2AHB1ENR_TSCEN
 219:Drivers/STM32WBxx_HAL_Driver/Inc/stm32wbxx_ll_bus.h **** #endif /* TSC */
 220:Drivers/STM32WBxx_HAL_Driver/Inc/stm32wbxx_ll_bus.h **** /**
 221:Drivers/STM32WBxx_HAL_Driver/Inc/stm32wbxx_ll_bus.h ****   * @}
 222:Drivers/STM32WBxx_HAL_Driver/Inc/stm32wbxx_ll_bus.h ****   */
 223:Drivers/STM32WBxx_HAL_Driver/Inc/stm32wbxx_ll_bus.h **** 
 224:Drivers/STM32WBxx_HAL_Driver/Inc/stm32wbxx_ll_bus.h **** 
 225:Drivers/STM32WBxx_HAL_Driver/Inc/stm32wbxx_ll_bus.h **** /** @defgroup BUS_LL_EC_C2_AHB2_GRP1_PERIPH  C2 AHB2 GRP1 PERIPH
 226:Drivers/STM32WBxx_HAL_Driver/Inc/stm32wbxx_ll_bus.h ****   * @{
 227:Drivers/STM32WBxx_HAL_Driver/Inc/stm32wbxx_ll_bus.h ****   */
ARM GAS  /var/folders/98/ctz5mtps7w71v8dr53cf5qg40000gn/T//ccj9u44I.s 			page 7


 228:Drivers/STM32WBxx_HAL_Driver/Inc/stm32wbxx_ll_bus.h **** #define LL_C2_AHB2_GRP1_PERIPH_GPIOA        RCC_C2AHB2ENR_GPIOAEN
 229:Drivers/STM32WBxx_HAL_Driver/Inc/stm32wbxx_ll_bus.h **** #define LL_C2_AHB2_GRP1_PERIPH_GPIOB        RCC_C2AHB2ENR_GPIOBEN
 230:Drivers/STM32WBxx_HAL_Driver/Inc/stm32wbxx_ll_bus.h **** #define LL_C2_AHB2_GRP1_PERIPH_GPIOC        RCC_C2AHB2ENR_GPIOCEN
 231:Drivers/STM32WBxx_HAL_Driver/Inc/stm32wbxx_ll_bus.h **** #if defined(GPIOD)
 232:Drivers/STM32WBxx_HAL_Driver/Inc/stm32wbxx_ll_bus.h **** #define LL_C2_AHB2_GRP1_PERIPH_GPIOD        RCC_C2AHB2ENR_GPIODEN
 233:Drivers/STM32WBxx_HAL_Driver/Inc/stm32wbxx_ll_bus.h **** #endif /* GPIOD */
 234:Drivers/STM32WBxx_HAL_Driver/Inc/stm32wbxx_ll_bus.h **** #define LL_C2_AHB2_GRP1_PERIPH_GPIOE        RCC_C2AHB2ENR_GPIOEEN
 235:Drivers/STM32WBxx_HAL_Driver/Inc/stm32wbxx_ll_bus.h **** #define LL_C2_AHB2_GRP1_PERIPH_GPIOH        RCC_C2AHB2ENR_GPIOHEN
 236:Drivers/STM32WBxx_HAL_Driver/Inc/stm32wbxx_ll_bus.h **** #if defined(ADC_SUPPORT_5_MSPS)
 237:Drivers/STM32WBxx_HAL_Driver/Inc/stm32wbxx_ll_bus.h **** #define LL_C2_AHB2_GRP1_PERIPH_ADC          RCC_C2AHB2ENR_ADCEN
 238:Drivers/STM32WBxx_HAL_Driver/Inc/stm32wbxx_ll_bus.h **** #endif /* ADC_SUPPORT_5_MSPS */
 239:Drivers/STM32WBxx_HAL_Driver/Inc/stm32wbxx_ll_bus.h **** #if defined(AES1)
 240:Drivers/STM32WBxx_HAL_Driver/Inc/stm32wbxx_ll_bus.h **** #define LL_C2_AHB2_GRP1_PERIPH_AES1         RCC_C2AHB2ENR_AES1EN
 241:Drivers/STM32WBxx_HAL_Driver/Inc/stm32wbxx_ll_bus.h **** #endif /* AES1 */
 242:Drivers/STM32WBxx_HAL_Driver/Inc/stm32wbxx_ll_bus.h **** /**
 243:Drivers/STM32WBxx_HAL_Driver/Inc/stm32wbxx_ll_bus.h ****   * @}
 244:Drivers/STM32WBxx_HAL_Driver/Inc/stm32wbxx_ll_bus.h ****   */
 245:Drivers/STM32WBxx_HAL_Driver/Inc/stm32wbxx_ll_bus.h **** 
 246:Drivers/STM32WBxx_HAL_Driver/Inc/stm32wbxx_ll_bus.h **** 
 247:Drivers/STM32WBxx_HAL_Driver/Inc/stm32wbxx_ll_bus.h **** /** @defgroup BUS_LL_EC_C2_AHB3_GRP1_PERIPH  C2 AHB3 GRP1 PERIPH
 248:Drivers/STM32WBxx_HAL_Driver/Inc/stm32wbxx_ll_bus.h ****   * @{
 249:Drivers/STM32WBxx_HAL_Driver/Inc/stm32wbxx_ll_bus.h ****   */
 250:Drivers/STM32WBxx_HAL_Driver/Inc/stm32wbxx_ll_bus.h **** #define LL_C2_AHB3_GRP1_PERIPH_PKA          RCC_C2AHB3ENR_PKAEN
 251:Drivers/STM32WBxx_HAL_Driver/Inc/stm32wbxx_ll_bus.h **** #define LL_C2_AHB3_GRP1_PERIPH_AES2         RCC_C2AHB3ENR_AES2EN
 252:Drivers/STM32WBxx_HAL_Driver/Inc/stm32wbxx_ll_bus.h **** #define LL_C2_AHB3_GRP1_PERIPH_RNG          RCC_C2AHB3ENR_RNGEN
 253:Drivers/STM32WBxx_HAL_Driver/Inc/stm32wbxx_ll_bus.h **** #define LL_C2_AHB3_GRP1_PERIPH_HSEM         RCC_C2AHB3ENR_HSEMEN
 254:Drivers/STM32WBxx_HAL_Driver/Inc/stm32wbxx_ll_bus.h **** #define LL_C2_AHB3_GRP1_PERIPH_IPCC         RCC_C2AHB3ENR_IPCCEN
 255:Drivers/STM32WBxx_HAL_Driver/Inc/stm32wbxx_ll_bus.h **** #define LL_C2_AHB3_GRP1_PERIPH_FLASH        RCC_C2AHB3ENR_FLASHEN
 256:Drivers/STM32WBxx_HAL_Driver/Inc/stm32wbxx_ll_bus.h **** #define LL_C2_AHB3_GRP1_PERIPH_SRAM2        RCC_C2AHB3SMENR_SRAM2SMEN
 257:Drivers/STM32WBxx_HAL_Driver/Inc/stm32wbxx_ll_bus.h **** /**
 258:Drivers/STM32WBxx_HAL_Driver/Inc/stm32wbxx_ll_bus.h ****   * @}
 259:Drivers/STM32WBxx_HAL_Driver/Inc/stm32wbxx_ll_bus.h ****   */
 260:Drivers/STM32WBxx_HAL_Driver/Inc/stm32wbxx_ll_bus.h **** 
 261:Drivers/STM32WBxx_HAL_Driver/Inc/stm32wbxx_ll_bus.h **** 
 262:Drivers/STM32WBxx_HAL_Driver/Inc/stm32wbxx_ll_bus.h **** /** @defgroup BUS_LL_EC_C2_APB1_GRP1_PERIPH  C2 APB1 GRP1 PERIPH
 263:Drivers/STM32WBxx_HAL_Driver/Inc/stm32wbxx_ll_bus.h ****   * @{
 264:Drivers/STM32WBxx_HAL_Driver/Inc/stm32wbxx_ll_bus.h ****   */
 265:Drivers/STM32WBxx_HAL_Driver/Inc/stm32wbxx_ll_bus.h **** #define LL_C2_APB1_GRP1_PERIPH_TIM2         RCC_C2APB1ENR1_TIM2EN
 266:Drivers/STM32WBxx_HAL_Driver/Inc/stm32wbxx_ll_bus.h **** #if defined(LCD)
 267:Drivers/STM32WBxx_HAL_Driver/Inc/stm32wbxx_ll_bus.h **** #define LL_C2_APB1_GRP1_PERIPH_LCD          RCC_C2APB1ENR1_LCDEN
 268:Drivers/STM32WBxx_HAL_Driver/Inc/stm32wbxx_ll_bus.h **** #endif /* LCD */
 269:Drivers/STM32WBxx_HAL_Driver/Inc/stm32wbxx_ll_bus.h **** #define LL_C2_APB1_GRP1_PERIPH_RTCAPB       RCC_C2APB1ENR1_RTCAPBEN
 270:Drivers/STM32WBxx_HAL_Driver/Inc/stm32wbxx_ll_bus.h **** #if defined(SPI2)
 271:Drivers/STM32WBxx_HAL_Driver/Inc/stm32wbxx_ll_bus.h **** #define LL_C2_APB1_GRP1_PERIPH_SPI2         RCC_C2APB1ENR1_SPI2EN
 272:Drivers/STM32WBxx_HAL_Driver/Inc/stm32wbxx_ll_bus.h **** #endif /* SPI2 */
 273:Drivers/STM32WBxx_HAL_Driver/Inc/stm32wbxx_ll_bus.h **** #define LL_C2_APB1_GRP1_PERIPH_I2C1         RCC_C2APB1ENR1_I2C1EN
 274:Drivers/STM32WBxx_HAL_Driver/Inc/stm32wbxx_ll_bus.h **** #if defined(I2C3)
 275:Drivers/STM32WBxx_HAL_Driver/Inc/stm32wbxx_ll_bus.h **** #define LL_C2_APB1_GRP1_PERIPH_I2C3         RCC_C2APB1ENR1_I2C3EN
 276:Drivers/STM32WBxx_HAL_Driver/Inc/stm32wbxx_ll_bus.h **** #define LL_C2_APB1_GRP1_PERIPH_CRS          RCC_C2APB1ENR1_CRSEN
 277:Drivers/STM32WBxx_HAL_Driver/Inc/stm32wbxx_ll_bus.h **** #define LL_C2_APB1_GRP1_PERIPH_USB          RCC_C2APB1ENR1_USBEN
 278:Drivers/STM32WBxx_HAL_Driver/Inc/stm32wbxx_ll_bus.h **** #endif /* I2C3 */
 279:Drivers/STM32WBxx_HAL_Driver/Inc/stm32wbxx_ll_bus.h **** #define LL_C2_APB1_GRP1_PERIPH_LPTIM1       RCC_C2APB1ENR1_LPTIM1EN
 280:Drivers/STM32WBxx_HAL_Driver/Inc/stm32wbxx_ll_bus.h **** /**
 281:Drivers/STM32WBxx_HAL_Driver/Inc/stm32wbxx_ll_bus.h ****   * @}
 282:Drivers/STM32WBxx_HAL_Driver/Inc/stm32wbxx_ll_bus.h ****   */
 283:Drivers/STM32WBxx_HAL_Driver/Inc/stm32wbxx_ll_bus.h **** 
 284:Drivers/STM32WBxx_HAL_Driver/Inc/stm32wbxx_ll_bus.h **** 
ARM GAS  /var/folders/98/ctz5mtps7w71v8dr53cf5qg40000gn/T//ccj9u44I.s 			page 8


 285:Drivers/STM32WBxx_HAL_Driver/Inc/stm32wbxx_ll_bus.h **** /** @defgroup BUS_LL_EC_C2_APB1_GRP2_PERIPH  C2 APB1 GRP2 PERIPH
 286:Drivers/STM32WBxx_HAL_Driver/Inc/stm32wbxx_ll_bus.h ****   * @{
 287:Drivers/STM32WBxx_HAL_Driver/Inc/stm32wbxx_ll_bus.h ****   */
 288:Drivers/STM32WBxx_HAL_Driver/Inc/stm32wbxx_ll_bus.h **** #if defined(LPUART1)
 289:Drivers/STM32WBxx_HAL_Driver/Inc/stm32wbxx_ll_bus.h **** #define LL_C2_APB1_GRP2_PERIPH_LPUART1      RCC_C2APB1ENR2_LPUART1EN
 290:Drivers/STM32WBxx_HAL_Driver/Inc/stm32wbxx_ll_bus.h **** #endif /* LPUART1 */
 291:Drivers/STM32WBxx_HAL_Driver/Inc/stm32wbxx_ll_bus.h **** #define LL_C2_APB1_GRP2_PERIPH_LPTIM2       RCC_C2APB1ENR2_LPTIM2EN
 292:Drivers/STM32WBxx_HAL_Driver/Inc/stm32wbxx_ll_bus.h **** /**
 293:Drivers/STM32WBxx_HAL_Driver/Inc/stm32wbxx_ll_bus.h ****   * @}
 294:Drivers/STM32WBxx_HAL_Driver/Inc/stm32wbxx_ll_bus.h ****   */
 295:Drivers/STM32WBxx_HAL_Driver/Inc/stm32wbxx_ll_bus.h **** 
 296:Drivers/STM32WBxx_HAL_Driver/Inc/stm32wbxx_ll_bus.h **** 
 297:Drivers/STM32WBxx_HAL_Driver/Inc/stm32wbxx_ll_bus.h **** /** @defgroup BUS_LL_EC_C2_APB2_GRP1_PERIPH  C2 APB2 GRP1 PERIPH
 298:Drivers/STM32WBxx_HAL_Driver/Inc/stm32wbxx_ll_bus.h ****   * @{
 299:Drivers/STM32WBxx_HAL_Driver/Inc/stm32wbxx_ll_bus.h ****   */
 300:Drivers/STM32WBxx_HAL_Driver/Inc/stm32wbxx_ll_bus.h **** #if defined(ADC_SUPPORT_2_5_MSPS)
 301:Drivers/STM32WBxx_HAL_Driver/Inc/stm32wbxx_ll_bus.h **** #define LL_C2_APB2_GRP1_PERIPH_ADC          RCC_C2APB2ENR_ADCEN
 302:Drivers/STM32WBxx_HAL_Driver/Inc/stm32wbxx_ll_bus.h **** #endif /* ADC_SUPPORT_5_MSPS */
 303:Drivers/STM32WBxx_HAL_Driver/Inc/stm32wbxx_ll_bus.h **** #define LL_C2_APB2_GRP1_PERIPH_TIM1         RCC_C2APB2ENR_TIM1EN
 304:Drivers/STM32WBxx_HAL_Driver/Inc/stm32wbxx_ll_bus.h **** #define LL_C2_APB2_GRP1_PERIPH_SPI1         RCC_C2APB2ENR_SPI1EN
 305:Drivers/STM32WBxx_HAL_Driver/Inc/stm32wbxx_ll_bus.h **** #define LL_C2_APB2_GRP1_PERIPH_USART1       RCC_C2APB2ENR_USART1EN
 306:Drivers/STM32WBxx_HAL_Driver/Inc/stm32wbxx_ll_bus.h **** #if defined(TIM16)
 307:Drivers/STM32WBxx_HAL_Driver/Inc/stm32wbxx_ll_bus.h **** #define LL_C2_APB2_GRP1_PERIPH_TIM16        RCC_C2APB2ENR_TIM16EN
 308:Drivers/STM32WBxx_HAL_Driver/Inc/stm32wbxx_ll_bus.h **** #endif /* TIM16 */
 309:Drivers/STM32WBxx_HAL_Driver/Inc/stm32wbxx_ll_bus.h **** #if defined(TIM17)
 310:Drivers/STM32WBxx_HAL_Driver/Inc/stm32wbxx_ll_bus.h **** #define LL_C2_APB2_GRP1_PERIPH_TIM17        RCC_C2APB2ENR_TIM17EN
 311:Drivers/STM32WBxx_HAL_Driver/Inc/stm32wbxx_ll_bus.h **** #endif /* TIM17 */
 312:Drivers/STM32WBxx_HAL_Driver/Inc/stm32wbxx_ll_bus.h **** #if defined(SAI1)
 313:Drivers/STM32WBxx_HAL_Driver/Inc/stm32wbxx_ll_bus.h **** #define LL_C2_APB2_GRP1_PERIPH_SAI1         RCC_C2APB2ENR_SAI1EN
 314:Drivers/STM32WBxx_HAL_Driver/Inc/stm32wbxx_ll_bus.h **** #endif /* SAI1 */
 315:Drivers/STM32WBxx_HAL_Driver/Inc/stm32wbxx_ll_bus.h **** /**
 316:Drivers/STM32WBxx_HAL_Driver/Inc/stm32wbxx_ll_bus.h ****   * @}
 317:Drivers/STM32WBxx_HAL_Driver/Inc/stm32wbxx_ll_bus.h ****   */
 318:Drivers/STM32WBxx_HAL_Driver/Inc/stm32wbxx_ll_bus.h **** 
 319:Drivers/STM32WBxx_HAL_Driver/Inc/stm32wbxx_ll_bus.h **** 
 320:Drivers/STM32WBxx_HAL_Driver/Inc/stm32wbxx_ll_bus.h **** /** @defgroup BUS_LL_EC_C2_APB3_GRP1_PERIPH  C2 APB3 GRP1 PERIPH
 321:Drivers/STM32WBxx_HAL_Driver/Inc/stm32wbxx_ll_bus.h ****   * @{
 322:Drivers/STM32WBxx_HAL_Driver/Inc/stm32wbxx_ll_bus.h ****   */
 323:Drivers/STM32WBxx_HAL_Driver/Inc/stm32wbxx_ll_bus.h **** #define LL_C2_APB3_GRP1_PERIPH_BLE          RCC_C2APB3ENR_BLEEN
 324:Drivers/STM32WBxx_HAL_Driver/Inc/stm32wbxx_ll_bus.h **** #if defined(RCC_802_SUPPORT)
 325:Drivers/STM32WBxx_HAL_Driver/Inc/stm32wbxx_ll_bus.h **** #define LL_C2_APB3_GRP1_PERIPH_802          RCC_C2APB3ENR_802EN
 326:Drivers/STM32WBxx_HAL_Driver/Inc/stm32wbxx_ll_bus.h **** #endif /* RCC_802_SUPPORT */
 327:Drivers/STM32WBxx_HAL_Driver/Inc/stm32wbxx_ll_bus.h **** /**
 328:Drivers/STM32WBxx_HAL_Driver/Inc/stm32wbxx_ll_bus.h ****   * @}
 329:Drivers/STM32WBxx_HAL_Driver/Inc/stm32wbxx_ll_bus.h ****   */
 330:Drivers/STM32WBxx_HAL_Driver/Inc/stm32wbxx_ll_bus.h **** 
 331:Drivers/STM32WBxx_HAL_Driver/Inc/stm32wbxx_ll_bus.h **** 
 332:Drivers/STM32WBxx_HAL_Driver/Inc/stm32wbxx_ll_bus.h **** /**
 333:Drivers/STM32WBxx_HAL_Driver/Inc/stm32wbxx_ll_bus.h ****   * @}
 334:Drivers/STM32WBxx_HAL_Driver/Inc/stm32wbxx_ll_bus.h ****   */
 335:Drivers/STM32WBxx_HAL_Driver/Inc/stm32wbxx_ll_bus.h **** 
 336:Drivers/STM32WBxx_HAL_Driver/Inc/stm32wbxx_ll_bus.h **** /* Exported macro ------------------------------------------------------------*/
 337:Drivers/STM32WBxx_HAL_Driver/Inc/stm32wbxx_ll_bus.h **** 
 338:Drivers/STM32WBxx_HAL_Driver/Inc/stm32wbxx_ll_bus.h **** /* Exported functions --------------------------------------------------------*/
 339:Drivers/STM32WBxx_HAL_Driver/Inc/stm32wbxx_ll_bus.h **** 
 340:Drivers/STM32WBxx_HAL_Driver/Inc/stm32wbxx_ll_bus.h **** /** @defgroup BUS_LL_Exported_Functions BUS Exported Functions
 341:Drivers/STM32WBxx_HAL_Driver/Inc/stm32wbxx_ll_bus.h ****   * @{
ARM GAS  /var/folders/98/ctz5mtps7w71v8dr53cf5qg40000gn/T//ccj9u44I.s 			page 9


 342:Drivers/STM32WBxx_HAL_Driver/Inc/stm32wbxx_ll_bus.h ****   */
 343:Drivers/STM32WBxx_HAL_Driver/Inc/stm32wbxx_ll_bus.h **** 
 344:Drivers/STM32WBxx_HAL_Driver/Inc/stm32wbxx_ll_bus.h **** /** @defgroup BUS_LL_EF_AHB1 AHB1
 345:Drivers/STM32WBxx_HAL_Driver/Inc/stm32wbxx_ll_bus.h ****   * @{
 346:Drivers/STM32WBxx_HAL_Driver/Inc/stm32wbxx_ll_bus.h ****   */
 347:Drivers/STM32WBxx_HAL_Driver/Inc/stm32wbxx_ll_bus.h **** 
 348:Drivers/STM32WBxx_HAL_Driver/Inc/stm32wbxx_ll_bus.h **** /**
 349:Drivers/STM32WBxx_HAL_Driver/Inc/stm32wbxx_ll_bus.h ****   * @brief  Enable AHB1 peripherals clock.
 350:Drivers/STM32WBxx_HAL_Driver/Inc/stm32wbxx_ll_bus.h ****   * @rmtoll AHB1ENR      DMA1EN        LL_AHB1_GRP1_EnableClock\n
 351:Drivers/STM32WBxx_HAL_Driver/Inc/stm32wbxx_ll_bus.h ****   *         AHB1ENR      DMA2EN        LL_AHB1_GRP1_EnableClock\n
 352:Drivers/STM32WBxx_HAL_Driver/Inc/stm32wbxx_ll_bus.h ****   *         AHB1ENR      DMAMUX1EN      LL_AHB1_GRP1_EnableClock\n
 353:Drivers/STM32WBxx_HAL_Driver/Inc/stm32wbxx_ll_bus.h ****   *         AHB1ENR      CRCEN         LL_AHB1_GRP1_EnableClock\n
 354:Drivers/STM32WBxx_HAL_Driver/Inc/stm32wbxx_ll_bus.h ****   *         AHB1ENR      TSCEN         LL_AHB1_GRP1_EnableClock
 355:Drivers/STM32WBxx_HAL_Driver/Inc/stm32wbxx_ll_bus.h ****   * @param  Periphs This parameter can be a combination of the following values:
 356:Drivers/STM32WBxx_HAL_Driver/Inc/stm32wbxx_ll_bus.h ****   *         @arg @ref LL_AHB1_GRP1_PERIPH_DMA1
 357:Drivers/STM32WBxx_HAL_Driver/Inc/stm32wbxx_ll_bus.h ****   *         @arg @ref LL_AHB1_GRP1_PERIPH_DMA2 (*)
 358:Drivers/STM32WBxx_HAL_Driver/Inc/stm32wbxx_ll_bus.h ****   *         @arg @ref LL_AHB1_GRP1_PERIPH_DMAMUX1
 359:Drivers/STM32WBxx_HAL_Driver/Inc/stm32wbxx_ll_bus.h ****   *         @arg @ref LL_AHB1_GRP1_PERIPH_CRC
 360:Drivers/STM32WBxx_HAL_Driver/Inc/stm32wbxx_ll_bus.h ****   *         @arg @ref LL_AHB1_GRP1_PERIPH_TSC
 361:Drivers/STM32WBxx_HAL_Driver/Inc/stm32wbxx_ll_bus.h ****   * @note  (*) Not supported by all the devices
 362:Drivers/STM32WBxx_HAL_Driver/Inc/stm32wbxx_ll_bus.h ****   * @retval None
 363:Drivers/STM32WBxx_HAL_Driver/Inc/stm32wbxx_ll_bus.h ****   */
 364:Drivers/STM32WBxx_HAL_Driver/Inc/stm32wbxx_ll_bus.h **** __STATIC_INLINE void LL_AHB1_GRP1_EnableClock(uint32_t Periphs)
 365:Drivers/STM32WBxx_HAL_Driver/Inc/stm32wbxx_ll_bus.h **** {
 366:Drivers/STM32WBxx_HAL_Driver/Inc/stm32wbxx_ll_bus.h ****   __IO uint32_t tmpreg;
 367:Drivers/STM32WBxx_HAL_Driver/Inc/stm32wbxx_ll_bus.h ****   SET_BIT(RCC->AHB1ENR, Periphs);
 368:Drivers/STM32WBxx_HAL_Driver/Inc/stm32wbxx_ll_bus.h ****   /* Delay after an RCC peripheral clock enabling */
 369:Drivers/STM32WBxx_HAL_Driver/Inc/stm32wbxx_ll_bus.h ****   tmpreg = READ_BIT(RCC->AHB1ENR, Periphs);
 370:Drivers/STM32WBxx_HAL_Driver/Inc/stm32wbxx_ll_bus.h ****   (void)tmpreg;
 371:Drivers/STM32WBxx_HAL_Driver/Inc/stm32wbxx_ll_bus.h **** }
 372:Drivers/STM32WBxx_HAL_Driver/Inc/stm32wbxx_ll_bus.h **** 
 373:Drivers/STM32WBxx_HAL_Driver/Inc/stm32wbxx_ll_bus.h **** /**
 374:Drivers/STM32WBxx_HAL_Driver/Inc/stm32wbxx_ll_bus.h ****   * @brief  Check if AHB1 peripheral clock is enabled or not
 375:Drivers/STM32WBxx_HAL_Driver/Inc/stm32wbxx_ll_bus.h ****   * @rmtoll AHB1ENR      DMA1EN        LL_AHB1_GRP1_IsEnabledClock\n
 376:Drivers/STM32WBxx_HAL_Driver/Inc/stm32wbxx_ll_bus.h ****   *         AHB1ENR      DMA2EN        LL_AHB1_GRP1_IsEnabledClock\n
 377:Drivers/STM32WBxx_HAL_Driver/Inc/stm32wbxx_ll_bus.h ****   *         AHB1ENR      DMAMUX1EN      LL_AHB1_GRP1_IsEnabledClock\n
 378:Drivers/STM32WBxx_HAL_Driver/Inc/stm32wbxx_ll_bus.h ****   *         AHB1ENR      CRCEN         LL_AHB1_GRP1_IsEnabledClock\n
 379:Drivers/STM32WBxx_HAL_Driver/Inc/stm32wbxx_ll_bus.h ****   *         AHB1ENR      TSCEN         LL_AHB1_GRP1_IsEnabledClock
 380:Drivers/STM32WBxx_HAL_Driver/Inc/stm32wbxx_ll_bus.h ****   * @param  Periphs This parameter can be a combination of the following values:
 381:Drivers/STM32WBxx_HAL_Driver/Inc/stm32wbxx_ll_bus.h ****   *         @arg @ref LL_AHB1_GRP1_PERIPH_DMA1
 382:Drivers/STM32WBxx_HAL_Driver/Inc/stm32wbxx_ll_bus.h ****   *         @arg @ref LL_AHB1_GRP1_PERIPH_DMA2 (*)
 383:Drivers/STM32WBxx_HAL_Driver/Inc/stm32wbxx_ll_bus.h ****   *         @arg @ref LL_AHB1_GRP1_PERIPH_DMAMUX1
 384:Drivers/STM32WBxx_HAL_Driver/Inc/stm32wbxx_ll_bus.h ****   *         @arg @ref LL_AHB1_GRP1_PERIPH_CRC
 385:Drivers/STM32WBxx_HAL_Driver/Inc/stm32wbxx_ll_bus.h ****   *         @arg @ref LL_AHB1_GRP1_PERIPH_TSC
 386:Drivers/STM32WBxx_HAL_Driver/Inc/stm32wbxx_ll_bus.h ****   * @note  (*) Not supported by all the devices
 387:Drivers/STM32WBxx_HAL_Driver/Inc/stm32wbxx_ll_bus.h ****   * @retval uint32_t
 388:Drivers/STM32WBxx_HAL_Driver/Inc/stm32wbxx_ll_bus.h ****   */
 389:Drivers/STM32WBxx_HAL_Driver/Inc/stm32wbxx_ll_bus.h **** __STATIC_INLINE uint32_t LL_AHB1_GRP1_IsEnabledClock(uint32_t Periphs)
 390:Drivers/STM32WBxx_HAL_Driver/Inc/stm32wbxx_ll_bus.h **** {
 391:Drivers/STM32WBxx_HAL_Driver/Inc/stm32wbxx_ll_bus.h ****   return ((READ_BIT(RCC->AHB1ENR, Periphs) == (Periphs)) ? 1UL : 0UL);
 392:Drivers/STM32WBxx_HAL_Driver/Inc/stm32wbxx_ll_bus.h **** }
 393:Drivers/STM32WBxx_HAL_Driver/Inc/stm32wbxx_ll_bus.h **** 
 394:Drivers/STM32WBxx_HAL_Driver/Inc/stm32wbxx_ll_bus.h **** /**
 395:Drivers/STM32WBxx_HAL_Driver/Inc/stm32wbxx_ll_bus.h ****   * @brief  Disable AHB1 peripherals clock.
 396:Drivers/STM32WBxx_HAL_Driver/Inc/stm32wbxx_ll_bus.h ****   * @rmtoll AHB1ENR      DMA1EN        LL_AHB1_GRP1_DisableClock\n
 397:Drivers/STM32WBxx_HAL_Driver/Inc/stm32wbxx_ll_bus.h ****   *         AHB1ENR      DMA2EN        LL_AHB1_GRP1_DisableClock\n
 398:Drivers/STM32WBxx_HAL_Driver/Inc/stm32wbxx_ll_bus.h ****   *         AHB1ENR      DMAMUX1EN      LL_AHB1_GRP1_DisableClock\n
ARM GAS  /var/folders/98/ctz5mtps7w71v8dr53cf5qg40000gn/T//ccj9u44I.s 			page 10


 399:Drivers/STM32WBxx_HAL_Driver/Inc/stm32wbxx_ll_bus.h ****   *         AHB1ENR      CRCEN         LL_AHB1_GRP1_DisableClock\n
 400:Drivers/STM32WBxx_HAL_Driver/Inc/stm32wbxx_ll_bus.h ****   *         AHB1ENR      TSCEN         LL_AHB1_GRP1_DisableClock
 401:Drivers/STM32WBxx_HAL_Driver/Inc/stm32wbxx_ll_bus.h ****   * @param  Periphs This parameter can be a combination of the following values:
 402:Drivers/STM32WBxx_HAL_Driver/Inc/stm32wbxx_ll_bus.h ****   *         @arg @ref LL_AHB1_GRP1_PERIPH_DMA1
 403:Drivers/STM32WBxx_HAL_Driver/Inc/stm32wbxx_ll_bus.h ****   *         @arg @ref LL_AHB1_GRP1_PERIPH_DMA2 (*)
 404:Drivers/STM32WBxx_HAL_Driver/Inc/stm32wbxx_ll_bus.h ****   *         @arg @ref LL_AHB1_GRP1_PERIPH_DMAMUX1
 405:Drivers/STM32WBxx_HAL_Driver/Inc/stm32wbxx_ll_bus.h ****   *         @arg @ref LL_AHB1_GRP1_PERIPH_CRC
 406:Drivers/STM32WBxx_HAL_Driver/Inc/stm32wbxx_ll_bus.h ****   *         @arg @ref LL_AHB1_GRP1_PERIPH_TSC
 407:Drivers/STM32WBxx_HAL_Driver/Inc/stm32wbxx_ll_bus.h ****   * @note  (*) Not supported by all the devices
 408:Drivers/STM32WBxx_HAL_Driver/Inc/stm32wbxx_ll_bus.h ****   * @retval None
 409:Drivers/STM32WBxx_HAL_Driver/Inc/stm32wbxx_ll_bus.h ****   */
 410:Drivers/STM32WBxx_HAL_Driver/Inc/stm32wbxx_ll_bus.h **** __STATIC_INLINE void LL_AHB1_GRP1_DisableClock(uint32_t Periphs)
 411:Drivers/STM32WBxx_HAL_Driver/Inc/stm32wbxx_ll_bus.h **** {
 412:Drivers/STM32WBxx_HAL_Driver/Inc/stm32wbxx_ll_bus.h ****   CLEAR_BIT(RCC->AHB1ENR, Periphs);
 413:Drivers/STM32WBxx_HAL_Driver/Inc/stm32wbxx_ll_bus.h **** }
 414:Drivers/STM32WBxx_HAL_Driver/Inc/stm32wbxx_ll_bus.h **** 
 415:Drivers/STM32WBxx_HAL_Driver/Inc/stm32wbxx_ll_bus.h **** /**
 416:Drivers/STM32WBxx_HAL_Driver/Inc/stm32wbxx_ll_bus.h ****   * @brief  Force AHB1 peripherals reset.
 417:Drivers/STM32WBxx_HAL_Driver/Inc/stm32wbxx_ll_bus.h ****   * @rmtoll AHB1RSTR     DMA1RST       LL_AHB1_GRP1_ForceReset\n
 418:Drivers/STM32WBxx_HAL_Driver/Inc/stm32wbxx_ll_bus.h ****   *         AHB1RSTR     DMA2RST       LL_AHB1_GRP1_ForceReset\n
 419:Drivers/STM32WBxx_HAL_Driver/Inc/stm32wbxx_ll_bus.h ****   *         AHB1RSTR     DMAMUX1RST     LL_AHB1_GRP1_ForceReset\n
 420:Drivers/STM32WBxx_HAL_Driver/Inc/stm32wbxx_ll_bus.h ****   *         AHB1RSTR     CRCRST        LL_AHB1_GRP1_ForceReset\n
 421:Drivers/STM32WBxx_HAL_Driver/Inc/stm32wbxx_ll_bus.h ****   *         AHB1RSTR     TSCRST        LL_AHB1_GRP1_ForceReset
 422:Drivers/STM32WBxx_HAL_Driver/Inc/stm32wbxx_ll_bus.h ****   * @param  Periphs This parameter can be a combination of the following values:
 423:Drivers/STM32WBxx_HAL_Driver/Inc/stm32wbxx_ll_bus.h ****   *         @arg @ref LL_AHB1_GRP1_PERIPH_ALL
 424:Drivers/STM32WBxx_HAL_Driver/Inc/stm32wbxx_ll_bus.h ****   *         @arg @ref LL_AHB1_GRP1_PERIPH_DMA1
 425:Drivers/STM32WBxx_HAL_Driver/Inc/stm32wbxx_ll_bus.h ****   *         @arg @ref LL_AHB1_GRP1_PERIPH_DMA2 (*)
 426:Drivers/STM32WBxx_HAL_Driver/Inc/stm32wbxx_ll_bus.h ****   *         @arg @ref LL_AHB1_GRP1_PERIPH_DMAMUX1
 427:Drivers/STM32WBxx_HAL_Driver/Inc/stm32wbxx_ll_bus.h ****   *         @arg @ref LL_AHB1_GRP1_PERIPH_CRC
 428:Drivers/STM32WBxx_HAL_Driver/Inc/stm32wbxx_ll_bus.h ****   *         @arg @ref LL_AHB1_GRP1_PERIPH_TSC
 429:Drivers/STM32WBxx_HAL_Driver/Inc/stm32wbxx_ll_bus.h ****   * @note  (*) Not supported by all the devices
 430:Drivers/STM32WBxx_HAL_Driver/Inc/stm32wbxx_ll_bus.h ****   * @retval None
 431:Drivers/STM32WBxx_HAL_Driver/Inc/stm32wbxx_ll_bus.h ****   */
 432:Drivers/STM32WBxx_HAL_Driver/Inc/stm32wbxx_ll_bus.h **** __STATIC_INLINE void LL_AHB1_GRP1_ForceReset(uint32_t Periphs)
 433:Drivers/STM32WBxx_HAL_Driver/Inc/stm32wbxx_ll_bus.h **** {
 434:Drivers/STM32WBxx_HAL_Driver/Inc/stm32wbxx_ll_bus.h ****   SET_BIT(RCC->AHB1RSTR, Periphs);
 435:Drivers/STM32WBxx_HAL_Driver/Inc/stm32wbxx_ll_bus.h **** }
 436:Drivers/STM32WBxx_HAL_Driver/Inc/stm32wbxx_ll_bus.h **** 
 437:Drivers/STM32WBxx_HAL_Driver/Inc/stm32wbxx_ll_bus.h **** /**
 438:Drivers/STM32WBxx_HAL_Driver/Inc/stm32wbxx_ll_bus.h ****   * @brief  Release AHB1 peripherals reset.
 439:Drivers/STM32WBxx_HAL_Driver/Inc/stm32wbxx_ll_bus.h ****   * @rmtoll AHB1RSTR     DMA1RST       LL_AHB1_GRP1_ReleaseReset\n
 440:Drivers/STM32WBxx_HAL_Driver/Inc/stm32wbxx_ll_bus.h ****   *         AHB1RSTR     DMA2RST       LL_AHB1_GRP1_ReleaseReset\n
 441:Drivers/STM32WBxx_HAL_Driver/Inc/stm32wbxx_ll_bus.h ****   *         AHB1RSTR     DMAMUX1RST     LL_AHB1_GRP1_ReleaseReset\n
 442:Drivers/STM32WBxx_HAL_Driver/Inc/stm32wbxx_ll_bus.h ****   *         AHB1RSTR     CRCRST        LL_AHB1_GRP1_ReleaseReset\n
 443:Drivers/STM32WBxx_HAL_Driver/Inc/stm32wbxx_ll_bus.h ****   *         AHB1RSTR     TSCRST        LL_AHB1_GRP1_ReleaseReset
 444:Drivers/STM32WBxx_HAL_Driver/Inc/stm32wbxx_ll_bus.h ****   * @param  Periphs This parameter can be a combination of the following values:
 445:Drivers/STM32WBxx_HAL_Driver/Inc/stm32wbxx_ll_bus.h ****   *         @arg @ref LL_AHB1_GRP1_PERIPH_ALL
 446:Drivers/STM32WBxx_HAL_Driver/Inc/stm32wbxx_ll_bus.h ****   *         @arg @ref LL_AHB1_GRP1_PERIPH_DMA1
 447:Drivers/STM32WBxx_HAL_Driver/Inc/stm32wbxx_ll_bus.h ****   *         @arg @ref LL_AHB1_GRP1_PERIPH_DMA2 (*)
 448:Drivers/STM32WBxx_HAL_Driver/Inc/stm32wbxx_ll_bus.h ****   *         @arg @ref LL_AHB1_GRP1_PERIPH_DMAMUX1
 449:Drivers/STM32WBxx_HAL_Driver/Inc/stm32wbxx_ll_bus.h ****   *         @arg @ref LL_AHB1_GRP1_PERIPH_CRC
 450:Drivers/STM32WBxx_HAL_Driver/Inc/stm32wbxx_ll_bus.h ****   *         @arg @ref LL_AHB1_GRP1_PERIPH_TSC
 451:Drivers/STM32WBxx_HAL_Driver/Inc/stm32wbxx_ll_bus.h ****   * @note  (*) Not supported by all the devices
 452:Drivers/STM32WBxx_HAL_Driver/Inc/stm32wbxx_ll_bus.h ****   * @retval None
 453:Drivers/STM32WBxx_HAL_Driver/Inc/stm32wbxx_ll_bus.h ****   */
 454:Drivers/STM32WBxx_HAL_Driver/Inc/stm32wbxx_ll_bus.h **** __STATIC_INLINE void LL_AHB1_GRP1_ReleaseReset(uint32_t Periphs)
 455:Drivers/STM32WBxx_HAL_Driver/Inc/stm32wbxx_ll_bus.h **** {
ARM GAS  /var/folders/98/ctz5mtps7w71v8dr53cf5qg40000gn/T//ccj9u44I.s 			page 11


 456:Drivers/STM32WBxx_HAL_Driver/Inc/stm32wbxx_ll_bus.h ****   CLEAR_BIT(RCC->AHB1RSTR, Periphs);
 457:Drivers/STM32WBxx_HAL_Driver/Inc/stm32wbxx_ll_bus.h **** }
 458:Drivers/STM32WBxx_HAL_Driver/Inc/stm32wbxx_ll_bus.h **** 
 459:Drivers/STM32WBxx_HAL_Driver/Inc/stm32wbxx_ll_bus.h **** /**
 460:Drivers/STM32WBxx_HAL_Driver/Inc/stm32wbxx_ll_bus.h ****   * @brief  Enable AHB1 peripherals clock during Low Power (Sleep) mode.
 461:Drivers/STM32WBxx_HAL_Driver/Inc/stm32wbxx_ll_bus.h ****   * @rmtoll AHB1SMENR    DMA1SMEN      LL_AHB1_GRP1_EnableClockSleep\n
 462:Drivers/STM32WBxx_HAL_Driver/Inc/stm32wbxx_ll_bus.h ****   *         AHB1SMENR    DMA2SMEN      LL_AHB1_GRP1_EnableClockSleep\n
 463:Drivers/STM32WBxx_HAL_Driver/Inc/stm32wbxx_ll_bus.h ****   *         AHB1SMENR    DMAMUX1SMEN    LL_AHB1_GRP1_EnableClockSleep\n
 464:Drivers/STM32WBxx_HAL_Driver/Inc/stm32wbxx_ll_bus.h ****   *         AHB1SMENR    SRAM1SMEN     LL_AHB1_GRP1_EnableClockSleep\n
 465:Drivers/STM32WBxx_HAL_Driver/Inc/stm32wbxx_ll_bus.h ****   *         AHB1SMENR    CRCSMEN       LL_AHB1_GRP1_EnableClockSleep\n
 466:Drivers/STM32WBxx_HAL_Driver/Inc/stm32wbxx_ll_bus.h ****   *         AHB1SMENR    TSCSMEN       LL_AHB1_GRP1_EnableClockSleep
 467:Drivers/STM32WBxx_HAL_Driver/Inc/stm32wbxx_ll_bus.h ****   * @param  Periphs This parameter can be a combination of the following values:
 468:Drivers/STM32WBxx_HAL_Driver/Inc/stm32wbxx_ll_bus.h ****   *         @arg @ref LL_AHB1_GRP1_PERIPH_DMA1
 469:Drivers/STM32WBxx_HAL_Driver/Inc/stm32wbxx_ll_bus.h ****   *         @arg @ref LL_AHB1_GRP1_PERIPH_DMA2 (*)
 470:Drivers/STM32WBxx_HAL_Driver/Inc/stm32wbxx_ll_bus.h ****   *         @arg @ref LL_AHB1_GRP1_PERIPH_DMAMUX1
 471:Drivers/STM32WBxx_HAL_Driver/Inc/stm32wbxx_ll_bus.h ****   *         @arg @ref LL_AHB1_GRP1_PERIPH_SRAM1
 472:Drivers/STM32WBxx_HAL_Driver/Inc/stm32wbxx_ll_bus.h ****   *         @arg @ref LL_AHB1_GRP1_PERIPH_CRC
 473:Drivers/STM32WBxx_HAL_Driver/Inc/stm32wbxx_ll_bus.h ****   *         @arg @ref LL_AHB1_GRP1_PERIPH_TSC
 474:Drivers/STM32WBxx_HAL_Driver/Inc/stm32wbxx_ll_bus.h ****   * @note  (*) Not supported by all the devices
 475:Drivers/STM32WBxx_HAL_Driver/Inc/stm32wbxx_ll_bus.h ****   * @retval None
 476:Drivers/STM32WBxx_HAL_Driver/Inc/stm32wbxx_ll_bus.h ****   */
 477:Drivers/STM32WBxx_HAL_Driver/Inc/stm32wbxx_ll_bus.h **** __STATIC_INLINE void LL_AHB1_GRP1_EnableClockSleep(uint32_t Periphs)
 478:Drivers/STM32WBxx_HAL_Driver/Inc/stm32wbxx_ll_bus.h **** {
 479:Drivers/STM32WBxx_HAL_Driver/Inc/stm32wbxx_ll_bus.h ****   __IO uint32_t tmpreg;
 480:Drivers/STM32WBxx_HAL_Driver/Inc/stm32wbxx_ll_bus.h ****   SET_BIT(RCC->AHB1SMENR, Periphs);
 481:Drivers/STM32WBxx_HAL_Driver/Inc/stm32wbxx_ll_bus.h ****   /* Delay after an RCC peripheral clock enabling */
 482:Drivers/STM32WBxx_HAL_Driver/Inc/stm32wbxx_ll_bus.h ****   tmpreg = READ_BIT(RCC->AHB1SMENR, Periphs);
 483:Drivers/STM32WBxx_HAL_Driver/Inc/stm32wbxx_ll_bus.h ****   (void)tmpreg;
 484:Drivers/STM32WBxx_HAL_Driver/Inc/stm32wbxx_ll_bus.h **** }
 485:Drivers/STM32WBxx_HAL_Driver/Inc/stm32wbxx_ll_bus.h **** 
 486:Drivers/STM32WBxx_HAL_Driver/Inc/stm32wbxx_ll_bus.h **** /**
 487:Drivers/STM32WBxx_HAL_Driver/Inc/stm32wbxx_ll_bus.h ****   * @brief  Disable AHB1 peripherals clock during Low Power (Sleep) mode.
 488:Drivers/STM32WBxx_HAL_Driver/Inc/stm32wbxx_ll_bus.h ****   * @rmtoll AHB1SMENR    DMA1SMEN      LL_AHB1_GRP1_DisableClockSleep\n
 489:Drivers/STM32WBxx_HAL_Driver/Inc/stm32wbxx_ll_bus.h ****   *         AHB1SMENR    DMA2SMEN      LL_AHB1_GRP1_DisableClockSleep\n
 490:Drivers/STM32WBxx_HAL_Driver/Inc/stm32wbxx_ll_bus.h ****   *         AHB1SMENR    DMAMUX1SMEN    LL_AHB1_GRP1_DisableClockSleep\n
 491:Drivers/STM32WBxx_HAL_Driver/Inc/stm32wbxx_ll_bus.h ****   *         AHB1SMENR    SRAM1SMEN     LL_AHB1_GRP1_DisableClockSleep\n
 492:Drivers/STM32WBxx_HAL_Driver/Inc/stm32wbxx_ll_bus.h ****   *         AHB1SMENR    CRCSMEN       LL_AHB1_GRP1_DisableClockSleep\n
 493:Drivers/STM32WBxx_HAL_Driver/Inc/stm32wbxx_ll_bus.h ****   *         AHB1SMENR    TSCSMEN       LL_AHB1_GRP1_DisableClockSleep
 494:Drivers/STM32WBxx_HAL_Driver/Inc/stm32wbxx_ll_bus.h ****   * @param  Periphs This parameter can be a combination of the following values:
 495:Drivers/STM32WBxx_HAL_Driver/Inc/stm32wbxx_ll_bus.h ****   *         @arg @ref LL_AHB1_GRP1_PERIPH_DMA1
 496:Drivers/STM32WBxx_HAL_Driver/Inc/stm32wbxx_ll_bus.h ****   *         @arg @ref LL_AHB1_GRP1_PERIPH_DMA2 (*)
 497:Drivers/STM32WBxx_HAL_Driver/Inc/stm32wbxx_ll_bus.h ****   *         @arg @ref LL_AHB1_GRP1_PERIPH_DMAMUX1
 498:Drivers/STM32WBxx_HAL_Driver/Inc/stm32wbxx_ll_bus.h ****   *         @arg @ref LL_AHB1_GRP1_PERIPH_SRAM1
 499:Drivers/STM32WBxx_HAL_Driver/Inc/stm32wbxx_ll_bus.h ****   *         @arg @ref LL_AHB1_GRP1_PERIPH_CRC
 500:Drivers/STM32WBxx_HAL_Driver/Inc/stm32wbxx_ll_bus.h ****   *         @arg @ref LL_AHB1_GRP1_PERIPH_TSC
 501:Drivers/STM32WBxx_HAL_Driver/Inc/stm32wbxx_ll_bus.h ****   * @note  (*) Not supported by all the devices
 502:Drivers/STM32WBxx_HAL_Driver/Inc/stm32wbxx_ll_bus.h ****   * @retval None
 503:Drivers/STM32WBxx_HAL_Driver/Inc/stm32wbxx_ll_bus.h ****   */
 504:Drivers/STM32WBxx_HAL_Driver/Inc/stm32wbxx_ll_bus.h **** __STATIC_INLINE void LL_AHB1_GRP1_DisableClockSleep(uint32_t Periphs)
 505:Drivers/STM32WBxx_HAL_Driver/Inc/stm32wbxx_ll_bus.h **** {
 506:Drivers/STM32WBxx_HAL_Driver/Inc/stm32wbxx_ll_bus.h ****   CLEAR_BIT(RCC->AHB1SMENR, Periphs);
 507:Drivers/STM32WBxx_HAL_Driver/Inc/stm32wbxx_ll_bus.h **** }
 508:Drivers/STM32WBxx_HAL_Driver/Inc/stm32wbxx_ll_bus.h **** 
 509:Drivers/STM32WBxx_HAL_Driver/Inc/stm32wbxx_ll_bus.h **** /**
 510:Drivers/STM32WBxx_HAL_Driver/Inc/stm32wbxx_ll_bus.h ****   * @}
 511:Drivers/STM32WBxx_HAL_Driver/Inc/stm32wbxx_ll_bus.h ****   */
 512:Drivers/STM32WBxx_HAL_Driver/Inc/stm32wbxx_ll_bus.h **** 
ARM GAS  /var/folders/98/ctz5mtps7w71v8dr53cf5qg40000gn/T//ccj9u44I.s 			page 12


 513:Drivers/STM32WBxx_HAL_Driver/Inc/stm32wbxx_ll_bus.h **** /** @defgroup BUS_LL_EF_AHB2 AHB2
 514:Drivers/STM32WBxx_HAL_Driver/Inc/stm32wbxx_ll_bus.h ****   * @{
 515:Drivers/STM32WBxx_HAL_Driver/Inc/stm32wbxx_ll_bus.h ****   */
 516:Drivers/STM32WBxx_HAL_Driver/Inc/stm32wbxx_ll_bus.h **** 
 517:Drivers/STM32WBxx_HAL_Driver/Inc/stm32wbxx_ll_bus.h **** /**
 518:Drivers/STM32WBxx_HAL_Driver/Inc/stm32wbxx_ll_bus.h ****   * @brief  Enable AHB2 peripherals clock.
 519:Drivers/STM32WBxx_HAL_Driver/Inc/stm32wbxx_ll_bus.h ****   * @rmtoll AHB2ENR      GPIOAEN       LL_AHB2_GRP1_EnableClock\n
 520:Drivers/STM32WBxx_HAL_Driver/Inc/stm32wbxx_ll_bus.h ****   *         AHB2ENR      GPIOBEN       LL_AHB2_GRP1_EnableClock\n
 521:Drivers/STM32WBxx_HAL_Driver/Inc/stm32wbxx_ll_bus.h ****   *         AHB2ENR      GPIOCEN       LL_AHB2_GRP1_EnableClock\n
 522:Drivers/STM32WBxx_HAL_Driver/Inc/stm32wbxx_ll_bus.h ****   *         AHB2ENR      GPIODEN       LL_AHB2_GRP1_EnableClock\n
 523:Drivers/STM32WBxx_HAL_Driver/Inc/stm32wbxx_ll_bus.h ****   *         AHB2ENR      GPIOEEN       LL_AHB2_GRP1_EnableClock\n
 524:Drivers/STM32WBxx_HAL_Driver/Inc/stm32wbxx_ll_bus.h ****   *         AHB2ENR      GPIOHEN       LL_AHB2_GRP1_EnableClock\n
 525:Drivers/STM32WBxx_HAL_Driver/Inc/stm32wbxx_ll_bus.h ****   *         AHB2ENR      ADCEN         LL_AHB2_GRP1_EnableClock\n
 526:Drivers/STM32WBxx_HAL_Driver/Inc/stm32wbxx_ll_bus.h ****   *         AHB2ENR      AES1EN        LL_AHB2_GRP1_EnableClock
 527:Drivers/STM32WBxx_HAL_Driver/Inc/stm32wbxx_ll_bus.h ****   * @param  Periphs This parameter can be a combination of the following values:
 528:Drivers/STM32WBxx_HAL_Driver/Inc/stm32wbxx_ll_bus.h ****   *         @arg @ref LL_AHB2_GRP1_PERIPH_GPIOA
 529:Drivers/STM32WBxx_HAL_Driver/Inc/stm32wbxx_ll_bus.h ****   *         @arg @ref LL_AHB2_GRP1_PERIPH_GPIOB
 530:Drivers/STM32WBxx_HAL_Driver/Inc/stm32wbxx_ll_bus.h ****   *         @arg @ref LL_AHB2_GRP1_PERIPH_GPIOC
 531:Drivers/STM32WBxx_HAL_Driver/Inc/stm32wbxx_ll_bus.h ****   *         @arg @ref LL_AHB2_GRP1_PERIPH_GPIOD (*)
 532:Drivers/STM32WBxx_HAL_Driver/Inc/stm32wbxx_ll_bus.h ****   *         @arg @ref LL_AHB2_GRP1_PERIPH_GPIOE
 533:Drivers/STM32WBxx_HAL_Driver/Inc/stm32wbxx_ll_bus.h ****   *         @arg @ref LL_AHB2_GRP1_PERIPH_GPIOH
 534:Drivers/STM32WBxx_HAL_Driver/Inc/stm32wbxx_ll_bus.h ****   *         @arg @ref LL_AHB2_GRP1_PERIPH_ADC (*)
 535:Drivers/STM32WBxx_HAL_Driver/Inc/stm32wbxx_ll_bus.h ****   *         @arg @ref LL_AHB2_GRP1_PERIPH_AES1 (*)
 536:Drivers/STM32WBxx_HAL_Driver/Inc/stm32wbxx_ll_bus.h ****   * @note  (*) Not supported by all the devices
 537:Drivers/STM32WBxx_HAL_Driver/Inc/stm32wbxx_ll_bus.h ****   * @retval None
 538:Drivers/STM32WBxx_HAL_Driver/Inc/stm32wbxx_ll_bus.h ****   */
 539:Drivers/STM32WBxx_HAL_Driver/Inc/stm32wbxx_ll_bus.h **** __STATIC_INLINE void LL_AHB2_GRP1_EnableClock(uint32_t Periphs)
 540:Drivers/STM32WBxx_HAL_Driver/Inc/stm32wbxx_ll_bus.h **** {
 541:Drivers/STM32WBxx_HAL_Driver/Inc/stm32wbxx_ll_bus.h ****   __IO uint32_t tmpreg;
 542:Drivers/STM32WBxx_HAL_Driver/Inc/stm32wbxx_ll_bus.h ****   SET_BIT(RCC->AHB2ENR, Periphs);
 543:Drivers/STM32WBxx_HAL_Driver/Inc/stm32wbxx_ll_bus.h ****   /* Delay after an RCC peripheral clock enabling */
 544:Drivers/STM32WBxx_HAL_Driver/Inc/stm32wbxx_ll_bus.h ****   tmpreg = READ_BIT(RCC->AHB2ENR, Periphs);
 545:Drivers/STM32WBxx_HAL_Driver/Inc/stm32wbxx_ll_bus.h ****   (void)tmpreg;
 546:Drivers/STM32WBxx_HAL_Driver/Inc/stm32wbxx_ll_bus.h **** }
 547:Drivers/STM32WBxx_HAL_Driver/Inc/stm32wbxx_ll_bus.h **** 
 548:Drivers/STM32WBxx_HAL_Driver/Inc/stm32wbxx_ll_bus.h **** /**
 549:Drivers/STM32WBxx_HAL_Driver/Inc/stm32wbxx_ll_bus.h ****   * @brief  Check if AHB2 peripheral clock is enabled or not
 550:Drivers/STM32WBxx_HAL_Driver/Inc/stm32wbxx_ll_bus.h ****   * @rmtoll AHB2ENR      GPIOAEN       LL_AHB2_GRP1_IsEnabledClock\n
 551:Drivers/STM32WBxx_HAL_Driver/Inc/stm32wbxx_ll_bus.h ****   *         AHB2ENR      GPIOBEN       LL_AHB2_GRP1_IsEnabledClock\n
 552:Drivers/STM32WBxx_HAL_Driver/Inc/stm32wbxx_ll_bus.h ****   *         AHB2ENR      GPIOCEN       LL_AHB2_GRP1_IsEnabledClock\n
 553:Drivers/STM32WBxx_HAL_Driver/Inc/stm32wbxx_ll_bus.h ****   *         AHB2ENR      GPIODEN       LL_AHB2_GRP1_IsEnabledClock\n
 554:Drivers/STM32WBxx_HAL_Driver/Inc/stm32wbxx_ll_bus.h ****   *         AHB2ENR      GPIOEEN       LL_AHB2_GRP1_IsEnabledClock\n
 555:Drivers/STM32WBxx_HAL_Driver/Inc/stm32wbxx_ll_bus.h ****   *         AHB2ENR      GPIOHEN       LL_AHB2_GRP1_IsEnabledClock\n
 556:Drivers/STM32WBxx_HAL_Driver/Inc/stm32wbxx_ll_bus.h ****   *         AHB2ENR      ADCEN         LL_AHB2_GRP1_IsEnabledClock\n
 557:Drivers/STM32WBxx_HAL_Driver/Inc/stm32wbxx_ll_bus.h ****   *         AHB2ENR      AES1EN        LL_AHB2_GRP1_IsEnabledClock
 558:Drivers/STM32WBxx_HAL_Driver/Inc/stm32wbxx_ll_bus.h ****   * @param  Periphs This parameter can be a combination of the following values:
 559:Drivers/STM32WBxx_HAL_Driver/Inc/stm32wbxx_ll_bus.h ****   *         @arg @ref LL_AHB2_GRP1_PERIPH_GPIOA
 560:Drivers/STM32WBxx_HAL_Driver/Inc/stm32wbxx_ll_bus.h ****   *         @arg @ref LL_AHB2_GRP1_PERIPH_GPIOB
 561:Drivers/STM32WBxx_HAL_Driver/Inc/stm32wbxx_ll_bus.h ****   *         @arg @ref LL_AHB2_GRP1_PERIPH_GPIOC
 562:Drivers/STM32WBxx_HAL_Driver/Inc/stm32wbxx_ll_bus.h ****   *         @arg @ref LL_AHB2_GRP1_PERIPH_GPIOD (*)
 563:Drivers/STM32WBxx_HAL_Driver/Inc/stm32wbxx_ll_bus.h ****   *         @arg @ref LL_AHB2_GRP1_PERIPH_GPIOE
 564:Drivers/STM32WBxx_HAL_Driver/Inc/stm32wbxx_ll_bus.h ****   *         @arg @ref LL_AHB2_GRP1_PERIPH_GPIOH
 565:Drivers/STM32WBxx_HAL_Driver/Inc/stm32wbxx_ll_bus.h ****   *         @arg @ref LL_AHB2_GRP1_PERIPH_ADC (*)
 566:Drivers/STM32WBxx_HAL_Driver/Inc/stm32wbxx_ll_bus.h ****   *         @arg @ref LL_AHB2_GRP1_PERIPH_AES1 (*)
 567:Drivers/STM32WBxx_HAL_Driver/Inc/stm32wbxx_ll_bus.h ****   * @note  (*) Not supported by all the devices
 568:Drivers/STM32WBxx_HAL_Driver/Inc/stm32wbxx_ll_bus.h ****   * @retval uint32_t
 569:Drivers/STM32WBxx_HAL_Driver/Inc/stm32wbxx_ll_bus.h ****   */
ARM GAS  /var/folders/98/ctz5mtps7w71v8dr53cf5qg40000gn/T//ccj9u44I.s 			page 13


 570:Drivers/STM32WBxx_HAL_Driver/Inc/stm32wbxx_ll_bus.h **** __STATIC_INLINE uint32_t LL_AHB2_GRP1_IsEnabledClock(uint32_t Periphs)
 571:Drivers/STM32WBxx_HAL_Driver/Inc/stm32wbxx_ll_bus.h **** {
 572:Drivers/STM32WBxx_HAL_Driver/Inc/stm32wbxx_ll_bus.h ****   return ((READ_BIT(RCC->AHB2ENR, Periphs) == (Periphs)) ? 1UL : 0UL);
 573:Drivers/STM32WBxx_HAL_Driver/Inc/stm32wbxx_ll_bus.h **** }
 574:Drivers/STM32WBxx_HAL_Driver/Inc/stm32wbxx_ll_bus.h **** 
 575:Drivers/STM32WBxx_HAL_Driver/Inc/stm32wbxx_ll_bus.h **** /**
 576:Drivers/STM32WBxx_HAL_Driver/Inc/stm32wbxx_ll_bus.h ****   * @brief  Disable AHB2 peripherals clock.
 577:Drivers/STM32WBxx_HAL_Driver/Inc/stm32wbxx_ll_bus.h ****   * @rmtoll AHB2ENR      GPIOAEN       LL_AHB2_GRP1_DisableClock\n
 578:Drivers/STM32WBxx_HAL_Driver/Inc/stm32wbxx_ll_bus.h ****   *         AHB2ENR      GPIOBEN       LL_AHB2_GRP1_DisableClock\n
 579:Drivers/STM32WBxx_HAL_Driver/Inc/stm32wbxx_ll_bus.h ****   *         AHB2ENR      GPIOCEN       LL_AHB2_GRP1_DisableClock\n
 580:Drivers/STM32WBxx_HAL_Driver/Inc/stm32wbxx_ll_bus.h ****   *         AHB2ENR      GPIODEN       LL_AHB2_GRP1_DisableClock\n
 581:Drivers/STM32WBxx_HAL_Driver/Inc/stm32wbxx_ll_bus.h ****   *         AHB2ENR      GPIOEEN       LL_AHB2_GRP1_DisableClock\n
 582:Drivers/STM32WBxx_HAL_Driver/Inc/stm32wbxx_ll_bus.h ****   *         AHB2ENR      GPIOHEN       LL_AHB2_GRP1_DisableClock\n
 583:Drivers/STM32WBxx_HAL_Driver/Inc/stm32wbxx_ll_bus.h ****   *         AHB2ENR      ADCEN         LL_AHB2_GRP1_DisableClock\n
 584:Drivers/STM32WBxx_HAL_Driver/Inc/stm32wbxx_ll_bus.h ****   *         AHB2ENR      AES1EN        LL_AHB2_GRP1_DisableClock
 585:Drivers/STM32WBxx_HAL_Driver/Inc/stm32wbxx_ll_bus.h ****   * @param  Periphs This parameter can be a combination of the following values:
 586:Drivers/STM32WBxx_HAL_Driver/Inc/stm32wbxx_ll_bus.h ****   *         @arg @ref LL_AHB2_GRP1_PERIPH_GPIOA
 587:Drivers/STM32WBxx_HAL_Driver/Inc/stm32wbxx_ll_bus.h ****   *         @arg @ref LL_AHB2_GRP1_PERIPH_GPIOB
 588:Drivers/STM32WBxx_HAL_Driver/Inc/stm32wbxx_ll_bus.h ****   *         @arg @ref LL_AHB2_GRP1_PERIPH_GPIOC
 589:Drivers/STM32WBxx_HAL_Driver/Inc/stm32wbxx_ll_bus.h ****   *         @arg @ref LL_AHB2_GRP1_PERIPH_GPIOD (*)
 590:Drivers/STM32WBxx_HAL_Driver/Inc/stm32wbxx_ll_bus.h ****   *         @arg @ref LL_AHB2_GRP1_PERIPH_GPIOE
 591:Drivers/STM32WBxx_HAL_Driver/Inc/stm32wbxx_ll_bus.h ****   *         @arg @ref LL_AHB2_GRP1_PERIPH_GPIOH
 592:Drivers/STM32WBxx_HAL_Driver/Inc/stm32wbxx_ll_bus.h ****   *         @arg @ref LL_AHB2_GRP1_PERIPH_ADC (*)
 593:Drivers/STM32WBxx_HAL_Driver/Inc/stm32wbxx_ll_bus.h ****   *         @arg @ref LL_AHB2_GRP1_PERIPH_AES1 (*)
 594:Drivers/STM32WBxx_HAL_Driver/Inc/stm32wbxx_ll_bus.h ****   * @note  (*) Not supported by all the devices
 595:Drivers/STM32WBxx_HAL_Driver/Inc/stm32wbxx_ll_bus.h ****   * @retval None
 596:Drivers/STM32WBxx_HAL_Driver/Inc/stm32wbxx_ll_bus.h ****   */
 597:Drivers/STM32WBxx_HAL_Driver/Inc/stm32wbxx_ll_bus.h **** __STATIC_INLINE void LL_AHB2_GRP1_DisableClock(uint32_t Periphs)
 598:Drivers/STM32WBxx_HAL_Driver/Inc/stm32wbxx_ll_bus.h **** {
 599:Drivers/STM32WBxx_HAL_Driver/Inc/stm32wbxx_ll_bus.h ****   CLEAR_BIT(RCC->AHB2ENR, Periphs);
 600:Drivers/STM32WBxx_HAL_Driver/Inc/stm32wbxx_ll_bus.h **** }
 601:Drivers/STM32WBxx_HAL_Driver/Inc/stm32wbxx_ll_bus.h **** 
 602:Drivers/STM32WBxx_HAL_Driver/Inc/stm32wbxx_ll_bus.h **** /**
 603:Drivers/STM32WBxx_HAL_Driver/Inc/stm32wbxx_ll_bus.h ****   * @brief  Force AHB2 peripherals reset.
 604:Drivers/STM32WBxx_HAL_Driver/Inc/stm32wbxx_ll_bus.h ****   * @rmtoll AHB2RSTR     GPIOARST      LL_AHB2_GRP1_ForceReset\n
 605:Drivers/STM32WBxx_HAL_Driver/Inc/stm32wbxx_ll_bus.h ****   *         AHB2RSTR     GPIOBRST      LL_AHB2_GRP1_ForceReset\n
 606:Drivers/STM32WBxx_HAL_Driver/Inc/stm32wbxx_ll_bus.h ****   *         AHB2RSTR     GPIOCRST      LL_AHB2_GRP1_ForceReset\n
 607:Drivers/STM32WBxx_HAL_Driver/Inc/stm32wbxx_ll_bus.h ****   *         AHB2RSTR     GPIODRST      LL_AHB2_GRP1_ForceReset\n
 608:Drivers/STM32WBxx_HAL_Driver/Inc/stm32wbxx_ll_bus.h ****   *         AHB2RSTR     GPIOERST      LL_AHB2_GRP1_ForceReset\n
 609:Drivers/STM32WBxx_HAL_Driver/Inc/stm32wbxx_ll_bus.h ****   *         AHB2RSTR     GPIOHRST      LL_AHB2_GRP1_ForceReset\n
 610:Drivers/STM32WBxx_HAL_Driver/Inc/stm32wbxx_ll_bus.h ****   *         AHB2RSTR     ADCRST        LL_AHB2_GRP1_ForceReset\n
 611:Drivers/STM32WBxx_HAL_Driver/Inc/stm32wbxx_ll_bus.h ****   *         AHB2RSTR     AES1RST       LL_AHB2_GRP1_ForceReset
 612:Drivers/STM32WBxx_HAL_Driver/Inc/stm32wbxx_ll_bus.h ****   * @param  Periphs This parameter can be a combination of the following values:
 613:Drivers/STM32WBxx_HAL_Driver/Inc/stm32wbxx_ll_bus.h ****   *         @arg @ref LL_AHB2_GRP1_PERIPH_ALL
 614:Drivers/STM32WBxx_HAL_Driver/Inc/stm32wbxx_ll_bus.h ****   *         @arg @ref LL_AHB2_GRP1_PERIPH_GPIOA
 615:Drivers/STM32WBxx_HAL_Driver/Inc/stm32wbxx_ll_bus.h ****   *         @arg @ref LL_AHB2_GRP1_PERIPH_GPIOB
 616:Drivers/STM32WBxx_HAL_Driver/Inc/stm32wbxx_ll_bus.h ****   *         @arg @ref LL_AHB2_GRP1_PERIPH_GPIOC
 617:Drivers/STM32WBxx_HAL_Driver/Inc/stm32wbxx_ll_bus.h ****   *         @arg @ref LL_AHB2_GRP1_PERIPH_GPIOD (*)
 618:Drivers/STM32WBxx_HAL_Driver/Inc/stm32wbxx_ll_bus.h ****   *         @arg @ref LL_AHB2_GRP1_PERIPH_GPIOE
 619:Drivers/STM32WBxx_HAL_Driver/Inc/stm32wbxx_ll_bus.h ****   *         @arg @ref LL_AHB2_GRP1_PERIPH_GPIOH
 620:Drivers/STM32WBxx_HAL_Driver/Inc/stm32wbxx_ll_bus.h ****   *         @arg @ref LL_AHB2_GRP1_PERIPH_ADC (*)
 621:Drivers/STM32WBxx_HAL_Driver/Inc/stm32wbxx_ll_bus.h ****   *         @arg @ref LL_AHB2_GRP1_PERIPH_AES1 (*)
 622:Drivers/STM32WBxx_HAL_Driver/Inc/stm32wbxx_ll_bus.h ****   * @note  (*) Not supported by all the devices
 623:Drivers/STM32WBxx_HAL_Driver/Inc/stm32wbxx_ll_bus.h ****   * @retval None
 624:Drivers/STM32WBxx_HAL_Driver/Inc/stm32wbxx_ll_bus.h ****   */
 625:Drivers/STM32WBxx_HAL_Driver/Inc/stm32wbxx_ll_bus.h **** __STATIC_INLINE void LL_AHB2_GRP1_ForceReset(uint32_t Periphs)
 626:Drivers/STM32WBxx_HAL_Driver/Inc/stm32wbxx_ll_bus.h **** {
ARM GAS  /var/folders/98/ctz5mtps7w71v8dr53cf5qg40000gn/T//ccj9u44I.s 			page 14


 627:Drivers/STM32WBxx_HAL_Driver/Inc/stm32wbxx_ll_bus.h ****   SET_BIT(RCC->AHB2RSTR, Periphs);
 628:Drivers/STM32WBxx_HAL_Driver/Inc/stm32wbxx_ll_bus.h **** }
 629:Drivers/STM32WBxx_HAL_Driver/Inc/stm32wbxx_ll_bus.h **** 
 630:Drivers/STM32WBxx_HAL_Driver/Inc/stm32wbxx_ll_bus.h **** /**
 631:Drivers/STM32WBxx_HAL_Driver/Inc/stm32wbxx_ll_bus.h ****   * @brief  Release AHB2 peripherals reset.
 632:Drivers/STM32WBxx_HAL_Driver/Inc/stm32wbxx_ll_bus.h ****   * @rmtoll AHB2RSTR     GPIOARST      LL_AHB2_GRP1_ReleaseReset\n
 633:Drivers/STM32WBxx_HAL_Driver/Inc/stm32wbxx_ll_bus.h ****   *         AHB2RSTR     GPIOBRST      LL_AHB2_GRP1_ReleaseReset\n
 634:Drivers/STM32WBxx_HAL_Driver/Inc/stm32wbxx_ll_bus.h ****   *         AHB2RSTR     GPIOCRST      LL_AHB2_GRP1_ReleaseReset\n
 635:Drivers/STM32WBxx_HAL_Driver/Inc/stm32wbxx_ll_bus.h ****   *         AHB2RSTR     GPIODRST      LL_AHB2_GRP1_ReleaseReset\n
 636:Drivers/STM32WBxx_HAL_Driver/Inc/stm32wbxx_ll_bus.h ****   *         AHB2RSTR     GPIOERST      LL_AHB2_GRP1_ReleaseReset\n
 637:Drivers/STM32WBxx_HAL_Driver/Inc/stm32wbxx_ll_bus.h ****   *         AHB2RSTR     GPIOHRST      LL_AHB2_GRP1_ReleaseReset\n
 638:Drivers/STM32WBxx_HAL_Driver/Inc/stm32wbxx_ll_bus.h ****   *         AHB2RSTR     ADCRST        LL_AHB2_GRP1_ReleaseReset\n
 639:Drivers/STM32WBxx_HAL_Driver/Inc/stm32wbxx_ll_bus.h ****   *         AHB2RSTR     AES1RST       LL_AHB2_GRP1_ReleaseReset
 640:Drivers/STM32WBxx_HAL_Driver/Inc/stm32wbxx_ll_bus.h ****   * @param  Periphs This parameter can be a combination of the following values:
 641:Drivers/STM32WBxx_HAL_Driver/Inc/stm32wbxx_ll_bus.h ****   *         @arg @ref LL_AHB2_GRP1_PERIPH_ALL
 642:Drivers/STM32WBxx_HAL_Driver/Inc/stm32wbxx_ll_bus.h ****   *         @arg @ref LL_AHB2_GRP1_PERIPH_GPIOA
 643:Drivers/STM32WBxx_HAL_Driver/Inc/stm32wbxx_ll_bus.h ****   *         @arg @ref LL_AHB2_GRP1_PERIPH_GPIOB
 644:Drivers/STM32WBxx_HAL_Driver/Inc/stm32wbxx_ll_bus.h ****   *         @arg @ref LL_AHB2_GRP1_PERIPH_GPIOC
 645:Drivers/STM32WBxx_HAL_Driver/Inc/stm32wbxx_ll_bus.h ****   *         @arg @ref LL_AHB2_GRP1_PERIPH_GPIOD (*)
 646:Drivers/STM32WBxx_HAL_Driver/Inc/stm32wbxx_ll_bus.h ****   *         @arg @ref LL_AHB2_GRP1_PERIPH_GPIOE
 647:Drivers/STM32WBxx_HAL_Driver/Inc/stm32wbxx_ll_bus.h ****   *         @arg @ref LL_AHB2_GRP1_PERIPH_GPIOH
 648:Drivers/STM32WBxx_HAL_Driver/Inc/stm32wbxx_ll_bus.h ****   *         @arg @ref LL_AHB2_GRP1_PERIPH_ADC (*)
 649:Drivers/STM32WBxx_HAL_Driver/Inc/stm32wbxx_ll_bus.h ****   *         @arg @ref LL_AHB2_GRP1_PERIPH_AES1 (*)
 650:Drivers/STM32WBxx_HAL_Driver/Inc/stm32wbxx_ll_bus.h ****   * @note  (*) Not supported by all the devices
 651:Drivers/STM32WBxx_HAL_Driver/Inc/stm32wbxx_ll_bus.h ****   * @retval None
 652:Drivers/STM32WBxx_HAL_Driver/Inc/stm32wbxx_ll_bus.h ****   */
 653:Drivers/STM32WBxx_HAL_Driver/Inc/stm32wbxx_ll_bus.h **** __STATIC_INLINE void LL_AHB2_GRP1_ReleaseReset(uint32_t Periphs)
 654:Drivers/STM32WBxx_HAL_Driver/Inc/stm32wbxx_ll_bus.h **** {
 655:Drivers/STM32WBxx_HAL_Driver/Inc/stm32wbxx_ll_bus.h ****   CLEAR_BIT(RCC->AHB2RSTR, Periphs);
 656:Drivers/STM32WBxx_HAL_Driver/Inc/stm32wbxx_ll_bus.h **** }
 657:Drivers/STM32WBxx_HAL_Driver/Inc/stm32wbxx_ll_bus.h **** 
 658:Drivers/STM32WBxx_HAL_Driver/Inc/stm32wbxx_ll_bus.h **** /**
 659:Drivers/STM32WBxx_HAL_Driver/Inc/stm32wbxx_ll_bus.h ****   * @brief  Enable AHB2 peripherals clock during Low Power (Sleep) mode.
 660:Drivers/STM32WBxx_HAL_Driver/Inc/stm32wbxx_ll_bus.h ****   * @rmtoll AHB2SMENR    GPIOASMEN     LL_AHB2_GRP1_EnableClockSleep\n
 661:Drivers/STM32WBxx_HAL_Driver/Inc/stm32wbxx_ll_bus.h ****   *         AHB2SMENR    GPIOBSMEN     LL_AHB2_GRP1_EnableClockSleep\n
 662:Drivers/STM32WBxx_HAL_Driver/Inc/stm32wbxx_ll_bus.h ****   *         AHB2SMENR    GPIOCSMEN     LL_AHB2_GRP1_EnableClockSleep\n
 663:Drivers/STM32WBxx_HAL_Driver/Inc/stm32wbxx_ll_bus.h ****   *         AHB2SMENR    GPIODSMEN     LL_AHB2_GRP1_EnableClockSleep\n
 664:Drivers/STM32WBxx_HAL_Driver/Inc/stm32wbxx_ll_bus.h ****   *         AHB2SMENR    GPIOESMEN     LL_AHB2_GRP1_EnableClockSleep\n
 665:Drivers/STM32WBxx_HAL_Driver/Inc/stm32wbxx_ll_bus.h ****   *         AHB2SMENR    GPIOHSMEN     LL_AHB2_GRP1_EnableClockSleep\n
 666:Drivers/STM32WBxx_HAL_Driver/Inc/stm32wbxx_ll_bus.h ****   *         AHB2SMENR    ADCSMEN       LL_AHB2_GRP1_EnableClockSleep\n
 667:Drivers/STM32WBxx_HAL_Driver/Inc/stm32wbxx_ll_bus.h ****   *         AHB2SMENR    AES1SMEN      LL_AHB2_GRP1_EnableClockSleep
 668:Drivers/STM32WBxx_HAL_Driver/Inc/stm32wbxx_ll_bus.h ****   * @param  Periphs This parameter can be a combination of the following values:
 669:Drivers/STM32WBxx_HAL_Driver/Inc/stm32wbxx_ll_bus.h ****   *         @arg @ref LL_AHB2_GRP1_PERIPH_GPIOA
 670:Drivers/STM32WBxx_HAL_Driver/Inc/stm32wbxx_ll_bus.h ****   *         @arg @ref LL_AHB2_GRP1_PERIPH_GPIOB
 671:Drivers/STM32WBxx_HAL_Driver/Inc/stm32wbxx_ll_bus.h ****   *         @arg @ref LL_AHB2_GRP1_PERIPH_GPIOC
 672:Drivers/STM32WBxx_HAL_Driver/Inc/stm32wbxx_ll_bus.h ****   *         @arg @ref LL_AHB2_GRP1_PERIPH_GPIOD (*)
 673:Drivers/STM32WBxx_HAL_Driver/Inc/stm32wbxx_ll_bus.h ****   *         @arg @ref LL_AHB2_GRP1_PERIPH_GPIOE
 674:Drivers/STM32WBxx_HAL_Driver/Inc/stm32wbxx_ll_bus.h ****   *         @arg @ref LL_AHB2_GRP1_PERIPH_GPIOH
 675:Drivers/STM32WBxx_HAL_Driver/Inc/stm32wbxx_ll_bus.h ****   *         @arg @ref LL_AHB2_GRP1_PERIPH_ADC (*)
 676:Drivers/STM32WBxx_HAL_Driver/Inc/stm32wbxx_ll_bus.h ****   *         @arg @ref LL_AHB2_GRP1_PERIPH_AES1 (*)
 677:Drivers/STM32WBxx_HAL_Driver/Inc/stm32wbxx_ll_bus.h ****   * @note  (*) Not supported by all the devices
 678:Drivers/STM32WBxx_HAL_Driver/Inc/stm32wbxx_ll_bus.h ****   * @retval None
 679:Drivers/STM32WBxx_HAL_Driver/Inc/stm32wbxx_ll_bus.h ****   */
 680:Drivers/STM32WBxx_HAL_Driver/Inc/stm32wbxx_ll_bus.h **** __STATIC_INLINE void LL_AHB2_GRP1_EnableClockSleep(uint32_t Periphs)
 681:Drivers/STM32WBxx_HAL_Driver/Inc/stm32wbxx_ll_bus.h **** {
 682:Drivers/STM32WBxx_HAL_Driver/Inc/stm32wbxx_ll_bus.h ****   __IO uint32_t tmpreg;
 683:Drivers/STM32WBxx_HAL_Driver/Inc/stm32wbxx_ll_bus.h ****   SET_BIT(RCC->AHB2SMENR, Periphs);
ARM GAS  /var/folders/98/ctz5mtps7w71v8dr53cf5qg40000gn/T//ccj9u44I.s 			page 15


 684:Drivers/STM32WBxx_HAL_Driver/Inc/stm32wbxx_ll_bus.h ****   /* Delay after an RCC peripheral clock enabling */
 685:Drivers/STM32WBxx_HAL_Driver/Inc/stm32wbxx_ll_bus.h ****   tmpreg = READ_BIT(RCC->AHB2SMENR, Periphs);
 686:Drivers/STM32WBxx_HAL_Driver/Inc/stm32wbxx_ll_bus.h ****   (void)tmpreg;
 687:Drivers/STM32WBxx_HAL_Driver/Inc/stm32wbxx_ll_bus.h **** }
 688:Drivers/STM32WBxx_HAL_Driver/Inc/stm32wbxx_ll_bus.h **** 
 689:Drivers/STM32WBxx_HAL_Driver/Inc/stm32wbxx_ll_bus.h **** /**
 690:Drivers/STM32WBxx_HAL_Driver/Inc/stm32wbxx_ll_bus.h ****   * @brief  Disable AHB2 peripherals clock during Low Power (Sleep) mode.
 691:Drivers/STM32WBxx_HAL_Driver/Inc/stm32wbxx_ll_bus.h ****   * @rmtoll AHB2SMENR    GPIOASMEN     LL_AHB2_GRP1_DisableClockSleep\n
 692:Drivers/STM32WBxx_HAL_Driver/Inc/stm32wbxx_ll_bus.h ****   *         AHB2SMENR    GPIOBSMEN     LL_AHB2_GRP1_DisableClockSleep\n
 693:Drivers/STM32WBxx_HAL_Driver/Inc/stm32wbxx_ll_bus.h ****   *         AHB2SMENR    GPIOCSMEN     LL_AHB2_GRP1_DisableClockSleep\n
 694:Drivers/STM32WBxx_HAL_Driver/Inc/stm32wbxx_ll_bus.h ****   *         AHB2SMENR    GPIODSMEN     LL_AHB2_GRP1_DisableClockSleep\n
 695:Drivers/STM32WBxx_HAL_Driver/Inc/stm32wbxx_ll_bus.h ****   *         AHB2SMENR    GPIOESMEN     LL_AHB2_GRP1_DisableClockSleep\n
 696:Drivers/STM32WBxx_HAL_Driver/Inc/stm32wbxx_ll_bus.h ****   *         AHB2SMENR    GPIOHSMEN     LL_AHB2_GRP1_DisableClockSleep\n
 697:Drivers/STM32WBxx_HAL_Driver/Inc/stm32wbxx_ll_bus.h ****   *         AHB2SMENR    ADCSMEN       LL_AHB2_GRP1_DisableClockSleep\n
 698:Drivers/STM32WBxx_HAL_Driver/Inc/stm32wbxx_ll_bus.h ****   *         AHB2SMENR    AES1SMEN      LL_AHB2_GRP1_DisableClockSleep
 699:Drivers/STM32WBxx_HAL_Driver/Inc/stm32wbxx_ll_bus.h ****   * @param  Periphs This parameter can be a combination of the following values:
 700:Drivers/STM32WBxx_HAL_Driver/Inc/stm32wbxx_ll_bus.h ****   *         @arg @ref LL_AHB2_GRP1_PERIPH_GPIOA
 701:Drivers/STM32WBxx_HAL_Driver/Inc/stm32wbxx_ll_bus.h ****   *         @arg @ref LL_AHB2_GRP1_PERIPH_GPIOB
 702:Drivers/STM32WBxx_HAL_Driver/Inc/stm32wbxx_ll_bus.h ****   *         @arg @ref LL_AHB2_GRP1_PERIPH_GPIOC
 703:Drivers/STM32WBxx_HAL_Driver/Inc/stm32wbxx_ll_bus.h ****   *         @arg @ref LL_AHB2_GRP1_PERIPH_GPIOD (*)
 704:Drivers/STM32WBxx_HAL_Driver/Inc/stm32wbxx_ll_bus.h ****   *         @arg @ref LL_AHB2_GRP1_PERIPH_GPIOE
 705:Drivers/STM32WBxx_HAL_Driver/Inc/stm32wbxx_ll_bus.h ****   *         @arg @ref LL_AHB2_GRP1_PERIPH_GPIOH
 706:Drivers/STM32WBxx_HAL_Driver/Inc/stm32wbxx_ll_bus.h ****   *         @arg @ref LL_AHB2_GRP1_PERIPH_ADC (*)
 707:Drivers/STM32WBxx_HAL_Driver/Inc/stm32wbxx_ll_bus.h ****   *         @arg @ref LL_AHB2_GRP1_PERIPH_AES1 (*)
 708:Drivers/STM32WBxx_HAL_Driver/Inc/stm32wbxx_ll_bus.h ****   * @note  (*) Not supported by all the devices
 709:Drivers/STM32WBxx_HAL_Driver/Inc/stm32wbxx_ll_bus.h ****   * @retval None
 710:Drivers/STM32WBxx_HAL_Driver/Inc/stm32wbxx_ll_bus.h ****   */
 711:Drivers/STM32WBxx_HAL_Driver/Inc/stm32wbxx_ll_bus.h **** __STATIC_INLINE void LL_AHB2_GRP1_DisableClockSleep(uint32_t Periphs)
 712:Drivers/STM32WBxx_HAL_Driver/Inc/stm32wbxx_ll_bus.h **** {
 713:Drivers/STM32WBxx_HAL_Driver/Inc/stm32wbxx_ll_bus.h ****   CLEAR_BIT(RCC->AHB2SMENR, Periphs);
 714:Drivers/STM32WBxx_HAL_Driver/Inc/stm32wbxx_ll_bus.h **** }
 715:Drivers/STM32WBxx_HAL_Driver/Inc/stm32wbxx_ll_bus.h **** 
 716:Drivers/STM32WBxx_HAL_Driver/Inc/stm32wbxx_ll_bus.h **** /**
 717:Drivers/STM32WBxx_HAL_Driver/Inc/stm32wbxx_ll_bus.h ****   * @}
 718:Drivers/STM32WBxx_HAL_Driver/Inc/stm32wbxx_ll_bus.h ****   */
 719:Drivers/STM32WBxx_HAL_Driver/Inc/stm32wbxx_ll_bus.h **** 
 720:Drivers/STM32WBxx_HAL_Driver/Inc/stm32wbxx_ll_bus.h **** /** @defgroup BUS_LL_EF_AHB3 AHB3
 721:Drivers/STM32WBxx_HAL_Driver/Inc/stm32wbxx_ll_bus.h ****   * @{
 722:Drivers/STM32WBxx_HAL_Driver/Inc/stm32wbxx_ll_bus.h ****   */
 723:Drivers/STM32WBxx_HAL_Driver/Inc/stm32wbxx_ll_bus.h **** 
 724:Drivers/STM32WBxx_HAL_Driver/Inc/stm32wbxx_ll_bus.h **** /**
 725:Drivers/STM32WBxx_HAL_Driver/Inc/stm32wbxx_ll_bus.h ****   * @brief  Enable AHB3 peripherals clock.
 726:Drivers/STM32WBxx_HAL_Driver/Inc/stm32wbxx_ll_bus.h ****   * @rmtoll AHB3ENR      QUADSPIEN     LL_AHB3_GRP1_EnableClock\n
 727:Drivers/STM32WBxx_HAL_Driver/Inc/stm32wbxx_ll_bus.h ****   *         AHB3ENR      PKAEN         LL_AHB3_GRP1_EnableClock\n
 728:Drivers/STM32WBxx_HAL_Driver/Inc/stm32wbxx_ll_bus.h ****   *         AHB3ENR      AES2EN        LL_AHB3_GRP1_EnableClock\n
 729:Drivers/STM32WBxx_HAL_Driver/Inc/stm32wbxx_ll_bus.h ****   *         AHB3ENR      RNGEN         LL_AHB3_GRP1_EnableClock\n
 730:Drivers/STM32WBxx_HAL_Driver/Inc/stm32wbxx_ll_bus.h ****   *         AHB3ENR      HSEMEN        LL_AHB3_GRP1_EnableClock\n
 731:Drivers/STM32WBxx_HAL_Driver/Inc/stm32wbxx_ll_bus.h ****   *         AHB3ENR      IPCCEN        LL_AHB3_GRP1_EnableClock\n
 732:Drivers/STM32WBxx_HAL_Driver/Inc/stm32wbxx_ll_bus.h ****   *         AHB3ENR      FLASHEN       LL_AHB3_GRP1_EnableClock
 733:Drivers/STM32WBxx_HAL_Driver/Inc/stm32wbxx_ll_bus.h ****   * @param  Periphs This parameter can be a combination of the following values:
 734:Drivers/STM32WBxx_HAL_Driver/Inc/stm32wbxx_ll_bus.h ****   *         @arg @ref LL_AHB3_GRP1_PERIPH_QUADSPI (*)
 735:Drivers/STM32WBxx_HAL_Driver/Inc/stm32wbxx_ll_bus.h ****   *         @arg @ref LL_AHB3_GRP1_PERIPH_PKA
 736:Drivers/STM32WBxx_HAL_Driver/Inc/stm32wbxx_ll_bus.h ****   *         @arg @ref LL_AHB3_GRP1_PERIPH_AES2
 737:Drivers/STM32WBxx_HAL_Driver/Inc/stm32wbxx_ll_bus.h ****   *         @arg @ref LL_AHB3_GRP1_PERIPH_RNG
 738:Drivers/STM32WBxx_HAL_Driver/Inc/stm32wbxx_ll_bus.h ****   *         @arg @ref LL_AHB3_GRP1_PERIPH_HSEM
 739:Drivers/STM32WBxx_HAL_Driver/Inc/stm32wbxx_ll_bus.h ****   *         @arg @ref LL_AHB3_GRP1_PERIPH_IPCC
 740:Drivers/STM32WBxx_HAL_Driver/Inc/stm32wbxx_ll_bus.h ****   *         @arg @ref LL_AHB3_GRP1_PERIPH_FLASH
ARM GAS  /var/folders/98/ctz5mtps7w71v8dr53cf5qg40000gn/T//ccj9u44I.s 			page 16


 741:Drivers/STM32WBxx_HAL_Driver/Inc/stm32wbxx_ll_bus.h ****   * @note  (*) Not supported by all the devices
 742:Drivers/STM32WBxx_HAL_Driver/Inc/stm32wbxx_ll_bus.h ****   * @retval None
 743:Drivers/STM32WBxx_HAL_Driver/Inc/stm32wbxx_ll_bus.h ****   */
 744:Drivers/STM32WBxx_HAL_Driver/Inc/stm32wbxx_ll_bus.h **** __STATIC_INLINE void LL_AHB3_GRP1_EnableClock(uint32_t Periphs)
  45              		.loc 2 744 22 view .LVU2
  46              	.LBB39:
 745:Drivers/STM32WBxx_HAL_Driver/Inc/stm32wbxx_ll_bus.h **** {
 746:Drivers/STM32WBxx_HAL_Driver/Inc/stm32wbxx_ll_bus.h ****   __IO uint32_t tmpreg;
  47              		.loc 2 746 3 view .LVU3
 747:Drivers/STM32WBxx_HAL_Driver/Inc/stm32wbxx_ll_bus.h ****   SET_BIT(RCC->AHB3ENR, Periphs);
  48              		.loc 2 747 3 view .LVU4
  49 0004 4FF0B043 		mov	r3, #1476395008
  50 0008 1A6D     		ldr	r2, [r3, #80]
  51 000a 42F40022 		orr	r2, r2, #524288
  52 000e 1A65     		str	r2, [r3, #80]
 748:Drivers/STM32WBxx_HAL_Driver/Inc/stm32wbxx_ll_bus.h ****   /* Delay after an RCC peripheral clock enabling */
 749:Drivers/STM32WBxx_HAL_Driver/Inc/stm32wbxx_ll_bus.h ****   tmpreg = READ_BIT(RCC->AHB3ENR, Periphs);
  53              		.loc 2 749 3 view .LVU5
  54              		.loc 2 749 12 is_stmt 0 view .LVU6
  55 0010 1B6D     		ldr	r3, [r3, #80]
  56 0012 03F40023 		and	r3, r3, #524288
  57              		.loc 2 749 10 view .LVU7
  58 0016 0193     		str	r3, [sp, #4]
 750:Drivers/STM32WBxx_HAL_Driver/Inc/stm32wbxx_ll_bus.h ****   (void)tmpreg;
  59              		.loc 2 750 3 is_stmt 1 view .LVU8
  60 0018 019B     		ldr	r3, [sp, #4]
  61              	.LVL1:
  62              		.loc 2 750 3 is_stmt 0 view .LVU9
  63              	.LBE39:
  64              	.LBE38:
  73:Core/Src/stm32wbxx_hal_msp.c **** 
  74:Core/Src/stm32wbxx_hal_msp.c ****   /* System interrupt init*/
  75:Core/Src/stm32wbxx_hal_msp.c ****   /* PendSV_IRQn interrupt configuration */
  76:Core/Src/stm32wbxx_hal_msp.c ****   HAL_NVIC_SetPriority(PendSV_IRQn, 15, 0);
  65              		.loc 1 76 3 is_stmt 1 view .LVU10
  66 001a 0022     		movs	r2, #0
  67 001c 0F21     		movs	r1, #15
  68 001e 6FF00100 		mvn	r0, #1
  69 0022 FFF7FEFF 		bl	HAL_NVIC_SetPriority
  70              	.LVL2:
  77:Core/Src/stm32wbxx_hal_msp.c **** 
  78:Core/Src/stm32wbxx_hal_msp.c ****   /* Peripheral interrupt init */
  79:Core/Src/stm32wbxx_hal_msp.c ****   /* HSEM_IRQn interrupt configuration */
  80:Core/Src/stm32wbxx_hal_msp.c ****   HAL_NVIC_SetPriority(HSEM_IRQn, 5, 0);
  71              		.loc 1 80 3 view .LVU11
  72 0026 0022     		movs	r2, #0
  73 0028 0521     		movs	r1, #5
  74 002a 2E20     		movs	r0, #46
  75 002c FFF7FEFF 		bl	HAL_NVIC_SetPriority
  76              	.LVL3:
  81:Core/Src/stm32wbxx_hal_msp.c ****   HAL_NVIC_EnableIRQ(HSEM_IRQn);
  77              		.loc 1 81 3 view .LVU12
  78 0030 2E20     		movs	r0, #46
  79 0032 FFF7FEFF 		bl	HAL_NVIC_EnableIRQ
  80              	.LVL4:
  82:Core/Src/stm32wbxx_hal_msp.c **** 
  83:Core/Src/stm32wbxx_hal_msp.c ****   /* USER CODE BEGIN MspInit 1 */
ARM GAS  /var/folders/98/ctz5mtps7w71v8dr53cf5qg40000gn/T//ccj9u44I.s 			page 17


  84:Core/Src/stm32wbxx_hal_msp.c **** 
  85:Core/Src/stm32wbxx_hal_msp.c ****   /* USER CODE END MspInit 1 */
  86:Core/Src/stm32wbxx_hal_msp.c **** }
  81              		.loc 1 86 1 is_stmt 0 view .LVU13
  82 0036 03B0     		add	sp, sp, #12
  83              	.LCFI2:
  84              		.cfi_def_cfa_offset 4
  85              		@ sp needed
  86 0038 5DF804FB 		ldr	pc, [sp], #4
  87              		.cfi_endproc
  88              	.LFE950:
  90              		.section	.text.HAL_I2C_MspInit,"ax",%progbits
  91              		.align	1
  92              		.global	HAL_I2C_MspInit
  93              		.syntax unified
  94              		.thumb
  95              		.thumb_func
  97              	HAL_I2C_MspInit:
  98              	.LVL5:
  99              	.LFB951:
  87:Core/Src/stm32wbxx_hal_msp.c **** 
  88:Core/Src/stm32wbxx_hal_msp.c **** /**
  89:Core/Src/stm32wbxx_hal_msp.c ****   * @brief I2C MSP Initialization
  90:Core/Src/stm32wbxx_hal_msp.c ****   * This function configures the hardware resources used in this example
  91:Core/Src/stm32wbxx_hal_msp.c ****   * @param hi2c: I2C handle pointer
  92:Core/Src/stm32wbxx_hal_msp.c ****   * @retval None
  93:Core/Src/stm32wbxx_hal_msp.c ****   */
  94:Core/Src/stm32wbxx_hal_msp.c **** void HAL_I2C_MspInit(I2C_HandleTypeDef* hi2c)
  95:Core/Src/stm32wbxx_hal_msp.c **** {
 100              		.loc 1 95 1 is_stmt 1 view -0
 101              		.cfi_startproc
 102              		@ args = 0, pretend = 0, frame = 112
 103              		@ frame_needed = 0, uses_anonymous_args = 0
 104              		.loc 1 95 1 is_stmt 0 view .LVU15
 105 0000 10B5     		push	{r4, lr}
 106              	.LCFI3:
 107              		.cfi_def_cfa_offset 8
 108              		.cfi_offset 4, -8
 109              		.cfi_offset 14, -4
 110 0002 9CB0     		sub	sp, sp, #112
 111              	.LCFI4:
 112              		.cfi_def_cfa_offset 120
 113 0004 0446     		mov	r4, r0
  96:Core/Src/stm32wbxx_hal_msp.c ****   GPIO_InitTypeDef GPIO_InitStruct = {0};
 114              		.loc 1 96 3 is_stmt 1 view .LVU16
 115              		.loc 1 96 20 is_stmt 0 view .LVU17
 116 0006 0021     		movs	r1, #0
 117 0008 1791     		str	r1, [sp, #92]
 118 000a 1891     		str	r1, [sp, #96]
 119 000c 1991     		str	r1, [sp, #100]
 120 000e 1A91     		str	r1, [sp, #104]
 121 0010 1B91     		str	r1, [sp, #108]
  97:Core/Src/stm32wbxx_hal_msp.c ****   RCC_PeriphCLKInitTypeDef PeriphClkInitStruct = {0};
 122              		.loc 1 97 3 is_stmt 1 view .LVU18
 123              		.loc 1 97 28 is_stmt 0 view .LVU19
 124 0012 5022     		movs	r2, #80
 125 0014 03A8     		add	r0, sp, #12
ARM GAS  /var/folders/98/ctz5mtps7w71v8dr53cf5qg40000gn/T//ccj9u44I.s 			page 18


 126              	.LVL6:
 127              		.loc 1 97 28 view .LVU20
 128 0016 FFF7FEFF 		bl	memset
 129              	.LVL7:
  98:Core/Src/stm32wbxx_hal_msp.c ****   if(hi2c->Instance==I2C1)
 130              		.loc 1 98 3 is_stmt 1 view .LVU21
 131              		.loc 1 98 10 is_stmt 0 view .LVU22
 132 001a 2268     		ldr	r2, [r4]
 133              		.loc 1 98 5 view .LVU23
 134 001c 194B     		ldr	r3, .L9
 135 001e 9A42     		cmp	r2, r3
 136 0020 01D0     		beq	.L7
 137              	.LVL8:
 138              	.L3:
  99:Core/Src/stm32wbxx_hal_msp.c ****   {
 100:Core/Src/stm32wbxx_hal_msp.c ****     /* USER CODE BEGIN I2C1_MspInit 0 */
 101:Core/Src/stm32wbxx_hal_msp.c **** 
 102:Core/Src/stm32wbxx_hal_msp.c ****     /* USER CODE END I2C1_MspInit 0 */
 103:Core/Src/stm32wbxx_hal_msp.c **** 
 104:Core/Src/stm32wbxx_hal_msp.c ****   /** Initializes the peripherals clock
 105:Core/Src/stm32wbxx_hal_msp.c ****   */
 106:Core/Src/stm32wbxx_hal_msp.c ****     PeriphClkInitStruct.PeriphClockSelection = RCC_PERIPHCLK_I2C1;
 107:Core/Src/stm32wbxx_hal_msp.c ****     PeriphClkInitStruct.I2c1ClockSelection = RCC_I2C1CLKSOURCE_PCLK1;
 108:Core/Src/stm32wbxx_hal_msp.c ****     if (HAL_RCCEx_PeriphCLKConfig(&PeriphClkInitStruct) != HAL_OK)
 109:Core/Src/stm32wbxx_hal_msp.c ****     {
 110:Core/Src/stm32wbxx_hal_msp.c ****       Error_Handler();
 111:Core/Src/stm32wbxx_hal_msp.c ****     }
 112:Core/Src/stm32wbxx_hal_msp.c **** 
 113:Core/Src/stm32wbxx_hal_msp.c ****     __HAL_RCC_GPIOB_CLK_ENABLE();
 114:Core/Src/stm32wbxx_hal_msp.c ****     /**I2C1 GPIO Configuration
 115:Core/Src/stm32wbxx_hal_msp.c ****     PB8     ------> I2C1_SCL
 116:Core/Src/stm32wbxx_hal_msp.c ****     PB9     ------> I2C1_SDA
 117:Core/Src/stm32wbxx_hal_msp.c ****     */
 118:Core/Src/stm32wbxx_hal_msp.c ****     GPIO_InitStruct.Pin = GPIO_PIN_8|GPIO_PIN_9;
 119:Core/Src/stm32wbxx_hal_msp.c ****     GPIO_InitStruct.Mode = GPIO_MODE_AF_OD;
 120:Core/Src/stm32wbxx_hal_msp.c ****     GPIO_InitStruct.Pull = GPIO_NOPULL;
 121:Core/Src/stm32wbxx_hal_msp.c ****     GPIO_InitStruct.Speed = GPIO_SPEED_FREQ_LOW;
 122:Core/Src/stm32wbxx_hal_msp.c ****     GPIO_InitStruct.Alternate = GPIO_AF4_I2C1;
 123:Core/Src/stm32wbxx_hal_msp.c ****     HAL_GPIO_Init(GPIOB, &GPIO_InitStruct);
 124:Core/Src/stm32wbxx_hal_msp.c **** 
 125:Core/Src/stm32wbxx_hal_msp.c ****     /* Peripheral clock enable */
 126:Core/Src/stm32wbxx_hal_msp.c ****     __HAL_RCC_I2C1_CLK_ENABLE();
 127:Core/Src/stm32wbxx_hal_msp.c ****     /* USER CODE BEGIN I2C1_MspInit 1 */
 128:Core/Src/stm32wbxx_hal_msp.c **** 
 129:Core/Src/stm32wbxx_hal_msp.c ****     /* USER CODE END I2C1_MspInit 1 */
 130:Core/Src/stm32wbxx_hal_msp.c **** 
 131:Core/Src/stm32wbxx_hal_msp.c ****   }
 132:Core/Src/stm32wbxx_hal_msp.c **** 
 133:Core/Src/stm32wbxx_hal_msp.c **** }
 139              		.loc 1 133 1 view .LVU24
 140 0022 1CB0     		add	sp, sp, #112
 141              	.LCFI5:
 142              		.cfi_remember_state
 143              		.cfi_def_cfa_offset 8
 144              		@ sp needed
 145 0024 10BD     		pop	{r4, pc}
 146              	.LVL9:
ARM GAS  /var/folders/98/ctz5mtps7w71v8dr53cf5qg40000gn/T//ccj9u44I.s 			page 19


 147              	.L7:
 148              	.LCFI6:
 149              		.cfi_restore_state
 106:Core/Src/stm32wbxx_hal_msp.c ****     PeriphClkInitStruct.I2c1ClockSelection = RCC_I2C1CLKSOURCE_PCLK1;
 150              		.loc 1 106 5 is_stmt 1 view .LVU25
 106:Core/Src/stm32wbxx_hal_msp.c ****     PeriphClkInitStruct.I2c1ClockSelection = RCC_I2C1CLKSOURCE_PCLK1;
 151              		.loc 1 106 46 is_stmt 0 view .LVU26
 152 0026 0423     		movs	r3, #4
 153 0028 0393     		str	r3, [sp, #12]
 107:Core/Src/stm32wbxx_hal_msp.c ****     if (HAL_RCCEx_PeriphCLKConfig(&PeriphClkInitStruct) != HAL_OK)
 154              		.loc 1 107 5 is_stmt 1 view .LVU27
 107:Core/Src/stm32wbxx_hal_msp.c ****     if (HAL_RCCEx_PeriphCLKConfig(&PeriphClkInitStruct) != HAL_OK)
 155              		.loc 1 107 44 is_stmt 0 view .LVU28
 156 002a 4FF44033 		mov	r3, #196608
 157 002e 0B93     		str	r3, [sp, #44]
 108:Core/Src/stm32wbxx_hal_msp.c ****     {
 158              		.loc 1 108 5 is_stmt 1 view .LVU29
 108:Core/Src/stm32wbxx_hal_msp.c ****     {
 159              		.loc 1 108 9 is_stmt 0 view .LVU30
 160 0030 03A8     		add	r0, sp, #12
 161 0032 FFF7FEFF 		bl	HAL_RCCEx_PeriphCLKConfig
 162              	.LVL10:
 108:Core/Src/stm32wbxx_hal_msp.c ****     {
 163              		.loc 1 108 8 discriminator 1 view .LVU31
 164 0036 10BB     		cbnz	r0, .L8
 165              	.L5:
 113:Core/Src/stm32wbxx_hal_msp.c ****     /**I2C1 GPIO Configuration
 166              		.loc 1 113 5 is_stmt 1 view .LVU32
 167              	.LVL11:
 168              	.LBB40:
 169              	.LBI40:
 539:Drivers/STM32WBxx_HAL_Driver/Inc/stm32wbxx_ll_bus.h **** {
 170              		.loc 2 539 22 view .LVU33
 171              	.LBB41:
 541:Drivers/STM32WBxx_HAL_Driver/Inc/stm32wbxx_ll_bus.h ****   SET_BIT(RCC->AHB2ENR, Periphs);
 172              		.loc 2 541 3 view .LVU34
 542:Drivers/STM32WBxx_HAL_Driver/Inc/stm32wbxx_ll_bus.h ****   /* Delay after an RCC peripheral clock enabling */
 173              		.loc 2 542 3 view .LVU35
 174 0038 4FF0B044 		mov	r4, #1476395008
 175              	.LVL12:
 542:Drivers/STM32WBxx_HAL_Driver/Inc/stm32wbxx_ll_bus.h ****   /* Delay after an RCC peripheral clock enabling */
 176              		.loc 2 542 3 is_stmt 0 view .LVU36
 177 003c E36C     		ldr	r3, [r4, #76]
 178 003e 43F00203 		orr	r3, r3, #2
 179 0042 E364     		str	r3, [r4, #76]
 544:Drivers/STM32WBxx_HAL_Driver/Inc/stm32wbxx_ll_bus.h ****   (void)tmpreg;
 180              		.loc 2 544 3 is_stmt 1 view .LVU37
 544:Drivers/STM32WBxx_HAL_Driver/Inc/stm32wbxx_ll_bus.h ****   (void)tmpreg;
 181              		.loc 2 544 12 is_stmt 0 view .LVU38
 182 0044 E36C     		ldr	r3, [r4, #76]
 183 0046 03F00203 		and	r3, r3, #2
 544:Drivers/STM32WBxx_HAL_Driver/Inc/stm32wbxx_ll_bus.h ****   (void)tmpreg;
 184              		.loc 2 544 10 view .LVU39
 185 004a 0293     		str	r3, [sp, #8]
 545:Drivers/STM32WBxx_HAL_Driver/Inc/stm32wbxx_ll_bus.h **** }
 186              		.loc 2 545 3 is_stmt 1 view .LVU40
 187 004c 029B     		ldr	r3, [sp, #8]
ARM GAS  /var/folders/98/ctz5mtps7w71v8dr53cf5qg40000gn/T//ccj9u44I.s 			page 20


 188              	.LVL13:
 545:Drivers/STM32WBxx_HAL_Driver/Inc/stm32wbxx_ll_bus.h **** }
 189              		.loc 2 545 3 is_stmt 0 view .LVU41
 190              	.LBE41:
 191              	.LBE40:
 118:Core/Src/stm32wbxx_hal_msp.c ****     GPIO_InitStruct.Mode = GPIO_MODE_AF_OD;
 192              		.loc 1 118 5 is_stmt 1 view .LVU42
 118:Core/Src/stm32wbxx_hal_msp.c ****     GPIO_InitStruct.Mode = GPIO_MODE_AF_OD;
 193              		.loc 1 118 25 is_stmt 0 view .LVU43
 194 004e 4FF44073 		mov	r3, #768
 195 0052 1793     		str	r3, [sp, #92]
 119:Core/Src/stm32wbxx_hal_msp.c ****     GPIO_InitStruct.Pull = GPIO_NOPULL;
 196              		.loc 1 119 5 is_stmt 1 view .LVU44
 119:Core/Src/stm32wbxx_hal_msp.c ****     GPIO_InitStruct.Pull = GPIO_NOPULL;
 197              		.loc 1 119 26 is_stmt 0 view .LVU45
 198 0054 1223     		movs	r3, #18
 199 0056 1893     		str	r3, [sp, #96]
 120:Core/Src/stm32wbxx_hal_msp.c ****     GPIO_InitStruct.Speed = GPIO_SPEED_FREQ_LOW;
 200              		.loc 1 120 5 is_stmt 1 view .LVU46
 120:Core/Src/stm32wbxx_hal_msp.c ****     GPIO_InitStruct.Speed = GPIO_SPEED_FREQ_LOW;
 201              		.loc 1 120 26 is_stmt 0 view .LVU47
 202 0058 0023     		movs	r3, #0
 203 005a 1993     		str	r3, [sp, #100]
 121:Core/Src/stm32wbxx_hal_msp.c ****     GPIO_InitStruct.Alternate = GPIO_AF4_I2C1;
 204              		.loc 1 121 5 is_stmt 1 view .LVU48
 121:Core/Src/stm32wbxx_hal_msp.c ****     GPIO_InitStruct.Alternate = GPIO_AF4_I2C1;
 205              		.loc 1 121 27 is_stmt 0 view .LVU49
 206 005c 1A93     		str	r3, [sp, #104]
 122:Core/Src/stm32wbxx_hal_msp.c ****     HAL_GPIO_Init(GPIOB, &GPIO_InitStruct);
 207              		.loc 1 122 5 is_stmt 1 view .LVU50
 122:Core/Src/stm32wbxx_hal_msp.c ****     HAL_GPIO_Init(GPIOB, &GPIO_InitStruct);
 208              		.loc 1 122 31 is_stmt 0 view .LVU51
 209 005e 0423     		movs	r3, #4
 210 0060 1B93     		str	r3, [sp, #108]
 123:Core/Src/stm32wbxx_hal_msp.c **** 
 211              		.loc 1 123 5 is_stmt 1 view .LVU52
 212 0062 17A9     		add	r1, sp, #92
 213 0064 0848     		ldr	r0, .L9+4
 214 0066 FFF7FEFF 		bl	HAL_GPIO_Init
 215              	.LVL14:
 126:Core/Src/stm32wbxx_hal_msp.c ****     /* USER CODE BEGIN I2C1_MspInit 1 */
 216              		.loc 1 126 5 view .LVU53
 217              	.LBB42:
 218              	.LBI42:
 751:Drivers/STM32WBxx_HAL_Driver/Inc/stm32wbxx_ll_bus.h **** }
 752:Drivers/STM32WBxx_HAL_Driver/Inc/stm32wbxx_ll_bus.h **** 
 753:Drivers/STM32WBxx_HAL_Driver/Inc/stm32wbxx_ll_bus.h **** /**
 754:Drivers/STM32WBxx_HAL_Driver/Inc/stm32wbxx_ll_bus.h ****   * @brief  Check if AHB3 peripheral clock is enabled or not
 755:Drivers/STM32WBxx_HAL_Driver/Inc/stm32wbxx_ll_bus.h ****   * @rmtoll AHB3ENR      QUADSPIEN     LL_AHB3_GRP1_IsEnabledClock\n
 756:Drivers/STM32WBxx_HAL_Driver/Inc/stm32wbxx_ll_bus.h ****   *         AHB3ENR      PKAEN         LL_AHB3_GRP1_IsEnabledClock\n
 757:Drivers/STM32WBxx_HAL_Driver/Inc/stm32wbxx_ll_bus.h ****   *         AHB3ENR      AES2EN        LL_AHB3_GRP1_IsEnabledClock\n
 758:Drivers/STM32WBxx_HAL_Driver/Inc/stm32wbxx_ll_bus.h ****   *         AHB3ENR      RNGEN         LL_AHB3_GRP1_IsEnabledClock\n
 759:Drivers/STM32WBxx_HAL_Driver/Inc/stm32wbxx_ll_bus.h ****   *         AHB3ENR      HSEMEN        LL_AHB3_GRP1_IsEnabledClock\n
 760:Drivers/STM32WBxx_HAL_Driver/Inc/stm32wbxx_ll_bus.h ****   *         AHB3ENR      IPCCEN        LL_AHB3_GRP1_IsEnabledClock\n
 761:Drivers/STM32WBxx_HAL_Driver/Inc/stm32wbxx_ll_bus.h ****   *         AHB3ENR      FLASHEN       LL_AHB3_GRP1_IsEnabledClock
 762:Drivers/STM32WBxx_HAL_Driver/Inc/stm32wbxx_ll_bus.h ****   * @param  Periphs This parameter can be a combination of the following values:
 763:Drivers/STM32WBxx_HAL_Driver/Inc/stm32wbxx_ll_bus.h ****   *         @arg @ref LL_AHB3_GRP1_PERIPH_QUADSPI (*)
ARM GAS  /var/folders/98/ctz5mtps7w71v8dr53cf5qg40000gn/T//ccj9u44I.s 			page 21


 764:Drivers/STM32WBxx_HAL_Driver/Inc/stm32wbxx_ll_bus.h ****   *         @arg @ref LL_AHB3_GRP1_PERIPH_PKA
 765:Drivers/STM32WBxx_HAL_Driver/Inc/stm32wbxx_ll_bus.h ****   *         @arg @ref LL_AHB3_GRP1_PERIPH_AES2
 766:Drivers/STM32WBxx_HAL_Driver/Inc/stm32wbxx_ll_bus.h ****   *         @arg @ref LL_AHB3_GRP1_PERIPH_RNG
 767:Drivers/STM32WBxx_HAL_Driver/Inc/stm32wbxx_ll_bus.h ****   *         @arg @ref LL_AHB3_GRP1_PERIPH_HSEM
 768:Drivers/STM32WBxx_HAL_Driver/Inc/stm32wbxx_ll_bus.h ****   *         @arg @ref LL_AHB3_GRP1_PERIPH_IPCC
 769:Drivers/STM32WBxx_HAL_Driver/Inc/stm32wbxx_ll_bus.h ****   *         @arg @ref LL_AHB3_GRP1_PERIPH_FLASH
 770:Drivers/STM32WBxx_HAL_Driver/Inc/stm32wbxx_ll_bus.h ****   * @note  (*) Not supported by all the devices
 771:Drivers/STM32WBxx_HAL_Driver/Inc/stm32wbxx_ll_bus.h ****   * @retval uint32_t
 772:Drivers/STM32WBxx_HAL_Driver/Inc/stm32wbxx_ll_bus.h ****   */
 773:Drivers/STM32WBxx_HAL_Driver/Inc/stm32wbxx_ll_bus.h **** __STATIC_INLINE uint32_t LL_AHB3_GRP1_IsEnabledClock(uint32_t Periphs)
 774:Drivers/STM32WBxx_HAL_Driver/Inc/stm32wbxx_ll_bus.h **** {
 775:Drivers/STM32WBxx_HAL_Driver/Inc/stm32wbxx_ll_bus.h ****   return ((READ_BIT(RCC->AHB3ENR, Periphs) == (Periphs)) ? 1UL : 0UL);
 776:Drivers/STM32WBxx_HAL_Driver/Inc/stm32wbxx_ll_bus.h **** }
 777:Drivers/STM32WBxx_HAL_Driver/Inc/stm32wbxx_ll_bus.h **** 
 778:Drivers/STM32WBxx_HAL_Driver/Inc/stm32wbxx_ll_bus.h **** /**
 779:Drivers/STM32WBxx_HAL_Driver/Inc/stm32wbxx_ll_bus.h ****   * @brief  Disable AHB3 peripherals clock.
 780:Drivers/STM32WBxx_HAL_Driver/Inc/stm32wbxx_ll_bus.h ****   * @rmtoll AHB3ENR      QUADSPIEN     LL_AHB3_GRP1_DisableClock\n
 781:Drivers/STM32WBxx_HAL_Driver/Inc/stm32wbxx_ll_bus.h ****   *         AHB3ENR      PKAEN         LL_AHB3_GRP1_DisableClock\n
 782:Drivers/STM32WBxx_HAL_Driver/Inc/stm32wbxx_ll_bus.h ****   *         AHB3ENR      AES2EN        LL_AHB3_GRP1_DisableClock\n
 783:Drivers/STM32WBxx_HAL_Driver/Inc/stm32wbxx_ll_bus.h ****   *         AHB3ENR      RNGEN         LL_AHB3_GRP1_DisableClock\n
 784:Drivers/STM32WBxx_HAL_Driver/Inc/stm32wbxx_ll_bus.h ****   *         AHB3ENR      HSEMEN        LL_AHB3_GRP1_DisableClock\n
 785:Drivers/STM32WBxx_HAL_Driver/Inc/stm32wbxx_ll_bus.h ****   *         AHB3ENR      IPCCEN        LL_AHB3_GRP1_DisableClock\n
 786:Drivers/STM32WBxx_HAL_Driver/Inc/stm32wbxx_ll_bus.h ****   *         AHB3ENR      FLASHEN       LL_AHB3_GRP1_DisableClock
 787:Drivers/STM32WBxx_HAL_Driver/Inc/stm32wbxx_ll_bus.h ****   * @param  Periphs This parameter can be a combination of the following values:
 788:Drivers/STM32WBxx_HAL_Driver/Inc/stm32wbxx_ll_bus.h ****   *         @arg @ref LL_AHB3_GRP1_PERIPH_QUADSPI (*)
 789:Drivers/STM32WBxx_HAL_Driver/Inc/stm32wbxx_ll_bus.h ****   *         @arg @ref LL_AHB3_GRP1_PERIPH_PKA
 790:Drivers/STM32WBxx_HAL_Driver/Inc/stm32wbxx_ll_bus.h ****   *         @arg @ref LL_AHB3_GRP1_PERIPH_AES2
 791:Drivers/STM32WBxx_HAL_Driver/Inc/stm32wbxx_ll_bus.h ****   *         @arg @ref LL_AHB3_GRP1_PERIPH_RNG
 792:Drivers/STM32WBxx_HAL_Driver/Inc/stm32wbxx_ll_bus.h ****   *         @arg @ref LL_AHB3_GRP1_PERIPH_HSEM
 793:Drivers/STM32WBxx_HAL_Driver/Inc/stm32wbxx_ll_bus.h ****   *         @arg @ref LL_AHB3_GRP1_PERIPH_IPCC
 794:Drivers/STM32WBxx_HAL_Driver/Inc/stm32wbxx_ll_bus.h ****   *         @arg @ref LL_AHB3_GRP1_PERIPH_FLASH
 795:Drivers/STM32WBxx_HAL_Driver/Inc/stm32wbxx_ll_bus.h ****   * @note  (*) Not supported by all the devices
 796:Drivers/STM32WBxx_HAL_Driver/Inc/stm32wbxx_ll_bus.h ****   * @retval None
 797:Drivers/STM32WBxx_HAL_Driver/Inc/stm32wbxx_ll_bus.h ****   */
 798:Drivers/STM32WBxx_HAL_Driver/Inc/stm32wbxx_ll_bus.h **** __STATIC_INLINE void LL_AHB3_GRP1_DisableClock(uint32_t Periphs)
 799:Drivers/STM32WBxx_HAL_Driver/Inc/stm32wbxx_ll_bus.h **** {
 800:Drivers/STM32WBxx_HAL_Driver/Inc/stm32wbxx_ll_bus.h ****   CLEAR_BIT(RCC->AHB3ENR, Periphs);
 801:Drivers/STM32WBxx_HAL_Driver/Inc/stm32wbxx_ll_bus.h **** }
 802:Drivers/STM32WBxx_HAL_Driver/Inc/stm32wbxx_ll_bus.h **** 
 803:Drivers/STM32WBxx_HAL_Driver/Inc/stm32wbxx_ll_bus.h **** /**
 804:Drivers/STM32WBxx_HAL_Driver/Inc/stm32wbxx_ll_bus.h ****   * @brief  Force AHB3 peripherals reset.
 805:Drivers/STM32WBxx_HAL_Driver/Inc/stm32wbxx_ll_bus.h ****   * @rmtoll AHB3RSTR     QUADSPIRST       LL_AHB3_GRP1_ForceReset\n
 806:Drivers/STM32WBxx_HAL_Driver/Inc/stm32wbxx_ll_bus.h ****   *         AHB3RSTR     PKARST        LL_AHB3_GRP1_ForceReset\n
 807:Drivers/STM32WBxx_HAL_Driver/Inc/stm32wbxx_ll_bus.h ****   *         AHB3RSTR     AES2RST       LL_AHB3_GRP1_ForceReset\n
 808:Drivers/STM32WBxx_HAL_Driver/Inc/stm32wbxx_ll_bus.h ****   *         AHB3RSTR     RNGRST        LL_AHB3_GRP1_ForceReset\n
 809:Drivers/STM32WBxx_HAL_Driver/Inc/stm32wbxx_ll_bus.h ****   *         AHB3RSTR     HSEMRST       LL_AHB3_GRP1_ForceReset\n
 810:Drivers/STM32WBxx_HAL_Driver/Inc/stm32wbxx_ll_bus.h ****   *         AHB3RSTR     IPCCRST       LL_AHB3_GRP1_ForceReset\n
 811:Drivers/STM32WBxx_HAL_Driver/Inc/stm32wbxx_ll_bus.h ****   *         AHB3RSTR     FLASHRST      LL_AHB3_GRP1_ForceReset
 812:Drivers/STM32WBxx_HAL_Driver/Inc/stm32wbxx_ll_bus.h ****   * @param  Periphs This parameter can be a combination of the following values:
 813:Drivers/STM32WBxx_HAL_Driver/Inc/stm32wbxx_ll_bus.h ****   *         @arg @ref LL_AHB3_GRP1_PERIPH_ALL
 814:Drivers/STM32WBxx_HAL_Driver/Inc/stm32wbxx_ll_bus.h ****   *         @arg @ref LL_AHB3_GRP1_PERIPH_QUADSPI (*)
 815:Drivers/STM32WBxx_HAL_Driver/Inc/stm32wbxx_ll_bus.h ****   *         @arg @ref LL_AHB3_GRP1_PERIPH_PKA
 816:Drivers/STM32WBxx_HAL_Driver/Inc/stm32wbxx_ll_bus.h ****   *         @arg @ref LL_AHB3_GRP1_PERIPH_AES2
 817:Drivers/STM32WBxx_HAL_Driver/Inc/stm32wbxx_ll_bus.h ****   *         @arg @ref LL_AHB3_GRP1_PERIPH_RNG
 818:Drivers/STM32WBxx_HAL_Driver/Inc/stm32wbxx_ll_bus.h ****   *         @arg @ref LL_AHB3_GRP1_PERIPH_HSEM
 819:Drivers/STM32WBxx_HAL_Driver/Inc/stm32wbxx_ll_bus.h ****   *         @arg @ref LL_AHB3_GRP1_PERIPH_IPCC
 820:Drivers/STM32WBxx_HAL_Driver/Inc/stm32wbxx_ll_bus.h ****   *         @arg @ref LL_AHB3_GRP1_PERIPH_FLASH
ARM GAS  /var/folders/98/ctz5mtps7w71v8dr53cf5qg40000gn/T//ccj9u44I.s 			page 22


 821:Drivers/STM32WBxx_HAL_Driver/Inc/stm32wbxx_ll_bus.h ****   * @note  (*) Not supported by all the devices
 822:Drivers/STM32WBxx_HAL_Driver/Inc/stm32wbxx_ll_bus.h ****   * @retval None
 823:Drivers/STM32WBxx_HAL_Driver/Inc/stm32wbxx_ll_bus.h ****   */
 824:Drivers/STM32WBxx_HAL_Driver/Inc/stm32wbxx_ll_bus.h **** __STATIC_INLINE void LL_AHB3_GRP1_ForceReset(uint32_t Periphs)
 825:Drivers/STM32WBxx_HAL_Driver/Inc/stm32wbxx_ll_bus.h **** {
 826:Drivers/STM32WBxx_HAL_Driver/Inc/stm32wbxx_ll_bus.h ****   SET_BIT(RCC->AHB3RSTR, Periphs);
 827:Drivers/STM32WBxx_HAL_Driver/Inc/stm32wbxx_ll_bus.h **** }
 828:Drivers/STM32WBxx_HAL_Driver/Inc/stm32wbxx_ll_bus.h **** 
 829:Drivers/STM32WBxx_HAL_Driver/Inc/stm32wbxx_ll_bus.h **** /**
 830:Drivers/STM32WBxx_HAL_Driver/Inc/stm32wbxx_ll_bus.h ****   * @brief  Release AHB3 peripherals reset.
 831:Drivers/STM32WBxx_HAL_Driver/Inc/stm32wbxx_ll_bus.h ****   * @rmtoll AHB3RSTR     QUADSPIRST    LL_AHB3_GRP1_ReleaseReset\n
 832:Drivers/STM32WBxx_HAL_Driver/Inc/stm32wbxx_ll_bus.h ****   *         AHB3RSTR     PKARST        LL_AHB3_GRP1_ReleaseReset\n
 833:Drivers/STM32WBxx_HAL_Driver/Inc/stm32wbxx_ll_bus.h ****   *         AHB3RSTR     AES2RST       LL_AHB3_GRP1_ReleaseReset\n
 834:Drivers/STM32WBxx_HAL_Driver/Inc/stm32wbxx_ll_bus.h ****   *         AHB3RSTR     RNGRST        LL_AHB3_GRP1_ReleaseReset\n
 835:Drivers/STM32WBxx_HAL_Driver/Inc/stm32wbxx_ll_bus.h ****   *         AHB3RSTR     HSEMRST       LL_AHB3_GRP1_ReleaseReset\n
 836:Drivers/STM32WBxx_HAL_Driver/Inc/stm32wbxx_ll_bus.h ****   *         AHB3RSTR     IPCCRST       LL_AHB3_GRP1_ReleaseReset\n
 837:Drivers/STM32WBxx_HAL_Driver/Inc/stm32wbxx_ll_bus.h ****   *         AHB3RSTR     FLASHRST      LL_AHB3_GRP1_ReleaseReset
 838:Drivers/STM32WBxx_HAL_Driver/Inc/stm32wbxx_ll_bus.h ****   * @param  Periphs This parameter can be a combination of the following values:
 839:Drivers/STM32WBxx_HAL_Driver/Inc/stm32wbxx_ll_bus.h ****   *         @arg @ref LL_AHB2_GRP1_PERIPH_ALL
 840:Drivers/STM32WBxx_HAL_Driver/Inc/stm32wbxx_ll_bus.h ****   *         @arg @ref LL_AHB3_GRP1_PERIPH_QUADSPI (*)
 841:Drivers/STM32WBxx_HAL_Driver/Inc/stm32wbxx_ll_bus.h ****   *         @arg @ref LL_AHB3_GRP1_PERIPH_PKA
 842:Drivers/STM32WBxx_HAL_Driver/Inc/stm32wbxx_ll_bus.h ****   *         @arg @ref LL_AHB3_GRP1_PERIPH_AES2
 843:Drivers/STM32WBxx_HAL_Driver/Inc/stm32wbxx_ll_bus.h ****   *         @arg @ref LL_AHB3_GRP1_PERIPH_RNG
 844:Drivers/STM32WBxx_HAL_Driver/Inc/stm32wbxx_ll_bus.h ****   *         @arg @ref LL_AHB3_GRP1_PERIPH_HSEM
 845:Drivers/STM32WBxx_HAL_Driver/Inc/stm32wbxx_ll_bus.h ****   *         @arg @ref LL_AHB3_GRP1_PERIPH_IPCC
 846:Drivers/STM32WBxx_HAL_Driver/Inc/stm32wbxx_ll_bus.h ****   *         @arg @ref LL_AHB3_GRP1_PERIPH_FLASH
 847:Drivers/STM32WBxx_HAL_Driver/Inc/stm32wbxx_ll_bus.h ****   * @note  (*) Not supported by all the devices
 848:Drivers/STM32WBxx_HAL_Driver/Inc/stm32wbxx_ll_bus.h ****   * @retval None
 849:Drivers/STM32WBxx_HAL_Driver/Inc/stm32wbxx_ll_bus.h ****   */
 850:Drivers/STM32WBxx_HAL_Driver/Inc/stm32wbxx_ll_bus.h **** __STATIC_INLINE void LL_AHB3_GRP1_ReleaseReset(uint32_t Periphs)
 851:Drivers/STM32WBxx_HAL_Driver/Inc/stm32wbxx_ll_bus.h **** {
 852:Drivers/STM32WBxx_HAL_Driver/Inc/stm32wbxx_ll_bus.h ****   CLEAR_BIT(RCC->AHB3RSTR, Periphs);
 853:Drivers/STM32WBxx_HAL_Driver/Inc/stm32wbxx_ll_bus.h **** }
 854:Drivers/STM32WBxx_HAL_Driver/Inc/stm32wbxx_ll_bus.h **** 
 855:Drivers/STM32WBxx_HAL_Driver/Inc/stm32wbxx_ll_bus.h **** /**
 856:Drivers/STM32WBxx_HAL_Driver/Inc/stm32wbxx_ll_bus.h ****   * @brief  Enable AHB3 peripherals clock during Low Power (Sleep) mode.
 857:Drivers/STM32WBxx_HAL_Driver/Inc/stm32wbxx_ll_bus.h ****   * @rmtoll AHB3SMENR    QUADSPISMEN   LL_AHB3_GRP1_EnableClockSleep\n
 858:Drivers/STM32WBxx_HAL_Driver/Inc/stm32wbxx_ll_bus.h ****   *         AHB3SMENR    PKASMEN       LL_AHB3_GRP1_EnableClockSleep\n
 859:Drivers/STM32WBxx_HAL_Driver/Inc/stm32wbxx_ll_bus.h ****   *         AHB3SMENR    AES2SMEN      LL_AHB3_GRP1_EnableClockSleep\n
 860:Drivers/STM32WBxx_HAL_Driver/Inc/stm32wbxx_ll_bus.h ****   *         AHB3SMENR    RNGSMEN       LL_AHB3_GRP1_EnableClockSleep\n
 861:Drivers/STM32WBxx_HAL_Driver/Inc/stm32wbxx_ll_bus.h ****   *         AHB3SMENR    SRAM2SMEN     LL_AHB3_GRP1_EnableClockSleep\n
 862:Drivers/STM32WBxx_HAL_Driver/Inc/stm32wbxx_ll_bus.h ****   *         AHB3SMENR    FLASHSMEN     LL_AHB3_GRP1_EnableClockSleep
 863:Drivers/STM32WBxx_HAL_Driver/Inc/stm32wbxx_ll_bus.h ****   * @param  Periphs This parameter can be a combination of the following values:
 864:Drivers/STM32WBxx_HAL_Driver/Inc/stm32wbxx_ll_bus.h ****   *         @arg @ref LL_AHB3_GRP1_PERIPH_QUADSPI (*)
 865:Drivers/STM32WBxx_HAL_Driver/Inc/stm32wbxx_ll_bus.h ****   *         @arg @ref LL_AHB3_GRP1_PERIPH_PKA
 866:Drivers/STM32WBxx_HAL_Driver/Inc/stm32wbxx_ll_bus.h ****   *         @arg @ref LL_AHB3_GRP1_PERIPH_AES2
 867:Drivers/STM32WBxx_HAL_Driver/Inc/stm32wbxx_ll_bus.h ****   *         @arg @ref LL_AHB3_GRP1_PERIPH_RNG
 868:Drivers/STM32WBxx_HAL_Driver/Inc/stm32wbxx_ll_bus.h ****   *         @arg @ref LL_AHB3_GRP1_PERIPH_SRAM2
 869:Drivers/STM32WBxx_HAL_Driver/Inc/stm32wbxx_ll_bus.h ****   * @note  (*) Not supported by all the devices
 870:Drivers/STM32WBxx_HAL_Driver/Inc/stm32wbxx_ll_bus.h ****   *         @arg @ref LL_AHB3_GRP1_PERIPH_FLASH
 871:Drivers/STM32WBxx_HAL_Driver/Inc/stm32wbxx_ll_bus.h ****   * @retval None
 872:Drivers/STM32WBxx_HAL_Driver/Inc/stm32wbxx_ll_bus.h ****   */
 873:Drivers/STM32WBxx_HAL_Driver/Inc/stm32wbxx_ll_bus.h **** __STATIC_INLINE void LL_AHB3_GRP1_EnableClockSleep(uint32_t Periphs)
 874:Drivers/STM32WBxx_HAL_Driver/Inc/stm32wbxx_ll_bus.h **** {
 875:Drivers/STM32WBxx_HAL_Driver/Inc/stm32wbxx_ll_bus.h ****   __IO uint32_t tmpreg;
 876:Drivers/STM32WBxx_HAL_Driver/Inc/stm32wbxx_ll_bus.h ****   SET_BIT(RCC->AHB3SMENR, Periphs);
 877:Drivers/STM32WBxx_HAL_Driver/Inc/stm32wbxx_ll_bus.h ****   /* Delay after an RCC peripheral clock enabling */
ARM GAS  /var/folders/98/ctz5mtps7w71v8dr53cf5qg40000gn/T//ccj9u44I.s 			page 23


 878:Drivers/STM32WBxx_HAL_Driver/Inc/stm32wbxx_ll_bus.h ****   tmpreg = READ_BIT(RCC->AHB3SMENR, Periphs);
 879:Drivers/STM32WBxx_HAL_Driver/Inc/stm32wbxx_ll_bus.h ****   (void)tmpreg;
 880:Drivers/STM32WBxx_HAL_Driver/Inc/stm32wbxx_ll_bus.h **** }
 881:Drivers/STM32WBxx_HAL_Driver/Inc/stm32wbxx_ll_bus.h **** 
 882:Drivers/STM32WBxx_HAL_Driver/Inc/stm32wbxx_ll_bus.h **** /**
 883:Drivers/STM32WBxx_HAL_Driver/Inc/stm32wbxx_ll_bus.h ****   * @brief  Disable AHB3 peripherals clock during Low Power (Sleep) mode.
 884:Drivers/STM32WBxx_HAL_Driver/Inc/stm32wbxx_ll_bus.h ****   * @rmtoll AHB3SMENR    QUADSPISMEN   LL_AHB3_GRP1_DisableClockSleep\n
 885:Drivers/STM32WBxx_HAL_Driver/Inc/stm32wbxx_ll_bus.h ****   *         AHB3SMENR    PKASMEN       LL_AHB3_GRP1_DisableClockSleep\n
 886:Drivers/STM32WBxx_HAL_Driver/Inc/stm32wbxx_ll_bus.h ****   *         AHB3SMENR    AES2SMEN      LL_AHB3_GRP1_DisableClockSleep\n
 887:Drivers/STM32WBxx_HAL_Driver/Inc/stm32wbxx_ll_bus.h ****   *         AHB3SMENR    RNGSMEN       LL_AHB3_GRP1_DisableClockSleep\n
 888:Drivers/STM32WBxx_HAL_Driver/Inc/stm32wbxx_ll_bus.h ****   *         AHB3SMENR    SRAM2SMEN     LL_AHB3_GRP1_DisableClockSleep\n
 889:Drivers/STM32WBxx_HAL_Driver/Inc/stm32wbxx_ll_bus.h ****   *         AHB3SMENR    FLASHSMEN     LL_AHB3_GRP1_DisableClockSleep
 890:Drivers/STM32WBxx_HAL_Driver/Inc/stm32wbxx_ll_bus.h ****   * @param  Periphs This parameter can be a combination of the following values:
 891:Drivers/STM32WBxx_HAL_Driver/Inc/stm32wbxx_ll_bus.h ****   *         @arg @ref LL_AHB3_GRP1_PERIPH_QUADSPI (*)
 892:Drivers/STM32WBxx_HAL_Driver/Inc/stm32wbxx_ll_bus.h ****   *         @arg @ref LL_AHB3_GRP1_PERIPH_PKA
 893:Drivers/STM32WBxx_HAL_Driver/Inc/stm32wbxx_ll_bus.h ****   *         @arg @ref LL_AHB3_GRP1_PERIPH_AES2
 894:Drivers/STM32WBxx_HAL_Driver/Inc/stm32wbxx_ll_bus.h ****   *         @arg @ref LL_AHB3_GRP1_PERIPH_RNG
 895:Drivers/STM32WBxx_HAL_Driver/Inc/stm32wbxx_ll_bus.h ****   *         @arg @ref LL_AHB3_GRP1_PERIPH_SRAM2
 896:Drivers/STM32WBxx_HAL_Driver/Inc/stm32wbxx_ll_bus.h ****   *         @arg @ref LL_AHB3_GRP1_PERIPH_FLASH
 897:Drivers/STM32WBxx_HAL_Driver/Inc/stm32wbxx_ll_bus.h ****   * @note  (*) Not supported by all the devices
 898:Drivers/STM32WBxx_HAL_Driver/Inc/stm32wbxx_ll_bus.h ****   * @retval None
 899:Drivers/STM32WBxx_HAL_Driver/Inc/stm32wbxx_ll_bus.h ****   */
 900:Drivers/STM32WBxx_HAL_Driver/Inc/stm32wbxx_ll_bus.h **** __STATIC_INLINE void LL_AHB3_GRP1_DisableClockSleep(uint32_t Periphs)
 901:Drivers/STM32WBxx_HAL_Driver/Inc/stm32wbxx_ll_bus.h **** {
 902:Drivers/STM32WBxx_HAL_Driver/Inc/stm32wbxx_ll_bus.h ****   CLEAR_BIT(RCC->AHB3SMENR, Periphs);
 903:Drivers/STM32WBxx_HAL_Driver/Inc/stm32wbxx_ll_bus.h **** }
 904:Drivers/STM32WBxx_HAL_Driver/Inc/stm32wbxx_ll_bus.h **** 
 905:Drivers/STM32WBxx_HAL_Driver/Inc/stm32wbxx_ll_bus.h **** /**
 906:Drivers/STM32WBxx_HAL_Driver/Inc/stm32wbxx_ll_bus.h ****   * @}
 907:Drivers/STM32WBxx_HAL_Driver/Inc/stm32wbxx_ll_bus.h ****   */
 908:Drivers/STM32WBxx_HAL_Driver/Inc/stm32wbxx_ll_bus.h **** 
 909:Drivers/STM32WBxx_HAL_Driver/Inc/stm32wbxx_ll_bus.h **** /** @defgroup BUS_LL_EF_APB1 APB1
 910:Drivers/STM32WBxx_HAL_Driver/Inc/stm32wbxx_ll_bus.h ****   * @{
 911:Drivers/STM32WBxx_HAL_Driver/Inc/stm32wbxx_ll_bus.h ****   */
 912:Drivers/STM32WBxx_HAL_Driver/Inc/stm32wbxx_ll_bus.h **** 
 913:Drivers/STM32WBxx_HAL_Driver/Inc/stm32wbxx_ll_bus.h **** /**
 914:Drivers/STM32WBxx_HAL_Driver/Inc/stm32wbxx_ll_bus.h ****   * @brief  Enable APB1 peripherals clock.
 915:Drivers/STM32WBxx_HAL_Driver/Inc/stm32wbxx_ll_bus.h ****   * @rmtoll APB1ENR1     TIM2EN        LL_APB1_GRP1_EnableClock\n
 916:Drivers/STM32WBxx_HAL_Driver/Inc/stm32wbxx_ll_bus.h ****   *         APB1ENR1     LCDEN         LL_APB1_GRP1_EnableClock\n
 917:Drivers/STM32WBxx_HAL_Driver/Inc/stm32wbxx_ll_bus.h ****   *         APB1ENR1     RTCAPBEN      LL_APB1_GRP1_EnableClock\n
 918:Drivers/STM32WBxx_HAL_Driver/Inc/stm32wbxx_ll_bus.h ****   *         APB1ENR1     WWDGEN        LL_APB1_GRP1_EnableClock\n
 919:Drivers/STM32WBxx_HAL_Driver/Inc/stm32wbxx_ll_bus.h ****   *         APB1ENR1     SPI2EN        LL_APB1_GRP1_EnableClock\n
 920:Drivers/STM32WBxx_HAL_Driver/Inc/stm32wbxx_ll_bus.h ****   *         APB1ENR1     I2C1EN        LL_APB1_GRP1_EnableClock\n
 921:Drivers/STM32WBxx_HAL_Driver/Inc/stm32wbxx_ll_bus.h ****   *         APB1ENR1     I2C3EN        LL_APB1_GRP1_EnableClock\n
 922:Drivers/STM32WBxx_HAL_Driver/Inc/stm32wbxx_ll_bus.h ****   *         APB1ENR1     CRSEN         LL_APB1_GRP1_EnableClock\n
 923:Drivers/STM32WBxx_HAL_Driver/Inc/stm32wbxx_ll_bus.h ****   *         APB1ENR1     USBEN         LL_APB1_GRP1_EnableClock\n
 924:Drivers/STM32WBxx_HAL_Driver/Inc/stm32wbxx_ll_bus.h ****   *         APB1ENR1     LPTIM1EN      LL_APB1_GRP1_EnableClock
 925:Drivers/STM32WBxx_HAL_Driver/Inc/stm32wbxx_ll_bus.h ****   * @param  Periphs This parameter can be a combination of the following values:
 926:Drivers/STM32WBxx_HAL_Driver/Inc/stm32wbxx_ll_bus.h ****   *         @arg @ref LL_APB1_GRP1_PERIPH_TIM2
 927:Drivers/STM32WBxx_HAL_Driver/Inc/stm32wbxx_ll_bus.h ****   *         @arg @ref LL_APB1_GRP1_PERIPH_LCD (*)
 928:Drivers/STM32WBxx_HAL_Driver/Inc/stm32wbxx_ll_bus.h ****   *         @arg @ref LL_APB1_GRP1_PERIPH_RTCAPB
 929:Drivers/STM32WBxx_HAL_Driver/Inc/stm32wbxx_ll_bus.h ****   *         @arg @ref LL_APB1_GRP1_PERIPH_WWDG
 930:Drivers/STM32WBxx_HAL_Driver/Inc/stm32wbxx_ll_bus.h ****   *         @arg @ref LL_APB1_GRP1_PERIPH_SPI2 (*)
 931:Drivers/STM32WBxx_HAL_Driver/Inc/stm32wbxx_ll_bus.h ****   *         @arg @ref LL_APB1_GRP1_PERIPH_I2C1
 932:Drivers/STM32WBxx_HAL_Driver/Inc/stm32wbxx_ll_bus.h ****   *         @arg @ref LL_APB1_GRP1_PERIPH_I2C3 (*)
 933:Drivers/STM32WBxx_HAL_Driver/Inc/stm32wbxx_ll_bus.h ****   *         @arg @ref LL_APB1_GRP1_PERIPH_CRS (*)
 934:Drivers/STM32WBxx_HAL_Driver/Inc/stm32wbxx_ll_bus.h ****   *         @arg @ref LL_APB1_GRP1_PERIPH_USB (*)
ARM GAS  /var/folders/98/ctz5mtps7w71v8dr53cf5qg40000gn/T//ccj9u44I.s 			page 24


 935:Drivers/STM32WBxx_HAL_Driver/Inc/stm32wbxx_ll_bus.h ****   *         @arg @ref LL_APB1_GRP1_PERIPH_LPTIM1
 936:Drivers/STM32WBxx_HAL_Driver/Inc/stm32wbxx_ll_bus.h ****   * @note  (*) Not supported by all the devices
 937:Drivers/STM32WBxx_HAL_Driver/Inc/stm32wbxx_ll_bus.h ****   * @retval None
 938:Drivers/STM32WBxx_HAL_Driver/Inc/stm32wbxx_ll_bus.h ****   */
 939:Drivers/STM32WBxx_HAL_Driver/Inc/stm32wbxx_ll_bus.h **** __STATIC_INLINE void LL_APB1_GRP1_EnableClock(uint32_t Periphs)
 219              		.loc 2 939 22 view .LVU54
 220              	.LBB43:
 940:Drivers/STM32WBxx_HAL_Driver/Inc/stm32wbxx_ll_bus.h **** {
 941:Drivers/STM32WBxx_HAL_Driver/Inc/stm32wbxx_ll_bus.h ****   __IO uint32_t tmpreg;
 221              		.loc 2 941 3 view .LVU55
 942:Drivers/STM32WBxx_HAL_Driver/Inc/stm32wbxx_ll_bus.h ****   SET_BIT(RCC->APB1ENR1, Periphs);
 222              		.loc 2 942 3 view .LVU56
 223 006a A36D     		ldr	r3, [r4, #88]
 224 006c 43F40013 		orr	r3, r3, #2097152
 225 0070 A365     		str	r3, [r4, #88]
 943:Drivers/STM32WBxx_HAL_Driver/Inc/stm32wbxx_ll_bus.h ****   /* Delay after an RCC peripheral clock enabling */
 944:Drivers/STM32WBxx_HAL_Driver/Inc/stm32wbxx_ll_bus.h ****   tmpreg = READ_BIT(RCC->APB1ENR1, Periphs);
 226              		.loc 2 944 3 view .LVU57
 227              		.loc 2 944 12 is_stmt 0 view .LVU58
 228 0072 A36D     		ldr	r3, [r4, #88]
 229 0074 03F40013 		and	r3, r3, #2097152
 230              		.loc 2 944 10 view .LVU59
 231 0078 0193     		str	r3, [sp, #4]
 945:Drivers/STM32WBxx_HAL_Driver/Inc/stm32wbxx_ll_bus.h ****   (void)tmpreg;
 232              		.loc 2 945 3 is_stmt 1 view .LVU60
 233 007a 019B     		ldr	r3, [sp, #4]
 234              	.LVL15:
 235              		.loc 2 945 3 is_stmt 0 view .LVU61
 236              	.LBE43:
 237              	.LBE42:
 238              		.loc 1 133 1 view .LVU62
 239 007c D1E7     		b	.L3
 240              	.LVL16:
 241              	.L8:
 110:Core/Src/stm32wbxx_hal_msp.c ****     }
 242              		.loc 1 110 7 is_stmt 1 view .LVU63
 243 007e FFF7FEFF 		bl	Error_Handler
 244              	.LVL17:
 245 0082 D9E7     		b	.L5
 246              	.L10:
 247              		.align	2
 248              	.L9:
 249 0084 00540040 		.word	1073763328
 250 0088 00040048 		.word	1207960576
 251              		.cfi_endproc
 252              	.LFE951:
 254              		.section	.text.HAL_I2C_MspDeInit,"ax",%progbits
 255              		.align	1
 256              		.global	HAL_I2C_MspDeInit
 257              		.syntax unified
 258              		.thumb
 259              		.thumb_func
 261              	HAL_I2C_MspDeInit:
 262              	.LVL18:
 263              	.LFB952:
 134:Core/Src/stm32wbxx_hal_msp.c **** 
 135:Core/Src/stm32wbxx_hal_msp.c **** /**
ARM GAS  /var/folders/98/ctz5mtps7w71v8dr53cf5qg40000gn/T//ccj9u44I.s 			page 25


 136:Core/Src/stm32wbxx_hal_msp.c ****   * @brief I2C MSP De-Initialization
 137:Core/Src/stm32wbxx_hal_msp.c ****   * This function freeze the hardware resources used in this example
 138:Core/Src/stm32wbxx_hal_msp.c ****   * @param hi2c: I2C handle pointer
 139:Core/Src/stm32wbxx_hal_msp.c ****   * @retval None
 140:Core/Src/stm32wbxx_hal_msp.c ****   */
 141:Core/Src/stm32wbxx_hal_msp.c **** void HAL_I2C_MspDeInit(I2C_HandleTypeDef* hi2c)
 142:Core/Src/stm32wbxx_hal_msp.c **** {
 264              		.loc 1 142 1 view -0
 265              		.cfi_startproc
 266              		@ args = 0, pretend = 0, frame = 0
 267              		@ frame_needed = 0, uses_anonymous_args = 0
 143:Core/Src/stm32wbxx_hal_msp.c ****   if(hi2c->Instance==I2C1)
 268              		.loc 1 143 3 view .LVU65
 269              		.loc 1 143 10 is_stmt 0 view .LVU66
 270 0000 0268     		ldr	r2, [r0]
 271              		.loc 1 143 5 view .LVU67
 272 0002 0B4B     		ldr	r3, .L18
 273 0004 9A42     		cmp	r2, r3
 274 0006 00D0     		beq	.L17
 275 0008 7047     		bx	lr
 276              	.L17:
 142:Core/Src/stm32wbxx_hal_msp.c ****   if(hi2c->Instance==I2C1)
 277              		.loc 1 142 1 view .LVU68
 278 000a 10B5     		push	{r4, lr}
 279              	.LCFI7:
 280              		.cfi_def_cfa_offset 8
 281              		.cfi_offset 4, -8
 282              		.cfi_offset 14, -4
 144:Core/Src/stm32wbxx_hal_msp.c ****   {
 145:Core/Src/stm32wbxx_hal_msp.c ****     /* USER CODE BEGIN I2C1_MspDeInit 0 */
 146:Core/Src/stm32wbxx_hal_msp.c **** 
 147:Core/Src/stm32wbxx_hal_msp.c ****     /* USER CODE END I2C1_MspDeInit 0 */
 148:Core/Src/stm32wbxx_hal_msp.c ****     /* Peripheral clock disable */
 149:Core/Src/stm32wbxx_hal_msp.c ****     __HAL_RCC_I2C1_CLK_DISABLE();
 283              		.loc 1 149 5 is_stmt 1 view .LVU69
 284              	.LVL19:
 285              	.LBB44:
 286              	.LBI44:
 946:Drivers/STM32WBxx_HAL_Driver/Inc/stm32wbxx_ll_bus.h **** }
 947:Drivers/STM32WBxx_HAL_Driver/Inc/stm32wbxx_ll_bus.h **** 
 948:Drivers/STM32WBxx_HAL_Driver/Inc/stm32wbxx_ll_bus.h **** /**
 949:Drivers/STM32WBxx_HAL_Driver/Inc/stm32wbxx_ll_bus.h ****   * @brief  Enable APB1 peripherals clock.
 950:Drivers/STM32WBxx_HAL_Driver/Inc/stm32wbxx_ll_bus.h ****   * @rmtoll APB1ENR2     LPUART1EN     LL_APB1_GRP2_EnableClock\n
 951:Drivers/STM32WBxx_HAL_Driver/Inc/stm32wbxx_ll_bus.h ****   *         APB1ENR2     LPTIM2EN      LL_APB1_GRP2_EnableClock
 952:Drivers/STM32WBxx_HAL_Driver/Inc/stm32wbxx_ll_bus.h ****   * @param  Periphs This parameter can be a combination of the following values:
 953:Drivers/STM32WBxx_HAL_Driver/Inc/stm32wbxx_ll_bus.h ****   *         @arg @ref LL_APB1_GRP2_PERIPH_LPUART1 (*)
 954:Drivers/STM32WBxx_HAL_Driver/Inc/stm32wbxx_ll_bus.h ****   *         @arg @ref LL_APB1_GRP2_PERIPH_LPTIM2
 955:Drivers/STM32WBxx_HAL_Driver/Inc/stm32wbxx_ll_bus.h ****   * @note  (*) Not supported by all the devices
 956:Drivers/STM32WBxx_HAL_Driver/Inc/stm32wbxx_ll_bus.h ****   * @retval None
 957:Drivers/STM32WBxx_HAL_Driver/Inc/stm32wbxx_ll_bus.h ****   */
 958:Drivers/STM32WBxx_HAL_Driver/Inc/stm32wbxx_ll_bus.h **** __STATIC_INLINE void LL_APB1_GRP2_EnableClock(uint32_t Periphs)
 959:Drivers/STM32WBxx_HAL_Driver/Inc/stm32wbxx_ll_bus.h **** {
 960:Drivers/STM32WBxx_HAL_Driver/Inc/stm32wbxx_ll_bus.h ****   __IO uint32_t tmpreg;
 961:Drivers/STM32WBxx_HAL_Driver/Inc/stm32wbxx_ll_bus.h ****   SET_BIT(RCC->APB1ENR2, Periphs);
 962:Drivers/STM32WBxx_HAL_Driver/Inc/stm32wbxx_ll_bus.h ****   /* Delay after an RCC peripheral clock enabling */
 963:Drivers/STM32WBxx_HAL_Driver/Inc/stm32wbxx_ll_bus.h ****   tmpreg = READ_BIT(RCC->APB1ENR2, Periphs);
 964:Drivers/STM32WBxx_HAL_Driver/Inc/stm32wbxx_ll_bus.h ****   (void)tmpreg;
ARM GAS  /var/folders/98/ctz5mtps7w71v8dr53cf5qg40000gn/T//ccj9u44I.s 			page 26


 965:Drivers/STM32WBxx_HAL_Driver/Inc/stm32wbxx_ll_bus.h **** }
 966:Drivers/STM32WBxx_HAL_Driver/Inc/stm32wbxx_ll_bus.h **** 
 967:Drivers/STM32WBxx_HAL_Driver/Inc/stm32wbxx_ll_bus.h **** /**
 968:Drivers/STM32WBxx_HAL_Driver/Inc/stm32wbxx_ll_bus.h ****   * @brief  Check if APB1 peripheral clock is enabled or not
 969:Drivers/STM32WBxx_HAL_Driver/Inc/stm32wbxx_ll_bus.h ****   * @rmtoll APB1ENR1     TIM2EN        LL_APB1_GRP1_IsEnabledClock\n
 970:Drivers/STM32WBxx_HAL_Driver/Inc/stm32wbxx_ll_bus.h ****   *         APB1ENR1     LCDEN         LL_APB1_GRP1_IsEnabledClock\n
 971:Drivers/STM32WBxx_HAL_Driver/Inc/stm32wbxx_ll_bus.h ****   *         APB1ENR1     RTCAPBEN      LL_APB1_GRP1_IsEnabledClock\n
 972:Drivers/STM32WBxx_HAL_Driver/Inc/stm32wbxx_ll_bus.h ****   *         APB1ENR1     WWDGEN        LL_APB1_GRP1_IsEnabledClock\n
 973:Drivers/STM32WBxx_HAL_Driver/Inc/stm32wbxx_ll_bus.h ****   *         APB1ENR1     SPI2EN        LL_APB1_GRP1_IsEnabledClock\n
 974:Drivers/STM32WBxx_HAL_Driver/Inc/stm32wbxx_ll_bus.h ****   *         APB1ENR1     I2C1EN        LL_APB1_GRP1_IsEnabledClock\n
 975:Drivers/STM32WBxx_HAL_Driver/Inc/stm32wbxx_ll_bus.h ****   *         APB1ENR1     I2C3EN        LL_APB1_GRP1_IsEnabledClock\n
 976:Drivers/STM32WBxx_HAL_Driver/Inc/stm32wbxx_ll_bus.h ****   *         APB1ENR1     CRSEN         LL_APB1_GRP1_IsEnabledClock\n
 977:Drivers/STM32WBxx_HAL_Driver/Inc/stm32wbxx_ll_bus.h ****   *         APB1ENR1     USBEN         LL_APB1_GRP1_IsEnabledClock\n
 978:Drivers/STM32WBxx_HAL_Driver/Inc/stm32wbxx_ll_bus.h ****   *         APB1ENR1     LPTIM1EN      LL_APB1_GRP1_IsEnabledClock
 979:Drivers/STM32WBxx_HAL_Driver/Inc/stm32wbxx_ll_bus.h ****   * @param  Periphs This parameter can be a combination of the following values:
 980:Drivers/STM32WBxx_HAL_Driver/Inc/stm32wbxx_ll_bus.h ****   *         @arg @ref LL_APB1_GRP1_PERIPH_TIM2
 981:Drivers/STM32WBxx_HAL_Driver/Inc/stm32wbxx_ll_bus.h ****   *         @arg @ref LL_APB1_GRP1_PERIPH_LCD (*)
 982:Drivers/STM32WBxx_HAL_Driver/Inc/stm32wbxx_ll_bus.h ****   *         @arg @ref LL_APB1_GRP1_PERIPH_RTCAPB
 983:Drivers/STM32WBxx_HAL_Driver/Inc/stm32wbxx_ll_bus.h ****   *         @arg @ref LL_APB1_GRP1_PERIPH_WWDG
 984:Drivers/STM32WBxx_HAL_Driver/Inc/stm32wbxx_ll_bus.h ****   *         @arg @ref LL_APB1_GRP1_PERIPH_SPI2 (*)
 985:Drivers/STM32WBxx_HAL_Driver/Inc/stm32wbxx_ll_bus.h ****   *         @arg @ref LL_APB1_GRP1_PERIPH_I2C1
 986:Drivers/STM32WBxx_HAL_Driver/Inc/stm32wbxx_ll_bus.h ****   *         @arg @ref LL_APB1_GRP1_PERIPH_I2C3 (*)
 987:Drivers/STM32WBxx_HAL_Driver/Inc/stm32wbxx_ll_bus.h ****   *         @arg @ref LL_APB1_GRP1_PERIPH_CRS (*)
 988:Drivers/STM32WBxx_HAL_Driver/Inc/stm32wbxx_ll_bus.h ****   *         @arg @ref LL_APB1_GRP1_PERIPH_USB (*)
 989:Drivers/STM32WBxx_HAL_Driver/Inc/stm32wbxx_ll_bus.h ****   *         @arg @ref LL_APB1_GRP1_PERIPH_LPTIM1
 990:Drivers/STM32WBxx_HAL_Driver/Inc/stm32wbxx_ll_bus.h ****   * @note  (*) Not supported by all the devices
 991:Drivers/STM32WBxx_HAL_Driver/Inc/stm32wbxx_ll_bus.h ****   * @retval uint32_t
 992:Drivers/STM32WBxx_HAL_Driver/Inc/stm32wbxx_ll_bus.h ****   */
 993:Drivers/STM32WBxx_HAL_Driver/Inc/stm32wbxx_ll_bus.h **** __STATIC_INLINE uint32_t LL_APB1_GRP1_IsEnabledClock(uint32_t Periphs)
 994:Drivers/STM32WBxx_HAL_Driver/Inc/stm32wbxx_ll_bus.h **** {
 995:Drivers/STM32WBxx_HAL_Driver/Inc/stm32wbxx_ll_bus.h ****   return ((READ_BIT(RCC->APB1ENR1, Periphs) == (Periphs)) ? 1UL : 0UL);
 996:Drivers/STM32WBxx_HAL_Driver/Inc/stm32wbxx_ll_bus.h **** }
 997:Drivers/STM32WBxx_HAL_Driver/Inc/stm32wbxx_ll_bus.h **** 
 998:Drivers/STM32WBxx_HAL_Driver/Inc/stm32wbxx_ll_bus.h **** /**
 999:Drivers/STM32WBxx_HAL_Driver/Inc/stm32wbxx_ll_bus.h ****   * @brief  Check if APB1 peripheral clock is enabled or not
1000:Drivers/STM32WBxx_HAL_Driver/Inc/stm32wbxx_ll_bus.h ****   * @rmtoll APB1ENR2     LPUART1EN     LL_APB1_GRP2_IsEnabledClock\n
1001:Drivers/STM32WBxx_HAL_Driver/Inc/stm32wbxx_ll_bus.h ****   *         APB1ENR2     LPTIM2EN      LL_APB1_GRP2_IsEnabledClock
1002:Drivers/STM32WBxx_HAL_Driver/Inc/stm32wbxx_ll_bus.h ****   * @param  Periphs This parameter can be a combination of the following values:
1003:Drivers/STM32WBxx_HAL_Driver/Inc/stm32wbxx_ll_bus.h ****   *         @arg @ref LL_APB1_GRP2_PERIPH_LPUART1 (*)
1004:Drivers/STM32WBxx_HAL_Driver/Inc/stm32wbxx_ll_bus.h ****   *         @arg @ref LL_APB1_GRP2_PERIPH_LPTIM2
1005:Drivers/STM32WBxx_HAL_Driver/Inc/stm32wbxx_ll_bus.h ****   * @note  (*) Not supported by all the devices
1006:Drivers/STM32WBxx_HAL_Driver/Inc/stm32wbxx_ll_bus.h ****   * @retval uint32_t
1007:Drivers/STM32WBxx_HAL_Driver/Inc/stm32wbxx_ll_bus.h ****   */
1008:Drivers/STM32WBxx_HAL_Driver/Inc/stm32wbxx_ll_bus.h **** __STATIC_INLINE uint32_t LL_APB1_GRP2_IsEnabledClock(uint32_t Periphs)
1009:Drivers/STM32WBxx_HAL_Driver/Inc/stm32wbxx_ll_bus.h **** {
1010:Drivers/STM32WBxx_HAL_Driver/Inc/stm32wbxx_ll_bus.h ****   return ((READ_BIT(RCC->APB1ENR2, Periphs) == (Periphs)) ? 1UL : 0UL);
1011:Drivers/STM32WBxx_HAL_Driver/Inc/stm32wbxx_ll_bus.h **** }
1012:Drivers/STM32WBxx_HAL_Driver/Inc/stm32wbxx_ll_bus.h **** 
1013:Drivers/STM32WBxx_HAL_Driver/Inc/stm32wbxx_ll_bus.h **** /**
1014:Drivers/STM32WBxx_HAL_Driver/Inc/stm32wbxx_ll_bus.h ****   * @brief  Disable APB1 peripherals clock.
1015:Drivers/STM32WBxx_HAL_Driver/Inc/stm32wbxx_ll_bus.h ****   * @rmtoll APB1ENR1     TIM2EN        LL_APB1_GRP1_DisableClock\n
1016:Drivers/STM32WBxx_HAL_Driver/Inc/stm32wbxx_ll_bus.h ****   *         APB1ENR1     LCDEN         LL_APB1_GRP1_DisableClock\n
1017:Drivers/STM32WBxx_HAL_Driver/Inc/stm32wbxx_ll_bus.h ****   *         APB1ENR1     RTCAPBEN      LL_APB1_GRP1_DisableClock\n
1018:Drivers/STM32WBxx_HAL_Driver/Inc/stm32wbxx_ll_bus.h ****   *         APB1ENR1     SPI2EN        LL_APB1_GRP1_DisableClock\n
1019:Drivers/STM32WBxx_HAL_Driver/Inc/stm32wbxx_ll_bus.h ****   *         APB1ENR1     I2C1EN        LL_APB1_GRP1_DisableClock\n
1020:Drivers/STM32WBxx_HAL_Driver/Inc/stm32wbxx_ll_bus.h ****   *         APB1ENR1     I2C3EN        LL_APB1_GRP1_DisableClock\n
1021:Drivers/STM32WBxx_HAL_Driver/Inc/stm32wbxx_ll_bus.h ****   *         APB1ENR1     CRSEN         LL_APB1_GRP1_DisableClock\n
ARM GAS  /var/folders/98/ctz5mtps7w71v8dr53cf5qg40000gn/T//ccj9u44I.s 			page 27


1022:Drivers/STM32WBxx_HAL_Driver/Inc/stm32wbxx_ll_bus.h ****   *         APB1ENR1     USBEN         LL_APB1_GRP1_DisableClock\n
1023:Drivers/STM32WBxx_HAL_Driver/Inc/stm32wbxx_ll_bus.h ****   *         APB1ENR1     LPTIM1EN      LL_APB1_GRP1_DisableClock
1024:Drivers/STM32WBxx_HAL_Driver/Inc/stm32wbxx_ll_bus.h ****   * @param  Periphs This parameter can be a combination of the following values:
1025:Drivers/STM32WBxx_HAL_Driver/Inc/stm32wbxx_ll_bus.h ****   *         @arg @ref LL_APB1_GRP1_PERIPH_TIM2
1026:Drivers/STM32WBxx_HAL_Driver/Inc/stm32wbxx_ll_bus.h ****   *         @arg @ref LL_APB1_GRP1_PERIPH_LCD (*)
1027:Drivers/STM32WBxx_HAL_Driver/Inc/stm32wbxx_ll_bus.h ****   *         @arg @ref LL_APB1_GRP1_PERIPH_RTCAPB
1028:Drivers/STM32WBxx_HAL_Driver/Inc/stm32wbxx_ll_bus.h ****   *         @arg @ref LL_APB1_GRP1_PERIPH_WWDG
1029:Drivers/STM32WBxx_HAL_Driver/Inc/stm32wbxx_ll_bus.h ****   *         @arg @ref LL_APB1_GRP1_PERIPH_SPI2 (*)
1030:Drivers/STM32WBxx_HAL_Driver/Inc/stm32wbxx_ll_bus.h ****   *         @arg @ref LL_APB1_GRP1_PERIPH_I2C1
1031:Drivers/STM32WBxx_HAL_Driver/Inc/stm32wbxx_ll_bus.h ****   *         @arg @ref LL_APB1_GRP1_PERIPH_I2C3 (*)
1032:Drivers/STM32WBxx_HAL_Driver/Inc/stm32wbxx_ll_bus.h ****   *         @arg @ref LL_APB1_GRP1_PERIPH_ (*)
1033:Drivers/STM32WBxx_HAL_Driver/Inc/stm32wbxx_ll_bus.h ****   *         @arg @ref LL_APB1_GRP1_PERIPH_USB (*)
1034:Drivers/STM32WBxx_HAL_Driver/Inc/stm32wbxx_ll_bus.h ****   *         @arg @ref LL_APB1_GRP1_PERIPH_LPTIM1
1035:Drivers/STM32WBxx_HAL_Driver/Inc/stm32wbxx_ll_bus.h ****   * @note  (*) Not supported by all the devices
1036:Drivers/STM32WBxx_HAL_Driver/Inc/stm32wbxx_ll_bus.h ****   * @retval None
1037:Drivers/STM32WBxx_HAL_Driver/Inc/stm32wbxx_ll_bus.h ****   */
1038:Drivers/STM32WBxx_HAL_Driver/Inc/stm32wbxx_ll_bus.h **** __STATIC_INLINE void LL_APB1_GRP1_DisableClock(uint32_t Periphs)
 287              		.loc 2 1038 22 view .LVU70
 288              	.LBB45:
1039:Drivers/STM32WBxx_HAL_Driver/Inc/stm32wbxx_ll_bus.h **** {
1040:Drivers/STM32WBxx_HAL_Driver/Inc/stm32wbxx_ll_bus.h ****   CLEAR_BIT(RCC->APB1ENR1, Periphs);
 289              		.loc 2 1040 3 view .LVU71
 290 000c 4FF0B042 		mov	r2, #1476395008
 291 0010 936D     		ldr	r3, [r2, #88]
 292 0012 23F40013 		bic	r3, r3, #2097152
 293 0016 9365     		str	r3, [r2, #88]
 294              	.LVL20:
 295              		.loc 2 1040 3 is_stmt 0 view .LVU72
 296              	.LBE45:
 297              	.LBE44:
 150:Core/Src/stm32wbxx_hal_msp.c **** 
 151:Core/Src/stm32wbxx_hal_msp.c ****     /**I2C1 GPIO Configuration
 152:Core/Src/stm32wbxx_hal_msp.c ****     PB8     ------> I2C1_SCL
 153:Core/Src/stm32wbxx_hal_msp.c ****     PB9     ------> I2C1_SDA
 154:Core/Src/stm32wbxx_hal_msp.c ****     */
 155:Core/Src/stm32wbxx_hal_msp.c ****     HAL_GPIO_DeInit(GPIOB, GPIO_PIN_8);
 298              		.loc 1 155 5 is_stmt 1 view .LVU73
 299 0018 064C     		ldr	r4, .L18+4
 300 001a 4FF48071 		mov	r1, #256
 301 001e 2046     		mov	r0, r4
 302              	.LVL21:
 303              		.loc 1 155 5 is_stmt 0 view .LVU74
 304 0020 FFF7FEFF 		bl	HAL_GPIO_DeInit
 305              	.LVL22:
 156:Core/Src/stm32wbxx_hal_msp.c **** 
 157:Core/Src/stm32wbxx_hal_msp.c ****     HAL_GPIO_DeInit(GPIOB, GPIO_PIN_9);
 306              		.loc 1 157 5 is_stmt 1 view .LVU75
 307 0024 4FF40071 		mov	r1, #512
 308 0028 2046     		mov	r0, r4
 309 002a FFF7FEFF 		bl	HAL_GPIO_DeInit
 310              	.LVL23:
 158:Core/Src/stm32wbxx_hal_msp.c **** 
 159:Core/Src/stm32wbxx_hal_msp.c ****     /* USER CODE BEGIN I2C1_MspDeInit 1 */
 160:Core/Src/stm32wbxx_hal_msp.c **** 
 161:Core/Src/stm32wbxx_hal_msp.c ****     /* USER CODE END I2C1_MspDeInit 1 */
 162:Core/Src/stm32wbxx_hal_msp.c ****   }
 163:Core/Src/stm32wbxx_hal_msp.c **** 
ARM GAS  /var/folders/98/ctz5mtps7w71v8dr53cf5qg40000gn/T//ccj9u44I.s 			page 28


 164:Core/Src/stm32wbxx_hal_msp.c **** }
 311              		.loc 1 164 1 is_stmt 0 view .LVU76
 312 002e 10BD     		pop	{r4, pc}
 313              	.L19:
 314              		.align	2
 315              	.L18:
 316 0030 00540040 		.word	1073763328
 317 0034 00040048 		.word	1207960576
 318              		.cfi_endproc
 319              	.LFE952:
 321              		.section	.text.HAL_IPCC_MspInit,"ax",%progbits
 322              		.align	1
 323              		.global	HAL_IPCC_MspInit
 324              		.syntax unified
 325              		.thumb
 326              		.thumb_func
 328              	HAL_IPCC_MspInit:
 329              	.LVL24:
 330              	.LFB953:
 165:Core/Src/stm32wbxx_hal_msp.c **** 
 166:Core/Src/stm32wbxx_hal_msp.c **** /**
 167:Core/Src/stm32wbxx_hal_msp.c ****   * @brief IPCC MSP Initialization
 168:Core/Src/stm32wbxx_hal_msp.c ****   * This function configures the hardware resources used in this example
 169:Core/Src/stm32wbxx_hal_msp.c ****   * @param hipcc: IPCC handle pointer
 170:Core/Src/stm32wbxx_hal_msp.c ****   * @retval None
 171:Core/Src/stm32wbxx_hal_msp.c ****   */
 172:Core/Src/stm32wbxx_hal_msp.c **** void HAL_IPCC_MspInit(IPCC_HandleTypeDef* hipcc)
 173:Core/Src/stm32wbxx_hal_msp.c **** {
 331              		.loc 1 173 1 is_stmt 1 view -0
 332              		.cfi_startproc
 333              		@ args = 0, pretend = 0, frame = 8
 334              		@ frame_needed = 0, uses_anonymous_args = 0
 335              		@ link register save eliminated.
 174:Core/Src/stm32wbxx_hal_msp.c ****   if(hipcc->Instance==IPCC)
 336              		.loc 1 174 3 view .LVU78
 337              		.loc 1 174 11 is_stmt 0 view .LVU79
 338 0000 0268     		ldr	r2, [r0]
 339              		.loc 1 174 5 view .LVU80
 340 0002 094B     		ldr	r3, .L27
 341 0004 9A42     		cmp	r2, r3
 342 0006 00D0     		beq	.L26
 343 0008 7047     		bx	lr
 344              	.L26:
 173:Core/Src/stm32wbxx_hal_msp.c ****   if(hipcc->Instance==IPCC)
 345              		.loc 1 173 1 view .LVU81
 346 000a 82B0     		sub	sp, sp, #8
 347              	.LCFI8:
 348              		.cfi_def_cfa_offset 8
 175:Core/Src/stm32wbxx_hal_msp.c ****   {
 176:Core/Src/stm32wbxx_hal_msp.c ****     /* USER CODE BEGIN IPCC_MspInit 0 */
 177:Core/Src/stm32wbxx_hal_msp.c **** 
 178:Core/Src/stm32wbxx_hal_msp.c ****     /* USER CODE END IPCC_MspInit 0 */
 179:Core/Src/stm32wbxx_hal_msp.c ****     /* Peripheral clock enable */
 180:Core/Src/stm32wbxx_hal_msp.c ****     __HAL_RCC_IPCC_CLK_ENABLE();
 349              		.loc 1 180 5 is_stmt 1 view .LVU82
 350              	.LVL25:
 351              	.LBB46:
ARM GAS  /var/folders/98/ctz5mtps7w71v8dr53cf5qg40000gn/T//ccj9u44I.s 			page 29


 352              	.LBI46:
 744:Drivers/STM32WBxx_HAL_Driver/Inc/stm32wbxx_ll_bus.h **** {
 353              		.loc 2 744 22 view .LVU83
 354              	.LBB47:
 746:Drivers/STM32WBxx_HAL_Driver/Inc/stm32wbxx_ll_bus.h ****   SET_BIT(RCC->AHB3ENR, Periphs);
 355              		.loc 2 746 3 view .LVU84
 747:Drivers/STM32WBxx_HAL_Driver/Inc/stm32wbxx_ll_bus.h ****   /* Delay after an RCC peripheral clock enabling */
 356              		.loc 2 747 3 view .LVU85
 357 000c 4FF0B043 		mov	r3, #1476395008
 358 0010 1A6D     		ldr	r2, [r3, #80]
 359 0012 42F48012 		orr	r2, r2, #1048576
 360 0016 1A65     		str	r2, [r3, #80]
 749:Drivers/STM32WBxx_HAL_Driver/Inc/stm32wbxx_ll_bus.h ****   (void)tmpreg;
 361              		.loc 2 749 3 view .LVU86
 749:Drivers/STM32WBxx_HAL_Driver/Inc/stm32wbxx_ll_bus.h ****   (void)tmpreg;
 362              		.loc 2 749 12 is_stmt 0 view .LVU87
 363 0018 1B6D     		ldr	r3, [r3, #80]
 364 001a 03F48013 		and	r3, r3, #1048576
 749:Drivers/STM32WBxx_HAL_Driver/Inc/stm32wbxx_ll_bus.h ****   (void)tmpreg;
 365              		.loc 2 749 10 view .LVU88
 366 001e 0193     		str	r3, [sp, #4]
 750:Drivers/STM32WBxx_HAL_Driver/Inc/stm32wbxx_ll_bus.h **** }
 367              		.loc 2 750 3 is_stmt 1 view .LVU89
 368 0020 019B     		ldr	r3, [sp, #4]
 369              	.LVL26:
 750:Drivers/STM32WBxx_HAL_Driver/Inc/stm32wbxx_ll_bus.h **** }
 370              		.loc 2 750 3 is_stmt 0 view .LVU90
 371              	.LBE47:
 372              	.LBE46:
 181:Core/Src/stm32wbxx_hal_msp.c ****     /* USER CODE BEGIN IPCC_MspInit 1 */
 182:Core/Src/stm32wbxx_hal_msp.c **** 
 183:Core/Src/stm32wbxx_hal_msp.c ****     /* USER CODE END IPCC_MspInit 1 */
 184:Core/Src/stm32wbxx_hal_msp.c **** 
 185:Core/Src/stm32wbxx_hal_msp.c ****   }
 186:Core/Src/stm32wbxx_hal_msp.c **** 
 187:Core/Src/stm32wbxx_hal_msp.c **** }
 373              		.loc 1 187 1 view .LVU91
 374 0022 02B0     		add	sp, sp, #8
 375              	.LCFI9:
 376              		.cfi_def_cfa_offset 0
 377              		@ sp needed
 378 0024 7047     		bx	lr
 379              	.L28:
 380 0026 00BF     		.align	2
 381              	.L27:
 382 0028 000C0058 		.word	1476398080
 383              		.cfi_endproc
 384              	.LFE953:
 386              		.section	.text.HAL_IPCC_MspDeInit,"ax",%progbits
 387              		.align	1
 388              		.global	HAL_IPCC_MspDeInit
 389              		.syntax unified
 390              		.thumb
 391              		.thumb_func
 393              	HAL_IPCC_MspDeInit:
 394              	.LVL27:
 395              	.LFB954:
ARM GAS  /var/folders/98/ctz5mtps7w71v8dr53cf5qg40000gn/T//ccj9u44I.s 			page 30


 188:Core/Src/stm32wbxx_hal_msp.c **** 
 189:Core/Src/stm32wbxx_hal_msp.c **** /**
 190:Core/Src/stm32wbxx_hal_msp.c ****   * @brief IPCC MSP De-Initialization
 191:Core/Src/stm32wbxx_hal_msp.c ****   * This function freeze the hardware resources used in this example
 192:Core/Src/stm32wbxx_hal_msp.c ****   * @param hipcc: IPCC handle pointer
 193:Core/Src/stm32wbxx_hal_msp.c ****   * @retval None
 194:Core/Src/stm32wbxx_hal_msp.c ****   */
 195:Core/Src/stm32wbxx_hal_msp.c **** void HAL_IPCC_MspDeInit(IPCC_HandleTypeDef* hipcc)
 196:Core/Src/stm32wbxx_hal_msp.c **** {
 396              		.loc 1 196 1 is_stmt 1 view -0
 397              		.cfi_startproc
 398              		@ args = 0, pretend = 0, frame = 0
 399              		@ frame_needed = 0, uses_anonymous_args = 0
 400              		@ link register save eliminated.
 197:Core/Src/stm32wbxx_hal_msp.c ****   if(hipcc->Instance==IPCC)
 401              		.loc 1 197 3 view .LVU93
 402              		.loc 1 197 11 is_stmt 0 view .LVU94
 403 0000 0268     		ldr	r2, [r0]
 404              		.loc 1 197 5 view .LVU95
 405 0002 054B     		ldr	r3, .L32
 406 0004 9A42     		cmp	r2, r3
 407 0006 00D0     		beq	.L31
 408              	.L29:
 198:Core/Src/stm32wbxx_hal_msp.c ****   {
 199:Core/Src/stm32wbxx_hal_msp.c ****     /* USER CODE BEGIN IPCC_MspDeInit 0 */
 200:Core/Src/stm32wbxx_hal_msp.c **** 
 201:Core/Src/stm32wbxx_hal_msp.c ****     /* USER CODE END IPCC_MspDeInit 0 */
 202:Core/Src/stm32wbxx_hal_msp.c ****     /* Peripheral clock disable */
 203:Core/Src/stm32wbxx_hal_msp.c ****     __HAL_RCC_IPCC_CLK_DISABLE();
 204:Core/Src/stm32wbxx_hal_msp.c ****     /* USER CODE BEGIN IPCC_MspDeInit 1 */
 205:Core/Src/stm32wbxx_hal_msp.c **** 
 206:Core/Src/stm32wbxx_hal_msp.c ****     /* USER CODE END IPCC_MspDeInit 1 */
 207:Core/Src/stm32wbxx_hal_msp.c ****   }
 208:Core/Src/stm32wbxx_hal_msp.c **** 
 209:Core/Src/stm32wbxx_hal_msp.c **** }
 409              		.loc 1 209 1 view .LVU96
 410 0008 7047     		bx	lr
 411              	.L31:
 203:Core/Src/stm32wbxx_hal_msp.c ****     /* USER CODE BEGIN IPCC_MspDeInit 1 */
 412              		.loc 1 203 5 is_stmt 1 view .LVU97
 413              	.LVL28:
 414              	.LBB48:
 415              	.LBI48:
 798:Drivers/STM32WBxx_HAL_Driver/Inc/stm32wbxx_ll_bus.h **** {
 416              		.loc 2 798 22 view .LVU98
 417              	.LBB49:
 800:Drivers/STM32WBxx_HAL_Driver/Inc/stm32wbxx_ll_bus.h **** }
 418              		.loc 2 800 3 view .LVU99
 419 000a 4FF0B042 		mov	r2, #1476395008
 420 000e 136D     		ldr	r3, [r2, #80]
 421 0010 23F48013 		bic	r3, r3, #1048576
 422 0014 1365     		str	r3, [r2, #80]
 423              	.LVL29:
 800:Drivers/STM32WBxx_HAL_Driver/Inc/stm32wbxx_ll_bus.h **** }
 424              		.loc 2 800 3 is_stmt 0 view .LVU100
 425              	.LBE49:
 426              	.LBE48:
ARM GAS  /var/folders/98/ctz5mtps7w71v8dr53cf5qg40000gn/T//ccj9u44I.s 			page 31


 427              		.loc 1 209 1 view .LVU101
 428 0016 F7E7     		b	.L29
 429              	.L33:
 430              		.align	2
 431              	.L32:
 432 0018 000C0058 		.word	1476398080
 433              		.cfi_endproc
 434              	.LFE954:
 436              		.section	.text.HAL_SPI_MspInit,"ax",%progbits
 437              		.align	1
 438              		.global	HAL_SPI_MspInit
 439              		.syntax unified
 440              		.thumb
 441              		.thumb_func
 443              	HAL_SPI_MspInit:
 444              	.LVL30:
 445              	.LFB955:
 210:Core/Src/stm32wbxx_hal_msp.c **** 
 211:Core/Src/stm32wbxx_hal_msp.c **** /**
 212:Core/Src/stm32wbxx_hal_msp.c ****   * @brief SPI MSP Initialization
 213:Core/Src/stm32wbxx_hal_msp.c ****   * This function configures the hardware resources used in this example
 214:Core/Src/stm32wbxx_hal_msp.c ****   * @param hspi: SPI handle pointer
 215:Core/Src/stm32wbxx_hal_msp.c ****   * @retval None
 216:Core/Src/stm32wbxx_hal_msp.c ****   */
 217:Core/Src/stm32wbxx_hal_msp.c **** void HAL_SPI_MspInit(SPI_HandleTypeDef* hspi)
 218:Core/Src/stm32wbxx_hal_msp.c **** {
 446              		.loc 1 218 1 is_stmt 1 view -0
 447              		.cfi_startproc
 448              		@ args = 0, pretend = 0, frame = 32
 449              		@ frame_needed = 0, uses_anonymous_args = 0
 450              		.loc 1 218 1 is_stmt 0 view .LVU103
 451 0000 00B5     		push	{lr}
 452              	.LCFI10:
 453              		.cfi_def_cfa_offset 4
 454              		.cfi_offset 14, -4
 455 0002 89B0     		sub	sp, sp, #36
 456              	.LCFI11:
 457              		.cfi_def_cfa_offset 40
 219:Core/Src/stm32wbxx_hal_msp.c ****   GPIO_InitTypeDef GPIO_InitStruct = {0};
 458              		.loc 1 219 3 is_stmt 1 view .LVU104
 459              		.loc 1 219 20 is_stmt 0 view .LVU105
 460 0004 0023     		movs	r3, #0
 461 0006 0393     		str	r3, [sp, #12]
 462 0008 0493     		str	r3, [sp, #16]
 463 000a 0593     		str	r3, [sp, #20]
 464 000c 0693     		str	r3, [sp, #24]
 465 000e 0793     		str	r3, [sp, #28]
 220:Core/Src/stm32wbxx_hal_msp.c ****   if(hspi->Instance==SPI1)
 466              		.loc 1 220 3 is_stmt 1 view .LVU106
 467              		.loc 1 220 10 is_stmt 0 view .LVU107
 468 0010 0268     		ldr	r2, [r0]
 469              		.loc 1 220 5 view .LVU108
 470 0012 134B     		ldr	r3, .L38
 471 0014 9A42     		cmp	r2, r3
 472 0016 02D0     		beq	.L37
 473              	.LVL31:
 474              	.L34:
ARM GAS  /var/folders/98/ctz5mtps7w71v8dr53cf5qg40000gn/T//ccj9u44I.s 			page 32


 221:Core/Src/stm32wbxx_hal_msp.c ****   {
 222:Core/Src/stm32wbxx_hal_msp.c ****     /* USER CODE BEGIN SPI1_MspInit 0 */
 223:Core/Src/stm32wbxx_hal_msp.c **** 
 224:Core/Src/stm32wbxx_hal_msp.c ****     /* USER CODE END SPI1_MspInit 0 */
 225:Core/Src/stm32wbxx_hal_msp.c ****     /* Peripheral clock enable */
 226:Core/Src/stm32wbxx_hal_msp.c ****     __HAL_RCC_SPI1_CLK_ENABLE();
 227:Core/Src/stm32wbxx_hal_msp.c **** 
 228:Core/Src/stm32wbxx_hal_msp.c ****     __HAL_RCC_GPIOA_CLK_ENABLE();
 229:Core/Src/stm32wbxx_hal_msp.c ****     /**SPI1 GPIO Configuration
 230:Core/Src/stm32wbxx_hal_msp.c ****     PA5     ------> SPI1_SCK
 231:Core/Src/stm32wbxx_hal_msp.c ****     PA6     ------> SPI1_MISO
 232:Core/Src/stm32wbxx_hal_msp.c ****     PA7     ------> SPI1_MOSI
 233:Core/Src/stm32wbxx_hal_msp.c ****     */
 234:Core/Src/stm32wbxx_hal_msp.c ****     GPIO_InitStruct.Pin = GPIO_PIN_5|GPIO_PIN_6|GPIO_PIN_7;
 235:Core/Src/stm32wbxx_hal_msp.c ****     GPIO_InitStruct.Mode = GPIO_MODE_AF_PP;
 236:Core/Src/stm32wbxx_hal_msp.c ****     GPIO_InitStruct.Pull = GPIO_NOPULL;
 237:Core/Src/stm32wbxx_hal_msp.c ****     GPIO_InitStruct.Speed = GPIO_SPEED_FREQ_LOW;
 238:Core/Src/stm32wbxx_hal_msp.c ****     GPIO_InitStruct.Alternate = GPIO_AF5_SPI1;
 239:Core/Src/stm32wbxx_hal_msp.c ****     HAL_GPIO_Init(GPIOA, &GPIO_InitStruct);
 240:Core/Src/stm32wbxx_hal_msp.c **** 
 241:Core/Src/stm32wbxx_hal_msp.c ****     /* USER CODE BEGIN SPI1_MspInit 1 */
 242:Core/Src/stm32wbxx_hal_msp.c **** 
 243:Core/Src/stm32wbxx_hal_msp.c ****     /* USER CODE END SPI1_MspInit 1 */
 244:Core/Src/stm32wbxx_hal_msp.c **** 
 245:Core/Src/stm32wbxx_hal_msp.c ****   }
 246:Core/Src/stm32wbxx_hal_msp.c **** 
 247:Core/Src/stm32wbxx_hal_msp.c **** }
 475              		.loc 1 247 1 view .LVU109
 476 0018 09B0     		add	sp, sp, #36
 477              	.LCFI12:
 478              		.cfi_remember_state
 479              		.cfi_def_cfa_offset 4
 480              		@ sp needed
 481 001a 5DF804FB 		ldr	pc, [sp], #4
 482              	.LVL32:
 483              	.L37:
 484              	.LCFI13:
 485              		.cfi_restore_state
 226:Core/Src/stm32wbxx_hal_msp.c **** 
 486              		.loc 1 226 5 is_stmt 1 view .LVU110
 487              	.LBB50:
 488              	.LBI50:
1041:Drivers/STM32WBxx_HAL_Driver/Inc/stm32wbxx_ll_bus.h **** }
1042:Drivers/STM32WBxx_HAL_Driver/Inc/stm32wbxx_ll_bus.h **** 
1043:Drivers/STM32WBxx_HAL_Driver/Inc/stm32wbxx_ll_bus.h **** /**
1044:Drivers/STM32WBxx_HAL_Driver/Inc/stm32wbxx_ll_bus.h ****   * @brief  Disable APB1 peripherals clock.
1045:Drivers/STM32WBxx_HAL_Driver/Inc/stm32wbxx_ll_bus.h ****   * @rmtoll APB1ENR2     LPUART1EN     LL_APB1_GRP2_DisableClock\n
1046:Drivers/STM32WBxx_HAL_Driver/Inc/stm32wbxx_ll_bus.h ****   *         APB1ENR2     LPTIM2EN      LL_APB1_GRP2_DisableClock
1047:Drivers/STM32WBxx_HAL_Driver/Inc/stm32wbxx_ll_bus.h ****   * @param  Periphs This parameter can be a combination of the following values:
1048:Drivers/STM32WBxx_HAL_Driver/Inc/stm32wbxx_ll_bus.h ****   *         @arg @ref LL_APB1_GRP2_PERIPH_LPUART1 (*)
1049:Drivers/STM32WBxx_HAL_Driver/Inc/stm32wbxx_ll_bus.h ****   *         @arg @ref LL_APB1_GRP2_PERIPH_LPTIM2
1050:Drivers/STM32WBxx_HAL_Driver/Inc/stm32wbxx_ll_bus.h ****   * @note  (*) Not supported by all the devices
1051:Drivers/STM32WBxx_HAL_Driver/Inc/stm32wbxx_ll_bus.h ****   * @retval None
1052:Drivers/STM32WBxx_HAL_Driver/Inc/stm32wbxx_ll_bus.h ****   */
1053:Drivers/STM32WBxx_HAL_Driver/Inc/stm32wbxx_ll_bus.h **** __STATIC_INLINE void LL_APB1_GRP2_DisableClock(uint32_t Periphs)
1054:Drivers/STM32WBxx_HAL_Driver/Inc/stm32wbxx_ll_bus.h **** {
1055:Drivers/STM32WBxx_HAL_Driver/Inc/stm32wbxx_ll_bus.h ****   CLEAR_BIT(RCC->APB1ENR2, Periphs);
ARM GAS  /var/folders/98/ctz5mtps7w71v8dr53cf5qg40000gn/T//ccj9u44I.s 			page 33


1056:Drivers/STM32WBxx_HAL_Driver/Inc/stm32wbxx_ll_bus.h **** }
1057:Drivers/STM32WBxx_HAL_Driver/Inc/stm32wbxx_ll_bus.h **** 
1058:Drivers/STM32WBxx_HAL_Driver/Inc/stm32wbxx_ll_bus.h **** /**
1059:Drivers/STM32WBxx_HAL_Driver/Inc/stm32wbxx_ll_bus.h ****   * @brief  Force APB1 peripherals reset.
1060:Drivers/STM32WBxx_HAL_Driver/Inc/stm32wbxx_ll_bus.h ****   * @rmtoll APB1RSTR1    TIM2RST       LL_APB1_GRP1_ForceReset\n
1061:Drivers/STM32WBxx_HAL_Driver/Inc/stm32wbxx_ll_bus.h ****   *         APB1RSTR1    LCDRST        LL_APB1_GRP1_ForceReset\n
1062:Drivers/STM32WBxx_HAL_Driver/Inc/stm32wbxx_ll_bus.h ****   *         APB1RSTR1    SPI2RST       LL_APB1_GRP1_ForceReset\n
1063:Drivers/STM32WBxx_HAL_Driver/Inc/stm32wbxx_ll_bus.h ****   *         APB1RSTR1    I2C1RST       LL_APB1_GRP1_ForceReset\n
1064:Drivers/STM32WBxx_HAL_Driver/Inc/stm32wbxx_ll_bus.h ****   *         APB1RSTR1    I2C3RST       LL_APB1_GRP1_ForceReset\n
1065:Drivers/STM32WBxx_HAL_Driver/Inc/stm32wbxx_ll_bus.h ****   *         APB1RSTR1    CRSRST        LL_APB1_GRP1_ForceReset\n
1066:Drivers/STM32WBxx_HAL_Driver/Inc/stm32wbxx_ll_bus.h ****   *         APB1RSTR1    USBRST        LL_APB1_GRP1_ForceReset\n
1067:Drivers/STM32WBxx_HAL_Driver/Inc/stm32wbxx_ll_bus.h ****   *         APB1RSTR1    LPTIM1RST     LL_APB1_GRP1_ForceReset
1068:Drivers/STM32WBxx_HAL_Driver/Inc/stm32wbxx_ll_bus.h ****   * @param  Periphs This parameter can be a combination of the following values:
1069:Drivers/STM32WBxx_HAL_Driver/Inc/stm32wbxx_ll_bus.h ****   *         @arg @ref LL_APB1_GRP1_PERIPH_ALL
1070:Drivers/STM32WBxx_HAL_Driver/Inc/stm32wbxx_ll_bus.h ****   *         @arg @ref LL_APB1_GRP1_PERIPH_TIM2
1071:Drivers/STM32WBxx_HAL_Driver/Inc/stm32wbxx_ll_bus.h ****   *         @arg @ref LL_APB1_GRP1_PERIPH_LCD (*)
1072:Drivers/STM32WBxx_HAL_Driver/Inc/stm32wbxx_ll_bus.h ****   *         @arg @ref LL_APB1_GRP1_PERIPH_SPI2 (*)
1073:Drivers/STM32WBxx_HAL_Driver/Inc/stm32wbxx_ll_bus.h ****   *         @arg @ref LL_APB1_GRP1_PERIPH_I2C1
1074:Drivers/STM32WBxx_HAL_Driver/Inc/stm32wbxx_ll_bus.h ****   *         @arg @ref LL_APB1_GRP1_PERIPH_I2C3 (*)
1075:Drivers/STM32WBxx_HAL_Driver/Inc/stm32wbxx_ll_bus.h ****   *         @arg @ref LL_APB1_GRP1_PERIPH_CRS (*)
1076:Drivers/STM32WBxx_HAL_Driver/Inc/stm32wbxx_ll_bus.h ****   *         @arg @ref LL_APB1_GRP1_PERIPH_USB (*)
1077:Drivers/STM32WBxx_HAL_Driver/Inc/stm32wbxx_ll_bus.h ****   *         @arg @ref LL_APB1_GRP1_PERIPH_LPTIM1
1078:Drivers/STM32WBxx_HAL_Driver/Inc/stm32wbxx_ll_bus.h ****   * @note  (*) Not supported by all the devices
1079:Drivers/STM32WBxx_HAL_Driver/Inc/stm32wbxx_ll_bus.h ****   * @retval None
1080:Drivers/STM32WBxx_HAL_Driver/Inc/stm32wbxx_ll_bus.h ****   */
1081:Drivers/STM32WBxx_HAL_Driver/Inc/stm32wbxx_ll_bus.h **** __STATIC_INLINE void LL_APB1_GRP1_ForceReset(uint32_t Periphs)
1082:Drivers/STM32WBxx_HAL_Driver/Inc/stm32wbxx_ll_bus.h **** {
1083:Drivers/STM32WBxx_HAL_Driver/Inc/stm32wbxx_ll_bus.h ****   SET_BIT(RCC->APB1RSTR1, Periphs);
1084:Drivers/STM32WBxx_HAL_Driver/Inc/stm32wbxx_ll_bus.h **** }
1085:Drivers/STM32WBxx_HAL_Driver/Inc/stm32wbxx_ll_bus.h **** 
1086:Drivers/STM32WBxx_HAL_Driver/Inc/stm32wbxx_ll_bus.h **** /**
1087:Drivers/STM32WBxx_HAL_Driver/Inc/stm32wbxx_ll_bus.h ****   * @brief  Force APB1 peripherals reset.
1088:Drivers/STM32WBxx_HAL_Driver/Inc/stm32wbxx_ll_bus.h ****   * @rmtoll APB1RSTR2    LPUART1RST    LL_APB1_GRP2_ForceReset\n
1089:Drivers/STM32WBxx_HAL_Driver/Inc/stm32wbxx_ll_bus.h ****   *         APB1RSTR2    LPTIM2RST     LL_APB1_GRP2_ForceReset
1090:Drivers/STM32WBxx_HAL_Driver/Inc/stm32wbxx_ll_bus.h ****   * @param  Periphs This parameter can be a combination of the following values:
1091:Drivers/STM32WBxx_HAL_Driver/Inc/stm32wbxx_ll_bus.h ****   *         @arg @ref LL_APB1_GRP2_PERIPH_ALL
1092:Drivers/STM32WBxx_HAL_Driver/Inc/stm32wbxx_ll_bus.h ****   *         @arg @ref LL_APB1_GRP2_PERIPH_LPUART1 (*)
1093:Drivers/STM32WBxx_HAL_Driver/Inc/stm32wbxx_ll_bus.h ****   *         @arg @ref LL_APB1_GRP2_PERIPH_LPTIM2
1094:Drivers/STM32WBxx_HAL_Driver/Inc/stm32wbxx_ll_bus.h ****   * @note  (*) Not supported by all the devices
1095:Drivers/STM32WBxx_HAL_Driver/Inc/stm32wbxx_ll_bus.h ****   * @retval None
1096:Drivers/STM32WBxx_HAL_Driver/Inc/stm32wbxx_ll_bus.h ****   */
1097:Drivers/STM32WBxx_HAL_Driver/Inc/stm32wbxx_ll_bus.h **** __STATIC_INLINE void LL_APB1_GRP2_ForceReset(uint32_t Periphs)
1098:Drivers/STM32WBxx_HAL_Driver/Inc/stm32wbxx_ll_bus.h **** {
1099:Drivers/STM32WBxx_HAL_Driver/Inc/stm32wbxx_ll_bus.h ****   SET_BIT(RCC->APB1RSTR2, Periphs);
1100:Drivers/STM32WBxx_HAL_Driver/Inc/stm32wbxx_ll_bus.h **** }
1101:Drivers/STM32WBxx_HAL_Driver/Inc/stm32wbxx_ll_bus.h **** 
1102:Drivers/STM32WBxx_HAL_Driver/Inc/stm32wbxx_ll_bus.h **** /**
1103:Drivers/STM32WBxx_HAL_Driver/Inc/stm32wbxx_ll_bus.h ****   * @brief  Release APB1 peripherals reset.
1104:Drivers/STM32WBxx_HAL_Driver/Inc/stm32wbxx_ll_bus.h ****   * @rmtoll APB1RSTR1    TIM2RST       LL_APB1_GRP1_ReleaseReset\n
1105:Drivers/STM32WBxx_HAL_Driver/Inc/stm32wbxx_ll_bus.h ****   *         APB1RSTR1    LCDRST        LL_APB1_GRP1_ReleaseReset\n
1106:Drivers/STM32WBxx_HAL_Driver/Inc/stm32wbxx_ll_bus.h ****   *         APB1RSTR1    SPI2RST       LL_APB1_GRP1_ReleaseReset\n
1107:Drivers/STM32WBxx_HAL_Driver/Inc/stm32wbxx_ll_bus.h ****   *         APB1RSTR1    I2C1RST       LL_APB1_GRP1_ReleaseReset\n
1108:Drivers/STM32WBxx_HAL_Driver/Inc/stm32wbxx_ll_bus.h ****   *         APB1RSTR1    I2C3RST       LL_APB1_GRP1_ReleaseReset\n
1109:Drivers/STM32WBxx_HAL_Driver/Inc/stm32wbxx_ll_bus.h ****   *         APB1RSTR1    CRSRST        LL_APB1_GRP1_ReleaseReset\n
1110:Drivers/STM32WBxx_HAL_Driver/Inc/stm32wbxx_ll_bus.h ****   *         APB1RSTR1    USBRST        LL_APB1_GRP1_ReleaseReset\n
1111:Drivers/STM32WBxx_HAL_Driver/Inc/stm32wbxx_ll_bus.h ****   *         APB1RSTR1    LPTIM1RST     LL_APB1_GRP1_ReleaseReset
1112:Drivers/STM32WBxx_HAL_Driver/Inc/stm32wbxx_ll_bus.h ****   * @param  Periphs This parameter can be a combination of the following values:
ARM GAS  /var/folders/98/ctz5mtps7w71v8dr53cf5qg40000gn/T//ccj9u44I.s 			page 34


1113:Drivers/STM32WBxx_HAL_Driver/Inc/stm32wbxx_ll_bus.h ****   *         @arg @ref LL_APB1_GRP1_PERIPH_ALL
1114:Drivers/STM32WBxx_HAL_Driver/Inc/stm32wbxx_ll_bus.h ****   *         @arg @ref LL_APB1_GRP1_PERIPH_TIM2
1115:Drivers/STM32WBxx_HAL_Driver/Inc/stm32wbxx_ll_bus.h ****   *         @arg @ref LL_APB1_GRP1_PERIPH_LCD (*)
1116:Drivers/STM32WBxx_HAL_Driver/Inc/stm32wbxx_ll_bus.h ****   *         @arg @ref LL_APB1_GRP1_PERIPH_SPI2 (*)
1117:Drivers/STM32WBxx_HAL_Driver/Inc/stm32wbxx_ll_bus.h ****   *         @arg @ref LL_APB1_GRP1_PERIPH_I2C1
1118:Drivers/STM32WBxx_HAL_Driver/Inc/stm32wbxx_ll_bus.h ****   *         @arg @ref LL_APB1_GRP1_PERIPH_I2C3 (*)
1119:Drivers/STM32WBxx_HAL_Driver/Inc/stm32wbxx_ll_bus.h ****   *         @arg @ref LL_APB1_GRP1_PERIPH_CRS (*)
1120:Drivers/STM32WBxx_HAL_Driver/Inc/stm32wbxx_ll_bus.h ****   *         @arg @ref LL_APB1_GRP1_PERIPH_USB (*)
1121:Drivers/STM32WBxx_HAL_Driver/Inc/stm32wbxx_ll_bus.h ****   *         @arg @ref LL_APB1_GRP1_PERIPH_LPTIM1
1122:Drivers/STM32WBxx_HAL_Driver/Inc/stm32wbxx_ll_bus.h ****   * @note  (*) Not supported by all the devices
1123:Drivers/STM32WBxx_HAL_Driver/Inc/stm32wbxx_ll_bus.h ****   * @retval None
1124:Drivers/STM32WBxx_HAL_Driver/Inc/stm32wbxx_ll_bus.h ****   */
1125:Drivers/STM32WBxx_HAL_Driver/Inc/stm32wbxx_ll_bus.h **** __STATIC_INLINE void LL_APB1_GRP1_ReleaseReset(uint32_t Periphs)
1126:Drivers/STM32WBxx_HAL_Driver/Inc/stm32wbxx_ll_bus.h **** {
1127:Drivers/STM32WBxx_HAL_Driver/Inc/stm32wbxx_ll_bus.h ****   CLEAR_BIT(RCC->APB1RSTR1, Periphs);
1128:Drivers/STM32WBxx_HAL_Driver/Inc/stm32wbxx_ll_bus.h **** }
1129:Drivers/STM32WBxx_HAL_Driver/Inc/stm32wbxx_ll_bus.h **** 
1130:Drivers/STM32WBxx_HAL_Driver/Inc/stm32wbxx_ll_bus.h **** /**
1131:Drivers/STM32WBxx_HAL_Driver/Inc/stm32wbxx_ll_bus.h ****   * @brief  Release APB1 peripherals reset.
1132:Drivers/STM32WBxx_HAL_Driver/Inc/stm32wbxx_ll_bus.h ****   * @rmtoll APB1RSTR2    LPUART1RST    LL_APB1_GRP2_ReleaseReset\n
1133:Drivers/STM32WBxx_HAL_Driver/Inc/stm32wbxx_ll_bus.h ****   *         APB1RSTR2    LPTIM2RST     LL_APB1_GRP2_ReleaseReset
1134:Drivers/STM32WBxx_HAL_Driver/Inc/stm32wbxx_ll_bus.h ****   * @param  Periphs This parameter can be a combination of the following values:
1135:Drivers/STM32WBxx_HAL_Driver/Inc/stm32wbxx_ll_bus.h ****   *         @arg @ref LL_APB1_GRP2_PERIPH_ALL
1136:Drivers/STM32WBxx_HAL_Driver/Inc/stm32wbxx_ll_bus.h ****   *         @arg @ref LL_APB1_GRP2_PERIPH_LPUART1 (*)
1137:Drivers/STM32WBxx_HAL_Driver/Inc/stm32wbxx_ll_bus.h ****   *         @arg @ref LL_APB1_GRP2_PERIPH_LPTIM2
1138:Drivers/STM32WBxx_HAL_Driver/Inc/stm32wbxx_ll_bus.h ****   * @note  (*) Not supported by all the devices
1139:Drivers/STM32WBxx_HAL_Driver/Inc/stm32wbxx_ll_bus.h ****   * @retval None
1140:Drivers/STM32WBxx_HAL_Driver/Inc/stm32wbxx_ll_bus.h ****   */
1141:Drivers/STM32WBxx_HAL_Driver/Inc/stm32wbxx_ll_bus.h **** __STATIC_INLINE void LL_APB1_GRP2_ReleaseReset(uint32_t Periphs)
1142:Drivers/STM32WBxx_HAL_Driver/Inc/stm32wbxx_ll_bus.h **** {
1143:Drivers/STM32WBxx_HAL_Driver/Inc/stm32wbxx_ll_bus.h ****   CLEAR_BIT(RCC->APB1RSTR2, Periphs);
1144:Drivers/STM32WBxx_HAL_Driver/Inc/stm32wbxx_ll_bus.h **** }
1145:Drivers/STM32WBxx_HAL_Driver/Inc/stm32wbxx_ll_bus.h **** 
1146:Drivers/STM32WBxx_HAL_Driver/Inc/stm32wbxx_ll_bus.h **** /**
1147:Drivers/STM32WBxx_HAL_Driver/Inc/stm32wbxx_ll_bus.h ****   * @brief  Enable APB1 peripherals clock during Low Power (Sleep) mode.
1148:Drivers/STM32WBxx_HAL_Driver/Inc/stm32wbxx_ll_bus.h ****   * @rmtoll APB1SMENR1   TIM2SMEN      LL_APB1_GRP1_EnableClockSleep\n
1149:Drivers/STM32WBxx_HAL_Driver/Inc/stm32wbxx_ll_bus.h ****   *         APB1SMENR1   LCDSMEN       LL_APB1_GRP1_EnableClockSleep\n
1150:Drivers/STM32WBxx_HAL_Driver/Inc/stm32wbxx_ll_bus.h ****   *         APB1SMENR1   RTCAPBSMEN    LL_APB1_GRP1_EnableClockSleep\n
1151:Drivers/STM32WBxx_HAL_Driver/Inc/stm32wbxx_ll_bus.h ****   *         APB1SMENR1   WWDGSMEN      LL_APB1_GRP1_EnableClockSleep\n
1152:Drivers/STM32WBxx_HAL_Driver/Inc/stm32wbxx_ll_bus.h ****   *         APB1SMENR1   SPI2SMEN      LL_APB1_GRP1_EnableClockSleep\n
1153:Drivers/STM32WBxx_HAL_Driver/Inc/stm32wbxx_ll_bus.h ****   *         APB1SMENR1   I2C1SMEN      LL_APB1_GRP1_EnableClockSleep\n
1154:Drivers/STM32WBxx_HAL_Driver/Inc/stm32wbxx_ll_bus.h ****   *         APB1SMENR1   I2C3SMEN      LL_APB1_GRP1_EnableClockSleep\n
1155:Drivers/STM32WBxx_HAL_Driver/Inc/stm32wbxx_ll_bus.h ****   *         APB1SMENR1   CRSSMEN       LL_APB1_GRP1_EnableClockSleep\n
1156:Drivers/STM32WBxx_HAL_Driver/Inc/stm32wbxx_ll_bus.h ****   *         APB1SMENR1   USBSMEN       LL_APB1_GRP1_EnableClockSleep\n
1157:Drivers/STM32WBxx_HAL_Driver/Inc/stm32wbxx_ll_bus.h ****   *         APB1SMENR1   LPTIM1SMEN    LL_APB1_GRP1_EnableClockSleep
1158:Drivers/STM32WBxx_HAL_Driver/Inc/stm32wbxx_ll_bus.h ****   * @param  Periphs This parameter can be a combination of the following values:
1159:Drivers/STM32WBxx_HAL_Driver/Inc/stm32wbxx_ll_bus.h ****   *         @arg @ref LL_APB1_GRP1_PERIPH_TIM2
1160:Drivers/STM32WBxx_HAL_Driver/Inc/stm32wbxx_ll_bus.h ****   *         @arg @ref LL_APB1_GRP1_PERIPH_LCD (*)
1161:Drivers/STM32WBxx_HAL_Driver/Inc/stm32wbxx_ll_bus.h ****   *         @arg @ref LL_APB1_GRP1_PERIPH_RTCAPB
1162:Drivers/STM32WBxx_HAL_Driver/Inc/stm32wbxx_ll_bus.h ****   *         @arg @ref LL_APB1_GRP1_PERIPH_WWDG
1163:Drivers/STM32WBxx_HAL_Driver/Inc/stm32wbxx_ll_bus.h ****   *         @arg @ref LL_APB1_GRP1_PERIPH_SPI2 (*)
1164:Drivers/STM32WBxx_HAL_Driver/Inc/stm32wbxx_ll_bus.h ****   *         @arg @ref LL_APB1_GRP1_PERIPH_I2C1
1165:Drivers/STM32WBxx_HAL_Driver/Inc/stm32wbxx_ll_bus.h ****   *         @arg @ref LL_APB1_GRP1_PERIPH_I2C3 (*)
1166:Drivers/STM32WBxx_HAL_Driver/Inc/stm32wbxx_ll_bus.h ****   *         @arg @ref LL_APB1_GRP1_PERIPH_CRS (*)
1167:Drivers/STM32WBxx_HAL_Driver/Inc/stm32wbxx_ll_bus.h ****   *         @arg @ref LL_APB1_GRP1_PERIPH_USB (*)
1168:Drivers/STM32WBxx_HAL_Driver/Inc/stm32wbxx_ll_bus.h ****   *         @arg @ref LL_APB1_GRP1_PERIPH_LPTIM1
1169:Drivers/STM32WBxx_HAL_Driver/Inc/stm32wbxx_ll_bus.h ****   * @note  (*) Not supported by all the devices
ARM GAS  /var/folders/98/ctz5mtps7w71v8dr53cf5qg40000gn/T//ccj9u44I.s 			page 35


1170:Drivers/STM32WBxx_HAL_Driver/Inc/stm32wbxx_ll_bus.h ****   * @retval None
1171:Drivers/STM32WBxx_HAL_Driver/Inc/stm32wbxx_ll_bus.h ****   */
1172:Drivers/STM32WBxx_HAL_Driver/Inc/stm32wbxx_ll_bus.h **** __STATIC_INLINE void LL_APB1_GRP1_EnableClockSleep(uint32_t Periphs)
1173:Drivers/STM32WBxx_HAL_Driver/Inc/stm32wbxx_ll_bus.h **** {
1174:Drivers/STM32WBxx_HAL_Driver/Inc/stm32wbxx_ll_bus.h ****   __IO uint32_t tmpreg;
1175:Drivers/STM32WBxx_HAL_Driver/Inc/stm32wbxx_ll_bus.h ****   SET_BIT(RCC->APB1SMENR1, Periphs);
1176:Drivers/STM32WBxx_HAL_Driver/Inc/stm32wbxx_ll_bus.h ****   /* Delay after an RCC peripheral clock enabling */
1177:Drivers/STM32WBxx_HAL_Driver/Inc/stm32wbxx_ll_bus.h ****   tmpreg = READ_BIT(RCC->APB1SMENR1, Periphs);
1178:Drivers/STM32WBxx_HAL_Driver/Inc/stm32wbxx_ll_bus.h ****   (void)tmpreg;
1179:Drivers/STM32WBxx_HAL_Driver/Inc/stm32wbxx_ll_bus.h **** }
1180:Drivers/STM32WBxx_HAL_Driver/Inc/stm32wbxx_ll_bus.h **** 
1181:Drivers/STM32WBxx_HAL_Driver/Inc/stm32wbxx_ll_bus.h **** /**
1182:Drivers/STM32WBxx_HAL_Driver/Inc/stm32wbxx_ll_bus.h ****   * @brief  Enable APB1 peripherals clock during Low Power (Sleep) mode.
1183:Drivers/STM32WBxx_HAL_Driver/Inc/stm32wbxx_ll_bus.h ****   * @rmtoll APB1SMENR2   LPUART1SMEN   LL_APB1_GRP2_EnableClockSleep\n
1184:Drivers/STM32WBxx_HAL_Driver/Inc/stm32wbxx_ll_bus.h ****   *         APB1SMENR2   LPTIM2SMEN    LL_APB1_GRP2_EnableClockSleep
1185:Drivers/STM32WBxx_HAL_Driver/Inc/stm32wbxx_ll_bus.h ****   * @param  Periphs This parameter can be a combination of the following values:
1186:Drivers/STM32WBxx_HAL_Driver/Inc/stm32wbxx_ll_bus.h ****   *         @arg @ref LL_APB1_GRP2_PERIPH_LPUART1 (*)
1187:Drivers/STM32WBxx_HAL_Driver/Inc/stm32wbxx_ll_bus.h ****   *         @arg @ref LL_APB1_GRP2_PERIPH_LPTIM2
1188:Drivers/STM32WBxx_HAL_Driver/Inc/stm32wbxx_ll_bus.h ****   * @note  (*) Not supported by all the devices
1189:Drivers/STM32WBxx_HAL_Driver/Inc/stm32wbxx_ll_bus.h ****   * @retval None
1190:Drivers/STM32WBxx_HAL_Driver/Inc/stm32wbxx_ll_bus.h ****   */
1191:Drivers/STM32WBxx_HAL_Driver/Inc/stm32wbxx_ll_bus.h **** __STATIC_INLINE void LL_APB1_GRP2_EnableClockSleep(uint32_t Periphs)
1192:Drivers/STM32WBxx_HAL_Driver/Inc/stm32wbxx_ll_bus.h **** {
1193:Drivers/STM32WBxx_HAL_Driver/Inc/stm32wbxx_ll_bus.h ****   __IO uint32_t tmpreg;
1194:Drivers/STM32WBxx_HAL_Driver/Inc/stm32wbxx_ll_bus.h ****   SET_BIT(RCC->APB1SMENR2, Periphs);
1195:Drivers/STM32WBxx_HAL_Driver/Inc/stm32wbxx_ll_bus.h ****   /* Delay after an RCC peripheral clock enabling */
1196:Drivers/STM32WBxx_HAL_Driver/Inc/stm32wbxx_ll_bus.h ****   tmpreg = READ_BIT(RCC->APB1SMENR2, Periphs);
1197:Drivers/STM32WBxx_HAL_Driver/Inc/stm32wbxx_ll_bus.h ****   (void)tmpreg;
1198:Drivers/STM32WBxx_HAL_Driver/Inc/stm32wbxx_ll_bus.h **** }
1199:Drivers/STM32WBxx_HAL_Driver/Inc/stm32wbxx_ll_bus.h **** 
1200:Drivers/STM32WBxx_HAL_Driver/Inc/stm32wbxx_ll_bus.h **** /**
1201:Drivers/STM32WBxx_HAL_Driver/Inc/stm32wbxx_ll_bus.h ****   * @brief  Disable APB1 peripherals clock during Low Power (Sleep) mode.
1202:Drivers/STM32WBxx_HAL_Driver/Inc/stm32wbxx_ll_bus.h ****   * @rmtoll APB1SMENR1   TIM2SMEN      LL_APB1_GRP1_DisableClockSleep\n
1203:Drivers/STM32WBxx_HAL_Driver/Inc/stm32wbxx_ll_bus.h ****   *         APB1SMENR1   LCDSMEN       LL_APB1_GRP1_DisableClockSleep\n
1204:Drivers/STM32WBxx_HAL_Driver/Inc/stm32wbxx_ll_bus.h ****   *         APB1SMENR1   RTCAPBSMEN    LL_APB1_GRP1_DisableClockSleep\n
1205:Drivers/STM32WBxx_HAL_Driver/Inc/stm32wbxx_ll_bus.h ****   *         APB1SMENR1   WWDGSMEN      LL_APB1_GRP1_DisableClockSleep\n
1206:Drivers/STM32WBxx_HAL_Driver/Inc/stm32wbxx_ll_bus.h ****   *         APB1SMENR1   SPI2SMEN      LL_APB1_GRP1_DisableClockSleep\n
1207:Drivers/STM32WBxx_HAL_Driver/Inc/stm32wbxx_ll_bus.h ****   *         APB1SMENR1   I2C1SMEN      LL_APB1_GRP1_DisableClockSleep\n
1208:Drivers/STM32WBxx_HAL_Driver/Inc/stm32wbxx_ll_bus.h ****   *         APB1SMENR1   I2C3SMEN      LL_APB1_GRP1_DisableClockSleep\n
1209:Drivers/STM32WBxx_HAL_Driver/Inc/stm32wbxx_ll_bus.h ****   *         APB1SMENR1   CRSSMEN       LL_APB1_GRP1_DisableClockSleep\n
1210:Drivers/STM32WBxx_HAL_Driver/Inc/stm32wbxx_ll_bus.h ****   *         APB1SMENR1   USBSMEN       LL_APB1_GRP1_DisableClockSleep\n
1211:Drivers/STM32WBxx_HAL_Driver/Inc/stm32wbxx_ll_bus.h ****   *         APB1SMENR1   LPTIM1SMEN    LL_APB1_GRP1_DisableClockSleep
1212:Drivers/STM32WBxx_HAL_Driver/Inc/stm32wbxx_ll_bus.h ****   * @param  Periphs This parameter can be a combination of the following values:
1213:Drivers/STM32WBxx_HAL_Driver/Inc/stm32wbxx_ll_bus.h ****   *         @arg @ref LL_APB1_GRP1_PERIPH_TIM2
1214:Drivers/STM32WBxx_HAL_Driver/Inc/stm32wbxx_ll_bus.h ****   *         @arg @ref LL_APB1_GRP1_PERIPH_LCD (*)
1215:Drivers/STM32WBxx_HAL_Driver/Inc/stm32wbxx_ll_bus.h ****   *         @arg @ref LL_APB1_GRP1_PERIPH_RTCAPB
1216:Drivers/STM32WBxx_HAL_Driver/Inc/stm32wbxx_ll_bus.h ****   *         @arg @ref LL_APB1_GRP1_PERIPH_WWDG
1217:Drivers/STM32WBxx_HAL_Driver/Inc/stm32wbxx_ll_bus.h ****   *         @arg @ref LL_APB1_GRP1_PERIPH_SPI2 (*)
1218:Drivers/STM32WBxx_HAL_Driver/Inc/stm32wbxx_ll_bus.h ****   *         @arg @ref LL_APB1_GRP1_PERIPH_I2C1
1219:Drivers/STM32WBxx_HAL_Driver/Inc/stm32wbxx_ll_bus.h ****   *         @arg @ref LL_APB1_GRP1_PERIPH_I2C3 (*)
1220:Drivers/STM32WBxx_HAL_Driver/Inc/stm32wbxx_ll_bus.h ****   *         @arg @ref LL_APB1_GRP1_PERIPH_CRS (*)
1221:Drivers/STM32WBxx_HAL_Driver/Inc/stm32wbxx_ll_bus.h ****   *         @arg @ref LL_APB1_GRP1_PERIPH_USB (*)
1222:Drivers/STM32WBxx_HAL_Driver/Inc/stm32wbxx_ll_bus.h ****   *         @arg @ref LL_APB1_GRP1_PERIPH_LPTIM1
1223:Drivers/STM32WBxx_HAL_Driver/Inc/stm32wbxx_ll_bus.h ****   * @note  (*) Not supported by all the devices
1224:Drivers/STM32WBxx_HAL_Driver/Inc/stm32wbxx_ll_bus.h ****   * @retval None
1225:Drivers/STM32WBxx_HAL_Driver/Inc/stm32wbxx_ll_bus.h ****   */
1226:Drivers/STM32WBxx_HAL_Driver/Inc/stm32wbxx_ll_bus.h **** __STATIC_INLINE void LL_APB1_GRP1_DisableClockSleep(uint32_t Periphs)
ARM GAS  /var/folders/98/ctz5mtps7w71v8dr53cf5qg40000gn/T//ccj9u44I.s 			page 36


1227:Drivers/STM32WBxx_HAL_Driver/Inc/stm32wbxx_ll_bus.h **** {
1228:Drivers/STM32WBxx_HAL_Driver/Inc/stm32wbxx_ll_bus.h ****   CLEAR_BIT(RCC->APB1SMENR1, Periphs);
1229:Drivers/STM32WBxx_HAL_Driver/Inc/stm32wbxx_ll_bus.h **** }
1230:Drivers/STM32WBxx_HAL_Driver/Inc/stm32wbxx_ll_bus.h **** 
1231:Drivers/STM32WBxx_HAL_Driver/Inc/stm32wbxx_ll_bus.h **** /**
1232:Drivers/STM32WBxx_HAL_Driver/Inc/stm32wbxx_ll_bus.h ****   * @brief  Disable APB1 peripherals clock during Low Power (Sleep) mode.
1233:Drivers/STM32WBxx_HAL_Driver/Inc/stm32wbxx_ll_bus.h ****   * @rmtoll APB1SMENR2   LPUART1SMEN   LL_APB1_GRP2_DisableClockSleep\n
1234:Drivers/STM32WBxx_HAL_Driver/Inc/stm32wbxx_ll_bus.h ****   *         APB1SMENR2   LPTIM2SMEN    LL_APB1_GRP2_DisableClockSleep
1235:Drivers/STM32WBxx_HAL_Driver/Inc/stm32wbxx_ll_bus.h ****   * @param  Periphs This parameter can be a combination of the following values:
1236:Drivers/STM32WBxx_HAL_Driver/Inc/stm32wbxx_ll_bus.h ****   *         @arg @ref LL_APB1_GRP2_PERIPH_LPUART1 (*)
1237:Drivers/STM32WBxx_HAL_Driver/Inc/stm32wbxx_ll_bus.h ****   *         @arg @ref LL_APB1_GRP2_PERIPH_LPTIM2
1238:Drivers/STM32WBxx_HAL_Driver/Inc/stm32wbxx_ll_bus.h ****   * @note  (*) Not supported by all the devices
1239:Drivers/STM32WBxx_HAL_Driver/Inc/stm32wbxx_ll_bus.h ****   * @retval None
1240:Drivers/STM32WBxx_HAL_Driver/Inc/stm32wbxx_ll_bus.h ****   */
1241:Drivers/STM32WBxx_HAL_Driver/Inc/stm32wbxx_ll_bus.h **** __STATIC_INLINE void LL_APB1_GRP2_DisableClockSleep(uint32_t Periphs)
1242:Drivers/STM32WBxx_HAL_Driver/Inc/stm32wbxx_ll_bus.h **** {
1243:Drivers/STM32WBxx_HAL_Driver/Inc/stm32wbxx_ll_bus.h ****   CLEAR_BIT(RCC->APB1SMENR2, Periphs);
1244:Drivers/STM32WBxx_HAL_Driver/Inc/stm32wbxx_ll_bus.h **** }
1245:Drivers/STM32WBxx_HAL_Driver/Inc/stm32wbxx_ll_bus.h **** 
1246:Drivers/STM32WBxx_HAL_Driver/Inc/stm32wbxx_ll_bus.h **** /**
1247:Drivers/STM32WBxx_HAL_Driver/Inc/stm32wbxx_ll_bus.h ****   * @}
1248:Drivers/STM32WBxx_HAL_Driver/Inc/stm32wbxx_ll_bus.h ****   */
1249:Drivers/STM32WBxx_HAL_Driver/Inc/stm32wbxx_ll_bus.h **** 
1250:Drivers/STM32WBxx_HAL_Driver/Inc/stm32wbxx_ll_bus.h **** /** @defgroup BUS_LL_EF_APB2 APB2
1251:Drivers/STM32WBxx_HAL_Driver/Inc/stm32wbxx_ll_bus.h ****   * @{
1252:Drivers/STM32WBxx_HAL_Driver/Inc/stm32wbxx_ll_bus.h ****   */
1253:Drivers/STM32WBxx_HAL_Driver/Inc/stm32wbxx_ll_bus.h **** 
1254:Drivers/STM32WBxx_HAL_Driver/Inc/stm32wbxx_ll_bus.h **** /**
1255:Drivers/STM32WBxx_HAL_Driver/Inc/stm32wbxx_ll_bus.h ****   * @brief  Enable APB2 peripherals clock.
1256:Drivers/STM32WBxx_HAL_Driver/Inc/stm32wbxx_ll_bus.h ****   * @rmtoll APB2ENR      ADCEN         LL_APB2_GRP1_EnableClock\n
1257:Drivers/STM32WBxx_HAL_Driver/Inc/stm32wbxx_ll_bus.h ****   *         APB2ENR      TIM1EN        LL_APB2_GRP1_EnableClock\n
1258:Drivers/STM32WBxx_HAL_Driver/Inc/stm32wbxx_ll_bus.h ****   *         APB2ENR      SPI1EN        LL_APB2_GRP1_EnableClock\n
1259:Drivers/STM32WBxx_HAL_Driver/Inc/stm32wbxx_ll_bus.h ****   *         APB2ENR      USART1EN      LL_APB2_GRP1_EnableClock\n
1260:Drivers/STM32WBxx_HAL_Driver/Inc/stm32wbxx_ll_bus.h ****   *         APB2ENR      TIM16EN       LL_APB2_GRP1_EnableClock\n
1261:Drivers/STM32WBxx_HAL_Driver/Inc/stm32wbxx_ll_bus.h ****   *         APB2ENR      TIM17EN       LL_APB2_GRP1_EnableClock\n
1262:Drivers/STM32WBxx_HAL_Driver/Inc/stm32wbxx_ll_bus.h ****   *         APB2ENR      SAI1EN        LL_APB2_GRP1_EnableClock
1263:Drivers/STM32WBxx_HAL_Driver/Inc/stm32wbxx_ll_bus.h ****   * @param  Periphs This parameter can be a combination of the following values:
1264:Drivers/STM32WBxx_HAL_Driver/Inc/stm32wbxx_ll_bus.h ****   *         @arg @ref LL_APB2_GRP1_PERIPH_ADC (*)
1265:Drivers/STM32WBxx_HAL_Driver/Inc/stm32wbxx_ll_bus.h ****   *         @arg @ref LL_APB2_GRP1_PERIPH_TIM1
1266:Drivers/STM32WBxx_HAL_Driver/Inc/stm32wbxx_ll_bus.h ****   *         @arg @ref LL_APB2_GRP1_PERIPH_SPI1
1267:Drivers/STM32WBxx_HAL_Driver/Inc/stm32wbxx_ll_bus.h ****   *         @arg @ref LL_APB2_GRP1_PERIPH_USART1
1268:Drivers/STM32WBxx_HAL_Driver/Inc/stm32wbxx_ll_bus.h ****   *         @arg @ref LL_APB2_GRP1_PERIPH_TIM16 (*)
1269:Drivers/STM32WBxx_HAL_Driver/Inc/stm32wbxx_ll_bus.h ****   *         @arg @ref LL_APB2_GRP1_PERIPH_TIM17 (*)
1270:Drivers/STM32WBxx_HAL_Driver/Inc/stm32wbxx_ll_bus.h ****   *         @arg @ref LL_APB2_GRP1_PERIPH_SAI1 (*)
1271:Drivers/STM32WBxx_HAL_Driver/Inc/stm32wbxx_ll_bus.h ****   * @note  (*) Not supported by all the devices
1272:Drivers/STM32WBxx_HAL_Driver/Inc/stm32wbxx_ll_bus.h ****   * @retval None
1273:Drivers/STM32WBxx_HAL_Driver/Inc/stm32wbxx_ll_bus.h ****   */
1274:Drivers/STM32WBxx_HAL_Driver/Inc/stm32wbxx_ll_bus.h **** __STATIC_INLINE void LL_APB2_GRP1_EnableClock(uint32_t Periphs)
 489              		.loc 2 1274 22 view .LVU111
 490              	.LBB51:
1275:Drivers/STM32WBxx_HAL_Driver/Inc/stm32wbxx_ll_bus.h **** {
1276:Drivers/STM32WBxx_HAL_Driver/Inc/stm32wbxx_ll_bus.h ****   __IO uint32_t tmpreg;
 491              		.loc 2 1276 3 view .LVU112
1277:Drivers/STM32WBxx_HAL_Driver/Inc/stm32wbxx_ll_bus.h ****   SET_BIT(RCC->APB2ENR, Periphs);
 492              		.loc 2 1277 3 view .LVU113
 493 001e 4FF0B043 		mov	r3, #1476395008
 494 0022 1A6E     		ldr	r2, [r3, #96]
ARM GAS  /var/folders/98/ctz5mtps7w71v8dr53cf5qg40000gn/T//ccj9u44I.s 			page 37


 495 0024 42F48052 		orr	r2, r2, #4096
 496 0028 1A66     		str	r2, [r3, #96]
1278:Drivers/STM32WBxx_HAL_Driver/Inc/stm32wbxx_ll_bus.h ****   /* Delay after an RCC peripheral clock enabling */
1279:Drivers/STM32WBxx_HAL_Driver/Inc/stm32wbxx_ll_bus.h ****   tmpreg = READ_BIT(RCC->APB2ENR, Periphs);
 497              		.loc 2 1279 3 view .LVU114
 498              		.loc 2 1279 12 is_stmt 0 view .LVU115
 499 002a 1A6E     		ldr	r2, [r3, #96]
 500 002c 02F48052 		and	r2, r2, #4096
 501              		.loc 2 1279 10 view .LVU116
 502 0030 0292     		str	r2, [sp, #8]
1280:Drivers/STM32WBxx_HAL_Driver/Inc/stm32wbxx_ll_bus.h ****   (void)tmpreg;
 503              		.loc 2 1280 3 is_stmt 1 view .LVU117
 504 0032 029A     		ldr	r2, [sp, #8]
 505              	.LVL33:
 506              		.loc 2 1280 3 is_stmt 0 view .LVU118
 507              	.LBE51:
 508              	.LBE50:
 228:Core/Src/stm32wbxx_hal_msp.c ****     /**SPI1 GPIO Configuration
 509              		.loc 1 228 5 is_stmt 1 view .LVU119
 510              	.LBB52:
 511              	.LBI52:
 539:Drivers/STM32WBxx_HAL_Driver/Inc/stm32wbxx_ll_bus.h **** {
 512              		.loc 2 539 22 view .LVU120
 513              	.LBB53:
 541:Drivers/STM32WBxx_HAL_Driver/Inc/stm32wbxx_ll_bus.h ****   SET_BIT(RCC->AHB2ENR, Periphs);
 514              		.loc 2 541 3 view .LVU121
 542:Drivers/STM32WBxx_HAL_Driver/Inc/stm32wbxx_ll_bus.h ****   /* Delay after an RCC peripheral clock enabling */
 515              		.loc 2 542 3 view .LVU122
 516 0034 DA6C     		ldr	r2, [r3, #76]
 517 0036 42F00102 		orr	r2, r2, #1
 518 003a DA64     		str	r2, [r3, #76]
 544:Drivers/STM32WBxx_HAL_Driver/Inc/stm32wbxx_ll_bus.h ****   (void)tmpreg;
 519              		.loc 2 544 3 view .LVU123
 544:Drivers/STM32WBxx_HAL_Driver/Inc/stm32wbxx_ll_bus.h ****   (void)tmpreg;
 520              		.loc 2 544 12 is_stmt 0 view .LVU124
 521 003c DB6C     		ldr	r3, [r3, #76]
 522 003e 03F00103 		and	r3, r3, #1
 544:Drivers/STM32WBxx_HAL_Driver/Inc/stm32wbxx_ll_bus.h ****   (void)tmpreg;
 523              		.loc 2 544 10 view .LVU125
 524 0042 0193     		str	r3, [sp, #4]
 545:Drivers/STM32WBxx_HAL_Driver/Inc/stm32wbxx_ll_bus.h **** }
 525              		.loc 2 545 3 is_stmt 1 view .LVU126
 526 0044 019B     		ldr	r3, [sp, #4]
 527              	.LVL34:
 545:Drivers/STM32WBxx_HAL_Driver/Inc/stm32wbxx_ll_bus.h **** }
 528              		.loc 2 545 3 is_stmt 0 view .LVU127
 529              	.LBE53:
 530              	.LBE52:
 234:Core/Src/stm32wbxx_hal_msp.c ****     GPIO_InitStruct.Mode = GPIO_MODE_AF_PP;
 531              		.loc 1 234 5 is_stmt 1 view .LVU128
 234:Core/Src/stm32wbxx_hal_msp.c ****     GPIO_InitStruct.Mode = GPIO_MODE_AF_PP;
 532              		.loc 1 234 25 is_stmt 0 view .LVU129
 533 0046 E023     		movs	r3, #224
 534 0048 0393     		str	r3, [sp, #12]
 235:Core/Src/stm32wbxx_hal_msp.c ****     GPIO_InitStruct.Pull = GPIO_NOPULL;
 535              		.loc 1 235 5 is_stmt 1 view .LVU130
 235:Core/Src/stm32wbxx_hal_msp.c ****     GPIO_InitStruct.Pull = GPIO_NOPULL;
ARM GAS  /var/folders/98/ctz5mtps7w71v8dr53cf5qg40000gn/T//ccj9u44I.s 			page 38


 536              		.loc 1 235 26 is_stmt 0 view .LVU131
 537 004a 0223     		movs	r3, #2
 538 004c 0493     		str	r3, [sp, #16]
 236:Core/Src/stm32wbxx_hal_msp.c ****     GPIO_InitStruct.Speed = GPIO_SPEED_FREQ_LOW;
 539              		.loc 1 236 5 is_stmt 1 view .LVU132
 237:Core/Src/stm32wbxx_hal_msp.c ****     GPIO_InitStruct.Alternate = GPIO_AF5_SPI1;
 540              		.loc 1 237 5 view .LVU133
 238:Core/Src/stm32wbxx_hal_msp.c ****     HAL_GPIO_Init(GPIOA, &GPIO_InitStruct);
 541              		.loc 1 238 5 view .LVU134
 238:Core/Src/stm32wbxx_hal_msp.c ****     HAL_GPIO_Init(GPIOA, &GPIO_InitStruct);
 542              		.loc 1 238 31 is_stmt 0 view .LVU135
 543 004e 0523     		movs	r3, #5
 544 0050 0793     		str	r3, [sp, #28]
 239:Core/Src/stm32wbxx_hal_msp.c **** 
 545              		.loc 1 239 5 is_stmt 1 view .LVU136
 546 0052 03A9     		add	r1, sp, #12
 547 0054 4FF09040 		mov	r0, #1207959552
 548              	.LVL35:
 239:Core/Src/stm32wbxx_hal_msp.c **** 
 549              		.loc 1 239 5 is_stmt 0 view .LVU137
 550 0058 FFF7FEFF 		bl	HAL_GPIO_Init
 551              	.LVL36:
 552              		.loc 1 247 1 view .LVU138
 553 005c DCE7     		b	.L34
 554              	.L39:
 555 005e 00BF     		.align	2
 556              	.L38:
 557 0060 00300140 		.word	1073819648
 558              		.cfi_endproc
 559              	.LFE955:
 561              		.section	.text.HAL_SPI_MspDeInit,"ax",%progbits
 562              		.align	1
 563              		.global	HAL_SPI_MspDeInit
 564              		.syntax unified
 565              		.thumb
 566              		.thumb_func
 568              	HAL_SPI_MspDeInit:
 569              	.LVL37:
 570              	.LFB956:
 248:Core/Src/stm32wbxx_hal_msp.c **** 
 249:Core/Src/stm32wbxx_hal_msp.c **** /**
 250:Core/Src/stm32wbxx_hal_msp.c ****   * @brief SPI MSP De-Initialization
 251:Core/Src/stm32wbxx_hal_msp.c ****   * This function freeze the hardware resources used in this example
 252:Core/Src/stm32wbxx_hal_msp.c ****   * @param hspi: SPI handle pointer
 253:Core/Src/stm32wbxx_hal_msp.c ****   * @retval None
 254:Core/Src/stm32wbxx_hal_msp.c ****   */
 255:Core/Src/stm32wbxx_hal_msp.c **** void HAL_SPI_MspDeInit(SPI_HandleTypeDef* hspi)
 256:Core/Src/stm32wbxx_hal_msp.c **** {
 571              		.loc 1 256 1 is_stmt 1 view -0
 572              		.cfi_startproc
 573              		@ args = 0, pretend = 0, frame = 0
 574              		@ frame_needed = 0, uses_anonymous_args = 0
 575              		.loc 1 256 1 is_stmt 0 view .LVU140
 576 0000 08B5     		push	{r3, lr}
 577              	.LCFI14:
 578              		.cfi_def_cfa_offset 8
 579              		.cfi_offset 3, -8
ARM GAS  /var/folders/98/ctz5mtps7w71v8dr53cf5qg40000gn/T//ccj9u44I.s 			page 39


 580              		.cfi_offset 14, -4
 257:Core/Src/stm32wbxx_hal_msp.c ****   if(hspi->Instance==SPI1)
 581              		.loc 1 257 3 is_stmt 1 view .LVU141
 582              		.loc 1 257 10 is_stmt 0 view .LVU142
 583 0002 0268     		ldr	r2, [r0]
 584              		.loc 1 257 5 view .LVU143
 585 0004 074B     		ldr	r3, .L44
 586 0006 9A42     		cmp	r2, r3
 587 0008 00D0     		beq	.L43
 588              	.LVL38:
 589              	.L40:
 258:Core/Src/stm32wbxx_hal_msp.c ****   {
 259:Core/Src/stm32wbxx_hal_msp.c ****     /* USER CODE BEGIN SPI1_MspDeInit 0 */
 260:Core/Src/stm32wbxx_hal_msp.c **** 
 261:Core/Src/stm32wbxx_hal_msp.c ****     /* USER CODE END SPI1_MspDeInit 0 */
 262:Core/Src/stm32wbxx_hal_msp.c ****     /* Peripheral clock disable */
 263:Core/Src/stm32wbxx_hal_msp.c ****     __HAL_RCC_SPI1_CLK_DISABLE();
 264:Core/Src/stm32wbxx_hal_msp.c **** 
 265:Core/Src/stm32wbxx_hal_msp.c ****     /**SPI1 GPIO Configuration
 266:Core/Src/stm32wbxx_hal_msp.c ****     PA5     ------> SPI1_SCK
 267:Core/Src/stm32wbxx_hal_msp.c ****     PA6     ------> SPI1_MISO
 268:Core/Src/stm32wbxx_hal_msp.c ****     PA7     ------> SPI1_MOSI
 269:Core/Src/stm32wbxx_hal_msp.c ****     */
 270:Core/Src/stm32wbxx_hal_msp.c ****     HAL_GPIO_DeInit(GPIOA, GPIO_PIN_5|GPIO_PIN_6|GPIO_PIN_7);
 271:Core/Src/stm32wbxx_hal_msp.c **** 
 272:Core/Src/stm32wbxx_hal_msp.c ****     /* USER CODE BEGIN SPI1_MspDeInit 1 */
 273:Core/Src/stm32wbxx_hal_msp.c **** 
 274:Core/Src/stm32wbxx_hal_msp.c ****     /* USER CODE END SPI1_MspDeInit 1 */
 275:Core/Src/stm32wbxx_hal_msp.c ****   }
 276:Core/Src/stm32wbxx_hal_msp.c **** 
 277:Core/Src/stm32wbxx_hal_msp.c **** }
 590              		.loc 1 277 1 view .LVU144
 591 000a 08BD     		pop	{r3, pc}
 592              	.LVL39:
 593              	.L43:
 263:Core/Src/stm32wbxx_hal_msp.c **** 
 594              		.loc 1 263 5 is_stmt 1 view .LVU145
 595              	.LBB54:
 596              	.LBI54:
1281:Drivers/STM32WBxx_HAL_Driver/Inc/stm32wbxx_ll_bus.h **** }
1282:Drivers/STM32WBxx_HAL_Driver/Inc/stm32wbxx_ll_bus.h **** 
1283:Drivers/STM32WBxx_HAL_Driver/Inc/stm32wbxx_ll_bus.h **** /**
1284:Drivers/STM32WBxx_HAL_Driver/Inc/stm32wbxx_ll_bus.h ****   * @brief  Check if APB2 peripheral clock is enabled or not
1285:Drivers/STM32WBxx_HAL_Driver/Inc/stm32wbxx_ll_bus.h ****   * @rmtoll APB2ENR      ADCEN         LL_APB2_GRP1_IsEnabledClock\n
1286:Drivers/STM32WBxx_HAL_Driver/Inc/stm32wbxx_ll_bus.h ****   *         APB2ENR      TIM1EN        LL_APB2_GRP1_IsEnabledClock\n
1287:Drivers/STM32WBxx_HAL_Driver/Inc/stm32wbxx_ll_bus.h ****   *         APB2ENR      SPI1EN        LL_APB2_GRP1_IsEnabledClock\n
1288:Drivers/STM32WBxx_HAL_Driver/Inc/stm32wbxx_ll_bus.h ****   *         APB2ENR      USART1EN      LL_APB2_GRP1_IsEnabledClock\n
1289:Drivers/STM32WBxx_HAL_Driver/Inc/stm32wbxx_ll_bus.h ****   *         APB2ENR      TIM16EN       LL_APB2_GRP1_IsEnabledClock\n
1290:Drivers/STM32WBxx_HAL_Driver/Inc/stm32wbxx_ll_bus.h ****   *         APB2ENR      TIM17EN       LL_APB2_GRP1_IsEnabledClock\n
1291:Drivers/STM32WBxx_HAL_Driver/Inc/stm32wbxx_ll_bus.h ****   *         APB2ENR      SAI1EN        LL_APB2_GRP1_IsEnabledClock
1292:Drivers/STM32WBxx_HAL_Driver/Inc/stm32wbxx_ll_bus.h ****   * @param  Periphs This parameter can be a combination of the following values:
1293:Drivers/STM32WBxx_HAL_Driver/Inc/stm32wbxx_ll_bus.h ****   *         @arg @ref LL_APB2_GRP1_PERIPH_ADC (*)
1294:Drivers/STM32WBxx_HAL_Driver/Inc/stm32wbxx_ll_bus.h ****   *         @arg @ref LL_APB2_GRP1_PERIPH_TIM1
1295:Drivers/STM32WBxx_HAL_Driver/Inc/stm32wbxx_ll_bus.h ****   *         @arg @ref LL_APB2_GRP1_PERIPH_SPI1
1296:Drivers/STM32WBxx_HAL_Driver/Inc/stm32wbxx_ll_bus.h ****   *         @arg @ref LL_APB2_GRP1_PERIPH_USART1
1297:Drivers/STM32WBxx_HAL_Driver/Inc/stm32wbxx_ll_bus.h ****   *         @arg @ref LL_APB2_GRP1_PERIPH_TIM16 (*)
1298:Drivers/STM32WBxx_HAL_Driver/Inc/stm32wbxx_ll_bus.h ****   *         @arg @ref LL_APB2_GRP1_PERIPH_TIM17 (*)
ARM GAS  /var/folders/98/ctz5mtps7w71v8dr53cf5qg40000gn/T//ccj9u44I.s 			page 40


1299:Drivers/STM32WBxx_HAL_Driver/Inc/stm32wbxx_ll_bus.h ****   *         @arg @ref LL_APB2_GRP1_PERIPH_SAI1 (*)
1300:Drivers/STM32WBxx_HAL_Driver/Inc/stm32wbxx_ll_bus.h ****   * @note  (*) Not supported by all the devices
1301:Drivers/STM32WBxx_HAL_Driver/Inc/stm32wbxx_ll_bus.h ****   * @retval uint32_t
1302:Drivers/STM32WBxx_HAL_Driver/Inc/stm32wbxx_ll_bus.h ****   */
1303:Drivers/STM32WBxx_HAL_Driver/Inc/stm32wbxx_ll_bus.h **** __STATIC_INLINE uint32_t LL_APB2_GRP1_IsEnabledClock(uint32_t Periphs)
1304:Drivers/STM32WBxx_HAL_Driver/Inc/stm32wbxx_ll_bus.h **** {
1305:Drivers/STM32WBxx_HAL_Driver/Inc/stm32wbxx_ll_bus.h ****   return ((READ_BIT(RCC->APB2ENR, Periphs) == (Periphs)) ? 1UL : 0UL);
1306:Drivers/STM32WBxx_HAL_Driver/Inc/stm32wbxx_ll_bus.h **** }
1307:Drivers/STM32WBxx_HAL_Driver/Inc/stm32wbxx_ll_bus.h **** 
1308:Drivers/STM32WBxx_HAL_Driver/Inc/stm32wbxx_ll_bus.h **** /**
1309:Drivers/STM32WBxx_HAL_Driver/Inc/stm32wbxx_ll_bus.h ****   * @brief  Disable APB2 peripherals clock.
1310:Drivers/STM32WBxx_HAL_Driver/Inc/stm32wbxx_ll_bus.h ****   * @rmtoll APB2ENR      ADCEN         LL_APB2_GRP1_DisableClock\n
1311:Drivers/STM32WBxx_HAL_Driver/Inc/stm32wbxx_ll_bus.h ****   *         APB2ENR      TIM1EN        LL_APB2_GRP1_DisableClock\n
1312:Drivers/STM32WBxx_HAL_Driver/Inc/stm32wbxx_ll_bus.h ****   *         APB2ENR      SPI1EN        LL_APB2_GRP1_DisableClock\n
1313:Drivers/STM32WBxx_HAL_Driver/Inc/stm32wbxx_ll_bus.h ****   *         APB2ENR      USART1EN      LL_APB2_GRP1_DisableClock\n
1314:Drivers/STM32WBxx_HAL_Driver/Inc/stm32wbxx_ll_bus.h ****   *         APB2ENR      TIM16EN       LL_APB2_GRP1_DisableClock\n
1315:Drivers/STM32WBxx_HAL_Driver/Inc/stm32wbxx_ll_bus.h ****   *         APB2ENR      TIM17EN       LL_APB2_GRP1_DisableClock\n
1316:Drivers/STM32WBxx_HAL_Driver/Inc/stm32wbxx_ll_bus.h ****   *         APB2ENR      SAI1EN        LL_APB2_GRP1_DisableClock
1317:Drivers/STM32WBxx_HAL_Driver/Inc/stm32wbxx_ll_bus.h ****   * @param  Periphs This parameter can be a combination of the following values:
1318:Drivers/STM32WBxx_HAL_Driver/Inc/stm32wbxx_ll_bus.h ****   *         @arg @ref LL_APB2_GRP1_PERIPH_ADC (*)
1319:Drivers/STM32WBxx_HAL_Driver/Inc/stm32wbxx_ll_bus.h ****   *         @arg @ref LL_APB2_GRP1_PERIPH_TIM1
1320:Drivers/STM32WBxx_HAL_Driver/Inc/stm32wbxx_ll_bus.h ****   *         @arg @ref LL_APB2_GRP1_PERIPH_SPI1
1321:Drivers/STM32WBxx_HAL_Driver/Inc/stm32wbxx_ll_bus.h ****   *         @arg @ref LL_APB2_GRP1_PERIPH_USART1
1322:Drivers/STM32WBxx_HAL_Driver/Inc/stm32wbxx_ll_bus.h ****   *         @arg @ref LL_APB2_GRP1_PERIPH_TIM16 (*)
1323:Drivers/STM32WBxx_HAL_Driver/Inc/stm32wbxx_ll_bus.h ****   *         @arg @ref LL_APB2_GRP1_PERIPH_TIM17 (*)
1324:Drivers/STM32WBxx_HAL_Driver/Inc/stm32wbxx_ll_bus.h ****   *         @arg @ref LL_APB2_GRP1_PERIPH_SAI1 (*)
1325:Drivers/STM32WBxx_HAL_Driver/Inc/stm32wbxx_ll_bus.h ****   * @note  (*) Not supported by all the devices
1326:Drivers/STM32WBxx_HAL_Driver/Inc/stm32wbxx_ll_bus.h ****   * @retval None
1327:Drivers/STM32WBxx_HAL_Driver/Inc/stm32wbxx_ll_bus.h ****   */
1328:Drivers/STM32WBxx_HAL_Driver/Inc/stm32wbxx_ll_bus.h **** __STATIC_INLINE void LL_APB2_GRP1_DisableClock(uint32_t Periphs)
 597              		.loc 2 1328 22 view .LVU146
 598              	.LBB55:
1329:Drivers/STM32WBxx_HAL_Driver/Inc/stm32wbxx_ll_bus.h **** {
1330:Drivers/STM32WBxx_HAL_Driver/Inc/stm32wbxx_ll_bus.h ****   CLEAR_BIT(RCC->APB2ENR, Periphs);
 599              		.loc 2 1330 3 view .LVU147
 600 000c 4FF0B042 		mov	r2, #1476395008
 601 0010 136E     		ldr	r3, [r2, #96]
 602 0012 23F48053 		bic	r3, r3, #4096
 603 0016 1366     		str	r3, [r2, #96]
 604              	.LVL40:
 605              		.loc 2 1330 3 is_stmt 0 view .LVU148
 606              	.LBE55:
 607              	.LBE54:
 270:Core/Src/stm32wbxx_hal_msp.c **** 
 608              		.loc 1 270 5 is_stmt 1 view .LVU149
 609 0018 E021     		movs	r1, #224
 610 001a 4FF09040 		mov	r0, #1207959552
 611              	.LVL41:
 270:Core/Src/stm32wbxx_hal_msp.c **** 
 612              		.loc 1 270 5 is_stmt 0 view .LVU150
 613 001e FFF7FEFF 		bl	HAL_GPIO_DeInit
 614              	.LVL42:
 615              		.loc 1 277 1 view .LVU151
 616 0022 F2E7     		b	.L40
 617              	.L45:
 618              		.align	2
 619              	.L44:
ARM GAS  /var/folders/98/ctz5mtps7w71v8dr53cf5qg40000gn/T//ccj9u44I.s 			page 41


 620 0024 00300140 		.word	1073819648
 621              		.cfi_endproc
 622              	.LFE956:
 624              		.section	.text.HAL_TIM_PWM_MspInit,"ax",%progbits
 625              		.align	1
 626              		.global	HAL_TIM_PWM_MspInit
 627              		.syntax unified
 628              		.thumb
 629              		.thumb_func
 631              	HAL_TIM_PWM_MspInit:
 632              	.LVL43:
 633              	.LFB957:
 278:Core/Src/stm32wbxx_hal_msp.c **** 
 279:Core/Src/stm32wbxx_hal_msp.c **** /**
 280:Core/Src/stm32wbxx_hal_msp.c ****   * @brief TIM_PWM MSP Initialization
 281:Core/Src/stm32wbxx_hal_msp.c ****   * This function configures the hardware resources used in this example
 282:Core/Src/stm32wbxx_hal_msp.c ****   * @param htim_pwm: TIM_PWM handle pointer
 283:Core/Src/stm32wbxx_hal_msp.c ****   * @retval None
 284:Core/Src/stm32wbxx_hal_msp.c ****   */
 285:Core/Src/stm32wbxx_hal_msp.c **** void HAL_TIM_PWM_MspInit(TIM_HandleTypeDef* htim_pwm)
 286:Core/Src/stm32wbxx_hal_msp.c **** {
 634              		.loc 1 286 1 is_stmt 1 view -0
 635              		.cfi_startproc
 636              		@ args = 0, pretend = 0, frame = 8
 637              		@ frame_needed = 0, uses_anonymous_args = 0
 638              		.loc 1 286 1 is_stmt 0 view .LVU153
 639 0000 00B5     		push	{lr}
 640              	.LCFI15:
 641              		.cfi_def_cfa_offset 4
 642              		.cfi_offset 14, -4
 643 0002 83B0     		sub	sp, sp, #12
 644              	.LCFI16:
 645              		.cfi_def_cfa_offset 16
 287:Core/Src/stm32wbxx_hal_msp.c ****   if(htim_pwm->Instance==TIM1)
 646              		.loc 1 287 3 is_stmt 1 view .LVU154
 647              		.loc 1 287 14 is_stmt 0 view .LVU155
 648 0004 0368     		ldr	r3, [r0]
 649              		.loc 1 287 5 view .LVU156
 650 0006 144A     		ldr	r2, .L52
 651 0008 9342     		cmp	r3, r2
 652 000a 05D0     		beq	.L50
 288:Core/Src/stm32wbxx_hal_msp.c ****   {
 289:Core/Src/stm32wbxx_hal_msp.c ****     /* USER CODE BEGIN TIM1_MspInit 0 */
 290:Core/Src/stm32wbxx_hal_msp.c **** 
 291:Core/Src/stm32wbxx_hal_msp.c ****     /* USER CODE END TIM1_MspInit 0 */
 292:Core/Src/stm32wbxx_hal_msp.c ****     /* Peripheral clock enable */
 293:Core/Src/stm32wbxx_hal_msp.c ****     __HAL_RCC_TIM1_CLK_ENABLE();
 294:Core/Src/stm32wbxx_hal_msp.c ****     /* TIM1 interrupt Init */
 295:Core/Src/stm32wbxx_hal_msp.c ****     HAL_NVIC_SetPriority(TIM1_UP_TIM16_IRQn, 15, 0);
 296:Core/Src/stm32wbxx_hal_msp.c ****     HAL_NVIC_EnableIRQ(TIM1_UP_TIM16_IRQn);
 297:Core/Src/stm32wbxx_hal_msp.c ****     /* USER CODE BEGIN TIM1_MspInit 1 */
 298:Core/Src/stm32wbxx_hal_msp.c **** 
 299:Core/Src/stm32wbxx_hal_msp.c ****     /* USER CODE END TIM1_MspInit 1 */
 300:Core/Src/stm32wbxx_hal_msp.c ****   }
 301:Core/Src/stm32wbxx_hal_msp.c ****   else if(htim_pwm->Instance==TIM2)
 653              		.loc 1 301 8 is_stmt 1 view .LVU157
 654              		.loc 1 301 10 is_stmt 0 view .LVU158
ARM GAS  /var/folders/98/ctz5mtps7w71v8dr53cf5qg40000gn/T//ccj9u44I.s 			page 42


 655 000c B3F1804F 		cmp	r3, #1073741824
 656 0010 16D0     		beq	.L51
 657              	.LVL44:
 658              	.L46:
 302:Core/Src/stm32wbxx_hal_msp.c ****   {
 303:Core/Src/stm32wbxx_hal_msp.c ****     /* USER CODE BEGIN TIM2_MspInit 0 */
 304:Core/Src/stm32wbxx_hal_msp.c **** 
 305:Core/Src/stm32wbxx_hal_msp.c ****     /* USER CODE END TIM2_MspInit 0 */
 306:Core/Src/stm32wbxx_hal_msp.c ****     /* Peripheral clock enable */
 307:Core/Src/stm32wbxx_hal_msp.c ****     __HAL_RCC_TIM2_CLK_ENABLE();
 308:Core/Src/stm32wbxx_hal_msp.c ****     /* USER CODE BEGIN TIM2_MspInit 1 */
 309:Core/Src/stm32wbxx_hal_msp.c **** 
 310:Core/Src/stm32wbxx_hal_msp.c ****     /* USER CODE END TIM2_MspInit 1 */
 311:Core/Src/stm32wbxx_hal_msp.c ****   }
 312:Core/Src/stm32wbxx_hal_msp.c **** 
 313:Core/Src/stm32wbxx_hal_msp.c **** }
 659              		.loc 1 313 1 view .LVU159
 660 0012 03B0     		add	sp, sp, #12
 661              	.LCFI17:
 662              		.cfi_remember_state
 663              		.cfi_def_cfa_offset 4
 664              		@ sp needed
 665 0014 5DF804FB 		ldr	pc, [sp], #4
 666              	.LVL45:
 667              	.L50:
 668              	.LCFI18:
 669              		.cfi_restore_state
 293:Core/Src/stm32wbxx_hal_msp.c ****     /* TIM1 interrupt Init */
 670              		.loc 1 293 5 is_stmt 1 view .LVU160
 671              	.LBB56:
 672              	.LBI56:
1274:Drivers/STM32WBxx_HAL_Driver/Inc/stm32wbxx_ll_bus.h **** {
 673              		.loc 2 1274 22 view .LVU161
 674              	.LBB57:
1276:Drivers/STM32WBxx_HAL_Driver/Inc/stm32wbxx_ll_bus.h ****   SET_BIT(RCC->APB2ENR, Periphs);
 675              		.loc 2 1276 3 view .LVU162
1277:Drivers/STM32WBxx_HAL_Driver/Inc/stm32wbxx_ll_bus.h ****   /* Delay after an RCC peripheral clock enabling */
 676              		.loc 2 1277 3 view .LVU163
 677 0018 4FF0B043 		mov	r3, #1476395008
 678 001c 1A6E     		ldr	r2, [r3, #96]
 679 001e 42F40062 		orr	r2, r2, #2048
 680 0022 1A66     		str	r2, [r3, #96]
1279:Drivers/STM32WBxx_HAL_Driver/Inc/stm32wbxx_ll_bus.h ****   (void)tmpreg;
 681              		.loc 2 1279 3 view .LVU164
1279:Drivers/STM32WBxx_HAL_Driver/Inc/stm32wbxx_ll_bus.h ****   (void)tmpreg;
 682              		.loc 2 1279 12 is_stmt 0 view .LVU165
 683 0024 1B6E     		ldr	r3, [r3, #96]
 684 0026 03F40063 		and	r3, r3, #2048
1279:Drivers/STM32WBxx_HAL_Driver/Inc/stm32wbxx_ll_bus.h ****   (void)tmpreg;
 685              		.loc 2 1279 10 view .LVU166
 686 002a 0093     		str	r3, [sp]
1280:Drivers/STM32WBxx_HAL_Driver/Inc/stm32wbxx_ll_bus.h **** }
 687              		.loc 2 1280 3 is_stmt 1 view .LVU167
 688 002c 009B     		ldr	r3, [sp]
 689              	.LVL46:
1280:Drivers/STM32WBxx_HAL_Driver/Inc/stm32wbxx_ll_bus.h **** }
 690              		.loc 2 1280 3 is_stmt 0 view .LVU168
ARM GAS  /var/folders/98/ctz5mtps7w71v8dr53cf5qg40000gn/T//ccj9u44I.s 			page 43


 691              	.LBE57:
 692              	.LBE56:
 295:Core/Src/stm32wbxx_hal_msp.c ****     HAL_NVIC_EnableIRQ(TIM1_UP_TIM16_IRQn);
 693              		.loc 1 295 5 is_stmt 1 view .LVU169
 694 002e 0022     		movs	r2, #0
 695 0030 0F21     		movs	r1, #15
 696 0032 1920     		movs	r0, #25
 697              	.LVL47:
 295:Core/Src/stm32wbxx_hal_msp.c ****     HAL_NVIC_EnableIRQ(TIM1_UP_TIM16_IRQn);
 698              		.loc 1 295 5 is_stmt 0 view .LVU170
 699 0034 FFF7FEFF 		bl	HAL_NVIC_SetPriority
 700              	.LVL48:
 296:Core/Src/stm32wbxx_hal_msp.c ****     /* USER CODE BEGIN TIM1_MspInit 1 */
 701              		.loc 1 296 5 is_stmt 1 view .LVU171
 702 0038 1920     		movs	r0, #25
 703 003a FFF7FEFF 		bl	HAL_NVIC_EnableIRQ
 704              	.LVL49:
 705 003e E8E7     		b	.L46
 706              	.LVL50:
 707              	.L51:
 307:Core/Src/stm32wbxx_hal_msp.c ****     /* USER CODE BEGIN TIM2_MspInit 1 */
 708              		.loc 1 307 5 view .LVU172
 709              	.LBB58:
 710              	.LBI58:
 939:Drivers/STM32WBxx_HAL_Driver/Inc/stm32wbxx_ll_bus.h **** {
 711              		.loc 2 939 22 view .LVU173
 712              	.LBB59:
 941:Drivers/STM32WBxx_HAL_Driver/Inc/stm32wbxx_ll_bus.h ****   SET_BIT(RCC->APB1ENR1, Periphs);
 713              		.loc 2 941 3 view .LVU174
 942:Drivers/STM32WBxx_HAL_Driver/Inc/stm32wbxx_ll_bus.h ****   /* Delay after an RCC peripheral clock enabling */
 714              		.loc 2 942 3 view .LVU175
 715 0040 4FF0B043 		mov	r3, #1476395008
 716 0044 9A6D     		ldr	r2, [r3, #88]
 717 0046 42F00102 		orr	r2, r2, #1
 718 004a 9A65     		str	r2, [r3, #88]
 944:Drivers/STM32WBxx_HAL_Driver/Inc/stm32wbxx_ll_bus.h ****   (void)tmpreg;
 719              		.loc 2 944 3 view .LVU176
 944:Drivers/STM32WBxx_HAL_Driver/Inc/stm32wbxx_ll_bus.h ****   (void)tmpreg;
 720              		.loc 2 944 12 is_stmt 0 view .LVU177
 721 004c 9B6D     		ldr	r3, [r3, #88]
 722 004e 03F00103 		and	r3, r3, #1
 944:Drivers/STM32WBxx_HAL_Driver/Inc/stm32wbxx_ll_bus.h ****   (void)tmpreg;
 723              		.loc 2 944 10 view .LVU178
 724 0052 0193     		str	r3, [sp, #4]
 945:Drivers/STM32WBxx_HAL_Driver/Inc/stm32wbxx_ll_bus.h **** }
 725              		.loc 2 945 3 is_stmt 1 view .LVU179
 726 0054 019B     		ldr	r3, [sp, #4]
 727              	.LVL51:
 945:Drivers/STM32WBxx_HAL_Driver/Inc/stm32wbxx_ll_bus.h **** }
 728              		.loc 2 945 3 is_stmt 0 view .LVU180
 729              	.LBE59:
 730              	.LBE58:
 731              		.loc 1 313 1 view .LVU181
 732 0056 DCE7     		b	.L46
 733              	.L53:
 734              		.align	2
 735              	.L52:
ARM GAS  /var/folders/98/ctz5mtps7w71v8dr53cf5qg40000gn/T//ccj9u44I.s 			page 44


 736 0058 002C0140 		.word	1073818624
 737              		.cfi_endproc
 738              	.LFE957:
 740              		.section	.text.HAL_TIM_MspPostInit,"ax",%progbits
 741              		.align	1
 742              		.global	HAL_TIM_MspPostInit
 743              		.syntax unified
 744              		.thumb
 745              		.thumb_func
 747              	HAL_TIM_MspPostInit:
 748              	.LVL52:
 749              	.LFB958:
 314:Core/Src/stm32wbxx_hal_msp.c **** 
 315:Core/Src/stm32wbxx_hal_msp.c **** void HAL_TIM_MspPostInit(TIM_HandleTypeDef* htim)
 316:Core/Src/stm32wbxx_hal_msp.c **** {
 750              		.loc 1 316 1 is_stmt 1 view -0
 751              		.cfi_startproc
 752              		@ args = 0, pretend = 0, frame = 32
 753              		@ frame_needed = 0, uses_anonymous_args = 0
 754              		.loc 1 316 1 is_stmt 0 view .LVU183
 755 0000 00B5     		push	{lr}
 756              	.LCFI19:
 757              		.cfi_def_cfa_offset 4
 758              		.cfi_offset 14, -4
 759 0002 89B0     		sub	sp, sp, #36
 760              	.LCFI20:
 761              		.cfi_def_cfa_offset 40
 317:Core/Src/stm32wbxx_hal_msp.c ****   GPIO_InitTypeDef GPIO_InitStruct = {0};
 762              		.loc 1 317 3 is_stmt 1 view .LVU184
 763              		.loc 1 317 20 is_stmt 0 view .LVU185
 764 0004 0023     		movs	r3, #0
 765 0006 0393     		str	r3, [sp, #12]
 766 0008 0493     		str	r3, [sp, #16]
 767 000a 0593     		str	r3, [sp, #20]
 768 000c 0693     		str	r3, [sp, #24]
 769 000e 0793     		str	r3, [sp, #28]
 318:Core/Src/stm32wbxx_hal_msp.c ****   if(htim->Instance==TIM1)
 770              		.loc 1 318 3 is_stmt 1 view .LVU186
 771              		.loc 1 318 10 is_stmt 0 view .LVU187
 772 0010 0368     		ldr	r3, [r0]
 773              		.loc 1 318 5 view .LVU188
 774 0012 1C4A     		ldr	r2, .L60
 775 0014 9342     		cmp	r3, r2
 776 0016 05D0     		beq	.L58
 319:Core/Src/stm32wbxx_hal_msp.c ****   {
 320:Core/Src/stm32wbxx_hal_msp.c ****     /* USER CODE BEGIN TIM1_MspPostInit 0 */
 321:Core/Src/stm32wbxx_hal_msp.c **** 
 322:Core/Src/stm32wbxx_hal_msp.c ****     /* USER CODE END TIM1_MspPostInit 0 */
 323:Core/Src/stm32wbxx_hal_msp.c ****     __HAL_RCC_GPIOA_CLK_ENABLE();
 324:Core/Src/stm32wbxx_hal_msp.c ****     /**TIM1 GPIO Configuration
 325:Core/Src/stm32wbxx_hal_msp.c ****     PA8     ------> TIM1_CH1
 326:Core/Src/stm32wbxx_hal_msp.c ****     PA9     ------> TIM1_CH2
 327:Core/Src/stm32wbxx_hal_msp.c ****     PA10     ------> TIM1_CH3
 328:Core/Src/stm32wbxx_hal_msp.c ****     PA11     ------> TIM1_CH4
 329:Core/Src/stm32wbxx_hal_msp.c ****     */
 330:Core/Src/stm32wbxx_hal_msp.c ****     GPIO_InitStruct.Pin = GPIO_PIN_8|GPIO_PIN_9|GPIO_PIN_10|GPIO_PIN_11;
 331:Core/Src/stm32wbxx_hal_msp.c ****     GPIO_InitStruct.Mode = GPIO_MODE_AF_PP;
ARM GAS  /var/folders/98/ctz5mtps7w71v8dr53cf5qg40000gn/T//ccj9u44I.s 			page 45


 332:Core/Src/stm32wbxx_hal_msp.c ****     GPIO_InitStruct.Pull = GPIO_NOPULL;
 333:Core/Src/stm32wbxx_hal_msp.c ****     GPIO_InitStruct.Speed = GPIO_SPEED_FREQ_LOW;
 334:Core/Src/stm32wbxx_hal_msp.c ****     GPIO_InitStruct.Alternate = GPIO_AF1_TIM1;
 335:Core/Src/stm32wbxx_hal_msp.c ****     HAL_GPIO_Init(GPIOA, &GPIO_InitStruct);
 336:Core/Src/stm32wbxx_hal_msp.c **** 
 337:Core/Src/stm32wbxx_hal_msp.c ****     /* USER CODE BEGIN TIM1_MspPostInit 1 */
 338:Core/Src/stm32wbxx_hal_msp.c **** 
 339:Core/Src/stm32wbxx_hal_msp.c ****     /* USER CODE END TIM1_MspPostInit 1 */
 340:Core/Src/stm32wbxx_hal_msp.c ****   }
 341:Core/Src/stm32wbxx_hal_msp.c ****   else if(htim->Instance==TIM2)
 777              		.loc 1 341 8 is_stmt 1 view .LVU189
 778              		.loc 1 341 10 is_stmt 0 view .LVU190
 779 0018 B3F1804F 		cmp	r3, #1073741824
 780 001c 1AD0     		beq	.L59
 781              	.LVL53:
 782              	.L54:
 342:Core/Src/stm32wbxx_hal_msp.c ****   {
 343:Core/Src/stm32wbxx_hal_msp.c ****     /* USER CODE BEGIN TIM2_MspPostInit 0 */
 344:Core/Src/stm32wbxx_hal_msp.c **** 
 345:Core/Src/stm32wbxx_hal_msp.c ****     /* USER CODE END TIM2_MspPostInit 0 */
 346:Core/Src/stm32wbxx_hal_msp.c **** 
 347:Core/Src/stm32wbxx_hal_msp.c ****     __HAL_RCC_GPIOA_CLK_ENABLE();
 348:Core/Src/stm32wbxx_hal_msp.c ****     /**TIM2 GPIO Configuration
 349:Core/Src/stm32wbxx_hal_msp.c ****     PA0     ------> TIM2_CH1
 350:Core/Src/stm32wbxx_hal_msp.c ****     PA1     ------> TIM2_CH2
 351:Core/Src/stm32wbxx_hal_msp.c ****     PA2     ------> TIM2_CH3
 352:Core/Src/stm32wbxx_hal_msp.c ****     PA3     ------> TIM2_CH4
 353:Core/Src/stm32wbxx_hal_msp.c ****     */
 354:Core/Src/stm32wbxx_hal_msp.c ****     GPIO_InitStruct.Pin = GPIO_PIN_0|GPIO_PIN_1|GPIO_PIN_2|GPIO_PIN_3;
 355:Core/Src/stm32wbxx_hal_msp.c ****     GPIO_InitStruct.Mode = GPIO_MODE_AF_PP;
 356:Core/Src/stm32wbxx_hal_msp.c ****     GPIO_InitStruct.Pull = GPIO_NOPULL;
 357:Core/Src/stm32wbxx_hal_msp.c ****     GPIO_InitStruct.Speed = GPIO_SPEED_FREQ_LOW;
 358:Core/Src/stm32wbxx_hal_msp.c ****     GPIO_InitStruct.Alternate = GPIO_AF1_TIM2;
 359:Core/Src/stm32wbxx_hal_msp.c ****     HAL_GPIO_Init(GPIOA, &GPIO_InitStruct);
 360:Core/Src/stm32wbxx_hal_msp.c **** 
 361:Core/Src/stm32wbxx_hal_msp.c ****     /* USER CODE BEGIN TIM2_MspPostInit 1 */
 362:Core/Src/stm32wbxx_hal_msp.c **** 
 363:Core/Src/stm32wbxx_hal_msp.c ****     /* USER CODE END TIM2_MspPostInit 1 */
 364:Core/Src/stm32wbxx_hal_msp.c ****   }
 365:Core/Src/stm32wbxx_hal_msp.c **** 
 366:Core/Src/stm32wbxx_hal_msp.c **** }
 783              		.loc 1 366 1 view .LVU191
 784 001e 09B0     		add	sp, sp, #36
 785              	.LCFI21:
 786              		.cfi_remember_state
 787              		.cfi_def_cfa_offset 4
 788              		@ sp needed
 789 0020 5DF804FB 		ldr	pc, [sp], #4
 790              	.LVL54:
 791              	.L58:
 792              	.LCFI22:
 793              		.cfi_restore_state
 323:Core/Src/stm32wbxx_hal_msp.c ****     /**TIM1 GPIO Configuration
 794              		.loc 1 323 5 is_stmt 1 view .LVU192
 795              	.LBB60:
 796              	.LBI60:
 539:Drivers/STM32WBxx_HAL_Driver/Inc/stm32wbxx_ll_bus.h **** {
ARM GAS  /var/folders/98/ctz5mtps7w71v8dr53cf5qg40000gn/T//ccj9u44I.s 			page 46


 797              		.loc 2 539 22 view .LVU193
 798              	.LBB61:
 541:Drivers/STM32WBxx_HAL_Driver/Inc/stm32wbxx_ll_bus.h ****   SET_BIT(RCC->AHB2ENR, Periphs);
 799              		.loc 2 541 3 view .LVU194
 542:Drivers/STM32WBxx_HAL_Driver/Inc/stm32wbxx_ll_bus.h ****   /* Delay after an RCC peripheral clock enabling */
 800              		.loc 2 542 3 view .LVU195
 801 0024 4FF0B043 		mov	r3, #1476395008
 802 0028 DA6C     		ldr	r2, [r3, #76]
 803 002a 42F00102 		orr	r2, r2, #1
 804 002e DA64     		str	r2, [r3, #76]
 544:Drivers/STM32WBxx_HAL_Driver/Inc/stm32wbxx_ll_bus.h ****   (void)tmpreg;
 805              		.loc 2 544 3 view .LVU196
 544:Drivers/STM32WBxx_HAL_Driver/Inc/stm32wbxx_ll_bus.h ****   (void)tmpreg;
 806              		.loc 2 544 12 is_stmt 0 view .LVU197
 807 0030 DB6C     		ldr	r3, [r3, #76]
 808 0032 03F00103 		and	r3, r3, #1
 544:Drivers/STM32WBxx_HAL_Driver/Inc/stm32wbxx_ll_bus.h ****   (void)tmpreg;
 809              		.loc 2 544 10 view .LVU198
 810 0036 0193     		str	r3, [sp, #4]
 545:Drivers/STM32WBxx_HAL_Driver/Inc/stm32wbxx_ll_bus.h **** }
 811              		.loc 2 545 3 is_stmt 1 view .LVU199
 812 0038 019B     		ldr	r3, [sp, #4]
 813              	.LVL55:
 545:Drivers/STM32WBxx_HAL_Driver/Inc/stm32wbxx_ll_bus.h **** }
 814              		.loc 2 545 3 is_stmt 0 view .LVU200
 815              	.LBE61:
 816              	.LBE60:
 330:Core/Src/stm32wbxx_hal_msp.c ****     GPIO_InitStruct.Mode = GPIO_MODE_AF_PP;
 817              		.loc 1 330 5 is_stmt 1 view .LVU201
 330:Core/Src/stm32wbxx_hal_msp.c ****     GPIO_InitStruct.Mode = GPIO_MODE_AF_PP;
 818              		.loc 1 330 25 is_stmt 0 view .LVU202
 819 003a 4FF47063 		mov	r3, #3840
 820 003e 0393     		str	r3, [sp, #12]
 331:Core/Src/stm32wbxx_hal_msp.c ****     GPIO_InitStruct.Pull = GPIO_NOPULL;
 821              		.loc 1 331 5 is_stmt 1 view .LVU203
 331:Core/Src/stm32wbxx_hal_msp.c ****     GPIO_InitStruct.Pull = GPIO_NOPULL;
 822              		.loc 1 331 26 is_stmt 0 view .LVU204
 823 0040 0223     		movs	r3, #2
 824 0042 0493     		str	r3, [sp, #16]
 332:Core/Src/stm32wbxx_hal_msp.c ****     GPIO_InitStruct.Speed = GPIO_SPEED_FREQ_LOW;
 825              		.loc 1 332 5 is_stmt 1 view .LVU205
 333:Core/Src/stm32wbxx_hal_msp.c ****     GPIO_InitStruct.Alternate = GPIO_AF1_TIM1;
 826              		.loc 1 333 5 view .LVU206
 334:Core/Src/stm32wbxx_hal_msp.c ****     HAL_GPIO_Init(GPIOA, &GPIO_InitStruct);
 827              		.loc 1 334 5 view .LVU207
 334:Core/Src/stm32wbxx_hal_msp.c ****     HAL_GPIO_Init(GPIOA, &GPIO_InitStruct);
 828              		.loc 1 334 31 is_stmt 0 view .LVU208
 829 0044 0123     		movs	r3, #1
 830 0046 0793     		str	r3, [sp, #28]
 335:Core/Src/stm32wbxx_hal_msp.c **** 
 831              		.loc 1 335 5 is_stmt 1 view .LVU209
 832 0048 03A9     		add	r1, sp, #12
 833 004a 4FF09040 		mov	r0, #1207959552
 834              	.LVL56:
 335:Core/Src/stm32wbxx_hal_msp.c **** 
 835              		.loc 1 335 5 is_stmt 0 view .LVU210
 836 004e FFF7FEFF 		bl	HAL_GPIO_Init
ARM GAS  /var/folders/98/ctz5mtps7w71v8dr53cf5qg40000gn/T//ccj9u44I.s 			page 47


 837              	.LVL57:
 838 0052 E4E7     		b	.L54
 839              	.LVL58:
 840              	.L59:
 347:Core/Src/stm32wbxx_hal_msp.c ****     /**TIM2 GPIO Configuration
 841              		.loc 1 347 5 is_stmt 1 view .LVU211
 842              	.LBB62:
 843              	.LBI62:
 539:Drivers/STM32WBxx_HAL_Driver/Inc/stm32wbxx_ll_bus.h **** {
 844              		.loc 2 539 22 view .LVU212
 845              	.LBB63:
 541:Drivers/STM32WBxx_HAL_Driver/Inc/stm32wbxx_ll_bus.h ****   SET_BIT(RCC->AHB2ENR, Periphs);
 846              		.loc 2 541 3 view .LVU213
 542:Drivers/STM32WBxx_HAL_Driver/Inc/stm32wbxx_ll_bus.h ****   /* Delay after an RCC peripheral clock enabling */
 847              		.loc 2 542 3 view .LVU214
 848 0054 4FF0B043 		mov	r3, #1476395008
 849 0058 DA6C     		ldr	r2, [r3, #76]
 850 005a 42F00102 		orr	r2, r2, #1
 851 005e DA64     		str	r2, [r3, #76]
 544:Drivers/STM32WBxx_HAL_Driver/Inc/stm32wbxx_ll_bus.h ****   (void)tmpreg;
 852              		.loc 2 544 3 view .LVU215
 544:Drivers/STM32WBxx_HAL_Driver/Inc/stm32wbxx_ll_bus.h ****   (void)tmpreg;
 853              		.loc 2 544 12 is_stmt 0 view .LVU216
 854 0060 DB6C     		ldr	r3, [r3, #76]
 855 0062 03F00103 		and	r3, r3, #1
 544:Drivers/STM32WBxx_HAL_Driver/Inc/stm32wbxx_ll_bus.h ****   (void)tmpreg;
 856              		.loc 2 544 10 view .LVU217
 857 0066 0293     		str	r3, [sp, #8]
 545:Drivers/STM32WBxx_HAL_Driver/Inc/stm32wbxx_ll_bus.h **** }
 858              		.loc 2 545 3 is_stmt 1 view .LVU218
 859 0068 029B     		ldr	r3, [sp, #8]
 860              	.LVL59:
 545:Drivers/STM32WBxx_HAL_Driver/Inc/stm32wbxx_ll_bus.h **** }
 861              		.loc 2 545 3 is_stmt 0 view .LVU219
 862              	.LBE63:
 863              	.LBE62:
 354:Core/Src/stm32wbxx_hal_msp.c ****     GPIO_InitStruct.Mode = GPIO_MODE_AF_PP;
 864              		.loc 1 354 5 is_stmt 1 view .LVU220
 354:Core/Src/stm32wbxx_hal_msp.c ****     GPIO_InitStruct.Mode = GPIO_MODE_AF_PP;
 865              		.loc 1 354 25 is_stmt 0 view .LVU221
 866 006a 0F23     		movs	r3, #15
 867 006c 0393     		str	r3, [sp, #12]
 355:Core/Src/stm32wbxx_hal_msp.c ****     GPIO_InitStruct.Pull = GPIO_NOPULL;
 868              		.loc 1 355 5 is_stmt 1 view .LVU222
 355:Core/Src/stm32wbxx_hal_msp.c ****     GPIO_InitStruct.Pull = GPIO_NOPULL;
 869              		.loc 1 355 26 is_stmt 0 view .LVU223
 870 006e 0223     		movs	r3, #2
 871 0070 0493     		str	r3, [sp, #16]
 356:Core/Src/stm32wbxx_hal_msp.c ****     GPIO_InitStruct.Speed = GPIO_SPEED_FREQ_LOW;
 872              		.loc 1 356 5 is_stmt 1 view .LVU224
 357:Core/Src/stm32wbxx_hal_msp.c ****     GPIO_InitStruct.Alternate = GPIO_AF1_TIM2;
 873              		.loc 1 357 5 view .LVU225
 358:Core/Src/stm32wbxx_hal_msp.c ****     HAL_GPIO_Init(GPIOA, &GPIO_InitStruct);
 874              		.loc 1 358 5 view .LVU226
 358:Core/Src/stm32wbxx_hal_msp.c ****     HAL_GPIO_Init(GPIOA, &GPIO_InitStruct);
 875              		.loc 1 358 31 is_stmt 0 view .LVU227
 876 0072 0123     		movs	r3, #1
ARM GAS  /var/folders/98/ctz5mtps7w71v8dr53cf5qg40000gn/T//ccj9u44I.s 			page 48


 877 0074 0793     		str	r3, [sp, #28]
 359:Core/Src/stm32wbxx_hal_msp.c **** 
 878              		.loc 1 359 5 is_stmt 1 view .LVU228
 879 0076 03A9     		add	r1, sp, #12
 880 0078 4FF09040 		mov	r0, #1207959552
 881              	.LVL60:
 359:Core/Src/stm32wbxx_hal_msp.c **** 
 882              		.loc 1 359 5 is_stmt 0 view .LVU229
 883 007c FFF7FEFF 		bl	HAL_GPIO_Init
 884              	.LVL61:
 885              		.loc 1 366 1 view .LVU230
 886 0080 CDE7     		b	.L54
 887              	.L61:
 888 0082 00BF     		.align	2
 889              	.L60:
 890 0084 002C0140 		.word	1073818624
 891              		.cfi_endproc
 892              	.LFE958:
 894              		.section	.text.HAL_TIM_PWM_MspDeInit,"ax",%progbits
 895              		.align	1
 896              		.global	HAL_TIM_PWM_MspDeInit
 897              		.syntax unified
 898              		.thumb
 899              		.thumb_func
 901              	HAL_TIM_PWM_MspDeInit:
 902              	.LVL62:
 903              	.LFB959:
 367:Core/Src/stm32wbxx_hal_msp.c **** /**
 368:Core/Src/stm32wbxx_hal_msp.c ****   * @brief TIM_PWM MSP De-Initialization
 369:Core/Src/stm32wbxx_hal_msp.c ****   * This function freeze the hardware resources used in this example
 370:Core/Src/stm32wbxx_hal_msp.c ****   * @param htim_pwm: TIM_PWM handle pointer
 371:Core/Src/stm32wbxx_hal_msp.c ****   * @retval None
 372:Core/Src/stm32wbxx_hal_msp.c ****   */
 373:Core/Src/stm32wbxx_hal_msp.c **** void HAL_TIM_PWM_MspDeInit(TIM_HandleTypeDef* htim_pwm)
 374:Core/Src/stm32wbxx_hal_msp.c **** {
 904              		.loc 1 374 1 is_stmt 1 view -0
 905              		.cfi_startproc
 906              		@ args = 0, pretend = 0, frame = 0
 907              		@ frame_needed = 0, uses_anonymous_args = 0
 908              		.loc 1 374 1 is_stmt 0 view .LVU232
 909 0000 08B5     		push	{r3, lr}
 910              	.LCFI23:
 911              		.cfi_def_cfa_offset 8
 912              		.cfi_offset 3, -8
 913              		.cfi_offset 14, -4
 375:Core/Src/stm32wbxx_hal_msp.c ****   if(htim_pwm->Instance==TIM1)
 914              		.loc 1 375 3 is_stmt 1 view .LVU233
 915              		.loc 1 375 14 is_stmt 0 view .LVU234
 916 0002 0368     		ldr	r3, [r0]
 917              		.loc 1 375 5 view .LVU235
 918 0004 0B4A     		ldr	r2, .L68
 919 0006 9342     		cmp	r3, r2
 920 0008 03D0     		beq	.L66
 376:Core/Src/stm32wbxx_hal_msp.c ****   {
 377:Core/Src/stm32wbxx_hal_msp.c ****     /* USER CODE BEGIN TIM1_MspDeInit 0 */
 378:Core/Src/stm32wbxx_hal_msp.c **** 
 379:Core/Src/stm32wbxx_hal_msp.c ****     /* USER CODE END TIM1_MspDeInit 0 */
ARM GAS  /var/folders/98/ctz5mtps7w71v8dr53cf5qg40000gn/T//ccj9u44I.s 			page 49


 380:Core/Src/stm32wbxx_hal_msp.c ****     /* Peripheral clock disable */
 381:Core/Src/stm32wbxx_hal_msp.c ****     __HAL_RCC_TIM1_CLK_DISABLE();
 382:Core/Src/stm32wbxx_hal_msp.c **** 
 383:Core/Src/stm32wbxx_hal_msp.c ****     /* TIM1 interrupt DeInit */
 384:Core/Src/stm32wbxx_hal_msp.c ****     HAL_NVIC_DisableIRQ(TIM1_UP_TIM16_IRQn);
 385:Core/Src/stm32wbxx_hal_msp.c ****     /* USER CODE BEGIN TIM1_MspDeInit 1 */
 386:Core/Src/stm32wbxx_hal_msp.c **** 
 387:Core/Src/stm32wbxx_hal_msp.c ****     /* USER CODE END TIM1_MspDeInit 1 */
 388:Core/Src/stm32wbxx_hal_msp.c ****   }
 389:Core/Src/stm32wbxx_hal_msp.c ****   else if(htim_pwm->Instance==TIM2)
 921              		.loc 1 389 8 is_stmt 1 view .LVU236
 922              		.loc 1 389 10 is_stmt 0 view .LVU237
 923 000a B3F1804F 		cmp	r3, #1073741824
 924 000e 0AD0     		beq	.L67
 925              	.LVL63:
 926              	.L62:
 390:Core/Src/stm32wbxx_hal_msp.c ****   {
 391:Core/Src/stm32wbxx_hal_msp.c ****     /* USER CODE BEGIN TIM2_MspDeInit 0 */
 392:Core/Src/stm32wbxx_hal_msp.c **** 
 393:Core/Src/stm32wbxx_hal_msp.c ****     /* USER CODE END TIM2_MspDeInit 0 */
 394:Core/Src/stm32wbxx_hal_msp.c ****     /* Peripheral clock disable */
 395:Core/Src/stm32wbxx_hal_msp.c ****     __HAL_RCC_TIM2_CLK_DISABLE();
 396:Core/Src/stm32wbxx_hal_msp.c ****     /* USER CODE BEGIN TIM2_MspDeInit 1 */
 397:Core/Src/stm32wbxx_hal_msp.c **** 
 398:Core/Src/stm32wbxx_hal_msp.c ****     /* USER CODE END TIM2_MspDeInit 1 */
 399:Core/Src/stm32wbxx_hal_msp.c ****   }
 400:Core/Src/stm32wbxx_hal_msp.c **** 
 401:Core/Src/stm32wbxx_hal_msp.c **** }
 927              		.loc 1 401 1 view .LVU238
 928 0010 08BD     		pop	{r3, pc}
 929              	.LVL64:
 930              	.L66:
 381:Core/Src/stm32wbxx_hal_msp.c **** 
 931              		.loc 1 381 5 is_stmt 1 view .LVU239
 932              	.LBB64:
 933              	.LBI64:
1328:Drivers/STM32WBxx_HAL_Driver/Inc/stm32wbxx_ll_bus.h **** {
 934              		.loc 2 1328 22 view .LVU240
 935              	.LBB65:
 936              		.loc 2 1330 3 view .LVU241
 937 0012 4FF0B042 		mov	r2, #1476395008
 938 0016 136E     		ldr	r3, [r2, #96]
 939 0018 23F40063 		bic	r3, r3, #2048
 940 001c 1366     		str	r3, [r2, #96]
 941              	.LVL65:
 942              		.loc 2 1330 3 is_stmt 0 view .LVU242
 943              	.LBE65:
 944              	.LBE64:
 384:Core/Src/stm32wbxx_hal_msp.c ****     /* USER CODE BEGIN TIM1_MspDeInit 1 */
 945              		.loc 1 384 5 is_stmt 1 view .LVU243
 946 001e 1920     		movs	r0, #25
 947              	.LVL66:
 384:Core/Src/stm32wbxx_hal_msp.c ****     /* USER CODE BEGIN TIM1_MspDeInit 1 */
 948              		.loc 1 384 5 is_stmt 0 view .LVU244
 949 0020 FFF7FEFF 		bl	HAL_NVIC_DisableIRQ
 950              	.LVL67:
 951 0024 F4E7     		b	.L62
ARM GAS  /var/folders/98/ctz5mtps7w71v8dr53cf5qg40000gn/T//ccj9u44I.s 			page 50


 952              	.LVL68:
 953              	.L67:
 395:Core/Src/stm32wbxx_hal_msp.c ****     /* USER CODE BEGIN TIM2_MspDeInit 1 */
 954              		.loc 1 395 5 is_stmt 1 view .LVU245
 955              	.LBB66:
 956              	.LBI66:
1038:Drivers/STM32WBxx_HAL_Driver/Inc/stm32wbxx_ll_bus.h **** {
 957              		.loc 2 1038 22 view .LVU246
 958              	.LBB67:
1040:Drivers/STM32WBxx_HAL_Driver/Inc/stm32wbxx_ll_bus.h **** }
 959              		.loc 2 1040 3 view .LVU247
 960 0026 4FF0B042 		mov	r2, #1476395008
 961 002a 936D     		ldr	r3, [r2, #88]
 962 002c 23F00103 		bic	r3, r3, #1
 963 0030 9365     		str	r3, [r2, #88]
 964              	.LVL69:
1040:Drivers/STM32WBxx_HAL_Driver/Inc/stm32wbxx_ll_bus.h **** }
 965              		.loc 2 1040 3 is_stmt 0 view .LVU248
 966              	.LBE67:
 967              	.LBE66:
 968              		.loc 1 401 1 view .LVU249
 969 0032 EDE7     		b	.L62
 970              	.L69:
 971              		.align	2
 972              	.L68:
 973 0034 002C0140 		.word	1073818624
 974              		.cfi_endproc
 975              	.LFE959:
 977              		.section	.text.HAL_UART_MspInit,"ax",%progbits
 978              		.align	1
 979              		.global	HAL_UART_MspInit
 980              		.syntax unified
 981              		.thumb
 982              		.thumb_func
 984              	HAL_UART_MspInit:
 985              	.LVL70:
 986              	.LFB960:
 402:Core/Src/stm32wbxx_hal_msp.c **** 
 403:Core/Src/stm32wbxx_hal_msp.c **** /**
 404:Core/Src/stm32wbxx_hal_msp.c ****   * @brief UART MSP Initialization
 405:Core/Src/stm32wbxx_hal_msp.c ****   * This function configures the hardware resources used in this example
 406:Core/Src/stm32wbxx_hal_msp.c ****   * @param huart: UART handle pointer
 407:Core/Src/stm32wbxx_hal_msp.c ****   * @retval None
 408:Core/Src/stm32wbxx_hal_msp.c ****   */
 409:Core/Src/stm32wbxx_hal_msp.c **** void HAL_UART_MspInit(UART_HandleTypeDef* huart)
 410:Core/Src/stm32wbxx_hal_msp.c **** {
 987              		.loc 1 410 1 is_stmt 1 view -0
 988              		.cfi_startproc
 989              		@ args = 0, pretend = 0, frame = 112
 990              		@ frame_needed = 0, uses_anonymous_args = 0
 991              		.loc 1 410 1 is_stmt 0 view .LVU251
 992 0000 10B5     		push	{r4, lr}
 993              	.LCFI24:
 994              		.cfi_def_cfa_offset 8
 995              		.cfi_offset 4, -8
 996              		.cfi_offset 14, -4
 997 0002 9CB0     		sub	sp, sp, #112
ARM GAS  /var/folders/98/ctz5mtps7w71v8dr53cf5qg40000gn/T//ccj9u44I.s 			page 51


 998              	.LCFI25:
 999              		.cfi_def_cfa_offset 120
 1000 0004 0446     		mov	r4, r0
 411:Core/Src/stm32wbxx_hal_msp.c ****   GPIO_InitTypeDef GPIO_InitStruct = {0};
 1001              		.loc 1 411 3 is_stmt 1 view .LVU252
 1002              		.loc 1 411 20 is_stmt 0 view .LVU253
 1003 0006 0021     		movs	r1, #0
 1004 0008 1791     		str	r1, [sp, #92]
 1005 000a 1891     		str	r1, [sp, #96]
 1006 000c 1991     		str	r1, [sp, #100]
 1007 000e 1A91     		str	r1, [sp, #104]
 1008 0010 1B91     		str	r1, [sp, #108]
 412:Core/Src/stm32wbxx_hal_msp.c ****   RCC_PeriphCLKInitTypeDef PeriphClkInitStruct = {0};
 1009              		.loc 1 412 3 is_stmt 1 view .LVU254
 1010              		.loc 1 412 28 is_stmt 0 view .LVU255
 1011 0012 5022     		movs	r2, #80
 1012 0014 03A8     		add	r0, sp, #12
 1013              	.LVL71:
 1014              		.loc 1 412 28 view .LVU256
 1015 0016 FFF7FEFF 		bl	memset
 1016              	.LVL72:
 413:Core/Src/stm32wbxx_hal_msp.c ****   if(huart->Instance==USART1)
 1017              		.loc 1 413 3 is_stmt 1 view .LVU257
 1018              		.loc 1 413 11 is_stmt 0 view .LVU258
 1019 001a 2268     		ldr	r2, [r4]
 1020              		.loc 1 413 5 view .LVU259
 1021 001c 174B     		ldr	r3, .L76
 1022 001e 9A42     		cmp	r2, r3
 1023 0020 01D0     		beq	.L74
 1024              	.L70:
 414:Core/Src/stm32wbxx_hal_msp.c ****   {
 415:Core/Src/stm32wbxx_hal_msp.c ****     /* USER CODE BEGIN USART1_MspInit 0 */
 416:Core/Src/stm32wbxx_hal_msp.c **** 
 417:Core/Src/stm32wbxx_hal_msp.c ****     /* USER CODE END USART1_MspInit 0 */
 418:Core/Src/stm32wbxx_hal_msp.c **** 
 419:Core/Src/stm32wbxx_hal_msp.c ****   /** Initializes the peripherals clock
 420:Core/Src/stm32wbxx_hal_msp.c ****   */
 421:Core/Src/stm32wbxx_hal_msp.c ****     PeriphClkInitStruct.PeriphClockSelection = RCC_PERIPHCLK_USART1;
 422:Core/Src/stm32wbxx_hal_msp.c ****     PeriphClkInitStruct.Usart1ClockSelection = RCC_USART1CLKSOURCE_PCLK2;
 423:Core/Src/stm32wbxx_hal_msp.c ****     if (HAL_RCCEx_PeriphCLKConfig(&PeriphClkInitStruct) != HAL_OK)
 424:Core/Src/stm32wbxx_hal_msp.c ****     {
 425:Core/Src/stm32wbxx_hal_msp.c ****       Error_Handler();
 426:Core/Src/stm32wbxx_hal_msp.c ****     }
 427:Core/Src/stm32wbxx_hal_msp.c **** 
 428:Core/Src/stm32wbxx_hal_msp.c ****     /* Peripheral clock enable */
 429:Core/Src/stm32wbxx_hal_msp.c ****     __HAL_RCC_USART1_CLK_ENABLE();
 430:Core/Src/stm32wbxx_hal_msp.c **** 
 431:Core/Src/stm32wbxx_hal_msp.c ****     __HAL_RCC_GPIOB_CLK_ENABLE();
 432:Core/Src/stm32wbxx_hal_msp.c ****     /**USART1 GPIO Configuration
 433:Core/Src/stm32wbxx_hal_msp.c ****     PB6     ------> USART1_TX
 434:Core/Src/stm32wbxx_hal_msp.c ****     PB7     ------> USART1_RX
 435:Core/Src/stm32wbxx_hal_msp.c ****     */
 436:Core/Src/stm32wbxx_hal_msp.c ****     GPIO_InitStruct.Pin = GPIO_PIN_6|GPIO_PIN_7;
 437:Core/Src/stm32wbxx_hal_msp.c ****     GPIO_InitStruct.Mode = GPIO_MODE_AF_PP;
 438:Core/Src/stm32wbxx_hal_msp.c ****     GPIO_InitStruct.Pull = GPIO_NOPULL;
 439:Core/Src/stm32wbxx_hal_msp.c ****     GPIO_InitStruct.Speed = GPIO_SPEED_FREQ_LOW;
 440:Core/Src/stm32wbxx_hal_msp.c ****     GPIO_InitStruct.Alternate = GPIO_AF7_USART1;
ARM GAS  /var/folders/98/ctz5mtps7w71v8dr53cf5qg40000gn/T//ccj9u44I.s 			page 52


 441:Core/Src/stm32wbxx_hal_msp.c ****     HAL_GPIO_Init(GPIOB, &GPIO_InitStruct);
 442:Core/Src/stm32wbxx_hal_msp.c **** 
 443:Core/Src/stm32wbxx_hal_msp.c ****     /* USER CODE BEGIN USART1_MspInit 1 */
 444:Core/Src/stm32wbxx_hal_msp.c **** 
 445:Core/Src/stm32wbxx_hal_msp.c ****     /* USER CODE END USART1_MspInit 1 */
 446:Core/Src/stm32wbxx_hal_msp.c **** 
 447:Core/Src/stm32wbxx_hal_msp.c ****   }
 448:Core/Src/stm32wbxx_hal_msp.c **** 
 449:Core/Src/stm32wbxx_hal_msp.c **** }
 1025              		.loc 1 449 1 view .LVU260
 1026 0022 1CB0     		add	sp, sp, #112
 1027              	.LCFI26:
 1028              		.cfi_remember_state
 1029              		.cfi_def_cfa_offset 8
 1030              		@ sp needed
 1031 0024 10BD     		pop	{r4, pc}
 1032              	.LVL73:
 1033              	.L74:
 1034              	.LCFI27:
 1035              		.cfi_restore_state
 421:Core/Src/stm32wbxx_hal_msp.c ****     PeriphClkInitStruct.Usart1ClockSelection = RCC_USART1CLKSOURCE_PCLK2;
 1036              		.loc 1 421 5 is_stmt 1 view .LVU261
 421:Core/Src/stm32wbxx_hal_msp.c ****     PeriphClkInitStruct.Usart1ClockSelection = RCC_USART1CLKSOURCE_PCLK2;
 1037              		.loc 1 421 46 is_stmt 0 view .LVU262
 1038 0026 0123     		movs	r3, #1
 1039 0028 0393     		str	r3, [sp, #12]
 422:Core/Src/stm32wbxx_hal_msp.c ****     if (HAL_RCCEx_PeriphCLKConfig(&PeriphClkInitStruct) != HAL_OK)
 1040              		.loc 1 422 5 is_stmt 1 view .LVU263
 423:Core/Src/stm32wbxx_hal_msp.c ****     {
 1041              		.loc 1 423 5 view .LVU264
 423:Core/Src/stm32wbxx_hal_msp.c ****     {
 1042              		.loc 1 423 9 is_stmt 0 view .LVU265
 1043 002a 03A8     		add	r0, sp, #12
 1044 002c FFF7FEFF 		bl	HAL_RCCEx_PeriphCLKConfig
 1045              	.LVL74:
 423:Core/Src/stm32wbxx_hal_msp.c ****     {
 1046              		.loc 1 423 8 discriminator 1 view .LVU266
 1047 0030 08BB     		cbnz	r0, .L75
 1048              	.L72:
 429:Core/Src/stm32wbxx_hal_msp.c **** 
 1049              		.loc 1 429 5 is_stmt 1 view .LVU267
 1050              	.LVL75:
 1051              	.LBB68:
 1052              	.LBI68:
1274:Drivers/STM32WBxx_HAL_Driver/Inc/stm32wbxx_ll_bus.h **** {
 1053              		.loc 2 1274 22 view .LVU268
 1054              	.LBB69:
1276:Drivers/STM32WBxx_HAL_Driver/Inc/stm32wbxx_ll_bus.h ****   SET_BIT(RCC->APB2ENR, Periphs);
 1055              		.loc 2 1276 3 view .LVU269
1277:Drivers/STM32WBxx_HAL_Driver/Inc/stm32wbxx_ll_bus.h ****   /* Delay after an RCC peripheral clock enabling */
 1056              		.loc 2 1277 3 view .LVU270
 1057 0032 4FF0B043 		mov	r3, #1476395008
 1058 0036 1A6E     		ldr	r2, [r3, #96]
 1059 0038 42F48042 		orr	r2, r2, #16384
 1060 003c 1A66     		str	r2, [r3, #96]
1279:Drivers/STM32WBxx_HAL_Driver/Inc/stm32wbxx_ll_bus.h ****   (void)tmpreg;
 1061              		.loc 2 1279 3 view .LVU271
ARM GAS  /var/folders/98/ctz5mtps7w71v8dr53cf5qg40000gn/T//ccj9u44I.s 			page 53


1279:Drivers/STM32WBxx_HAL_Driver/Inc/stm32wbxx_ll_bus.h ****   (void)tmpreg;
 1062              		.loc 2 1279 12 is_stmt 0 view .LVU272
 1063 003e 1A6E     		ldr	r2, [r3, #96]
 1064 0040 02F48042 		and	r2, r2, #16384
1279:Drivers/STM32WBxx_HAL_Driver/Inc/stm32wbxx_ll_bus.h ****   (void)tmpreg;
 1065              		.loc 2 1279 10 view .LVU273
 1066 0044 0292     		str	r2, [sp, #8]
1280:Drivers/STM32WBxx_HAL_Driver/Inc/stm32wbxx_ll_bus.h **** }
 1067              		.loc 2 1280 3 is_stmt 1 view .LVU274
 1068 0046 029A     		ldr	r2, [sp, #8]
 1069              	.LVL76:
1280:Drivers/STM32WBxx_HAL_Driver/Inc/stm32wbxx_ll_bus.h **** }
 1070              		.loc 2 1280 3 is_stmt 0 view .LVU275
 1071              	.LBE69:
 1072              	.LBE68:
 431:Core/Src/stm32wbxx_hal_msp.c ****     /**USART1 GPIO Configuration
 1073              		.loc 1 431 5 is_stmt 1 view .LVU276
 1074              	.LBB70:
 1075              	.LBI70:
 539:Drivers/STM32WBxx_HAL_Driver/Inc/stm32wbxx_ll_bus.h **** {
 1076              		.loc 2 539 22 view .LVU277
 1077              	.LBB71:
 541:Drivers/STM32WBxx_HAL_Driver/Inc/stm32wbxx_ll_bus.h ****   SET_BIT(RCC->AHB2ENR, Periphs);
 1078              		.loc 2 541 3 view .LVU278
 542:Drivers/STM32WBxx_HAL_Driver/Inc/stm32wbxx_ll_bus.h ****   /* Delay after an RCC peripheral clock enabling */
 1079              		.loc 2 542 3 view .LVU279
 1080 0048 DA6C     		ldr	r2, [r3, #76]
 1081 004a 42F00202 		orr	r2, r2, #2
 1082 004e DA64     		str	r2, [r3, #76]
 544:Drivers/STM32WBxx_HAL_Driver/Inc/stm32wbxx_ll_bus.h ****   (void)tmpreg;
 1083              		.loc 2 544 3 view .LVU280
 544:Drivers/STM32WBxx_HAL_Driver/Inc/stm32wbxx_ll_bus.h ****   (void)tmpreg;
 1084              		.loc 2 544 12 is_stmt 0 view .LVU281
 1085 0050 DB6C     		ldr	r3, [r3, #76]
 1086 0052 03F00203 		and	r3, r3, #2
 544:Drivers/STM32WBxx_HAL_Driver/Inc/stm32wbxx_ll_bus.h ****   (void)tmpreg;
 1087              		.loc 2 544 10 view .LVU282
 1088 0056 0193     		str	r3, [sp, #4]
 545:Drivers/STM32WBxx_HAL_Driver/Inc/stm32wbxx_ll_bus.h **** }
 1089              		.loc 2 545 3 is_stmt 1 view .LVU283
 1090 0058 019B     		ldr	r3, [sp, #4]
 1091              	.LVL77:
 545:Drivers/STM32WBxx_HAL_Driver/Inc/stm32wbxx_ll_bus.h **** }
 1092              		.loc 2 545 3 is_stmt 0 view .LVU284
 1093              	.LBE71:
 1094              	.LBE70:
 436:Core/Src/stm32wbxx_hal_msp.c ****     GPIO_InitStruct.Mode = GPIO_MODE_AF_PP;
 1095              		.loc 1 436 5 is_stmt 1 view .LVU285
 436:Core/Src/stm32wbxx_hal_msp.c ****     GPIO_InitStruct.Mode = GPIO_MODE_AF_PP;
 1096              		.loc 1 436 25 is_stmt 0 view .LVU286
 1097 005a C023     		movs	r3, #192
 1098 005c 1793     		str	r3, [sp, #92]
 437:Core/Src/stm32wbxx_hal_msp.c ****     GPIO_InitStruct.Pull = GPIO_NOPULL;
 1099              		.loc 1 437 5 is_stmt 1 view .LVU287
 437:Core/Src/stm32wbxx_hal_msp.c ****     GPIO_InitStruct.Pull = GPIO_NOPULL;
 1100              		.loc 1 437 26 is_stmt 0 view .LVU288
 1101 005e 0223     		movs	r3, #2
ARM GAS  /var/folders/98/ctz5mtps7w71v8dr53cf5qg40000gn/T//ccj9u44I.s 			page 54


 1102 0060 1893     		str	r3, [sp, #96]
 438:Core/Src/stm32wbxx_hal_msp.c ****     GPIO_InitStruct.Speed = GPIO_SPEED_FREQ_LOW;
 1103              		.loc 1 438 5 is_stmt 1 view .LVU289
 438:Core/Src/stm32wbxx_hal_msp.c ****     GPIO_InitStruct.Speed = GPIO_SPEED_FREQ_LOW;
 1104              		.loc 1 438 26 is_stmt 0 view .LVU290
 1105 0062 0023     		movs	r3, #0
 1106 0064 1993     		str	r3, [sp, #100]
 439:Core/Src/stm32wbxx_hal_msp.c ****     GPIO_InitStruct.Alternate = GPIO_AF7_USART1;
 1107              		.loc 1 439 5 is_stmt 1 view .LVU291
 439:Core/Src/stm32wbxx_hal_msp.c ****     GPIO_InitStruct.Alternate = GPIO_AF7_USART1;
 1108              		.loc 1 439 27 is_stmt 0 view .LVU292
 1109 0066 1A93     		str	r3, [sp, #104]
 440:Core/Src/stm32wbxx_hal_msp.c ****     HAL_GPIO_Init(GPIOB, &GPIO_InitStruct);
 1110              		.loc 1 440 5 is_stmt 1 view .LVU293
 440:Core/Src/stm32wbxx_hal_msp.c ****     HAL_GPIO_Init(GPIOB, &GPIO_InitStruct);
 1111              		.loc 1 440 31 is_stmt 0 view .LVU294
 1112 0068 0723     		movs	r3, #7
 1113 006a 1B93     		str	r3, [sp, #108]
 441:Core/Src/stm32wbxx_hal_msp.c **** 
 1114              		.loc 1 441 5 is_stmt 1 view .LVU295
 1115 006c 17A9     		add	r1, sp, #92
 1116 006e 0448     		ldr	r0, .L76+4
 1117 0070 FFF7FEFF 		bl	HAL_GPIO_Init
 1118              	.LVL78:
 1119              		.loc 1 449 1 is_stmt 0 view .LVU296
 1120 0074 D5E7     		b	.L70
 1121              	.L75:
 425:Core/Src/stm32wbxx_hal_msp.c ****     }
 1122              		.loc 1 425 7 is_stmt 1 view .LVU297
 1123 0076 FFF7FEFF 		bl	Error_Handler
 1124              	.LVL79:
 1125 007a DAE7     		b	.L72
 1126              	.L77:
 1127              		.align	2
 1128              	.L76:
 1129 007c 00380140 		.word	1073821696
 1130 0080 00040048 		.word	1207960576
 1131              		.cfi_endproc
 1132              	.LFE960:
 1134              		.section	.text.HAL_UART_MspDeInit,"ax",%progbits
 1135              		.align	1
 1136              		.global	HAL_UART_MspDeInit
 1137              		.syntax unified
 1138              		.thumb
 1139              		.thumb_func
 1141              	HAL_UART_MspDeInit:
 1142              	.LVL80:
 1143              	.LFB961:
 450:Core/Src/stm32wbxx_hal_msp.c **** 
 451:Core/Src/stm32wbxx_hal_msp.c **** /**
 452:Core/Src/stm32wbxx_hal_msp.c ****   * @brief UART MSP De-Initialization
 453:Core/Src/stm32wbxx_hal_msp.c ****   * This function freeze the hardware resources used in this example
 454:Core/Src/stm32wbxx_hal_msp.c ****   * @param huart: UART handle pointer
 455:Core/Src/stm32wbxx_hal_msp.c ****   * @retval None
 456:Core/Src/stm32wbxx_hal_msp.c ****   */
 457:Core/Src/stm32wbxx_hal_msp.c **** void HAL_UART_MspDeInit(UART_HandleTypeDef* huart)
 458:Core/Src/stm32wbxx_hal_msp.c **** {
ARM GAS  /var/folders/98/ctz5mtps7w71v8dr53cf5qg40000gn/T//ccj9u44I.s 			page 55


 1144              		.loc 1 458 1 view -0
 1145              		.cfi_startproc
 1146              		@ args = 0, pretend = 0, frame = 0
 1147              		@ frame_needed = 0, uses_anonymous_args = 0
 1148              		.loc 1 458 1 is_stmt 0 view .LVU299
 1149 0000 08B5     		push	{r3, lr}
 1150              	.LCFI28:
 1151              		.cfi_def_cfa_offset 8
 1152              		.cfi_offset 3, -8
 1153              		.cfi_offset 14, -4
 459:Core/Src/stm32wbxx_hal_msp.c ****   if(huart->Instance==USART1)
 1154              		.loc 1 459 3 is_stmt 1 view .LVU300
 1155              		.loc 1 459 11 is_stmt 0 view .LVU301
 1156 0002 0268     		ldr	r2, [r0]
 1157              		.loc 1 459 5 view .LVU302
 1158 0004 074B     		ldr	r3, .L82
 1159 0006 9A42     		cmp	r2, r3
 1160 0008 00D0     		beq	.L81
 1161              	.LVL81:
 1162              	.L78:
 460:Core/Src/stm32wbxx_hal_msp.c ****   {
 461:Core/Src/stm32wbxx_hal_msp.c ****     /* USER CODE BEGIN USART1_MspDeInit 0 */
 462:Core/Src/stm32wbxx_hal_msp.c **** 
 463:Core/Src/stm32wbxx_hal_msp.c ****     /* USER CODE END USART1_MspDeInit 0 */
 464:Core/Src/stm32wbxx_hal_msp.c ****     /* Peripheral clock disable */
 465:Core/Src/stm32wbxx_hal_msp.c ****     __HAL_RCC_USART1_CLK_DISABLE();
 466:Core/Src/stm32wbxx_hal_msp.c **** 
 467:Core/Src/stm32wbxx_hal_msp.c ****     /**USART1 GPIO Configuration
 468:Core/Src/stm32wbxx_hal_msp.c ****     PB6     ------> USART1_TX
 469:Core/Src/stm32wbxx_hal_msp.c ****     PB7     ------> USART1_RX
 470:Core/Src/stm32wbxx_hal_msp.c ****     */
 471:Core/Src/stm32wbxx_hal_msp.c ****     HAL_GPIO_DeInit(GPIOB, GPIO_PIN_6|GPIO_PIN_7);
 472:Core/Src/stm32wbxx_hal_msp.c **** 
 473:Core/Src/stm32wbxx_hal_msp.c ****     /* USER CODE BEGIN USART1_MspDeInit 1 */
 474:Core/Src/stm32wbxx_hal_msp.c **** 
 475:Core/Src/stm32wbxx_hal_msp.c ****     /* USER CODE END USART1_MspDeInit 1 */
 476:Core/Src/stm32wbxx_hal_msp.c ****   }
 477:Core/Src/stm32wbxx_hal_msp.c **** 
 478:Core/Src/stm32wbxx_hal_msp.c **** }
 1163              		.loc 1 478 1 view .LVU303
 1164 000a 08BD     		pop	{r3, pc}
 1165              	.LVL82:
 1166              	.L81:
 465:Core/Src/stm32wbxx_hal_msp.c **** 
 1167              		.loc 1 465 5 is_stmt 1 view .LVU304
 1168              	.LBB72:
 1169              	.LBI72:
1328:Drivers/STM32WBxx_HAL_Driver/Inc/stm32wbxx_ll_bus.h **** {
 1170              		.loc 2 1328 22 view .LVU305
 1171              	.LBB73:
 1172              		.loc 2 1330 3 view .LVU306
 1173 000c 4FF0B042 		mov	r2, #1476395008
 1174 0010 136E     		ldr	r3, [r2, #96]
 1175 0012 23F48043 		bic	r3, r3, #16384
 1176 0016 1366     		str	r3, [r2, #96]
 1177              	.LVL83:
 1178              		.loc 2 1330 3 is_stmt 0 view .LVU307
ARM GAS  /var/folders/98/ctz5mtps7w71v8dr53cf5qg40000gn/T//ccj9u44I.s 			page 56


 1179              	.LBE73:
 1180              	.LBE72:
 471:Core/Src/stm32wbxx_hal_msp.c **** 
 1181              		.loc 1 471 5 is_stmt 1 view .LVU308
 1182 0018 C021     		movs	r1, #192
 1183 001a 0348     		ldr	r0, .L82+4
 1184              	.LVL84:
 471:Core/Src/stm32wbxx_hal_msp.c **** 
 1185              		.loc 1 471 5 is_stmt 0 view .LVU309
 1186 001c FFF7FEFF 		bl	HAL_GPIO_DeInit
 1187              	.LVL85:
 1188              		.loc 1 478 1 view .LVU310
 1189 0020 F3E7     		b	.L78
 1190              	.L83:
 1191 0022 00BF     		.align	2
 1192              	.L82:
 1193 0024 00380140 		.word	1073821696
 1194 0028 00040048 		.word	1207960576
 1195              		.cfi_endproc
 1196              	.LFE961:
 1198              		.text
 1199              	.Letext0:
 1200              		.file 3 "Drivers/CMSIS/Device/ST/STM32WBxx/Include/stm32wb55xx.h"
 1201              		.file 4 "/Users/yevhenvazhynskyi/Drivers/arm-gnu-toolchain-14.2.rel1-darwin-arm64-arm-none-eabi/ar
 1202              		.file 5 "/Users/yevhenvazhynskyi/Drivers/arm-gnu-toolchain-14.2.rel1-darwin-arm64-arm-none-eabi/ar
 1203              		.file 6 "Drivers/STM32WBxx_HAL_Driver/Inc/stm32wbxx_hal_def.h"
 1204              		.file 7 "Drivers/STM32WBxx_HAL_Driver/Inc/stm32wbxx_hal_dma.h"
 1205              		.file 8 "Drivers/STM32WBxx_HAL_Driver/Inc/stm32wbxx_hal_gpio.h"
 1206              		.file 9 "Drivers/STM32WBxx_HAL_Driver/Inc/stm32wbxx_hal_i2c.h"
 1207              		.file 10 "Drivers/STM32WBxx_HAL_Driver/Inc/stm32wbxx_hal_ipcc.h"
 1208              		.file 11 "Drivers/STM32WBxx_HAL_Driver/Inc/stm32wbxx_hal_rcc_ex.h"
 1209              		.file 12 "Drivers/STM32WBxx_HAL_Driver/Inc/stm32wbxx_hal_spi.h"
 1210              		.file 13 "Drivers/STM32WBxx_HAL_Driver/Inc/stm32wbxx_hal_tim.h"
 1211              		.file 14 "Drivers/STM32WBxx_HAL_Driver/Inc/stm32wbxx_hal_uart.h"
 1212              		.file 15 "Drivers/STM32WBxx_HAL_Driver/Inc/stm32wbxx_hal_cortex.h"
 1213              		.file 16 "Core/Inc/main.h"
 1214              		.file 17 "<built-in>"
ARM GAS  /var/folders/98/ctz5mtps7w71v8dr53cf5qg40000gn/T//ccj9u44I.s 			page 57


DEFINED SYMBOLS
                            *ABS*:00000000 stm32wbxx_hal_msp.c
/var/folders/98/ctz5mtps7w71v8dr53cf5qg40000gn/T//ccj9u44I.s:21     .text.HAL_MspInit:00000000 $t
/var/folders/98/ctz5mtps7w71v8dr53cf5qg40000gn/T//ccj9u44I.s:27     .text.HAL_MspInit:00000000 HAL_MspInit
/var/folders/98/ctz5mtps7w71v8dr53cf5qg40000gn/T//ccj9u44I.s:91     .text.HAL_I2C_MspInit:00000000 $t
/var/folders/98/ctz5mtps7w71v8dr53cf5qg40000gn/T//ccj9u44I.s:97     .text.HAL_I2C_MspInit:00000000 HAL_I2C_MspInit
/var/folders/98/ctz5mtps7w71v8dr53cf5qg40000gn/T//ccj9u44I.s:249    .text.HAL_I2C_MspInit:00000084 $d
/var/folders/98/ctz5mtps7w71v8dr53cf5qg40000gn/T//ccj9u44I.s:255    .text.HAL_I2C_MspDeInit:00000000 $t
/var/folders/98/ctz5mtps7w71v8dr53cf5qg40000gn/T//ccj9u44I.s:261    .text.HAL_I2C_MspDeInit:00000000 HAL_I2C_MspDeInit
/var/folders/98/ctz5mtps7w71v8dr53cf5qg40000gn/T//ccj9u44I.s:316    .text.HAL_I2C_MspDeInit:00000030 $d
/var/folders/98/ctz5mtps7w71v8dr53cf5qg40000gn/T//ccj9u44I.s:322    .text.HAL_IPCC_MspInit:00000000 $t
/var/folders/98/ctz5mtps7w71v8dr53cf5qg40000gn/T//ccj9u44I.s:328    .text.HAL_IPCC_MspInit:00000000 HAL_IPCC_MspInit
/var/folders/98/ctz5mtps7w71v8dr53cf5qg40000gn/T//ccj9u44I.s:382    .text.HAL_IPCC_MspInit:00000028 $d
/var/folders/98/ctz5mtps7w71v8dr53cf5qg40000gn/T//ccj9u44I.s:387    .text.HAL_IPCC_MspDeInit:00000000 $t
/var/folders/98/ctz5mtps7w71v8dr53cf5qg40000gn/T//ccj9u44I.s:393    .text.HAL_IPCC_MspDeInit:00000000 HAL_IPCC_MspDeInit
/var/folders/98/ctz5mtps7w71v8dr53cf5qg40000gn/T//ccj9u44I.s:432    .text.HAL_IPCC_MspDeInit:00000018 $d
/var/folders/98/ctz5mtps7w71v8dr53cf5qg40000gn/T//ccj9u44I.s:437    .text.HAL_SPI_MspInit:00000000 $t
/var/folders/98/ctz5mtps7w71v8dr53cf5qg40000gn/T//ccj9u44I.s:443    .text.HAL_SPI_MspInit:00000000 HAL_SPI_MspInit
/var/folders/98/ctz5mtps7w71v8dr53cf5qg40000gn/T//ccj9u44I.s:557    .text.HAL_SPI_MspInit:00000060 $d
/var/folders/98/ctz5mtps7w71v8dr53cf5qg40000gn/T//ccj9u44I.s:562    .text.HAL_SPI_MspDeInit:00000000 $t
/var/folders/98/ctz5mtps7w71v8dr53cf5qg40000gn/T//ccj9u44I.s:568    .text.HAL_SPI_MspDeInit:00000000 HAL_SPI_MspDeInit
/var/folders/98/ctz5mtps7w71v8dr53cf5qg40000gn/T//ccj9u44I.s:620    .text.HAL_SPI_MspDeInit:00000024 $d
/var/folders/98/ctz5mtps7w71v8dr53cf5qg40000gn/T//ccj9u44I.s:625    .text.HAL_TIM_PWM_MspInit:00000000 $t
/var/folders/98/ctz5mtps7w71v8dr53cf5qg40000gn/T//ccj9u44I.s:631    .text.HAL_TIM_PWM_MspInit:00000000 HAL_TIM_PWM_MspInit
/var/folders/98/ctz5mtps7w71v8dr53cf5qg40000gn/T//ccj9u44I.s:736    .text.HAL_TIM_PWM_MspInit:00000058 $d
/var/folders/98/ctz5mtps7w71v8dr53cf5qg40000gn/T//ccj9u44I.s:741    .text.HAL_TIM_MspPostInit:00000000 $t
/var/folders/98/ctz5mtps7w71v8dr53cf5qg40000gn/T//ccj9u44I.s:747    .text.HAL_TIM_MspPostInit:00000000 HAL_TIM_MspPostInit
/var/folders/98/ctz5mtps7w71v8dr53cf5qg40000gn/T//ccj9u44I.s:890    .text.HAL_TIM_MspPostInit:00000084 $d
/var/folders/98/ctz5mtps7w71v8dr53cf5qg40000gn/T//ccj9u44I.s:895    .text.HAL_TIM_PWM_MspDeInit:00000000 $t
/var/folders/98/ctz5mtps7w71v8dr53cf5qg40000gn/T//ccj9u44I.s:901    .text.HAL_TIM_PWM_MspDeInit:00000000 HAL_TIM_PWM_MspDeInit
/var/folders/98/ctz5mtps7w71v8dr53cf5qg40000gn/T//ccj9u44I.s:973    .text.HAL_TIM_PWM_MspDeInit:00000034 $d
/var/folders/98/ctz5mtps7w71v8dr53cf5qg40000gn/T//ccj9u44I.s:978    .text.HAL_UART_MspInit:00000000 $t
/var/folders/98/ctz5mtps7w71v8dr53cf5qg40000gn/T//ccj9u44I.s:984    .text.HAL_UART_MspInit:00000000 HAL_UART_MspInit
/var/folders/98/ctz5mtps7w71v8dr53cf5qg40000gn/T//ccj9u44I.s:1129   .text.HAL_UART_MspInit:0000007c $d
/var/folders/98/ctz5mtps7w71v8dr53cf5qg40000gn/T//ccj9u44I.s:1135   .text.HAL_UART_MspDeInit:00000000 $t
/var/folders/98/ctz5mtps7w71v8dr53cf5qg40000gn/T//ccj9u44I.s:1141   .text.HAL_UART_MspDeInit:00000000 HAL_UART_MspDeInit
/var/folders/98/ctz5mtps7w71v8dr53cf5qg40000gn/T//ccj9u44I.s:1193   .text.HAL_UART_MspDeInit:00000024 $d

UNDEFINED SYMBOLS
HAL_NVIC_SetPriority
HAL_NVIC_EnableIRQ
memset
HAL_RCCEx_PeriphCLKConfig
HAL_GPIO_Init
Error_Handler
HAL_GPIO_DeInit
HAL_NVIC_DisableIRQ
